load_id,date,fold,equipment,distance,actual_rate,lightgbm_prediction,catboost_prediction,ensemble_prediction,absolute_error
TR-033719,2025-08-01,august,Dry Van,366.2,867.62,876.7205326059928,875.8522547169925,876.2863936614926,8.666393661492634
TR-033720,2025-08-01,august,Flatbed,777.4,1789.0,1748.3245504804802,1702.8599306582491,1725.5922405693645,63.40775943063545
TR-033721,2025-08-01,august,Dry Van,1170.2,2403.16,2425.5896538394027,2361.1483421955936,2393.368998017498,9.791001982501712
TR-033722,2025-08-01,august,Dry Van,2634.1,4722.42,4911.94836763118,4813.033976301793,4862.491171966487,140.07117196648687
TR-033723,2025-08-01,august,Dry Van,108.2,276.48,282.5445188880354,258.77397283887035,270.65924586345284,5.82075413654718
TR-033724,2025-08-01,august,Reefer,502.5,1243.65,1219.993811322952,1229.9764041479898,1224.985107735471,18.664892264529044
TR-033725,2025-08-01,august,Reefer,742.0,1664.84,1676.2131611825398,1672.353464589552,1674.283312886046,9.443312886045987
TR-033726,2025-08-01,august,Dry Van,570.0,1286.77,1285.6350968299143,1295.234158214405,1290.4346275221596,3.6646275221596625
TR-033727,2025-08-01,august,Dry Van,1917.0,3475.19,3516.421900481602,3493.4036767964344,3504.912788639018,29.722788639017836
TR-033728,2025-08-01,august,Dry Van,2080.9,4007.13,4049.932714867952,4039.3374913253824,4044.635103096667,37.50510309666697
TR-033729,2025-08-01,august,Reefer,1124.0,2507.97,2482.247451888726,2487.3667302252893,2484.8070910570077,23.16290894299209
TR-033730,2025-08-01,august,Reefer,327.4,917.05,888.1458010342901,933.3314874749515,910.7386442546208,6.31135574537916
TR-033731,2025-08-01,august,Dry Van,1916.0,3562.11,3620.021639839028,3631.9350893403985,3625.9783645897132,63.86836458971311
TR-033732,2025-08-01,august,Flatbed,979.2,2197.15,2180.1738296123353,2192.176327428607,2186.1750785204713,10.974921479528803
TR-033733,2025-08-01,august,Flatbed,270.4,747.57,722.3678813945445,747.2503462760308,734.8091138352877,12.76088616471236
TR-033734,2025-08-01,august,Reefer,1148.6,2511.03,2547.592144579715,2549.8346884619427,2548.713416520829,37.683416520828814
TR-033735,2025-08-01,august,Reefer,396.2,1092.22,1051.158921071107,1079.9926903185287,1065.575805694818,26.644194305182054
TR-033736,2025-08-01,august,Dry Van,638.0,1331.9,1322.2155948858451,1308.7455542725788,1315.4805745792119,16.41942542078823
TR-033737,2025-08-01,august,Dry Van,1969.6,3634.84,3693.5358444897374,3751.362887778067,3722.449366133902,87.60936613390186
TR-033738,2025-08-01,august,Dry Van,260.0,606.35,598.2724528522481,605.1608162019611,601.7166345271046,4.633365472895434
TR-033739,2025-08-01,august,Dry Van,2071.8,3822.64,4022.7880982501733,4013.5207640524795,4018.154431151326,195.51443115132633
TR-033740,2025-08-01,august,Dry Van,336.7,830.35,809.1856377868291,829.4576064424725,819.3216221146508,11.028377885349187
TR-033741,2025-08-01,august,Dry Van,1414.8,2525.75,2699.747655364485,2720.799535849125,2710.273595606805,184.52359560680497
TR-033742,2025-08-01,august,Flatbed,1627.7,3472.54,3444.21134055162,3463.5285874557376,3453.869964003679,18.670035996321076
TR-033743,2025-08-01,august,Dry Van,1054.8,2215.04,2254.701123487719,2226.5158739358535,2240.6084987117865,25.56849871178656
TR-033744,2025-08-01,august,Reefer,2020.4,4279.06,4358.684775597125,4358.468604647922,4358.576690122523,79.51669012252296
TR-033745,2025-08-01,august,Reefer,434.7,1096.66,1098.8761237757556,1100.988880247451,1099.9325020116034,3.2725020116033647
TR-033746,2025-08-01,august,Dry Van,1047.5,2040.66,1995.7490588467488,1991.549051116579,1993.649054981664,47.01094501833609
TR-033747,2025-08-01,august,Dry Van,269.8,664.74,647.2282586931466,658.0860760360583,652.6571673646024,12.082832635397608
TR-033748,2025-08-01,august,Reefer,246.1,662.76,640.6546857748108,670.0528513183167,655.3537685465637,7.406231453436249
TR-033749,2025-08-01,august,Flatbed,931.3,2008.68,2036.3553639117397,2063.280922097592,2049.8181430046657,41.13814300466561
TR-033750,2025-08-01,august,Dry Van,1152.7,2234.64,2221.535303942632,2213.346793985878,2217.441048964255,17.198951035744813
TR-033751,2025-08-01,august,Dry Van,1329.6,2537.62,2559.6904655216636,2623.497375161988,2591.5939203418257,53.97392034182576
TR-033752,2025-08-01,august,Reefer,1906.2,4258.1,4263.742737442411,4269.230007640988,4266.4863725417,8.38637254169953
TR-033753,2025-08-01,august,Dry Van,1267.7,2474.08,2456.6997222550117,2399.2290211233903,2427.964371689201,46.11562831079891
TR-033754,2025-08-01,august,Dry Van,809.3,1809.03,1774.9874178009668,1813.274290282781,1794.130854041874,14.899145958125928
TR-033755,2025-08-01,august,Reefer,1867.8,3799.11,3974.2874095496454,3899.6857125600754,3936.9865610548604,137.8765610548603
TR-033756,2025-08-01,august,Dry Van,412.2,856.65,857.1713355456451,854.8453126005443,856.0083240730946,0.64167592690535
TR-033757,2025-08-01,august,Dry Van,1048.2,2136.44,2105.029635691872,2125.5705979585455,2115.3001168252085,21.13988317479152
TR-033758,2025-08-01,august,Dry Van,2119.4,3853.87,3892.1067081954693,3961.2390903539244,3926.6728992746966,72.80289927469676
TR-033759,2025-08-01,august,Dry Van,468.6,1090.79,1063.882517100453,1082.732596757035,1073.307556928744,17.482443071256057
TR-033760,2025-08-01,august,Reefer,2624.9,5143.64,5307.427458327641,5261.318105458526,5284.372781893084,140.73278189308348
TR-033761,2025-08-01,august,Reefer,1903.8,3967.88,3960.366719561681,3976.9614809030504,3968.664100232366,0.7841002323657449
TR-033762,2025-08-01,august,Reefer,887.5,2142.51,2114.68581153416,2101.987304492618,2108.336558013389,34.173441986611124
TR-033763,2025-08-01,august,Flatbed,1430.1,3074.49,3021.124926579882,3055.3937240438545,3038.2593253118685,36.23067468813133
TR-033764,2025-08-01,august,Reefer,1070.2,2482.57,2465.2195529183386,2484.8740367655028,2475.046794841921,7.523205158079236
TR-033765,2025-08-01,august,Dry Van,277.7,631.13,648.9821152991555,634.6669248557384,641.824520077447,10.69452007744701
TR-033766,2025-08-01,august,Reefer,1808.8,4026.23,4024.5261909419983,4084.4388380051673,4054.482514473583,28.252514473582778
TR-033767,2025-08-01,august,Dry Van,430.9,941.46,949.859212963367,948.4602693848444,949.1597411741056,7.699741174105611
TR-033768,2025-08-01,august,Dry Van,726.9,1457.24,1489.3771463537748,1503.8975557549961,1496.6373510543854,39.397351054385354
TR-033769,2025-08-01,august,Dry Van,1010.4,2057.39,2070.225107463396,2050.0410537432476,2060.133080603322,2.7430806033221415
TR-033770,2025-08-01,august,Reefer,265.3,236.48,682.4233479940268,714.3623305546698,698.3928392743483,461.91283927434824
TR-033771,2025-08-01,august,Dry Van,363.6,784.35,789.3597201273537,780.3423595047366,784.8510398160452,0.5010398160451359
TR-033772,2025-08-01,august,Dry Van,811.0,1659.97,1625.0939878171735,1662.4255028430912,1643.7597453301323,16.21025466986771
TR-033773,2025-08-01,august,Dry Van,998.4,1971.17,1948.910294991825,1960.0391594355476,1954.4747272136863,16.695272786313808
TR-033774,2025-08-01,august,Dry Van,711.5,1442.58,1433.8836030069353,1444.1877129724298,1439.0356579896825,3.5443420103174503
TR-033775,2025-08-01,august,Dry Van,1329.3,2610.45,2645.8529019239495,2608.8583729806373,2627.355637452293,16.905637452293377
TR-033776,2025-08-01,august,Flatbed,2256.5,4334.24,4401.461804685575,4380.125409470472,4390.793607078023,56.55360707802356
TR-033777,2025-08-01,august,Dry Van,2109.6,4004.31,3996.741645423925,4026.5189279668516,4011.6302866953883,7.320286695388404
TR-033778,2025-08-01,august,Reefer,1419.6,3317.04,3180.875900012775,3193.8115293288934,3187.3437146708343,129.69628532916568
TR-033779,2025-08-01,august,Dry Van,1382.7,2746.34,2796.101527632554,2735.2456669605635,2765.673597296559,19.333597296558764
TR-033780,2025-08-01,august,Reefer,615.2,1575.68,1608.689210843351,1603.2871186131551,1605.9881647282532,30.308164728253132
TR-033781,2025-08-01,august,Reefer,1638.6,3699.41,3674.4573422071303,3698.026966391998,3686.2421542995644,13.167845700435464
TR-033782,2025-08-01,august,Reefer,475.0,1220.53,1188.8335766689593,1178.455612759424,1183.6445947141915,36.885405285808474
TR-033783,2025-08-01,august,Dry Van,1446.8,2808.81,2763.4645939024044,2810.0042490247806,2786.7344214635923,22.075578536407647
TR-033784,2025-08-01,august,Reefer,278.6,780.13,746.8204132357924,758.7957813015184,752.8080972686555,27.321902731344494
TR-033785,2025-08-01,august,Dry Van,625.9,1304.64,1312.665469849833,1339.620286055398,1326.1428779526154,21.502877952615336
TR-033786,2025-08-01,august,Dry Van,943.4,1959.95,1928.1067830968993,1903.500017446792,1915.8034002718457,44.14659972815434
TR-033787,2025-08-01,august,Flatbed,193.9,539.38,545.1394129399906,574.6461928262274,559.892802883109,20.512802883108975
TR-033788,2025-08-01,august,Dry Van,2326.4,4168.16,4305.960997737054,4273.80986358732,4289.885430662187,121.72543066218714
TR-033789,2025-08-01,august,Flatbed,534.2,1257.53,1276.0442768946434,1245.0069608226,1260.5256188586218,2.9956188586218104
TR-033790,2025-08-01,august,Flatbed,138.3,400.5,379.1678191908282,416.244692339764,397.7062557652961,2.7937442347039223
TR-033791,2025-08-01,august,Dry Van,1004.2,2085.87,2147.6870792677532,2116.4488515385724,2132.067965403163,46.197965403162925
TR-033792,2025-08-01,august,Reefer,1320.8,3052.13,3037.3140875539257,2948.7814597572233,2993.0477736555745,59.082226344425635
TR-033793,2025-08-01,august,Dry Van,450.9,925.69,947.29519421358,939.5804310128437,943.4378126132119,17.747812613211863
TR-033794,2025-08-01,august,Dry Van,2083.1,3801.15,3914.0586714103915,3921.5081107830897,3917.7833910967406,116.63339109674052
TR-033795,2025-08-01,august,Reefer,911.2,2124.89,2151.2539233650655,2105.925076410525,2128.5894998877952,3.699499887795355
TR-033796,2025-08-01,august,Dry Van,2131.1,3882.94,3922.0507551314577,3877.4117093812574,3899.7312322563575,16.79123225635749
TR-033797,2025-08-01,august,Flatbed,469.7,1166.72,1163.1092609573445,1150.3013199409988,1156.7052904491716,10.014709550828456
TR-033798,2025-08-01,august,Flatbed,1410.4,3282.16,3066.514499786416,3132.6830150499054,3099.598757418161,182.561242581839
TR-033799,2025-08-01,august,Flatbed,981.6,2234.9,2202.5648393994766,2234.9324094542008,2218.7486244268384,16.15137557316166
TR-033800,2025-08-01,august,Dry Van,633.6,1326.02,1275.6194411394827,1282.7085548460377,1279.1639979927602,46.856002007239795
TR-033801,2025-08-01,august,Flatbed,383.8,920.2,949.6539222711809,939.9839450247453,944.8189336479631,24.618933647963104
TR-033802,2025-08-01,august,Reefer,1947.9,3944.93,4051.9099957713147,4057.284118734715,4054.597057253015,109.66705725301517
TR-033803,2025-08-01,august,Dry Van,2599.8,4835.29,4883.101177889154,4854.733061550115,4868.917119719635,33.62711971963472
TR-033804,2025-08-01,august,Dry Van,1143.9,2202.97,2242.508675881273,2245.0333750158397,2243.7710254485564,40.80102544855663
TR-033805,2025-08-01,august,Dry Van,1643.0,2969.53,3047.958791380859,2963.0737677249067,3005.516279552883,35.986279552882934
TR-033806,2025-08-01,august,Flatbed,1943.9,4057.04,4112.322261421533,4176.485611718394,4144.403936569963,87.36393656996279
TR-033807,2025-08-01,august,Reefer,2333.2,4766.29,4890.513112996006,4819.284790046471,4854.898951521239,88.60895152123885
TR-033808,2025-08-01,august,Dry Van,566.1,1229.96,1247.4007996216535,1278.7327288597116,1263.0667642406825,33.10676424068242
TR-033809,2025-08-01,august,Reefer,952.1,2260.24,2186.186154596502,2177.539644428134,2181.862899512318,78.37710048768167
TR-033810,2025-08-01,august,Dry Van,2040.7,3841.99,3946.845203152648,3909.296666822759,3928.0709349877034,86.08093498770359
TR-033811,2025-08-01,august,Dry Van,782.5,1660.14,1708.9722263538977,1699.4576634206783,1704.2149448872879,44.07494488728776
TR-033812,2025-08-01,august,Dry Van,1658.9,3193.75,3276.130261607335,3259.673399839113,3267.9018307232236,74.15183072322361
TR-033813,2025-08-01,august,Dry Van,447.9,1044.84,1046.1739465165554,1049.116035363702,1047.6449909401285,2.8049909401286186
TR-033814,2025-08-01,august,Dry Van,888.1,1907.25,1901.234335033885,1916.030700041423,1908.632517537654,1.3825175376539391
TR-033815,2025-08-01,august,Dry Van,1624.1,3001.06,3040.7890380934755,3087.8322116229097,3064.3106248581926,63.25062485819262
TR-033816,2025-08-01,august,Reefer,1166.8,2686.58,2675.5806791088658,2667.9775073592855,2671.779093234076,14.800906765924083
TR-033817,2025-08-01,august,Dry Van,1027.4,2140.85,2108.9690728525306,2115.4960337744433,2112.232553313487,28.61744668651272
TR-033818,2025-08-01,august,Dry Van,2008.8,3702.88,3764.167364824784,3751.1950453035715,3757.6812050641774,54.80120506417734
TR-033819,2025-08-01,august,Dry Van,769.5,1658.17,1634.0026486798263,1691.1711825752056,1662.586915627516,4.416915627515891
TR-033820,2025-08-01,august,Reefer,796.4,1855.63,1901.4118958084125,1836.3606515840124,1868.8862736962124,13.256273696212247
TR-033821,2025-08-01,august,Dry Van,257.4,648.19,648.4703694627591,658.7147870267399,653.5925782447496,5.40257824474952
TR-033822,2025-08-01,august,Dry Van,260.9,625.72,653.0381368096239,650.8206009469263,651.9293688782751,26.209368878275086
TR-033823,2025-08-01,august,Dry Van,329.7,772.01,755.5196898740008,773.9625713398223,764.7411306069116,7.26886939308838
TR-033824,2025-08-01,august,Reefer,1734.8,3827.0,3821.0093118941963,3848.8320163160543,3834.920664105125,7.92066410512507
TR-033825,2025-08-01,august,Reefer,2012.2,4059.57,4174.515417026687,4196.074777196251,4185.295097111469,125.72509711146859
TR-033826,2025-08-01,august,Flatbed,1168.2,2568.67,2613.7386326687415,2617.5821554438808,2615.660394056311,46.99039405631083
TR-033827,2025-08-01,august,Reefer,1023.1,2463.37,2428.3444427059317,2447.326004872299,2437.8352237891154,25.534776210884502
TR-033828,2025-08-01,august,Dry Van,919.3,1930.71,1861.4331110471787,1859.6747434870304,1860.5539272671044,70.15607273289561
TR-033829,2025-08-01,august,Dry Van,1146.9,2334.52,2363.600449632504,2349.696437660877,2356.648443646691,22.128443646690812
TR-033830,2025-08-01,august,Flatbed,1274.0,2795.59,2795.027476595716,2730.950311292061,2762.988893943889,32.60110605611135
TR-033831,2025-08-01,august,Reefer,1404.2,3130.89,3020.5606043930097,3037.749062641503,3029.1548335172565,101.73516648274335
TR-033832,2025-08-01,august,Dry Van,1627.7,3156.54,3231.799596683716,3170.773179509557,3201.2863880966365,44.746388096636565
TR-033833,2025-08-01,august,Dry Van,571.4,1141.69,1161.870297027416,1153.448512408162,1157.6594047177891,15.969404717789075
TR-033834,2025-08-01,august,Reefer,1620.4,3477.96,3522.0621322733614,3514.608317352261,3518.3352248128112,40.37522481281121
TR-033835,2025-08-01,august,Reefer,702.0,1699.01,1741.06694218771,1743.5024590679807,1742.2847006278453,43.27470062784528
TR-033836,2025-08-01,august,Flatbed,2198.6,4584.03,4425.836661041234,4447.804391090331,4436.820526065782,147.20947393421739
TR-033837,2025-08-01,august,Flatbed,1869.4,3884.75,3986.6733325573146,3925.8701807721854,3956.27175666475,71.52175666474977
TR-033838,2025-08-01,august,Dry Van,366.6,804.18,810.3672980825647,818.4921459414722,814.4297220120185,10.249722012018537
TR-033839,2025-08-01,august,Dry Van,665.9,1414.94,1399.5682299659652,1423.4183714199773,1411.4933006929714,3.4466993070286662
TR-033840,2025-08-01,august,Reefer,589.7,1383.98,1363.2718705390362,1370.8491050901698,1367.060487814603,16.919512185397025
TR-033841,2025-08-01,august,Reefer,759.8,1809.13,1848.603056521253,1842.3441110376789,1845.473583779466,36.34358377946592
TR-033842,2025-08-01,august,Dry Van,1866.1,3598.93,3674.3774613744545,3626.751918326067,3650.564689850261,51.63468985026111
TR-033843,2025-08-01,august,Flatbed,1402.6,2956.21,2957.3295423050113,2985.7820342669147,2971.555788285963,15.345788285962954
TR-033844,2025-08-01,august,Dry Van,806.5,1653.71,1650.0356744838668,1706.5332676681523,1678.2844710760096,24.57447107600956
TR-033845,2025-08-01,august,Dry Van,549.6,1171.55,1157.065924355443,1164.9133336626523,1160.9896290090478,10.560370990952151
TR-033846,2025-08-01,august,Flatbed,1311.9,2896.69,2820.5926677968064,2840.1403598951365,2830.3665138459714,66.32348615402861
TR-033847,2025-08-01,august,Dry Van,1271.3,2682.67,2615.351295505052,2594.1430424813193,2604.7471689931854,77.9228310068147
TR-033848,2025-08-01,august,Dry Van,1416.0,2852.82,2778.560967252721,2773.357738745329,2775.959352999025,76.86064700097495
TR-033849,2025-08-01,august,Reefer,494.2,1298.64,1244.8443840318303,1254.424132235181,1249.6342581335057,49.00574186649442
TR-033850,2025-08-01,august,Flatbed,744.8,1646.28,1649.0876139438938,1610.0093736838783,1629.5484938138861,16.731506186113847
TR-033851,2025-08-01,august,Dry Van,2205.1,4136.86,4079.3603132968933,4055.9749729731116,4067.6676431350024,69.19235686499724
TR-033852,2025-08-01,august,Flatbed,1685.1,3533.04,3602.5427644977326,3583.7742925651514,3593.1585285314422,60.11852853144228
TR-033853,2025-08-01,august,Dry Van,1819.6,3390.11,3434.1024612896954,3447.8424745785696,3440.9724679341325,50.86246793413238
TR-033854,2025-08-01,august,Flatbed,993.7,2165.69,2185.75899349411,2229.0401416262075,2207.399567560159,41.70956756015903
TR-033855,2025-08-01,august,Dry Van,1102.6,2207.7,2308.5392838150237,2176.6260773738004,2242.582680594412,34.88268059441225
TR-033856,2025-08-01,august,Dry Van,1991.1,3894.65,3868.297863484454,3901.3152806806775,3884.8065720825657,9.843427917434383
TR-033857,2025-08-01,august,Reefer,990.3,2203.67,2211.7041284005204,2215.6183875258025,2213.6612579631615,9.991257963161388
TR-033858,2025-08-01,august,Dry Van,840.7,1605.77,1648.2835087520805,1618.737317592834,1633.5104131724572,27.740413172457238
TR-033859,2025-08-01,august,Reefer,2885.9,5226.07,5463.1699809384345,5535.034278559082,5499.102129748759,273.03212974875896
TR-033860,2025-08-01,august,Flatbed,2992.0,5850.29,5750.067933259636,5791.0306170573585,5770.549275158497,79.74072484150292
TR-033861,2025-08-01,august,Dry Van,858.3,1693.17,1694.4642447249635,1678.021739014096,1686.2429918695298,6.927008130470313
TR-033862,2025-08-01,august,Dry Van,2051.9,3470.83,3723.290392504174,3652.257875541527,3687.7741340228504,216.94413402285045
TR-033863,2025-08-01,august,Flatbed,2650.0,5152.02,5169.678886339659,5164.250318416957,5166.964602378308,14.944602378307536
TR-033864,2025-08-01,august,Reefer,523.3,1343.43,1336.1312606122683,1339.5472512065496,1337.839255909409,5.590744090590988
TR-033865,2025-08-01,august,Dry Van,443.1,1038.63,1056.7981283115228,1038.4127228187285,1047.6054255651256,8.975425565125533
TR-033866,2025-08-01,august,Dry Van,194.1,483.85,481.7746884748555,516.4519644844545,499.11332647965503,15.263326479655007
TR-033867,2025-08-02,august,Dry Van,1205.2,2394.85,2462.555513701627,2372.518171281538,2417.5368424915823,22.68684249158241
TR-033868,2025-08-02,august,Dry Van,2997.7,5608.62,5436.01223088865,5486.429935811906,5461.221083350278,147.3989166497222
TR-033869,2025-08-02,august,Dry Van,419.4,907.17,886.653040030788,885.5251751616295,886.0891075962088,21.080892403791154
TR-033870,2025-08-02,august,Flatbed,677.7,1593.7,1570.641954430952,1538.3741002349211,1554.5080273329365,39.19197266706351
TR-033871,2025-08-02,august,Reefer,1365.0,3088.95,3033.6431232748437,3046.5381861196356,3040.0906546972396,48.859345302760175
TR-033872,2025-08-02,august,Dry Van,635.1,1383.73,1359.7624578921798,1352.1723478952965,1355.9674028937382,27.762597106261865
TR-033873,2025-08-02,august,Flatbed,203.5,548.34,540.4683234664595,538.7513616316701,539.6098425490648,8.73015745093528
TR-033874,2025-08-02,august,Reefer,1951.3,4344.56,4318.719843852675,4297.063325201135,4307.891584526905,36.66841547309559
TR-033875,2025-08-02,august,Dry Van,398.1,926.33,879.9162818474231,902.5678979840015,891.2420899157123,35.08791008428773
TR-033876,2025-08-02,august,Dry Van,839.5,1778.67,1736.7610404300376,1723.961533039095,1730.3612867345664,48.30871326543365
TR-033877,2025-08-02,august,Dry Van,2230.6,4067.91,4170.1854680764545,4093.9454756561913,4132.065471866323,64.15547186632284
TR-033878,2025-08-02,august,Dry Van,732.2,1594.47,1553.6037410952806,1598.7540284403572,1576.178884767819,18.291115232181028
TR-033879,2025-08-02,august,Dry Van,485.3,1079.38,1080.4551927199163,1070.1490745782721,1075.3021336490942,4.077866350905879
TR-033880,2025-08-02,august,Reefer,836.5,1902.25,1959.329969659727,1891.4046502096808,1925.3673099347038,23.117309934703826
TR-033881,2025-08-02,august,Dry Van,347.6,804.32,805.5395311325826,780.5226226306102,793.0310768815964,11.288923118403659
TR-033882,2025-08-02,august,Flatbed,195.9,524.83,503.4993980914707,547.8750201839498,525.6872091377103,0.8572091377102424
TR-033883,2025-08-02,august,Flatbed,1381.6,2845.08,2891.144545843792,2981.312467000365,2936.2285064220787,91.14850642207875
TR-033884,2025-08-02,august,Dry Van,982.8,1931.83,1956.9596007395621,1920.098158584461,1938.5288796620116,6.698879662011677
TR-033885,2025-08-02,august,Dry Van,1991.8,3592.99,3739.702432796079,3743.3174932617508,3741.509963028915,148.5199630289153
TR-033886,2025-08-02,august,Flatbed,1963.7,3812.14,3900.5186723187594,3863.650575322411,3882.084623820585,69.9446238205851
TR-033887,2025-08-02,august,Reefer,1791.7,3812.37,3899.3469742792117,3815.1509331646985,3857.2489537219553,44.87895372195544
TR-033888,2025-08-02,august,Reefer,3162.4,6163.95,6048.966689416535,5974.9810236936355,6011.973856555085,151.97614344491467
TR-033889,2025-08-02,august,Reefer,851.7,1908.53,1952.3022676987794,1924.8350728529144,1938.568670275847,30.038670275846926
TR-033890,2025-08-02,august,Flatbed,840.3,1861.41,1806.6037847862597,1811.9502737956625,1809.277029290961,52.132970709039
TR-033891,2025-08-02,august,Dry Van,937.3,1822.01,1880.9570756842988,1847.9734061457912,1864.465240915045,42.4552409150449
TR-033892,2025-08-02,august,Reefer,1100.0,2553.25,2613.8479424846273,2578.676914015798,2596.262428250213,43.012428250212906
TR-033893,2025-08-02,august,Reefer,2159.4,4532.85,4500.8805097384065,4470.596300680227,4485.738405209317,47.11159479068374
TR-033894,2025-08-02,august,Flatbed,2040.0,3939.72,4128.75760560257,4090.241728318369,4109.49966696047,169.77966696046997
TR-033895,2025-08-02,august,Dry Van,2485.7,4714.07,4739.353850198234,4686.002086302564,4712.677968250398,1.3920317496013013
TR-033896,2025-08-02,august,Dry Van,485.3,1056.64,1050.6283083828569,1035.984479492206,1043.3063939375315,13.333606062468562
TR-033897,2025-08-02,august,Dry Van,955.8,1752.59,1824.9573973550685,1821.0950150419683,1823.0262061985184,70.43620619851845
TR-033898,2025-08-02,august,Reefer,631.9,1427.18,1471.6287146866487,1425.6969083301854,1448.662811508417,21.482811508416944
TR-033899,2025-08-02,august,Dry Van,882.7,1994.72,1947.152847895946,1899.6812670346662,1923.4170574653062,71.30294253469378
TR-033900,2025-08-02,august,Flatbed,2017.7,3962.62,3985.692127136575,3949.1768228499714,3967.4344749932734,4.814474993273507
TR-033901,2025-08-02,august,Flatbed,757.7,1702.25,1668.169356867934,1712.219537980254,1690.194447424094,12.05555257590595
TR-033902,2025-08-02,august,Dry Van,1614.1,3031.99,3058.1848397368003,3069.571340281882,3063.878090009341,31.88809000934134
TR-033903,2025-08-02,august,Flatbed,698.1,1486.79,1519.0934740920459,1514.3676980922771,1516.7305860921615,29.94058609216154
TR-033904,2025-08-02,august,Dry Van,931.1,1851.59,1866.6331731488292,1866.3438425590145,1866.4885078539219,14.898507853921956
TR-033905,2025-08-02,august,Reefer,2114.6,4161.02,4219.716354657058,4269.294915718506,4244.505635187782,83.48563518778155
TR-033906,2025-08-02,august,Dry Van,2857.1,4813.98,5063.376362398737,4922.918469415597,4993.147415907168,179.1674159071681
TR-033907,2025-08-02,august,Dry Van,356.3,803.92,800.6316106232288,784.5919295282897,792.6117700757593,11.308229924240663
TR-033908,2025-08-02,august,Flatbed,653.0,1437.39,1427.55117954989,1447.5220965663889,1437.5366380581395,0.1466380581393878
TR-033909,2025-08-02,august,Reefer,1232.2,2690.82,2781.938004520131,2732.971104726511,2757.454554623321,66.63455462332104
TR-033910,2025-08-02,august,Flatbed,1051.3,2281.95,2336.6151577946184,2272.0943817953666,2304.3547697949925,22.404769794992717
TR-033911,2025-08-02,august,Reefer,1126.9,2448.56,2538.519997303739,2506.08728280719,2522.3036400554647,73.74364005546477
TR-033912,2025-08-02,august,Reefer,249.3,650.81,670.5803570097444,670.4397154849337,670.510036247339,19.700036247339085
TR-033913,2025-08-02,august,Dry Van,1674.1,3234.68,3332.927078248021,3343.5747681120583,3338.2509231800395,103.5709231800397
TR-033914,2025-08-02,august,Dry Van,2770.5,4871.74,5141.033660542525,5122.23743586101,5131.635548201768,259.8955482017682
TR-033915,2025-08-02,august,Dry Van,1161.7,2222.35,2254.579188300139,2184.379863006415,2219.479525653277,2.870474346722858
TR-033916,2025-08-02,august,Dry Van,520.0,1100.92,1131.7488554728243,1153.1435136198895,1142.446184546357,41.526184546356944
TR-033917,2025-08-02,august,Dry Van,609.8,1394.76,1343.7641218571782,1336.6475862699212,1340.2058540635499,54.55414593645014
TR-033918,2025-08-02,august,Reefer,1447.5,3205.6,3274.6072276035084,3329.175221310833,3301.8912244571707,96.29122445717076
TR-033919,2025-08-02,august,Flatbed,235.3,648.49,645.3569867737671,645.8709605271779,645.6139736504724,2.876026349527592
TR-033920,2025-08-02,august,Flatbed,1822.2,3807.18,3786.6411521316304,3858.3830517990564,3822.5121019653434,15.332101965343554
TR-033921,2025-08-02,august,Dry Van,448.9,978.47,976.8500943933083,959.5516221106775,968.2008582519929,10.269141748007087
TR-033922,2025-08-02,august,Reefer,1484.3,3293.11,3335.750054080376,3283.938994353473,3309.8445242169246,16.734524216924456
TR-033923,2025-08-02,august,Reefer,776.1,1734.74,1722.1766777829685,1707.1921893050196,1714.6844335439941,20.055566456005863
TR-033924,2025-08-02,august,Reefer,872.8,1947.61,2010.3696094998145,1976.7921422411143,1993.5808758704643,45.9708758704644
TR-033925,2025-08-02,august,Reefer,597.5,1559.92,1505.4343937057138,1512.1704634602904,1508.802428583002,51.11757141699809
TR-033926,2025-08-02,august,Dry Van,878.3,1784.01,1777.999326981465,1808.8372897107054,1793.4183083460853,9.408308346085278
TR-033927,2025-08-02,august,Flatbed,829.1,1771.45,1761.4969620175484,1758.460304598617,1759.9786333080829,11.471366691917183
TR-033928,2025-08-02,august,Dry Van,554.8,1171.35,1165.3942361426082,1160.5641666697516,1162.97920140618,8.370798593819927
TR-033929,2025-08-02,august,Dry Van,89.9,252.2,240.74068253664058,254.03667107656565,247.38867680660312,4.811323193396873
TR-033930,2025-08-02,august,Reefer,918.1,2145.78,2212.551236434968,2182.5475517023924,2197.54939406868,51.76939406867996
TR-033931,2025-08-02,august,Reefer,1294.9,2912.64,2876.888525306127,2917.513881940881,2897.201203623504,15.438796376495702
TR-033932,2025-08-02,august,Dry Van,1151.2,2299.11,2315.677594743502,2321.81060149867,2318.744098121086,19.634098121086026
TR-033933,2025-08-02,august,Dry Van,1727.0,3307.2,3421.0859360871636,3404.9608008908663,3413.023368489015,105.82336848901514
TR-033934,2025-08-02,august,Flatbed,1083.5,2475.56,2514.4448815104283,2502.702012002265,2508.5734467563466,33.01344675634664
TR-033935,2025-08-02,august,Dry Van,2024.3,3940.26,3878.9633166436615,3927.1171756796184,3903.04024616164,37.21975383836025
TR-033936,2025-08-02,august,Reefer,2994.7,5735.1,5861.224878168145,5681.67988825552,5771.452383211832,36.35238321183169
TR-033937,2025-08-02,august,Dry Van,1092.4,2324.69,2359.1925648146253,2319.9870532846007,2339.589809049613,14.89980904961294
TR-033938,2025-08-02,august,Flatbed,976.9,2134.15,2117.8673347045615,2114.820548621856,2116.3439416632086,17.806058336791466
TR-033939,2025-08-02,august,Dry Van,1651.6,3170.25,3208.6372330611425,3215.0476018324134,3211.842417446778,41.5924174467782
TR-033940,2025-08-02,august,Dry Van,683.2,1416.92,1403.5438149194515,1421.6420485431095,1412.5929317312805,4.327068268719586
TR-033941,2025-08-02,august,Reefer,800.4,1896.46,1922.5073254914973,1877.9376098871248,1900.222467689311,3.762467689311052
TR-033942,2025-08-02,august,Flatbed,515.6,1198.58,1211.7480923913656,1205.946962598567,1208.8475274949665,10.267527494966544
TR-033943,2025-08-02,august,Dry Van,1021.5,2033.22,2078.9870396385213,2036.3927133769107,2057.689876507716,24.469876507715753
TR-033944,2025-08-02,august,Reefer,1744.9,3740.02,3686.7882056674994,3702.8652346784047,3694.8267201729523,45.19327982704772
TR-033945,2025-08-02,august,Dry Van,231.1,574.3,566.4108060688488,552.4799479039214,559.4453769863851,14.854623013614855
TR-033946,2025-08-02,august,Dry Van,1204.6,2341.23,2416.648784713396,2393.825919506044,2405.2373521097197,64.0073521097197
TR-033947,2025-08-02,august,Reefer,2019.7,4210.03,4205.883754848683,4160.480624714476,4183.182189781579,26.84781021842082
TR-033948,2025-08-02,august,Dry Van,1360.8,2654.01,2632.833837436943,2588.7585318907977,2610.7961846638705,43.213815336129755
TR-033949,2025-08-02,august,Dry Van,3114.5,5754.26,5679.504510604022,5504.916614719991,5592.210562662007,162.04943733799337
TR-033950,2025-08-02,august,Dry Van,1101.8,2267.14,2335.2085732295645,2283.604319859763,2309.4064465446636,42.26644654466372
TR-033951,2025-08-02,august,Dry Van,2944.4,5227.69,5335.977523826575,5293.4399453762635,5314.70873460142,87.01873460141996
TR-033952,2025-08-02,august,Dry Van,799.6,1642.52,1635.167968958728,1601.2635710376871,1618.2157699982076,24.304230001792348
TR-033953,2025-08-02,august,Dry Van,964.8,1933.41,1912.8608809989698,1906.903937377001,1909.8824091879856,23.527590812014523
TR-033954,2025-08-02,august,Reefer,317.7,846.8,821.3069931844077,827.0581964936919,824.1825948390498,22.61740516095017
TR-033955,2025-08-02,august,Dry Van,1697.0,3164.8,3245.4373070811416,3263.163256594912,3254.300281838027,89.5002818380267
TR-033956,2025-08-02,august,Dry Van,1985.7,3686.34,3710.0226227761204,3749.169023091349,3729.595822933735,43.255822933734635
TR-033957,2025-08-02,august,Dry Van,932.0,1834.02,1852.2701811622724,1836.8321368901195,1844.5511590261958,10.531159026195837
TR-033958,2025-08-02,august,Flatbed,2626.8,5106.99,5170.791988249963,5228.898288304028,5199.845138276995,92.8551382769956
TR-033959,2025-08-02,august,Reefer,819.3,1777.75,1838.0730612340344,1824.165561346243,1831.1193112901387,53.36931129013874
TR-033960,2025-08-02,august,Dry Van,984.9,1973.02,1997.6063353834018,1986.79438887886,1992.200362131131,19.180362131131005
TR-033961,2025-08-02,august,Dry Van,1444.5,2778.66,2831.5814483349363,2810.172737866572,2820.877093100754,42.21709310075403
TR-033962,2025-08-02,august,Flatbed,763.3,1551.83,1581.99363209216,1579.191284928574,1580.5924585103671,28.762458510367196
TR-033963,2025-08-02,august,Dry Van,445.3,1011.11,996.0443523432839,1001.9263198626447,998.9853361029643,12.124663897035703
TR-033964,2025-08-02,august,Reefer,2574.4,5071.92,5116.422212302483,5092.3718505875395,5104.397031445011,32.47703144501065
TR-033965,2025-08-02,august,Reefer,601.5,1496.05,1527.2550443487444,1509.3936862894325,1518.3243653190884,22.274365319088474
TR-033966,2025-08-02,august,Flatbed,2183.4,4353.92,4312.27574428246,4326.416924544836,4319.346334413648,34.573665586352035
TR-033967,2025-08-02,august,Dry Van,353.2,837.63,844.6734585185615,834.9860508283332,839.8297546734473,2.1997546734472735
TR-033968,2025-08-02,august,Dry Van,1290.2,2597.51,2638.8945053694874,2680.277489138327,2659.5859972539074,62.07599725390719
TR-033969,2025-08-02,august,Dry Van,1066.1,2084.14,2150.8010564024494,2116.9611623590613,2133.8811093807553,49.74110938075546
TR-033970,2025-08-02,august,Reefer,827.8,1924.28,1926.9797763679776,1895.2902355665751,1911.1350059672764,13.144994032723616
TR-033971,2025-08-02,august,Dry Van,1174.3,2285.31,2320.837745801434,2332.4161381467316,2326.626941974083,41.316941974082965
TR-033972,2025-08-02,august,Dry Van,1796.1,3325.75,3382.3791732535005,3429.831539694509,3406.105356474005,80.35535647400502
TR-033973,2025-08-02,august,Dry Van,298.9,760.91,738.3097058888792,750.9511425756868,744.6304242322831,16.279575767716892
TR-033974,2025-08-02,august,Dry Van,1235.7,2362.67,2363.2778866309022,2300.987440855613,2332.1326637432576,30.537336256742492
TR-033975,2025-08-02,august,Flatbed,1733.2,3556.89,3611.769764702428,3653.858455155101,3632.8141099287645,75.92410992876466
TR-033976,2025-08-02,august,Dry Van,3105.3,5709.31,5628.876839148901,5506.294596901347,5567.585718025124,141.72428197487625
TR-033977,2025-08-02,august,Dry Van,353.8,829.36,828.3326644905826,833.5648246818832,830.9487445862329,1.588744586232906
TR-033978,2025-08-02,august,Dry Van,341.4,785.23,793.2631101854674,799.2682519443576,796.2656810649125,11.035681064912524
TR-033979,2025-08-02,august,Reefer,640.2,1493.87,1539.750523378033,1553.6225439160155,1546.6865336470241,52.816533647024244
TR-033980,2025-08-02,august,Dry Van,1197.4,2309.75,2339.717927567277,2307.139500187832,2323.4287138775544,13.6787138775544
TR-033981,2025-08-02,august,Dry Van,1216.7,2501.06,2493.325676814645,2411.0982733871524,2452.2119751008986,48.84802489910135
TR-033982,2025-08-02,august,Flatbed,1074.7,2255.88,2334.231587741799,2357.0744143080806,2345.65300102494,89.77300102493973
TR-033983,2025-08-02,august,Dry Van,964.0,1951.31,1982.5836851507904,1977.2907434885801,1979.9372143196852,28.62721431968521
TR-033984,2025-08-02,august,Dry Van,2336.1,4086.4,4265.225241656665,4220.893579324003,4243.059410490334,156.6594104903338
TR-033985,2025-08-02,august,Dry Van,494.1,1074.82,1061.8417217802448,1039.708649624447,1050.7751857023459,24.044814297654057
TR-033986,2025-08-02,august,Reefer,1471.5,3146.66,3236.8027953226483,3153.589811121986,3195.196303222317,48.5363032223172
TR-033987,2025-08-02,august,Dry Van,1091.3,2079.64,2109.3037393598474,2099.814678511801,2104.5592089358242,24.919208935824372
TR-033988,2025-08-02,august,Dry Van,989.4,2018.62,2031.4239348672395,2023.7479163212392,2027.5859255942394,8.96592559423948
TR-033989,2025-08-02,august,Dry Van,831.2,1562.72,1579.2404842603883,1574.4405160108104,1576.8405001355993,14.120500135599286
TR-033990,2025-08-02,august,Flatbed,1210.2,2505.44,2565.946843496787,2567.092305119453,2566.5195743081204,61.0795743081203
TR-033991,2025-08-02,august,Flatbed,608.8,1328.04,1365.9023674797068,1298.797380894974,1332.3498741873404,4.309874187340483
TR-033992,2025-08-02,august,Dry Van,1134.9,2125.37,2133.96958143336,2134.24852879306,2134.10905511321,8.73905511321027
TR-033993,2025-08-02,august,Reefer,725.7,1665.9,1682.4331028711833,1664.9795520551709,1673.706327463177,7.806327463177013
TR-033994,2025-08-02,august,Reefer,436.0,1119.16,1132.6757350239075,1131.8670499396035,1132.2713924817554,13.111392481755274
TR-033995,2025-08-02,august,Reefer,1237.4,2680.3,2808.8298611251603,2703.345146873895,2756.0875039995276,75.78750399952742
TR-033996,2025-08-02,august,Reefer,300.5,837.83,838.4812918130534,832.2085510322561,835.3449214226548,2.4850785773452344
TR-033997,2025-08-02,august,Dry Van,1129.0,2346.96,2321.58794647823,2304.3941596354884,2312.9910530568595,33.96894694314051
TR-033998,2025-08-02,august,Dry Van,835.0,1634.34,1671.0711765490892,1681.5310800111668,1676.301128280128,41.96112828012815
TR-033999,2025-08-02,august,Dry Van,563.8,1126.45,1128.7174012326252,1126.9727048540155,1127.8450530433204,1.3950530433203312
TR-034000,2025-08-02,august,Dry Van,514.0,1183.3,1146.6612261820876,1140.179643718793,1143.4204349504403,39.87956504955969
TR-034001,2025-08-02,august,Flatbed,1101.7,2320.25,2352.0372557908227,2363.8687265348617,2357.9529911628424,37.70299116284241
TR-034002,2025-08-02,august,Reefer,112.0,317.01,317.4425768859748,330.49015026498205,323.96636357547845,6.956363575478463
TR-034003,2025-08-02,august,Dry Van,181.3,512.3,485.622215454723,481.2718892586879,483.44705235670546,28.8529476432945
TR-034004,2025-08-02,august,Dry Van,377.0,919.74,919.9017043788543,892.4827904712663,906.1922474250603,13.54775257493975
TR-034005,2025-08-02,august,Dry Van,680.0,1444.21,1428.4365527324446,1427.2945005023503,1427.8655266173973,16.3444733826027
TR-034006,2025-08-02,august,Dry Van,406.4,948.25,940.1401450280505,933.5087110342681,936.8244280311593,11.4255719688407
TR-034007,2025-08-02,august,Reefer,789.6,1827.37,1862.9898389965547,1794.7443028581804,1828.8670709273674,1.4970709273675311
TR-034008,2025-08-02,august,Reefer,312.8,817.95,823.8367974255369,842.0676814519188,832.9522394387279,15.002239438727884
TR-034009,2025-08-02,august,Reefer,903.6,2057.63,2067.488556497678,2015.3454288962548,2041.4169926969664,16.21300730303369
TR-034010,2025-08-02,august,Reefer,1693.6,3609.07,3672.023158152548,3662.1335037227122,3667.07833093763,58.008330937630035
TR-034011,2025-08-02,august,Dry Van,550.3,1239.71,1237.0886608459841,1219.9429697919527,1228.5158153189684,11.19418468103163
TR-034012,2025-08-02,august,Dry Van,798.3,1603.87,1640.7838973376354,1603.0890493205975,1621.9364733291163,18.066473329116434
TR-034013,2025-08-02,august,Reefer,952.6,2125.75,2070.652285863176,2085.987061092158,2078.319673477667,47.43032652233296
TR-034014,2025-08-02,august,Dry Van,1045.1,1962.76,2000.1481840970596,1989.7917237593024,1994.969953928181,32.209953928180994
TR-034015,2025-08-02,august,Flatbed,425.0,1034.19,1072.3373748124372,1053.4293476935204,1062.8833612529788,28.693361252978775
TR-034016,2025-08-02,august,Dry Van,2821.5,5067.84,5228.67277433482,5090.269364292648,5159.471069313734,91.63106931373386
TR-034017,2025-08-02,august,Dry Van,895.8,1796.09,1807.5757977482701,1819.8255616041222,1813.7006796761962,17.61067967619624
TR-034018,2025-08-02,august,Flatbed,860.7,1937.5,1979.57332352381,1989.6727519268609,1984.6230377253355,47.12303772533551
TR-034019,2025-08-02,august,Dry Van,573.7,1244.72,1244.379529285142,1258.6153211686492,1251.4974252268958,6.77742522689573
TR-034020,2025-08-02,august,Dry Van,464.2,1025.87,1043.9834506097823,1046.6963469583861,1045.3398987840842,19.469898784084307
TR-034021,2025-08-02,august,Dry Van,3147.5,5269.1,5486.007124989836,5330.061161280632,5408.0341431352335,138.93414313523317
TR-034022,2025-08-02,august,Dry Van,1727.8,3420.72,3448.639868899938,3379.795729996379,3414.2177994481585,6.50220055184127
TR-034023,2025-08-02,august,Dry Van,501.6,1134.01,1143.6752897046479,1130.3911070693198,1137.0331983869837,3.0231983869837222
TR-034024,2025-08-02,august,Dry Van,656.7,1406.7,1399.8796995542668,1420.7610836158303,1410.3203915850486,3.6203915850485373
TR-034025,2025-08-02,august,Dry Van,515.6,1152.47,1148.5295104421539,1142.3876316272986,1145.4585710347262,7.011428965273808
TR-034026,2025-08-02,august,Flatbed,2091.6,4159.38,4124.9085038389185,4165.164821370512,4145.036662604715,14.343337395284834
TR-034027,2025-08-02,august,Reefer,448.2,1076.58,1077.260733479532,1072.8606766584066,1075.0607050689694,1.5192949310305721
TR-034028,2025-08-03,august,Dry Van,1452.5,2687.56,2793.741194198968,2822.781192755031,2808.2611934769993,120.70119347699938
TR-034029,2025-08-03,august,Dry Van,830.1,1707.58,1706.7550068469732,1708.6409151477321,1707.6979609973528,0.1179609973528386
TR-034030,2025-08-03,august,Reefer,296.0,770.25,780.401786926726,778.4826477757863,779.4422173512562,9.192217351256204
TR-034031,2025-08-03,august,Reefer,328.8,863.58,861.2826985387443,875.3173986262768,868.3000485825105,4.720048582510458
TR-034032,2025-08-03,august,Reefer,460.0,1139.44,1144.0387502017718,1136.6486386710114,1140.3436944363916,0.9036944363915609
TR-034033,2025-08-03,august,Dry Van,2855.9,5041.03,5087.196244847541,4994.7147044788435,5040.955474663192,0.07452533680771012
TR-034034,2025-08-03,august,Dry Van,2380.3,4407.53,4457.290983573686,4445.464552210282,4451.377767891984,43.847767891984404
TR-034035,2025-08-03,august,Dry Van,2803.5,4795.74,5018.118368234281,4792.815161567498,4905.46676490089,109.72676490088998
TR-034036,2025-08-03,august,Dry Van,1879.7,3487.12,3536.386662010967,3492.3327661232315,3514.359714067099,27.239714067099158
TR-034037,2025-08-03,august,Reefer,576.2,1346.16,1322.7467399477332,1325.1419536878557,1323.9443468177944,22.215653182205642
TR-034038,2025-08-03,august,Flatbed,290.7,800.76,800.2009557926523,779.9295089813406,790.0652323869965,10.694767613003478
TR-034039,2025-08-03,august,Flatbed,1732.1,3689.84,3617.013064478813,3577.304469973078,3597.1587672259457,92.68123277405448
TR-034040,2025-08-03,august,Dry Van,2128.1,3897.88,3969.627716904495,3997.8805798346075,3983.7541483695513,85.87414836955122
TR-034041,2025-08-03,august,Dry Van,332.9,756.26,745.0371772926409,756.5065030449609,750.771840168801,5.488159831199027
TR-034042,2025-08-03,august,Dry Van,1900.6,3359.43,3611.5726171594793,3519.756642120423,3565.6646296399513,206.23462963995144
TR-034043,2025-08-03,august,Dry Van,404.7,865.81,861.3715379511608,855.9322087523669,858.6518733517639,7.158126648236021
TR-034044,2025-08-03,august,Dry Van,624.9,1324.91,1326.2724628769668,1320.7983628002062,1323.5354128385866,1.3745871614135012
TR-034045,2025-08-03,august,Reefer,232.4,625.75,626.142578111839,635.1875689723856,630.6650735421124,4.915073542112395
TR-034046,2025-08-03,august,Dry Van,1361.7,2592.04,2672.8269411630313,2650.300286755057,2661.5636139590442,69.52361395904427
TR-034047,2025-08-03,august,Reefer,977.9,2306.19,2297.0604345348997,2322.5001218000443,2309.780278167472,3.5902781674717517
TR-034048,2025-08-03,august,Dry Van,427.5,948.57,949.0908106233372,934.4867015770526,941.7887561001949,6.78124389980519
TR-034049,2025-08-03,august,Reefer,1606.4,3353.18,3378.2784862132944,3394.2053439182864,3386.2419150657906,33.0619150657908
TR-034050,2025-08-03,august,Dry Van,2042.4,3952.31,4063.160947213219,3970.0183179909277,4016.5896326020734,64.27963260207343
TR-034051,2025-08-03,august,Dry Van,982.5,2007.18,2006.381406622069,2010.0893128403268,2008.235359731198,1.0553597311979956
TR-034052,2025-08-03,august,Flatbed,188.3,544.64,543.718421273405,543.3817311610019,543.5500762172035,1.089923782796518
TR-034053,2025-08-03,august,Dry Van,332.7,722.17,712.6003284012872,707.7678354821026,710.1840819416949,11.98591805830506
TR-034054,2025-08-03,august,Dry Van,2079.5,3674.51,3815.655176206021,3778.7198909797717,3797.187533592896,122.677533592896
TR-034055,2025-08-03,august,Dry Van,1224.2,2447.73,2551.484079199341,2507.4719203329178,2529.4779997661294,81.7479997661294
TR-034056,2025-08-03,august,Dry Van,272.9,656.28,637.9025450451625,648.8480264217781,643.3752857334703,12.904714266529709
TR-034057,2025-08-03,august,Dry Van,1985.8,3738.3,3910.2785226612505,3836.8396223659024,3873.559072513576,135.25907251357603
TR-034058,2025-08-03,august,Reefer,478.6,238.78,1201.700867029609,1202.5665872307186,1202.1337271301638,963.3537271301639
TR-034059,2025-08-03,august,Reefer,395.0,981.12,972.1845365210248,995.1089455242602,983.6467410226426,2.526741022642568
TR-034060,2025-08-03,august,Dry Van,638.3,1408.98,1380.6078625692585,1386.795007024422,1383.7014347968402,25.278565203159815
TR-034061,2025-08-03,august,Dry Van,645.9,1379.06,1346.9051605876061,1361.4854709794988,1354.1953157835524,24.864684216447586
TR-034062,2025-08-03,august,Dry Van,527.5,1159.04,1182.7868616342178,1168.9309546530203,1175.858908143619,16.818908143618955
TR-034063,2025-08-03,august,Dry Van,2185.8,3950.06,4118.15820911168,4102.015441770614,4110.086825441147,160.02682544114714
TR-034064,2025-08-03,august,Flatbed,627.2,1490.56,1539.0235185206668,1490.7289758672448,1514.8762471939558,24.31624719395586
TR-034065,2025-08-03,august,Dry Van,523.8,1157.76,1149.1353445088748,1132.547545821999,1140.8414451654369,16.91855483456311
TR-034066,2025-08-03,august,Reefer,471.3,1177.76,1196.287067553927,1172.874931141222,1184.5809993475746,6.8209993475745705
TR-034067,2025-08-03,august,Dry Van,2169.8,4004.92,4047.544916725585,4055.691010931686,4051.6179638286358,46.69796382863569
TR-034068,2025-08-03,august,Reefer,1008.7,2402.34,2334.1288361333695,2305.512936318439,2319.8208862259044,82.51911377409579
TR-034069,2025-08-03,august,Dry Van,2040.3,3703.6,3866.762141148007,3753.5029398264332,3810.13254048722,106.5325404872201
TR-034070,2025-08-03,august,Flatbed,846.7,1816.14,1850.7815719600455,1861.6337509788482,1856.207661469447,40.067661469446875
TR-034071,2025-08-03,august,Reefer,1683.9,3423.45,3544.629719647274,3517.4185354008323,3531.0241275240533,107.57412752405344
TR-034072,2025-08-03,august,Dry Van,740.1,1443.93,1448.7969520151862,1469.2100246804866,1459.0034883478365,15.073488347836474
TR-034073,2025-08-03,august,Reefer,451.3,1146.37,1156.63345453478,1149.9273765273756,1153.2804155310778,6.910415531077888
TR-034074,2025-08-03,august,Flatbed,148.4,406.42,398.2382701217933,393.1956817410103,395.71697593140175,10.703024068598268
TR-034075,2025-08-03,august,Reefer,2660.8,5278.88,5263.039676064492,5419.9702099425895,5341.504943003541,62.624943003540466
TR-034076,2025-08-03,august,Reefer,843.1,1957.47,2022.6444612445587,1966.8587732040698,1994.7516172243143,37.28161722431423
TR-034077,2025-08-03,august,Dry Van,1078.2,2075.07,2062.2977896185816,2100.1835829804536,2081.2406862995176,6.170686299517456
TR-034078,2025-08-03,august,Dry Van,452.4,970.99,952.9788793161374,952.1123213494036,952.5456003327705,18.444399667229504
TR-034079,2025-08-03,august,Reefer,1963.8,3959.2,3970.7854934282054,3978.35645166059,3974.5709725443976,15.370972544397773
TR-034080,2025-08-03,august,Reefer,3013.0,6080.38,6054.059775014495,5882.584950477769,5968.322362746132,112.05763725386805
TR-034081,2025-08-03,august,Dry Van,1040.8,2107.48,2128.353500137748,2149.1248732705117,2138.7391867041297,31.25918670412966
TR-034082,2025-08-03,august,Reefer,1871.7,4196.12,4141.68018060536,4187.053362047418,4164.366771326389,31.753228673610465
TR-034083,2025-08-03,august,Reefer,493.0,1264.42,1262.926265737615,1248.0814025226082,1255.5038341301115,8.916165869888573
TR-034084,2025-08-03,august,Flatbed,825.7,1954.35,1944.2702183433012,1926.7481929894734,1935.5092056663873,18.84079433361262
TR-034085,2025-08-03,august,Dry Van,547.9,1158.06,1149.4473596664136,1168.3495852863362,1158.898472476375,0.8384724763750455
TR-034086,2025-08-03,august,Dry Van,251.0,573.43,581.6933016421727,600.5949208564768,591.1441112493249,17.7141112493249
TR-034087,2025-08-03,august,Flatbed,1675.5,3270.79,3379.0668463343336,3320.6528314067236,3349.8598388705286,79.06983887052866
TR-034088,2025-08-03,august,Dry Van,1773.2,3229.4,3327.942988805831,3232.791770267211,3280.367379536521,50.96737953652109
TR-034089,2025-08-03,august,Reefer,796.8,1883.01,1914.573286742318,1857.030620819212,1885.801953780765,2.7919537807649704
TR-034090,2025-08-03,august,Reefer,1228.4,2766.02,2784.1730287932673,2780.8422468549816,2782.5076378241247,16.487637824124704
TR-034091,2025-08-03,august,Dry Van,1034.2,2134.55,2188.2303677969917,2146.6605596629615,2167.445463729977,32.895463729976655
TR-034092,2025-08-03,august,Dry Van,2951.7,4959.93,5116.587208829927,5083.085167740526,5099.836188285226,139.90618828522565
TR-034093,2025-08-03,august,Flatbed,605.9,1335.54,1367.2968324970823,1356.6176453705257,1361.957238933804,26.41723893380413
TR-034094,2025-08-03,august,Flatbed,1054.3,2258.06,2343.33727398498,2288.722257316848,2316.0297656509138,57.969765650913814
TR-034095,2025-08-03,august,Flatbed,700.7,1520.28,1582.5974300151502,1565.9707378410958,1574.284083928123,54.00408392812301
TR-034096,2025-08-03,august,Reefer,284.2,736.9,702.7954345262787,737.1308138520903,719.9631241891846,16.936875810815422
TR-034097,2025-08-03,august,Flatbed,1562.4,3201.46,3283.6226542825593,3194.1069007520014,3238.8647775172803,37.40477751728031
TR-034098,2025-08-03,august,Reefer,1790.0,3894.26,3917.169409813172,3852.6744784959965,3884.9219441545843,9.338055845415965
TR-034099,2025-08-03,august,Flatbed,1556.2,3088.09,3203.7138830165836,3109.746443320688,3156.730163168636,68.64016316863581
TR-034100,2025-08-03,august,Flatbed,566.6,1248.29,1296.8142537172685,1285.3538357976395,1291.084044757454,42.794044757454
TR-034101,2025-08-03,august,Dry Van,629.2,1407.25,1347.0615291818522,1361.9161640313073,1354.4888466065797,52.76115339342027
TR-034102,2025-08-03,august,Dry Van,320.8,728.46,709.9093939878734,711.1419614420324,710.525677714953,17.934322285047074
TR-034103,2025-08-03,august,Dry Van,386.0,942.37,914.304700004667,922.8849510342432,918.5948255194551,23.775174480544933
TR-034104,2025-08-03,august,Dry Van,372.1,801.01,811.6329256099365,811.495890371813,811.5644079908748,10.554407990874779
TR-034105,2025-08-03,august,Dry Van,484.9,1082.19,1053.010981038373,1046.4429106419784,1049.7269458401756,32.46305415982442
TR-034106,2025-08-03,august,Dry Van,2261.1,3891.19,3950.751245448227,3945.7676934435804,3948.259469445904,57.069469445903906
TR-034107,2025-08-03,august,Flatbed,2556.8,4872.27,4975.000554896759,5011.9646595797,4993.482607238229,121.21260723822888
TR-034108,2025-08-03,august,Flatbed,517.6,1219.42,1239.0704589473582,1239.0646924224552,1239.0675756849068,19.64757568490677
TR-034109,2025-08-03,august,Dry Van,1191.1,2208.36,2231.6106986364366,2176.9295145811716,2204.270106608804,4.089893391196256
TR-034110,2025-08-03,august,Dry Van,809.2,1741.58,1779.4774362116052,1755.5680576588156,1767.5227469352103,25.94274693521038
TR-034111,2025-08-03,august,Flatbed,1315.8,2673.22,2726.826395989906,2755.2286873130797,2741.027541651493,67.80754165149301
TR-034112,2025-08-03,august,Dry Van,1245.3,2455.34,2487.0474534406385,2446.050787508425,2466.5491204745317,11.209120474531574
TR-034113,2025-08-03,august,Flatbed,1062.6,2314.64,2322.5120836441843,2288.181502541671,2305.3467930929273,9.293206907072545
TR-034114,2025-08-03,august,Reefer,2215.1,4551.32,4520.765763392197,4472.251230008544,4496.50849670037,54.811503299629294
TR-034115,2025-08-03,august,Dry Van,419.4,944.68,935.2940015333168,954.4316436641448,944.8628225987308,0.18282259873080875
TR-034116,2025-08-03,august,Reefer,668.1,1566.36,1544.7384196917728,1581.408036468562,1563.0732280801674,3.2867719198325176
TR-034117,2025-08-03,august,Dry Van,256.0,610.64,602.2529598844685,619.8897077232002,611.0713338038344,0.43133380383437725
TR-034118,2025-08-03,august,Dry Van,93.5,261.93,276.66324519982635,284.2903682858539,280.47680674284015,18.546806742840147
TR-034119,2025-08-03,august,Flatbed,211.6,601.04,592.1078518975585,626.8066203800558,609.4572361388072,8.417236138807198
TR-034120,2025-08-03,august,Flatbed,644.9,1426.84,1457.061947786283,1461.7684488977725,1459.415198342028,32.57519834202799
TR-034121,2025-08-03,august,Dry Van,681.6,1445.35,1444.08044514653,1461.9730278861725,1453.0267365163513,7.676736516351411
TR-034122,2025-08-03,august,Dry Van,2055.9,3804.38,3843.4799809593046,3861.2571304744224,3852.3685557168637,47.98855571686363
TR-034123,2025-08-03,august,Reefer,918.4,2125.75,2126.3997028926883,2122.9129462648716,2124.65632457878,1.0936754212198139
TR-034124,2025-08-03,august,Dry Van,1544.0,2911.04,3044.2581936896895,2912.1473703774154,2978.2027820335525,67.1627820335525
TR-034125,2025-08-03,august,Dry Van,143.4,398.68,373.08202648339795,355.08966172328815,364.08584410334305,34.59415589665696
TR-034126,2025-08-03,august,Reefer,638.4,1585.61,1618.9097673516478,1589.5405557344652,1604.2251615430564,18.6151615430565
TR-034127,2025-08-03,august,Flatbed,773.0,1623.34,1621.8603850149186,1589.178226212321,1605.51930561362,17.820694386379955
TR-034128,2025-08-03,august,Dry Van,895.2,1762.27,1767.3774697969714,1742.9528620502872,1755.1651659236293,7.104834076370707
TR-034129,2025-08-03,august,Flatbed,350.3,872.25,872.5365583280328,887.6532994277354,880.0949288778841,7.844928877884058
TR-034130,2025-08-03,august,Flatbed,2296.5,4625.7,4541.544809998601,4636.06231074945,4588.803560374025,36.89643962597438
TR-034131,2025-08-03,august,Dry Van,161.7,451.9,428.2970011670291,439.18419866892236,433.7405999179757,18.159400082024263
TR-034132,2025-08-03,august,Dry Van,2707.0,4874.89,5007.580272261429,4880.845802447959,4944.213037354693,69.32303735469304
TR-034133,2025-08-03,august,Dry Van,1824.0,3297.77,3433.4838744300664,3458.4318561919126,3445.9578653109893,148.1878653109893
TR-034134,2025-08-03,august,Reefer,1930.6,4092.06,4216.606844310664,4213.8375207054905,4215.222182508078,123.16218250807788
TR-034135,2025-08-03,august,Dry Van,787.5,1550.87,1545.4930108533006,1514.6859060209943,1530.0894584371474,20.780541562852477
TR-034136,2025-08-03,august,Dry Van,676.9,1471.63,1419.6186203406664,1419.4917771000603,1419.5551987203635,52.07480127963663
TR-034137,2025-08-03,august,Flatbed,70.0,232.27,263.55792268390377,285.26214789091114,274.4100352874075,42.14003528740747
TR-034138,2025-08-03,august,Dry Van,556.6,1193.71,1187.0351887732372,1210.2552294971738,1198.6452091352055,4.9352091352054686
TR-034139,2025-08-03,august,Reefer,525.8,1345.07,1317.5990836214385,1327.4225636114936,1322.510823616466,22.559176383533895
TR-034140,2025-08-03,august,Dry Van,324.7,704.33,701.7228890297225,677.0526462081873,689.387767618955,14.942232381045073
TR-034141,2025-08-03,august,Dry Van,1744.2,3119.88,3187.644555570043,3143.039188040156,3165.3418718051,45.46187180509969
TR-034142,2025-08-03,august,Dry Van,724.6,1566.66,1517.8246754005227,1534.8313354557856,1526.328005428154,40.33199457184605
TR-034143,2025-08-03,august,Dry Van,1070.0,2211.72,2267.382118113496,2258.5481786609125,2262.965148387204,51.24514838720415
TR-034144,2025-08-03,august,Dry Van,430.2,994.23,988.0098447573632,972.2264027499796,980.1181237536714,14.11187624632862
TR-034145,2025-08-03,august,Reefer,1210.4,2630.37,2642.7135527968926,2612.363111017455,2627.538331907174,2.831668092826021
TR-034146,2025-08-03,august,Flatbed,186.1,546.61,515.5976395975255,559.1194259347501,537.3585327661378,9.251467233862172
TR-034147,2025-08-03,august,Dry Van,255.4,657.56,641.3121782105476,661.1584202180936,651.2352992143205,6.324700785679397
TR-034148,2025-08-03,august,Reefer,923.5,2018.95,2078.5972393681723,2040.9486170194764,2059.7729281938246,40.82292819382451
TR-034149,2025-08-03,august,Dry Van,336.2,784.88,749.1459120467082,783.5794749430113,766.3626934948597,18.517306505140255
TR-034150,2025-08-03,august,Dry Van,2826.1,4628.21,4916.919425452891,4573.45143649571,4745.185430974301,116.97543097430116
TR-034151,2025-08-03,august,Dry Van,2393.5,4443.29,4406.330260461729,4387.019328769515,4396.674794615622,46.61520538437799
TR-034152,2025-08-03,august,Dry Van,3220.7,5413.99,5622.0109225535625,5395.743607872338,5508.87726521295,94.8872652129503
TR-034153,2025-08-03,august,Flatbed,2084.5,4265.3,4267.769704716743,4294.951142683706,4281.360423700225,16.06042370022442
TR-034154,2025-08-03,august,Reefer,1062.8,2211.24,2336.494913227523,2243.736984153922,2290.1159486907227,78.87594869072291
TR-034155,2025-08-03,august,Dry Van,664.5,1401.46,1387.332141597705,1379.6950161226284,1383.5135788601667,17.94642113983332
TR-034156,2025-08-03,august,Reefer,1779.5,3678.88,3677.10089783005,3670.4389902701705,3673.76994405011,5.110055949890011
TR-034157,2025-08-03,august,Dry Van,818.1,1593.4,1576.0105038990218,1634.380792474042,1605.1956481865318,11.795648186531707
TR-034158,2025-08-03,august,Reefer,2792.6,5486.34,5501.938843578185,5425.4224219669395,5463.680632772563,22.659367227437542
TR-034159,2025-08-03,august,Flatbed,543.4,1263.75,1276.7875496951376,1248.149571262248,1262.4685604786928,1.2814395213072203
TR-034160,2025-08-03,august,Dry Van,256.2,585.53,575.1328821666551,593.5120662071222,584.3224741868887,1.2075258131112605
TR-034161,2025-08-03,august,Reefer,406.7,995.56,1011.6585601013962,994.2237031781399,1002.9411316397681,7.381131639768114
TR-034162,2025-08-03,august,Dry Van,2273.9,4191.23,4263.022470005677,4206.384568955426,4234.703519480552,43.47351948055257
TR-034163,2025-08-03,august,Dry Van,951.9,1989.32,1991.711015740656,1993.7330915090745,1992.722053624865,3.402053624865175
TR-034164,2025-08-03,august,Flatbed,644.7,1491.46,1472.286624917765,1478.5598752942474,1475.4232501060062,16.03674989399383
TR-034165,2025-08-03,august,Reefer,2564.8,4970.98,5105.317629720659,5091.144655212676,5098.231142466668,127.25114246666817
TR-034166,2025-08-03,august,Dry Van,1296.5,2540.65,2509.8542855520404,2525.2929722505974,2517.573628901319,23.076371098681193
TR-034167,2025-08-03,august,Flatbed,700.7,1601.44,1614.0808385700882,1568.1822605387922,1591.1315495544402,10.308450445559856
TR-034168,2025-08-03,august,Reefer,784.7,1942.11,1933.9775232760414,1891.6272247994884,1912.8023740377648,29.30762596223508
TR-034169,2025-08-03,august,Reefer,2861.8,5483.01,5635.545498120786,5584.004490393555,5609.77499425717,126.76499425716975
TR-034170,2025-08-03,august,Dry Van,1506.4,2853.29,2888.8628047473503,2924.4651137575897,2906.66395925247,53.37395925246983
TR-034171,2025-08-03,august,Flatbed,1192.4,2426.63,2476.317276241762,2397.071317346277,2436.6942967940195,10.064296794019356
TR-034172,2025-08-03,august,Reefer,1180.1,2585.32,2595.604104555166,2580.910770282667,2588.257437418916,2.9374374189160335
TR-034173,2025-08-03,august,Dry Van,765.4,1591.5,1546.683930212546,1548.6087954918303,1547.6463628521883,43.853637147811696
TR-034174,2025-08-03,august,Reefer,877.8,1895.4,1947.3865310325327,1952.584803636332,1949.9856673344325,54.5856673344324
TR-034175,2025-08-03,august,Dry Van,1942.2,3806.4,3882.5526588883095,3882.0458386302653,3882.2992487592874,75.89924875928727
TR-034176,2025-08-03,august,Dry Van,1855.8,3303.15,3376.5121261154027,3268.138561100716,3322.3253436080595,19.175343608059393
TR-034177,2025-08-03,august,Flatbed,275.5,666.29,671.019937290932,665.2463292344703,668.1331332627012,1.843133262701258
TR-034178,2025-08-03,august,Reefer,653.3,1447.17,1474.6688344581262,1460.7655231984795,1467.7171788283028,20.547178828302776
TR-034179,2025-08-03,august,Dry Van,282.5,708.77,681.1883494678971,678.4192296318447,679.8037895498709,28.966210450129097
TR-034180,2025-08-03,august,Flatbed,464.4,1114.64,1133.2427029661312,1104.9267742482689,1119.0847386072,4.444738607199952
TR-034181,2025-08-03,august,Reefer,1007.3,2235.33,2295.087140958684,2297.4222575799618,2296.254699269323,60.9246992693229
TR-034182,2025-08-03,august,Dry Van,1244.3,2499.42,2508.742484876504,2467.0620640848233,2487.9022744806634,11.517725519336636
TR-034183,2025-08-03,august,Flatbed,369.0,940.7,930.6859669869282,949.2908175566729,939.9883922718005,0.7116077281995103
TR-034184,2025-08-03,august,Dry Van,792.4,1599.3,1615.3424488416297,1568.4660216361344,1591.904235238882,7.395764761118016
TR-034185,2025-08-03,august,Reefer,2059.8,3844.87,4193.935322323019,4143.447404001703,4168.691363162361,323.8213631623612
TR-034186,2025-08-03,august,Flatbed,612.1,1496.87,1522.92280126567,1438.9773619405817,1480.950081603126,15.919918396873982
TR-034187,2025-08-03,august,Flatbed,2249.0,4209.92,4260.844022234135,4292.03692164096,4276.440471937547,66.52047193754697
TR-034188,2025-08-03,august,Dry Van,1377.3,2630.14,2632.9949509165385,2593.844113464427,2613.4195321904826,16.72046780951723
TR-034189,2025-08-03,august,Dry Van,758.0,1534.71,1509.9946750496313,1513.3353746732382,1511.6650248614346,23.044975138565405
TR-034190,2025-08-03,august,Flatbed,2586.5,5108.51,4984.535153978257,4995.908535760835,4990.221844869546,118.28815513045447
TR-034191,2025-08-03,august,Flatbed,426.4,986.8,998.2761362745483,968.3153740469334,983.2957551607408,3.5042448392591723
TR-034192,2025-08-03,august,Dry Van,1440.3,2780.68,2801.5931451431884,2807.9033803803886,2804.7482627617883,24.068262761788446
TR-034193,2025-08-03,august,Dry Van,1794.3,3518.46,3422.9898419557294,3476.836045557938,3449.9129437568336,68.54705624316648
TR-034194,2025-08-03,august,Reefer,2918.4,5849.97,5906.042468207054,5935.167496531065,5920.604982369059,70.63498236905889
TR-034195,2025-08-04,august,Flatbed,2333.4,4433.82,4596.172387629727,4505.611195254271,4550.891791441999,117.07179144199927
TR-034196,2025-08-04,august,Dry Van,512.6,1141.42,1157.3134924596022,1156.5474653871656,1156.9304789233838,15.510478923383744
TR-034197,2025-08-04,august,Dry Van,1478.4,2698.93,2750.716654342459,2792.34967819077,2771.533166266615,72.60316626661506
TR-034198,2025-08-04,august,Dry Van,769.3,1693.78,1626.6240500609858,1661.2570095874485,1643.9405298242173,49.83947017578271
TR-034199,2025-08-04,august,Dry Van,840.9,1631.85,1650.7554601372597,1605.1196807711522,1627.9375704542058,3.9124295457941116
TR-034200,2025-08-04,august,Dry Van,1108.3,2302.23,2253.0479380948327,2219.1604741487818,2236.1042061218072,66.12579387819278
TR-034201,2025-08-04,august,Dry Van,565.3,1197.74,1168.0756148400844,1194.0296125739578,1181.052613707021,16.687386292979
TR-034202,2025-08-04,august,Dry Van,797.7,1652.95,1613.100435427788,1648.2393601600356,1630.6698977939118,22.28010220608826
TR-034203,2025-08-04,august,Reefer,2097.2,4173.58,4289.091171066706,4229.081356149307,4259.086263608006,85.50626360800652
TR-034204,2025-08-04,august,Dry Van,206.0,544.52,523.387045786975,526.0226569288059,524.7048513578904,19.815148642109534
TR-034205,2025-08-04,august,Reefer,696.7,1714.21,1763.8835575561593,1724.8255963578745,1744.354576957017,30.144576957016852
TR-034206,2025-08-04,august,Reefer,837.4,2014.28,2028.6498189390188,1994.8165662726526,2011.7331926058357,2.5468073941642615
TR-034207,2025-08-04,august,Flatbed,2728.8,5205.12,5288.151611875589,5278.130638438137,5283.1411251568625,78.02112515686258
TR-034208,2025-08-04,august,Reefer,2308.3,4555.64,4769.187636124802,4670.761242138478,4719.97443913164,164.33443913163956
TR-034209,2025-08-04,august,Flatbed,1376.3,2874.24,2913.5580111101544,2998.969621215097,2956.2638161626255,82.02381616262574
TR-034210,2025-08-04,august,Flatbed,499.1,1124.02,1142.5834545849193,1120.4141923771035,1131.4988234810114,7.478823481011432
TR-034211,2025-08-04,august,Dry Van,446.9,1058.85,1035.5209888750699,1071.2246488761107,1053.3728188755904,5.477181124409526
TR-034212,2025-08-04,august,Dry Van,1027.5,2021.46,1987.5044676065893,2042.7867321834785,2015.145599895034,6.314400104966126
TR-034213,2025-08-04,august,Flatbed,184.7,496.18,493.7387323619987,476.13816457809503,484.93844847004686,11.241551529953142
TR-034214,2025-08-04,august,Dry Van,371.1,818.39,817.1325140898919,814.6161068784916,815.8743104841917,2.515689515808276
TR-034215,2025-08-04,august,Dry Van,3192.5,5739.34,5796.831857867612,5630.418073510914,5713.624965689263,25.715034310736883
TR-034216,2025-08-04,august,Reefer,539.2,1287.17,1328.905355515275,1300.4563512293107,1314.6808533722929,27.510853372292786
TR-034217,2025-08-04,august,Dry Van,2146.5,4069.8,4132.7954096086905,4160.374853482609,4146.585131545649,76.78513154564916
TR-034218,2025-08-04,august,Reefer,1077.3,2453.31,2463.6452584146664,2506.1899777543936,2484.9176180845297,31.607618084529804
TR-034219,2025-08-04,august,Dry Van,596.1,1230.35,1248.2518970682297,1237.640940961618,1242.9464190149238,12.596419014923868
TR-034220,2025-08-04,august,Dry Van,549.8,1174.26,1200.5552016633262,1191.739844323195,1196.1475229932607,21.887522993260745
TR-034221,2025-08-04,august,Dry Van,1279.3,2425.13,2392.2001373277717,2433.224303790171,2412.7122205589712,12.41777944102887
TR-034222,2025-08-04,august,Flatbed,206.9,555.03,544.1932383160076,533.3376047816012,538.7654215488044,16.264578451195575
TR-034223,2025-08-04,august,Dry Van,426.0,929.83,943.0372895882907,942.1162808239078,942.5767852060992,12.746785206099162
TR-034224,2025-08-04,august,Dry Van,626.0,1405.3,1366.7270088118673,1381.842745445747,1374.2848771288072,31.015122871192716
TR-034225,2025-08-04,august,Dry Van,979.9,2042.92,2070.0313398858807,2015.0505275035355,2042.5409336947082,0.3790663052918717
TR-034226,2025-08-04,august,Flatbed,382.0,914.06,872.1785865508951,890.4175162748706,881.2980514128828,32.761948587117104
TR-034227,2025-08-04,august,Reefer,883.2,2065.84,2042.2263788329024,2046.6998478171859,2044.463113325044,21.37688667495604
TR-034228,2025-08-04,august,Dry Van,870.3,1823.5,1794.779172030934,1798.671056670257,1796.7251143505955,26.774885649404496
TR-034229,2025-08-04,august,Reefer,1777.1,3910.43,3936.186645934286,3937.433113864835,3936.8098798995607,26.37987989956082
TR-034230,2025-08-04,august,Dry Van,837.1,1842.54,1821.8567335146213,1803.0142963958242,1812.4355149552227,30.10448504477722
TR-034231,2025-08-04,august,Dry Van,793.2,1603.2,1635.3775017734652,1614.9190813147284,1625.1482915440968,21.94829154409672
TR-034232,2025-08-04,august,Dry Van,1809.0,3369.66,3496.563807730303,3478.023175402098,3487.2934915662004,117.63349156620052
TR-034233,2025-08-04,august,Flatbed,2270.2,4594.78,4614.931889827328,4559.0260313873405,4586.978960607334,7.801039392666098
TR-034234,2025-08-04,august,Reefer,1253.4,2885.13,2871.7173007263063,2914.192896011412,2892.955098368859,7.825098368859017
TR-034235,2025-08-04,august,Dry Van,911.3,1769.96,1753.2580472526558,1727.7720392133597,1740.5150432330079,29.444956766992163
TR-034236,2025-08-04,august,Dry Van,1291.0,2419.31,2476.369644722692,2491.592509130923,2483.981076926808,64.67107692680793
TR-034237,2025-08-04,august,Flatbed,480.6,1220.66,1222.618417582161,1196.0785853813945,1209.348501481778,11.311498518222152
TR-034238,2025-08-04,august,Dry Van,2279.0,4257.67,4278.634819887392,4167.174922623981,4222.904871255687,34.76512874431319
TR-034239,2025-08-04,august,Reefer,873.8,2020.7,2096.3891827450284,2057.3698829544337,2076.879532849731,56.179532849730776
TR-034240,2025-08-04,august,Dry Van,641.9,1360.52,1341.0425653314396,1360.9012053046672,1350.9718853180534,9.548114681946572
TR-034241,2025-08-04,august,Dry Van,1947.5,3775.48,3756.3665076206903,3766.8798777450183,3761.623192682854,13.856807317145922
TR-034242,2025-08-04,august,Dry Van,765.7,1499.26,1505.2381307199564,1516.274139107099,1510.7561349135276,11.496134913527612
TR-034243,2025-08-04,august,Dry Van,994.6,2056.61,2061.741098592939,2067.912476071203,2064.826787332071,8.216787332070908
TR-034244,2025-08-04,august,Dry Van,899.7,1755.85,1697.3524277283207,1724.4204741955996,1710.8864509619602,44.96354903803967
TR-034245,2025-08-04,august,Flatbed,2283.8,4268.13,4410.118210237252,4358.847322413538,4384.482766325395,116.35276632539444
TR-034246,2025-08-04,august,Flatbed,1450.7,3159.4,3103.270405437322,3180.3963419913466,3141.8333737143344,17.566626285665734
TR-034247,2025-08-04,august,Dry Van,689.4,1446.35,1364.3803729101796,1442.5365348623914,1403.4584538862855,42.89154611371441
TR-034248,2025-08-04,august,Dry Van,502.6,1062.41,1094.1745631236058,1063.7408880638936,1078.9577255937497,16.547725593749647
TR-034249,2025-08-04,august,Dry Van,627.4,1385.14,1346.9346822072944,1351.443376108292,1349.1890291577931,35.95097084220697
TR-034250,2025-08-04,august,Reefer,439.6,1035.9,1044.6666332583427,1011.0426811591567,1027.8546572087498,8.045342791250278
TR-034251,2025-08-04,august,Dry Van,755.1,1628.37,1620.7962784007366,1644.915364589957,1632.8558214953468,4.485821495346954
TR-034252,2025-08-04,august,Dry Van,653.3,1360.36,1369.947938345246,1403.2001994126895,1386.5740688789679,26.214068878967964
TR-034253,2025-08-04,august,Flatbed,982.7,2183.5,2118.43169984458,2144.908037125532,2131.669868485056,51.83013151494379
TR-034254,2025-08-04,august,Flatbed,493.5,1201.83,1204.5358530786384,1177.8145579481343,1191.1752055133863,10.654794486613582
TR-034255,2025-08-04,august,Reefer,704.8,1606.21,1607.4221373899863,1622.702554206355,1615.0623457981706,8.852345798170518
TR-034256,2025-08-04,august,Reefer,2076.7,4299.9,4439.080141499562,4339.639463384383,4389.3598024419725,89.4598024419729
TR-034257,2025-08-04,august,Dry Van,620.3,1327.57,1295.6412886574083,1314.8499782444433,1305.2456334509257,22.324366549074284
TR-034258,2025-08-04,august,Dry Van,559.4,1289.89,1269.5217561809093,1282.2740381278413,1275.8978971543752,13.992102845624913
TR-034259,2025-08-04,august,Dry Van,1770.0,3352.59,3557.8440647768407,3407.544636799209,3482.694350788025,130.10435078802493
TR-034260,2025-08-04,august,Dry Van,285.6,641.88,635.1467591663536,630.0510193115258,632.5988892389397,9.28111076106029
TR-034261,2025-08-04,august,Dry Van,747.2,1522.0,1497.33431141849,1512.4135681329926,1504.8739397757413,17.12606022425871
TR-034262,2025-08-04,august,Reefer,1067.8,2519.83,2538.0928530352435,2546.618391196749,2542.355622115996,22.525622115996157
TR-034263,2025-08-04,august,Dry Van,89.7,248.66,234.3607564500581,289.5083669341043,261.93456169208116,13.274561692081164
TR-034264,2025-08-04,august,Dry Van,437.6,1027.69,1001.477349355684,991.0526039889323,996.2649766723082,31.42502332769186
TR-034265,2025-08-04,august,Dry Van,2738.8,4711.58,4880.074129924915,4835.445510516374,4857.7598202206445,146.17982022064461
TR-034266,2025-08-04,august,Dry Van,2726.7,4878.94,4888.7571817270145,4886.736694952739,4887.746938339877,8.806938339876979
TR-034267,2025-08-04,august,Dry Van,2657.3,4529.6,4710.301405807908,4586.846398733132,4648.57390227052,118.97390227051983
TR-034268,2025-08-04,august,Dry Van,1079.9,2164.46,2120.4039601789354,2155.7759185221025,2138.0899393505188,26.370060649481275
TR-034269,2025-08-04,august,Reefer,213.9,640.47,635.6761725389287,640.4578813100782,638.0670269245034,2.402973075496675
TR-034270,2025-08-04,august,Dry Van,189.7,505.89,501.24122267904517,501.391676711374,501.3164496952096,4.573550304790388
TR-034271,2025-08-04,august,Dry Van,1877.6,3640.33,3750.036700896004,3656.4591398092844,3703.247920352644,62.91792035264416
TR-034272,2025-08-04,august,Reefer,2559.4,5176.26,5250.251813878619,5306.217349266821,5278.23458157272,101.97458157272013
TR-034273,2025-08-04,august,Dry Van,740.0,1518.94,1490.5427376607497,1504.7617075013732,1497.6522225810613,21.28777741893873
TR-034274,2025-08-04,august,Dry Van,2553.9,4728.14,4769.049392025848,4651.4735307871015,4710.261461406475,17.878538593525263
TR-034275,2025-08-04,august,Flatbed,334.6,841.73,818.120927864282,820.3946131052414,819.2577704847617,22.47222951523827
TR-034276,2025-08-04,august,Dry Van,280.9,635.9,638.1272036568841,653.3317226365291,645.7294631467066,9.829463146706644
TR-034277,2025-08-04,august,Dry Van,2655.5,4559.79,4799.802222152634,4620.405445196839,4710.103833674737,150.313833674737
TR-034278,2025-08-04,august,Dry Van,408.1,1004.28,997.0126997993984,983.6680038170314,990.3403518082149,13.939648191785068
TR-034279,2025-08-04,august,Reefer,722.0,1833.6,1818.078085187648,1786.5102952257248,1802.2941902066864,31.30580979331353
TR-034280,2025-08-04,august,Dry Van,440.2,1038.09,990.2520639033918,991.3424371462977,990.7972505248447,47.29274947515523
TR-034281,2025-08-04,august,Flatbed,280.8,740.9,737.8091838917643,743.2197982515813,740.5144910716729,0.3855089283271127
TR-034282,2025-08-04,august,Flatbed,907.4,1789.47,1844.0995213181152,1855.4685657899563,1849.7840435540356,60.31404355403561
TR-034283,2025-08-04,august,Dry Van,1241.0,2485.16,2593.9001828527857,2537.6333192918764,2565.7667510723313,80.60675107233146
TR-034284,2025-08-04,august,Reefer,2931.1,6054.63,6020.244107724992,5983.6687297731505,6001.956418749071,52.67358125092869
TR-034285,2025-08-04,august,Dry Van,2249.0,3966.47,4067.9720172771868,4047.456209106463,4057.714113191825,91.24411319182536
TR-034286,2025-08-04,august,Dry Van,785.3,1510.89,1497.752946351201,1500.6514384152115,1499.2021923832062,11.687807616793862
TR-034287,2025-08-04,august,Reefer,1918.1,4169.66,4155.584763665664,4237.33818038771,4196.461472026687,26.801472026687406
TR-034288,2025-08-04,august,Dry Van,992.4,9535.05,2142.788387842757,2103.6605184435084,2123.2244531431325,7411.825546856867
TR-034289,2025-08-04,august,Reefer,1416.1,3026.98,3004.273422509371,3002.300356304406,3003.2868894068883,23.69311059311167
TR-034290,2025-08-04,august,Reefer,513.5,1328.05,1328.8507148386898,1341.433902611577,1335.1423087251333,7.092308725133307
TR-034291,2025-08-04,august,Dry Van,2266.2,4440.66,4365.656961899115,4338.227427570278,4351.942194734696,88.71780526530347
TR-034292,2025-08-04,august,Dry Van,891.4,1812.55,1810.587699514356,1830.4817447327,1820.534722123528,7.984722123527945
TR-034293,2025-08-04,august,Flatbed,937.3,2055.41,2042.5630148759496,2043.7189611519095,2043.1409880139295,12.269011986070382
TR-034294,2025-08-04,august,Flatbed,829.2,1849.82,1826.2496006360293,1843.695162064215,1834.9723813501223,14.847618649877631
TR-034295,2025-08-04,august,Reefer,747.2,1657.43,1694.5011472666104,1660.860102932911,1677.6806250997606,20.250625099760555
TR-034296,2025-08-04,august,Dry Van,1058.4,2146.11,2193.875731754717,2135.032185829538,2164.453958792127,18.34395879212707
TR-034297,2025-08-04,august,Reefer,1082.1,2410.89,2442.604344982086,2447.6095667714744,2445.1069558767804,34.2169558767805
TR-034298,2025-08-04,august,Reefer,1788.3,3727.79,3815.9376290031946,3821.9927102706697,3818.965169636932,91.17516963693197
TR-034299,2025-08-04,august,Flatbed,1087.5,2297.53,2389.5802910810703,2335.5879033894735,2362.5840972352717,65.05409723527146
TR-034300,2025-08-04,august,Flatbed,656.9,1583.33,1610.257833202154,1584.7959109027568,1597.5268720524555,14.196872052455547
TR-034301,2025-08-04,august,Dry Van,790.2,1634.34,1610.2737255507966,1593.720175229732,1601.9969503902644,32.343049609735544
TR-034302,2025-08-04,august,Reefer,2079.0,4028.12,4196.926574982011,4183.934122472701,4190.4303487273555,162.31034872735563
TR-034303,2025-08-04,august,Dry Van,1383.8,2668.88,2691.267499328618,2673.5933589914675,2682.430429160043,13.550429160042768
TR-034304,2025-08-04,august,Reefer,1873.6,3789.94,3979.250151787135,3948.2866351754155,3963.7683934812753,173.82839348127527
TR-034305,2025-08-04,august,Reefer,769.8,1838.66,1834.1171770597475,1817.2040019867065,1825.660589523227,12.999410476773164
TR-034306,2025-08-04,august,Dry Van,1743.8,3284.95,3296.910443610726,3212.8503383758575,3254.8803909932917,30.069609006708106
TR-034307,2025-08-04,august,Dry Van,1447.7,2766.64,2730.0299760239595,2788.9111116225004,2759.47054382323,7.169456176769927
TR-034308,2025-08-04,august,Dry Van,934.1,1823.03,1873.6970937566662,1875.4387643377881,1874.5679290472272,51.53792904722718
TR-034309,2025-08-04,august,Dry Van,434.7,1044.58,1054.5618413487612,1037.0339099929133,1045.7978756708371,1.217875670837202
TR-034310,2025-08-04,august,Dry Van,2412.9,4393.14,4481.804002541319,4394.626032805536,4438.215017673428,45.07501767342728
TR-034311,2025-08-04,august,Dry Van,699.4,1450.62,1464.8413429008453,1471.1548082078587,1467.998075554352,17.378075554352108
TR-034312,2025-08-04,august,Flatbed,1014.4,2253.42,2288.32237626206,2299.9905243361345,2294.1564502990973,40.736450299097214
TR-034313,2025-08-04,august,Dry Van,1824.8,3448.82,3518.949016321408,3512.501220090984,3515.7251182061964,66.90511820619622
TR-034314,2025-08-04,august,Reefer,1643.2,3442.31,3509.3479751765117,3428.9017007643915,3469.1248379704516,26.814837970451663
TR-034315,2025-08-04,august,Dry Van,904.4,1820.23,1885.6430436565038,1845.115752195476,1865.37939792599,45.14939792598989
TR-034316,2025-08-04,august,Dry Van,450.4,973.57,988.9602216165963,985.8071636948405,987.3836926557184,13.813692655718341
TR-034317,2025-08-04,august,Flatbed,2642.8,5239.8,5243.012375696207,5345.084153720196,5294.048264708201,54.24826470820062
TR-034318,2025-08-04,august,Flatbed,2047.6,4093.97,4162.60412839817,4166.621100725269,4164.61261456172,70.64261456172017
TR-034319,2025-08-04,august,Dry Van,844.2,1613.39,1645.265325953288,1609.5135329590794,1627.3894294561837,13.999429456183634
TR-034320,2025-08-04,august,Reefer,2324.6,4606.36,4762.980168121547,4681.6425780232785,4722.311373072413,115.95137307241293
TR-034321,2025-08-04,august,Dry Van,306.7,745.45,728.7598525798862,745.6369846681837,737.198418624035,8.251581375965088
TR-034322,2025-08-04,august,Dry Van,1118.4,2229.87,2212.3296241290527,2194.737392932967,2203.53350853101,26.33649146899006
TR-034323,2025-08-04,august,Dry Van,188.8,510.54,480.44683353443105,492.46215191933675,486.4544927268839,24.085507273116093
TR-034324,2025-08-04,august,Flatbed,313.1,812.25,807.4946433021338,821.5477702330932,814.5212067676134,2.271206767613421
TR-034325,2025-08-04,august,Dry Van,2519.9,4493.48,4682.792708733257,4681.864909985594,4682.328809359426,188.848809359426
TR-034326,2025-08-04,august,Dry Van,1125.2,2353.03,2354.9638449412014,2309.7692248278827,2332.366534884542,20.663465115458166
TR-034327,2025-08-04,august,Reefer,682.7,1513.03,1530.4470333147972,1508.4129410225041,1519.4299871686508,6.399987168650796
TR-034328,2025-08-04,august,Dry Van,685.0,1388.9,1362.8608391310804,1415.4388123149242,1389.1498257230023,0.24982572300223183
TR-034329,2025-08-04,august,Dry Van,922.6,1854.39,1844.2718605381503,1838.759567250268,1841.515713894209,12.874286105791043
TR-034330,2025-08-04,august,Dry Van,1138.9,2229.01,2180.2688932431975,2236.069446245343,2208.16916974427,20.840830255729998
TR-034331,2025-08-04,august,Dry Van,2647.9,4627.9,4886.109310707608,4763.3698496447105,4824.7395801761595,196.83958017615987
TR-034332,2025-08-04,august,Reefer,401.3,979.33,983.0492959204419,972.8382066418055,977.9437512811237,1.3862487188763453
TR-034333,2025-08-04,august,Reefer,335.0,920.74,898.0326042453155,907.3275264831416,902.6800653642285,18.05993463577147
TR-034334,2025-08-04,august,Dry Van,1454.5,2873.26,2828.6319644592213,2900.100281738448,2864.3661230988346,8.89387690116564
TR-034335,2025-08-04,august,Flatbed,1146.5,2465.47,2457.3170348400304,2454.3680660165273,2455.8425504282786,9.627449571721172
TR-034336,2025-08-04,august,Reefer,672.8,1666.71,1627.888820570127,1605.7526348067684,1616.8207276884477,49.889272311552304
TR-034337,2025-08-04,august,Reefer,1072.9,2475.46,2488.207123829188,2512.0372480005444,2500.1221859148663,24.662185914866313
TR-034338,2025-08-04,august,Dry Van,1400.7,2665.16,2767.0892763843235,2699.680785432777,2733.38503090855,68.22503090855025
TR-034339,2025-08-04,august,Dry Van,689.1,1533.45,1471.1788459802747,1523.3424982013921,1497.2606720908334,36.18932790916665
TR-034340,2025-08-04,august,Dry Van,1216.3,2263.51,2267.2198349265504,2270.0860674883834,2268.6529512074667,5.142951207466467
TR-034341,2025-08-04,august,Reefer,695.4,1592.43,1587.6227204719128,1574.8388043646432,1581.2307624182781,11.199237581721945
TR-034342,2025-08-04,august,Reefer,1255.4,2636.22,2767.9488798547504,2740.5438884459927,2754.2463841503713,118.02638415037154
TR-034343,2025-08-04,august,Reefer,2736.0,5367.45,5569.794736216453,5461.904433643694,5515.849584930073,148.39958493007362
TR-034344,2025-08-04,august,Dry Van,70.0,82.38,243.3772619610126,264.8559135710202,254.1165877660164,171.7365877660164
TR-034345,2025-08-04,august,Reefer,865.6,1907.08,1987.579271171566,1954.0132207949596,1970.796245983263,63.71624598326298
TR-034346,2025-08-04,august,Dry Van,375.5,854.18,842.3078751552056,837.636339220106,839.9721071876559,14.207892812344085
TR-034347,2025-08-04,august,Dry Van,781.1,1621.68,1617.0818767811038,1659.882224317561,1638.4820505493324,16.802050549332307
TR-034348,2025-08-04,august,Dry Van,658.0,1420.42,1379.400725147336,1400.220039032938,1389.810382090137,30.60961790986312
TR-034349,2025-08-04,august,Dry Van,317.2,741.02,748.5396524408178,748.4458100901206,748.4927312654693,7.472731265469292
TR-034350,2025-08-04,august,Reefer,1204.3,2748.76,2765.508025428461,2808.242575481562,2786.8753004550117,38.11530045501149
TR-034351,2025-08-04,august,Flatbed,699.8,1467.12,1499.3365777513106,1470.6775107622063,1485.0070442567585,17.8870442567586
TR-034352,2025-08-04,august,Reefer,208.9,608.22,575.4403386321231,623.8791566889179,599.6597476605205,8.560252339479575
TR-034353,2025-08-04,august,Dry Van,1184.7,2315.85,2319.3381317815697,2300.135097812453,2309.7366147970115,6.113385202988411
TR-034354,2025-08-04,august,Dry Van,1083.4,1961.23,2015.5956998580598,2035.8791491447694,2025.7374245014146,64.50742450141456
TR-034355,2025-08-04,august,Dry Van,1017.3,1926.33,1926.504001575542,1924.8280853866129,1925.6660434810774,0.6639565189225323
TR-034356,2025-08-04,august,Reefer,486.4,1232.75,1203.8796924869034,1171.509304063115,1187.6944982750092,45.05550172499079
TR-034357,2025-08-04,august,Dry Van,750.6,1616.46,1592.625139915984,1585.574105853279,1589.0996228846316,27.360377115368465
TR-034358,2025-08-04,august,Reefer,260.4,700.54,700.5553223484272,727.0367926125327,713.7960574804799,13.256057480479967
TR-034359,2025-08-04,august,Dry Van,1054.3,1992.66,2052.690179665691,2037.3491348493249,2045.019657257508,52.35965725750793
TR-034360,2025-08-04,august,Dry Van,589.9,1143.93,1161.839441803876,1153.3090166352165,1157.5742292195464,13.644229219546332
TR-034361,2025-08-04,august,Dry Van,1347.5,2587.81,2647.0190150969047,2651.786006097851,2649.402510597378,61.592510597377895
TR-034362,2025-08-04,august,Reefer,430.1,1025.42,997.9894676679414,977.6134062762494,987.8014369720954,37.618563027904656
TR-034363,2025-08-04,august,Reefer,1762.9,3641.08,3678.4543245108634,3704.9286210637542,3691.691472787309,50.61147278730914
TR-034364,2025-08-04,august,Reefer,1992.6,4015.52,4143.574717535007,4080.2544854906587,4111.914601512833,96.39460151283265
TR-034365,2025-08-04,august,Dry Van,1999.4,3662.47,3854.901725693948,3771.994724198118,3813.448224946033,150.97822494603315
TR-034366,2025-08-04,august,Reefer,2735.2,5332.84,5412.344486218739,5429.415015540049,5420.879750879394,88.03975087939398
TR-034367,2025-08-04,august,Flatbed,724.2,338.67,1690.5234905174113,1649.6236852966358,1670.0735879070235,1331.4035879070234
TR-034368,2025-08-04,august,Reefer,1128.2,2585.17,2508.6566979531144,2470.7642981349754,2489.710498044045,95.45950195595515
TR-034369,2025-08-04,august,Dry Van,2116.2,4040.31,4098.957388009321,4174.960026819555,4136.958707414438,96.64870741443838
TR-034370,2025-08-05,august,Dry Van,1193.2,2410.27,2421.54044347129,2471.3411671088625,2446.4408052900762,36.17080529007626
TR-034371,2025-08-05,august,Flatbed,1164.6,2609.36,2636.7368745564677,2637.246780163467,2636.9918273599674,27.631827359967247
TR-034372,2025-08-05,august,Dry Van,1031.3,2077.72,2036.8664811006772,2056.583373169346,2046.7249271350115,30.995072864988288
TR-034373,2025-08-05,august,Reefer,2633.0,5393.67,5373.965429200715,5291.286765644057,5332.626097422386,61.04390257761406
TR-034374,2025-08-05,august,Dry Van,1444.5,7603.41,2722.708953420929,2682.059570597581,2702.384262009255,4901.025737990745
TR-034375,2025-08-05,august,Dry Van,3111.3,5775.22,5644.756827018328,5512.405649317696,5578.581238168012,196.63876183198863
TR-034376,2025-08-05,august,Reefer,2136.0,4295.11,4434.666714517654,4404.676693462463,4419.671703990059,124.56170399005896
TR-034377,2025-08-05,august,Dry Van,310.8,741.1,756.2667886970733,721.8205596342543,739.0436741656638,2.056325834336235
TR-034378,2025-08-05,august,Flatbed,3181.5,5948.94,6160.744036455345,5954.692053690314,6057.71804507283,108.77804507283054
TR-034379,2025-08-05,august,Flatbed,1523.1,3221.66,3267.644792328827,3278.0656612942685,3272.8552268115477,51.195226811547855
TR-034380,2025-08-05,august,Dry Van,1238.6,2535.21,2518.1000693169913,2496.736719879857,2507.418394598424,27.791605401575907
TR-034381,2025-08-05,august,Flatbed,1015.6,2264.45,2342.5802842507537,2288.5698415838183,2315.5750629172862,51.125062917286414
TR-034382,2025-08-05,august,Flatbed,367.9,929.32,951.3716896161948,946.5875151738537,948.9796023950242,19.659602395024194
TR-034383,2025-08-05,august,Dry Van,871.1,1684.17,1740.7983773478732,1764.3556109805422,1752.5769941642077,68.40699416420762
TR-034384,2025-08-05,august,Dry Van,1224.4,2561.56,2591.5785430233236,2534.345584073981,2562.9620635486526,1.4020635486526771
TR-034385,2025-08-05,august,Flatbed,1204.2,2549.96,2637.835168347626,2597.752601150159,2617.7938847488927,67.83388474889261
TR-034386,2025-08-05,august,Flatbed,330.7,865.02,836.2878346933488,860.2973734738619,848.2926040836053,16.7273959163947
TR-034387,2025-08-05,august,Dry Van,411.9,891.95,899.092255218825,887.991600482872,893.5419278508484,1.5919278508483785
TR-034388,2025-08-05,august,Reefer,2269.5,4647.65,4651.969746301251,4664.423821866215,4658.196784083733,10.546784083733655
TR-034389,2025-08-05,august,Dry Van,1304.8,2462.49,2554.0520556848073,2533.3295655383467,2543.690810611577,81.20081061157725
TR-034390,2025-08-05,august,Reefer,765.1,1773.53,1804.5422460963446,1793.6591627348646,1799.1007044156045,25.570704415604496
TR-034391,2025-08-05,august,Flatbed,1458.2,3222.22,3176.3913732645624,3178.8199216513854,3177.6056474579736,44.614352542026154
TR-034392,2025-08-05,august,Reefer,432.4,1067.27,1071.5905030942413,1047.1627252687742,1059.3766141815076,7.893385818492334
TR-034393,2025-08-05,august,Reefer,940.8,2240.2,2244.7915496551886,2246.494938042498,2245.643243848843,5.4432438488433945
TR-034394,2025-08-05,august,Flatbed,1003.1,2341.02,2339.567793739329,2324.1234950850494,2331.8456444121894,9.174355587810624
TR-034395,2025-08-05,august,Dry Van,184.2,489.57,480.69581608022713,497.7337718065294,489.21479394337825,0.3552060566217392
TR-034396,2025-08-05,august,Reefer,1086.6,2541.24,2598.4291431535335,2582.568517889436,2590.4988305214847,49.258830521484924
TR-034397,2025-08-05,august,Dry Van,863.5,1707.9,1748.2300157488962,1763.0658028084808,1755.6479092786885,47.74790927868844
TR-034398,2025-08-05,august,Dry Van,2538.2,4630.38,4637.198042330971,4644.598317494532,4640.898179912751,10.518179912751293
TR-034399,2025-08-05,august,Dry Van,876.5,1826.7,1812.4686223707517,1831.1706465820835,1821.8196344764176,4.880365523582441
TR-034400,2025-08-05,august,Dry Van,926.3,1936.01,1934.3332345712672,1912.433084307359,1923.3831594393132,12.626840560686787
TR-034401,2025-08-05,august,Dry Van,782.9,1582.5,1571.708822915305,1579.2071060675162,1575.4579644914106,7.042035508589379
TR-034402,2025-08-05,august,Dry Van,609.3,1297.18,1289.2459010000186,1258.7948893906714,1274.020395195345,23.159604804655146
TR-034403,2025-08-05,august,Dry Van,583.8,1243.28,1237.8740759172229,1248.184002097645,1243.0290390074338,0.2509609925662062
TR-034404,2025-08-05,august,Reefer,470.3,1101.62,1075.4958032012762,1049.073463445227,1062.2846333232515,39.335366676748436
TR-034405,2025-08-05,august,Flatbed,1158.1,2401.2,2479.66218072316,2349.718885336655,2414.690533029908,13.490533029907965
TR-034406,2025-08-05,august,Dry Van,1576.1,2920.43,3045.637000897215,3028.3104663271497,3036.9737336121825,116.54373361218268
TR-034407,2025-08-05,august,Flatbed,728.2,1581.08,1632.3205785257987,1615.165138584135,1623.742858554967,42.66285855496699
TR-034408,2025-08-05,august,Dry Van,763.5,1600.53,1590.448467783798,1619.5580533102423,1605.00326054702,4.473260547020118
TR-034409,2025-08-05,august,Dry Van,1114.1,2317.05,2361.179769215291,2321.4250192529057,2341.3023942340983,24.25239423409812
TR-034410,2025-08-05,august,Dry Van,1005.6,2042.95,2000.2810924887401,2017.334941053399,2008.8080167710696,34.141983228930485
TR-034411,2025-08-05,august,Dry Van,1593.9,3080.48,3187.812028524776,3150.3808123889667,3169.0964204568713,88.61642045687131
TR-034412,2025-08-05,august,Reefer,1390.1,3217.56,3166.6130115806427,3177.01791510618,3171.8154633434115,45.74453665658848
TR-034413,2025-08-05,august,Reefer,591.0,1378.3,1370.6771752182403,1365.6183168976745,1368.1477460579574,10.152253942042535
TR-034414,2025-08-05,august,Reefer,1500.0,3221.63,3318.1172902047397,3317.6858951851455,3317.9015926949423,96.27159269494223
TR-034415,2025-08-05,august,Dry Van,914.5,1904.92,1913.5013106429064,1890.3078681293186,1901.9045893861125,3.015410613887525
TR-034416,2025-08-05,august,Reefer,1105.0,2562.63,2531.431771017055,2555.091590199339,2543.261680608197,19.368319391803198
TR-034417,2025-08-05,august,Dry Van,1307.7,2596.53,2615.5220975055654,2581.319761694982,2598.4209296002737,1.8909296002734663
TR-034418,2025-08-05,august,Flatbed,650.8,349.06,1515.179152911416,1513.580813472728,1514.379983192072,1165.319983192072
TR-034419,2025-08-05,august,Flatbed,1735.8,3354.77,3475.9592380259546,3509.306638982829,3492.632938504392,137.86293850439188
TR-034420,2025-08-05,august,Reefer,861.2,2064.16,2111.2599587818254,2067.47108164042,2089.3655202111227,25.205520211122803
TR-034421,2025-08-05,august,Dry Van,686.9,1395.34,1374.03907882495,1427.7297518645582,1400.884415344754,5.544415344754043
TR-034422,2025-08-05,august,Dry Van,801.0,1571.81,1520.4018056583075,1530.2206455338098,1525.3112255960586,46.4987744039413
TR-034423,2025-08-05,august,Flatbed,516.8,1186.51,1179.7342544252413,1205.9581415428997,1192.8461979840704,6.336197984070395
TR-034424,2025-08-05,august,Dry Van,2836.1,5192.12,5193.998057580381,5126.755201918799,5160.3766297495895,31.743370250410408
TR-034425,2025-08-05,august,Flatbed,606.8,1463.87,1483.990201224504,1457.1443207783482,1470.5672610014262,6.697261001426341
TR-034426,2025-08-05,august,Flatbed,893.0,2073.3,2064.1000180864953,2042.7052220057542,2053.402620046125,19.897379953875316
TR-034427,2025-08-05,august,Reefer,1398.5,3183.27,3225.4303106781504,3237.2507062048753,3231.3405084415126,48.07050844151263
TR-034428,2025-08-05,august,Dry Van,957.6,2038.22,1982.385921440669,1959.7634781652741,1971.0746998029717,67.14530019702829
TR-034429,2025-08-05,august,Dry Van,442.7,983.42,985.3901530734298,968.3041840145524,976.8471685439911,6.572831456008885
TR-034430,2025-08-05,august,Dry Van,679.3,1497.67,1456.1934125749408,1479.1813173837816,1467.687364979361,29.98263502063901
TR-034431,2025-08-05,august,Flatbed,1415.9,2913.62,2920.515053010044,2917.6798392781425,2919.0974461440933,5.477446144093392
TR-034432,2025-08-05,august,Dry Van,993.8,1938.59,1919.8516294403566,1907.6138309782104,1913.7327302092835,24.857269790716373
TR-034433,2025-08-05,august,Reefer,424.0,1078.55,1106.592574525955,1082.05471754356,1094.3236460347575,15.773646034757576
TR-034434,2025-08-05,august,Reefer,279.0,792.34,748.6235337996676,764.8194087630845,756.7214712813761,35.61852871862391
TR-034435,2025-08-05,august,Dry Van,2257.1,4163.41,4209.940785002422,4072.0565459901773,4140.9986654962995,22.411334503700346
TR-034436,2025-08-05,august,Flatbed,647.1,1475.54,1426.4272558227913,1444.427087401304,1435.4271716120477,40.11282838795228
TR-034437,2025-08-05,august,Flatbed,1099.3,2220.69,2341.414355733938,2245.5766639286903,2293.495509831314,72.80550983131388
TR-034438,2025-08-05,august,Dry Van,394.3,949.44,911.9972245076552,938.8004511889608,925.398837848308,24.041162151692106
TR-034439,2025-08-05,august,Dry Van,749.2,1589.66,1518.5557106990325,1557.394006560786,1537.9748586299092,51.68514137009083
TR-034440,2025-08-05,august,Dry Van,466.5,1024.25,1033.1552119761523,1045.6717806556094,1039.4134963158808,15.16349631588082
TR-034441,2025-08-05,august,Reefer,123.1,366.28,368.7540181402346,386.71882838569877,377.7364232629667,11.456423262966723
TR-034442,2025-08-05,august,Reefer,297.3,764.88,796.1339303840473,835.8745025438188,816.0042164639331,51.12421646393307
TR-034443,2025-08-05,august,Dry Van,391.9,860.72,846.5081216618767,847.9038951489658,847.2060084054212,13.513991594578783
TR-034444,2025-08-05,august,Dry Van,177.8,477.32,465.6756706807159,482.0503314836369,473.8630010821764,3.4569989178235687
TR-034445,2025-08-05,august,Reefer,2551.1,4848.75,5040.0827202789615,5045.059789153796,5042.5712547163785,193.82125471637846
TR-034446,2025-08-05,august,Dry Van,2339.2,4237.76,4388.349862563824,4369.115322051801,4378.732592307812,140.9725923078122
TR-034447,2025-08-05,august,Dry Van,1927.4,3677.63,3689.0865701954813,3716.3691653729015,3702.7278677841914,25.097867784191294
TR-034448,2025-08-05,august,Reefer,747.7,1930.97,1925.283161386097,1879.0128568826137,1902.1480091343553,28.821990865644693
TR-034449,2025-08-05,august,Flatbed,1101.2,2321.74,2377.767523458904,2352.477283477429,2365.1224034681663,43.38240346816656
TR-034450,2025-08-05,august,Dry Van,2148.3,4024.05,4001.0429121800994,4071.3584300032085,4036.200671091654,12.150671091653749
TR-034451,2025-08-05,august,Dry Van,233.1,561.29,553.7912959649066,547.7338192724083,550.7625576186574,10.527442381342553
TR-034452,2025-08-05,august,Flatbed,1614.8,3449.99,3447.228805946725,3446.92597672971,3447.0773913382172,2.912608661782542
TR-034453,2025-08-05,august,Dry Van,1023.3,2045.13,2077.8022715014536,2085.200874206367,2081.50157285391,36.37157285391004
TR-034454,2025-08-05,august,Dry Van,1218.9,2469.73,2530.663944300342,2523.7505027984334,2527.207223549388,57.47722354938787
TR-034455,2025-08-05,august,Reefer,164.0,534.28,458.35295553031744,576.2482470164264,517.300601273372,16.979398726628006
TR-034456,2025-08-05,august,Dry Van,1865.3,3568.16,3649.6782630511525,3639.6483541851003,3644.6633086181264,76.50330861812654
TR-034457,2025-08-05,august,Flatbed,181.8,502.26,494.62504560148244,494.6258472568968,494.62544642918965,7.63455357081034
TR-034458,2025-08-05,august,Dry Van,731.5,1552.87,1483.7133945983742,1522.9851401882597,1503.349267393317,49.52073260668294
TR-034459,2025-08-05,august,Dry Van,181.7,438.64,453.00788543021554,441.28052195722967,447.1442036937226,8.504203693722616
TR-034460,2025-08-05,august,Dry Van,155.2,430.62,423.4336026780761,429.4038957216437,426.4187491998599,4.2012508001400874
TR-034461,2025-08-05,august,Reefer,1308.3,2856.44,2894.6423942070664,2887.057347882684,2890.8498710448753,34.40987104487522
TR-034462,2025-08-05,august,Reefer,747.2,1578.16,1675.88307375533,1631.885190034911,1653.8841318951204,75.72413189512031
TR-034463,2025-08-05,august,Dry Van,1389.5,2809.0,2791.8716208262153,2791.143944835753,2791.507782830984,17.49221716901593
TR-034464,2025-08-05,august,Dry Van,307.8,738.95,744.6157203856717,736.1172186986641,740.3664695421679,1.4164695421678744
TR-034465,2025-08-05,august,Dry Van,1565.8,3050.77,3163.950961720499,3136.683914163506,3150.3174379420025,99.54743794200249
TR-034466,2025-08-05,august,Dry Van,1084.9,2161.55,2265.0853028039314,2142.1649076988274,2203.6251052513794,42.07510525137923
TR-034467,2025-08-05,august,Flatbed,1520.7,3147.3,3188.9789933696143,3166.772640329682,3177.875816849648,30.57581684964771
TR-034468,2025-08-05,august,Dry Van,2182.4,4379.71,4211.520126429406,4231.585038543448,4221.552582486427,158.1574175135729
TR-034469,2025-08-05,august,Dry Van,576.6,1210.94,1240.6487595906476,1248.3558941950896,1244.5023268928685,33.56232689286844
TR-034470,2025-08-05,august,Dry Van,1839.1,3496.1,3450.482696288221,3434.129481509628,3442.306088898925,53.79391110107508
TR-034471,2025-08-05,august,Dry Van,129.9,364.77,380.0042823043925,393.41338574553674,386.70883402496463,21.93883402496465
TR-034472,2025-08-05,august,Dry Van,2015.2,3702.59,3712.230237382623,3689.7321765907245,3700.981206986674,1.608793013326249
TR-034473,2025-08-05,august,Dry Van,1235.4,2476.29,2465.215801998401,2440.7406646686372,2452.978233333519,23.311766666481162
TR-034474,2025-08-05,august,Dry Van,1170.0,7436.41,2279.2869411856677,2295.242926343727,2287.264933764697,5149.145066235303
TR-034475,2025-08-05,august,Dry Van,1002.3,1994.59,2028.6314189578522,2027.568026197784,2028.0997225778183,33.509722577818366
TR-034476,2025-08-05,august,Reefer,1045.7,2463.96,2452.231546080925,2473.803674700817,2463.0176103908707,0.94238960912935
TR-034477,2025-08-05,august,Flatbed,1275.8,2804.39,2798.284424626186,2818.884952038182,2808.5846883321838,4.194688332183887
TR-034478,2025-08-05,august,Flatbed,1715.7,3466.51,3486.3695111230995,3521.386700406854,3503.8781057649767,37.36810576497646
TR-034479,2025-08-05,august,Dry Van,2625.3,4889.68,4886.967716806055,4847.306282460399,4867.136999633227,22.543000366773413
TR-034480,2025-08-05,august,Dry Van,460.0,1054.06,1056.664259151426,1052.6296344218467,1054.6469467866364,0.5869467866364175
TR-034481,2025-08-05,august,Dry Van,786.6,1483.67,1548.5423655021516,1531.5994587976397,1540.0709121498958,56.4009121498957
TR-034482,2025-08-05,august,Reefer,923.0,1979.01,2047.5235484970476,2036.432217565729,2041.9778830313883,62.96788303138828
TR-034483,2025-08-05,august,Dry Van,792.6,1686.96,1692.559227754024,1674.9977354448342,1683.7784815994291,3.1815184005708943
TR-034484,2025-08-05,august,Dry Van,2248.1,4154.61,4136.256289960119,4140.559880287626,4138.408085123872,16.201914876127375
TR-034485,2025-08-05,august,Dry Van,911.7,1715.32,1703.2490144126052,1728.5309509509198,1715.8899826817624,0.5699826817624398
TR-034486,2025-08-05,august,Dry Van,1043.0,2112.99,2147.4724602245105,2201.797175546833,2174.6348178856715,61.64481788567173
TR-034487,2025-08-05,august,Flatbed,2664.4,4902.04,5066.154529822937,5068.512472462556,5067.333501142746,165.2935011427462
TR-034488,2025-08-05,august,Dry Van,458.1,1075.39,1058.9236640595072,1065.870974537997,1062.397319298752,12.992680701247991
TR-034489,2025-08-05,august,Flatbed,942.6,2042.33,2025.2802711938277,2048.5393592023565,2036.909815198092,5.420184801907908
TR-034490,2025-08-05,august,Flatbed,1655.6,3375.52,3454.7164007287597,3447.0632825983566,3450.8898416635584,75.36984166355842
TR-034491,2025-08-05,august,Dry Van,85.0,219.45,245.15488810109701,217.05244702014784,231.10366756062243,11.653667560622438
TR-034492,2025-08-05,august,Dry Van,496.2,1098.32,1072.0809375278488,1087.1167886330932,1079.598863080471,18.721136919529044
TR-034493,2025-08-05,august,Reefer,187.2,544.54,561.1774226512183,574.5256629201992,567.8515427857087,23.311542785708752
TR-034494,2025-08-05,august,Dry Van,1470.7,2858.42,2917.373173552202,2888.3616331873804,2902.867403369791,44.44740336979112
TR-034495,2025-08-05,august,Dry Van,1154.4,2338.98,2278.9593587171157,2356.515317626339,2317.737338171727,21.242661828272958
TR-034496,2025-08-05,august,Dry Van,1103.3,2178.59,2192.4547390313005,2175.2689638480574,2183.861851439679,5.271851439678812
TR-034497,2025-08-05,august,Dry Van,540.8,1164.54,1142.2198553259102,1136.15421063523,1139.1870329805702,25.352967019429798
TR-034498,2025-08-05,august,Dry Van,414.0,1022.04,1015.0152551001661,1013.270509053561,1014.1428820768635,7.89711792313642
TR-034499,2025-08-05,august,Dry Van,1443.5,2788.14,2848.295640304481,2836.6905147180405,2842.4930775112607,54.353077511260835
TR-034500,2025-08-05,august,Dry Van,349.6,768.55,772.8259379053518,771.6292037910025,772.2275708481772,3.677570848177197
TR-034501,2025-08-05,august,Flatbed,557.3,1367.23,1336.659469202513,1320.152435401084,1328.4059523017986,38.82404769820141
TR-034502,2025-08-05,august,Flatbed,1556.0,3276.94,3440.7819567983106,3366.6106576560833,3403.696307227197,126.75630722719688
TR-034503,2025-08-05,august,Dry Van,2078.5,3687.08,3789.3621859347954,3767.756033778005,3778.5591098564,91.4791098564001
TR-034504,2025-08-05,august,Flatbed,2782.3,5329.83,5349.968052837695,5407.317589679223,5378.642821258459,48.812821258458825
TR-034505,2025-08-05,august,Dry Van,1489.5,2819.99,2873.433979153824,2860.54662856748,2866.990303860652,47.000303860652366
TR-034506,2025-08-05,august,Dry Van,669.4,1380.92,1416.7309470101357,1414.0949864455688,1415.412966727852,34.492966727852036
TR-034507,2025-08-05,august,Dry Van,1985.1,3587.95,3671.946426429962,3661.8705906763935,3666.908508553178,78.95850855317804
TR-034508,2025-08-05,august,Reefer,491.5,1155.46,1145.5692458389417,1128.0118629030794,1136.7905543710106,18.66944562898948
TR-034509,2025-08-05,august,Dry Van,1228.2,2390.22,2455.486587334631,2415.3358740645212,2435.411230699576,45.19123069957641
TR-034510,2025-08-05,august,Dry Van,527.8,1277.45,1267.289832747965,1237.452865996674,1252.3713493723194,25.078650627680645
TR-034511,2025-08-05,august,Flatbed,1015.2,2173.55,2264.4277558377926,2255.8103561984913,2260.119056018142,86.56905601814196
TR-034512,2025-08-05,august,Dry Van,1967.7,3790.87,3813.008169204034,3878.449815867546,3845.72899253579,54.858992535790094
TR-034513,2025-08-05,august,Dry Van,619.8,1211.97,1248.9969581984633,1242.8993636141204,1245.9481609062918,33.978160906291805
TR-034514,2025-08-05,august,Dry Van,768.4,1527.78,1527.6804991164777,1548.2349323002231,1537.9577157083504,10.177715708350433
TR-034515,2025-08-05,august,Dry Van,896.7,387.41,1860.3912410758476,1828.3312417950015,1844.3612414354245,1456.9512414354244
TR-034516,2025-08-05,august,Dry Van,591.3,1402.97,1382.1905509172984,1374.1886364050845,1378.1895936611913,24.78040633880869
TR-034517,2025-08-05,august,Dry Van,839.5,1758.01,1763.2460261331682,1771.4715379156592,1767.3587820244138,9.348782024413822
TR-034518,2025-08-05,august,Dry Van,1376.3,2828.04,2852.8317167243995,2815.475174525197,2834.153445624798,6.11344562479826
TR-034519,2025-08-05,august,Dry Van,1954.3,3717.6,3733.1204416456862,3677.5424356676913,3705.331438656689,12.268561343310921
TR-034520,2025-08-05,august,Flatbed,207.9,546.05,546.3296893314077,547.930673148288,547.1301812398478,1.0801812398478887
TR-034521,2025-08-05,august,Reefer,1682.3,3651.95,3709.936707288684,3681.3898015289897,3695.663254408837,43.7132544088372
TR-034522,2025-08-05,august,Flatbed,983.2,2115.78,2078.01014892728,2090.5805429416137,2084.295345934447,31.48465406555306
TR-034523,2025-08-05,august,Flatbed,1743.2,3417.7,3524.023688598332,3523.080829194997,3523.552258896664,105.85225889666435
TR-034524,2025-08-05,august,Reefer,2749.0,5305.08,5425.330481201778,5383.503214293139,5404.416847747458,99.3368477474578
TR-034525,2025-08-05,august,Dry Van,424.4,1021.07,1029.5131726720297,1010.423356183037,1019.9682644275333,1.1017355724667368
TR-034526,2025-08-05,august,Dry Van,2086.4,3708.46,3782.456098471184,3837.149568412943,3809.8028334420633,101.34283344206324
TR-034527,2025-08-05,august,Flatbed,2746.1,5148.89,5281.380255649291,5081.413347435162,5181.396801542227,32.50680154222664
TR-034528,2025-08-05,august,Flatbed,764.5,1643.71,1614.5365275500656,1645.4301975699914,1629.9833625600286,13.726637439971455
TR-034529,2025-08-05,august,Dry Van,976.6,1945.71,1971.8363363128894,1947.6488317839628,1959.7425840484261,14.032584048426088
TR-034530,2025-08-05,august,Flatbed,2234.0,4329.1,4367.804942808567,4389.451117648037,4378.628030228302,49.52803022830176
TR-034531,2025-08-05,august,Dry Van,166.9,456.96,477.93251734820933,446.4583643288679,462.1954408385386,5.235440838538636
TR-034532,2025-08-05,august,Dry Van,402.6,811.53,830.7353936568582,840.2829120824833,835.5091528696707,23.97915286967077
TR-034533,2025-08-05,august,Reefer,2900.1,5489.51,5766.834320259443,5686.2957342078225,5726.565027233633,237.05502723363315
TR-034534,2025-08-05,august,Dry Van,1476.0,3051.36,2990.3141157895034,2991.477460686247,2990.8957882378754,60.464211762124705
TR-034535,2025-08-05,august,Reefer,703.2,682.59,1681.247221502496,1657.128424533454,1669.187823017975,986.597823017975
TR-034536,2025-08-05,august,Reefer,463.7,1250.44,1233.2842449993536,1236.6849876445822,1234.984616321968,15.455383678032149
TR-034537,2025-08-05,august,Reefer,405.7,924.09,937.4694973625866,921.0845589425458,929.2770281525661,5.187028152566086
TR-034538,2025-08-05,august,Reefer,2045.5,4035.65,4182.519911021473,4156.421319036601,4169.470615029037,133.82061502903662
TR-034539,2025-08-05,august,Dry Van,441.7,1039.31,1042.8525180558606,1064.6075656789094,1053.730041867385,14.420041867384953
TR-034540,2025-08-05,august,Reefer,554.4,1385.45,1323.462140414427,1355.0083043785999,1339.2352223965136,46.21477760348648
TR-034541,2025-08-05,august,Dry Van,2139.0,3916.77,3971.265685974201,3964.699096888802,3967.9823914315016,51.2123914315016
TR-034542,2025-08-05,august,Dry Van,513.1,1086.12,1082.9223459846312,1114.660418934516,1098.7913824595735,12.671382459573579
TR-034543,2025-08-05,august,Dry Van,303.8,772.01,773.7150946585587,760.1336931221074,766.924393890333,5.085606109666969
TR-034544,2025-08-05,august,Dry Van,390.9,909.61,886.0569561486378,886.5546202216995,886.3057881851687,23.30421181483132
TR-034545,2025-08-05,august,Dry Van,1561.8,3098.87,3149.031272021481,3089.221085371795,3119.126178696638,20.256178696638017
TR-034546,2025-08-05,august,Dry Van,1467.6,3110.36,3043.740416127381,2978.210475958853,3010.975446043117,99.38455395688334
TR-034547,2025-08-05,august,Reefer,627.9,1507.8,1446.7953073553865,1486.975379845359,1466.8853436003728,40.91465639962712
TR-034548,2025-08-06,august,Dry Van,1411.3,2874.2,2829.181202059893,2827.398264482034,2828.2897332709636,45.910266729036266
TR-034549,2025-08-06,august,Flatbed,546.7,1323.94,1321.5285375395129,1290.757345442119,1306.142941490816,17.797058509184126
TR-034550,2025-08-06,august,Reefer,412.5,1118.31,1100.0653284336354,1089.5366710774883,1094.8009997555619,23.509000244438084
TR-034551,2025-08-06,august,Reefer,980.1,2190.09,2201.999864652335,2226.7432503901814,2214.371557521258,24.281557521258037
TR-034552,2025-08-06,august,Reefer,1766.3,3826.52,3779.5272401244147,3737.5661750196605,3758.5467075720376,67.9732924279624
TR-034553,2025-08-06,august,Flatbed,698.9,1555.48,1607.323961874184,1576.3204677136334,1591.8222147939086,36.342214793908624
TR-034554,2025-08-06,august,Dry Van,1923.9,3493.19,3590.2759447662543,3573.415530886966,3581.8457378266103,88.65573782661022
TR-034555,2025-08-06,august,Flatbed,697.4,1574.59,1594.8376331977504,1574.2818261949428,1584.5597296963465,9.969729696346576
TR-034556,2025-08-06,august,Reefer,1236.6,2648.29,2724.322203000273,2689.460306233508,2706.8912546168904,58.6012546168904
TR-034557,2025-08-06,august,Dry Van,337.4,792.3,753.0768410287972,796.8224340760235,774.9496375524103,17.350362447589646
TR-034558,2025-08-06,august,Dry Van,2021.9,3796.08,3792.696480147694,3748.170149918138,3770.4333150329157,25.646684967084184
TR-034559,2025-08-06,august,Reefer,445.3,1245.99,1209.4199458264598,1217.8123490762728,1213.6161474513663,32.37385254863375
TR-034560,2025-08-06,august,Flatbed,746.8,1732.96,1680.7244058380497,1684.4560721895866,1682.590239013818,50.36976098618197
TR-034561,2025-08-06,august,Dry Van,743.1,1536.47,1502.4995330728495,1559.6036573881358,1531.0515952304927,5.418404769507333
TR-034562,2025-08-06,august,Reefer,1483.6,3204.39,3337.7456115972286,3247.94121312672,3292.8434123619745,88.45341236197464
TR-034563,2025-08-06,august,Dry Van,1792.2,3612.88,3519.5039227696143,3495.287276201815,3507.3955994857147,105.48440051428543
TR-034564,2025-08-06,august,Dry Van,1005.7,2017.06,2013.3751860073517,2027.7884204647642,2020.581803236058,3.5218032360580764
TR-034565,2025-08-06,august,Dry Van,367.9,836.56,843.7068511735863,848.5661580572923,846.1365046154393,9.576504615439376
TR-034566,2025-08-06,august,Flatbed,3023.2,5558.87,5711.269430435298,5716.928746256352,5714.099088345825,155.2290883458254
TR-034567,2025-08-06,august,Dry Van,1928.8,3597.46,3697.948479410668,3682.799222127383,3690.3738507690255,92.91385076902543
TR-034568,2025-08-06,august,Dry Van,1554.9,3123.19,3142.323720502369,3101.2511831870934,3121.787451844731,1.4025481552689598
TR-034569,2025-08-06,august,Reefer,420.5,1122.6,1104.736227574303,1115.9829988179529,1110.359613196128,12.240386803871843
TR-034570,2025-08-06,august,Flatbed,908.9,1797.19,1850.3548771423116,1862.0591132554187,1856.2069951988651,59.01699519886506
TR-034571,2025-08-06,august,Reefer,1696.7,3648.36,3651.6221476840524,3640.214639289403,3645.918393486728,2.4416065132722906
TR-034572,2025-08-06,august,Dry Van,1330.6,2617.72,2712.8222839517853,2709.4482055122708,2711.135244732028,93.41524473202799
TR-034573,2025-08-06,august,Reefer,568.0,1351.75,1360.8961867260657,1373.3328139682544,1367.1145003471602,15.364500347160174
TR-034574,2025-08-06,august,Dry Van,419.2,974.4,955.5838036122831,963.6930641507479,959.6384338815155,14.761566118484438
TR-034575,2025-08-06,august,Reefer,569.9,1383.85,1376.179177927287,1396.1578029137347,1386.1684904205108,2.318490420510898
TR-034576,2025-08-06,august,Dry Van,853.4,1788.18,1769.7905807970603,1784.066262169448,1776.9284214832542,11.251578516745894
TR-034577,2025-08-06,august,Reefer,989.3,2257.8,2272.4373731787023,2321.1496141680846,2296.7934936733936,38.99349367339346
TR-034578,2025-08-06,august,Dry Van,319.8,823.35,805.048176723468,813.3094574997688,809.1788171116184,14.171182888381622
TR-034579,2025-08-06,august,Dry Van,813.5,1651.8,1675.8480549981323,1665.3345659350007,1670.5913104665665,18.79131046656653
TR-034580,2025-08-06,august,Dry Van,1168.6,2450.38,2476.5462595831923,2462.8089228142444,2469.6775911987183,19.297591198718237
TR-034581,2025-08-06,august,Dry Van,2471.9,4765.59,4815.7023247280695,4723.238341684093,4769.470333206082,3.880333206081559
TR-034582,2025-08-06,august,Flatbed,2234.7,4339.02,4383.970185723072,4478.1863043159665,4431.078245019519,92.05824501951884
TR-034583,2025-08-06,august,Dry Van,1489.5,2975.48,3061.4119851192804,3010.014288250011,3035.7131366846456,60.233136684645615
TR-034584,2025-08-06,august,Dry Van,2242.0,18972.15,4219.921956079092,4251.783002264825,4235.852479171958,14736.297520828044
TR-034585,2025-08-06,august,Dry Van,2761.1,4874.2,5059.254079641644,4898.003602452535,4978.62884104709,104.42884104708992
TR-034586,2025-08-06,august,Dry Van,1182.0,2415.9,2449.301659962655,2423.569324053879,2436.435492008267,20.53549200826683
TR-034587,2025-08-06,august,Dry Van,93.6,254.59,275.78167060990967,281.48937988730063,278.6355252486052,24.045525248605173
TR-034588,2025-08-06,august,Dry Van,1775.5,3504.64,3586.3391874807567,3557.69982851436,3572.0195079975583,67.37950799755845
TR-034589,2025-08-06,august,Dry Van,499.8,1080.16,1071.5928702251113,1062.2253805588634,1066.9091253919873,13.250874608012737
TR-034590,2025-08-06,august,Reefer,684.9,1697.58,1696.8447091447765,1688.2060279149923,1692.5253685298844,5.05463147011551
TR-034591,2025-08-06,august,Dry Van,1747.3,3468.77,3467.41242632642,3492.8816863734337,3480.147056349927,11.377056349926988
TR-034592,2025-08-06,august,Dry Van,1635.4,2976.57,3066.358594020197,3085.8151819265777,3076.086887973387,99.51688797338693
TR-034593,2025-08-06,august,Dry Van,605.6,1356.34,1357.8000032475845,1381.1610109384887,1369.4805070930365,13.140507093036604
TR-034594,2025-08-06,august,Dry Van,767.2,1549.55,1539.0432711005903,1565.704228732279,1552.3737499164347,2.8237499164347355
TR-034595,2025-08-06,august,Reefer,594.3,1503.85,1527.4932146293793,1550.3368590007437,1538.9150368150615,35.0650368150616
TR-034596,2025-08-06,august,Dry Van,2283.0,3988.76,4220.782795355054,4185.201590929481,4202.992193142268,214.23219314226753
TR-034597,2025-08-06,august,Dry Van,258.0,590.99,597.5324853994796,609.4693487865131,603.5009170929964,12.510917092996351
TR-034598,2025-08-06,august,Flatbed,910.6,1930.92,1952.3499733861856,1960.8697018905218,1956.6098376383538,25.689837638353765
TR-034599,2025-08-06,august,Flatbed,364.3,887.81,944.1159077319451,948.1464304283606,946.1311690801529,58.32116908015291
TR-034600,2025-08-06,august,Dry Van,1220.4,2313.4,2386.6364962364632,2336.7953885122797,2361.7159423743715,48.31594237437139
TR-034601,2025-08-06,august,Dry Van,788.2,1754.24,1715.9890296197575,1708.7909143013455,1712.3899719605515,41.85002803944849
TR-034602,2025-08-06,august,Flatbed,803.4,1928.76,1896.2118982422344,1891.9102613312325,1894.0610797867334,34.69892021326655
TR-034603,2025-08-06,august,Reefer,2300.7,4983.84,4949.309611215562,4972.501257567483,4960.905434391522,22.934565608477897
TR-034604,2025-08-06,august,Dry Van,202.8,504.48,506.2720851301668,503.4335247647093,504.852804947438,0.37280494743799863
TR-034605,2025-08-06,august,Flatbed,2722.6,5514.42,5415.610003689919,5458.697400862754,5437.153702276337,77.26629772366323
TR-034606,2025-08-06,august,Dry Van,1325.3,2433.35,2518.8898115158518,2513.0245111457007,2515.957161330776,82.60716133077631
TR-034607,2025-08-06,august,Dry Van,772.9,1666.76,1623.587374164579,1644.4004332707718,1633.9939037176755,32.7660962823245
TR-034608,2025-08-06,august,Dry Van,1224.8,2419.83,2408.8162018993994,2398.668788888119,2403.742495393759,16.087504606241055
TR-034609,2025-08-06,august,Dry Van,1206.7,2271.22,2393.0792598283347,2440.0551548411436,2416.567207334739,145.34720733473932
TR-034610,2025-08-06,august,Dry Van,872.5,1802.65,1812.4910108289228,1860.49718193389,1836.4940963814065,33.844096381406416
TR-034611,2025-08-06,august,Dry Van,727.3,1467.12,1448.3999868757812,1482.8033656416974,1465.6016762587392,1.5183237412607014
TR-034612,2025-08-06,august,Dry Van,768.2,1680.01,1690.8962752742843,1701.9308064504457,1696.4135408623652,16.403540862365162
TR-034613,2025-08-06,august,Flatbed,1496.2,3112.32,3253.7795856578646,3230.4262433749004,3242.1029145163825,129.78291451638233
TR-034614,2025-08-06,august,Dry Van,678.5,1473.44,1438.0358052594804,1442.25670313454,1440.1462541970102,33.29374580298986
TR-034615,2025-08-06,august,Flatbed,1470.2,3159.65,3209.4816282141073,3199.3678117864383,3204.424720000273,44.77472000027274
TR-034616,2025-08-06,august,Dry Van,207.0,501.52,485.00245995786383,490.0132115998431,487.50783577885346,14.01216422114652
TR-034617,2025-08-06,august,Flatbed,437.4,1028.59,1028.5222044634509,1020.6226163237487,1024.5724103935997,4.017589606400179
TR-034618,2025-08-06,august,Dry Van,695.0,1427.94,1437.2493190841572,1459.466103661953,1448.357711373055,20.417711373055
TR-034619,2025-08-06,august,Reefer,775.4,1759.75,1793.1193653498747,1800.5962469400279,1796.8578061449512,37.107806144951155
TR-034620,2025-08-06,august,Dry Van,1005.2,1981.5,2043.2470980334501,2007.8643691574503,2025.5557335954502,44.05573359545019
TR-034621,2025-08-06,august,Flatbed,449.6,1027.01,1077.5009604232355,1048.7439472839205,1063.122453853578,36.11245385357802
TR-034622,2025-08-06,august,Reefer,832.2,1986.63,2017.3747190273539,2032.3237731994413,2024.8492461133976,38.2192461133975
TR-034623,2025-08-06,august,Dry Van,640.3,1374.59,1370.5612568365266,1375.9319968113791,1373.2466268239527,1.34337317604718
TR-034624,2025-08-06,august,Dry Van,350.2,867.11,847.9663629524308,867.6971504504497,857.8317567014403,9.278243298559687
TR-034625,2025-08-06,august,Flatbed,770.4,1711.41,1747.3945073185275,1693.793619129107,1720.594063223817,9.18406322381702
TR-034626,2025-08-06,august,Dry Van,299.6,765.37,758.2549568754989,755.2528528816501,756.7539048785745,8.616095121425474
TR-034627,2025-08-06,august,Reefer,1350.9,3081.37,3109.30948578324,3171.2427420862214,3140.2761139347303,58.906113934730456
TR-034628,2025-08-06,august,Flatbed,1795.0,3782.97,3778.4776816125577,3864.788460774058,3821.633071193308,38.66307119330804
TR-034629,2025-08-06,august,Flatbed,965.3,2132.39,2125.9382645135147,2163.0213906146823,2144.4798275640987,12.089827564098869
TR-034630,2025-08-06,august,Flatbed,1495.9,3234.66,3267.2310947917185,3215.237824590935,3241.2344596913267,6.574459691326865
TR-034631,2025-08-06,august,Reefer,2695.7,5133.07,5359.125240635184,5298.3335965137285,5328.729418574456,195.65941857445614
TR-034632,2025-08-06,august,Flatbed,612.6,1481.05,1471.4706323465186,1435.5122846133986,1453.4914584799585,27.558541520041445
TR-034633,2025-08-06,august,Flatbed,574.5,1256.1,1241.3374933024736,1246.4003378193415,1243.8689155609077,12.231084439092228
TR-034634,2025-08-06,august,Dry Van,1548.8,2981.88,3063.1242565392045,3007.8616444968957,3035.49295051805,53.61295051804973
TR-034635,2025-08-06,august,Reefer,1320.0,2909.4,2912.1434261972313,2894.325685341434,2903.2345557693325,6.165444230667617
TR-034636,2025-08-06,august,Reefer,2773.8,5602.35,5763.438854673589,5700.053529903802,5731.746192288696,129.3961922886956
TR-034637,2025-08-06,august,Dry Van,443.9,1120.37,1071.17935716029,1071.6312551577894,1071.4053061590398,48.96469384096008
TR-034638,2025-08-06,august,Dry Van,688.5,1448.63,1412.2276030911676,1477.8724970358446,1445.0500500635062,3.579949936493904
TR-034639,2025-08-06,august,Dry Van,1514.1,2838.46,2835.0646046159436,2818.598565994695,2826.831585305319,11.628414694680941
TR-034640,2025-08-06,august,Reefer,946.0,2258.7,2254.910055770667,2266.516439236061,2260.713247503364,2.013247503364255
TR-034641,2025-08-06,august,Dry Van,439.0,972.05,978.9875902277298,978.0905196947974,978.5390549612637,6.489054961263719
TR-034642,2025-08-06,august,Dry Van,823.6,1772.78,1750.168903551279,1796.7419509434808,1773.45542724738,0.6754272473799574
TR-034643,2025-08-06,august,Dry Van,1132.9,2210.84,2289.585054342585,2242.9310084125923,2266.258031377589,55.418031377588704
TR-034644,2025-08-06,august,Dry Van,994.9,2014.36,2017.777521434964,2015.4048783586622,2016.5911998968131,2.231199896813223
TR-034645,2025-08-06,august,Reefer,993.0,2408.12,2335.9981236583744,2406.5275337463618,2371.262828702368,36.857171297631794
TR-034646,2025-08-06,august,Flatbed,2699.1,5164.83,5071.2825262410415,5306.648242808264,5188.965384524652,24.13538452465218
TR-034647,2025-08-06,august,Dry Van,551.1,1216.74,1199.212985225696,1211.5819726259092,1205.3974789258027,11.342521074197293
TR-034648,2025-08-06,august,Dry Van,313.3,777.88,780.8776803238271,794.7376568762604,787.8076686000438,9.92766860004383
TR-034649,2025-08-06,august,Reefer,1407.5,3143.47,3169.586185549712,3104.0141498184535,3136.8001676840827,6.66983231591712
TR-034650,2025-08-06,august,Dry Van,1750.0,3395.56,3499.7245909643157,3503.069492836011,3501.3970419001635,105.83704190016351
TR-034651,2025-08-06,august,Dry Van,797.5,1571.67,1580.5447168983515,1583.4318271386055,1581.9882720184785,10.31827201847841
TR-034652,2025-08-06,august,Dry Van,2520.9,4468.11,4635.899760936071,4569.2565938239095,4602.57817737999,134.46817737999027
TR-034653,2025-08-06,august,Flatbed,1332.9,2799.59,2860.0172113657263,2903.7143274441923,2881.8657694049593,82.27576940495919
TR-034654,2025-08-06,august,Reefer,714.5,5683.71,1804.8438685485073,1757.7764136996793,1781.3101411240932,3902.399858875907
TR-034655,2025-08-06,august,Dry Van,307.3,732.67,729.3043280988536,757.2483427343489,743.2763354166012,10.606335416601269
TR-034656,2025-08-06,august,Dry Van,1826.1,3552.01,3535.9426377324244,3507.1818825939754,3521.5622601632,30.447739836800338
TR-034657,2025-08-06,august,Dry Van,1188.5,2456.55,2433.1637293888716,2392.07020852498,2412.616968956926,43.93303104307415
TR-034658,2025-08-06,august,Dry Van,302.1,745.17,747.3779006548561,761.6843487492226,754.5311247020394,9.361124702039433
TR-034659,2025-08-06,august,Dry Van,643.8,1370.78,1306.6382960138783,1337.484638776448,1322.0614673951632,48.71853260483681
TR-034660,2025-08-06,august,Flatbed,229.7,576.43,569.9503462224353,563.4699299807496,566.7101381015925,9.71986189840743
TR-034661,2025-08-06,august,Dry Van,418.8,991.38,979.2626422534236,989.1174953259324,984.190068789678,7.189931210322015
TR-034662,2025-08-06,august,Reefer,984.9,2140.03,2119.7739327897857,2143.1566870501792,2131.4653099199822,8.564690080017954
TR-034663,2025-08-06,august,Dry Van,476.4,1018.23,997.2525334607961,987.9554115161106,992.6039724884533,25.62602751154668
TR-034664,2025-08-06,august,Dry Van,2159.2,3826.35,4001.3864332919893,4001.544712871235,4001.465573081612,175.11557308161218
TR-034665,2025-08-06,august,Dry Van,949.7,1948.77,1910.5820190833294,1928.64164510561,1919.6118320944697,29.158167905530263
TR-034666,2025-08-06,august,Dry Van,1769.2,3259.7,3374.3198009379626,3370.9472959670184,3372.6335484524907,112.93354845249087
TR-034667,2025-08-06,august,Reefer,156.6,475.52,447.23502984547264,493.3943694214895,470.31469963348104,5.205300366518941
TR-034668,2025-08-06,august,Reefer,127.6,404.45,375.02595657953924,415.582960598289,395.30445858891414,9.145541411085844
TR-034669,2025-08-06,august,Reefer,865.0,1912.4,1949.4659058543366,1921.5361695545992,1935.5010377044678,23.10103770446767
TR-034670,2025-08-06,august,Flatbed,693.5,1673.13,1687.2191670299178,1646.5588001045771,1666.8889835672476,6.241016432752531
TR-034671,2025-08-06,august,Dry Van,991.2,2062.25,2113.9412350089656,2111.7233594179684,2112.832297213467,50.58229721346697
TR-034672,2025-08-06,august,Dry Van,546.8,1152.35,1167.31198993133,1168.8485685867054,1168.0802792590175,15.730279259017607
TR-034673,2025-08-06,august,Dry Van,607.7,1388.98,1336.8260391600527,1346.5188254511847,1341.6724323056187,47.307567694381305
TR-034674,2025-08-06,august,Dry Van,687.1,1575.96,1524.9602662317857,1552.880027248024,1538.9201467399048,37.03985326009524
TR-034675,2025-08-06,august,Dry Van,637.5,1360.35,1343.5803405849365,1349.0831579401902,1346.3317492625633,14.018250737436574
TR-034676,2025-08-06,august,Reefer,639.0,1542.96,1571.5877387198618,1540.0013822054232,1555.7945604626425,12.834560462642457
TR-034677,2025-08-06,august,Dry Van,1950.1,3825.45,3776.626388539638,3808.2462974359178,3792.4363429877776,33.01365701222221
TR-034678,2025-08-06,august,Dry Van,1570.7,3065.8,3128.1124455018808,3135.8898244419943,3132.0011349719375,66.20113497193734
TR-034679,2025-08-06,august,Reefer,919.6,2180.15,2218.436557555284,2212.5858054318214,2215.5111814935526,35.36118149355252
TR-034680,2025-08-06,august,Reefer,860.7,2070.16,2116.6647494740746,2115.263718196007,2115.964233835041,45.80423383504103
TR-034681,2025-08-06,august,Dry Van,395.5,829.37,830.8594049220803,823.484878135388,827.1721415287342,2.1978584712658176
TR-034682,2025-08-06,august,Dry Van,1220.7,2268.62,2286.2949469974515,2289.83478382852,2288.0648654129855,19.444865412985564
TR-034683,2025-08-06,august,Flatbed,2715.8,5199.14,5350.574397549771,5375.249106566478,5362.911752058124,163.77175205812364
TR-034684,2025-08-06,august,Dry Van,802.0,1610.85,1622.0331579528763,1597.843935436525,1609.9385466947006,0.9114533052993465
TR-034685,2025-08-06,august,Flatbed,993.0,1987.7,2037.718108091916,2077.2156462997045,2057.4668771958104,69.76687719581037
TR-034686,2025-08-06,august,Dry Van,972.7,1976.79,1991.8347447451952,1997.6576938191179,1994.7462192821565,17.956219282156553
TR-034687,2025-08-06,august,Flatbed,1854.0,3825.29,3811.1271199919192,3793.52106479957,3802.3240923957446,22.965907604255335
TR-034688,2025-08-06,august,Flatbed,1575.5,3317.38,3373.326913074585,3378.900519076429,3376.113716075507,58.73371607550689
TR-034689,2025-08-06,august,Dry Van,336.4,772.73,765.4307892085942,774.5280257338645,769.9794074712294,2.750592528770653
TR-034690,2025-08-06,august,Dry Van,211.7,540.33,558.1657679744433,550.1466522307564,554.1562101025999,13.826210102599816
TR-034691,2025-08-07,august,Flatbed,1448.3,2951.8,2979.5029014495562,3014.839793826043,2997.1713476378,45.37134763779977
TR-034692,2025-08-07,august,Dry Van,3092.5,5438.05,5673.765774579819,5441.263412636386,5557.514593608103,119.4645936081024
TR-034693,2025-08-07,august,Dry Van,1921.8,3723.07,3748.772734681889,3773.597615165636,3761.185174923762,38.11517492376197
TR-034694,2025-08-07,august,Dry Van,1007.7,2054.95,2092.1470491660575,2057.0756610352178,2074.6113551006374,19.661355100637593
TR-034695,2025-08-07,august,Reefer,2030.3,4541.48,4421.952470016573,4509.008597566388,4465.48053379148,75.99946620851915
TR-034696,2025-08-07,august,Dry Van,1550.8,2927.05,2902.010929612254,2908.093867347648,2905.052398479951,21.997601520049102
TR-034697,2025-08-07,august,Dry Van,693.6,1434.89,1459.8741945343836,1461.415827269344,1460.6450109018638,25.75501090186367
TR-034698,2025-08-07,august,Dry Van,199.8,500.91,501.63165858914493,517.873985398081,509.752821993613,8.842821993612972
TR-034699,2025-08-07,august,Dry Van,653.9,1362.53,1351.2091239358433,1384.8614459885523,1368.0352849621977,5.50528496219772
TR-034700,2025-08-07,august,Reefer,213.9,630.52,596.768474012973,633.2974936345695,615.0329838237712,15.487016176228735
TR-034701,2025-08-07,august,Flatbed,992.1,2156.91,2165.5350675624695,2194.4717244939857,2180.0033960282276,23.093396028227744
TR-034702,2025-08-07,august,Dry Van,989.0,2064.49,2086.8190865028196,2067.9980807951365,2077.408583648978,12.918583648978256
TR-034703,2025-08-07,august,Reefer,861.8,2094.46,2120.08453265268,2058.4719363662352,2089.2782345094574,5.1817654905426025
TR-034704,2025-08-07,august,Flatbed,935.9,2172.36,2151.9577006316003,2129.760969962281,2140.8593352969406,31.500664703059556
TR-034705,2025-08-07,august,Dry Van,923.6,1884.75,1913.6923995806142,1890.6675264306186,1902.1799630056164,17.4299630056164
TR-034706,2025-08-07,august,Dry Van,346.5,801.56,787.7312768314162,793.4665889085422,790.5989328699792,10.961067130020751
TR-034707,2025-08-07,august,Reefer,248.0,710.19,624.2094315623973,694.1674039913148,659.1884177768561,51.00158222314394
TR-034708,2025-08-07,august,Reefer,1033.7,2339.68,2315.9381267219446,2395.353353056315,2355.64573988913,15.965739889129964
TR-034709,2025-08-07,august,Reefer,394.9,997.09,969.7898779235264,992.2891343229228,981.0395061232246,16.050493876775477
TR-034710,2025-08-07,august,Dry Van,390.2,854.23,865.9616446179971,843.5424805926443,854.7520626053207,0.5220626053206843
TR-034711,2025-08-07,august,Dry Van,304.6,706.05,691.7250918868627,675.5740776448038,683.6495847658332,22.400415234166758
TR-034712,2025-08-07,august,Dry Van,1854.0,3430.8,3477.3118284316956,3455.487899849555,3466.399864140625,35.59986414062496
TR-034713,2025-08-07,august,Reefer,1589.9,3569.91,3587.4049021318438,3646.0765314219216,3616.7407167768824,46.83071677688258
TR-034714,2025-08-07,august,Reefer,2025.3,4404.33,4369.064688836219,4368.401139864616,4368.732914350418,35.59708564958237
TR-034715,2025-08-07,august,Flatbed,1304.7,2703.6,2730.2355114691204,2740.02307492331,2735.1292931962153,31.52929319621535
TR-034716,2025-08-07,august,Dry Van,526.4,1183.07,1166.3125182133847,1177.621042074663,1171.9667801440237,11.10321985597625
TR-034717,2025-08-07,august,Dry Van,757.8,1574.83,1591.0380507421455,1604.946991141787,1597.9925209419662,23.16252094196625
TR-034718,2025-08-07,august,Dry Van,349.5,870.68,870.5726768793152,867.0339150437576,868.8032959615364,1.876704038463572
TR-034719,2025-08-07,august,Reefer,638.2,1542.22,1550.6947736051006,1544.1319011923822,1547.4133373987415,5.193337398741505
TR-034720,2025-08-07,august,Dry Van,312.2,786.43,756.5382760466612,797.6006959645022,777.0694860055817,9.360513994418284
TR-034721,2025-08-07,august,Flatbed,844.2,1894.3,1847.01920220937,1828.2325947197824,1837.625898464576,56.674101535423915
TR-034722,2025-08-07,august,Dry Van,538.0,1209.44,1196.7103679127322,1199.4667062985873,1198.0885371056597,11.35146289434033
TR-034723,2025-08-07,august,Dry Van,643.7,1299.39,1333.993909547211,1324.5364653107404,1329.2651874289757,29.87518742897555
TR-034724,2025-08-07,august,Dry Van,1600.4,2897.77,3033.889044424738,2947.735687067648,2990.812365746193,93.0423657461929
TR-034725,2025-08-07,august,Flatbed,1224.6,2611.62,2661.5114286565004,2576.6309645534448,2619.0711966049726,7.451196604972665
TR-034726,2025-08-07,august,Flatbed,517.7,1236.71,1239.739476712352,1246.8775279855743,1243.308502348963,6.598502348962938
TR-034727,2025-08-07,august,Dry Van,153.7,401.93,394.24972891382157,388.66932764116655,391.4595282774941,10.47047172250592
TR-034728,2025-08-07,august,Flatbed,736.7,1736.07,1753.036989414753,1748.6564444371993,1750.8467169259761,14.776716925976189
TR-034729,2025-08-07,august,Dry Van,198.2,565.79,558.3422564627361,563.096615534087,560.7194359984117,5.070564001588309
TR-034730,2025-08-07,august,Dry Van,789.5,1611.58,1621.2738943915474,1646.904466395279,1634.0891803934132,22.509180393413317
TR-034731,2025-08-07,august,Dry Van,279.9,650.57,651.3750334895908,663.5726196552284,657.4738265724096,6.903826572409571
TR-034732,2025-08-07,august,Flatbed,1461.9,2870.53,2978.477837539135,3009.9568815618145,2994.2173595504746,123.68735955047441
TR-034733,2025-08-07,august,Dry Van,722.1,1578.01,1559.3144444948723,1547.13298188837,1553.2237131916213,24.78628680837869
TR-034734,2025-08-07,august,Reefer,649.5,1521.52,1495.7215097355536,1494.8052141983371,1495.2633619669455,26.256638033054514
TR-034735,2025-08-07,august,Dry Van,702.6,1514.86,1530.0293429413637,1578.2026296152658,1554.1159862783147,39.25598627831482
TR-034736,2025-08-07,august,Dry Van,534.3,1174.07,1182.1458327258963,1207.2229478262525,1194.6843902760743,20.614390276074346
TR-034737,2025-08-07,august,Dry Van,2144.0,4036.07,4024.3664526566567,4016.584592887608,4020.4755227721325,15.594477227867628
TR-034738,2025-08-07,august,Flatbed,1431.3,3048.49,2950.773750243222,2998.6917216556885,2974.732735949455,73.75726405054456
TR-034739,2025-08-07,august,Dry Van,274.9,667.47,656.5654703708623,642.5301202757703,649.5477953233162,17.922204676683805
TR-034740,2025-08-07,august,Flatbed,305.5,833.05,798.9023645190213,828.4955675567314,813.6989660378763,19.351033962123665
TR-034741,2025-08-07,august,Flatbed,841.0,1964.78,1961.882117602159,1921.0046819513823,1941.4433997767705,23.336600223229425
TR-034742,2025-08-07,august,Dry Van,868.5,1798.1,1805.7289345690353,1800.1893385330882,1802.9591365510619,4.859136551061965
TR-034743,2025-08-07,august,Reefer,2225.5,4789.86,4758.041006910614,4760.754066769128,4759.3975368398715,30.46246316012821
TR-034744,2025-08-07,august,Flatbed,294.5,784.66,791.663612898326,816.0391117289748,803.8513623136505,19.19136231365053
TR-034745,2025-08-07,august,Dry Van,1772.1,3257.36,3344.0931761536835,3296.2063620754525,3320.149769114568,62.78976911456766
TR-034746,2025-08-07,august,Dry Van,115.4,349.58,348.0060301166273,359.17109770969364,353.58856391316044,4.008563913160458
TR-034747,2025-08-07,august,Dry Van,297.8,766.52,770.3299902712574,775.0619173821449,772.6959538267012,6.175953826701175
TR-034748,2025-08-07,august,Reefer,1240.3,2747.01,2773.2900550876648,2708.239191519449,2740.7646233035566,6.2453766964436
TR-034749,2025-08-07,august,Flatbed,2659.6,5176.59,5135.358190133128,5105.76947884071,5120.5638344869185,56.02616551308165
TR-034750,2025-08-07,august,Dry Van,2650.4,4690.81,4906.232956112462,4733.119936097431,4819.676446104946,128.86644610494568
TR-034751,2025-08-07,august,Dry Van,1360.4,2633.37,2641.195377578061,2610.6633419365753,2625.9293597573183,7.4406402426816385
TR-034752,2025-08-07,august,Dry Van,957.1,2072.09,2039.4386457758208,2040.2813817567212,2039.860013766271,32.22998623372905
TR-034753,2025-08-07,august,Reefer,2565.3,1830.62,5070.759439813728,5136.138704964293,5103.44907238901,3272.8290723890104
TR-034754,2025-08-07,august,Dry Van,1678.9,3372.04,3467.0768837925907,3425.873631936666,3446.4752578646285,74.43525786462851
TR-034755,2025-08-07,august,Dry Van,745.1,1656.95,1605.9579296425504,1630.315361950682,1618.1366457966162,38.813354203383824
TR-034756,2025-08-07,august,Reefer,88.5,284.34,275.4843027680979,323.73171492643405,299.608008847266,15.268008847266003
TR-034757,2025-08-07,august,Reefer,500.1,1261.03,1247.4879257185453,1252.996329045785,1250.242127382165,10.787872617834864
TR-034758,2025-08-07,august,Dry Van,1853.9,3762.66,3745.4819126628995,3720.4736852108176,3732.9777989368586,29.682201063141292
TR-034759,2025-08-07,august,Dry Van,288.1,663.38,663.9879608475344,662.905737989297,663.4468494184157,0.0668494184156998
TR-034760,2025-08-07,august,Flatbed,865.9,1942.6,1975.0448717325612,1914.1832337557169,1944.614052744139,2.0140527441390077
TR-034761,2025-08-07,august,Dry Van,203.8,495.86,498.6627159723748,505.5700779892438,502.1163969808093,6.256396980809313
TR-034762,2025-08-07,august,Dry Van,603.8,1408.45,1348.2671642228709,1373.4924023924664,1360.8797833076687,47.570216692331314
TR-034763,2025-08-07,august,Reefer,1096.4,2485.18,2517.1126263665315,2534.5443890891443,2525.828507727838,40.64850772783802
TR-034764,2025-08-07,august,Dry Van,966.3,1925.82,1903.0420329647218,1902.4599174783182,1902.75097522152,23.069024778479843
TR-034765,2025-08-07,august,Dry Van,2274.3,4237.04,4286.427100188935,4294.248194606109,4290.337647397522,53.29764739752227
TR-034766,2025-08-07,august,Dry Van,1649.0,3382.18,3348.8539415468804,3279.620413779795,3314.2371776633377,67.94282233666218
TR-034767,2025-08-07,august,Dry Van,1202.4,2487.08,2448.680313834444,2411.8124465915826,2430.2463802130133,56.833619786986674
TR-034768,2025-08-07,august,Dry Van,70.9,209.4,241.86647325060042,258.7752636148998,250.3208684327501,40.9208684327501
TR-034769,2025-08-07,august,Dry Van,1464.7,2954.76,2986.324276504833,3028.9320774647417,3007.6281769847874,52.86817698478717
TR-034770,2025-08-07,august,Reefer,652.0,1570.29,1514.3917337073005,1532.9220537316544,1523.6568937194775,46.6331062805225
TR-034771,2025-08-07,august,Dry Van,1767.2,3184.03,3281.943014642408,3205.793452138915,3243.8682333906618,59.83823339066157
TR-034772,2025-08-07,august,Dry Van,754.2,1565.79,1503.787048488161,1551.0591242579012,1527.423086373031,38.36691362696888
TR-034773,2025-08-07,august,Dry Van,963.6,1964.47,1945.9125331812545,1936.4712718748399,1941.1919025280472,23.278097471952833
TR-034774,2025-08-07,august,Reefer,1828.0,3690.06,3786.71824271399,3813.8966688647583,3800.307455789374,110.24745578937427
TR-034775,2025-08-07,august,Reefer,280.3,792.21,779.8430407511253,798.6012972209262,789.2221689860257,2.9878310139743007
TR-034776,2025-08-07,august,Dry Van,446.3,1090.99,1077.1587973416417,1033.8229061369002,1055.490851739271,35.499148260729044
TR-034777,2025-08-07,august,Flatbed,786.2,1899.73,1912.172287275022,1911.9663276242666,1912.0693074496444,12.339307449644366
TR-034778,2025-08-07,august,Reefer,806.2,1903.46,1942.7246784680292,1966.8011652724292,1954.762921870229,51.302921870229056
TR-034779,2025-08-07,august,Reefer,524.1,1341.65,1328.352857887184,1318.9413288047645,1323.647093345974,18.002906654025992
TR-034780,2025-08-07,august,Dry Van,1110.6,2158.03,2158.503067863323,2204.916354434715,2181.709711149019,23.679711149018658
TR-034781,2025-08-07,august,Dry Van,1156.3,2308.97,2191.4438271810727,2228.2375266102613,2209.840676895667,99.1293231043328
TR-034782,2025-08-07,august,Flatbed,1726.9,3719.44,3720.7169465679854,3751.6116641048498,3736.164305336418,16.72430533641773
TR-034783,2025-08-07,august,Dry Van,1944.8,3625.95,3756.8829700664137,3792.253093381261,3774.5680317238375,148.6180317238377
TR-034784,2025-08-07,august,Dry Van,2315.7,4331.05,4447.078466367431,4399.76569428485,4423.4220803261405,92.37208032614035
TR-034785,2025-08-07,august,Dry Van,1637.2,2998.17,3008.271069107909,2992.744230540232,3000.5076498240705,2.3376498240704677
TR-034786,2025-08-07,august,Reefer,382.3,1003.91,967.3993662270242,1000.1574621976076,983.778414212316,20.131585787684003
TR-034787,2025-08-07,august,Reefer,586.3,1554.46,1524.2749253104619,1550.2316495913135,1537.2532874508877,17.206712549112353
TR-034788,2025-08-07,august,Reefer,619.3,1579.46,1585.6662682658118,1558.8652392987178,1572.2657537822647,7.194246217735326
TR-034789,2025-08-07,august,Reefer,1491.2,3330.65,3455.9466653110353,3392.7283619018754,3424.337513606455,93.68751360645501
TR-034790,2025-08-07,august,Dry Van,1359.0,2820.72,2823.8894788779476,2795.0939965120538,2809.4917376950007,11.228262304999134
TR-034791,2025-08-07,august,Reefer,184.0,562.57,537.0600025906359,587.542021290049,562.3010119403425,0.2689880596575449
TR-034792,2025-08-07,august,Dry Van,1266.5,2533.07,2457.00777038029,2441.2331833875087,2449.1204768838993,83.94952311610086
TR-034793,2025-08-07,august,Reefer,725.9,1751.03,1779.3205767702195,1728.433526583369,1753.8770516767943,2.847051676794308
TR-034794,2025-08-07,august,Reefer,1212.9,2740.8,2740.768567128615,2759.2951807885647,2750.03187395859,9.231873958589858
TR-034795,2025-08-07,august,Flatbed,645.4,1494.32,1500.941695261924,1509.1223489014967,1505.0320220817102,10.712022081710302
TR-034796,2025-08-07,august,Flatbed,683.7,1579.37,1562.9242957810511,1569.0117833366974,1565.9680395588744,13.401960441125539
TR-034797,2025-08-07,august,Flatbed,1536.2,3384.67,3441.4920405553275,3386.2191576841005,3413.855599119714,29.18559911971397
TR-034798,2025-08-07,august,Flatbed,1626.3,3491.47,3561.0229853515693,3629.86547136218,3595.4442283568746,103.97422835687485
TR-034799,2025-08-07,august,Flatbed,334.2,774.15,778.0005518334953,784.7527549009251,781.3766533672101,7.226653367210133
TR-034800,2025-08-07,august,Dry Van,1001.9,2121.71,2135.854945499533,2159.2458107290167,2147.550378114275,25.840378114275154
TR-034801,2025-08-07,august,Dry Van,2236.8,4039.42,4093.442857661092,4077.8668283395173,4085.654843000305,46.23484300030486
TR-034802,2025-08-07,august,Flatbed,3015.4,5955.45,5987.344290649462,5969.5813198961905,5978.462805272826,23.01280527282597
TR-034803,2025-08-07,august,Reefer,1245.8,2808.51,2741.938516734262,2756.343839762955,2749.1411782486084,59.368821751391806
TR-034804,2025-08-07,august,Dry Van,1108.8,2278.63,2340.855539748371,2318.385134710879,2329.620337229625,50.990337229624856
TR-034805,2025-08-07,august,Dry Van,466.4,1067.95,1083.5433045195,1076.718360779181,1080.1308326493404,12.180832649340346
TR-034806,2025-08-07,august,Dry Van,485.5,1008.36,1005.6794981913326,984.1408017692199,994.9101499802763,13.449850019723726
TR-034807,2025-08-07,august,Dry Van,718.4,1422.9,1412.4088256483496,1431.7315164392398,1422.0701710437947,0.8298289562053469
TR-034808,2025-08-07,august,Dry Van,2691.4,4991.17,4967.980325748403,4892.996920930144,4930.4886233392735,60.68137666072653
TR-034809,2025-08-07,august,Dry Van,1157.6,2361.06,2420.0531186418625,2347.633753471044,2383.8434360564534,22.78343605645341
TR-034810,2025-08-07,august,Flatbed,1388.1,3002.98,3036.923711305973,3084.0366349318633,3060.480173118918,57.500173118918156
TR-034811,2025-08-07,august,Flatbed,562.7,1270.71,1252.409841647762,1254.0137139760614,1253.2117778119118,17.49822218808822
TR-034812,2025-08-07,august,Dry Van,166.9,411.76,444.0553765981763,421.5800969223062,432.81773676024125,21.057736760241255
TR-034813,2025-08-07,august,Dry Van,406.0,958.54,952.3618983884845,986.008867580389,969.1853829844367,10.645382984436765
TR-034814,2025-08-07,august,Dry Van,2036.6,3809.42,3961.995571401898,3935.199744007966,3948.597657704932,139.1776577049318
TR-034815,2025-08-07,august,Dry Van,308.7,741.22,747.0741396353367,735.7384554872015,741.4062975612691,0.1862975612690434
TR-034816,2025-08-07,august,Flatbed,170.6,438.9,447.7118111668724,459.65525394336737,453.6835325551199,14.783532555119905
TR-034817,2025-08-07,august,Flatbed,1397.5,3086.9,3060.888040527814,3142.7104401448196,3101.799240336317,14.89924033631678
TR-034818,2025-08-07,august,Dry Van,1459.4,3074.72,3015.889393627605,3025.522288968595,3020.7058412981,54.01415870189976
TR-034819,2025-08-07,august,Dry Van,2057.0,3945.58,4009.7973654906395,4018.912228219581,4014.35479685511,68.77479685511025
TR-034820,2025-08-07,august,Dry Van,714.6,1594.36,1594.1930029093269,1599.7194103497643,1596.9562066295457,2.5962066295458044
TR-034821,2025-08-07,august,Dry Van,439.6,957.66,958.9183390395727,953.7046386551174,956.3114888473451,1.3485111526548508
TR-034822,2025-08-07,august,Dry Van,487.7,1053.53,1074.4994643354396,1042.0968370376618,1058.2981506865508,4.768150686550825
TR-034823,2025-08-07,august,Reefer,699.8,1715.62,1745.1357839566372,1705.130919494335,1725.1333517254861,9.513351725486245
TR-034824,2025-08-07,august,Dry Van,241.2,587.61,587.8986988348528,599.4958250313846,593.6972619331186,6.0872619331186115
TR-034825,2025-08-07,august,Dry Van,1551.8,2927.36,2968.0340680894988,2912.0080156698978,2940.0210418796983,12.661041879698132
TR-034826,2025-08-07,august,Dry Van,829.0,1672.28,1649.235601484359,1671.1074611960623,1660.1715313402105,12.108468659789423
TR-034827,2025-08-07,august,Dry Van,972.2,1940.52,1974.663855499193,1996.7075251452743,1985.6856903222338,45.165690322233786
TR-034828,2025-08-07,august,Dry Van,566.3,1279.7,1223.7192750070592,1258.8646898226596,1241.2919824148594,38.40801758514067
TR-034829,2025-08-07,august,Dry Van,2308.4,4220.82,4251.499133405561,4233.439274022274,4242.4692037139175,21.649203713917814
TR-034830,2025-08-07,august,Dry Van,2454.1,4464.55,4528.384342417576,4516.012376976474,4522.198359697025,57.648359697024716
TR-034831,2025-08-07,august,Reefer,698.7,1810.57,1774.814122812232,1740.83336055989,1757.823741686061,52.746258313938824
TR-034832,2025-08-07,august,Dry Van,939.2,2032.18,1985.9886293482934,1994.0752942888419,1990.0319618185677,42.14803818143241
TR-034833,2025-08-07,august,Dry Van,280.6,642.46,634.5531748180816,645.4429353554613,639.9980550867715,2.4619449132285354
TR-034834,2025-08-07,august,Dry Van,645.8,1357.74,1372.3528331714642,1395.0739202536945,1383.7133767125792,25.97337671257924
TR-034835,2025-08-07,august,Dry Van,1166.9,2376.05,2472.5325212071302,2461.0195535188655,2466.776037362998,90.72603736299789
TR-034836,2025-08-07,august,Dry Van,354.9,782.28,799.0358912490599,788.1685223364705,793.6022067927652,11.3222067927652
TR-034837,2025-08-07,august,Flatbed,510.6,1173.83,1209.2312676381935,1213.077878591979,1211.1545731150864,37.32457311508642
TR-034838,2025-08-07,august,Dry Van,782.6,1670.44,1655.6531883523442,1699.129648960311,1677.3914186563275,6.951418656327405
TR-034839,2025-08-07,august,Dry Van,549.6,1171.67,1190.0193227931836,1174.399665956008,1182.2094943745958,10.539494374595733
TR-034840,2025-08-07,august,Dry Van,115.9,304.19,331.1626335631011,287.0872022243186,309.12491789370983,4.934917893709837
TR-034841,2025-08-07,august,Dry Van,2716.8,4992.36,5078.651157408816,5120.309851470254,5099.480504439535,107.12050443953558
TR-034842,2025-08-07,august,Flatbed,573.4,1391.2,1405.3485644313078,1422.2596689779202,1413.804116704614,22.604116704613944
TR-034843,2025-08-07,august,Dry Van,387.2,907.3,900.2770163810004,894.1275514576978,897.2022839193492,10.097716080650798
TR-034844,2025-08-07,august,Dry Van,459.0,1004.91,1016.3886373751857,1030.769723872018,1023.5791806236018,18.669180623601846
TR-034845,2025-08-08,august,Reefer,243.5,663.11,630.5308234501999,702.0854186022352,666.3081210262176,3.1981210262175637
TR-034846,2025-08-08,august,Dry Van,3171.5,5705.66,5620.003047341528,5503.878558825655,5561.940803083591,143.7191969164087
TR-034847,2025-08-08,august,Dry Van,1025.1,2167.6,2151.77052171295,2091.2736329862178,2121.522077349584,46.077922650415985
TR-034848,2025-08-08,august,Reefer,337.4,864.72,837.7981611719894,870.9725839613582,854.3853725666738,10.334627433326204
TR-034849,2025-08-08,august,Dry Van,779.1,1684.04,1659.8757531445037,1690.1918795918302,1675.033816368167,9.006183631832982
TR-034850,2025-08-08,august,Dry Van,1010.4,1934.3,1958.5278271844015,1982.119078866537,1970.3234530254692,36.02345302546928
TR-034851,2025-08-08,august,Flatbed,491.7,1165.31,1142.7244971978084,1164.3345002629826,1153.5294987303955,11.780501269604429
TR-034852,2025-08-08,august,Flatbed,726.0,1751.1,1764.5099312332518,1743.0696384606385,1753.7897848469452,2.6897848469452583
TR-034853,2025-08-08,august,Dry Van,1787.6,3540.37,3506.115743851018,3532.4061529728497,3519.260948411934,21.109051588065995
TR-034854,2025-08-08,august,Dry Van,1910.4,3570.31,3511.096384837015,3561.222529841183,3536.1594573390994,34.150542660900555
TR-034855,2025-08-08,august,Reefer,2289.2,4832.58,4860.683876123931,4857.859638180069,4859.271757152001,26.69175715200072
TR-034856,2025-08-08,august,Reefer,2374.4,4892.81,4995.974157591229,5059.434408677042,5027.704283134135,134.89428313413464
TR-034857,2025-08-08,august,Flatbed,744.8,1782.14,1787.627149216039,1762.9837072636674,1775.3054282398532,6.8345717601469005
TR-034858,2025-08-08,august,Dry Van,246.6,588.08,587.5531017435858,585.1637412755465,586.3584215095661,1.7215784904338989
TR-034859,2025-08-08,august,Dry Van,302.1,750.45,753.2163797622964,757.107767787817,755.1620737750567,4.712073775056638
TR-034860,2025-08-08,august,Reefer,1677.5,3670.29,3682.6448916738013,3687.829039535778,3685.2369656047895,14.946965604789511
TR-034861,2025-08-08,august,Dry Van,614.3,1363.67,1351.994394119741,1370.0621347506944,1361.0282644352178,2.641735564782266
TR-034862,2025-08-08,august,Flatbed,2661.2,5020.53,5247.980816389985,5247.809292268666,5247.895054329325,227.36505432932518
TR-034863,2025-08-08,august,Dry Van,2117.4,3903.3,3937.277761797228,3996.728562667179,3967.0031622322035,63.70316223220334
TR-034864,2025-08-08,august,Dry Van,824.2,1692.05,1739.1598488562943,1746.7072169130183,1742.9335328846564,50.88353288465646
TR-034865,2025-08-08,august,Flatbed,1921.1,3848.31,3931.058787000852,3996.297810547545,3963.6782987741985,115.36829877419859
TR-034866,2025-08-08,august,Flatbed,586.3,1317.98,1382.4313728112302,1357.7000723710228,1370.0657225911264,52.08572259112634
TR-034867,2025-08-08,august,Dry Van,193.3,517.57,498.1386266198613,503.9357247306443,501.0371756752528,16.532824324747253
TR-034868,2025-08-08,august,Reefer,1780.5,3881.97,3942.7375260804856,3896.9414891652427,3919.8395076228644,37.8695076228646
TR-034869,2025-08-08,august,Flatbed,1018.8,2220.75,2217.8022158092053,2226.7389532361863,2222.2705845226956,1.5205845226955716
TR-034870,2025-08-08,august,Dry Van,476.0,1015.89,1021.4810617737025,1006.9936475773252,1014.2373546755139,1.652645324486116
TR-034871,2025-08-08,august,Dry Van,1283.4,2470.57,2480.509125211395,2571.0828601537055,2525.79599268255,55.225992682549986
TR-034872,2025-08-08,august,Flatbed,1770.5,3771.21,3806.791551700108,3836.9414765264164,3821.8665141132624,50.65651411326235
TR-034873,2025-08-08,august,Flatbed,1190.3,2492.87,2521.5887071838915,2453.161822444284,2487.375264814088,5.49473518591185
TR-034874,2025-08-08,august,Reefer,1969.7,4326.19,4287.520500307489,4373.59787502151,4330.559187664499,4.369187664499805
TR-034875,2025-08-08,august,Reefer,1746.1,3830.53,3902.091366916759,3852.6606847371186,3877.3760258269385,46.84602582693833
TR-034876,2025-08-08,august,Flatbed,258.6,683.22,677.3279786171644,697.0320415848064,687.1800101009853,3.9600101009853006
TR-034877,2025-08-08,august,Dry Van,584.1,1327.43,1336.6049174067718,1328.8074025939397,1332.7061600003558,5.2761600003557305
TR-034878,2025-08-08,august,Dry Van,636.9,1433.38,1415.168911706817,1417.2960464831244,1416.2324790949706,17.147520905029523
TR-034879,2025-08-08,august,Reefer,1729.6,3823.46,3814.4143104519426,3813.7574596328222,3814.0858850423824,9.374114957617621
TR-034880,2025-08-08,august,Reefer,1661.6,3773.14,3691.4376752610765,3716.1795780573716,3703.808626659224,69.33137334077583
TR-034881,2025-08-08,august,Flatbed,593.5,1465.1,1485.65686610895,1462.851534004812,1474.254200056881,9.154200056881109
TR-034882,2025-08-08,august,Dry Van,424.8,966.22,978.5049967083927,983.7009937574246,981.1029952329086,14.88299523290857
TR-034883,2025-08-08,august,Flatbed,207.5,571.01,556.7588332485143,581.6781910455466,569.2185121470304,1.791487852969567
TR-034884,2025-08-08,august,Flatbed,2817.2,5570.67,5541.386528102024,5478.326543109324,5509.856535605674,60.81346439432582
TR-034885,2025-08-08,august,Reefer,2878.2,5674.2,5795.00655077666,5699.826801783527,5747.416676280094,73.21667628009436
TR-034886,2025-08-08,august,Dry Van,456.4,997.09,997.5245250211908,1011.9454256548354,1004.7349753380131,7.644975338013069
TR-034887,2025-08-08,august,Reefer,1911.0,4036.41,4080.3442853719935,4069.758809168476,4075.0515472702346,38.641547270234696
TR-034888,2025-08-08,august,Dry Van,1429.9,2934.61,2924.117992470921,2932.214690011633,2928.166341241277,6.443658758722904
TR-034889,2025-08-08,august,Dry Van,667.0,1410.76,1406.1024002478925,1460.0503516509261,1433.0763759494093,22.31637594940935
TR-034890,2025-08-08,august,Flatbed,738.2,1571.25,1646.980189016389,1601.9732652456705,1624.4767271310297,53.22672713102975
TR-034891,2025-08-08,august,Reefer,2862.6,5720.06,5882.6942332405315,5821.498961493708,5852.096597367119,132.0365973671187
TR-034892,2025-08-08,august,Reefer,894.6,2048.83,2105.703849031176,2070.686800132239,2088.1953245817076,39.36532458170768
TR-034893,2025-08-08,august,Dry Van,525.1,1161.43,1154.0142708392952,1164.2729011521833,1159.1435859957392,2.286414004260905
TR-034894,2025-08-08,august,Dry Van,1103.0,2316.1,2309.5068514132354,2281.713604776345,2295.6102280947903,20.489771905209636
TR-034895,2025-08-08,august,Dry Van,545.1,1267.82,1290.564678613656,1264.8058942101381,1277.685286411897,9.86528641189716
TR-034896,2025-08-08,august,Dry Van,966.9,2038.35,1986.2094807898502,1980.6243508293662,1983.4169158096083,54.93308419039158
TR-034897,2025-08-08,august,Dry Van,886.0,1765.51,1741.932724434701,1762.6463004201566,1752.2895124274287,13.220487572571301
TR-034898,2025-08-08,august,Flatbed,691.9,1551.07,1572.699105214477,1571.7037243917136,1572.2014148030953,21.131414803095367
TR-034899,2025-08-08,august,Flatbed,334.4,836.0,808.0835615961819,834.420404991441,821.2519832938115,14.748016706188537
TR-034900,2025-08-08,august,Dry Van,977.0,2065.82,2077.5032037890032,2059.919911674567,2068.7115577317854,2.8915577317852694
TR-034901,2025-08-08,august,Dry Van,1276.5,2509.21,2530.634553948671,2521.6060105242723,2526.1202822364717,16.91028223647163
TR-034902,2025-08-08,august,Dry Van,435.0,995.76,981.2947613139349,984.4020605740845,982.8484109440097,12.911589055990248
TR-034903,2025-08-08,august,Dry Van,441.7,927.99,933.8324290696983,934.129019946072,933.9807245078852,5.990724507885147
TR-034904,2025-08-08,august,Dry Van,1290.5,2658.24,2649.129924205077,2662.9058214657257,2656.0178728354012,2.2221271645985325
TR-034905,2025-08-08,august,Reefer,2025.3,4294.76,4274.272604709401,4264.6967373416555,4269.484671025528,25.27532897447236
TR-034906,2025-08-08,august,Dry Van,588.6,1346.29,1309.1552398427873,1319.603463960437,1314.3793519016122,31.91064809838781
TR-034907,2025-08-08,august,Flatbed,853.2,1945.82,1956.5686991039936,1914.1863199300424,1935.377509517018,10.442490482981839
TR-034908,2025-08-08,august,Reefer,938.6,2234.7,2215.03462841926,2209.9455506721624,2212.4900895457113,22.209910454288547
TR-034909,2025-08-08,august,Reefer,1465.4,2989.73,3168.402387544655,3119.8073016178478,3144.104844581251,154.37484458125118
TR-034910,2025-08-08,august,Flatbed,1891.7,3733.6,3945.344020836382,3881.570404492585,3913.4572126644834,179.85721266448354
TR-034911,2025-08-08,august,Dry Van,1066.3,2194.45,2223.091532110118,2208.174394053577,2215.6329630818473,21.182963081847447
TR-034912,2025-08-08,august,Dry Van,1174.4,2416.12,2511.061236222423,2431.1774242506253,2471.119330236524,54.9993302365242
TR-034913,2025-08-08,august,Dry Van,2809.6,5274.79,5245.623990058362,5191.22950183447,5218.426745946416,56.36325405358366
TR-034914,2025-08-08,august,Dry Van,2662.6,4829.09,4932.095085370448,4828.306712223035,4880.200898796742,51.11089879674182
TR-034915,2025-08-08,august,Flatbed,850.1,1778.27,1825.4217448887139,1807.9684303256172,1816.6950876071655,38.42508760716555
TR-034916,2025-08-08,august,Reefer,850.1,2128.43,2090.0083993341336,2091.8372395563365,2090.9228194452353,37.507180554764545
TR-034917,2025-08-08,august,Dry Van,699.3,1461.4,1500.6357435298048,1504.7586087338912,1502.697176131848,41.29717613184789
TR-034918,2025-08-08,august,Dry Van,512.9,1215.61,1209.3162535969877,1205.8164881972273,1207.5663708971074,8.04362910289251
TR-034919,2025-08-08,august,Dry Van,786.1,1681.32,1643.3346911347599,1625.6918160822884,1634.513253608524,46.806746391475826
TR-034920,2025-08-08,august,Reefer,746.8,1833.6,1850.4675138486093,1779.1236217693686,1814.7955678089888,18.804432191011074
TR-034921,2025-08-08,august,Dry Van,467.1,1044.26,1080.4453295212563,1079.0966139731895,1079.770971747223,35.51097174722304
TR-034922,2025-08-08,august,Dry Van,399.1,897.12,907.2141703706757,884.4890988090774,895.8516345898765,1.2683654101234652
TR-034923,2025-08-08,august,Reefer,1661.6,3601.64,3670.5364227868636,3655.4838271669496,3663.010124976907,61.370124976906936
TR-034924,2025-08-08,august,Dry Van,732.0,1592.58,1593.2430260831372,1615.485760727064,1604.3643934051006,11.784393405100673
TR-034925,2025-08-08,august,Reefer,1408.5,3258.23,3178.62528439351,3206.300762087293,3192.4630232404015,65.76697675959849
TR-034926,2025-08-08,august,Dry Van,2007.5,3779.79,3806.6657387474233,3765.1108939383785,3785.888316342901,6.098316342900944
TR-034927,2025-08-08,august,Reefer,993.9,2108.66,2192.935924148989,2161.663668875134,2177.2997965120617,68.63979651206182
TR-034928,2025-08-08,august,Flatbed,794.7,1814.15,1796.2075555544293,1776.6207633815466,1786.414159467988,27.735840532012162
TR-034929,2025-08-08,august,Dry Van,1790.4,3266.77,3395.980204460835,3334.444732379554,3365.2124684201945,98.44246842019447
TR-034930,2025-08-08,august,Dry Van,1363.5,2545.42,2545.262546522276,2567.2524395844343,2556.257493053355,10.837493053355047
TR-034931,2025-08-08,august,Reefer,2228.5,4419.87,4503.437577509713,4485.629863187081,4494.533720348398,74.66372034839787
TR-034932,2025-08-08,august,Dry Van,2322.6,4450.96,4446.981523258523,4411.779621747422,4429.380572502972,21.57942749702761
TR-034933,2025-08-08,august,Dry Van,668.2,1367.66,1342.027564224958,1364.8134588893652,1353.4205115571617,14.239488442838365
TR-034934,2025-08-08,august,Reefer,644.8,650.18,1650.5851597245942,1646.164554118147,1648.3748569213706,998.1948569213706
TR-034935,2025-08-08,august,Dry Van,1932.4,3436.38,3583.77135250491,3581.992798536957,3582.8820755209335,146.50207552093343
TR-034936,2025-08-08,august,Reefer,466.3,1187.34,1169.8283545503668,1202.7191501865543,1186.2737523684605,1.0662476315394542
TR-034937,2025-08-08,august,Dry Van,910.5,1905.67,1928.2774271239314,1892.8501139993332,1910.5637705616323,4.893770561632209
TR-034938,2025-08-08,august,Reefer,1280.1,2900.29,2919.907712732639,2962.755729188157,2941.3317209603983,41.04172096039838
TR-034939,2025-08-08,august,Dry Van,1749.9,3414.47,3478.4113131628624,3482.8897470302636,3480.6505300965628,66.18053009656296
TR-034940,2025-08-08,august,Dry Van,1027.7,2208.98,2182.2776668030797,2222.5950204696696,2202.4363436363747,6.5436563636253595
TR-034941,2025-08-08,august,Dry Van,654.6,337.03,1406.7365480269361,1445.2402253689734,1425.9883866979549,1088.958386697955
TR-034942,2025-08-08,august,Reefer,128.8,385.5,363.12500727375914,402.05432705244357,382.58966716310135,2.9103328368986467
TR-034943,2025-08-08,august,Reefer,1072.1,2293.39,2353.9575644866686,2346.906592277489,2350.4320783820785,57.04207838207867
TR-034944,2025-08-08,august,Dry Van,533.0,1207.71,1204.6783626600231,1221.0209746250762,1212.8496686425497,5.139668642549623
TR-034945,2025-08-08,august,Dry Van,1342.9,2706.03,2722.7770654366154,2668.1569350123505,2695.467000224483,10.562999775517255
TR-034946,2025-08-08,august,Dry Van,2464.5,4146.94,4413.522778839069,4271.344514024073,4342.433646431571,195.4936464315715
TR-034947,2025-08-08,august,Reefer,1196.7,2704.44,2765.495953882956,2768.7995746015517,2767.147764242254,62.70776424225414
TR-034948,2025-08-08,august,Flatbed,1545.9,3210.97,3293.52454687645,3297.236083721185,3295.3803152988175,84.41031529881775
TR-034949,2025-08-08,august,Flatbed,545.6,1322.46,1296.145043501739,1254.1115241212103,1275.1282838114748,47.331716188525206
TR-034950,2025-08-08,august,Flatbed,1340.7,2766.03,2841.194748503637,2808.510342361024,2824.8525454323308,58.82254543233057
TR-034951,2025-08-08,august,Flatbed,1277.5,2818.11,2797.8892879777545,2757.794131908757,2777.841709943256,40.26829005674426
TR-034952,2025-08-08,august,Flatbed,2854.5,5823.64,5627.4784677064135,5613.9965233380935,5620.737495522253,202.90250447774724
TR-034953,2025-08-08,august,Flatbed,1816.1,3571.55,3643.149596248592,3654.1000675590494,3648.6248319038204,77.07483190382027
TR-034954,2025-08-08,august,Dry Van,378.9,859.46,855.3974697046508,849.9169003954357,852.6571850500433,6.802814949956769
TR-034955,2025-08-08,august,Reefer,1873.2,4179.39,4202.435178353271,4251.769586446705,4227.102382399988,47.71238239998729
TR-034956,2025-08-08,august,Dry Van,387.9,965.42,966.5483984488548,978.8868350645448,972.7176167566997,7.297616756699767
TR-034957,2025-08-08,august,Reefer,2213.5,4577.31,4591.178967034988,4619.315782824207,4605.247374929598,27.937374929597354
TR-034958,2025-08-08,august,Dry Van,2075.8,3612.69,3783.7451344346364,3769.463951573356,3776.6045430039962,163.9145430039962
TR-034959,2025-08-08,august,Reefer,280.5,712.84,722.7680962433317,752.610804502719,737.6894503730254,24.84945037302532
TR-034960,2025-08-08,august,Flatbed,1956.4,3655.8,3751.7985439342237,3696.6260182782908,3724.2122811062573,68.41228110625707
TR-034961,2025-08-08,august,Reefer,1142.3,2474.44,2552.1016093502053,2523.8864767375553,2537.99404304388,63.55404304388003
TR-034962,2025-08-08,august,Dry Van,1393.1,2736.5,2789.4840568935874,2805.0486241273848,2797.266340510486,60.76634051048586
TR-034963,2025-08-08,august,Dry Van,3164.1,5760.01,5786.004128175814,5748.709125242558,5767.3566267091865,7.346626709186239
TR-034964,2025-08-08,august,Flatbed,1366.1,2789.62,2763.4427558665375,2793.5703428808147,2778.506549373676,11.11345062632381
TR-034965,2025-08-08,august,Dry Van,1116.1,2252.44,2237.3305698807985,2204.769270341898,2221.049920111348,31.390079888652053
TR-034966,2025-08-08,august,Flatbed,1438.6,3052.21,3110.145239789631,3035.1747469941206,3072.659993391876,20.449993391875978
TR-034967,2025-08-08,august,Flatbed,210.9,611.95,621.6730137472218,652.8835654269321,637.278289587077,25.328289587076938
TR-034968,2025-08-08,august,Dry Van,1156.2,2322.08,2310.9041036579756,2284.252585743499,2297.578344700737,24.501655299262893
TR-034969,2025-08-08,august,Reefer,670.6,1646.7,1659.9620503176095,1647.2932294871816,1653.6276399023955,6.927639902395413
TR-034970,2025-08-08,august,Reefer,148.2,446.97,435.6574251624591,483.15380423194233,459.4056146972007,12.435614697200663
TR-034971,2025-08-08,august,Dry Van,2208.0,4059.94,4118.964957087277,4083.51905763997,4101.242007363624,41.30200736362394
TR-034972,2025-08-08,august,Flatbed,314.9,790.09,794.6302192034775,821.8624679466698,808.2463435750736,18.156343575073606
TR-034973,2025-08-08,august,Dry Van,1001.2,1944.03,1936.7886040153633,1973.512480254471,1955.150542134917,11.12054213491706
TR-034974,2025-08-08,august,Dry Van,560.0,1201.16,1182.5522651237302,1188.584990524557,1185.5686278241437,15.59137217585635
TR-034975,2025-08-08,august,Dry Van,945.4,1895.48,1890.4287257264432,1887.4351123520285,1888.9319190392357,6.54808096076431
TR-034976,2025-08-08,august,Dry Van,1509.9,2917.68,2896.256434075269,2939.3041775544107,2917.78030581484,0.10030581484033974
TR-034977,2025-08-08,august,Dry Van,1350.6,2545.53,2592.109852056955,2636.0633745529717,2614.086613304963,68.55661330496287
TR-034978,2025-08-08,august,Reefer,1952.1,4195.98,4205.184577629161,4243.500082442384,4224.342330035773,28.362330035773084
TR-034979,2025-08-08,august,Dry Van,2764.9,4781.79,4994.896054319379,4938.075646821044,4966.485850570211,184.6958505702114
TR-034980,2025-08-08,august,Reefer,459.3,1098.67,1089.663957312383,1085.754601927871,1087.7092796201268,10.960720379873237
TR-034981,2025-08-08,august,Dry Van,589.6,1234.26,1284.0870424963312,1288.9362170038048,1286.511629750068,52.251629750068105
TR-034982,2025-08-08,august,Flatbed,2180.1,4432.5,4493.083837653525,4518.548750726355,4505.81629418994,73.31629418993998
TR-034983,2025-08-08,august,Dry Van,2497.4,4725.92,4762.99337415579,4724.2649536352,4743.629163895495,17.709163895495294
TR-034984,2025-08-08,august,Dry Van,736.3,1579.67,1579.0721238557885,1588.6809615868563,1583.8765427213225,4.206542721322421
TR-034985,2025-08-08,august,Flatbed,2916.7,5499.06,5581.414115461291,5517.756891780513,5549.585503620901,50.52550362090096
TR-034986,2025-08-08,august,Dry Van,610.6,1344.04,1349.250073654058,1317.3276057836529,1333.2888397188553,10.751160281144621
TR-034987,2025-08-09,august,Dry Van,450.9,1036.77,1028.8944622890924,1023.5101301922979,1026.2022962406952,10.567703759304777
TR-034988,2025-08-09,august,Dry Van,1146.1,2349.25,2333.8184450341,2320.7694693276762,2327.2939571808884,21.956042819111644
TR-034989,2025-08-09,august,Reefer,542.4,1251.03,1244.7741519820938,1216.9686556607955,1230.8714038214448,20.15859617855517
TR-034990,2025-08-09,august,Dry Van,575.0,1187.19,1167.8699100675713,1177.9776770820904,1172.9237935748308,14.26620642516923
TR-034991,2025-08-09,august,Flatbed,1331.0,2651.6,2722.816982334249,2726.9311342158912,2724.87405827507,73.27405827507027
TR-034992,2025-08-09,august,Dry Van,1067.3,2045.35,2063.5290168893102,2063.194638912067,2063.3618279006887,18.011827900688786
TR-034993,2025-08-09,august,Dry Van,2060.8,3935.62,4042.272338007919,4020.8326176028904,4031.552477805405,95.93247780540514
TR-034994,2025-08-09,august,Dry Van,1072.4,2099.19,2158.2209018932485,2144.8334303993984,2151.5271661463235,52.3371661463234
TR-034995,2025-08-09,august,Dry Van,303.0,710.04,717.172448755178,718.3838581816067,717.7781534683924,7.738153468392397
TR-034996,2025-08-09,august,Dry Van,527.4,1094.79,1101.8125017479554,1109.9850595259684,1105.8987806369619,11.10878063696191
TR-034997,2025-08-09,august,Dry Van,2145.1,4026.88,4011.7843437804286,3938.374776160247,3975.079559970338,51.80044002966224
TR-034998,2025-08-09,august,Reefer,280.9,712.5,731.6259400489055,719.7741317095101,725.7000358792078,13.200035879207803
TR-034999,2025-08-09,august,Dry Van,2730.2,5031.67,5028.360867585274,4984.916658288579,5006.6387629369265,25.031237063073604
TR-035000,2025-08-09,august,Dry Van,1661.8,3164.39,3138.6414716054123,3123.6624308375985,3131.1519512215054,33.23804877849443
TR-035001,2025-08-09,august,Dry Van,521.5,1188.22,1170.695485379059,1202.7206525250158,1186.7080689520374,1.511931047962662
TR-035002,2025-08-09,august,Reefer,506.6,1232.15,1238.3113248288025,1245.8739768137482,1242.0926508212754,9.942650821275265
TR-035003,2025-08-09,august,Flatbed,961.3,2077.35,2086.305716415048,2084.6901613071723,2085.49793886111,8.147938861110106
TR-035004,2025-08-09,august,Dry Van,1521.5,3016.77,2996.209636625921,3000.091477257247,2998.150556941584,18.619443058415982
TR-035005,2025-08-09,august,Reefer,2460.6,4958.16,5146.112244487119,5176.688785626497,5161.400515056808,203.24051505680836
TR-035006,2025-08-09,august,Dry Van,1674.2,3288.81,3345.306017691809,3305.1118907479804,3325.2089542198946,36.39895421989468
TR-035007,2025-08-09,august,Flatbed,1561.5,3013.8,3255.846607316508,3139.966450247158,3197.906528781833,184.10652878183282
TR-035008,2025-08-09,august,Dry Van,118.2,358.18,352.4613542163219,351.6187004287722,352.0400273225471,6.139972677452931
TR-035009,2025-08-09,august,Dry Van,890.5,1676.9,1706.7623497041404,1713.7178450649467,1710.2400973845436,33.34009738454347
TR-035010,2025-08-09,august,Dry Van,2223.2,4139.48,4155.2787830740035,4196.695482667185,4175.987132870594,36.50713287059443
TR-035011,2025-08-09,august,Flatbed,275.5,655.92,682.7072242010369,663.0943196565936,672.9007719288152,16.980771928815216
TR-035012,2025-08-09,august,Dry Van,649.5,1414.15,1410.689982930965,1431.218344067342,1420.9541634991535,6.8041634991534465
TR-035013,2025-08-09,august,Reefer,766.3,1790.35,1829.9344343910084,1802.0908215030436,1816.012627947026,25.662627947026067
TR-035014,2025-08-09,august,Dry Van,1470.8,2895.37,2892.4385200396237,2893.775750786257,2893.1071354129404,2.262864587059539
TR-035015,2025-08-09,august,Flatbed,1638.5,1056.79,3448.0792208710927,3436.7530515566996,3442.416136213896,2385.626136213896
TR-035016,2025-08-09,august,Dry Van,401.0,916.51,926.439656429597,904.6370845887418,915.5383705091695,0.9716294908305372
TR-035017,2025-08-09,august,Dry Van,1683.1,2997.24,3140.8879699761737,3100.216310208441,3120.552140092307,123.31214009230735
TR-035018,2025-08-09,august,Dry Van,1014.6,2030.21,2006.5976401209946,1977.1371251638923,1991.8673826424433,38.34261735755672
TR-035019,2025-08-09,august,Dry Van,1196.3,2460.35,2563.494940375907,2518.6735379258416,2541.084239150874,80.73423915087415
TR-035020,2025-08-09,august,Dry Van,319.9,727.6,717.9710006687155,722.0308974959369,720.0009490823262,7.5990509176738215
TR-035021,2025-08-09,august,Dry Van,741.1,1540.56,1492.942918343432,1535.2581700170076,1514.10054418022,26.459455819780032
TR-035022,2025-08-09,august,Dry Van,1670.4,3248.29,3301.451315655216,3233.4557551571907,3267.4535354062036,19.163535406203664
TR-035023,2025-08-09,august,Reefer,387.4,3901.56,943.2731748288686,933.1693113654794,938.221243097174,2963.338756902826
TR-035024,2025-08-09,august,Dry Van,685.8,1556.08,1534.2139405904402,1550.0493981279806,1542.1316693592103,13.948330640789663
TR-035025,2025-08-09,august,Dry Van,623.2,1369.86,1381.3465705822612,1379.1063838572727,1380.2264772197668,10.36647721976692
TR-035026,2025-08-09,august,Dry Van,730.2,1460.21,1505.450450254482,1547.9236824738591,1526.6870663641705,66.47706636417047
TR-035027,2025-08-09,august,Dry Van,712.3,1428.06,1453.9477630572337,1436.3544407969543,1445.151101927094,17.091101927094087
TR-035028,2025-08-09,august,Reefer,928.4,2020.28,2073.698686691428,2042.770037367214,2058.234362029321,37.95436202932092
TR-035029,2025-08-09,august,Reefer,776.1,1811.5,1833.345897030526,1821.2456649510943,1827.2957809908103,15.795780990810272
TR-035030,2025-08-09,august,Flatbed,1995.1,3877.81,3998.2957621607097,3974.581789543883,3986.438775852296,108.62877585229626
TR-035031,2025-08-09,august,Dry Van,555.7,1176.42,1163.3570172023915,1159.1505455084157,1161.2537813554036,15.166218644596484
TR-035032,2025-08-09,august,Dry Van,785.0,1599.34,1566.2332079785185,1591.696761771003,1578.9649848747608,20.375015125239088
TR-035033,2025-08-09,august,Dry Van,715.8,1626.92,1583.4632249784424,1600.3797745070972,1591.9214997427698,34.99850025723026
TR-035034,2025-08-09,august,Dry Van,1810.8,3529.05,3672.2529687796005,3638.3953864127475,3655.324177596174,126.27417759617401
TR-035035,2025-08-09,august,Dry Van,675.1,1407.97,1413.0511896661692,1395.663638196204,1404.3574139311866,3.6125860688134708
TR-035036,2025-08-09,august,Dry Van,2083.1,3958.79,3986.0885436461253,3917.9276325794335,3952.0080881127797,6.7819118872203035
TR-035037,2025-08-09,august,Reefer,731.2,1777.94,1792.9795373871066,1808.1479430629104,1800.5637402250086,22.623740225008532
TR-035038,2025-08-09,august,Reefer,484.6,1172.4,1170.8473223306464,1159.399299793173,1165.1233110619096,7.276688938090501
TR-035039,2025-08-09,august,Dry Van,894.7,1700.05,1720.1067273313051,1700.6105195966713,1710.3586234639884,10.308623463988397
TR-035040,2025-08-09,august,Reefer,1905.9,3860.28,4000.774220086058,4005.601444762129,4003.1878324240934,142.90783242409316
TR-035041,2025-08-09,august,Dry Van,865.7,1703.49,1707.3079809882277,1696.6750317855979,1701.9915063869128,1.4984936130872484
TR-035042,2025-08-09,august,Dry Van,2003.1,3806.09,3864.1591136049665,3913.9128610233847,3889.0359873141756,82.94598731417545
TR-035043,2025-08-09,august,Dry Van,957.5,1940.32,1933.0977378047357,1910.4429357041017,1921.7703367544186,18.549663245581314
TR-035044,2025-08-09,august,Reefer,245.1,659.78,660.2612944640595,683.3443187347705,671.8028065994149,12.022806599414935
TR-035045,2025-08-09,august,Dry Van,80.6,230.74,242.40186897444255,244.91509161743443,243.6584802959385,12.91848029593848
TR-035046,2025-08-09,august,Dry Van,1367.9,2782.99,2782.628130350717,2733.7427463115914,2758.1854383311543,24.80456166884551
TR-035047,2025-08-09,august,Flatbed,1408.7,3003.62,3012.030257431442,3053.724867992642,3032.877562712042,29.257562712042272
TR-035048,2025-08-09,august,Dry Van,1893.9,3572.6,3751.270024327081,3743.2646363585573,3747.267330342819,174.66733034281924
TR-035049,2025-08-09,august,Dry Van,250.9,617.77,623.5289305110147,619.8445983600016,621.6867644355082,3.9167644355081848
TR-035050,2025-08-09,august,Dry Van,725.9,1561.71,1549.8969113120825,1541.2727728757438,1545.5848420939133,16.12515790608677
TR-035051,2025-08-09,august,Dry Van,2574.9,4431.13,4493.368110736889,4427.470082075628,4460.419096406258,29.289096406258068
TR-035052,2025-08-09,august,Reefer,1216.7,2642.06,2686.8044046540463,2708.9286854465117,2697.866545050279,55.806545050279055
TR-035053,2025-08-09,august,Reefer,2297.3,4474.0,4615.139809054092,4588.70775451969,4601.923781786891,127.92378178689069
TR-035054,2025-08-09,august,Reefer,632.7,1528.76,1528.6626988135877,1497.7828665482125,1513.2227826809,15.53721731909991
TR-035055,2025-08-09,august,Dry Van,2530.7,4333.26,4591.847287948545,4508.439397138509,4550.143342543527,216.88334254352685
TR-035056,2025-08-09,august,Dry Van,2148.6,4006.7,4052.8499426725793,4136.148090072775,4094.499016372677,87.79901637267722
TR-035057,2025-08-09,august,Dry Van,1912.0,3615.67,3608.6293373148,3634.4526409579844,3621.5409891363925,5.870989136392382
TR-035058,2025-08-09,august,Dry Van,407.8,920.29,921.0996496282576,917.718102411078,919.4088760196678,0.8811239803321769
TR-035059,2025-08-09,august,Flatbed,741.3,1547.03,1610.6245939613586,1574.893357460102,1592.7589757107303,45.72897571073031
TR-035060,2025-08-09,august,Dry Van,420.5,1003.44,981.5238143240381,973.3198571471207,977.4218357355794,26.018164264420648
TR-035061,2025-08-09,august,Dry Van,2346.8,4236.94,4272.375707924983,4171.696088497747,4222.035898211365,14.904101788634762
TR-035062,2025-08-09,august,Dry Van,229.4,589.3,578.2107665030804,585.6024934196744,581.9066299613773,7.393370038622606
TR-035063,2025-08-09,august,Reefer,594.1,1437.11,1454.1459228487074,1445.6514076763906,1449.898665262549,12.788665262549102
TR-035064,2025-08-09,august,Dry Van,1487.3,2925.64,2944.762111313007,2932.63783531008,2938.6999733115435,13.059973311543672
TR-035065,2025-08-09,august,Reefer,463.7,1157.66,1181.0972758452144,1161.1210504816204,1171.1091631634174,13.449163163417325
TR-035066,2025-08-09,august,Dry Van,1236.7,2442.54,2497.5340501801657,2435.4316248933837,2466.4828375367747,23.942837536774732
TR-035067,2025-08-09,august,Reefer,1065.0,2302.4,2405.1108771382937,2432.789089385164,2418.949983261729,116.54998326172881
TR-035068,2025-08-09,august,Flatbed,686.5,1474.25,1467.687013231954,1510.9147572316565,1489.3008852318053,15.050885231805296
TR-035069,2025-08-09,august,Flatbed,442.5,1038.4,1060.0895975269373,1049.0175775218122,1054.5535875243747,16.153587524374643
TR-035070,2025-08-09,august,Reefer,645.2,1467.37,1453.5419619434092,1449.8228084902735,1451.6823852168413,15.687614783158551
TR-035071,2025-08-09,august,Dry Van,2060.1,3840.01,3879.7653584951436,3890.854057017683,3885.3097077564134,45.29970775641323
TR-035072,2025-08-09,august,Dry Van,1275.0,2562.49,2595.288894076861,2553.4823519301767,2574.385623003519,11.895623003519177
TR-035073,2025-08-09,august,Reefer,345.8,986.16,954.4716460815303,965.2815781012548,959.8766120913925,26.283387908607438
TR-035074,2025-08-09,august,Flatbed,287.5,783.59,776.3954909777129,785.1000703521797,780.7477806649463,2.8422193350537555
TR-035075,2025-08-09,august,Dry Van,292.8,780.79,746.185946420779,749.5258959239018,747.8559211723405,32.934078827659505
TR-035076,2025-08-09,august,Dry Van,1874.1,3359.74,3570.4162694185657,3532.6934318681188,3551.5548506433424,191.81485064334265
TR-035077,2025-08-09,august,Dry Van,414.3,991.31,981.8858462534331,990.1168405425237,986.0013433979784,5.308656602021529
TR-035078,2025-08-09,august,Dry Van,752.7,1550.93,1482.8133857544994,1523.5408702611028,1503.177128007801,47.75287199219906
TR-035079,2025-08-09,august,Reefer,2130.3,4765.56,4567.159467896165,4541.12922540605,4554.144346651107,211.4156533488931
TR-035080,2025-08-09,august,Dry Van,1492.3,2898.12,3052.9757698986105,2968.180833072849,3010.5783014857298,112.45830148572986
TR-035081,2025-08-09,august,Dry Van,716.3,1639.52,1606.0677932411197,1586.7382782029572,1596.4030357220386,43.116964277961415
TR-035082,2025-08-09,august,Reefer,359.0,908.2,921.6639596797895,892.6863301809365,907.175144930363,1.0248550696370557
TR-035083,2025-08-09,august,Dry Van,491.5,1128.95,1125.7110679131335,1145.109203047024,1135.4101354800787,6.460135480078634
TR-035084,2025-08-09,august,Dry Van,1364.7,2648.74,2588.875423456317,2596.7295523795055,2592.802487917911,55.93751208208869
TR-035085,2025-08-09,august,Reefer,1976.0,3987.01,4016.1791603812576,4004.917241297173,4010.5482008392155,23.53820083921528
TR-035086,2025-08-09,august,Dry Van,1015.0,1882.9,1915.9850299944146,1946.153200244509,1931.069115119462,48.16911511946182
TR-035087,2025-08-09,august,Reefer,363.5,925.7,930.003531258854,955.6865348384481,942.845033048651,17.14503304865093
TR-035088,2025-08-09,august,Reefer,2019.9,4020.71,4190.173229692901,4185.739395015291,4187.956312354096,167.2463123540956
TR-035089,2025-08-09,august,Reefer,294.7,773.77,796.938279330336,774.3844580376085,785.6613686839722,11.891368683972246
TR-035090,2025-08-09,august,Dry Van,2070.4,3640.82,3745.4914526504863,3693.263535527528,3719.377494089007,78.55749408900692
TR-035091,2025-08-09,august,Dry Van,835.0,1735.44,1747.157069138184,1760.1815709399104,1753.6693200390473,18.229320039047252
TR-035092,2025-08-09,august,Reefer,1175.5,2580.12,2643.245820238898,2562.1124863641335,2602.6791533015157,22.559153301515835
TR-035093,2025-08-09,august,Flatbed,1536.9,3265.54,3340.151202007892,3283.002722131717,3311.5769620698047,46.03696206980476
TR-035094,2025-08-09,august,Dry Van,1918.4,3573.56,3577.107403644142,3620.4295985180024,3598.768501081072,25.208501081071972
TR-035095,2025-08-09,august,Dry Van,898.1,1765.9,1769.337825024046,1776.753188881093,1773.0455069525694,7.145506952569349
TR-035096,2025-08-09,august,Dry Van,1696.9,3398.64,3380.5237081946934,3355.0194307709216,3367.7715694828075,30.868430517192337
TR-035097,2025-08-09,august,Reefer,796.5,1859.26,1863.201226719071,1825.778506299673,1844.489866509372,14.77013349062804
TR-035098,2025-08-09,august,Dry Van,939.2,1867.23,1847.605476793788,1871.8887960117038,1859.747136402746,7.482863597253981
TR-035099,2025-08-09,august,Dry Van,701.0,1473.24,1517.8912940773223,1479.5668493575608,1498.7290717174415,25.489071717441448
TR-035100,2025-08-09,august,Dry Van,681.5,1462.21,1425.2680800038597,1447.139152289386,1436.2036161466228,26.0063838533772
TR-035101,2025-08-09,august,Dry Van,1022.3,2075.08,2092.654806571712,2065.930686065539,2079.292746318625,4.21274631862525
TR-035102,2025-08-09,august,Reefer,326.8,875.03,862.280367309176,888.0163039956121,875.148335652394,0.11833565239408017
TR-035103,2025-08-09,august,Dry Van,2052.0,795.36,4035.636336681983,4001.685200961947,4018.6607688219647,3223.3007688219645
TR-035104,2025-08-09,august,Dry Van,573.2,1211.18,1199.1367644770085,1205.3520848396925,1202.2444246583505,8.93557534164961
TR-035105,2025-08-09,august,Dry Van,1456.0,2953.57,2929.798992466083,2941.067913964891,2935.433453215487,18.13654678451303
TR-035106,2025-08-09,august,Flatbed,1016.3,2188.21,2214.3418631094446,2205.7338032587813,2210.037833184113,21.827833184112933
TR-035107,2025-08-09,august,Reefer,2994.2,6146.72,6066.175921604596,6083.790479416708,6074.983200510652,71.73679948934841
TR-035108,2025-08-09,august,Dry Van,531.0,1126.53,1102.9343808576268,1087.1772835044085,1095.0558321810176,31.474167818982323
TR-035109,2025-08-09,august,Dry Van,663.4,1328.61,1319.9931919830967,1346.7151381162794,1333.3541650496882,4.744165049688263
TR-035110,2025-08-09,august,Dry Van,1487.3,2718.35,2753.364570489793,2764.7067337774174,2759.0356521336053,40.685652133605345
TR-035111,2025-08-09,august,Reefer,1826.3,3835.04,3904.800384995554,3927.5624897616763,3916.181437378615,81.14143737861514
TR-035112,2025-08-09,august,Dry Van,1554.0,2852.57,2971.707252749087,2928.297989548155,2950.002621148621,97.43262114862091
TR-035113,2025-08-09,august,Flatbed,828.2,1693.89,1707.370890787403,1751.4169320352569,1729.39391141133,35.50391141132991
TR-035114,2025-08-09,august,Dry Van,729.8,1489.42,1497.433625535239,1569.4285545056043,1533.4310900204216,44.011090020421534
TR-035115,2025-08-09,august,Flatbed,438.3,1039.42,1057.4346176791846,1018.1883516965106,1037.8114846878475,1.6085153121525764
TR-035116,2025-08-09,august,Flatbed,365.0,884.21,873.2597307816795,866.3443376568832,869.8020342192814,14.407965780718655
TR-035117,2025-08-09,august,Dry Van,643.8,1385.87,1365.320683984545,1366.3045086514658,1365.8125963180055,20.0574036819944
TR-035118,2025-08-09,august,Dry Van,1587.0,3121.41,3193.6807952168083,3218.610175757036,3206.145485486922,84.73548548692224
TR-035119,2025-08-09,august,Dry Van,776.0,1591.62,1517.9170727925189,1565.7358766034004,1541.8264746979596,49.79352530204028
TR-035120,2025-08-09,august,Dry Van,447.9,992.49,978.3821905412962,1002.0920613497262,990.2371259455113,2.252874054488757
TR-035121,2025-08-09,august,Reefer,517.1,1335.98,1330.7056373974108,1383.3619372213177,1357.0337873093642,21.053787309364225
TR-035122,2025-08-09,august,Flatbed,278.2,733.42,724.982912680066,728.4074657463655,726.6951892132157,6.724810786784246
TR-035123,2025-08-09,august,Dry Van,521.7,1117.78,1152.5931577685967,1161.3467601085072,1156.9699589385518,39.189958938551854
TR-035124,2025-08-09,august,Dry Van,407.8,899.52,927.9160180261986,911.1588029665754,919.537410496387,20.017410496387015
TR-035125,2025-08-09,august,Dry Van,497.7,1036.15,1047.4432213581715,1061.9183576987548,1054.6807895284633,18.530789528463174
TR-035126,2025-08-09,august,Dry Van,539.3,1202.29,1188.8671316805069,1181.8245179607002,1185.3458248206034,16.944175179396552
TR-035127,2025-08-09,august,Reefer,1196.7,2519.36,2596.8507026380885,2547.672343442771,2572.26152304043,52.901523040429765
TR-035128,2025-08-09,august,Dry Van,794.3,1642.55,1680.2548228640233,1685.4060970269582,1682.8304599454907,40.28045994549075
TR-035129,2025-08-10,august,Dry Van,842.1,1776.04,1767.81814538508,1790.9502398524937,1779.384192618787,3.3441926187870195
TR-035130,2025-08-10,august,Dry Van,1113.3,2054.43,2108.296487034133,2066.19113867875,2087.2438128564418,32.81381285644193
TR-035131,2025-08-10,august,Dry Van,650.3,1365.5,1350.410703282665,1385.522983863082,1367.9668435728736,2.466843572873586
TR-035132,2025-08-10,august,Flatbed,1819.1,3699.35,3802.7706851945086,3780.2285832229218,3791.499634208715,92.14963420871527
TR-035133,2025-08-10,august,Dry Van,861.5,1795.06,1792.222745729767,1815.1636884909767,1803.6932171103717,8.633217110371788
TR-035134,2025-08-10,august,Dry Van,286.2,632.38,633.3269807592881,646.7753982624095,640.0511895108488,7.671189510848762
TR-035135,2025-08-10,august,Dry Van,439.1,1038.13,1045.5341469660789,1033.6294375559055,1039.5817922609922,1.4517922609920788
TR-035136,2025-08-10,august,Dry Van,686.7,1342.86,1333.968651599581,1370.8958730638806,1352.4322623317307,9.572262331730826
TR-035137,2025-08-10,august,Dry Van,984.6,1902.18,1921.5975367473861,1916.4299012892213,1919.0137190183036,16.833719018303555
TR-035138,2025-08-10,august,Dry Van,582.4,1220.87,1265.2683343831352,1261.8776947689112,1263.573014576023,42.70301457602318
TR-035139,2025-08-10,august,Dry Van,1273.4,2447.19,2454.4232179458368,2446.2003184656537,2450.3117682057455,3.1217682057454113
TR-035140,2025-08-10,august,Dry Van,960.9,1909.85,1942.7076911295826,1902.0821442093677,1922.394917669475,12.544917669475126
TR-035141,2025-08-10,august,Reefer,1919.5,4106.44,4255.071558110588,4220.094434241556,4237.582996176072,131.1429961760723
TR-035142,2025-08-10,august,Dry Van,1844.5,3343.72,3432.1185395894654,3458.48687072386,3445.302705156663,101.582705156663
TR-035143,2025-08-10,august,Dry Van,1524.6,2854.8,2842.788111095866,2834.372661266023,2838.5803861809445,16.219613819055667
TR-035144,2025-08-10,august,Dry Van,2305.9,4216.16,4362.7454616119485,4216.12806915043,4289.43676538119,73.27676538118976
TR-035145,2025-08-10,august,Flatbed,1595.8,3217.55,3355.9434000368083,3348.2887702269436,3352.116085131876,134.56608513187575
TR-035146,2025-08-10,august,Dry Van,443.8,942.45,943.6447369180784,942.1509787371997,942.897857827639,0.4478578276389271
TR-035147,2025-08-10,august,Dry Van,1645.8,3190.13,3306.1178174447123,3265.05296436846,3285.5853909065863,95.45539090658622
TR-035148,2025-08-10,august,Dry Van,1665.0,3126.39,3156.940885310656,3158.920792778147,3157.9308390444016,31.540839044401764
TR-035149,2025-08-10,august,Flatbed,1100.7,2284.93,2356.18181386311,2325.9209988276652,2341.0514063453875,56.12140634538764
TR-035150,2025-08-10,august,Flatbed,634.9,1420.87,1443.3360027342273,1437.290306794399,1440.3131547643131,19.44315476431325
TR-035151,2025-08-10,august,Reefer,582.6,1404.52,1454.1992829800931,1444.15644770726,1449.1778653436766,44.657865343676576
TR-035152,2025-08-10,august,Dry Van,176.1,413.18,423.76850324675416,391.2259921457189,407.4972476962365,5.682752303763493
TR-035153,2025-08-10,august,Flatbed,598.9,1398.22,1412.6936993753613,1377.5197674313717,1395.1067334033664,3.1132665966335935
TR-035154,2025-08-10,august,Dry Van,448.8,960.36,954.0639676831536,964.9179107196437,959.4909392013986,0.8690607986013674
TR-035155,2025-08-10,august,Dry Van,435.6,1023.97,978.1319707156059,1010.0595629453081,994.095766830457,29.874233169543004
TR-035156,2025-08-10,august,Dry Van,404.8,928.24,956.0884092033459,940.6414197354632,948.3649144694045,20.12491446940453
TR-035157,2025-08-10,august,Dry Van,2143.8,4071.62,4196.208698582308,4131.75454528966,4163.981621935984,92.36162193598375
TR-035158,2025-08-10,august,Reefer,1672.6,3504.05,3539.4650320050714,3574.4418938403096,3556.9534629226905,52.90346292269032
TR-035159,2025-08-10,august,Reefer,2128.6,4328.43,4464.852572747017,4380.393621880743,4422.62309731388,94.19309731387966
TR-035160,2025-08-10,august,Reefer,668.1,1553.55,1580.303790294507,1580.3255031007345,1580.314646697621,26.764646697620947
TR-035161,2025-08-10,august,Flatbed,1500.7,2905.53,3106.454183369221,3014.0075753376814,3060.230879353451,154.700879353451
TR-035162,2025-08-10,august,Reefer,874.0,1997.37,2053.4321064938554,1987.5809122395651,2020.5065093667104,23.13650936671047
TR-035163,2025-08-10,august,Dry Van,2087.6,3931.8,4014.478526634634,3992.055668256051,4003.267097445342,71.467097445342
TR-035164,2025-08-10,august,Dry Van,316.6,723.9,707.1338401539092,712.0075260626666,709.5706831082879,14.329316891712097
TR-035165,2025-08-10,august,Dry Van,112.4,329.37,322.191702914357,316.06747105352656,319.12958698394175,10.240413016058255
TR-035166,2025-08-10,august,Flatbed,1972.5,3718.65,3922.7312805573956,3871.91512484299,3897.3232027001927,178.67320270019263
TR-035167,2025-08-10,august,Reefer,1126.2,2454.42,2556.8613911979965,2528.563365300843,2542.71237824942,88.29237824941993
TR-035168,2025-08-10,august,Reefer,784.8,1859.54,1845.1035137408553,1831.2538298044697,1838.1786717726625,21.36132822733748
TR-035169,2025-08-10,august,Reefer,388.0,972.43,940.6047242484591,952.1981574889473,946.4014408687033,26.028559131296674
TR-035170,2025-08-10,august,Reefer,569.3,1378.6,1409.5058294592163,1421.0089917987536,1415.2574106289849,36.65741062898496
TR-035171,2025-08-10,august,Dry Van,80.5,233.81,245.39973651132237,265.47246882840864,255.4361026698655,21.626102669865503
TR-035172,2025-08-10,august,Dry Van,414.7,957.67,921.4559714272211,933.0593256798109,927.257648553516,30.412351446483967
TR-035173,2025-08-10,august,Reefer,1269.6,2691.28,2752.202019605095,2657.168034974405,2704.68502728975,13.405027289749796
TR-035174,2025-08-10,august,Dry Van,921.0,1828.07,1879.9701114962365,1855.4547196554724,1867.7124155758545,39.64241557585456
TR-035175,2025-08-10,august,Dry Van,1995.3,3824.3,3843.254895342104,3800.1719472342074,3821.7134212881556,2.586578711844595
TR-035176,2025-08-10,august,Dry Van,539.4,1164.15,1184.5373175064676,1150.5181234821052,1167.5277204942863,3.3777204942862227
TR-035177,2025-08-10,august,Dry Van,96.3,275.69,286.20034471619243,315.28761280289905,300.7439787595457,25.053978759545714
TR-035178,2025-08-10,august,Reefer,1121.8,2426.85,2464.1313412219884,2397.964627765243,2431.047984493616,4.197984493615877
TR-035179,2025-08-10,august,Dry Van,567.5,1204.81,1172.9119719962757,1206.306857299302,1189.609414647789,15.200585352210965
TR-035180,2025-08-10,august,Dry Van,1709.7,3178.59,3214.1142995615332,3223.1177895966766,3218.6160445791047,40.026044579104564
TR-035181,2025-08-10,august,Flatbed,2279.7,4405.84,4387.996163297597,4423.597503124853,4405.796833211225,0.04316678877512459
TR-035182,2025-08-10,august,Dry Van,2598.0,4611.27,4631.962618075522,4672.794450722642,4652.378534399082,41.10853439908169
TR-035183,2025-08-10,august,Flatbed,2273.3,4298.7,4375.354843402429,4297.163846279473,4336.259344840951,37.55934484095087
TR-035184,2025-08-10,august,Reefer,347.1,851.58,849.4922618669669,809.7654225309936,829.6288421989802,21.951157801019804
TR-035185,2025-08-10,august,Reefer,1533.3,3305.7,3319.5497876787977,3322.029434524401,3320.7896111015993,15.08961110159953
TR-035186,2025-08-10,august,Reefer,871.7,2085.7,2134.174212532934,2122.719884435927,2128.4470484844305,42.74704848443071
TR-035187,2025-08-10,august,Dry Van,1080.7,2153.53,2115.4804664487992,2145.268103424155,2130.374284936477,23.155715063523076
TR-035188,2025-08-10,august,Dry Van,1749.7,3186.66,3276.3576902814534,3301.2815114546365,3288.819600868045,102.15960086804535
TR-035189,2025-08-10,august,Dry Van,955.7,1832.56,1893.0543880539976,1845.6837552520196,1869.3690716530086,36.80907165300869
TR-035190,2025-08-10,august,Dry Van,220.5,550.36,567.1600519749794,580.5633148696404,573.8616834223099,23.50168342230984
TR-035191,2025-08-10,august,Dry Van,335.5,783.37,776.4342437671684,759.469458598888,767.9518511830281,15.418148816971893
TR-035192,2025-08-10,august,Reefer,408.8,1047.55,1072.816321999564,1059.8151676754803,1066.3157448375223,18.765744837522334
TR-035193,2025-08-10,august,Dry Van,2800.1,5093.1,5233.93391820072,5063.346163844721,5148.64004102272,55.54004102271938
TR-035194,2025-08-10,august,Dry Van,1718.3,3093.54,3178.669306048244,3170.84192983622,3174.7556179422318,81.2156179422318
TR-035195,2025-08-10,august,Flatbed,286.6,760.66,711.5075156398324,758.3125894227221,734.9100525312772,25.74994746872278
TR-035196,2025-08-10,august,Flatbed,1320.2,2792.14,2738.3311491340482,2740.3185993648344,2739.3248742494416,52.81512575055831
TR-035197,2025-08-10,august,Reefer,1031.1,5553.52,2320.0259616277945,2320.041630094327,2320.0337958610608,3233.4862041389397
TR-035198,2025-08-10,august,Reefer,2158.4,4582.99,4583.995965849046,4586.409006560911,4585.202486204978,2.2124862049786316
TR-035199,2025-08-10,august,Dry Van,2056.6,3857.29,3867.1247394726834,3831.0009924873275,3849.0628659800054,8.227134019994537
TR-035200,2025-08-10,august,Reefer,392.9,1001.11,991.0989762005219,991.0500083214661,991.074492260994,10.035507739005993
TR-035201,2025-08-10,august,Reefer,118.6,337.95,331.1649547188061,335.97527087610615,333.5701127974561,4.379887202543898
TR-035202,2025-08-10,august,Flatbed,2391.1,4656.79,4792.461338310041,4828.0552706561175,4810.258304483079,153.468304483079
TR-035203,2025-08-10,august,Dry Van,283.4,660.17,629.4834607522049,636.7843109593259,633.1338858557654,27.036114144234602
TR-035204,2025-08-10,august,Dry Van,1998.4,3718.38,3768.9648785331356,3679.563981637706,3724.264430085421,5.884430085420718
TR-035205,2025-08-10,august,Dry Van,391.5,858.29,835.8710916366377,851.533919298874,843.7025054677558,14.587494532244136
TR-035206,2025-08-10,august,Reefer,366.7,888.26,907.6195142629521,886.3163798802655,896.9679470716087,8.707947071608714
TR-035207,2025-08-10,august,Flatbed,1121.5,2380.21,2410.082488911081,2407.8422252964,2408.9623571037405,28.75235710374045
TR-035208,2025-08-10,august,Dry Van,1441.8,2721.3,2743.2895840480705,2761.1427724749865,2752.2161782615285,30.91617826152833
TR-035209,2025-08-10,august,Dry Van,649.3,3882.23,1313.3682373095369,1358.0176192078584,1335.6929282586975,2546.5370717413025
TR-035210,2025-08-10,august,Dry Van,270.5,649.19,649.7868555098903,651.6779724779046,650.7324139938975,1.5424139938974122
TR-035211,2025-08-10,august,Dry Van,2476.5,4573.63,4700.639761310626,4565.718083253308,4633.178922281967,59.54892228196695
TR-035212,2025-08-10,august,Dry Van,356.0,789.87,794.4451736721624,788.5401867052476,791.492680188705,1.622680188704976
TR-035213,2025-08-10,august,Reefer,609.3,1399.97,1513.6083815650904,1425.997468126994,1469.802924846042,69.83292484604203
TR-035214,2025-08-10,august,Dry Van,196.5,496.96,481.5972117363906,501.60721082660234,491.60221128149647,5.357788718503514
TR-035215,2025-08-10,august,Dry Van,1754.4,3247.66,3397.828135009861,3328.9828602622815,3363.4054976360712,115.74549763607138
TR-035216,2025-08-10,august,Dry Van,2106.7,3810.01,3832.939827088751,3773.1086123888253,3803.024219738788,6.985780261212312
TR-035217,2025-08-10,august,Dry Van,612.1,1204.71,1222.0983161993956,1200.4977772569423,1211.298046728169,6.588046728169047
TR-035218,2025-08-10,august,Reefer,2459.4,4704.17,4944.4099313181,4893.73408601622,4919.07200866716,214.90200866715986
TR-035219,2025-08-10,august,Dry Van,339.0,791.45,782.258611399321,793.6768480021785,787.9677297007497,3.482270299250331
TR-035220,2025-08-10,august,Reefer,2067.5,4040.02,4137.307082197954,4084.087432715942,4110.697257456948,70.67725745694815
TR-035221,2025-08-10,august,Dry Van,1595.0,2894.59,2985.963252446871,2958.1369744238364,2972.0501134353535,77.46011343535338
TR-035222,2025-08-10,august,Dry Van,805.2,1646.72,1654.0048027782154,1645.1084613283026,1649.556632053259,2.8366320532588816
TR-035223,2025-08-10,august,Dry Van,784.2,1513.5,1510.3901871471182,1515.2276436315155,1512.808915389317,0.6910846106829922
TR-035224,2025-08-10,august,Dry Van,798.2,1777.71,1767.5985665999222,1731.0497763833464,1749.3241714916344,28.38582850836565
TR-035225,2025-08-10,august,Dry Van,926.3,1878.82,1905.5366140394742,1880.667310715252,1893.1019623773632,14.281962377363243
TR-035226,2025-08-10,august,Dry Van,1432.9,2769.66,2899.886726704236,2892.6697736955857,2896.278250199911,126.61825019991102
TR-035227,2025-08-10,august,Dry Van,595.7,1161.9,1197.8700559326503,1164.4656105710505,1181.1678332518504,19.267833251850334
TR-035228,2025-08-10,august,Flatbed,564.7,268.64,1342.7599061755911,1337.6461687550784,1340.2030374653348,1071.5630374653347
TR-035229,2025-08-10,august,Dry Van,409.4,919.66,893.9895906159678,908.9826826242484,901.486136620108,18.17386337989194
TR-035230,2025-08-10,august,Reefer,79.1,262.01,264.08538247869035,286.50004802220724,275.2927152504488,13.282715250448803
TR-035231,2025-08-10,august,Dry Van,603.1,1197.41,1239.914737684177,1234.5992944698442,1237.2570160770106,39.847016077010494
TR-035232,2025-08-10,august,Dry Van,695.0,1389.13,1384.6634635066748,1423.7306411913046,1404.1970523489897,15.067052348989591
TR-035233,2025-08-10,august,Flatbed,2022.3,4036.21,4037.143777617383,3995.9374697776325,4016.5406236975077,19.66937630249231
TR-035234,2025-08-10,august,Dry Van,990.6,1841.89,1889.7156416485336,1876.46591686388,1883.0907792562068,41.200779256206715
TR-035235,2025-08-10,august,Dry Van,347.7,791.5,781.5582248113434,776.7677488049785,779.1629868081609,12.337013191839105
TR-035236,2025-08-10,august,Reefer,2861.6,5414.37,5766.416355792237,5595.273140435354,5680.8447481137955,266.4747481137956
TR-035237,2025-08-10,august,Reefer,425.7,1121.27,1118.941427337273,1151.9893632923527,1135.4653953148127,14.195395314812686
TR-035238,2025-08-10,august,Reefer,301.9,826.9,857.8639089981286,841.3664654422678,849.6151872201982,22.71518722019823
TR-035239,2025-08-10,august,Reefer,3202.0,6481.38,6556.27671471947,6408.4410575797265,6482.358886149598,0.9788861495981109
TR-035240,2025-08-10,august,Dry Van,1324.3,2515.98,2464.0018972426105,2463.873649965719,2463.9377736041647,52.042226395835314
TR-035241,2025-08-10,august,Reefer,1085.3,2327.19,2394.149793569246,2319.4673713082766,2356.8085824387613,29.618582438761223
TR-035242,2025-08-10,august,Dry Van,1205.5,2412.94,2370.0147991268745,2362.108743384424,2366.0617712556495,46.87822874435051
TR-035243,2025-08-10,august,Flatbed,429.8,973.67,985.658560590483,955.1922553361185,970.4254079633008,3.244592036699146
TR-035244,2025-08-10,august,Reefer,541.3,1367.36,1372.8764478692153,1382.8306695138021,1377.8535586915086,10.493558691508724
TR-035245,2025-08-10,august,Flatbed,3204.8,5749.81,5996.128129349048,5778.318861049098,5887.223495199073,137.4134951990727
TR-035246,2025-08-10,august,Dry Van,2209.7,4277.12,4151.282764393374,4062.212425658944,4106.74759502616,170.37240497384028
TR-035247,2025-08-10,august,Reefer,127.6,420.44,370.3661610694281,441.3457390271426,405.8559500482853,14.58404995171469
TR-035248,2025-08-10,august,Reefer,566.2,1416.79,1402.9182470230971,1431.2469596590868,1417.082603341092,0.29260334109198993
TR-035249,2025-08-10,august,Flatbed,1184.4,2495.11,2523.7251355005224,2489.772933042857,2506.7490342716897,11.639034271689525
TR-035250,2025-08-10,august,Reefer,829.4,1798.38,1809.5880298444958,1803.8518833032626,1806.7199565738792,8.339956573879135
TR-035251,2025-08-10,august,Dry Van,642.7,1335.27,1351.2211689216592,1392.136990390889,1371.679079656274,36.409079656274116
TR-035252,2025-08-10,august,Reefer,585.5,1418.91,1443.197466426636,1451.6463720040324,1447.4219192153341,28.511919215334046
TR-035253,2025-08-10,august,Dry Van,707.0,1491.67,1479.7103733431436,1475.805433185426,1477.7579032642848,13.912096735715295
TR-035254,2025-08-10,august,Reefer,2181.0,4273.82,4496.902640232951,4441.808984936903,4469.355812584927,195.53581258492704
TR-035255,2025-08-10,august,Dry Van,2226.2,4088.63,4135.5442255678845,4151.2108240525795,4143.377524810232,54.74752481023188
TR-035256,2025-08-10,august,Dry Van,316.7,767.11,763.1106247096459,757.4577740950263,760.2841994023361,6.825800597663942
TR-035257,2025-08-10,august,Dry Van,2101.7,3958.37,4014.691096129227,4017.7761623352008,4016.233629232214,57.86362923221395
TR-035258,2025-08-10,august,Reefer,369.4,974.02,984.7667814926776,970.4159785530348,977.5913800228562,3.5713800228562604
TR-035259,2025-08-10,august,Reefer,211.9,636.89,620.1206354335341,673.2926278866041,646.7066316600691,9.816631660069106
TR-035260,2025-08-10,august,Dry Van,913.1,1831.93,1857.6003008028968,1823.478621239588,1840.5394610212425,8.609461021242396
TR-035261,2025-08-10,august,Dry Van,311.2,761.53,762.9580060676578,750.9289447926419,756.9434754301499,4.5865245698500985
TR-035262,2025-08-11,august,Reefer,2238.1,4491.77,4579.342615325409,4529.553568594023,4554.448091959715,62.67809195971495
TR-035263,2025-08-11,august,Dry Van,741.2,1524.75,1515.6256791733517,1540.3004516813037,1527.9630654273278,3.2130654273278196
TR-035264,2025-08-11,august,Reefer,219.4,625.37,598.2559638242086,656.9382577050262,627.5971107646174,2.2271107646173505
TR-035265,2025-08-11,august,Dry Van,1885.8,3458.25,3618.484898741816,3594.123041733359,3606.3039702375872,148.05397023758724
TR-035266,2025-08-11,august,Reefer,499.7,1279.49,1291.4180620869226,1272.116548386587,1281.767305236755,2.2773052367549553
TR-035267,2025-08-11,august,Dry Van,427.3,907.19,932.0851883160858,909.5107294470624,920.7979588815741,13.607958881574064
TR-035268,2025-08-11,august,Dry Van,1126.7,2209.07,2180.835461754248,2196.108411044706,2188.4719363994773,20.59806360052289
TR-035269,2025-08-11,august,Dry Van,425.8,953.88,947.9758381279311,977.8009521320137,962.8883951299724,9.008395129972428
TR-035270,2025-08-11,august,Dry Van,2195.9,4084.75,4230.949008325084,4185.450211372123,4208.199609848603,123.44960984860336
TR-035271,2025-08-11,august,Flatbed,849.5,1892.94,1952.57981377625,1924.0195841428017,1938.2996989595258,45.35969895952576
TR-035272,2025-08-11,august,Dry Van,269.9,600.71,611.8973759953363,603.1520396533722,607.5247078243542,6.814707824354173
TR-035273,2025-08-11,august,Reefer,709.6,1576.18,1643.3198481545994,1631.1915294278945,1637.255688791247,61.075688791246876
TR-035274,2025-08-11,august,Flatbed,1242.1,2599.39,2641.424058626029,2599.0073514279834,2620.215705027006,20.82570502700628
TR-035275,2025-08-11,august,Reefer,1206.9,2593.96,2650.1004613320792,2577.680556534116,2613.8905089330974,19.93050893309737
TR-035276,2025-08-11,august,Dry Van,428.5,888.38,901.7444021382759,892.8359085770564,897.2901553576662,8.910155357666213
TR-035277,2025-08-11,august,Dry Van,2963.8,5270.78,5392.9499495131495,5330.249296534796,5361.5996230239725,90.81962302397278
TR-035278,2025-08-11,august,Dry Van,1508.5,2890.49,2970.0617220722556,2921.091274867821,2945.576498470038,55.08649847003835
TR-035279,2025-08-11,august,Dry Van,1697.2,3238.03,3284.810766610202,3235.91560188071,3260.363184245456,22.333184245455868
TR-035280,2025-08-11,august,Flatbed,1794.1,3421.27,3508.957432573047,3416.3557288962093,3462.656580734628,41.38658073462784
TR-035281,2025-08-11,august,Flatbed,609.7,1334.25,1399.8350068484522,1358.7937847217318,1379.314395785092,45.064395785092074
TR-035282,2025-08-11,august,Flatbed,575.9,305.68,1358.6517244807994,1348.548415114412,1353.6000697976056,1047.9200697976055
TR-035283,2025-08-11,august,Dry Van,425.7,886.67,909.4407525223285,889.6314955082421,899.5361240152853,12.866124015285322
TR-035284,2025-08-11,august,Dry Van,952.2,1872.3,1802.9592080813409,1825.4087379105295,1814.1839729959352,58.11602700406479
TR-035285,2025-08-11,august,Reefer,1317.7,3017.51,2993.5648164420163,3019.6274195710907,3006.5961180065533,10.913881993446921
TR-035286,2025-08-11,august,Dry Van,2282.0,4309.28,4311.335064495815,4262.166606759526,4286.75083562767,22.529164372329433
TR-035287,2025-08-11,august,Dry Van,2081.3,3788.89,3863.2715378877283,3892.7929136609528,3878.0322257743405,89.14222577434066
TR-035288,2025-08-11,august,Reefer,1987.0,4313.31,4347.88056467979,4341.223455186348,4344.552009933069,31.242009933068402
TR-035289,2025-08-11,august,Dry Van,653.1,1425.03,1411.4249362473984,1450.3624169675606,1430.8936766074794,5.8636766074794195
TR-035290,2025-08-11,august,Reefer,1183.4,2664.37,2675.4406986098193,2679.7310168467893,2677.5858577283043,13.2158577283044
TR-035291,2025-08-11,august,Dry Van,351.0,795.95,777.0439028026802,806.5888561679728,791.8163794853265,4.1336205146735665
TR-035292,2025-08-11,august,Dry Van,1186.6,2334.57,2437.9879296361505,2366.0231517471098,2402.00554069163,67.43554069162974
TR-035293,2025-08-11,august,Dry Van,768.5,1571.35,1597.3621909077372,1605.259661312359,1601.310926110048,29.96092611004815
TR-035294,2025-08-11,august,Dry Van,1851.7,3296.51,3438.4148782648463,3393.3596456204123,3415.8872619426293,119.37726194262905
TR-035295,2025-08-11,august,Dry Van,316.1,729.36,734.1414107142352,705.0194998165241,719.5804552653797,9.779544734620345
TR-035296,2025-08-11,august,Dry Van,318.0,747.24,731.943093682408,729.6603175483838,730.8017056153958,16.438294384604205
TR-035297,2025-08-11,august,Dry Van,2220.0,3842.81,4055.741961038343,3991.442901225377,4023.5924311318604,180.78243113186045
TR-035298,2025-08-11,august,Reefer,749.2,4651.57,1882.9478545066588,1805.6444088394778,1844.2961316730684,2807.2738683269313
TR-035299,2025-08-11,august,Flatbed,1015.3,2191.92,2215.390054210274,2191.6882252865275,2203.539139748401,11.619139748400812
TR-035300,2025-08-11,august,Dry Van,792.8,1529.59,1580.7471718012814,1558.5636437142748,1569.655407757778,40.065407757778075
TR-035301,2025-08-11,august,Dry Van,1856.2,3495.32,3541.501224344411,3547.8915763521227,3544.696400348267,49.376400348267
TR-035302,2025-08-11,august,Dry Van,944.9,1985.71,1954.8473483330029,1931.7681557115545,1943.3077520222787,42.402247977721345
TR-035303,2025-08-11,august,Dry Van,1910.8,3666.1,3772.6310779835226,3765.68129960341,3769.1561887934663,103.05618879346639
TR-035304,2025-08-11,august,Reefer,973.3,2136.72,2205.4420627819964,2216.676715594183,2211.05938918809,74.33938918809008
TR-035305,2025-08-11,august,Reefer,1091.2,2581.99,2560.4838504425975,2586.3729204476967,2573.428385445147,8.561614554852895
TR-035306,2025-08-11,august,Flatbed,989.2,2234.66,2231.4785112628883,2262.1469526138167,2246.8127319383525,12.152731938352645
TR-035307,2025-08-11,august,Dry Van,581.7,1340.58,1338.9181879080259,1348.3098803824664,1343.614034145246,3.034034145246096
TR-035308,2025-08-11,august,Dry Van,1998.5,3461.55,3564.8983968946964,3448.9481444135945,3506.923270654145,45.37327065414502
TR-035309,2025-08-11,august,Dry Van,2302.7,4213.99,4249.790274075766,4220.125639591641,4234.957956833703,20.967956833703283
TR-035310,2025-08-11,august,Flatbed,594.7,1395.03,1396.5019892326661,1362.2128032062178,1379.3573962194419,15.67260378055812
TR-035311,2025-08-11,august,Flatbed,450.2,1103.59,1124.6125358888087,1091.7197241229164,1108.1661300058627,4.576130005862751
TR-035312,2025-08-11,august,Dry Van,1230.8,2388.35,2424.8553725619167,2365.0885282726485,2394.9719504172826,6.621950417282733
TR-035313,2025-08-11,august,Flatbed,830.3,1901.97,1874.5135227484377,1911.2341860800489,1892.8738544142434,9.09614558575663
TR-035314,2025-08-11,august,Dry Van,242.6,566.28,581.5674516409822,573.3110989016752,577.4392752713287,11.159275271328738
TR-035315,2025-08-11,august,Dry Van,1332.1,2606.73,2641.1472885798717,2568.6302549495676,2604.8887717647194,1.841228235280596
TR-035316,2025-08-11,august,Dry Van,523.9,1138.47,1104.389696679447,1122.4541901408402,1113.4219434101437,25.048056589856287
TR-035317,2025-08-11,august,Reefer,1610.0,3401.27,3485.5223257857747,3505.7923134231132,3495.6573196044437,94.38731960444375
TR-035318,2025-08-11,august,Dry Van,818.5,1663.41,1708.8818577000477,1713.996038038876,1711.4389478694618,48.02894786946172
TR-035319,2025-08-11,august,Dry Van,851.5,1796.52,1815.088893277811,1841.0602895977113,1828.0745914377612,31.554591437761246
TR-035320,2025-08-11,august,Reefer,999.3,2254.77,2242.270607249156,2254.340079698517,2248.3053434738367,6.464656526163253
TR-035321,2025-08-11,august,Flatbed,1888.5,3690.87,3821.560255767405,3761.0093423864905,3791.284799076948,100.41479907694793
TR-035322,2025-08-11,august,Dry Van,957.1,1985.19,1975.9271481870223,1954.2528921901214,1965.090020188572,20.099979811428057
TR-035323,2025-08-11,august,Reefer,827.2,1871.5,1910.6116713641086,1950.3276506956904,1930.4696610298995,58.9696610298995
TR-035324,2025-08-11,august,Dry Van,108.6,304.31,315.1530796299958,305.3507825518602,310.251931090928,5.941931090927994
TR-035325,2025-08-11,august,Dry Van,937.4,1917.59,1942.4123663130285,1921.3169208039258,1931.8646435584772,14.274643558477237
TR-035326,2025-08-11,august,Dry Van,735.3,1497.97,1491.8113104069291,1478.9184757178145,1485.3648930623717,12.605106937628307
TR-035327,2025-08-11,august,Flatbed,2427.2,4638.65,4789.372170681301,4652.490667774363,4720.9314192278325,82.28141922783288
TR-035328,2025-08-11,august,Dry Van,1934.5,3709.66,3756.4643245458733,3772.857660315197,3764.660992430535,55.00099243053501
TR-035329,2025-08-11,august,Reefer,142.2,429.58,384.71961849059085,430.33770015370465,407.52865932214775,22.051340677852238
TR-035330,2025-08-11,august,Dry Van,287.9,733.71,687.8166221733853,723.7273820139842,705.7720020936847,27.93799790631533
TR-035331,2025-08-11,august,Reefer,910.1,2231.77,2193.2431131504027,2137.9631342248153,2165.603123687609,66.1668763123912
TR-035332,2025-08-11,august,Reefer,794.9,1865.51,1863.0902734298966,1800.303386862433,1831.6968301461648,33.813169853835234
TR-035333,2025-08-11,august,Flatbed,840.7,1683.04,1737.4725279666502,1714.5587718458291,1726.0156499062396,42.975649906239596
TR-035334,2025-08-11,august,Dry Van,1662.9,3304.34,3292.659820033612,3265.465822432706,3279.062821233159,25.27717876684119
TR-035335,2025-08-11,august,Dry Van,1686.4,3276.77,3395.6554899838447,3366.809253052719,3381.232371518282,104.462371518282
TR-035336,2025-08-11,august,Dry Van,234.2,568.95,570.3691272121229,592.1662635225907,581.2676953673567,12.317695367356691
TR-035337,2025-08-11,august,Reefer,1492.3,3444.01,3450.046993707059,3387.0202282851783,3418.5336109961186,25.47638900388165
TR-035338,2025-08-11,august,Reefer,567.0,1453.67,1483.5663363553372,1453.2340023380189,1468.400169346678,14.73016934667794
TR-035339,2025-08-11,august,Reefer,1138.8,2430.57,2475.3069357349877,2432.8328823866095,2454.0699090607986,23.499909060798473
TR-035340,2025-08-11,august,Dry Van,636.4,1294.06,1323.3097211571155,1324.5054949855244,1323.9076080713198,29.847608071319883
TR-035341,2025-08-11,august,Dry Van,1928.6,3617.96,3736.820582317768,3696.2784941434443,3716.5495382306062,98.5895382306062
TR-035342,2025-08-11,august,Reefer,523.1,1181.25,1188.1205427215398,1191.730564209297,1189.9255534654185,8.675553465418488
TR-035343,2025-08-11,august,Reefer,607.3,1498.56,1477.404419844059,1441.4988218373444,1459.4516208407017,39.10837915929824
TR-035344,2025-08-11,august,Flatbed,321.6,765.88,746.79562400169,735.5742096696392,741.1849168356646,24.695083164335415
TR-035345,2025-08-11,august,Flatbed,1301.1,2669.69,2795.517427746139,2710.406119044647,2752.961773395393,83.27177339539276
TR-035346,2025-08-11,august,Dry Van,787.3,1612.19,1619.6718995529552,1596.2218853993807,1607.946892476168,4.243107523832123
TR-035347,2025-08-11,august,Dry Van,733.2,1492.87,1492.193348611451,1512.95675287322,1502.5750507423354,9.705050742335516
TR-035348,2025-08-11,august,Dry Van,609.0,1386.4,1387.4207003748213,1364.915252218746,1376.1679762967838,10.232023703216328
TR-035349,2025-08-11,august,Flatbed,723.7,1670.87,1739.101810861135,1665.0925734465764,1702.0971921538558,31.227192153855867
TR-035350,2025-08-11,august,Dry Van,886.1,1790.56,1819.2502983404017,1826.6059165411043,1822.9281074407531,32.36810744075319
TR-035351,2025-08-11,august,Dry Van,1048.1,2142.78,2112.754479254263,2126.2666741168596,2119.5105766855613,23.269423314438882
TR-035352,2025-08-11,august,Dry Van,766.9,1623.25,1627.4898418503255,1664.6308149718918,1646.0603284111087,22.810328411108685
TR-035353,2025-08-11,august,Dry Van,1647.5,3352.96,3339.0603201861904,3270.237192575534,3304.6487563808623,48.31124361913771
TR-035354,2025-08-11,august,Dry Van,3064.0,5452.45,5495.67881681487,5358.8006645713995,5427.239740693134,25.210259306865737
TR-035355,2025-08-11,august,Reefer,1940.5,4119.36,4212.8621108594,4239.896386207731,4226.379248533565,107.01924853356559
TR-035356,2025-08-11,august,Reefer,1108.6,2659.28,2652.5672122724336,2624.5885826927306,2638.577897482582,20.702102517418098
TR-035357,2025-08-11,august,Flatbed,2474.1,4882.05,4864.418752288977,4892.235531430628,4878.327141859802,3.7228581401977863
TR-035358,2025-08-11,august,Reefer,196.6,518.13,530.5066312549769,544.0316249955965,537.2691281252867,19.139128125286675
TR-035359,2025-08-11,august,Dry Van,667.8,1430.63,1430.025590407213,1448.7544684284094,1439.390029417811,8.760029417810983
TR-035360,2025-08-11,august,Reefer,300.8,831.87,840.4915322262364,851.1639300051359,845.8277311156861,13.957731115686101
TR-035361,2025-08-11,august,Dry Van,1606.1,3000.01,3050.369763196336,3028.2388357196255,3039.304299457981,39.29429945798074
TR-035362,2025-08-11,august,Dry Van,745.1,1544.93,1501.9358219733938,1551.6643803250329,1526.8001011492133,18.12989885078673
TR-035363,2025-08-11,august,Reefer,1028.6,2402.26,2407.5426735044402,2481.101952308197,2444.3223129063185,42.06231290631831
TR-035364,2025-08-11,august,Flatbed,1843.3,3810.04,3895.902694610905,3885.354066704145,3890.628380657525,80.58838065752525
TR-035365,2025-08-11,august,Flatbed,2973.6,5972.5,5765.927245863801,5684.50670733542,5725.2169765996105,247.28302340038954
TR-035366,2025-08-11,august,Dry Van,1245.0,2494.39,2556.883361414678,2510.4984497666937,2533.690905590686,39.30090559068594
TR-035367,2025-08-11,august,Reefer,888.2,1896.38,1940.9848980447264,1918.7254494303438,1929.855173737535,33.47517373753499
TR-035368,2025-08-11,august,Dry Van,1120.1,2240.73,2331.019730424135,2313.682821794529,2322.351276109332,81.62127610933203
TR-035369,2025-08-11,august,Reefer,860.6,1992.2,2023.3280265622247,1957.729075042724,1990.5285508024745,1.6714491975255896
TR-035370,2025-08-11,august,Flatbed,390.5,934.02,908.5673953694672,885.0098726756935,896.7886340225804,37.231365977419614
TR-035371,2025-08-11,august,Reefer,2513.0,5164.25,5151.952814790508,5134.165207661633,5143.059011226071,21.190988773929348
TR-035372,2025-08-11,august,Flatbed,593.1,6014.82,1353.881625628711,1335.4915248812788,1344.6865752549948,4670.133424745005
TR-035373,2025-08-11,august,Reefer,937.0,1999.18,2058.3046764199066,2047.4848806858447,2052.894778552876,53.714778552875714
TR-035374,2025-08-11,august,Dry Van,612.2,1357.81,1377.9723385955995,1356.5638894456101,1367.2681140206048,9.458114020604853
TR-035375,2025-08-11,august,Dry Van,251.4,568.19,601.0586375639965,582.2047599899831,591.6316987769899,23.441698776989824
TR-035376,2025-08-11,august,Flatbed,775.0,1742.95,1819.1297293304247,1803.634271354646,1811.3820003425353,68.43200034253528
TR-035377,2025-08-11,august,Dry Van,672.5,1367.57,1359.3029167981108,1385.4399298252904,1372.3714233117007,4.801423311700773
TR-035378,2025-08-11,august,Flatbed,2038.2,3965.59,4046.0116548347924,4000.3260180864645,4023.1688364606284,57.57883646062828
TR-035379,2025-08-11,august,Dry Van,2280.0,4264.24,4197.468736947287,4216.301271985537,4206.885004466412,57.3549955335875
TR-035380,2025-08-11,august,Reefer,275.6,758.85,742.9312436058782,749.2144871318314,746.0728653688548,12.777134631145259
TR-035381,2025-08-11,august,Dry Van,268.6,685.02,666.1572336120295,665.4305360097562,665.7938848108929,19.226115189107077
TR-035382,2025-08-11,august,Reefer,703.3,1579.0,1647.069014995032,1587.1789052901909,1617.1239601426114,38.123960142611395
TR-035383,2025-08-11,august,Dry Van,487.8,1033.19,1027.2870125368581,1014.4048466413078,1020.845929589083,12.344070410917084
TR-035384,2025-08-11,august,Reefer,672.4,1554.74,1567.605465986088,1539.4780875810186,1553.5417767835534,1.1982232164466495
TR-035385,2025-08-11,august,Flatbed,1365.3,2934.63,2927.472555633267,2963.818806235062,2945.6456809341644,11.015680934164266
TR-035386,2025-08-11,august,Dry Van,2171.4,3974.16,4118.795283613584,4155.455001305257,4137.12514245942,162.96514245942035
TR-035387,2025-08-11,august,Flatbed,1091.5,2213.47,2345.7068778840435,2336.212883507978,2340.9598806960107,127.48988069601091
TR-035388,2025-08-11,august,Flatbed,3034.8,6007.97,5866.551087940833,5788.703010661383,5827.627049301108,180.3429506988923
TR-035389,2025-08-12,august,Dry Van,2260.1,4173.86,4247.545656352748,4269.998498798388,4258.772077575568,84.91207757556822
TR-035390,2025-08-12,august,Reefer,825.5,2055.39,2068.0910564353353,2069.907798270345,2068.99942735284,13.609427352840157
TR-035391,2025-08-12,august,Dry Van,313.5,760.89,760.1167608545883,749.8196571200542,754.9682089873213,5.921791012678682
TR-035392,2025-08-12,august,Reefer,1462.4,3191.5,3267.8847651648944,3254.1785866568407,3261.0316759108673,69.5316759108673
TR-035393,2025-08-12,august,Reefer,1476.2,3137.2,3305.5572820746142,3294.5459865776147,3300.0516343261143,162.85163432611444
TR-035394,2025-08-12,august,Dry Van,1028.8,2247.29,2244.9851497880945,2192.730634099329,2218.857891943712,28.432108056288143
TR-035395,2025-08-12,august,Dry Van,780.5,1564.87,1522.595670980305,1572.7689628032924,1547.6823168917986,17.187683108201327
TR-035396,2025-08-12,august,Dry Van,674.0,1355.11,1327.0007041627553,1331.9415095868658,1329.4711068748106,25.63889312518927
TR-035397,2025-08-12,august,Flatbed,704.3,1547.8,1577.5520105990856,1553.5023221497768,1565.527166374431,17.727166374431135
TR-035398,2025-08-12,august,Dry Van,829.2,1764.71,1784.9543769184918,1804.1578274980732,1794.5561022082825,29.846102208282446
TR-035399,2025-08-12,august,Dry Van,1261.4,2448.27,2446.2674702612785,2411.738861278558,2429.0031657699183,19.266834230081713
TR-035400,2025-08-12,august,Dry Van,293.0,733.93,714.9289868926703,720.830198966036,717.8795929293532,16.05040707064677
TR-035401,2025-08-12,august,Dry Van,1747.4,3274.68,3269.180208170271,3348.4626088444957,3308.8214085073832,34.1414085073834
TR-035402,2025-08-12,august,Reefer,467.7,1267.48,1251.5235302047893,1239.1202067180293,1245.3218684614094,22.158131538590624
TR-035403,2025-08-12,august,Reefer,488.5,1129.75,1113.9381891860078,1111.456939368613,1112.6975642773104,17.05243572268955
TR-035404,2025-08-12,august,Reefer,559.5,1294.1,1255.0010200667634,1271.4210043604353,1263.2110122135994,30.88898778640055
TR-035405,2025-08-12,august,Dry Van,813.1,1804.71,1739.4514245784742,1827.2152189911285,1783.3333217848012,21.376678215198808
TR-035406,2025-08-12,august,Reefer,1614.6,3418.29,3496.299014999359,3470.964126117397,3483.631570558378,65.34157055837795
TR-035407,2025-08-12,august,Dry Van,687.7,1418.4,1383.369550954913,1411.527444306938,1397.4484976309254,20.95150236907466
TR-035408,2025-08-12,august,Flatbed,3089.3,6117.19,5944.630946240433,6017.168567636663,5980.899756938548,136.2902430614513
TR-035409,2025-08-12,august,Dry Van,752.1,1555.07,1489.752581627412,1527.408396123335,1508.5804888753735,46.48951112462646
TR-035410,2025-08-12,august,Dry Van,777.6,1580.51,1580.6645475898015,1613.5394640528816,1597.1020058213417,16.592005821341672
TR-035411,2025-08-12,august,Dry Van,338.5,817.61,797.828488798171,836.2561880209021,817.0423384095366,0.5676615904634446
TR-035412,2025-08-12,august,Dry Van,477.4,1120.36,1111.9108065085563,1129.129975290888,1120.5203908997223,0.16039089972241527
TR-035413,2025-08-12,august,Reefer,1774.6,3874.7,3926.8488829887556,3921.376061959847,3924.1124724743013,49.41247247430147
TR-035414,2025-08-12,august,Dry Van,1485.7,2827.06,2853.835009443161,2849.4369233303623,2851.6359663867615,24.575966386761593
TR-035415,2025-08-12,august,Reefer,1939.6,4015.75,4096.44935978655,4126.402992239347,4111.426176012948,95.67617601294842
TR-035416,2025-08-12,august,Dry Van,184.9,487.49,488.1200318298528,484.4582833155364,486.2891575726946,1.2008424273054175
TR-035417,2025-08-12,august,Dry Van,1703.5,3278.0,3232.7576739905235,3218.0262821242422,3225.391978057383,52.60802194261714
TR-035418,2025-08-12,august,Dry Van,189.5,490.96,489.415815004808,490.673809097181,490.0448120509945,0.9151879490054853
TR-035419,2025-08-12,august,Dry Van,2819.7,4894.91,4981.126012791085,4853.116062815466,4917.121037803276,22.211037803275758
TR-035420,2025-08-12,august,Flatbed,1442.0,3058.8,3026.63755587772,3063.410354586061,3045.023955231891,13.776044768109386
TR-035421,2025-08-12,august,Reefer,374.5,1012.87,996.1363057746886,1006.8587987536878,1001.4975522641882,11.372447735811761
TR-035422,2025-08-12,august,Dry Van,287.9,719.03,704.7285375574659,719.2298859438204,711.9792117506431,7.050788249356856
TR-035423,2025-08-12,august,Reefer,459.4,1188.59,1165.0137719491934,1188.299575930223,1176.656673939708,11.933326060291847
TR-035424,2025-08-12,august,Flatbed,1822.7,3800.8,3828.9655756997613,3880.2090639596845,3854.587319829723,53.78731982972295
TR-035425,2025-08-12,august,Dry Van,851.7,1721.02,1780.5673822375709,1784.9887705846645,1782.7780764111176,61.7580764111176
TR-035426,2025-08-12,august,Reefer,2325.4,4414.39,4739.038878879418,4697.526610357522,4718.28274461847,303.8927446184698
TR-035427,2025-08-12,august,Dry Van,2503.1,4433.82,4565.869251892872,4532.09700556542,4548.983128729145,115.16312872914568
TR-035428,2025-08-12,august,Dry Van,390.7,899.73,885.2846165045512,877.9315281443801,881.6080723244656,18.12192767553438
TR-035429,2025-08-12,august,Flatbed,1607.7,3180.76,3306.7872276709095,3244.087066893559,3275.437147282234,94.67714728223382
TR-035430,2025-08-12,august,Dry Van,1204.7,2346.24,2437.7759635220427,2425.164482343645,2431.470222932844,85.2302229328443
TR-035431,2025-08-12,august,Reefer,521.2,1320.13,1308.2647126210852,1319.301269300992,1313.7829909610386,6.34700903896146
TR-035432,2025-08-12,august,Flatbed,2239.9,4222.33,4319.1129176413115,4359.023041589407,4339.067979615359,116.73797961535911
TR-035433,2025-08-12,august,Reefer,2216.5,4741.87,4753.424784340343,4751.293840573815,4752.359312457079,10.489312457078995
TR-035434,2025-08-12,august,Dry Van,73.2,222.13,260.308661069082,287.4735831399139,273.891122104498,51.761122104497986
TR-035435,2025-08-12,august,Dry Van,1226.4,2416.63,2495.981679769478,2482.3262894313343,2489.153984600406,72.52398460040604
TR-035436,2025-08-12,august,Dry Van,441.4,1033.95,1040.3379597555597,1017.79387094499,1029.0659153502747,4.88408464972531
TR-035437,2025-08-12,august,Dry Van,2153.5,4163.04,4153.5736615356445,4152.300426949845,4152.937044242744,10.102955757255586
TR-035438,2025-08-12,august,Dry Van,1644.1,2875.26,3068.0922756656882,3006.850152946173,3037.4712143059305,162.2112143059303
TR-035439,2025-08-12,august,Reefer,745.3,1835.64,1813.499211490108,1773.901353118915,1793.7002823045116,41.939717695488525
TR-035440,2025-08-12,august,Reefer,635.5,1546.47,1562.0633367997923,1548.7694625117458,1555.416399655769,8.946399655769028
TR-035441,2025-08-12,august,Dry Van,405.6,959.82,964.821706070617,989.7604552651926,977.2910806679048,17.471080667904744
TR-035442,2025-08-12,august,Reefer,622.5,1542.4,1537.7920417670368,1487.9936056090492,1512.8928236880429,29.50717631195721
TR-035443,2025-08-12,august,Reefer,2069.9,4475.75,4452.218974183919,4490.810614371903,4471.514794277911,4.235205722088722
TR-035444,2025-08-12,august,Flatbed,1741.9,3716.68,3722.2583273895943,3709.4815079024715,3715.869917646033,0.8100823539666635
TR-035445,2025-08-12,august,Reefer,666.1,1513.38,1548.471781261597,1576.1627980060919,1562.3172896338444,48.93728963384433
TR-035446,2025-08-12,august,Dry Van,417.5,1007.71,973.6070615261751,992.8235337524918,983.2152976393335,24.494702360666565
TR-035447,2025-08-12,august,Dry Van,687.4,1407.86,1410.0429539422503,1452.0044962119287,1431.0237250770895,23.163725077089566
TR-035448,2025-08-12,august,Flatbed,2615.5,4698.32,4964.768623368213,4850.325898966018,4907.547261167116,209.227261167116
TR-035449,2025-08-12,august,Flatbed,1439.9,2878.99,2965.8605425473193,2931.5163969800933,2948.688469763706,69.69846976370627
TR-035450,2025-08-12,august,Dry Van,1343.8,753.64,2636.7494485829734,2559.0807272626944,2597.9150879228337,1844.2750879228338
TR-035451,2025-08-12,august,Dry Van,1579.1,3030.24,3083.5569483262775,3052.3789064307807,3067.967927378529,37.72792737852933
TR-035452,2025-08-12,august,Dry Van,509.1,1073.62,1094.1054558305902,1047.9843825855758,1071.044919208083,2.575080791916889
TR-035453,2025-08-12,august,Reefer,503.7,1280.53,1219.5706223539162,1236.6284740117676,1228.0995481828418,52.4304518171582
TR-035454,2025-08-12,august,Reefer,1169.8,2650.02,2671.548318421527,2664.60127400972,2668.0747962156233,18.054796215623355
TR-035455,2025-08-12,august,Dry Van,1199.1,2350.23,2437.8791018572306,2402.5856261587346,2420.2323640079826,70.00236400798258
TR-035456,2025-08-12,august,Dry Van,985.2,2090.34,2027.6097291236363,2046.5751327281837,2037.0924309259099,53.24756907409028
TR-035457,2025-08-12,august,Flatbed,853.1,1833.04,1829.7117819528708,1859.5872678376627,1844.6495248952667,11.609524895266759
TR-035458,2025-08-12,august,Flatbed,1479.6,2984.48,3070.197988638599,3132.3896798775104,3101.2938342580546,116.81383425805461
TR-035459,2025-08-12,august,Reefer,2795.5,5417.7,5608.830486688338,5337.882286127757,5473.356386408048,55.65638640804809
TR-035460,2025-08-12,august,Dry Van,777.6,1502.08,1507.5660995964115,1528.236868241373,1517.9014839188922,15.821483918892227
TR-035461,2025-08-12,august,Reefer,1066.2,2498.65,2454.5605776616962,2468.2796545302717,2461.4201160959838,37.22988390401633
TR-035462,2025-08-12,august,Dry Van,1110.0,2198.17,2232.7979744021995,2288.7680211438064,2260.782997773003,62.61299777300292
TR-035463,2025-08-12,august,Dry Van,1264.4,2467.43,2533.6076113769363,2493.4249968773674,2513.5163041271517,46.086304127151834
TR-035464,2025-08-12,august,Dry Van,1540.6,3079.37,3188.6690192699753,3097.6575862767745,3143.163302773375,63.79330277337522
TR-035465,2025-08-12,august,Dry Van,578.3,1192.7,1193.579619027904,1206.022506371151,1199.8010626995274,7.101062699527347
TR-035466,2025-08-12,august,Reefer,1283.9,2707.75,2830.841294231492,2817.198041757353,2824.019667994423,116.26966799442289
TR-035467,2025-08-12,august,Dry Van,1622.1,3128.98,3177.7770121166946,3166.106406517655,3171.941709317175,42.961709317175064
TR-035468,2025-08-12,august,Dry Van,998.5,1922.58,1917.360031643231,1924.3699975534062,1920.8650145983186,1.7149854016813606
TR-035469,2025-08-12,august,Dry Van,2305.9,17742.34,4442.479005071191,4411.923319512987,4427.201162292089,13315.138837707911
TR-035470,2025-08-12,august,Dry Van,2448.0,4709.82,4695.029792630583,4679.156129792329,4687.092961211456,22.727038788543723
TR-035471,2025-08-12,august,Dry Van,225.8,531.16,542.8821782277079,532.2060988765193,537.5441385521135,6.384138552113541
TR-035472,2025-08-12,august,Reefer,233.6,713.31,698.3819244119433,736.6946214072987,717.5382729096209,4.228272909620955
TR-035473,2025-08-12,august,Flatbed,465.1,1229.37,1201.694923258482,1189.0011621127558,1195.348042685619,34.02195731438087
TR-035474,2025-08-12,august,Dry Van,1572.1,2903.46,3076.70914470128,3029.010624395236,3052.859884548258,149.3998845482579
TR-035475,2025-08-12,august,Flatbed,2320.6,4558.05,4583.186117159068,4573.312387536252,4578.249252347659,20.19925234765924
TR-035476,2025-08-12,august,Reefer,2832.5,1345.5,5686.60672119687,5606.197124993198,5646.401923095034,4300.901923095034
TR-035477,2025-08-12,august,Dry Van,1068.9,2177.5,2122.394880762727,2166.9441399997468,2144.669510381237,32.83048961876284
TR-035478,2025-08-12,august,Reefer,815.2,1850.03,1815.4982523197127,1843.9698553913672,1829.73405385554,20.295946144460004
TR-035479,2025-08-12,august,Dry Van,2682.1,4914.03,4959.770224562328,4950.319872169015,4955.045048365671,41.015048365671646
TR-035480,2025-08-12,august,Dry Van,2408.2,4241.98,4462.626388590324,4492.325339714893,4477.475864152608,235.4958641526082
TR-035481,2025-08-12,august,Flatbed,163.2,447.03,414.16541592507593,474.15514871321193,444.1602823191439,2.86971768085607
TR-035482,2025-08-12,august,Flatbed,1197.4,2631.33,2634.872776388012,2593.0823916671507,2613.9775840275815,17.352415972418385
TR-035483,2025-08-12,august,Dry Van,446.7,979.25,985.0958654876329,981.3451590023162,983.2205122449745,3.970512244974543
TR-035484,2025-08-12,august,Dry Van,1374.5,2717.02,2806.0769554555272,2708.8693435357513,2757.4731494956395,40.453149495639536
TR-035485,2025-08-12,august,Reefer,1585.4,3253.74,3389.814221188035,3432.964419009193,3411.389320098614,157.64932009861423
TR-035486,2025-08-12,august,Dry Van,2070.0,3963.28,4073.839820439542,3974.8482394050134,4024.3440299222775,61.064029922277314
TR-035487,2025-08-12,august,Flatbed,930.2,1881.37,1956.140759787149,1967.6164923671763,1961.8786260771626,80.50862607716272
TR-035488,2025-08-12,august,Flatbed,298.8,817.86,813.7377102095085,843.1710585742139,828.4543843918611,10.594384391861126
TR-035489,2025-08-12,august,Dry Van,3167.5,5590.56,5642.156151494007,5584.906890150713,5613.53152082236,22.971520822359707
TR-035490,2025-08-12,august,Flatbed,668.9,1575.11,1630.115413895363,1610.6588870273667,1620.3871504613649,45.277150461364954
TR-035491,2025-08-12,august,Dry Van,1176.3,2216.38,2250.447898196022,2197.1988938095815,2223.823396002802,7.443396002801819
TR-035492,2025-08-12,august,Dry Van,82.6,233.96,243.5677272605312,248.36887926072177,245.9683032606265,12.00830326062649
TR-035493,2025-08-12,august,Dry Van,429.6,1023.88,1015.4121569318249,1008.2333625226139,1011.8227597272194,12.057240272780632
TR-035494,2025-08-12,august,Reefer,3029.9,5942.84,6054.561807247125,5945.4237807779355,5999.992794012531,57.15279401253065
TR-035495,2025-08-12,august,Reefer,690.6,1675.03,1615.1669346562408,1668.5118768502794,1641.83940575326,33.19059424673992
TR-035496,2025-08-12,august,Dry Van,932.6,1768.75,1756.9984404533946,1749.6343856878111,1753.3164130706027,15.43358692939728
TR-035497,2025-08-12,august,Dry Van,740.6,1523.87,1504.5119629820192,1547.185029345163,1525.848496163591,1.9784961635912168
TR-035498,2025-08-12,august,Dry Van,558.8,1269.77,1259.9113529997937,1287.165933780795,1273.5386433902945,3.768643390294528
TR-035499,2025-08-12,august,Reefer,667.5,1542.49,1578.0401534605953,1588.6948090842925,1583.367481272444,40.8774812724439
TR-035500,2025-08-12,august,Flatbed,958.1,2010.8,1978.0610771617376,1996.101430822674,1987.0812539922058,23.718746007794152
TR-035501,2025-08-12,august,Flatbed,920.8,1927.86,1975.7303044862817,1956.4074750463506,1966.0688897663163,38.20888976631636
TR-035502,2025-08-12,august,Dry Van,1997.6,3707.97,3756.9970996164006,3723.5423644456796,3740.26973203104,32.299732031040094
TR-035503,2025-08-12,august,Flatbed,978.2,1932.14,2018.2151350450447,2001.169515467726,2009.6923252563852,77.55232525638507
TR-035504,2025-08-12,august,Reefer,2054.5,3943.12,4240.480505545,4196.857962344702,4218.669233944851,275.54923394485104
TR-035505,2025-08-12,august,Reefer,765.1,1672.08,1725.0069392185906,1702.7301584482032,1713.8685488333967,41.78854883339682
TR-035506,2025-08-12,august,Flatbed,950.7,2046.7,2028.2998147263802,2029.1637459541391,2028.7317803402598,17.96821965974027
TR-035507,2025-08-12,august,Reefer,1870.7,3880.13,3913.0197860226885,3875.743002752762,3894.3813943877253,14.251394387725213
TR-035508,2025-08-12,august,Flatbed,1005.6,2172.33,2175.0166984499406,2210.0463833958147,2192.531540922878,20.20154092287794
TR-035509,2025-08-12,august,Dry Van,1905.4,3677.1,3750.8562828961212,3724.998549030359,3737.92741596324,60.82741596324013
TR-035510,2025-08-12,august,Reefer,2788.0,5619.9,5753.988394190714,5573.502390653105,5663.74539242191,43.84539242191022
TR-035511,2025-08-12,august,Reefer,653.6,1605.32,1620.98444555279,1599.8250893258505,1610.4047674393203,5.084767439320331
TR-035512,2025-08-12,august,Dry Van,425.7,942.11,946.0400487146513,949.0389226048399,947.5394856597457,5.429485659745637
TR-035513,2025-08-12,august,Flatbed,1715.2,3378.16,3474.516662124007,3487.4211652220674,3480.968913673037,102.8089136730373
TR-035514,2025-08-12,august,Reefer,368.8,1022.74,1009.0096744706752,1025.659894731417,1017.3347846010461,5.405215398953942
TR-035515,2025-08-12,august,Flatbed,2329.9,4776.8,4776.813808973827,4735.855161564286,4756.334485269057,20.46551473094314
TR-035516,2025-08-12,august,Dry Van,640.1,1376.52,1370.3565283181078,1387.6865401236746,1379.0215342208912,2.5015342208912443
TR-035517,2025-08-12,august,Dry Van,2650.1,4728.39,4837.144505502599,4712.608859820768,4774.876682661683,46.48668266168261
TR-035518,2025-08-12,august,Reefer,385.3,1027.67,1033.6889578597982,1035.7504695852826,1034.7197137225403,7.049713722540218
TR-035519,2025-08-12,august,Reefer,923.0,1936.23,2002.203722699707,1996.385951852822,1999.2948372762644,63.06483727626437
TR-035520,2025-08-12,august,Reefer,863.0,1953.3,2051.892934702928,2019.6511775053125,2035.77205610412,82.47205610412016
TR-035521,2025-08-12,august,Dry Van,2053.8,3869.9,3921.1174507959863,3980.563786510489,3950.8406186532375,80.94061865323738
TR-035522,2025-08-12,august,Dry Van,1804.2,3504.32,3568.109422763655,3570.523748899139,3569.316585831397,64.99658583139671
TR-035523,2025-08-12,august,Dry Van,848.4,1728.42,1750.9842455880164,1720.431086841223,1735.7076662146196,7.2876662146195486
TR-035524,2025-08-12,august,Dry Van,1971.1,12284.47,3723.9752748503406,3692.2337194834254,3708.104497166883,8576.365502833116
TR-035525,2025-08-12,august,Dry Van,1612.1,3103.93,3153.474971676559,3080.995332175833,3117.235151926196,13.305151926196231
TR-035526,2025-08-12,august,Dry Van,554.0,1240.54,1196.892170232589,1199.9329882651293,1198.4125792488592,42.12742075114079
TR-035527,2025-08-12,august,Dry Van,859.3,1800.36,1785.879994108683,1789.2169433722938,1787.5484687404883,12.81153125951164
TR-035528,2025-08-12,august,Dry Van,455.7,1033.46,1040.3940966221733,1044.4184132741252,1042.4062549481491,8.94625494814909
TR-035529,2025-08-12,august,Dry Van,2120.8,4059.2,4183.541217684858,4134.860095266364,4159.20065647561,100.00065647561041
TR-035530,2025-08-12,august,Flatbed,724.6,1682.04,1656.514151125993,1627.1738607209463,1641.8440059234697,40.19599407653027
TR-035531,2025-08-12,august,Dry Van,388.0,890.09,900.3264813522463,894.0332627006637,897.1798720264551,7.089872026455055
TR-035532,2025-08-12,august,Dry Van,1869.0,3393.28,3460.628379182345,3386.8977856553765,3423.763082418861,30.483082418860704
TR-035533,2025-08-12,august,Dry Van,126.2,338.93,323.8696713221589,305.33591117487686,314.60279124851786,24.327208751482146
TR-035534,2025-08-12,august,Flatbed,553.2,1324.37,1298.541507585666,1274.9530978817957,1286.747302733731,37.622697266268915
TR-035535,2025-08-12,august,Reefer,2126.3,4232.5,4303.11911655067,4375.748827585279,4339.4339720679745,106.93397206797454
TR-035536,2025-08-12,august,Dry Van,377.1,808.78,802.8182278510586,805.789511915001,804.3038698830298,4.4761301169701255
TR-035537,2025-08-12,august,Dry Van,3023.4,5172.18,5306.512913196793,5127.444529548952,5216.978721372872,44.79872137287202
TR-035538,2025-08-12,august,Dry Van,112.5,298.71,308.4558209963509,289.2542685376211,298.855044766986,0.1450447669860182
TR-035539,2025-08-12,august,Dry Van,484.3,1030.03,1021.9221587532928,1013.2042855679347,1017.5632221606138,12.466777839386168
TR-035540,2025-08-12,august,Dry Van,594.9,1361.82,1343.2503567068864,1370.3806410730717,1356.8154988899792,5.004501110020783
TR-035541,2025-08-12,august,Dry Van,874.2,1839.3,1825.8949506149547,1875.843200125987,1850.869075370471,11.569075370470955
TR-035542,2025-08-12,august,Dry Van,536.8,1178.19,1152.9204679375491,1151.271742485501,1152.096105211525,26.093894788475154
TR-035543,2025-08-12,august,Dry Van,604.4,1260.69,1254.6429002458908,1290.5762519719033,1272.609576108897,11.91957610889699
TR-035544,2025-08-13,august,Reefer,1021.3,2552.52,2452.065768481066,2465.9621370659456,2459.0139527735055,93.5060472264945
TR-035545,2025-08-13,august,Dry Van,677.4,1419.2,1437.2091123188213,1458.792775995495,1448.0009441571583,28.800944157158256
TR-035546,2025-08-13,august,Dry Van,379.7,826.03,822.4447903355563,828.1758305498058,825.310310442681,0.7196895573189295
TR-035547,2025-08-13,august,Dry Van,688.8,1484.31,1456.0107453514981,1528.5518101165105,1492.2812777340043,7.9712777340043885
TR-035548,2025-08-13,august,Dry Van,769.5,1666.06,1629.8959895706448,1656.2876587524495,1643.0918241615473,22.96817583845268
TR-035549,2025-08-13,august,Dry Van,2154.4,3964.03,4024.0291348141777,4119.360077946303,4071.6946063802407,107.66460638024046
TR-035550,2025-08-13,august,Flatbed,2109.4,4176.33,4319.080631890589,4291.194953719099,4305.137792804844,128.8077928048442
TR-035551,2025-08-13,august,Reefer,617.3,1515.66,1534.0798857243908,1507.9642277910787,1521.0220567577348,5.362056757734763
TR-035552,2025-08-13,august,Dry Van,741.0,1631.7,1588.6673855341342,1639.3882013416792,1614.0277934379067,17.67220656209338
TR-035553,2025-08-13,august,Dry Van,1044.6,2224.17,2249.089534730095,2236.944159002639,2243.016846866367,18.846846866366832
TR-035554,2025-08-13,august,Dry Van,413.7,1029.13,1048.2245891221983,1013.6356289574613,1030.9301090398299,1.8001090398297492
TR-035555,2025-08-13,august,Dry Van,1079.8,2069.22,2106.344953065855,2102.1599482594606,2104.252450662658,35.03245066265799
TR-035556,2025-08-13,august,Dry Van,445.7,1009.14,1023.0388451899967,1042.3400750901942,1032.6894601400954,23.549460140095448
TR-035557,2025-08-13,august,Dry Van,864.9,1848.52,1878.2693968518024,1867.694792627171,1872.9820947394867,24.4620947394867
TR-035558,2025-08-13,august,Dry Van,360.8,796.71,802.6210077643659,795.6794159636111,799.1502118639885,2.440211863988452
TR-035559,2025-08-13,august,Dry Van,2326.6,4262.9,4225.294798687901,4227.643339867793,4226.469069277847,36.43093072215288
TR-035560,2025-08-13,august,Dry Van,573.3,1210.29,1249.4421949578552,1268.8872024876339,1259.1646987227446,48.8746987227446
TR-035561,2025-08-13,august,Dry Van,880.6,1775.63,1821.316496293133,1831.412362196427,1826.36442924478,50.7344292447799
TR-035562,2025-08-13,august,Reefer,2849.4,5690.1,5751.857511074242,5666.8763470867825,5709.366929080512,19.266929080511545
TR-035563,2025-08-13,august,Dry Van,632.3,1281.27,1351.6420209493574,1336.3212978974293,1343.9816594233935,62.711659423393485
TR-035564,2025-08-13,august,Flatbed,2787.9,5170.25,5455.477545607042,5239.501988743243,5347.489767175142,177.23976717514233
TR-035565,2025-08-13,august,Reefer,959.6,2052.87,2090.279716775762,2093.6729066391163,2091.976311707439,39.10631170743909
TR-035566,2025-08-13,august,Dry Van,2079.2,3910.47,3956.6757439005823,3938.817550860049,3947.7466473803156,37.27664738031581
TR-035567,2025-08-13,august,Dry Van,732.0,1507.98,1548.408259864035,1558.1059104364615,1553.2570851502483,45.27708515024824
TR-035568,2025-08-13,august,Dry Van,1966.4,3624.2,3678.3685422827484,3671.8108705776494,3675.089706430199,50.88970643019911
TR-035569,2025-08-13,august,Flatbed,1984.4,3890.34,3965.0553582692214,3940.4966865697606,3952.776022419491,62.436022419490655
TR-035570,2025-08-13,august,Dry Van,604.8,1267.81,1255.7003502400275,1274.1837145756363,1264.942032407832,2.8679675921680428
TR-035571,2025-08-13,august,Dry Van,1353.9,2743.85,2777.1354598313087,2707.534439961055,2742.3349498961816,1.5150501038183393
TR-035572,2025-08-13,august,Dry Van,1262.3,2509.34,2437.26500794669,2424.1618835893714,2430.7134457680304,78.62655423196975
TR-035573,2025-08-13,august,Dry Van,1208.4,2255.21,2300.2590472144093,2321.4618681709767,2310.8604576926928,55.650457692692726
TR-035574,2025-08-13,august,Reefer,1166.5,2562.47,2606.3832973990034,2498.8076075426966,2552.59545247085,9.874547529149822
TR-035575,2025-08-13,august,Dry Van,1219.1,2409.79,2378.306805938627,2397.9906814944775,2388.1487437165524,21.641256283447547
TR-035576,2025-08-13,august,Flatbed,2906.6,5738.04,5825.518421834841,5726.6038346489295,5776.061128241885,38.02112824188498
TR-035577,2025-08-13,august,Dry Van,1620.4,3004.32,3099.0202731895183,3080.4042281810803,3089.7122506852993,85.39225068529913
TR-035578,2025-08-13,august,Dry Van,1218.3,2237.22,2268.0752907879996,2264.975901508531,2266.5255961482653,29.305596148265522
TR-035579,2025-08-13,august,Dry Van,111.4,822.99,307.57102194779014,279.1707909332913,293.3709064405407,529.6190935594593
TR-035580,2025-08-13,august,Reefer,343.7,913.22,894.3669683915142,906.8640275122832,900.6154979518988,12.604502048101267
TR-035581,2025-08-13,august,Reefer,2270.6,4926.46,4898.23639813972,4894.434800440868,4896.335599290294,30.124400709705696
TR-035582,2025-08-13,august,Reefer,863.7,1981.8,2007.8220089503948,2045.3094435248377,2026.5657262376162,44.76572623761626
TR-035583,2025-08-13,august,Reefer,1058.1,2280.93,2332.4223211359126,2300.834991524843,2316.628656330378,35.69865633037807
TR-035584,2025-08-13,august,Dry Van,1017.3,2131.94,2138.972233701038,2124.5221434291025,2131.7471885650702,0.19281143492980846
TR-035585,2025-08-13,august,Dry Van,778.1,1522.31,1502.594491313071,1530.1913556744453,1516.3929234937582,5.917076506241756
TR-035586,2025-08-13,august,Dry Van,132.0,355.65,365.1285850719321,386.3046153535827,375.7166002127574,20.066600212757407
TR-035587,2025-08-13,august,Reefer,842.1,1930.02,1956.030035065888,1923.2720516337108,1939.6510433497992,9.631043349799256
TR-035588,2025-08-13,august,Dry Van,879.5,1888.96,1878.1018422579061,1862.2636571437138,1870.1827497008098,18.7772502991902
TR-035589,2025-08-13,august,Flatbed,1871.6,3872.5,3891.68879506256,3944.3288037768784,3918.0087994197193,45.50879941971925
TR-035590,2025-08-13,august,Dry Van,735.2,302.81,1636.3773070401028,1655.8688132221191,1646.1230601311108,1343.313060131111
TR-035591,2025-08-13,august,Flatbed,1003.2,2264.42,2314.8734523688595,2347.7595230338184,2331.3164877013387,66.89648770133863
TR-035592,2025-08-13,august,Flatbed,280.9,727.21,729.8743708218598,734.4277345649859,732.1510526934228,4.941052693422762
TR-035593,2025-08-13,august,Dry Van,396.3,884.52,870.8311011986879,892.2022467648012,881.5166739817446,3.003326018255393
TR-035594,2025-08-13,august,Dry Van,3019.4,5296.44,5383.340843310704,5780.865375626549,5582.103109468627,285.6631094686272
TR-035595,2025-08-13,august,Flatbed,302.0,759.64,755.9188395337601,769.82500655628,762.87192304502,3.2319230450200394
TR-035596,2025-08-13,august,Flatbed,2222.7,4554.85,4569.130018663312,4630.375374042125,4599.752696352718,44.90269635271761
TR-035597,2025-08-13,august,Dry Van,438.9,948.79,973.181202819531,957.6555804347649,965.4183916271479,16.62839162714795
TR-035598,2025-08-13,august,Reefer,1895.2,3905.64,4041.275039987177,4042.223842077875,4041.749441032526,136.10944103252632
TR-035599,2025-08-13,august,Dry Van,2562.3,4684.95,4755.193443472707,4671.205770711408,4713.199607092058,28.249607092057886
TR-035600,2025-08-13,august,Dry Van,2110.5,3891.19,3869.0949563041754,3831.4732481306933,3850.2841022174343,40.90589778256572
TR-035601,2025-08-13,august,Dry Van,1335.3,2593.66,2600.249300587023,2616.1581513320734,2608.203725959548,14.543725959548283
TR-035602,2025-08-13,august,Dry Van,925.3,1760.4,1775.6017198927775,1809.2724168044365,1792.437068348607,32.03706834860691
TR-035603,2025-08-13,august,Reefer,552.7,1395.09,1338.8495681661536,1343.2420680843513,1341.0458181252525,54.04418187474744
TR-035604,2025-08-13,august,Reefer,612.3,1420.13,1479.1280294875705,1442.9633420102082,1461.0456857488894,40.915685748889246
TR-035605,2025-08-13,august,Flatbed,1589.7,3262.87,3315.5571326815716,3331.9344750336527,3323.7458038576124,60.87580385761248
TR-035606,2025-08-13,august,Dry Van,588.4,1339.62,1352.8499264953496,1365.7416158315873,1359.2957711634685,19.675771163468653
TR-035607,2025-08-13,august,Flatbed,531.6,1190.11,1226.963836398812,1211.1328264191911,1219.0483314090015,28.93833140900165
TR-035608,2025-08-13,august,Dry Van,1055.2,2160.05,2246.6132860152766,2214.095086964007,2230.3541864896415,70.30418648964132
TR-035609,2025-08-13,august,Dry Van,792.8,1608.46,1579.935691507225,1590.7583443013098,1585.3470179042674,23.112982095732605
TR-035610,2025-08-13,august,Dry Van,971.2,1971.11,1982.7494833437088,1975.9638329595991,1979.3566581516538,8.246658151653946
TR-035611,2025-08-13,august,Dry Van,838.7,1684.44,1650.352212666178,1707.3653324332904,1678.858772549734,5.581227450265942
TR-035612,2025-08-13,august,Flatbed,1494.1,3163.22,3277.377993924607,3237.450453845208,3257.414223884907,94.19422388490739
TR-035613,2025-08-13,august,Dry Van,1189.8,2313.16,2381.9749224581205,2298.8932171517436,2340.434069804932,27.27406980493197
TR-035614,2025-08-13,august,Dry Van,772.2,1599.48,1639.5552510957502,1636.0480014226805,1637.8016262592155,38.32162625921546
TR-035615,2025-08-13,august,Reefer,1424.6,3034.89,3140.469268965726,3131.8694175541027,3136.169343259914,101.27934325991419
TR-035616,2025-08-13,august,Dry Van,810.6,1756.55,1788.9313391010735,1819.9836791772295,1804.4575091391516,47.90750913915167
TR-035617,2025-08-13,august,Reefer,2348.1,4927.52,4844.037163276057,4846.495902479659,4845.2665328778585,82.25346712214196
TR-035618,2025-08-13,august,Dry Van,458.3,1012.15,1038.2763830875795,1048.0833262824694,1043.1798546850246,31.02985468502459
TR-035619,2025-08-13,august,Flatbed,2205.6,4546.93,4520.397298452543,4555.901698828764,4538.149498640653,8.780501359347
TR-035620,2025-08-13,august,Flatbed,335.4,874.12,879.5989165936909,879.9482544118298,879.7735855027604,5.653585502760393
TR-035621,2025-08-13,august,Dry Van,859.0,1871.38,1891.7679498239816,1891.873427798855,1891.8206888114182,20.440688811418113
TR-035622,2025-08-13,august,Dry Van,1205.7,2556.82,2557.9917277293152,2509.346149095824,2533.6689384125693,23.15106158743083
TR-035623,2025-08-13,august,Reefer,653.5,1645.91,1621.9442571076022,1636.6754090537306,1629.3098330806665,16.60016691933356
TR-035624,2025-08-13,august,Dry Van,646.8,1357.84,1345.634890360337,1408.069933117051,1376.8524117386942,19.012411738694254
TR-035625,2025-08-13,august,Dry Van,1111.0,2096.07,2147.576295282793,2131.142421842626,2139.3593585627095,43.28935856270937
TR-035626,2025-08-13,august,Dry Van,1423.8,2795.68,2831.1943940300057,2874.313896617571,2852.754145323788,57.07414532378834
TR-035627,2025-08-13,august,Dry Van,552.7,1268.28,1263.5383648732357,1276.455878219515,1269.9971215463752,1.7171215463752105
TR-035628,2025-08-13,august,Dry Van,2082.6,3867.7,3981.7942070038175,3969.6742745847214,3975.7342407942697,108.03424079426986
TR-035629,2025-08-13,august,Dry Van,444.6,1005.63,976.869393735826,1003.5543744016636,990.2118840687448,15.418115931255215
TR-035630,2025-08-13,august,Dry Van,265.9,630.43,619.8682256762369,626.6856351936894,623.2769304349631,7.153069565036844
TR-035631,2025-08-13,august,Dry Van,991.2,1968.99,1994.4936188640222,1983.6550868646068,1989.0743528643145,20.084352864314496
TR-035632,2025-08-13,august,Dry Van,739.6,1530.17,1525.5629729147622,1541.415580773702,1533.489276844232,3.3192768442320357
TR-035633,2025-08-13,august,Dry Van,690.3,1454.54,1421.303035022492,1486.3884389818254,1453.8457370021588,0.6942629978411787
TR-035634,2025-08-13,august,Reefer,748.2,1723.73,1800.9490706526885,1809.630367669776,1805.2897191612324,81.55971916123235
TR-035635,2025-08-13,august,Dry Van,962.3,1925.19,1931.8099069976963,1966.2803625988568,1949.0451347982766,23.855134798276595
TR-035636,2025-08-13,august,Flatbed,452.7,1098.27,1085.2436707999045,1094.8548459496462,1090.0492583747755,8.220741625224491
TR-035637,2025-08-13,august,Dry Van,191.8,470.28,476.0996275159151,461.74549038556006,468.92255895073754,1.3574410492624338
TR-035638,2025-08-13,august,Flatbed,224.5,614.86,602.8730562434998,629.3366307167689,616.1048434801344,1.2448434801343637
TR-035639,2025-08-13,august,Reefer,753.8,1762.98,1804.0839510491855,1789.0452074757454,1796.5645792624655,33.58457926246547
TR-035640,2025-08-13,august,Reefer,1533.2,3283.74,3327.2193154828637,3327.5767962247146,3327.398055853789,43.65805585378939
TR-035641,2025-08-13,august,Dry Van,925.3,1976.0,1950.3399726512532,1951.3600109339714,1950.8499917926124,25.1500082073876
TR-035642,2025-08-13,august,Dry Van,2769.9,4820.41,5025.531856856911,4841.223628874367,4933.377742865639,112.9677428656396
TR-035643,2025-08-13,august,Reefer,785.0,1831.89,1804.7510203409267,1834.5186511562194,1819.634835748573,12.255164251427004
TR-035644,2025-08-13,august,Flatbed,409.2,948.0,963.4358056795222,935.83244148001,949.6341235797661,1.634123579766083
TR-035645,2025-08-13,august,Reefer,1952.1,4394.74,4280.77883557026,4250.732386556144,4265.755611063201,128.9843889367985
TR-035646,2025-08-13,august,Flatbed,593.9,1318.27,1318.650008810193,1304.2829183331799,1311.4664635716863,6.803536428313691
TR-035647,2025-08-13,august,Flatbed,566.2,1251.39,1231.218518254344,1289.405128970348,1260.311823612346,8.921823612345861
TR-035648,2025-08-13,august,Dry Van,367.9,802.54,809.0498672264058,805.9170759659014,807.4834715961535,4.943471596153586
TR-035649,2025-08-13,august,Dry Van,1160.5,2304.56,2382.0932239007525,2332.398857191048,2357.2460405459005,52.686040545900596
TR-035650,2025-08-13,august,Reefer,435.7,1117.83,1096.367212996295,1104.0189890696179,1100.1931010329563,17.636898967043635
TR-035651,2025-08-13,august,Dry Van,1453.9,2890.03,2831.5390611456196,2907.0232716969776,2869.2811664212986,20.74883357870158
TR-035652,2025-08-13,august,Dry Van,939.4,1793.66,1795.8080973640685,1781.2281168068293,1788.518107085449,5.141892914551136
TR-035653,2025-08-13,august,Reefer,727.9,1743.89,1744.4808826200745,1738.385464475786,1741.4331735479302,2.4568264520698904
TR-035654,2025-08-13,august,Flatbed,1084.0,2305.98,2422.509948382483,2393.5574284351837,2408.0336884088333,102.0536884088333
TR-035655,2025-08-13,august,Dry Van,963.2,2038.96,2051.123578091097,2032.5083046793777,2041.8159413852372,2.8559413852372018
TR-035656,2025-08-13,august,Flatbed,745.7,1700.53,1772.6642599903496,1709.2286735857915,1740.9464667880707,40.41646678807069
TR-035657,2025-08-13,august,Flatbed,839.1,1994.51,2014.5520115084275,2009.5465195027593,2012.0492655055934,17.53926550559345
TR-035658,2025-08-13,august,Reefer,445.8,1113.64,1099.622429542477,1117.4182427907767,1108.5203361666267,5.119663833373352
TR-035659,2025-08-13,august,Dry Van,1074.5,2225.94,2238.821387393732,2230.4858129533686,2234.6536001735503,8.713600173550276
TR-035660,2025-08-13,august,Dry Van,236.7,587.21,621.9304519622124,646.6873006077901,634.3088762850012,47.09887628500121
TR-035661,2025-08-13,august,Dry Van,1153.4,2295.26,2322.2456172162383,2307.8465958502966,2315.0461065332674,19.78610653326723
TR-035662,2025-08-13,august,Dry Van,519.4,1196.61,1182.9716541732582,1168.8969912134594,1175.9343226933588,20.67567730664109
TR-035663,2025-08-13,august,Dry Van,294.3,676.49,682.7998669385634,691.9663782953514,687.3831226169574,10.893122616957385
TR-035664,2025-08-13,august,Flatbed,195.5,580.17,572.9136321774653,625.6957510215054,599.3046915994853,19.134691599485336
TR-035665,2025-08-13,august,Dry Van,2265.5,4025.07,4123.6863041060315,4077.2819677329726,4100.484135919502,75.4141359195014
TR-035666,2025-08-13,august,Reefer,2141.8,4661.36,4615.061726321218,4579.59589742183,4597.3288118715245,64.03118812847515
TR-035667,2025-08-13,august,Reefer,1022.0,2354.29,2374.863499011482,2420.70657918151,2397.785039096496,43.49503909649593
TR-035668,2025-08-13,august,Dry Van,2332.8,4620.01,4523.5530482617905,4501.205998355146,4512.379523308468,107.63047669153184
TR-035669,2025-08-13,august,Dry Van,427.7,968.25,975.0961272648557,971.2297043275162,973.1629157961859,4.912915796185871
TR-035670,2025-08-13,august,Flatbed,880.9,1918.8,1919.724942355895,1951.6712458814866,1935.6980941186907,16.89809411869078
TR-035671,2025-08-13,august,Reefer,2573.9,5501.64,5239.630149341183,5289.586668082684,5264.608408711933,237.03159128806692
TR-035672,2025-08-13,august,Flatbed,178.9,483.01,475.43502145143054,499.5716404898076,487.50333097061906,4.49333097061907
TR-035673,2025-08-13,august,Reefer,1023.5,2454.32,2411.644185728542,2460.185222188721,2435.9147039586314,18.40529604136873
TR-035674,2025-08-13,august,Dry Van,868.1,1769.44,1773.4821267320929,1786.5514756958148,1780.0168012139538,10.576801213953786
TR-035675,2025-08-13,august,Dry Van,829.9,1845.72,1824.6594271679048,1850.6496774285986,1837.6545522982517,8.065447701748326
TR-035676,2025-08-13,august,Reefer,529.7,1312.8,1299.4087551921111,1325.8789082406206,1312.6438317163659,0.15616828363408786
TR-035677,2025-08-13,august,Dry Van,878.7,1694.66,1708.8156125721562,1744.0817049606308,1726.4486587663935,31.788658766393382
TR-035678,2025-08-13,august,Dry Van,962.4,1809.36,1856.3780143896179,1843.385341760608,1849.881678075113,40.521678075113186
TR-035679,2025-08-13,august,Dry Van,919.0,1897.88,1908.4086342297546,1897.647571946924,1903.0281030883393,5.148103088339212
TR-035680,2025-08-13,august,Reefer,2116.0,4480.32,4436.592916611148,4416.987302708791,4426.790109659969,53.52989034003076
TR-035681,2025-08-13,august,Dry Van,865.2,1759.48,1738.8894491276349,1759.007932671883,1748.948690899759,10.53130910024106
TR-035682,2025-08-13,august,Reefer,1100.6,2512.99,2527.257597963181,2578.10476608878,2552.6811820259804,39.69118202598065
TR-035683,2025-08-13,august,Flatbed,1648.1,3552.86,3590.427186954579,3529.7333165725768,3560.080251763578,7.220251763577835
TR-035684,2025-08-13,august,Dry Van,1241.6,2570.44,2610.19531232558,2574.612821305501,2592.4040668155403,21.964066815540264
TR-035685,2025-08-13,august,Dry Van,613.7,1381.64,1351.3385993351428,1396.2613150462807,1373.7999571907117,7.840042809288434
TR-035686,2025-08-13,august,Reefer,1039.6,2320.32,2321.0844385999417,2287.417803552546,2304.251121076244,16.068878923756074
TR-035687,2025-08-13,august,Reefer,617.6,1493.45,1525.3853893530186,1497.4032822420386,1511.3943357975286,17.944335797528538
TR-035688,2025-08-13,august,Dry Van,1157.8,2384.33,2446.6308150082073,2390.0972085126723,2418.36401176044,34.03401176044008
TR-035689,2025-08-13,august,Reefer,1460.5,3374.69,3365.8157856186103,3353.5384586531345,3359.677122135872,15.012877864127859
TR-035690,2025-08-13,august,Dry Van,2243.0,4291.28,4359.527517594647,4365.573697908294,4362.550607751471,71.27060775147129
TR-035691,2025-08-13,august,Flatbed,1105.6,2455.25,2448.4926491456995,2425.7686651227827,2437.130657134241,18.11934286575888
TR-035692,2025-08-13,august,Dry Van,291.2,730.02,713.1825531115971,717.8579937073512,715.5202734094742,14.499726590525825
TR-035693,2025-08-13,august,Reefer,742.0,1794.44,1765.972174141692,1768.8770694056302,1767.424621773661,27.015378226338953
TR-035694,2025-08-13,august,Reefer,2529.6,4860.05,5011.741000246856,5013.220518400905,5012.48075932388,152.43075932388
TR-035695,2025-08-13,august,Dry Van,1040.0,2245.67,2238.285587091518,2220.343776893647,2229.3146819925823,16.355318007417736
TR-035696,2025-08-13,august,Dry Van,991.6,2018.63,2003.477706095649,2008.9794077295069,2006.228556912578,12.401443087422194
TR-035697,2025-08-13,august,Reefer,860.5,2023.64,2101.8046130923,2069.106574812024,2085.455593952162,61.81559395216186
TR-035698,2025-08-13,august,Reefer,731.3,1626.46,1685.903446668397,1682.2648182134483,1684.0841324409225,57.624132440922494
TR-035699,2025-08-13,august,Dry Van,847.4,1626.49,1681.1224216117766,1664.6802389910763,1672.9013303014265,46.41133030142646
TR-035700,2025-08-13,august,Reefer,481.9,1178.32,1201.8952812445968,1194.3034979984996,1198.0993896215482,19.779389621548262
TR-035701,2025-08-13,august,Reefer,1367.7,3061.21,3098.928920301263,3075.8833526829094,3087.4061364920863,26.196136492086225
TR-035702,2025-08-13,august,Flatbed,761.3,1901.31,1854.4028289572561,1870.0250806223924,1862.2139547898241,39.09604521017582
TR-035703,2025-08-14,august,Reefer,2367.8,4919.05,5003.681519630185,5019.378831277654,5011.53017545392,92.4801754539194
TR-035704,2025-08-14,august,Dry Van,239.3,555.29,549.7515057529139,549.5493918635314,549.6504488082226,5.6395511917774
TR-035705,2025-08-14,august,Dry Van,1069.5,2184.73,2229.357466074655,2189.253341071723,2209.305403573189,24.57540357318885
TR-035706,2025-08-14,august,Dry Van,1955.5,3680.0,3711.364776856742,3662.9565253613437,3687.160651109043,7.160651109043101
TR-035707,2025-08-14,august,Reefer,688.1,1646.85,1585.0274438430213,1624.3777708679384,1604.7026073554798,42.147392644520096
TR-035708,2025-08-14,august,Dry Van,2291.2,4275.68,4312.694877359287,4335.914617938466,4324.304747648876,48.62474764887611
TR-035709,2025-08-14,august,Dry Van,2069.8,3728.88,3868.849398149015,3853.354690555908,3861.1020443524612,132.22204435246113
TR-035710,2025-08-14,august,Dry Van,2340.1,4175.17,4294.002932603047,4262.225832837166,4278.114382720107,102.94438272010666
TR-035711,2025-08-14,august,Dry Van,687.2,1533.45,1494.286505998194,1536.6384559293422,1515.462480963768,17.987519036232015
TR-035712,2025-08-14,august,Flatbed,1855.9,3932.57,3932.019150808535,3980.754138959982,3956.386644884258,23.81664488425804
TR-035713,2025-08-14,august,Reefer,445.6,1100.7,1107.5615451331284,1121.6307210593882,1114.5961330962582,13.896133096258154
TR-035714,2025-08-14,august,Flatbed,735.2,1710.79,1694.8905519043562,1695.469988922777,1695.1802704135666,15.609729586433332
TR-035715,2025-08-14,august,Reefer,1724.5,3898.03,3803.9184217723355,3833.185684586124,3818.55205317923,79.47794682077028
TR-035716,2025-08-14,august,Dry Van,300.4,718.5,711.4382955581351,717.6101548734823,714.5242252158087,3.9757747841913442
TR-035717,2025-08-14,august,Dry Van,1083.8,2188.02,2140.401884379409,2175.851464777415,2158.126674578412,29.893325421588088
TR-035718,2025-08-14,august,Dry Van,456.3,1010.12,988.8664757148767,1007.2229842880444,998.0447300014605,12.075269998539511
TR-035719,2025-08-14,august,Reefer,651.7,1552.79,1581.9656698157282,1593.7830814545714,1587.8743756351498,35.084375635149854
TR-035720,2025-08-14,august,Dry Van,305.2,788.21,776.1985054204191,776.7707299474007,776.4846176839098,11.72538231609019
TR-035721,2025-08-14,august,Dry Van,1760.3,3463.64,3528.18618139542,3519.502995443326,3523.8445884193734,60.20458841937352
TR-035722,2025-08-14,august,Flatbed,2037.4,4194.23,4196.867256956943,4166.020803111142,4181.444030034043,12.78596996595661
TR-035723,2025-08-14,august,Dry Van,2590.7,4851.23,4819.479533707859,4779.572181911164,4799.525857809512,51.7041421904878
TR-035724,2025-08-14,august,Flatbed,1221.2,2504.16,2622.526076313539,2570.430500893842,2596.47828860369,92.31828860369023
TR-035725,2025-08-14,august,Reefer,1615.0,3550.99,3567.879545674634,3554.184413744323,3561.0319797094785,10.04197970947871
TR-035726,2025-08-14,august,Dry Van,446.4,996.66,971.8993717783775,984.9516296677555,978.4255007230665,18.234499276933434
TR-035727,2025-08-14,august,Dry Van,884.9,1763.78,1733.6268160696116,1764.4736303698369,1749.050223219724,14.72977678027587
TR-035728,2025-08-14,august,Dry Van,1884.8,3821.38,3761.0677217844686,3800.6780309940077,3780.872876389238,40.50712361076194
TR-035729,2025-08-14,august,Dry Van,1699.0,3246.78,3328.8552941071666,3313.6149012249316,3321.235097666049,74.45509766604891
TR-035730,2025-08-14,august,Flatbed,2995.5,5911.62,5797.083165236392,5939.35859826924,5868.220881752816,43.39911824718365
TR-035731,2025-08-14,august,Flatbed,378.8,1001.34,982.874476333666,975.8867060585696,979.3805911961178,21.959408803882184
TR-035732,2025-08-14,august,Flatbed,2694.4,5292.71,5155.136320115017,5194.931609649864,5175.033964882441,117.67603511755897
TR-035733,2025-08-14,august,Reefer,977.8,2202.79,2196.7799060289226,2210.676091212097,2203.72799862051,0.9379986205099158
TR-035734,2025-08-14,august,Dry Van,1307.0,2602.76,2584.6082930397342,2563.13649699598,2573.8723950178573,28.887604982142875
TR-035735,2025-08-14,august,Dry Van,827.8,1704.91,1662.6243457730254,1720.725223759046,1691.6747847660358,13.235215233964254
TR-035736,2025-08-14,august,Flatbed,1171.2,2388.42,2451.755061600605,2407.78545018499,2429.7702558927976,41.35025589279758
TR-035737,2025-08-14,august,Reefer,2517.4,5332.67,5383.6776259284825,5422.297333074777,5402.987479501629,70.31747950162935
TR-035738,2025-08-14,august,Dry Van,547.5,1160.03,1149.0090143070686,1129.7854702825484,1139.3972422948086,20.632757705191352
TR-035739,2025-08-14,august,Dry Van,739.6,1491.11,1491.733770101537,1551.31424069945,1521.5240054004935,30.41400540049358
TR-035740,2025-08-14,august,Dry Van,764.4,1554.43,1509.8610988098549,1558.7435144246526,1534.3023066172536,20.12769338274643
TR-035741,2025-08-14,august,Reefer,1193.9,2773.45,2685.1170121242717,2750.3667364937883,2717.74187430903,55.70812569096961
TR-035742,2025-08-14,august,Dry Van,2695.0,4762.65,4953.055129280464,4821.3183273190425,4887.186728299754,124.53672829975403
TR-035743,2025-08-14,august,Flatbed,1757.9,3702.16,3599.5237283943557,3671.1038998524064,3635.3138141233812,66.84618587661862
TR-035744,2025-08-14,august,Dry Van,3121.5,5680.52,5618.382247881494,5493.577511768901,5555.979879825198,124.54012017480272
TR-035745,2025-08-14,august,Dry Van,277.1,694.63,677.2723462148828,701.3091419224525,689.2907440686677,5.339255931332332
TR-035746,2025-08-14,august,Flatbed,658.7,1427.92,1442.5697825237237,1441.422172064386,1441.9959772940547,14.07597729405461
TR-035747,2025-08-14,august,Reefer,422.6,1083.82,1058.1646151383125,1069.146992853053,1063.6558039956826,20.16419600431732
TR-035748,2025-08-14,august,Dry Van,1227.4,2419.34,2427.4334630181597,2441.236796040216,2434.3351295291877,14.99512952918758
TR-035749,2025-08-14,august,Dry Van,402.0,955.18,930.1107256201692,906.9005783841112,918.5056520021402,36.67434799785974
TR-035750,2025-08-14,august,Dry Van,602.8,1277.52,1255.817179936668,1261.838768844792,1258.82797439073,18.692025609269876
TR-035751,2025-08-14,august,Dry Van,2539.1,4740.74,4737.823737160626,4758.715127471498,4748.269432316061,7.529432316061502
TR-035752,2025-08-14,august,Dry Van,309.6,716.74,728.8044320391072,708.2798222130427,718.542127126075,1.8021271260749927
TR-035753,2025-08-14,august,Dry Van,1493.7,2838.44,2838.8347871034002,2860.2297762010385,2849.5322816522194,11.092281652219299
TR-035754,2025-08-14,august,Dry Van,1990.9,3893.12,3909.5591190567334,3980.1996173244715,3944.8793681906027,51.7593681906028
TR-035755,2025-08-14,august,Flatbed,678.6,1567.72,1577.9932283084431,1549.516435662739,1563.754831985591,3.9651680144090733
TR-035756,2025-08-14,august,Dry Van,396.6,886.12,877.4383017755799,894.6081802747972,886.0232410251886,0.09675897481145057
TR-035757,2025-08-14,august,Dry Van,2719.6,5010.88,5003.9028980668145,5058.16075747934,5031.031827773077,20.151827773076548
TR-035758,2025-08-14,august,Dry Van,120.4,321.79,321.94899243517926,334.6319314672262,328.2904619512027,6.500461951202681
TR-035759,2025-08-14,august,Dry Van,671.5,1432.89,1457.7275223247625,1470.641729976013,1464.1846261503879,31.294626150387785
TR-035760,2025-08-14,august,Flatbed,97.8,324.08,330.43933956320024,392.4571545315109,361.4482470473556,37.368247047355624
TR-035761,2025-08-14,august,Dry Van,192.7,510.01,524.7427689336741,508.77104590049703,516.7569074170856,6.746907417085595
TR-035762,2025-08-14,august,Reefer,908.6,2136.98,2100.372121025252,2114.3134654205437,2107.342793222898,29.637206777102165
TR-035763,2025-08-14,august,Flatbed,1286.6,2835.46,2837.733419293227,2987.29380544688,2912.5136123700536,77.05361237005354
TR-035764,2025-08-14,august,Dry Van,1496.5,3036.26,3052.9044014817614,3007.1586018805747,3030.0315016811683,6.228498318831953
TR-035765,2025-08-14,august,Dry Van,374.5,845.61,820.2822959098746,837.9886710295591,829.1354834697169,16.474516530283154
TR-035766,2025-08-14,august,Dry Van,2464.6,4715.34,4695.194880891372,4645.645283549113,4670.420082220242,44.91991777975818
TR-035767,2025-08-14,august,Flatbed,2144.5,4324.68,4316.299655234147,4348.591794507287,4332.445724870717,7.76572487071644
TR-035768,2025-08-14,august,Reefer,1402.0,3107.7,3209.5844004414844,3215.9834458597325,3212.7839231506086,105.08392315060883
TR-035769,2025-08-14,august,Reefer,2757.8,5420.15,5650.284675484582,5535.639724923692,5592.962200204137,172.8122002041373
TR-035770,2025-08-14,august,Reefer,269.6,754.24,741.31860295406,763.3030676082701,752.310835281165,1.9291647188349543
TR-035771,2025-08-14,august,Dry Van,618.7,1381.84,1398.9755748635253,1418.8038425604454,1408.8897087119853,27.04970871198543
TR-035772,2025-08-14,august,Reefer,1192.6,2820.29,2786.1209337126147,2772.681289374178,2779.4011115433964,40.88888845660358
TR-035773,2025-08-14,august,Dry Van,973.0,2002.2,1988.7486602511894,2019.4145544212151,2004.0816073362023,1.8816073362022507
TR-035774,2025-08-14,august,Dry Van,1651.7,3069.57,3101.345247074575,3137.7053698035616,3119.5253084390683,49.955308439068176
TR-035775,2025-08-14,august,Dry Van,2562.1,4823.97,4766.491012147458,4697.290415090736,4731.890713619097,92.07928638090289
TR-035776,2025-08-14,august,Flatbed,1445.1,3029.65,3062.4871484517485,3084.334010960181,3073.4105797059647,43.760579705964574
TR-035777,2025-08-14,august,Flatbed,576.2,1431.15,1359.041336830901,1378.1916364154465,1368.6164866231738,62.53351337682625
TR-035778,2025-08-14,august,Reefer,557.0,1410.33,1395.747948528532,1380.9815945297537,1388.364771529143,21.965228470857028
TR-035779,2025-08-14,august,Reefer,517.5,1280.36,1265.1658225045226,1253.0783211348153,1259.122071819669,21.237928180330982
TR-035780,2025-08-14,august,Dry Van,2086.9,4034.06,4094.324724558366,3984.9005849183623,4039.612654738364,5.552654738364254
TR-035781,2025-08-14,august,Flatbed,743.1,1682.41,1667.969222099804,1673.155498544535,1670.5623603221695,11.847639677830557
TR-035782,2025-08-14,august,Dry Van,312.1,722.88,740.001307501429,749.1429958832002,744.5721516923146,21.69215169231461
TR-035783,2025-08-14,august,Dry Van,195.8,556.01,558.5572586936041,588.9328093263548,573.7450340099795,17.735034009979472
TR-035784,2025-08-14,august,Dry Van,648.9,1361.82,1318.0658543611823,1376.3016983596399,1347.1837763604112,14.636223639588707
TR-035785,2025-08-14,august,Dry Van,446.6,890.14,939.5745743832633,952.9086016313988,946.2415880073311,56.10158800733109
TR-035786,2025-08-14,august,Dry Van,549.7,1181.54,1127.0870063865991,1171.3224943738533,1149.2047503802262,32.335249619773776
TR-035787,2025-08-14,august,Dry Van,3165.8,5714.96,5725.943320796269,5617.566222631132,5671.7547717137,43.20522828629964
TR-035788,2025-08-14,august,Dry Van,1199.9,2424.97,2438.1404375568186,2446.6481076251894,2442.3942725910038,17.424272591003955
TR-035789,2025-08-14,august,Dry Van,1062.5,2189.04,2210.077846246364,2144.61497177154,2177.346409008952,11.69359099104804
TR-035790,2025-08-14,august,Dry Van,1403.4,2733.22,2712.5848154415207,2728.673531298256,2720.629173369888,12.590826630111678
TR-035791,2025-08-14,august,Reefer,1410.5,3046.33,3049.7225882602547,3034.758592569072,3042.2405904146635,4.089409585336398
TR-035792,2025-08-14,august,Dry Van,888.6,1858.94,1824.9587372878468,1873.0389519331106,1848.9988446104787,9.941155389521327
TR-035793,2025-08-14,august,Dry Van,756.0,1609.89,1536.4064050947795,1585.2304119729702,1560.8184085338748,49.071591466125255
TR-035794,2025-08-14,august,Dry Van,1385.9,2743.14,2725.7295016327935,2747.145427170235,2736.4374644015143,6.7025355984856105
TR-035795,2025-08-14,august,Dry Van,2465.2,4403.55,4508.194396114267,4436.941596784101,4472.567996449185,69.01799644918447
TR-035796,2025-08-14,august,Dry Van,589.0,1348.0,1323.8712366512932,1336.8503009999222,1330.3607688256077,17.639231174392307
TR-035797,2025-08-14,august,Flatbed,459.0,1102.47,1101.0874212445444,1126.2325854727583,1113.6600033586515,11.190003358651438
TR-035798,2025-08-14,august,Reefer,1659.3,3548.54,3659.352600433012,3589.4237138675794,3624.3881571502957,75.84815715029572
TR-035799,2025-08-14,august,Dry Van,1899.8,3705.12,3729.019093199412,3728.1030486783047,3728.5610709388584,23.441070938858502
TR-035800,2025-08-14,august,Dry Van,656.6,1330.98,1311.3326196857265,1333.9951229628389,1322.6638713242828,8.31612867571721
TR-035801,2025-08-14,august,Dry Van,1374.5,2557.91,2632.9432436928723,2648.0709694373286,2640.5071065651005,82.5971065651006
TR-035802,2025-08-14,august,Flatbed,319.8,871.65,862.4027966825487,870.0836871446784,866.2432419136135,5.406758086386503
TR-035803,2025-08-14,august,Dry Van,633.7,1448.35,1407.0176189114798,1396.778136518311,1401.8978777148955,46.45212228510445
TR-035804,2025-08-14,august,Reefer,347.2,912.97,917.720306989569,898.5068778604023,908.1135924249857,4.856407575014373
TR-035805,2025-08-14,august,Reefer,1996.8,4201.17,4325.461044457653,4290.501789258541,4307.981416858097,106.81141685809689
TR-035806,2025-08-14,august,Dry Van,1726.1,3416.73,3459.9840058178665,3438.433872712016,3449.2089392649414,32.478939264941346
TR-035807,2025-08-14,august,Flatbed,1284.6,2708.64,2741.0016156305346,2859.660391628338,2800.331003629436,91.69100362943618
TR-035808,2025-08-14,august,Dry Van,397.6,930.25,901.7050537590537,897.7507267082233,899.7278902336385,30.522109766361496
TR-035809,2025-08-14,august,Dry Van,658.4,1339.32,1349.8446743805882,1374.4460967421428,1362.1453855613654,22.825385561365465
TR-035810,2025-08-14,august,Dry Van,1119.9,2294.66,2262.8717665770305,2248.142961982952,2255.507364279991,39.152635720008675
TR-035811,2025-08-14,august,Dry Van,2861.5,5034.02,5213.239136813518,5149.189010530938,5181.214073672228,147.1940736722272
TR-035812,2025-08-14,august,Dry Van,1703.6,3268.75,3258.9308018559145,3272.6013781497822,3265.7660900028486,2.983909997151386
TR-035813,2025-08-14,august,Dry Van,1986.1,3779.93,3690.75775395065,3719.908874718161,3705.3333143344053,74.59668566559458
TR-035814,2025-08-14,august,Flatbed,910.4,2094.06,2136.584013931527,2138.2666967816813,2137.425355356604,43.36535535660414
TR-035815,2025-08-14,august,Dry Van,562.3,1271.47,1243.5184601831106,1256.925029467971,1250.2217448255408,21.248255174459246
TR-035816,2025-08-14,august,Dry Van,1250.2,2414.56,2387.31440980362,2401.629937749464,2394.472173776542,20.087826223457796
TR-035817,2025-08-14,august,Dry Van,1525.0,3129.28,3108.4435828974442,3091.3031699066833,3099.8733764020635,29.406623597936687
TR-035818,2025-08-14,august,Dry Van,696.6,1487.91,1483.9809780506998,1506.271690256496,1495.1263341535978,7.2163341535977
TR-035819,2025-08-14,august,Dry Van,2749.4,5102.64,5176.838166257928,5066.002378564266,5121.420272411096,18.78027241109612
TR-035820,2025-08-14,august,Dry Van,311.8,726.95,744.6311401893743,739.1770503914604,741.9040952904173,14.954095290417285
TR-035821,2025-08-14,august,Dry Van,2802.4,5004.21,5107.130512726018,4971.677343449452,5039.403928087735,35.193928087735
TR-035822,2025-08-14,august,Dry Van,422.1,890.84,884.552276322354,908.4975502792392,896.5249133007967,5.684913300796666
TR-035823,2025-08-14,august,Dry Van,3019.0,5441.3,5528.707917857834,5335.213586461276,5431.960752159555,9.339247840444841
TR-035824,2025-08-14,august,Dry Van,201.9,542.38,535.2015605975854,580.5723288180272,557.8869447078064,15.506944707806383
TR-035825,2025-08-14,august,Dry Van,1396.2,2715.78,2750.813589655733,2807.435336904382,2779.124463280057,63.34446328005697
TR-035826,2025-08-14,august,Dry Van,1106.8,2147.75,2202.698934457764,2195.0488983357936,2198.873916396779,51.123916396778895
TR-035827,2025-08-14,august,Dry Van,2122.6,3812.05,3942.6989287308575,3947.3359703638594,3945.0174495473584,132.96744954735823
TR-035828,2025-08-14,august,Dry Van,837.3,1783.53,1789.4096454894127,1782.8533289176285,1786.1314872035205,2.6014872035204917
TR-035829,2025-08-14,august,Dry Van,247.7,600.73,595.5818847396494,599.6058499572123,597.5938673484309,3.1361326515691417
TR-035830,2025-08-14,august,Reefer,70.0,212.76,222.42109702036052,270.1178622743448,246.26947964735268,33.50947964735269
TR-035831,2025-08-14,august,Dry Van,746.5,1526.07,1517.0702635368111,1581.9320528351352,1549.501158185973,23.431158185973118
TR-035832,2025-08-14,august,Reefer,965.6,2091.82,2094.510321882442,2113.304382235203,2103.9073520588227,12.08735205882249
TR-035833,2025-08-14,august,Dry Van,218.2,563.43,556.1110211384656,577.3720492817504,566.7415352101079,3.3115352101079907
TR-035834,2025-08-14,august,Reefer,1384.6,11797.79,3142.2533945279006,3151.804598007976,3147.028996267938,8650.761003732063
TR-035835,2025-08-14,august,Dry Van,349.3,828.81,813.5809591064816,850.7355498686861,832.1582544875839,3.348254487583972
TR-035836,2025-08-14,august,Flatbed,980.5,2201.48,2211.927517876127,2242.4576919279584,2227.1926049020426,25.712604902042585
TR-035837,2025-08-14,august,Dry Van,291.1,732.97,723.2213007154029,742.5286785850312,732.874989650217,0.09501034978302414
TR-035838,2025-08-14,august,Dry Van,457.5,986.09,969.7821965794394,978.8133637003261,974.2977801398828,11.792219860117257
TR-035839,2025-08-14,august,Dry Van,347.7,829.25,805.3427422421381,784.2630180721378,794.8028801571379,34.447119842862094
TR-035840,2025-08-14,august,Dry Van,1142.6,2398.11,2435.6226467269234,2376.454451674599,2406.0385492007613,7.928549200761154
TR-035841,2025-08-14,august,Reefer,376.5,1022.33,998.8085517069567,983.4438837570581,991.1262177320074,31.203782267992665
TR-035842,2025-08-14,august,Dry Van,1475.2,2957.43,3020.740204295148,3015.7692342320074,3018.2547192635775,60.82471926357766
TR-035843,2025-08-14,august,Reefer,1939.2,4173.83,4245.991781699998,4290.537112023748,4268.264446861873,94.43444686187286
TR-035844,2025-08-14,august,Reefer,121.5,375.17,375.615138075446,427.3948816137106,401.5050098445783,26.33500984457828
TR-035845,2025-08-14,august,Dry Van,991.7,2063.37,2065.513804794309,2033.4637964563171,2049.488800625313,13.88119937468673
TR-035846,2025-08-14,august,Dry Van,1084.8,2337.41,2338.7437061050246,2297.8139239168,2318.2788150109122,19.131184989087615
TR-035847,2025-08-14,august,Reefer,1199.3,2554.62,2628.1591530908568,2595.26812810855,2611.7136405997035,57.093640599703576
TR-035848,2025-08-14,august,Dry Van,479.9,1079.31,1077.2606619942014,1063.9829250195164,1070.621793506859,8.688206493141024
TR-035849,2025-08-14,august,Reefer,1195.1,2760.37,2708.8653714813595,2807.1251908900554,2757.9952811857074,2.3747188142924642
TR-035850,2025-08-14,august,Dry Van,1751.0,3329.1,3333.008633617204,3330.614542469506,3331.811588043355,2.7115880433552775
TR-035851,2025-08-14,august,Reefer,388.4,955.7,959.563517830636,961.9820384648283,960.7727781477322,5.072778147732151
TR-035852,2025-08-14,august,Flatbed,2049.2,4087.87,4197.74580718547,4135.973143761597,4166.859475473533,78.98947547353328
TR-035853,2025-08-14,august,Reefer,798.8,2007.27,1983.347408180594,1948.8223401764321,1966.084874178513,41.18512582148696
TR-035854,2025-08-14,august,Reefer,1743.4,3863.93,3865.3265433752013,3883.5094165849023,3874.4179799800518,10.487979980051932
TR-035855,2025-08-14,august,Reefer,338.7,878.84,862.7076884229739,902.7625574586946,882.7351229408342,3.8951229408341987
TR-035856,2025-08-14,august,Dry Van,736.4,1520.44,1494.7450060872754,1517.0328066436803,1505.8889063654779,14.551093634522204
TR-035857,2025-08-14,august,Flatbed,1791.1,3824.57,3777.7101121224746,3850.21728908684,3813.9637006046573,10.60629939534283
TR-035858,2025-08-14,august,Flatbed,1275.6,2660.65,2687.145731111651,2710.0102116666167,2698.577971389134,37.927971389133745
TR-035859,2025-08-14,august,Dry Van,1724.3,3488.59,3539.0608729380756,3517.2870100231767,3528.173941480626,39.58394148062598
TR-035860,2025-08-14,august,Reefer,406.6,1038.35,1051.116567312925,1035.268322572531,1043.192444942728,4.84244494272798
TR-035861,2025-08-15,august,Reefer,1227.7,2545.38,2641.7521179183805,2590.826286094015,2616.2892020061977,70.90920200619757
TR-035862,2025-08-15,august,Dry Van,863.8,1744.99,1750.883518476998,1763.9966917938987,1757.4401051354484,12.450105135448439
TR-035863,2025-08-15,august,Dry Van,1473.8,2886.57,2925.209633063581,2900.0616738165036,2912.635653440042,26.065653440041842
TR-035864,2025-08-15,august,Dry Van,1197.7,2209.86,2333.873061939408,2311.7054255548737,2322.789243747141,112.92924374714084
TR-035865,2025-08-15,august,Dry Van,1065.5,2139.65,2121.9154435208984,2199.7971853498416,2160.85631443537,21.206314435370132
TR-035866,2025-08-15,august,Reefer,1124.2,2580.47,2614.0489394186807,2703.884837152536,2658.9668882856085,78.49688828560875
TR-035867,2025-08-15,august,Dry Van,1002.8,2051.54,2081.6753244950505,2076.6858266013423,2079.1805755481964,27.640575548196466
TR-035868,2025-08-15,august,Flatbed,177.4,530.93,520.5710248805058,568.8052765475909,544.6881507140483,13.758150714048384
TR-035869,2025-08-15,august,Flatbed,2523.9,4934.24,5033.236270974526,5063.553947826684,5048.395109400604,114.15510940060449
TR-035870,2025-08-15,august,Reefer,648.5,1522.56,1538.5024142158022,1577.7503198679117,1558.126367041857,35.56636704185712
TR-035871,2025-08-15,august,Dry Van,350.0,843.95,827.2851070136726,857.759016044193,842.5220615289328,1.4279384710672502
TR-035872,2025-08-15,august,Dry Van,635.4,1401.96,1338.1361001392843,1369.4743268981879,1353.805213518736,48.154786481263955
TR-035873,2025-08-15,august,Dry Van,706.8,1423.89,1432.4186935623122,1459.9252412921317,1446.171967427222,22.281967427221844
TR-035874,2025-08-15,august,Reefer,1983.9,4172.95,4243.543469388603,4217.640412544226,4230.591940966415,57.64194096641495
TR-035875,2025-08-15,august,Flatbed,1055.5,2285.21,2362.4313663188655,2341.517327150495,2351.9743467346802,66.7643467346802
TR-035876,2025-08-15,august,Dry Van,1228.7,2529.79,2615.334998151605,2571.6517940667495,2593.4933961091774,63.70339610917745
TR-035877,2025-08-15,august,Dry Van,1189.9,2425.46,2385.7041905178658,2377.21146086504,2381.457825691453,44.00217430854718
TR-035878,2025-08-15,august,Dry Van,302.4,728.58,740.5593315346651,739.7877837718054,740.1735576532353,11.59355765323528
TR-035879,2025-08-15,august,Dry Van,1442.3,2640.59,2733.676499961411,2761.8760680611404,2747.7762840112755,107.18628401127535
TR-035880,2025-08-15,august,Dry Van,858.2,1688.52,1714.1087460091107,1706.4242124164666,1710.2664792127887,21.7464792127887
TR-035881,2025-08-15,august,Dry Van,1563.7,3163.17,3204.7896014733474,3098.0396585050894,3151.414629989218,11.755370010781917
TR-035882,2025-08-15,august,Flatbed,2080.7,4166.5,4146.399956783193,4197.449777486889,4171.9248671350415,5.424867135041495
TR-035883,2025-08-15,august,Dry Van,468.1,1133.46,1132.7420226358524,1125.0237205129863,1128.8828715744194,4.577128425580668
TR-035884,2025-08-15,august,Dry Van,2087.0,3905.16,3950.717759615747,3967.141693053224,3958.9297263344856,53.76972633448577
TR-035885,2025-08-15,august,Dry Van,401.8,956.31,922.3223048431648,921.2064987366064,921.7644017898856,34.54559821011435
TR-035886,2025-08-15,august,Dry Van,312.5,785.61,775.1678139709137,781.9087053385924,778.5382596547531,7.071740345246894
TR-035887,2025-08-15,august,Dry Van,423.0,979.97,984.0955035562918,971.96053881324,978.0280211847659,1.9419788152341653
TR-035888,2025-08-15,august,Reefer,1909.3,4185.15,4128.688665728139,4160.856544991335,4144.772605359737,40.37739464026254
TR-035889,2025-08-15,august,Flatbed,2104.4,4475.11,4347.073797487708,4365.306233135395,4356.190015311551,118.9199846884485
TR-035890,2025-08-15,august,Flatbed,899.2,2052.77,2015.8759739002853,2038.1390981069383,2027.0075360036117,25.762463996388306
TR-035891,2025-08-15,august,Dry Van,1520.0,2969.82,2944.9335487294497,2977.79284183065,2961.3631952800497,8.456804719950469
TR-035892,2025-08-15,august,Flatbed,1084.6,2406.46,2390.446187065114,2373.6667040620628,2382.0564455635886,24.40355443641147
TR-035893,2025-08-15,august,Dry Van,2019.9,3706.18,3796.766631266043,3771.358986568665,3784.0628089173542,77.8828089173544
TR-035894,2025-08-15,august,Reefer,1288.7,2966.94,2935.8516272561874,3068.0737690063024,3001.962698131245,35.02269813124485
TR-035895,2025-08-15,august,Flatbed,908.6,1889.77,1934.708837713544,1928.307106480341,1931.5079720969425,41.737972096942485
TR-035896,2025-08-15,august,Flatbed,492.5,1218.39,1238.8618608560246,1206.4428709485446,1222.6523659022846,4.2623659022845
TR-035897,2025-08-15,august,Dry Van,1983.1,3733.14,3795.3978977122233,3704.9530524964885,3750.175475104356,17.03547510435601
TR-035898,2025-08-15,august,Flatbed,1019.3,2341.55,2293.5203666824127,2351.7781186985317,2322.6492426904724,18.900757309527762
TR-035899,2025-08-15,august,Flatbed,1214.2,2601.85,2600.2729371447012,2609.0412004871305,2604.657068815916,2.8070688159159545
TR-035900,2025-08-15,august,Dry Van,1836.6,3464.46,3507.5756914967515,3514.7549721644477,3511.1653318306,46.70533183059979
TR-035901,2025-08-15,august,Flatbed,264.6,647.94,645.6295925826977,665.5769183267196,655.6032554547087,7.663255454708633
TR-035902,2025-08-15,august,Dry Van,437.4,1031.84,1013.4760855220942,1020.7618747983039,1017.118980160199,14.721019839800874
TR-035903,2025-08-15,august,Dry Van,1616.9,3083.86,3083.009735750115,3057.405472577818,3070.2076041639666,13.65239583603352
TR-035904,2025-08-15,august,Reefer,129.4,404.73,384.2223977070862,474.4626229251746,429.3425103161304,24.612510316130397
TR-035905,2025-08-15,august,Dry Van,1082.9,8904.72,2229.090116176379,2204.1827736837013,2216.63644493004,6688.083555069959
TR-035906,2025-08-15,august,Reefer,663.4,1588.68,1612.1435992507966,1596.501211386285,1604.3224053185409,15.642405318540796
TR-035907,2025-08-15,august,Dry Van,2057.5,3962.92,3973.2493018055934,3909.030433452396,3941.1398676289946,21.780132371005493
TR-035908,2025-08-15,august,Dry Van,3141.2,5807.63,5641.294527621829,5598.001243158715,5619.647885390272,187.98211460972834
TR-035909,2025-08-15,august,Dry Van,834.3,1767.45,1763.6000540244222,1772.9774758215428,1768.2887649229824,0.8387649229823637
TR-035910,2025-08-15,august,Dry Van,542.3,1221.98,1209.3773840672536,1198.1478467897114,1203.7626154284826,18.217384571517414
TR-035911,2025-08-15,august,Flatbed,1098.4,2330.98,2389.6395072048026,2401.4713826395955,2395.555444922199,64.57544492219904
TR-035912,2025-08-15,august,Flatbed,2184.6,4384.86,4377.8419159556,4502.586042458046,4440.213979206823,55.35397920682317
TR-035913,2025-08-15,august,Dry Van,1049.2,2050.76,2020.7382306973695,2032.71640651162,2026.727318604495,24.03268139550528
TR-035914,2025-08-15,august,Dry Van,461.8,1032.82,1047.4946657139412,1040.6251587701452,1044.059912242043,11.239912242043147
TR-035915,2025-08-15,august,Reefer,1504.0,3462.97,3484.8026453954567,3523.6059575973973,3504.204301496427,41.23430149642718
TR-035916,2025-08-15,august,Dry Van,1003.0,1897.9,1954.7232067908676,1977.186320253118,1965.9547635219928,68.05476352199275
TR-035917,2025-08-15,august,Dry Van,1562.9,3018.47,3035.0653016992815,3000.257335016567,3017.6613183579243,0.8086816420754985
TR-035918,2025-08-15,august,Reefer,2340.4,4738.76,4862.265411260299,4796.290391487565,4829.277901373932,90.51790137393164
TR-035919,2025-08-15,august,Dry Van,736.6,1606.85,1607.5801951044693,1631.104759978698,1619.3424775415838,12.492477541583867
TR-035920,2025-08-15,august,Reefer,152.5,430.98,405.1533151389342,491.44026758917016,448.2967913640522,17.316791364052165
TR-035921,2025-08-15,august,Dry Van,3005.8,5297.2,5376.59190272702,5210.417106676171,5293.504504701596,3.6954952984042393
TR-035922,2025-08-15,august,Dry Van,2179.6,3993.33,4126.244115488006,4205.583156580737,4165.913636034371,172.583636034371
TR-035923,2025-08-15,august,Dry Van,977.5,2143.25,2162.9079123516285,2104.6503722920916,2133.77914232186,9.470857678139964
TR-035924,2025-08-15,august,Reefer,1113.9,2434.72,2454.566965549249,2448.4411738558288,2451.504069702539,16.784069702539
TR-035925,2025-08-15,august,Dry Van,2088.4,3644.74,3869.6546399623385,3860.30239533236,3864.9785176473492,220.23851764734945
TR-035926,2025-08-15,august,Flatbed,143.5,415.29,389.0015782817065,414.693815859348,401.84769707052726,13.44230292947276
TR-035927,2025-08-15,august,Reefer,1133.1,2613.88,2581.3634674320992,2646.915044616372,2614.1392560242357,0.259256024235583
TR-035928,2025-08-15,august,Reefer,550.2,1284.33,1274.3509110221387,1293.4035044794507,1283.8772077507947,0.4527922492052312
TR-035929,2025-08-15,august,Reefer,512.4,1435.28,1372.6741216875773,1386.8729338401463,1379.7735277638617,55.50647223613828
TR-035930,2025-08-15,august,Reefer,904.8,2208.18,2121.786278055486,2099.8841771749517,2110.835227615219,97.34477238478075
TR-035931,2025-08-15,august,Dry Van,392.7,826.49,841.3514448252324,849.9570961167697,845.654270471001,19.164270471001032
TR-035932,2025-08-15,august,Reefer,894.6,1963.65,2008.2276871978088,1997.3564899185242,2002.7920885581666,39.142088558166506
TR-035933,2025-08-15,august,Reefer,374.4,960.97,959.3936568502202,982.1703895901483,970.7820232201842,9.812023220184187
TR-035934,2025-08-15,august,Reefer,1969.4,4252.53,4214.403353450565,4188.491964224698,4201.447658837631,51.08234116236872
TR-035935,2025-08-15,august,Flatbed,2237.0,4544.84,4565.986222560799,4605.909443414324,4585.947832987562,41.10783298756178
TR-035936,2025-08-15,august,Reefer,2139.2,4500.1,4499.7533020113715,4447.509590499523,4473.631446255447,26.46855374455299
TR-035937,2025-08-15,august,Reefer,833.5,1981.29,1991.946581877476,1989.798628550887,1990.8726052141815,9.582605214181513
TR-035938,2025-08-15,august,Reefer,941.9,2134.19,2176.6640671257264,2195.3747684340815,2186.019417779904,51.829417779903906
TR-035939,2025-08-15,august,Flatbed,1118.7,2458.41,2471.955751103872,2463.4003282791514,2467.678039691512,9.268039691512058
TR-035940,2025-08-15,august,Reefer,553.0,1343.79,1322.720557873997,1356.0883617117674,1339.4044597928823,4.385540207117629
TR-035941,2025-08-15,august,Reefer,318.6,847.08,848.4681388227335,849.4463917169658,848.9572652698496,1.877265269849545
TR-035942,2025-08-15,august,Dry Van,220.8,547.39,569.9791778150336,551.5911914409974,560.7851846280155,13.3951846280155
TR-035943,2025-08-15,august,Dry Van,1125.0,2263.78,2343.699539957098,2338.1562813815663,2340.927910669332,77.14791066933185
TR-035944,2025-08-15,august,Dry Van,411.2,955.67,942.4488880827817,953.258914844127,947.8539014634543,7.81609853654561
TR-035945,2025-08-15,august,Flatbed,1056.5,2327.04,2339.794754263613,2277.79157791656,2308.7931660900867,18.24683390991322
TR-035946,2025-08-15,august,Reefer,530.3,1323.9,1279.580258534857,1303.8573196697687,1291.7187891023127,32.18121089768738
TR-035947,2025-08-15,august,Reefer,1689.4,3483.19,3582.736138319484,3605.9656729349754,3594.3509056272296,111.16090562722957
TR-035948,2025-08-15,august,Dry Van,228.4,558.53,558.7336849943259,578.2868175826718,568.5102512884989,9.980251288498948
TR-035949,2025-08-15,august,Dry Van,2349.8,4258.9,4305.726017697209,4307.686793557634,4306.706405627421,47.806405627421555
TR-035950,2025-08-15,august,Dry Van,323.1,729.3,743.3390468335532,724.1887672187336,733.7639070261434,4.463907026143488
TR-035951,2025-08-15,august,Dry Van,1930.4,3582.04,3624.845169825757,3611.9376083173356,3618.391389071546,36.35138907154624
TR-035952,2025-08-15,august,Flatbed,1946.5,3963.21,3978.41777608202,4002.3900722866556,3990.4039241843375,27.193924184337448
TR-035953,2025-08-15,august,Dry Van,675.6,1347.91,1368.6172647243354,1386.187323676095,1377.4022942002152,29.492294200215156
TR-035954,2025-08-15,august,Dry Van,256.1,642.3,633.5440976285304,671.5452585813814,652.5446781049559,10.244678104955938
TR-035955,2025-08-15,august,Dry Van,1173.6,2378.79,2336.8785421172447,2279.3600546191547,2308.1192983681995,70.67070163180051
TR-035956,2025-08-15,august,Dry Van,918.9,1774.56,1835.5522624427006,1826.5387073822037,1831.0454849124521,56.48548491245219
TR-035957,2025-08-15,august,Dry Van,1046.6,2099.76,2134.12960060337,2112.5446524467457,2123.337126525058,23.577126525057793
TR-035958,2025-08-15,august,Reefer,610.3,1405.83,1420.5653073645408,1385.8416678545236,1403.2034876095322,2.626512390467724
TR-035959,2025-08-15,august,Reefer,1279.8,2874.57,2904.855223670177,3008.657746926578,2956.756485298378,82.18648529837765
TR-035960,2025-08-15,august,Flatbed,1947.0,3919.74,3978.3406991778684,4013.867682133191,3996.1041906555297,76.36419065552991
TR-035961,2025-08-15,august,Reefer,1036.8,2446.78,2478.306906292019,2502.163593520822,2490.2352499064204,43.45524990642025
TR-035962,2025-08-15,august,Reefer,1374.2,3035.7,3145.6356994260664,3093.6490825218016,3119.642390973934,83.94239097393438
TR-035963,2025-08-15,august,Dry Van,413.3,1043.9,1046.572163983129,1009.3540033136952,1027.963083648412,15.936916351588025
TR-035964,2025-08-15,august,Dry Van,558.6,1304.06,1288.5258205922285,1288.7924355879231,1288.6591280900757,15.400871909924263
TR-035965,2025-08-15,august,Flatbed,693.7,1574.52,1599.4277275890618,1604.7438850628068,1602.0858063259343,27.565806325934318
TR-035966,2025-08-15,august,Reefer,339.9,894.25,920.7580614084484,932.0281772817973,926.3931193451228,32.14311934512284
TR-035967,2025-08-15,august,Flatbed,667.7,1519.04,1547.2166768505463,1555.8472163422011,1551.5319465963737,32.49194659637374
TR-035968,2025-08-15,august,Dry Van,2574.2,4775.95,4814.640888587074,4859.188670013306,4836.91477930019,60.96477930019046
TR-035969,2025-08-15,august,Dry Van,895.9,1940.71,1890.5501285328094,1920.0903207460683,1905.320224639439,35.38977536056109
TR-035970,2025-08-15,august,Dry Van,317.7,719.5,717.438589391764,707.743952925973,712.5912711588685,6.908728841131506
TR-035971,2025-08-15,august,Dry Van,721.7,1409.26,1420.995028411325,1390.864489854157,1405.9297591327409,3.3302408672591355
TR-035972,2025-08-15,august,Dry Van,2489.5,4423.32,4565.124991134105,4523.8718465974525,4544.498418865778,121.17841886577844
TR-035973,2025-08-15,august,Dry Van,600.5,1223.41,1224.2771163700681,1229.3035229197294,1226.7903196448988,3.380319644898691
TR-035974,2025-08-15,august,Flatbed,1003.0,2142.57,2191.940053329745,2205.2946518543777,2198.6173525920613,56.04735259206109
TR-035975,2025-08-15,august,Dry Van,611.5,1261.45,1274.8191060360016,1265.615070221333,1270.2170881286675,8.76708812866741
TR-035976,2025-08-15,august,Dry Van,1982.7,3769.56,3784.591236572917,3821.5197245913,3803.0554805821084,33.495480582108485
TR-035977,2025-08-15,august,Flatbed,559.3,1276.29,1289.4309388652212,1278.5359521993805,1283.9834455323007,7.693445532300757
TR-035978,2025-08-15,august,Reefer,1129.7,2431.97,2491.0718199195917,2467.6842898576033,2479.3780548885975,47.40805488859769
TR-035979,2025-08-15,august,Flatbed,677.5,1638.07,1665.9066424242046,1626.997879673074,1646.4522610486392,8.382261048639293
TR-035980,2025-08-15,august,Dry Van,436.5,397.3,1018.9634899113177,1014.8793172214284,1016.9214035663731,619.6214035663731
TR-035981,2025-08-15,august,Reefer,2134.3,4547.38,4570.491387110918,4556.661562754245,4563.576474932582,16.196474932581623
TR-035982,2025-08-15,august,Dry Van,751.0,1636.97,1621.499682838511,1675.8787503188878,1648.6892165786994,11.719216578699388
TR-035983,2025-08-15,august,Dry Van,403.7,899.24,904.6534573890259,903.1364202988646,903.8949388439453,4.654938843945274
TR-035984,2025-08-15,august,Flatbed,1067.6,2295.78,2381.6561924045564,2364.2840339839872,2372.970113194272,77.19011319427182
TR-035985,2025-08-15,august,Reefer,823.6,1905.41,1883.5678521058014,1888.8443058464293,1886.2060789761154,19.20392102388473
TR-035986,2025-08-15,august,Dry Van,1006.1,2031.02,2054.2196276475247,2054.557990113765,2054.388808880645,23.368808880644792
TR-035987,2025-08-15,august,Dry Van,1540.9,3075.57,3135.633766178363,3098.687064683093,3117.160415430728,41.59041543072772
TR-035988,2025-08-15,august,Dry Van,1162.4,2327.21,2384.1180310740733,2323.515885241985,2353.816958158029,26.6069581580291
TR-035989,2025-08-15,august,Dry Van,1097.7,2264.87,2293.900340692647,2247.0484634534223,2270.474402073035,5.604402073035089
TR-035990,2025-08-15,august,Dry Van,673.3,1498.65,1472.346991933935,1485.048088696463,1478.6975403151991,19.952459684800942
TR-035991,2025-08-15,august,Reefer,1338.8,3099.76,3054.8420166425176,3022.7541419841045,3038.798079313311,60.961920686689155
TR-035992,2025-08-15,august,Dry Van,531.1,1159.62,1172.5686602374171,1175.4516424724616,1174.0101513549394,14.390151354939462
TR-035993,2025-08-15,august,Dry Van,367.9,835.48,858.4253452253625,880.7814776346513,869.6034114300069,34.123411430006854
TR-035994,2025-08-15,august,Reefer,1018.4,2295.09,2275.3644379991906,2279.643123856457,2277.5037809278238,17.58621907217639
TR-035995,2025-08-15,august,Dry Van,648.8,1375.34,1372.3963778059824,1431.3779161530051,1401.8871469794938,26.547146979493846
TR-035996,2025-08-15,august,Reefer,150.4,402.54,396.1901970900505,455.5322973729262,425.8612472314884,23.32124723148837
TR-035997,2025-08-15,august,Reefer,441.0,1066.44,1091.2761975800222,1077.196138597592,1084.236168088807,17.796168088807008
TR-035998,2025-08-15,august,Dry Van,1290.7,2645.54,2612.904768599661,2665.089775772412,2638.9972721860368,6.542727813963211
TR-035999,2025-08-15,august,Dry Van,770.9,6767.41,1581.1232321858383,1585.9472169728072,1583.5352245793229,5183.874775420677
TR-036000,2025-08-15,august,Flatbed,1186.7,2725.03,2698.317028021918,2687.297937442426,2692.8074827321716,32.22251726782861
TR-036001,2025-08-15,august,Dry Van,2327.3,4406.16,4443.239961998603,4431.63499494362,4437.437478471111,31.277478471110953
TR-036002,2025-08-15,august,Dry Van,1703.8,3229.29,3407.779100947405,3400.6410536316644,3404.2100772895346,174.92007728953467
TR-036003,2025-08-15,august,Flatbed,1054.6,2232.61,2296.847458970595,2251.712325809148,2274.2798923898717,41.66989238987162
TR-036004,2025-08-15,august,Flatbed,296.2,778.77,789.0548948368479,754.7963932978396,771.9256440673437,6.844355932656299
TR-036005,2025-08-15,august,Reefer,1689.4,3800.77,3699.109703179988,3774.8750845189275,3736.9923938494576,63.7776061505424
TR-036006,2025-08-15,august,Dry Van,2370.6,4450.0,4499.340141908042,4463.497801038589,4481.418971473316,31.41897147331565
TR-036007,2025-08-15,august,Dry Van,991.7,1955.24,1950.0046666421424,1958.1137957893507,1954.0592312157464,1.180768784253587
TR-036008,2025-08-15,august,Flatbed,1276.7,2730.46,2711.2288566084085,2675.4657122660433,2693.347284437226,37.112715562774156
TR-036009,2025-08-15,august,Dry Van,2162.1,4283.87,4348.497581744663,4298.746132508331,4323.621857126497,39.75185712649727
TR-036010,2025-08-15,august,Dry Van,2264.8,4004.42,4045.4596263725357,3997.4017267617955,4021.4306765671654,17.01067656716532
TR-036011,2025-08-15,august,Flatbed,394.2,1025.89,976.5367860316956,995.954452572412,986.2456193020538,39.6443806979463
TR-036012,2025-08-15,august,Reefer,1063.9,2388.5,2425.511019770879,2402.662139089959,2414.086579430419,25.58657943041908
TR-036013,2025-08-15,august,Dry Van,1032.5,2127.74,2126.5989149096586,2211.7373639122097,2169.168139410934,41.428139410934364
TR-036014,2025-08-15,august,Reefer,1100.9,2447.09,2530.7593120316615,2513.448809804975,2522.1040609183183,75.01406091831814
TR-036015,2025-08-15,august,Dry Van,1037.9,2026.52,2021.9379586511034,2018.468566418157,2020.20326253463,6.316737465369897
TR-036016,2025-08-15,august,Reefer,558.6,1434.56,1391.9806648545284,1399.0065669434575,1395.493615898993,39.06638410100686
TR-036017,2025-08-15,august,Flatbed,382.1,905.61,878.6649276309851,888.9162519450406,883.7905897880128,21.819410211987247
TR-036018,2025-08-15,august,Dry Van,84.9,228.14,241.7595009025647,250.83872236270327,246.29911163263398,18.159111632633994
TR-036019,2025-08-15,august,Dry Van,359.8,870.97,876.7277599078101,863.7236774769356,870.2257186923728,0.7442813076272614
TR-036020,2025-08-15,august,Dry Van,1200.3,2446.1,2504.9411172592163,2513.675659704528,2509.308388481872,63.208388481872134
TR-036021,2025-08-15,august,Dry Van,365.3,887.44,888.136576285533,904.4787728161664,896.3076745508497,8.867674550849642
TR-036022,2025-08-15,august,Dry Van,183.8,518.2,502.1568974637259,502.5078758329239,502.3323866483249,15.867613351675118
TR-036023,2025-08-15,august,Flatbed,2355.8,4419.17,4623.14867682812,4556.755749583909,4589.952213206015,170.7822132060146
TR-036024,2025-08-15,august,Flatbed,2261.0,4660.74,4579.710917855843,4602.63013102636,4591.170524441101,69.56947555889838
TR-036025,2025-08-15,august,Dry Van,341.0,819.28,798.5271903003207,832.7094631128275,815.6183267065742,3.6616732934257925
TR-036026,2025-08-15,august,Dry Van,336.9,831.29,806.8925317872485,813.1817012223032,810.0371165047759,21.25288349522407
TR-036027,2025-08-15,august,Dry Van,1564.0,3004.44,3053.221105907057,2984.3125126479663,3018.7668092775116,14.32680927751153
TR-036028,2025-08-15,august,Dry Van,274.5,647.03,641.1181988656068,646.9627076405127,644.0404532530597,2.9895467469402774
TR-036029,2025-08-15,august,Reefer,431.8,1115.83,1101.4096768874708,1113.6188113540743,1107.5142441207727,8.315755879227254
TR-036030,2025-08-15,august,Reefer,1455.0,3230.46,3243.012222121351,3259.0503573230253,3251.0312897221884,20.57128972218834
TR-036031,2025-08-15,august,Reefer,1954.6,4144.99,4178.044373803829,4170.729362250832,4174.386868027331,29.39686802733104
TR-036032,2025-08-16,august,Dry Van,881.0,1841.5,1775.0115417619518,1796.321562999715,1785.6665523808333,55.83344761916669
TR-036033,2025-08-16,august,Dry Van,2111.5,3684.22,3745.9041036234344,3710.3050996958364,3728.1046016596356,43.88460165963579
TR-036034,2025-08-16,august,Dry Van,1831.9,3269.29,3347.207327511832,3296.1792004369368,3321.6932639743845,52.40326397438457
TR-036035,2025-08-16,august,Dry Van,1217.1,2322.85,2291.039283397183,2287.0095058207407,2289.024394608962,33.8256053910377
TR-036036,2025-08-16,august,Flatbed,911.4,2049.08,1969.5280421953457,1980.1730427660686,1974.8505424807072,74.22945751929274
TR-036037,2025-08-16,august,Flatbed,815.0,1757.33,1811.4445113566399,1828.6126264801271,1820.0285689183834,62.698568918383444
TR-036038,2025-08-16,august,Reefer,1686.1,3837.87,3824.412791654109,3781.3785071358807,3802.8956493949945,34.974350605005384
TR-036039,2025-08-16,august,Reefer,903.7,2023.19,2032.4033395693748,2052.4845137921184,2042.4439266807467,19.253926680746645
TR-036040,2025-08-16,august,Dry Van,977.9,1911.36,1963.077549894782,1999.9385534953483,1981.5080516950652,70.1480516950653
TR-036041,2025-08-16,august,Reefer,323.5,893.25,866.1280129459411,887.8787712841865,877.0033921150639,16.24660788493611
TR-036042,2025-08-16,august,Flatbed,724.4,1650.86,1646.0984130495428,1640.603752133678,1643.3510825916105,7.5089174083893795
TR-036043,2025-08-16,august,Reefer,620.8,1613.54,1609.9296948651258,1586.3790562558584,1598.154375560492,15.385624439507865
TR-036044,2025-08-16,august,Reefer,1190.8,2673.7,2644.170853880706,2570.9561928694056,2607.563523375056,66.13647662494395
TR-036045,2025-08-16,august,Dry Van,2027.4,3599.97,3790.557593253625,3738.560197173537,3764.558895213581,164.58889521358105
TR-036046,2025-08-16,august,Dry Van,1849.9,3418.9,3524.965267887502,3441.566258247206,3483.265763067354,64.36576306735378
TR-036047,2025-08-16,august,Dry Van,566.4,1145.54,1157.1112355657665,1160.2592562185698,1158.685245892168,13.145245892168077
TR-036048,2025-08-16,august,Reefer,1505.0,3224.14,3240.7263166609696,3300.9440892510065,3270.8352029559883,46.69520295598841
TR-036049,2025-08-16,august,Dry Van,2152.1,4071.82,4129.315159352966,4161.754743546547,4145.534951449756,73.71495144975552
TR-036050,2025-08-16,august,Dry Van,780.0,1576.71,1579.5568837310948,1611.8728559943922,1595.7148698627434,19.004869862743362
TR-036051,2025-08-16,august,Dry Van,779.0,1602.84,1622.7054290844405,1645.8933570249646,1634.2993930547027,31.459393054702787
TR-036052,2025-08-16,august,Dry Van,1893.5,3650.17,3737.3518210265943,3732.864378952171,3735.108099989383,84.93809998938286
TR-036053,2025-08-16,august,Flatbed,754.1,1659.44,1660.2385550716003,1652.7391933825431,1656.4888742270718,2.951125772928208
TR-036054,2025-08-16,august,Flatbed,1571.3,3246.09,3326.112288422623,3296.851137291437,3311.4817128570303,65.39171285703014
TR-036055,2025-08-16,august,Reefer,998.0,2257.36,2303.733359199713,2287.208305317893,2295.470832258803,38.11083225880293
TR-036056,2025-08-16,august,Dry Van,1521.8,2892.53,2935.1988525293355,2916.526959815263,2925.8629061722995,33.33290617229932
TR-036057,2025-08-16,august,Dry Van,960.8,1951.46,1957.1479484358215,1950.8555139201428,1954.001731177982,2.541731177982001
TR-036058,2025-08-16,august,Dry Van,356.9,815.17,828.0366593841276,809.1731025207091,818.6048809524184,3.434880952418439
TR-036059,2025-08-16,august,Dry Van,530.2,1151.02,1183.2580746419187,1174.8533846032387,1179.0557296225788,28.035729622578856
TR-036060,2025-08-16,august,Dry Van,1059.9,2154.06,2157.979978074441,2145.0736546832404,2151.5268163788405,2.5331836211594236
TR-036061,2025-08-16,august,Flatbed,1014.0,2285.29,2269.6692120605826,2296.470395733347,2283.069803896965,2.2201961030350503
TR-036062,2025-08-16,august,Dry Van,937.7,1831.39,1859.8824974524796,1817.3459828021803,1838.61424012733,7.224240127329949
TR-036063,2025-08-16,august,Reefer,865.3,2049.4,2087.0995462814963,2025.825157058924,2056.4623516702104,7.062351670210319
TR-036064,2025-08-16,august,Dry Van,1203.9,2375.44,2443.665964175346,2401.115910459802,2422.390937317574,46.95093731757379
TR-036065,2025-08-16,august,Dry Van,133.7,372.27,361.7710465934249,379.81301981980164,370.79203320661327,1.477966793386713
TR-036066,2025-08-16,august,Reefer,2794.3,5311.84,5547.11026046337,5417.111994308221,5482.111127385795,170.2711273857949
TR-036067,2025-08-16,august,Reefer,1325.7,2928.35,2996.9544810121893,2991.929403914577,2994.4419424633834,66.09194246338348
TR-036068,2025-08-16,august,Dry Van,1660.7,3125.51,3212.9333086292704,3139.356283608582,3176.144796118926,50.634796118925806
TR-036069,2025-08-16,august,Reefer,1192.2,2480.93,2560.894938379997,2486.4680896406426,2523.68151401032,42.75151401032008
TR-036070,2025-08-16,august,Dry Van,1185.4,2398.27,2485.5596559100018,2446.346002150337,2465.9528290301696,67.68282903016961
TR-036071,2025-08-16,august,Reefer,74.3,255.7,277.90711966918644,327.7750027256566,302.8410611974215,47.14106119742149
TR-036072,2025-08-16,august,Dry Van,2577.1,4697.05,4810.271446017016,4704.9449021354485,4757.608174076233,60.55817407623272
TR-036073,2025-08-16,august,Flatbed,1829.9,3674.62,3787.6505243405377,3817.5037611454136,3802.5771427429754,127.95714274297552
TR-036074,2025-08-16,august,Dry Van,1392.0,2844.65,2866.33607900603,2889.2374352190627,2877.786757112546,33.13675711254609
TR-036075,2025-08-16,august,Dry Van,83.5,250.44,239.64534901716627,271.6948244749167,255.67008674604148,5.230086746041479
TR-036076,2025-08-16,august,Dry Van,1753.1,3217.33,3316.281189610566,3286.7641556451654,3301.5226726278656,84.1926726278657
TR-036077,2025-08-16,august,Flatbed,1084.1,2269.65,2334.754752327178,2313.90226119469,2324.328506760934,54.67850676093394
TR-036078,2025-08-16,august,Dry Van,736.6,1534.37,1539.1927210236875,1577.7572094618874,1558.4749652427874,24.104965242787557
TR-036079,2025-08-16,august,Reefer,734.5,1769.3,1835.878458885528,1820.0955148690023,1827.9869868772653,58.686986877265326
TR-036080,2025-08-16,august,Dry Van,804.7,1617.76,1639.2425722757448,1624.744476578628,1631.9935244271865,14.233524427186467
TR-036081,2025-08-16,august,Flatbed,1045.8,2168.56,2275.869523575048,2256.374363106666,2266.121943340857,97.56194334085694
TR-036082,2025-08-16,august,Dry Van,875.5,1794.13,1757.1253413782872,1779.2812195288943,1768.2032804535907,25.92671954640946
TR-036083,2025-08-16,august,Dry Van,536.3,1138.56,1139.4713309240897,1115.4652932050242,1127.4683120645568,11.091687935443133
TR-036084,2025-08-16,august,Dry Van,3254.5,5936.83,5914.613554207269,5752.281044983473,5833.447299595371,103.38270040462885
TR-036085,2025-08-16,august,Reefer,805.0,1911.85,1927.9123847575845,1845.5648758691084,1886.7386303133464,25.11136968665346
TR-036086,2025-08-16,august,Dry Van,2163.9,3676.84,3884.357026030424,3925.4059972022615,3904.881511616343,228.04151161634263
TR-036087,2025-08-16,august,Flatbed,487.8,1230.68,1231.7813641628773,1229.0338142788428,1230.40758922086,0.27241077914004563
TR-036088,2025-08-16,august,Reefer,673.2,1520.78,1518.5064074783666,1544.3545861824168,1531.4304968303918,10.65049683039183
TR-036089,2025-08-16,august,Reefer,1514.3,3178.12,3273.4107774531167,3136.434308078091,3204.922542765604,26.802542765603903
TR-036090,2025-08-16,august,Reefer,1930.6,3976.42,4072.820636066666,4054.4647872799706,4063.6427116733184,87.22271167331837
TR-036091,2025-08-16,august,Dry Van,3217.2,5467.0,5425.566765695988,5237.739800697314,5331.653283196651,135.3467168033494
TR-036092,2025-08-16,august,Flatbed,1047.9,2241.16,2217.9014947507035,2215.591106375151,2216.746300562927,24.413699437072864
TR-036093,2025-08-16,august,Reefer,699.4,1639.75,1726.5800209506901,1688.150736797938,1707.365378874314,67.61537887431405
TR-036094,2025-08-16,august,Flatbed,804.4,1681.79,1662.8011250917543,1656.0125726262122,1659.4068488589833,22.383151141016697
TR-036095,2025-08-16,august,Reefer,804.1,1748.6,1784.5822980247544,1714.9841432720696,1749.783220648412,1.1832206484120888
TR-036096,2025-08-16,august,Dry Van,2464.4,4562.29,4646.370514700141,4566.982955445094,4606.676735072618,44.38673507261774
TR-036097,2025-08-16,august,Dry Van,445.8,1016.49,1025.54213768378,1039.7108918132963,1032.6265147485383,16.136514748538275
TR-036098,2025-08-16,august,Flatbed,796.6,1743.72,1765.7190811844214,1747.2217350125213,1756.4704080984714,12.750408098471326
TR-036099,2025-08-16,august,Dry Van,2041.8,3687.56,3762.397402560691,3774.963208483252,3768.6803055219716,81.12030552197166
TR-036100,2025-08-16,august,Dry Van,2194.5,4096.12,4178.9001347396015,4118.332758743434,4148.616446741518,52.49644674151841
TR-036101,2025-08-16,august,Dry Van,936.6,474.97,1853.4620857047069,1835.4830254184815,1844.4725555615942,1369.5025555615941
TR-036102,2025-08-16,august,Dry Van,2040.9,3838.1,3955.7008722658647,3931.028397506433,3943.364634886149,105.264634886149
TR-036103,2025-08-16,august,Flatbed,780.7,1834.23,1840.4231410092104,1822.0345398528061,1831.2288404310084,3.001159568991625
TR-036104,2025-08-16,august,Reefer,1155.5,2497.26,2492.4268267494244,2517.361374514626,2504.894100632025,7.634100632024911
TR-036105,2025-08-16,august,Flatbed,1015.0,2273.1,2283.3288626137078,2257.304454010931,2270.3166583123193,2.783341687680604
TR-036106,2025-08-16,august,Flatbed,2294.7,4607.33,4577.492850225831,4588.722635890855,4583.107743058343,24.22225694165718
TR-036107,2025-08-16,august,Dry Van,253.4,622.95,604.4226227423873,597.0828604711023,600.7527416067448,22.197258393255197
TR-036108,2025-08-16,august,Dry Van,837.2,1687.84,1664.1026087374448,1685.9038683971964,1675.0032385673208,12.836761432679168
TR-036109,2025-08-16,august,Reefer,1398.3,3022.84,3071.7082854989853,3103.5896898796173,3087.648987689301,64.80898768930092
TR-036110,2025-08-16,august,Dry Van,1076.0,2039.42,2134.4987832766183,2118.6096148123534,2126.554199044486,87.13419904448574
TR-036111,2025-08-16,august,Reefer,581.5,1465.38,1470.4680067787472,1474.8876645835148,1472.677835681131,7.297835681130891
TR-036112,2025-08-16,august,Dry Van,416.1,960.78,955.6170941036651,982.3759209486329,968.996507526149,8.21650752614903
TR-036113,2025-08-16,august,Dry Van,179.7,493.34,492.541728203492,451.71430002295347,472.1280141132228,21.2119858867772
TR-036114,2025-08-16,august,Flatbed,1207.5,2483.22,2612.8243764184053,2570.734782846666,2591.7795796325354,108.55957963253559
TR-036115,2025-08-16,august,Dry Van,1470.6,2759.1,2778.70293499814,2810.5269825699224,2794.614958784031,35.51495878403102
TR-036116,2025-08-16,august,Flatbed,1260.4,2651.89,2657.8365185418593,2646.2923833488057,2652.0644509453323,0.1744509453324099
TR-036117,2025-08-16,august,Reefer,447.3,1132.13,1129.367667734087,1152.1400365672384,1140.7538521506626,8.623852150662515
TR-036118,2025-08-16,august,Reefer,870.7,2123.96,2135.5478426079944,2135.8908115209883,2135.719327064491,11.759327064491117
TR-036119,2025-08-16,august,Dry Van,527.8,1069.59,1106.6213680291933,1099.3890719997944,1103.0052200144937,33.4152200144938
TR-036120,2025-08-16,august,Dry Van,1645.1,3055.64,3144.2705773658918,3085.0020656452207,3114.636321505556,58.99632150555635
TR-036121,2025-08-16,august,Dry Van,1520.7,3073.16,3066.8691493780457,3070.550230060522,3068.709689719284,4.450310280715712
TR-036122,2025-08-16,august,Flatbed,2075.6,4215.87,4257.895717293098,4288.377586940565,4273.136652116831,57.26665211683121
TR-036123,2025-08-16,august,Dry Van,123.4,336.62,348.4239210060718,361.2811663394068,354.85254367273933,18.232543672739325
TR-036124,2025-08-16,august,Dry Van,670.6,1455.33,1448.5086553763454,1482.2940418861858,1465.4013486312656,10.071348631265664
TR-036125,2025-08-16,august,Dry Van,699.0,1481.84,1448.8084245476298,1459.0157201680533,1453.9120723578417,27.927927642158238
TR-036126,2025-08-16,august,Dry Van,865.8,1801.22,1774.4622324710922,1782.926713804267,1778.6944731376796,22.525526862320476
TR-036127,2025-08-16,august,Dry Van,1912.1,3652.18,3637.8150825869043,3638.8075783778186,3638.3113304823614,13.86866951763841
TR-036128,2025-08-16,august,Flatbed,942.3,2068.77,2109.1331539011558,2106.97310752484,2108.0531307129977,39.28313071299772
TR-036129,2025-08-16,august,Dry Van,2320.1,3868.89,4062.9160980030856,4063.7258423041176,4063.3209701536016,194.43097015360172
TR-036130,2025-08-16,august,Dry Van,2412.9,4075.62,4332.685016993507,4282.327953843998,4307.506485418753,231.88648541875318
TR-036131,2025-08-16,august,Dry Van,352.3,802.3,800.0819419092995,792.919956377681,796.5009491434903,5.799050856509666
TR-036132,2025-08-16,august,Dry Van,2158.3,3788.68,3894.238535938169,3862.192724423979,3878.215630181074,89.53563018107434
TR-036133,2025-08-16,august,Reefer,812.8,1915.8,1983.6608310584597,1975.6907749254278,1979.6758029919438,63.87580299194383
TR-036134,2025-08-16,august,Dry Van,295.8,726.88,714.0187344252538,712.0530836827036,713.0359090539787,13.84409094602131
TR-036135,2025-08-16,august,Flatbed,1513.6,2990.38,3186.160276071706,3187.0802524503288,3186.6202642610174,196.24026426101727
TR-036136,2025-08-16,august,Dry Van,817.1,1622.29,1590.9980435125751,1634.1326360403068,1612.5653397764409,9.724660223559113
TR-036137,2025-08-16,august,Reefer,1278.7,2750.99,2762.0494509459318,2738.1360597185303,2750.092755332231,0.8972446677689732
TR-036138,2025-08-16,august,Dry Van,536.1,1249.44,1200.0225202394581,1198.0445585915948,1199.0335394155263,50.406460584473734
TR-036139,2025-08-16,august,Dry Van,2369.5,4247.68,4502.970240712851,4370.091607128607,4436.530923920729,188.85092392072875
TR-036140,2025-08-16,august,Dry Van,1288.8,2638.95,2509.654902134411,2550.128838932374,2529.8918705333926,109.05812946660717
TR-036141,2025-08-16,august,Dry Van,1323.6,2614.31,2621.3843982833687,2604.5658211202863,2612.9751097018275,1.3348902981724677
TR-036142,2025-08-16,august,Reefer,2632.7,5157.53,5270.6642666526395,5244.04055162728,5257.3524091399595,99.82240913995975
TR-036143,2025-08-16,august,Reefer,827.1,1797.61,1850.7142489919513,1793.3223829274143,1822.0183159596827,24.408315959682795
TR-036144,2025-08-16,august,Dry Van,535.8,1130.66,1107.0352370089074,1106.8980158924696,1106.9666264506886,23.693373549311445
TR-036145,2025-08-16,august,Dry Van,981.7,1944.47,2010.5734237310514,2012.6941879536485,2011.6338058423498,67.1638058423498
TR-036146,2025-08-16,august,Dry Van,408.2,1001.14,994.7027724689397,995.092612283893,994.8976923764163,6.242307623583656
TR-036147,2025-08-16,august,Dry Van,1413.3,2625.33,2687.0338244387685,2697.085752365142,2692.0597884019553,66.72978840195537
TR-036148,2025-08-16,august,Dry Van,1037.8,2031.99,2064.71641105655,2087.7737286226634,2076.245069839607,44.255069839606904
TR-036149,2025-08-16,august,Dry Van,677.4,1413.77,1375.9861443906325,1411.4858950826024,1393.7360197366174,20.033980263382546
TR-036150,2025-08-16,august,Reefer,2478.3,4953.76,5024.5054735477215,5097.7606359978845,5061.133054772803,107.37305477280279
TR-036151,2025-08-16,august,Dry Van,2847.3,5013.5,5032.315433465491,4980.55680655791,5006.4361200117,7.063879988299959
TR-036152,2025-08-16,august,Reefer,702.1,1571.67,1619.8619996254506,1605.249056761884,1612.5555281936672,40.88552819366714
TR-036153,2025-08-16,august,Dry Van,2284.5,4412.23,4441.47745438146,4341.024879459413,4391.251166920436,20.97883307956363
TR-036154,2025-08-16,august,Dry Van,1860.4,3611.27,3693.6307170214895,3629.6664018101637,3661.6485594158266,50.37855941582666
TR-036155,2025-08-16,august,Dry Van,1136.7,2261.69,2305.3735603357345,2257.3688928366123,2281.371226586173,19.681226586173125
TR-036156,2025-08-16,august,Dry Van,1899.5,3401.34,3538.0107153567337,3513.3603392253162,3525.685527291025,124.34552729102506
TR-036157,2025-08-16,august,Dry Van,797.3,1646.63,1677.0885594292215,1637.7861566191107,1657.437358024166,10.807358024165978
TR-036158,2025-08-16,august,Flatbed,1639.0,3454.23,3444.0776871068333,3504.889473231376,3474.4835801691047,20.25358016910468
TR-036159,2025-08-16,august,Dry Van,745.8,1457.51,1451.204151202234,1448.592204677478,1449.898177939856,7.61182206014405
TR-036160,2025-08-16,august,Dry Van,3105.7,5451.29,5738.000030577448,5587.729512319858,5662.864771448653,211.57477144865334
TR-036161,2025-08-16,august,Flatbed,1989.9,3816.6,3914.784389499437,3959.082239658447,3936.9333145789424,120.33331457894246
TR-036162,2025-08-16,august,Dry Van,1140.2,2322.3,2338.8317375704346,2311.0268642782976,2324.929300924366,2.629300924365907
TR-036163,2025-08-16,august,Dry Van,1820.3,3473.17,3473.5030365531225,3495.621725836657,3484.56238119489,11.392381194889822
TR-036164,2025-08-16,august,Dry Van,286.5,663.35,646.1151104266695,656.3533199731303,651.2342151998998,12.115784800100187
TR-036165,2025-08-16,august,Dry Van,2697.7,4844.76,5058.805475980047,5025.653640174443,5042.229558077245,197.46955807724498
TR-036166,2025-08-16,august,Reefer,1132.4,2569.81,2588.7180932706237,2580.087191498508,2584.402642384566,14.592642384566261
TR-036167,2025-08-16,august,Dry Van,577.2,1160.98,1177.4930507868235,1174.1342772084283,1175.813663997626,14.83366399762599
TR-036168,2025-08-17,august,Reefer,748.0,1652.87,1716.4482892327776,1707.2904388272639,1711.8693640300207,58.99936403002084
TR-036169,2025-08-17,august,Dry Van,844.2,1644.17,1657.2765973301841,1631.8575497987406,1644.5670735644624,0.39707356446228914
TR-036170,2025-08-17,august,Reefer,2492.8,5136.17,5142.70819875309,5203.565011288192,5173.136605020642,36.96660502064151
TR-036171,2025-08-17,august,Dry Van,2622.8,4414.17,4707.947923909761,4538.733968423534,4623.340946166647,209.1709461666469
TR-036172,2025-08-17,august,Reefer,1174.3,2410.45,2563.5737856467367,2427.991133916152,2495.7824597814442,85.33245978144441
TR-036173,2025-08-17,august,Reefer,524.3,1206.28,1215.0726949159757,1232.2815314138822,1223.6771131649289,17.397113164928896
TR-036174,2025-08-17,august,Reefer,774.1,590.4,1937.88619299527,1934.8544556937688,1936.3703243445193,1345.9703243445192
TR-036175,2025-08-17,august,Dry Van,460.6,1105.12,1081.9144173184425,1091.4473554333126,1086.6808863758774,18.439113624122456
TR-036176,2025-08-17,august,Dry Van,1327.9,2619.57,2670.8199968189924,2649.988237165236,2660.4041169921143,40.834116992114105
TR-036177,2025-08-17,august,Dry Van,1091.3,2247.2,2290.888348992352,2294.1204794197442,2292.504414206048,45.30441420604802
TR-036178,2025-08-17,august,Dry Van,161.3,436.28,419.8156508836786,443.7089029385518,431.7622769111152,4.517723088884793
TR-036179,2025-08-17,august,Dry Van,644.2,1313.47,1288.2813477320035,1310.6669989074326,1299.474173319718,13.995826680282107
TR-036180,2025-08-17,august,Reefer,422.2,1037.58,1017.980260093101,1023.7179297327414,1020.8490949129211,16.73090508707878
TR-036181,2025-08-17,august,Dry Van,1198.4,2378.78,2402.2666545404836,2379.017020877273,2390.6418377088785,11.861837708878284
TR-036182,2025-08-17,august,Flatbed,1305.5,2727.16,2751.7234564006985,2754.9529348579667,2753.3381956293324,26.17819562933255
TR-036183,2025-08-17,august,Flatbed,2031.5,3821.36,4063.7994724425394,4027.291017014839,4045.545244728689,224.18524472868876
TR-036184,2025-08-17,august,Flatbed,1696.0,3380.18,3443.7162308292022,3416.8967446540228,3430.3064877416127,50.12648774161289
TR-036185,2025-08-17,august,Dry Van,347.0,740.47,756.3051290079998,724.6201634374775,740.4626462227386,0.007353777261414507
TR-036186,2025-08-17,august,Reefer,996.5,2055.83,2174.2442509445614,2165.2388236917286,2169.7415373181448,113.91153731814484
TR-036187,2025-08-17,august,Reefer,1104.7,2250.27,2380.8028668090897,2347.6013515920117,2364.2021092005507,113.93210920055071
TR-036188,2025-08-17,august,Flatbed,751.3,1527.78,1594.499894701945,1588.6361526509081,1591.5680236764265,63.78802367642652
TR-036189,2025-08-17,august,Dry Van,1665.1,3093.44,3314.2439644981323,3277.933084226381,3296.088524362257,202.64852436225692
TR-036190,2025-08-17,august,Reefer,714.1,1733.05,1742.0503724842022,1726.1682675193388,1734.1093200017704,1.059320001770402
TR-036191,2025-08-17,august,Reefer,2272.6,4800.2,4862.723731384103,4819.256117859231,4840.989924621667,40.789924621667524
TR-036192,2025-08-17,august,Dry Van,221.1,549.01,558.1742467186633,571.5120519321545,564.8431493254088,15.83314932540884
TR-036193,2025-08-17,august,Dry Van,2021.0,3767.23,3781.0618431437606,3755.3458815065064,3768.2038623251337,0.9738623251337231
TR-036194,2025-08-17,august,Dry Van,1557.6,3019.94,3132.269692943557,3113.4535788587677,3122.861635901162,102.92163590116206
TR-036195,2025-08-17,august,Reefer,323.6,898.11,868.7431732490264,897.6917018345259,883.2174375417762,14.892562458223779
TR-036196,2025-08-17,august,Reefer,320.9,830.05,825.5693568066968,815.0899290867976,820.3296429467472,9.72035705325277
TR-036197,2025-08-17,august,Dry Van,1011.7,2144.22,2191.765520969895,2130.375698293228,2161.0706096315616,16.850609631561838
TR-036198,2025-08-17,august,Flatbed,1827.5,3686.55,3787.4743979081527,3881.808351429372,3834.641374668762,148.091374668762
TR-036199,2025-08-17,august,Dry Van,495.0,1091.95,1051.945715610932,1081.186562706362,1066.566139158647,25.383860841353
TR-036200,2025-08-17,august,Reefer,1456.0,3196.57,3181.562907164449,3195.9350204545826,3188.7489638095158,7.821036190484392
TR-036201,2025-08-17,august,Dry Van,1755.3,3381.1,3388.618676666328,3407.157811381925,3397.888244024127,16.788244024126925
TR-036202,2025-08-17,august,Flatbed,1901.7,3762.82,3887.4128959036084,3845.9825874098588,3866.6977416567333,103.87774165673318
TR-036203,2025-08-17,august,Reefer,919.7,2135.53,2152.209578005647,2087.3579415766776,2119.783759791162,15.746240208838117
TR-036204,2025-08-17,august,Dry Van,364.8,839.05,868.3690194843243,888.1362554148598,878.252637449592,39.20263744959209
TR-036205,2025-08-17,august,Flatbed,2012.6,4083.3,4175.196542679298,4168.556090002803,4171.87631634105,88.57631634105019
TR-036206,2025-08-17,august,Reefer,397.2,1030.79,975.1230337278818,1007.3921217026422,991.257577715262,39.532422284738004
TR-036207,2025-08-17,august,Dry Van,445.0,979.98,969.552895529625,1003.1775968430961,986.3652461863605,6.3852461863605185
TR-036208,2025-08-17,august,Dry Van,1005.1,2014.89,2069.3045507754355,2071.744239417548,2070.524395096492,55.634395096491744
TR-036209,2025-08-17,august,Flatbed,288.6,775.55,743.6376655813013,781.1971936818261,762.4174296315637,13.13257036843629
TR-036210,2025-08-17,august,Reefer,2759.4,5484.89,5544.523633785269,5550.234603653984,5547.379118719627,62.489118719626276
TR-036211,2025-08-17,august,Reefer,1146.0,2470.83,2525.529927567935,2509.0114831685632,2517.270705368249,46.44070536824893
TR-036212,2025-08-17,august,Dry Van,83.8,229.68,225.4756988975824,255.91718895880285,240.69644392819262,11.016443928192615
TR-036213,2025-08-17,august,Reefer,200.4,574.81,566.9560896693293,623.6143017478339,595.2851957085816,20.475195708581623
TR-036214,2025-08-17,august,Dry Van,406.7,858.66,879.1271362304639,857.0499906783107,868.0885634543872,9.428563454387245
TR-036215,2025-08-17,august,Reefer,917.8,2039.55,2114.749545353271,2079.019819075754,2096.8846822145124,57.33468221451244
TR-036216,2025-08-17,august,Dry Van,2996.5,5097.56,5366.126992297402,5319.583642472533,5342.855317384967,245.29531738496644
TR-036217,2025-08-17,august,Dry Van,544.2,1213.75,1195.2240337598905,1172.1746426913764,1183.6993382256335,30.050661774366517
TR-036218,2025-08-17,august,Reefer,1217.9,2730.21,2784.1957362880235,2786.4775354073304,2785.336635847677,55.12663584767688
TR-036219,2025-08-17,august,Reefer,600.2,1430.67,1429.2233768836663,1444.2611082478566,1436.7422425657614,6.072242565761371
TR-036220,2025-08-17,august,Dry Van,507.1,1080.77,1088.9799125864608,1095.4224127141247,1092.2011626502926,11.431162650292663
TR-036221,2025-08-17,august,Flatbed,875.9,1826.94,1907.4673313060262,1932.536711084451,1920.0020211952387,93.06202119523869
TR-036222,2025-08-17,august,Dry Van,1840.4,3316.18,3413.185650962391,3362.994691106632,3388.0901710345115,71.91017103451168
TR-036223,2025-08-17,august,Dry Van,2052.1,3805.29,3985.154616446272,3939.365241503325,3962.2599289747986,156.96992897479868
TR-036224,2025-08-17,august,Dry Van,551.5,1206.5,1175.9322276560963,1163.4286737742927,1169.6804507151946,36.81954928480536
TR-036225,2025-08-17,august,Dry Van,1878.6,3475.0,3612.30598110214,3527.944095012177,3570.1250380571582,95.12503805715824
TR-036226,2025-08-17,august,Flatbed,2021.5,3979.62,4117.693128792411,4104.320329879452,4111.006729335932,131.3867293359317
TR-036227,2025-08-17,august,Flatbed,2124.2,4153.36,4258.094741330134,4231.092843558086,4244.59379244411,91.2337924441099
TR-036228,2025-08-17,august,Reefer,532.7,1389.16,1379.0043801021307,1394.3646125066412,1386.684496304386,2.4755036956141794
TR-036229,2025-08-17,august,Flatbed,1031.3,2186.81,2189.416100202353,2191.496921729662,2190.4565109660075,3.646510966007554
TR-036230,2025-08-17,august,Dry Van,225.2,582.53,576.7877871315609,592.9168384653237,584.8523127984423,2.32231279844234
TR-036231,2025-08-17,august,Reefer,1401.6,3160.75,3042.1976542106977,3065.626542448315,3053.912098329506,106.83790167049392
TR-036232,2025-08-17,august,Dry Van,299.4,701.0,710.1975764643518,707.477898017725,708.8377372410384,7.83773724103844
TR-036233,2025-08-17,august,Reefer,182.8,500.33,473.351806668932,488.1352724093615,480.74353953914675,19.586460460853232
TR-036234,2025-08-17,august,Dry Van,438.6,951.19,999.9768022183428,978.7969002495302,989.3868512339365,38.1968512339364
TR-036235,2025-08-17,august,Dry Van,683.2,1345.95,1338.560134817276,1324.639925473174,1331.600030145225,14.349969854775054
TR-036236,2025-08-17,august,Flatbed,204.2,575.45,563.5046812084797,621.2341191568385,592.3694001826591,16.919400182659047
TR-036237,2025-08-17,august,Dry Van,693.4,1427.88,1483.765577946153,1468.8871240635654,1476.3263510048591,48.446351004859025
TR-036238,2025-08-17,august,Reefer,1640.3,3563.83,3628.3192667609023,3655.0767019204113,3641.697984340657,77.86798434065713
TR-036239,2025-08-17,august,Flatbed,2445.8,4616.32,4840.8876364938005,4745.530613729523,4793.209125111662,176.889125111662
TR-036240,2025-08-17,august,Dry Van,390.8,903.07,866.6546832428382,876.7616236578558,871.708153450347,31.361846549653023
TR-036241,2025-08-17,august,Dry Van,1023.0,2050.24,2075.345795805993,2038.6767747218287,2057.011285263911,6.771285263911068
TR-036242,2025-08-17,august,Reefer,463.0,1151.23,1171.6724028767358,1159.4596573073002,1165.566030092018,14.336030092018063
TR-036243,2025-08-17,august,Dry Van,660.3,1374.88,1379.0329381590784,1410.9461789119418,1394.9895585355102,20.109558535510132
TR-036244,2025-08-17,august,Dry Van,1305.9,2483.45,2538.655054529576,2541.9666521702584,2540.310853349917,56.860853349917306
TR-036245,2025-08-17,august,Reefer,513.3,1250.99,1262.632264731266,1286.9209145688244,1274.7765896500453,23.786589650045244
TR-036246,2025-08-17,august,Dry Van,237.4,551.79,557.3792306134087,554.0114622851686,555.6953464492886,3.905346449288686
TR-036247,2025-08-17,august,Dry Van,2117.0,3761.24,3793.2975001267064,3715.6997830816413,3754.498641604174,6.741358395825955
TR-036248,2025-08-17,august,Dry Van,992.9,1922.79,1933.0179029621197,1951.1539658060888,1942.0859343841043,19.295934384104385
TR-036249,2025-08-17,august,Reefer,762.2,1742.86,1777.5767063400729,1783.6847245391748,1780.6307154396238,37.77071543962393
TR-036250,2025-08-17,august,Flatbed,1215.5,2597.63,2614.582939787568,2597.5065222621356,2606.044731024852,8.41473102485179
TR-036251,2025-08-17,august,Dry Van,1053.5,2091.12,2125.2796327151063,2138.636751429446,2131.9581920722762,40.83819207227634
TR-036252,2025-08-17,august,Reefer,1614.4,3595.51,3575.09591474679,3621.5208019155216,3598.308358331156,2.7983583311556686
TR-036253,2025-08-17,august,Dry Van,348.5,766.26,753.2572706588733,752.9517347967651,753.1045027278192,13.15549727218081
TR-036254,2025-08-17,august,Dry Van,875.8,1884.95,1887.9604545002373,1894.3992963069013,1891.1798754035694,6.229875403569395
TR-036255,2025-08-17,august,Dry Van,1627.3,3030.28,3125.4243718690136,3126.776156213011,3126.1002640410125,95.82026404101225
TR-036256,2025-08-17,august,Dry Van,977.8,2050.45,2095.2701554121068,2055.548289875428,2075.4092226437674,24.95922264376759
TR-036257,2025-08-17,august,Dry Van,2652.5,4803.79,4955.563143657589,4811.565731422719,4883.564437540153,79.77443754015349
TR-036258,2025-08-17,august,Dry Van,1316.4,2393.67,2546.809185876897,2553.7245747110746,2550.266880293986,156.59688029398603
TR-036259,2025-08-17,august,Dry Van,2938.5,4864.79,5098.822839482954,5017.504877885966,5058.16385868446,193.37385868446017
TR-036260,2025-08-17,august,Reefer,960.4,2032.97,2074.2147482903433,2076.0932653109935,2075.1540068006684,42.184006800668385
TR-036261,2025-08-17,august,Reefer,887.7,2089.62,2146.6351342179405,2108.827998461526,2127.731566339733,38.111566339733145
TR-036262,2025-08-17,august,Flatbed,987.5,2089.28,2105.738929115821,2143.1614497910023,2124.4501894534114,35.17018945341124
TR-036263,2025-08-17,august,Dry Van,941.9,1855.56,1856.6948202074398,1875.5459968600758,1866.1204085337577,10.560408533757709
TR-036264,2025-08-17,august,Reefer,935.1,2202.77,2203.6572016254086,2196.338130854033,2199.9976662397207,2.7723337602792526
TR-036265,2025-08-17,august,Reefer,1918.7,4154.97,4151.14395769078,4193.758106562576,4172.451032126678,17.481032126677746
TR-036266,2025-08-17,august,Dry Van,2347.2,4335.22,4319.74518422205,4356.569497687837,4338.157340954944,2.9373409549434655
TR-036267,2025-08-17,august,Dry Van,1869.7,3318.05,3498.093258514792,3468.519184811094,3483.3062216629432,165.25622166294306
TR-036268,2025-08-17,august,Reefer,2072.2,4307.74,4397.171474124765,4383.217031062966,4390.194252593866,82.45425259386593
TR-036269,2025-08-17,august,Flatbed,684.5,1567.26,1601.4690677750061,1591.8151507028308,1596.6421092389185,29.382109238918474
TR-036270,2025-08-17,august,Reefer,1928.6,4264.12,4213.267915916674,4234.205477495359,4223.736696706017,40.38330329398286
TR-036271,2025-08-17,august,Dry Van,1044.2,1933.24,2005.6298177490535,1990.7752200314808,1998.2025188902671,64.96251889026712
TR-036272,2025-08-17,august,Dry Van,691.3,1493.51,1441.7709964083492,1489.5104743607278,1465.6407353845384,27.86926461546159
TR-036273,2025-08-17,august,Dry Van,397.8,894.5,856.9720977311042,870.2081857671792,863.5901417491417,30.909858250858292
TR-036274,2025-08-17,august,Flatbed,1243.2,2550.29,2618.230671988124,2573.6205111938325,2595.925591590978,45.63559159097804
TR-036275,2025-08-17,august,Flatbed,2497.9,4713.06,4812.986893426203,4700.064294844488,4756.525594135346,43.46559413534578
TR-036276,2025-08-17,august,Reefer,1993.7,4047.8,4196.008391429616,4082.4992854803995,4139.253838455008,91.45383845500783
TR-036277,2025-08-17,august,Dry Van,1136.9,2205.46,2248.47938157677,2189.9836245116976,2219.2315030442337,13.771503044233668
TR-036278,2025-08-17,august,Flatbed,522.4,1297.22,1332.7909486247315,1327.895354724358,1330.3431516745447,33.123151674544715
TR-036279,2025-08-17,august,Dry Van,2260.4,3844.59,4021.709802049741,4004.1190927109237,4012.9144473803326,168.32444738033246
TR-036280,2025-08-17,august,Reefer,2597.6,5396.59,5222.08203909376,5443.855032489801,5332.968535791781,63.62146420821955
TR-036281,2025-08-17,august,Dry Van,1022.9,2064.97,2076.359606639428,2045.923632959582,2061.141619799505,3.8283802004948484
TR-036282,2025-08-17,august,Dry Van,537.9,1105.94,1125.0592683482253,1088.009309804626,1106.5342890764255,0.5942890764254116
TR-036283,2025-08-17,august,Dry Van,805.3,1605.1,1637.2013314623298,1610.0933813415722,1623.6473564019511,18.54735640195122
TR-036284,2025-08-17,august,Reefer,2039.2,4324.29,4472.119215526089,4451.451450530177,4461.785333028132,137.49533302813234
TR-036285,2025-08-17,august,Dry Van,1052.5,2112.79,2195.3337780235643,2154.9104132730204,2175.122095648292,62.332095648292125
TR-036286,2025-08-17,august,Dry Van,349.1,786.37,788.0394865671484,805.640728088237,796.8401073276927,10.470107327692745
TR-036287,2025-08-17,august,Dry Van,1733.5,3266.32,3245.5441027801307,3193.8261065622028,3219.6851046711668,46.63489532883341
TR-036288,2025-08-17,august,Reefer,3038.9,5763.0,5865.764083230158,5740.703294658799,5803.233688944478,40.23368894447776
TR-036289,2025-08-17,august,Reefer,783.8,1708.81,1688.6991867628428,1690.64684278521,1689.6730147740263,19.136985225973604
TR-036290,2025-08-17,august,Dry Van,2012.0,3827.3,3858.653055472512,3844.830116415937,3851.7415859442244,24.441585944224244
TR-036291,2025-08-17,august,Flatbed,748.8,1470.35,1562.7101570852888,1549.973489424704,1556.3418232549964,85.99182325499646
TR-036292,2025-08-17,august,Dry Van,771.1,1607.91,1525.6494906809949,1567.7324793344083,1546.6909850077016,61.219014992298526
TR-036293,2025-08-17,august,Dry Van,2078.2,3974.12,4012.8404828582684,3998.389694736634,4005.615088797451,31.49508879745099
TR-036294,2025-08-17,august,Dry Van,1136.0,2305.45,2272.452152250205,2249.6855546316774,2261.068853440941,44.381146559058834
TR-036295,2025-08-17,august,Dry Van,239.7,587.69,572.2104782254534,589.5606324073588,580.885555316406,6.804444683594056
TR-036296,2025-08-17,august,Reefer,619.3,1520.23,1534.1810660271403,1512.7457783450207,1523.4634221860806,3.2334221860805883
TR-036297,2025-08-17,august,Reefer,1063.8,2405.08,2449.6133496524717,2464.3884126849143,2457.000881168693,51.920881168693086
TR-036298,2025-08-17,august,Dry Van,746.4,1508.56,1524.6806619053755,1486.1027710066594,1505.3917164560175,3.1682835439823975
TR-036299,2025-08-17,august,Dry Van,505.1,1155.37,1175.476810093256,1169.1943605086858,1172.335585300971,16.965585300971043
TR-036300,2025-08-17,august,Dry Van,395.4,880.58,877.9412403150866,886.6137642651099,882.2775022900983,1.697502290098214
TR-036301,2025-08-17,august,Reefer,1053.5,2290.38,2379.1001826754723,2337.3125857265677,2358.2063842010202,67.82638420102012
TR-036302,2025-08-17,august,Dry Van,1380.6,2676.64,2699.5885918152994,2678.241790537833,2688.915191176566,12.275191176566295
TR-036303,2025-08-17,august,Dry Van,1511.6,2719.32,2771.128675741623,2723.4327598408563,2747.2807177912396,27.960717791239404
TR-036304,2025-08-17,august,Dry Van,169.9,470.52,464.72690502211293,468.3598566211365,466.54338082162474,3.9766191783752447
TR-036305,2025-08-17,august,Dry Van,492.5,1140.31,1153.8651953382705,1122.0521690188077,1137.9586821785392,2.351317821460725
TR-036306,2025-08-17,august,Flatbed,2135.5,4307.93,4347.1265979328355,4344.057135333371,4345.591866633104,37.66186663310327
TR-036307,2025-08-17,august,Dry Van,387.3,836.43,842.5034201826372,837.2941433887065,839.8987817856719,3.468781785671922
TR-036308,2025-08-17,august,Dry Van,1029.2,2003.51,1969.4934138999922,1998.285454447956,1983.8894341739742,19.620565826025768
TR-036309,2025-08-17,august,Dry Van,551.5,1203.26,1173.1628612792392,1166.7980118415028,1169.980436560371,33.2795634396291
TR-036310,2025-08-17,august,Reefer,1280.8,2768.58,2802.842726312991,2859.981920143553,2831.412323228272,62.83232322827189
TR-036311,2025-08-17,august,Reefer,971.6,2159.37,2140.450625061879,2141.759421739029,2141.1050234004542,18.264976599545662
TR-036312,2025-08-17,august,Dry Van,1364.4,2617.18,2554.5641647304496,2575.4245480897307,2564.9943564100904,52.18564358990943
TR-036313,2025-08-17,august,Dry Van,170.6,455.32,464.8368751175669,458.91912983908014,461.87800247832354,6.558002478323544
TR-036314,2025-08-17,august,Dry Van,1035.7,2029.34,2064.295561021908,2031.8112372507153,2048.053399136312,18.713399136311864
TR-036315,2025-08-17,august,Dry Van,1431.9,2803.91,2863.120565040172,2874.3563346906885,2868.73844986543,64.82844986543023
TR-036316,2025-08-17,august,Reefer,468.2,1104.37,1111.4583446063336,1101.5638733046458,1106.5111089554898,2.1411089554899263
TR-036317,2025-08-17,august,Reefer,1003.4,2222.31,2209.122359139351,2196.294489974167,2202.708424556759,19.601575443241018
TR-036318,2025-08-17,august,Dry Van,672.5,1400.4,1417.6653652277803,1449.6024506354142,1433.6339079315972,33.23390793159706
TR-036319,2025-08-17,august,Reefer,190.8,571.65,565.430211388234,586.5715280469299,576.000869717582,4.350869717581986
TR-036320,2025-08-17,august,Flatbed,576.0,1286.62,1313.9612009199088,1319.0394286815836,1316.5003148007463,29.88031480074642
TR-036321,2025-08-17,august,Dry Van,1776.8,3386.31,3480.2395908133335,3381.3336196876053,3430.7866052504696,44.476605250469675
TR-036322,2025-08-17,august,Dry Van,236.2,580.04,580.2280711105093,617.4343462727422,598.8312086916258,18.791208691625798
TR-036323,2025-08-17,august,Dry Van,832.1,1635.76,1563.4715794500898,1581.6228010602438,1572.5471902551667,63.212809744833294
TR-036324,2025-08-17,august,Dry Van,1162.4,2316.54,2387.6892854545877,2282.286589825924,2334.987937640256,18.447937640255986
TR-036325,2025-08-17,august,Dry Van,675.8,1440.32,1428.896374582725,1418.5138980225865,1423.7051363026558,16.614863697344163
TR-036326,2025-08-17,august,Reefer,343.7,885.0,877.7740794014823,877.1195281602879,877.4468037808851,7.553196219114852
TR-036327,2025-08-17,august,Dry Van,2158.9,4180.5,4197.99842026688,4174.061264027359,4186.02984214712,5.52984214711978
TR-036328,2025-08-18,august,Flatbed,580.5,1302.19,1314.429570441289,1304.8794534747692,1309.6545119580292,7.464511958029107
TR-036329,2025-08-18,august,Dry Van,422.2,968.56,957.2931714049683,966.2752494069184,961.7842104059434,6.775789594056505
TR-036330,2025-08-18,august,Dry Van,756.2,1486.25,1497.256006083136,1503.3907809914576,1500.3233935372969,14.073393537296852
TR-036331,2025-08-18,august,Reefer,533.5,1213.62,1224.3281849863183,1222.9652006505462,1223.6466928184323,10.026692818432366
TR-036332,2025-08-18,august,Reefer,357.7,960.39,955.6713398857911,946.163914246956,950.9176270663736,9.472372933626389
TR-036333,2025-08-18,august,Dry Van,940.0,1873.0,1900.321005570466,1906.5658195349417,1903.4434125527039,30.443412552703876
TR-036334,2025-08-18,august,Flatbed,206.5,530.61,520.738658450205,560.7294698427618,540.7340641464834,10.12406414648342
TR-036335,2025-08-18,august,Dry Van,890.2,1790.14,1769.193567481326,1815.222743968469,1792.2081557248976,2.0681557248974514
TR-036336,2025-08-18,august,Dry Van,773.3,1463.86,1496.3419984419204,1486.996792886824,1491.6693956643721,27.809395664372232
TR-036337,2025-08-18,august,Dry Van,953.3,7005.3,1948.7597539550065,1938.555774663661,1943.6577643093337,5061.642235690666
TR-036338,2025-08-18,august,Dry Van,1410.3,2754.32,2882.856889369315,2866.061906952017,2874.459398160666,120.13939816066568
TR-036339,2025-08-18,august,Dry Van,2326.8,4459.58,4355.771007392319,4350.883188431537,4353.327097911928,106.252902088072
TR-036340,2025-08-18,august,Flatbed,431.7,1085.17,1091.7906339717313,1079.8047359278203,1085.7976849497759,0.6276849497758121
TR-036341,2025-08-18,august,Dry Van,369.4,824.06,830.9278454708552,843.9595452837514,837.4436953773034,13.383695377303411
TR-036342,2025-08-18,august,Dry Van,1204.4,2422.92,2530.8524138786292,2499.9297235235326,2515.391068701081,92.4710687010811
TR-036343,2025-08-18,august,Dry Van,1083.5,2196.65,2284.4531390000084,2275.4604535430362,2279.9567962715223,83.30679627152222
TR-036344,2025-08-18,august,Dry Van,1024.5,2033.9,2016.494551616233,2023.5981836383426,2020.0463676272877,13.853632372712354
TR-036345,2025-08-18,august,Dry Van,596.2,1311.96,1282.004581803249,1289.7188742507255,1285.8617280269873,26.098271973012743
TR-036346,2025-08-18,august,Dry Van,2150.5,4145.32,4111.13767382048,4072.001107761842,4091.569390791161,53.750609208838796
TR-036347,2025-08-18,august,Dry Van,271.6,609.92,597.0826600742197,611.6051082765514,604.3438841753855,5.576115824614476
TR-036348,2025-08-18,august,Reefer,1407.8,3018.58,3067.617166854581,3152.962104957162,3110.2896359058714,91.70963590587144
TR-036349,2025-08-18,august,Reefer,1104.2,2280.83,2396.558221475455,2310.8202229613657,2353.6892222184106,72.85922221841065
TR-036350,2025-08-18,august,Dry Van,137.8,363.64,357.5164082163767,370.76657776584716,364.14149299111193,0.5014929911119452
TR-036351,2025-08-18,august,Reefer,573.9,1474.28,1465.5022467865342,1480.0112526354503,1472.7567497109922,1.5232502890078194
TR-036352,2025-08-18,august,Dry Van,1321.9,2625.24,2644.4932221399927,2618.3216228504784,2631.4074224952356,6.167422495235769
TR-036353,2025-08-18,august,Dry Van,501.5,1182.95,1180.1600094767612,1143.2638065117374,1161.7119079942493,21.238092005750786
TR-036354,2025-08-18,august,Flatbed,731.6,1588.15,1620.4124006565014,1623.9451597068667,1622.178780181684,34.02878018168394
TR-036355,2025-08-18,august,Dry Van,2197.1,4013.6,4135.9862982680315,4126.327800294657,4131.157049281344,117.55704928134446
TR-036356,2025-08-18,august,Flatbed,132.5,387.66,373.4510857096526,428.31009963081556,400.8805926702341,13.220592670234055
TR-036357,2025-08-18,august,Dry Van,517.6,1067.44,1038.4639781193391,1073.2392831212649,1055.8516306203019,11.588369379698179
TR-036358,2025-08-18,august,Reefer,362.2,924.05,918.6561509716912,933.2957311474561,925.9759410595736,1.925941059573688
TR-036359,2025-08-18,august,Dry Van,1609.3,3251.33,3253.4573240499617,3196.8800259326395,3225.1686749913006,26.16132500869935
TR-036360,2025-08-18,august,Reefer,1270.1,2867.66,2840.0825819814468,2854.8630654327653,2847.472823707106,20.187176292894037
TR-036361,2025-08-18,august,Dry Van,2984.3,5279.47,5401.389729718266,5316.312743738374,5358.85123672832,79.38123672831989
TR-036362,2025-08-18,august,Dry Van,1082.8,2235.11,2206.2286177198825,2225.7887768774017,2216.008697298642,19.101302701358236
TR-036363,2025-08-18,august,Dry Van,2394.6,4469.94,4532.8849791947305,4455.534276672496,4494.209627933613,24.269627933613265
TR-036364,2025-08-18,august,Reefer,2258.9,4767.02,4751.234692200304,4767.9865844833475,4759.610638341826,7.409361658174021
TR-036365,2025-08-18,august,Dry Van,1412.7,2766.01,2798.6403515959505,2772.052899829784,2785.3466257128675,19.336625712867317
TR-036366,2025-08-18,august,Dry Van,1570.9,3101.88,3199.0352117626667,3145.9861307898645,3172.5106712762654,70.63067127626528
TR-036367,2025-08-18,august,Dry Van,1869.1,3414.11,3557.2960197540224,3542.6481469162345,3549.9720833351284,135.86208333512832
TR-036368,2025-08-18,august,Reefer,201.5,594.86,586.3488948787395,667.926180225393,627.1375375520663,32.27753755206629
TR-036369,2025-08-18,august,Dry Van,824.6,1655.43,1643.0057320437727,1665.9513562783802,1654.4785441610766,0.9514558389234935
TR-036370,2025-08-18,august,Dry Van,541.1,1136.01,1130.8314468384572,1121.1583294978682,1125.9948881681626,10.01511183183743
TR-036371,2025-08-18,august,Dry Van,541.4,5474.99,1174.705376574201,1176.6358171637385,1175.6705968689698,4299.31940313103
TR-036372,2025-08-18,august,Dry Van,1076.4,2101.95,2111.3361424729396,2156.2148231009833,2133.775482786961,31.825482786961402
TR-036373,2025-08-18,august,Reefer,652.2,1601.64,1618.1413737052217,1625.2111494042786,1621.67626155475,20.0362615547499
TR-036374,2025-08-18,august,Reefer,383.3,945.7,932.0560853111227,966.028654417762,949.0423698644424,3.3423698644423894
TR-036375,2025-08-18,august,Flatbed,1305.7,2830.13,2849.6794534159144,2901.1779118731347,2875.4286826445245,45.29868264452443
TR-036376,2025-08-18,august,Dry Van,339.9,764.68,761.4049464087956,748.5872144686618,754.9960804387288,9.683919561271182
TR-036377,2025-08-18,august,Flatbed,212.2,592.37,592.9078266927837,633.465552046569,613.1866893696763,20.816689369676283
TR-036378,2025-08-18,august,Dry Van,215.8,583.85,584.3193373345342,586.4735342780386,585.3964358062865,1.5464358062864676
TR-036379,2025-08-18,august,Reefer,1087.6,2325.74,2353.8007407376504,2349.6713935261987,2351.7360671319248,25.996067131924974
TR-036380,2025-08-18,august,Dry Van,177.9,451.84,449.8275834716937,451.78520659394826,450.806395032821,1.0336049671789738
TR-036381,2025-08-18,august,Dry Van,608.6,1291.52,1307.4783244701712,1289.165163745251,1298.321744107711,6.801744107711102
TR-036382,2025-08-18,august,Flatbed,2214.7,4435.81,4416.169842320478,4427.994033117571,4422.081937719025,13.728062280975792
TR-036383,2025-08-18,august,Dry Van,698.7,1474.08,1503.2452568528831,1512.9426483435623,1508.0939525982226,34.01395259822266
TR-036384,2025-08-18,august,Reefer,1295.2,3001.21,2948.2594908551755,2986.9305078639877,2967.5949993595814,33.61500064041866
TR-036385,2025-08-18,august,Reefer,2747.6,5270.1,5528.332552759459,5503.179966512209,5515.756259635834,245.65625963583352
TR-036386,2025-08-18,august,Reefer,784.9,1762.06,1744.8875935968015,1775.8049608269907,1760.346277211896,1.7137227881039507
TR-036387,2025-08-18,august,Flatbed,819.8,1780.32,1766.9423131517997,1789.751602405846,1778.3469577788228,1.9730422211771383
TR-036388,2025-08-18,august,Dry Van,1737.5,3216.91,3395.7429104450903,3390.283633673461,3393.0132720592756,176.1032720592757
TR-036389,2025-08-18,august,Reefer,2091.4,4407.92,4518.976991016557,4508.650775009488,4513.813883013023,105.89388301302279
TR-036390,2025-08-18,august,Dry Van,466.5,1040.88,1067.9974256193848,1050.2065084980768,1059.1019670587307,18.22196705873057
TR-036391,2025-08-18,august,Dry Van,177.5,475.28,471.32120226647464,496.7975441069923,484.05937318673347,8.779373186733494
TR-036392,2025-08-18,august,Reefer,1280.7,9127.43,2905.533190020262,2975.8796811743405,2940.706435597301,6186.723564402699
TR-036393,2025-08-18,august,Dry Van,1549.0,2986.01,3020.476243574064,3032.113991770216,3026.29511767214,40.28511767213968
TR-036394,2025-08-18,august,Flatbed,2119.7,4112.57,4141.840225146028,4179.0597496566625,4160.449987401345,47.879987401345716
TR-036395,2025-08-18,august,Flatbed,1504.2,3004.7,3175.614328851033,3115.8547479253166,3145.7345383881748,141.03453838817495
TR-036396,2025-08-18,august,Flatbed,621.3,1405.11,1436.353426852361,1414.3649721905495,1425.3591995214551,20.24919952145524
TR-036397,2025-08-18,august,Dry Van,399.0,921.85,898.3653247113639,902.742173101265,900.5537489063145,21.296251093685555
TR-036398,2025-08-18,august,Reefer,2561.7,5391.98,5183.0741250077945,5256.007035968483,5219.540580488139,172.43941951186025
TR-036399,2025-08-18,august,Reefer,1215.0,2704.57,2719.494524973727,2809.9423566874684,2764.7184408305975,60.14844083059734
TR-036400,2025-08-18,august,Dry Van,1742.1,3284.18,3397.8088895390706,3237.530360231675,3317.6696248853727,33.489624885372905
TR-036401,2025-08-18,august,Dry Van,704.0,1396.72,1428.2889657385465,1474.6275861808408,1451.4582759596938,54.73827595969374
TR-036402,2025-08-18,august,Dry Van,439.1,1066.18,1081.4144999913026,1043.5123707847956,1062.4634353880492,3.7165646119508438
TR-036403,2025-08-18,august,Dry Van,1664.3,3184.97,3334.223769436126,3393.5761648650687,3363.899967150597,178.92996715059735
TR-036404,2025-08-18,august,Dry Van,2496.6,4600.41,4703.418758017122,4653.285754232719,4678.352256124921,77.94225612492119
TR-036405,2025-08-18,august,Reefer,1594.1,3414.08,3543.20714098949,3520.734697935492,3531.970919462491,117.89091946249118
TR-036406,2025-08-18,august,Dry Van,1341.6,2600.97,2608.62595658304,2596.5505671183664,2602.588261850703,1.6182618507032203
TR-036407,2025-08-18,august,Dry Van,1168.0,2356.65,2429.91862893333,2320.668332132318,2375.293480532824,18.643480532824015
TR-036408,2025-08-18,august,Dry Van,1618.2,2950.3,3062.1751195274483,3071.152215598278,3066.6636675628633,116.36366756286316
TR-036409,2025-08-18,august,Flatbed,504.6,1205.97,1206.6563319586044,1201.2240226943618,1203.940177326483,2.0298226735169465
TR-036410,2025-08-18,august,Reefer,446.5,1119.34,1101.826455795414,1126.8724661755932,1114.3494609855036,4.990539014496335
TR-036411,2025-08-18,august,Dry Van,523.9,1151.14,1172.1615972156014,1172.015594675624,1172.0885959456127,20.948595945612624
TR-036412,2025-08-18,august,Dry Van,1344.1,2691.6,2667.2751825828973,2670.216302687405,2668.745742635151,22.854257364848763
TR-036413,2025-08-18,august,Flatbed,820.0,1783.71,1774.7412556113331,1815.3069032495005,1795.0240794304168,11.314079430416768
TR-036414,2025-08-18,august,Dry Van,218.7,552.32,548.2305283189224,577.2307216696097,562.730624994266,10.410624994265959
TR-036415,2025-08-18,august,Dry Van,620.9,1323.71,1297.0644556087725,1299.462741430992,1298.2635985198822,25.446401480117856
TR-036416,2025-08-18,august,Dry Van,612.1,1222.79,1239.5701573951865,1208.1564332839594,1223.863295339573,1.073295339572951
TR-036417,2025-08-18,august,Reefer,1220.0,2446.14,2619.469735063098,2518.109417637217,2568.7895763501574,122.64957635015753
TR-036418,2025-08-18,august,Flatbed,546.0,1253.85,1267.7486245516084,1210.5138703964851,1239.1312474740466,14.718752525953278
TR-036419,2025-08-18,august,Dry Van,875.3,1870.75,1839.589593980273,1858.9333635096757,1849.2614787449743,21.488521255025717
TR-036420,2025-08-18,august,Dry Van,799.6,1694.82,1721.3524827905014,1695.4635341829307,1708.408008486716,13.588008486716035
TR-036421,2025-08-18,august,Dry Van,430.1,1041.44,1052.7885243187923,1034.5227051522234,1043.6556147355077,2.2156147355076428
TR-036422,2025-08-18,august,Reefer,748.3,1695.68,1747.579462667787,1732.669554580574,1740.1245086241806,44.44450862418057
TR-036423,2025-08-18,august,Reefer,352.5,907.4,911.1263242532519,901.6192458296739,906.372785041463,1.0272149585370016
TR-036424,2025-08-18,august,Flatbed,2123.3,4036.53,4156.255789211665,4172.0947644955395,4164.175276853603,127.64527685360235
TR-036425,2025-08-18,august,Flatbed,1037.7,2205.14,2237.106578495804,2194.1954546109096,2215.651016553357,10.511016553356967
TR-036426,2025-08-18,august,Reefer,1677.2,3675.29,3711.8633774140703,3808.828273370096,3760.3458253920835,85.05582539208353
TR-036427,2025-08-18,august,Dry Van,1057.8,2094.68,2090.696003034629,2051.9154303159535,2071.3057166752915,23.374283324708358
TR-036428,2025-08-18,august,Dry Van,2041.0,3807.79,3930.868172971395,3934.782440555285,3932.82530676334,125.03530676334003
TR-036429,2025-08-18,august,Flatbed,1925.2,4223.98,4151.361502886002,4091.973091693814,4121.667297289908,102.3127027100918
TR-036430,2025-08-18,august,Dry Van,468.7,1038.63,1037.0628416565044,1028.7285779495344,1032.8957098030194,5.734290196980737
TR-036431,2025-08-18,august,Reefer,286.8,713.95,704.9472613599114,733.5496989328367,719.248480146374,5.298480146374004
TR-036432,2025-08-18,august,Dry Van,1911.7,3634.28,3720.6076463769773,3750.435846723157,3735.5217465500673,101.24174655006709
TR-036433,2025-08-18,august,Flatbed,1716.3,3443.19,3521.691177518548,3529.3995638469887,3525.5453706827684,82.35537068276835
TR-036434,2025-08-18,august,Reefer,652.9,1497.08,1530.3652686118905,1543.4972594723472,1536.931264042119,39.851264042119055
TR-036435,2025-08-18,august,Reefer,2352.2,4874.55,5005.025784322657,5004.481118260879,5004.753451291768,130.20345129176803
TR-036436,2025-08-18,august,Flatbed,334.6,845.52,825.3765676174288,867.9782299258618,846.6773987716454,1.1573987716453757
TR-036437,2025-08-18,august,Flatbed,2363.5,4633.79,4763.704092341369,4728.288177085548,4745.996134713459,112.2061347134586
TR-036438,2025-08-18,august,Dry Van,1402.7,2608.3,2643.0542197608625,2673.8642133734916,2658.459216567177,50.15921656717683
TR-036439,2025-08-18,august,Dry Van,488.8,1073.13,1070.5585393398007,1041.444716849829,1056.0016280948148,17.128371905185304
TR-036440,2025-08-18,august,Dry Van,1556.0,2924.85,3055.7291547720106,2983.928614712001,3019.828884742006,94.9788847420059
TR-036441,2025-08-18,august,Dry Van,306.5,742.67,746.3963108501703,753.2177568565287,749.8070338533495,7.1370338533495215
TR-036442,2025-08-18,august,Flatbed,1516.2,3055.59,3152.7156789682354,3121.661103666064,3137.1883913171496,81.59839131714944
TR-036443,2025-08-18,august,Dry Van,1402.8,2569.04,2790.2937313442953,2787.6134429226304,2788.953587133463,219.9135871334629
TR-036444,2025-08-18,august,Dry Van,725.6,1541.79,1532.4759546130772,1547.1302783978483,1539.8031165054626,1.9868834945373237
TR-036445,2025-08-18,august,Reefer,1711.6,3784.74,3816.201974013977,3848.189379341463,3832.1956766777203,47.455676677720476
TR-036446,2025-08-18,august,Flatbed,471.5,1179.95,1184.0055542278003,1176.8798566635337,1180.442705445667,0.49270544566684293
TR-036447,2025-08-18,august,Dry Van,777.3,1593.1,1507.6031020918158,1555.7420236189366,1531.6725628553763,61.42743714462358
TR-036448,2025-08-18,august,Dry Van,875.3,1621.52,1671.7767701404794,1649.0896036867362,1660.4331869136076,38.91318691360766
TR-036449,2025-08-18,august,Flatbed,672.3,1540.02,1572.8701136350223,1541.137587755128,1557.003850695075,16.983850695075034
TR-036450,2025-08-18,august,Dry Van,345.3,830.01,815.2670624370649,808.2195307884253,811.7432966127451,18.266703387254893
TR-036451,2025-08-18,august,Flatbed,866.2,1881.25,1901.394729976512,1897.069886970444,1899.232308473478,17.982308473478042
TR-036452,2025-08-18,august,Reefer,219.9,631.79,612.343067772608,675.7781814089028,644.0606245907554,12.27062459075546
TR-036453,2025-08-18,august,Dry Van,1609.0,3197.64,3279.8251052962505,3251.1479910221565,3265.4865481592033,67.8465481592034
TR-036454,2025-08-18,august,Reefer,483.4,1219.62,1206.5520509512721,1210.4582337256347,1208.5051423384534,11.114857661546466
TR-036455,2025-08-18,august,Reefer,1950.6,3946.97,4033.2140953451267,4019.4033690638394,4026.308732204483,79.33873220448322
TR-036456,2025-08-18,august,Dry Van,921.4,1799.23,1778.081719881501,1767.8350480806184,1772.9583839810598,26.27161601894022
TR-036457,2025-08-18,august,Flatbed,673.1,1389.5,1443.6555942150383,1454.249983254866,1448.9527887349523,59.452788734952264
TR-036458,2025-08-18,august,Reefer,1223.8,2763.16,2777.6043260487527,2698.4720958513235,2738.038210950038,25.12178904996199
TR-036459,2025-08-18,august,Flatbed,1630.0,3493.69,3436.5618607352894,3463.4890175531264,3450.0254391442077,43.66456085579239
TR-036460,2025-08-18,august,Reefer,469.3,1104.2,1126.658563701501,1094.333119765011,1110.495841733256,6.295841733255884
TR-036461,2025-08-18,august,Dry Van,1709.3,3292.21,3257.1173054731935,3237.5500528678317,3247.3336791705124,44.87632082948767
TR-036462,2025-08-18,august,Dry Van,1087.2,2140.29,2185.952073483505,2152.5894866955296,2169.2707800895173,28.98078008951734
TR-036463,2025-08-18,august,Dry Van,679.8,1333.56,1310.6739951879151,1329.307876097575,1319.9909356427452,13.569064357254774
TR-036464,2025-08-18,august,Reefer,1618.6,3545.35,3513.716108212088,3479.5926911427614,3496.6543996774244,48.6956003225755
TR-036465,2025-08-18,august,Dry Van,94.4,246.24,292.9434551639736,271.83315918262497,282.38830717329927,36.14830717329926
TR-036466,2025-08-18,august,Flatbed,852.1,1876.54,1949.46962555926,1928.4999244254536,1938.984774992357,62.444774992357
TR-036467,2025-08-18,august,Dry Van,366.5,870.16,868.9430036564029,879.4760206168451,874.209512136624,4.049512136624003
TR-036468,2025-08-18,august,Reefer,220.8,646.37,624.8779453377514,657.3012829799709,641.0896141588612,5.280385841138809
TR-036469,2025-08-18,august,Dry Van,1329.0,2662.1,2675.7864794246625,2662.866120069301,2669.326299746982,7.226299746982022
TR-036470,2025-08-18,august,Reefer,1002.5,2450.2,2433.444852482792,2414.8852041228793,2424.1650283028357,26.03497169716411
TR-036471,2025-08-18,august,Reefer,798.9,1881.24,1918.3621112347173,1882.3158683102147,1900.338989772466,19.098989772465984
TR-036472,2025-08-18,august,Flatbed,534.4,1239.46,1252.9794058711523,1239.3425375866927,1246.1609717289225,6.700971728922468
TR-036473,2025-08-18,august,Reefer,830.6,2022.38,2058.768617238539,2046.4598055447982,2052.6142113916685,30.234211391668396
TR-036474,2025-08-18,august,Dry Van,475.7,1068.71,1074.224209800496,1076.06477992864,1075.144494864568,6.434494864568023
TR-036475,2025-08-18,august,Dry Van,1632.1,3088.48,3168.809746184757,3150.309123260152,3159.559434722454,71.07943472245415
TR-036476,2025-08-18,august,Reefer,1142.7,2533.85,2541.373292552826,2544.585126426905,2542.9792094898658,9.129209489865843
TR-036477,2025-08-18,august,Dry Van,255.9,648.16,647.3965488128758,678.9644256953923,663.180487254134,15.020487254134082
TR-036478,2025-08-19,august,Dry Van,2087.2,4062.45,4115.096623958838,4057.3122751242745,4086.204449541556,23.75444954155637
TR-036479,2025-08-19,august,Dry Van,1317.3,2528.12,2616.6684377747383,2621.3505220253573,2619.009479900048,90.88947990004817
TR-036480,2025-08-19,august,Flatbed,1011.3,2170.15,2201.798645507699,2187.6833669038806,2194.7410062057897,24.591006205789654
TR-036481,2025-08-19,august,Flatbed,1249.0,2807.51,2773.7667134417916,2875.3527650060887,2824.55973922394,17.049739223939923
TR-036482,2025-08-19,august,Reefer,2196.2,4494.76,4663.023918254717,4614.416029780504,4638.71997401761,143.95997401760997
TR-036483,2025-08-19,august,Dry Van,287.7,700.81,685.3130043210745,692.3812990434988,688.8471516822866,11.962848317713338
TR-036484,2025-08-19,august,Dry Van,684.0,1434.06,1430.7183382553912,1450.4938856155086,1440.60611193545,6.5461119354499715
TR-036485,2025-08-19,august,Flatbed,623.6,1421.04,1412.1471698975513,1396.1131224586256,1404.1301461780886,16.909853821911383
TR-036486,2025-08-19,august,Dry Van,1855.1,3248.51,3458.4658376604402,3369.2719699753466,3413.8689038178936,165.3589038178934
TR-036487,2025-08-19,august,Dry Van,1910.2,3482.69,3514.913792716957,3593.3923391212547,3554.1530659191058,71.4630659191057
TR-036488,2025-08-19,august,Flatbed,942.5,1940.19,1935.9571102863592,1928.89917493823,1932.4281426122948,7.761857387705277
TR-036489,2025-08-19,august,Reefer,203.0,577.87,561.0499542387437,606.0848272540684,583.5673907464061,5.697390746406086
TR-036490,2025-08-19,august,Dry Van,957.2,1938.92,1957.6687153508146,1950.7388718868272,1954.2037936188208,15.28379361882071
TR-036491,2025-08-19,august,Flatbed,1165.8,2529.01,2595.0367618424834,2578.22698919073,2586.6318755166067,57.62187551660645
TR-036492,2025-08-19,august,Flatbed,2057.9,4145.98,4256.48685665466,4248.602292367781,4252.544574511221,106.56457451122151
TR-036493,2025-08-19,august,Reefer,1703.9,3683.08,3662.6076993208817,3658.5556226173303,3660.581660969106,22.49833903089393
TR-036494,2025-08-19,august,Reefer,215.5,621.06,616.051067643856,661.546633537715,638.7988505907855,17.738850590785546
TR-036495,2025-08-19,august,Reefer,1065.4,2412.3,2418.868449090042,2473.0254110120136,2445.9469300510277,33.64693005102754
TR-036496,2025-08-19,august,Flatbed,723.7,1602.28,1604.0529337674723,1567.7647882671902,1585.9088610173312,16.371138982668754
TR-036497,2025-08-19,august,Reefer,2493.0,5007.09,5147.129855869413,5062.018736472444,5104.574296170929,97.48429617092916
TR-036498,2025-08-19,august,Dry Van,2080.3,3974.93,4070.076980897752,4142.248926631492,4106.162953764622,131.23295376462238
TR-036499,2025-08-19,august,Dry Van,2108.2,3785.29,3914.1886377371957,3886.163973128153,3900.1763054326743,114.88630543267436
TR-036500,2025-08-19,august,Dry Van,2002.9,3699.85,3779.3359179279473,3773.844131136078,3776.5900245320126,76.74002453201274
TR-036501,2025-08-19,august,Dry Van,1967.7,3577.21,3623.9830903354423,3583.980747338179,3603.9819188368106,26.771918836810528
TR-036502,2025-08-19,august,Reefer,941.1,2123.58,2155.0400647065117,2131.1708477156244,2143.105456211068,19.525456211068104
TR-036503,2025-08-19,august,Reefer,2592.1,5212.13,5184.444557003389,5287.04452837437,5235.744542688879,23.614542688878828
TR-036504,2025-08-19,august,Dry Van,673.4,1360.75,1347.328259461077,1366.7342693171454,1357.0312643891111,3.7187356108888707
TR-036505,2025-08-19,august,Reefer,1389.2,2928.8,3025.9753313485417,3032.3284114766348,3029.151871412588,100.35187141258803
TR-036506,2025-08-19,august,Dry Van,2014.1,3687.08,3773.2375820905554,3825.667906803612,3799.4527444470837,112.37274444708373
TR-036507,2025-08-19,august,Dry Van,636.4,1239.01,1273.582450139198,1271.9823233914265,1272.7823867653124,33.772386765312376
TR-036508,2025-08-19,august,Dry Van,303.6,698.91,683.5645428468282,690.4892987065768,687.0269207767026,11.883079223297386
TR-036509,2025-08-19,august,Dry Van,936.0,1890.03,1877.3224919316685,1872.6124967575931,1874.9674943446307,15.06250565536925
TR-036510,2025-08-19,august,Dry Van,1803.6,3376.05,3526.7933473651674,3464.004372009693,3495.39885968743,119.34885968742992
TR-036511,2025-08-19,august,Dry Van,197.0,484.6,488.8339517719214,508.28632214276035,498.5601369573409,13.960136957340865
TR-036512,2025-08-19,august,Dry Van,1753.5,3328.76,3366.3267565668916,3352.683553794892,3359.505155180892,30.745155180891743
TR-036513,2025-08-19,august,Reefer,1337.5,2946.23,3019.705385101366,2990.9026490291503,3005.3040170652584,59.07401706525843
TR-036514,2025-08-19,august,Reefer,727.7,1713.96,1714.8162808293507,1714.3023541213358,1714.5593174753433,0.5993174753432413
TR-036515,2025-08-19,august,Dry Van,1483.3,2876.51,2817.486815649951,2900.703846813737,2859.0953312318443,17.414668768155934
TR-036516,2025-08-19,august,Dry Van,1004.8,2088.96,2090.0427534927844,2076.3883714310955,2083.21556246194,5.744437538060083
TR-036517,2025-08-19,august,Dry Van,1987.2,3594.09,3639.1570426774592,3641.771783460069,3640.464413068764,46.374413068763715
TR-036518,2025-08-19,august,Dry Van,1836.5,3494.05,3588.1260010708306,3551.919664043513,3570.0228325571716,75.97283255717139
TR-036519,2025-08-19,august,Dry Van,480.1,1114.24,1089.6814643713897,1084.6980713164153,1087.1897678439025,27.050232156097536
TR-036520,2025-08-19,august,Reefer,1172.3,2714.49,2738.680534706746,2699.340772741477,2719.0106537241118,4.52065372411198
TR-036521,2025-08-19,august,Dry Van,636.2,1401.37,1373.8732481109132,1383.7769250497975,1378.8250865803552,22.544913419644672
TR-036522,2025-08-19,august,Dry Van,1064.5,2062.24,2084.024508628713,2074.320578729761,2079.172543679237,16.93254367923737
TR-036523,2025-08-19,august,Dry Van,434.6,910.62,939.3943689261586,931.4420243277891,935.4181966269739,24.79819662697389
TR-036524,2025-08-19,august,Reefer,1087.4,2451.68,2483.3513525341023,2434.0568780747794,2458.704115304441,7.0241153044412385
TR-036525,2025-08-19,august,Reefer,815.1,1876.04,1905.6610992886044,1916.703324849674,1911.182212069139,35.14221206913908
TR-036526,2025-08-19,august,Reefer,231.8,643.19,629.3545922511091,672.2339863706795,650.7942893108943,7.6042893108942735
TR-036527,2025-08-19,august,Reefer,1002.5,2168.16,2282.918836744099,2298.497547410997,2290.708192077548,122.54819207754826
TR-036528,2025-08-19,august,Dry Van,1868.6,3719.7,3706.418747025076,3634.7025537068866,3670.560650365981,49.1393496340188
TR-036529,2025-08-19,august,Dry Van,1801.5,3308.92,3330.8481964122025,3285.2258729834466,3308.0370346978243,0.8829653021757622
TR-036530,2025-08-19,august,Dry Van,1371.4,2682.76,2774.845956921056,2776.3523568962,2775.599156908628,92.83915690862796
TR-036531,2025-08-19,august,Reefer,633.4,1574.32,1574.8784474315664,1537.243286878229,1556.0608671548976,18.259132845102386
TR-036532,2025-08-19,august,Reefer,1993.9,4083.58,4149.979163923826,4083.3432357444167,4116.661199834121,33.081199834121435
TR-036533,2025-08-19,august,Dry Van,971.4,1889.76,1925.2930830308087,1942.016408143942,1933.6547455873754,43.89474558737538
TR-036534,2025-08-19,august,Flatbed,2360.1,4693.35,4768.020887844234,4758.158743505182,4763.089815674708,69.73981567470764
TR-036535,2025-08-19,august,Dry Van,1560.2,3092.36,3155.7845180749378,3121.032371003139,3138.408444539038,46.04844453903797
TR-036536,2025-08-19,august,Reefer,451.1,1094.04,1109.4637764359748,1098.086988561997,1103.775382498986,9.735382498985928
TR-036537,2025-08-19,august,Reefer,445.9,1201.66,1166.7494463804503,1198.325337655801,1182.5373920181255,19.12260798187458
TR-036538,2025-08-19,august,Dry Van,1403.8,2757.2,2667.2795352919825,2710.173350132605,2688.7264427122936,68.47355728770617
TR-036539,2025-08-19,august,Dry Van,1240.2,2296.67,2374.0850634095236,2303.5547070592643,2338.819885234394,42.14988523439388
TR-036540,2025-08-19,august,Dry Van,1382.4,2650.75,2672.2870984147658,2663.436621131643,2667.8618597732043,17.111859773204287
TR-036541,2025-08-19,august,Dry Van,492.4,1098.72,1109.7661374866168,1095.6897452041842,1102.7279413454005,4.007941345400468
TR-036542,2025-08-19,august,Dry Van,609.9,1292.85,1320.7073721219822,1293.0968851733805,1306.9021286476814,14.052128647681457
TR-036543,2025-08-19,august,Flatbed,305.0,780.91,795.8273664740519,784.3307745781979,790.079070526125,9.169070526124983
TR-036544,2025-08-19,august,Dry Van,1218.4,2459.64,2507.861200660877,2463.542188786505,2485.7016947236907,26.061694723690835
TR-036545,2025-08-19,august,Dry Van,1448.0,2801.49,2756.000733100339,2855.830215325738,2805.9154742130386,4.425474213038797
TR-036546,2025-08-19,august,Reefer,312.0,881.77,872.0820658749066,922.1115996857052,897.0968327803059,15.32683278030595
TR-036547,2025-08-19,august,Dry Van,2249.7,4040.94,4112.475206531463,4125.436628832773,4118.9559176821185,78.01591768211847
TR-036548,2025-08-19,august,Flatbed,90.0,269.95,282.7992733989013,320.7283423863405,301.7638078926209,31.8138078926209
TR-036549,2025-08-19,august,Dry Van,657.0,1487.21,1449.7410627940492,1467.3596249022946,1458.550343848172,28.65965615182813
TR-036550,2025-08-19,august,Reefer,833.4,1881.32,1990.1191355477006,1938.0639930794164,1964.0915643135586,82.77156431355866
TR-036551,2025-08-19,august,Flatbed,689.3,1649.02,1620.2833444965377,1671.6797042728163,1645.981524384677,3.038475615323023
TR-036552,2025-08-19,august,Reefer,1607.6,3390.6,3399.3681670370033,3455.8503023093444,3427.609234673174,37.00923467317398
TR-036553,2025-08-19,august,Flatbed,1214.7,2499.47,2573.9168980030986,2560.676095680058,2567.296496841578,67.82649684157832
TR-036554,2025-08-19,august,Flatbed,671.5,1415.92,1485.6804940153427,1479.3712378275327,1482.5258659214378,66.60586592143773
TR-036555,2025-08-19,august,Dry Van,1130.8,2284.29,2350.75068222807,2359.4060767730207,2355.0783795005455,70.78837950054549
TR-036556,2025-08-19,august,Reefer,774.9,1813.52,1822.6573612114207,1819.6149575887457,1821.1361594000832,7.616159400083234
TR-036557,2025-08-19,august,Reefer,457.8,1186.67,1193.8377440942288,1209.4141521638442,1201.6259481290365,14.955948129036415
TR-036558,2025-08-19,august,Flatbed,252.7,640.91,628.8081652979799,650.247739527156,639.527952412568,1.3820475874319982
TR-036559,2025-08-19,august,Dry Van,1751.2,3199.7,3298.120138267758,3258.780108733178,3278.450123500468,78.75012350046836
TR-036560,2025-08-19,august,Dry Van,122.0,330.59,352.4661280754293,365.9722392805452,359.21918367798725,28.62918367798727
TR-036561,2025-08-19,august,Dry Van,804.2,1762.13,1735.4268834265483,1732.7563217726388,1734.0916025995934,28.038397400406666
TR-036562,2025-08-19,august,Dry Van,1303.1,2439.47,2564.247254220794,2590.116165410259,2577.181709815526,137.71170981552632
TR-036563,2025-08-19,august,Reefer,523.3,1363.3,1358.5698650027427,1360.175238673952,1359.3725518383474,3.927448161652592
TR-036564,2025-08-19,august,Flatbed,786.1,1700.11,1703.1760244287839,1735.852444014688,1719.514234221736,19.404234221736033
TR-036565,2025-08-19,august,Reefer,322.0,888.84,873.3125901250603,883.6232773908566,878.4679337579585,10.37206624204157
TR-036566,2025-08-19,august,Dry Van,331.2,768.75,752.3329286380189,746.0977257767363,749.2153272073776,19.53467279262236
TR-036567,2025-08-19,august,Dry Van,174.8,423.14,426.115859724641,415.69293723909686,420.90439848186895,2.235601518131034
TR-036568,2025-08-19,august,Reefer,854.5,2057.14,2009.7050722518895,1984.570669740793,1997.1378709963412,60.00212900365864
TR-036569,2025-08-19,august,Dry Van,1144.1,2365.86,2303.367335383854,2260.9939272120087,2282.1806312979315,83.67936870206859
TR-036570,2025-08-19,august,Dry Van,2314.8,4523.85,4460.446601317892,4482.55762287809,4471.502112097991,52.34788790200946
TR-036571,2025-08-19,august,Dry Van,1230.7,2401.06,2417.010644957302,2395.2547776487545,2406.1327113030284,5.072711303028427
TR-036572,2025-08-19,august,Reefer,204.3,611.69,586.9379650871903,645.606762674629,616.2723638809096,4.582363880909497
TR-036573,2025-08-19,august,Dry Van,997.2,1834.73,1915.8230821162592,1911.8592918072816,1913.8411869617703,79.11118696177027
TR-036574,2025-08-19,august,Reefer,1799.7,3876.58,3870.316765161982,3886.6074306239793,3878.4620978929806,1.8820978929807097
TR-036575,2025-08-19,august,Dry Van,2263.3,4178.76,4227.040961513305,4246.640201309668,4236.840581411487,58.08058141148649
TR-036576,2025-08-19,august,Flatbed,962.2,2125.87,2114.7620985213252,2127.5715684336565,2121.166833477491,4.703166522509036
TR-036577,2025-08-19,august,Dry Van,364.9,808.98,809.6973236395999,831.7128596315188,820.7050916355593,11.725091635559238
TR-036578,2025-08-19,august,Reefer,2654.4,5132.34,5336.207627480346,5271.815880358641,5304.0117539194935,171.6717539194933
TR-036579,2025-08-19,august,Reefer,1846.4,3954.67,4085.5733510062605,4052.3443281997306,4068.958839602996,114.28883960299572
TR-036580,2025-08-19,august,Reefer,2012.9,4222.39,4319.514746931467,4358.626446989649,4339.070596960558,116.68059696055752
TR-036581,2025-08-19,august,Flatbed,301.4,779.19,790.4096755484882,784.3440152545822,787.3768454015352,8.186845401535152
TR-036582,2025-08-19,august,Reefer,102.8,305.5,277.23245478030236,342.792734950767,310.01259486553465,4.512594865534652
TR-036583,2025-08-19,august,Dry Van,427.2,927.53,965.2438949638042,944.9995340991638,955.121714531484,27.591714531484058
TR-036584,2025-08-19,august,Dry Van,2324.6,4263.95,4383.0563170492815,4341.956376837739,4362.50634694351,98.5563469435101
TR-036585,2025-08-19,august,Flatbed,421.7,1070.05,1068.792201931286,1065.7253511744614,1067.2587765528738,2.7912234471261854
TR-036586,2025-08-19,august,Dry Van,783.6,1551.73,1547.5561565386306,1610.732315717227,1579.1442361279287,27.41423612792869
TR-036587,2025-08-19,august,Flatbed,2659.2,5028.79,5119.555576983628,5113.140786239335,5116.348181611482,87.55818161148181
TR-036588,2025-08-19,august,Reefer,594.2,1432.27,1450.8571294264027,1429.4257907011204,1440.1414600637615,7.87146006376156
TR-036589,2025-08-19,august,Reefer,468.4,1249.37,1250.427793148212,1264.506920062621,1257.4673566054166,8.097356605416735
TR-036590,2025-08-19,august,Dry Van,1542.0,3132.86,3167.389811035545,3111.771670680898,3139.5807408582214,6.720740858221234
TR-036591,2025-08-19,august,Dry Van,221.1,545.0,565.1390856522356,566.2256184887244,565.68235207048,20.682352070479965
TR-036592,2025-08-19,august,Dry Van,1632.0,3215.76,3253.4820374153837,3221.9435226447367,3237.7127800300605,21.95278003006024
TR-036593,2025-08-19,august,Dry Van,943.4,2014.18,1985.9016276767136,1952.753004382999,1969.3273160298563,44.852683970143744
TR-036594,2025-08-19,august,Dry Van,1324.8,2571.46,2513.0361664978527,2563.6976045817255,2538.366885539789,33.09311446021093
TR-036595,2025-08-19,august,Reefer,450.5,1139.56,1157.7922979723423,1144.0732026186502,1150.9327502954961,11.37275029549619
TR-036596,2025-08-19,august,Dry Van,2978.9,5055.89,5180.6388414476,4996.810426595965,5088.724634021783,32.83463402178222
TR-036597,2025-08-19,august,Reefer,821.2,1867.51,1884.7563600111748,1887.5505186133091,1886.153439312242,18.64343931224198
TR-036598,2025-08-19,august,Flatbed,142.3,1233.19,346.7161752578739,406.0284926359993,376.3723339469366,856.8176660530635
TR-036599,2025-08-19,august,Flatbed,783.9,1651.75,1639.9036615728187,1637.4554210040133,1638.679541288416,13.070458711584024
TR-036600,2025-08-19,august,Dry Van,1083.8,2183.06,2254.669435596659,2258.5881153467512,2256.628775471705,73.56877547170507
TR-036601,2025-08-19,august,Dry Van,2721.5,4622.21,4851.238627766992,4814.9326386476105,4833.085633207302,210.8756332073017
TR-036602,2025-08-19,august,Reefer,1474.0,3186.96,3298.9976041014456,3308.0678918669696,3303.5327479842076,116.57274798420758
TR-036603,2025-08-19,august,Dry Van,2151.2,4157.95,4156.830569671484,4240.212353751205,4198.521461711345,40.571461711345364
TR-036604,2025-08-19,august,Flatbed,471.5,1086.93,1091.0291598848196,1106.6696691118636,1098.8494144983415,11.919414498341439
TR-036605,2025-08-19,august,Dry Van,1586.1,2969.49,3060.0190493514774,3120.978988824564,3090.4990190880208,121.00901908802098
TR-036606,2025-08-19,august,Reefer,2446.4,5016.26,5044.548347878706,5072.645878588052,5058.59711323338,42.33711323337957
TR-036607,2025-08-19,august,Reefer,75.9,251.48,275.18432194327943,350.1886419728587,312.68648195806907,61.20648195806908
TR-036608,2025-08-19,august,Dry Van,176.5,475.77,465.5891267789294,460.18186580519523,462.8854962920623,12.884503707937654
TR-036609,2025-08-19,august,Reefer,2251.7,4493.84,4597.520861903983,4579.5767201464805,4588.548791025232,94.70879102523213
TR-036610,2025-08-20,august,Reefer,98.4,1386.42,290.86286411492944,356.43429563753375,323.64857987623157,1062.7714201237686
TR-036611,2025-08-20,august,Reefer,515.0,1283.24,1288.3279650247014,1295.2468276824802,1291.7873963535908,8.547396353590784
TR-036612,2025-08-20,august,Flatbed,1716.1,3774.05,3702.679328326436,3794.283371563812,3748.481349945124,25.568650054876343
TR-036613,2025-08-20,august,Dry Van,1092.6,2310.44,2282.666070470376,2279.101418273777,2280.8837443720768,29.556255627923292
TR-036614,2025-08-20,august,Dry Van,1415.5,2867.53,2937.6848555319334,2921.9087389613755,2929.7967972466545,62.26679724665428
TR-036615,2025-08-20,august,Dry Van,2166.7,4091.63,4109.134564539695,4081.273435453196,4095.2039999964454,3.573999996445309
TR-036616,2025-08-20,august,Flatbed,295.9,2104.27,721.3989531963501,739.8133692407962,730.6061612185731,1373.6638387814269
TR-036617,2025-08-20,august,Dry Van,2182.9,3897.69,3980.402140728215,4030.3391778248592,4005.370659276537,107.68065927653697
TR-036618,2025-08-20,august,Reefer,931.8,2244.64,2240.6465500928684,2248.3319215333654,2244.489235813117,0.15076418688295234
TR-036619,2025-08-20,august,Reefer,1244.1,2651.55,2743.4381234636076,2712.0597596302696,2727.7489415469386,76.19894154693839
TR-036620,2025-08-20,august,Dry Van,1113.5,2380.7,2371.9663847432503,2317.931299820496,2344.948842281873,35.751157718126706
TR-036621,2025-08-20,august,Reefer,305.4,829.39,839.7005112445039,863.7570094393072,851.7287603419056,22.33876034190564
TR-036622,2025-08-20,august,Dry Van,658.6,1473.56,1433.4108581154128,1455.9399999475481,1444.6754290314805,28.884570968519483
TR-036623,2025-08-20,august,Dry Van,1895.0,3636.99,3635.056569258334,3624.018541891062,3629.5375555746978,7.452444425302019
TR-036624,2025-08-20,august,Dry Van,401.3,915.54,912.1587185713441,908.8864525656841,910.5225855685142,5.017414431485804
TR-036625,2025-08-20,august,Dry Van,556.2,1183.23,1152.593659384606,1166.2330547441534,1159.4133570643799,23.816642935620166
TR-036626,2025-08-20,august,Dry Van,2299.3,4304.02,4212.877902323516,4162.787090454336,4187.832496388926,116.18750361107413
TR-036627,2025-08-20,august,Dry Van,2519.4,4808.84,4719.704791848326,4750.064200988527,4734.884496418426,73.9555035815738
TR-036628,2025-08-20,august,Dry Van,618.8,1391.56,1393.7476806089935,1409.3950829167893,1401.5713817628914,10.01138176289146
TR-036629,2025-08-20,august,Reefer,554.9,1284.09,1301.0698494198737,1317.5732401597525,1309.321544789813,25.231544789813142
TR-036630,2025-08-20,august,Dry Van,737.9,1595.82,1548.5625178251858,1568.4203928892744,1558.49145535723,37.328544642769884
TR-036631,2025-08-20,august,Dry Van,1449.2,2925.66,2922.1770760023323,2973.5776976861052,2947.8773868442186,22.21738684421871
TR-036632,2025-08-20,august,Flatbed,1645.5,3402.74,3485.0796749458987,3523.9740219602445,3504.5268484530716,101.7868484530718
TR-036633,2025-08-20,august,Dry Van,1807.4,3447.63,3592.297329552229,3533.147951591449,3562.722640571839,115.09264057183873
TR-036634,2025-08-20,august,Dry Van,987.0,2126.57,2090.5370794125015,2070.0092744897106,2080.273176951106,46.29682304889411
TR-036635,2025-08-20,august,Flatbed,1502.0,3155.17,3153.2092011326235,3133.419642668906,3143.3144219007645,11.855578099235572
TR-036636,2025-08-20,august,Reefer,2585.6,5422.39,5337.98423392097,5398.070012494773,5368.027123207872,54.36287679212819
TR-036637,2025-08-20,august,Dry Van,1853.8,3591.08,3740.621000931852,3727.7683935776595,3734.1946972547557,143.1146972547558
TR-036638,2025-08-20,august,Reefer,2618.5,5169.48,5332.107876146367,5257.920716471246,5295.0142963088065,125.53429630880692
TR-036639,2025-08-20,august,Dry Van,2050.1,3599.34,3632.111777730967,3674.1779399925645,3653.144858861766,53.80485886176575
TR-036640,2025-08-20,august,Flatbed,1280.8,2646.7,2644.5392450486365,2747.5001019438278,2696.019673496232,49.3196734962321
TR-036641,2025-08-20,august,Dry Van,172.3,472.55,470.8917577826209,490.9702401937684,480.9309989881947,8.380998988194676
TR-036642,2025-08-20,august,Flatbed,342.0,863.42,843.640021583258,839.0528945514272,841.3464580673426,22.07354193265735
TR-036643,2025-08-20,august,Dry Van,874.8,1960.5,1945.8474310579604,1979.4598282166824,1962.6536296373215,2.153629637321501
TR-036644,2025-08-20,august,Dry Van,696.0,342.72,1459.5596747235713,1457.751506890566,1458.6555908070686,1115.9355908070686
TR-036645,2025-08-20,august,Dry Van,1184.4,2388.92,2328.8752873522913,2354.85975809787,2341.8675227250806,47.05247727491951
TR-036646,2025-08-20,august,Reefer,921.9,2259.87,2150.490714857557,2168.0860418202915,2159.2883783389243,100.58162166107559
TR-036647,2025-08-20,august,Dry Van,1167.4,2261.14,2317.396661198839,2263.6922543743635,2290.544457786601,29.404457786601142
TR-036648,2025-08-20,august,Dry Van,939.3,1790.72,1816.0635207909831,1832.3801330139231,1824.2218269024531,33.501826902453104
TR-036649,2025-08-20,august,Dry Van,475.0,1034.76,1017.9822132811355,1010.97909773845,1014.4806555097928,20.279344490207222
TR-036650,2025-08-20,august,Reefer,748.1,1851.91,1869.98728964211,1833.1185645474322,1851.5529270947711,0.35707290522896074
TR-036651,2025-08-20,august,Dry Van,431.8,1013.63,991.8088451535507,998.7729207229895,995.2908829382701,18.339117061729894
TR-036652,2025-08-20,august,Dry Van,421.0,954.57,948.7897646648719,957.9301008279274,953.3599327463996,1.210067253600414
TR-036653,2025-08-20,august,Dry Van,365.2,814.6,814.9950037629065,831.3615243117151,823.1782640373108,8.57826403731076
TR-036654,2025-08-20,august,Dry Van,250.3,636.77,649.0233335916117,639.5697671857354,644.2965503886735,7.526550388673513
TR-036655,2025-08-20,august,Dry Van,2328.0,1098.68,4430.087897514609,4399.660019479002,4414.873958496805,3316.193958496805
TR-036656,2025-08-20,august,Dry Van,1189.7,2434.53,2421.285088525563,2341.1486162484816,2381.2168523870223,53.3131476129779
TR-036657,2025-08-20,august,Dry Van,184.1,501.72,482.20657007455395,486.2197574604129,484.2131637674834,17.506836232516605
TR-036658,2025-08-20,august,Dry Van,1948.0,3768.26,3839.1804632595695,3800.913355477604,3820.046909368587,51.78690936858675
TR-036659,2025-08-20,august,Dry Van,270.4,672.86,647.0421287621107,669.276168311902,658.1591485370063,14.700851462993683
TR-036660,2025-08-20,august,Dry Van,1902.8,3694.93,3717.784991244849,3758.005861350359,3737.895426297604,42.965426297604154
TR-036661,2025-08-20,august,Dry Van,917.5,1834.61,1816.3718281597855,1827.0338492354301,1821.7028386976078,12.907161302392069
TR-036662,2025-08-20,august,Dry Van,993.5,1855.13,1921.9656558893296,1913.1922377069723,1917.5789467981508,62.4489467981507
TR-036663,2025-08-20,august,Reefer,727.1,1850.53,1838.6458879439374,1823.0076998076152,1830.8267938757763,19.703206124223698
TR-036664,2025-08-20,august,Flatbed,1172.5,2405.01,2493.8122882413195,2375.8304578830835,2434.8213730622015,29.811373062201255
TR-036665,2025-08-20,august,Dry Van,745.7,1585.92,1548.6313388708206,1575.9203150073297,1562.2758269390752,23.644173060924913
TR-036666,2025-08-20,august,Dry Van,194.9,485.3,498.6256238832094,512.0257908010249,505.32570734211714,20.02570734211713
TR-036667,2025-08-20,august,Flatbed,636.5,1466.89,1501.2367898139084,1485.5215428328092,1493.3791663233587,26.48916632335863
TR-036668,2025-08-20,august,Dry Van,1884.3,3732.56,3770.513665014066,3806.2279579231335,3788.3708114685996,55.810811468599695
TR-036669,2025-08-20,august,Flatbed,383.8,969.07,925.9695938591615,943.6473881343456,934.8084909967536,34.26150900324649
TR-036670,2025-08-20,august,Dry Van,718.7,1597.78,1551.0315762790303,1591.6794012021928,1571.3554887406117,26.424511259388282
TR-036671,2025-08-20,august,Reefer,439.8,1033.53,1042.1671944141463,1042.0286500624006,1042.0979222382734,8.567922238273468
TR-036672,2025-08-20,august,Dry Van,438.9,1007.86,1035.1704818479,1031.298491807625,1033.2344868277623,25.374486827762325
TR-036673,2025-08-20,august,Dry Van,956.1,2015.73,2049.2468423701944,2054.2022542955688,2051.7245483328816,35.99454833288155
TR-036674,2025-08-20,august,Dry Van,2290.7,4108.8,4194.314390421709,4130.10060204287,4162.2074962322895,53.407496232289304
TR-036675,2025-08-20,august,Reefer,1139.6,2542.56,2552.666267006574,2557.34269542979,2555.0044812181823,12.444481218182318
TR-036676,2025-08-20,august,Flatbed,953.4,2090.52,2076.0115020399467,2112.7577443097402,2094.3846231748435,3.864623174843473
TR-036677,2025-08-20,august,Reefer,990.9,2214.55,2213.472160629515,2247.018073399681,2230.245117014598,15.6951170145976
TR-036678,2025-08-20,august,Dry Van,270.8,601.12,606.083996012476,602.4704675080029,604.2772317602394,3.1572317602393696
TR-036679,2025-08-20,august,Dry Van,606.1,1374.58,1362.4668137682477,1384.503378902178,1373.4850963352128,1.0949036647871253
TR-036680,2025-08-20,august,Dry Van,1813.7,11839.2,3380.4109535451807,3445.795693067117,3413.103323306149,8426.09667669385
TR-036681,2025-08-20,august,Dry Van,1627.9,3288.75,3270.8406159389806,3223.79561782114,3247.31811688006,41.43188311993981
TR-036682,2025-08-20,august,Reefer,853.3,1945.54,2006.7132679935135,1982.8932233805922,1994.8032456870528,49.26324568705286
TR-036683,2025-08-20,august,Dry Van,908.6,1951.68,1954.4593353148862,1954.208285784379,1954.3338105496327,2.6538105496326807
TR-036684,2025-08-20,august,Dry Van,469.1,1038.02,1017.158785129298,1037.8482342276466,1027.5035096784723,10.516490321527726
TR-036685,2025-08-20,august,Reefer,262.6,721.78,681.0302385718298,696.347989936379,688.6891142541044,33.09088574589555
TR-036686,2025-08-20,august,Dry Van,598.6,1436.61,1380.6456142385537,1420.3689526211501,1400.507283429852,36.102716570148004
TR-036687,2025-08-20,august,Dry Van,833.0,1764.72,1719.0692772627888,1718.6508793201426,1718.8600782914657,45.85992170853433
TR-036688,2025-08-20,august,Flatbed,968.6,2089.6,2063.458656747739,2127.134049812606,2095.2963532801723,5.696353280172389
TR-036689,2025-08-20,august,Dry Van,852.1,1890.54,1858.6827366595185,1865.2628366389363,1861.9727866492274,28.56721335077259
TR-036690,2025-08-20,august,Dry Van,1052.0,2105.68,2147.523371766422,2123.708320148413,2135.615845957417,29.935845957417314
TR-036691,2025-08-20,august,Dry Van,3138.3,5533.57,5693.3392021360305,5626.3122437599,5659.825722947966,126.2557229479662
TR-036692,2025-08-20,august,Reefer,607.0,1474.64,1470.7528347943958,1491.3715344692528,1481.0621846318243,6.422184631824166
TR-036693,2025-08-20,august,Flatbed,1779.4,3669.47,3729.5402955361246,3701.5582279707855,3715.549261753455,46.079261753455285
TR-036694,2025-08-20,august,Reefer,1093.6,2434.45,2523.590118020219,2510.3837856068185,2516.9869518135188,82.53695181351895
TR-036695,2025-08-20,august,Dry Van,2332.9,4408.52,4495.577326406131,4430.137901130788,4462.8576137684595,54.33761376845905
TR-036696,2025-08-20,august,Dry Van,1841.0,3681.09,3665.6547314668514,3656.8441158571186,3661.249423661985,19.840576338015126
TR-036697,2025-08-20,august,Reefer,1675.0,3813.32,3735.0099067176293,3766.481450758072,3750.7456787378505,62.574321262149624
TR-036698,2025-08-20,august,Dry Van,1777.6,3441.2,3519.0603121611985,3424.45531497587,3471.7578135685344,30.557813568534584
TR-036699,2025-08-20,august,Dry Van,1840.8,3826.6,3734.647913483316,3723.2529883866637,3728.95045093499,97.64954906500998
TR-036700,2025-08-20,august,Dry Van,496.2,1209.64,1151.71140465978,1164.8433847627557,1158.2773947112678,51.36260528873231
TR-036701,2025-08-20,august,Dry Van,362.5,842.96,872.4343374605785,873.7957146186682,873.1150260396233,30.155026039623294
TR-036702,2025-08-20,august,Dry Van,600.0,1325.4,1315.1015622576617,1351.6255307375081,1333.363546497585,7.963546497584957
TR-036703,2025-08-20,august,Dry Van,845.3,1785.26,1815.6410156362645,1775.626502634374,1795.6337591353192,10.373759135319233
TR-036704,2025-08-20,august,Flatbed,1820.1,3738.53,3790.263855253186,3890.4765433809716,3840.370199317079,101.84019931707871
TR-036705,2025-08-20,august,Dry Van,845.5,1789.47,1792.211229916842,1757.9735343798766,1775.0923821483593,14.377617851640707
TR-036706,2025-08-20,august,Dry Van,1048.5,2219.86,2249.7048831951247,2245.7447619043905,2247.724822549758,27.86482254975772
TR-036707,2025-08-20,august,Flatbed,1718.4,3637.47,3687.0815649595966,3743.6218493024635,3715.35170713103,77.88170713103
TR-036708,2025-08-20,august,Reefer,3236.0,6180.67,6278.909437109294,6217.028045543695,6247.968741326495,67.29874132649456
TR-036709,2025-08-20,august,Dry Van,2354.2,4075.64,4270.68611711131,4195.914619893503,4233.300368502407,157.66036850240698
TR-036710,2025-08-20,august,Flatbed,73.3,218.86,261.94147380085514,278.55304285967964,270.2472583302674,51.3872583302674
TR-036711,2025-08-20,august,Reefer,1055.4,2243.05,2339.847106868431,2330.664438500424,2335.2557726844275,92.2057726844273
TR-036712,2025-08-20,august,Dry Van,2320.8,4382.01,4355.088973568267,4375.353955147009,4365.221464357638,16.78853564236215
TR-036713,2025-08-20,august,Dry Van,199.0,510.82,515.6596196781289,506.48906562044795,511.07434264928844,0.2543426492884464
TR-036714,2025-08-20,august,Reefer,2071.3,4325.54,4292.878271989755,4301.559245292601,4297.218758641178,28.32124135882168
TR-036715,2025-08-20,august,Dry Van,434.4,989.96,941.333008688821,964.000685212028,952.6668469504245,37.293153049575494
TR-036716,2025-08-20,august,Dry Van,1341.2,2755.51,2687.75503726733,2673.4138110232743,2680.5844241453024,74.92557585469785
TR-036717,2025-08-20,august,Reefer,246.0,704.44,678.6326681302942,732.6582858932959,705.645477011795,1.205477011794983
TR-036718,2025-08-20,august,Flatbed,1240.1,2691.38,2651.982162937504,2642.141452360616,2647.06180764906,44.31819235094008
TR-036719,2025-08-20,august,Dry Van,2073.1,3913.51,3884.506170331932,3962.4335303242124,3923.4698503280724,9.959850328072207
TR-036720,2025-08-20,august,Reefer,393.9,1091.2,1049.9474890319761,1076.4990826695102,1063.2232858507432,27.97671414925685
TR-036721,2025-08-20,august,Dry Van,1926.8,3753.75,3771.890800779546,3732.228883627906,3752.059842203726,1.6901577962739793
TR-036722,2025-08-20,august,Dry Van,673.9,1375.57,1410.1646549129089,1419.995504307913,1415.0800796104108,39.51007961041091
TR-036723,2025-08-20,august,Dry Van,300.9,725.83,711.0590616672152,704.654121317405,707.8565914923101,17.973408507689896
TR-036724,2025-08-20,august,Reefer,551.0,1370.4,1347.9331114435038,1361.086587350142,1354.509849396823,15.890150603177062
TR-036725,2025-08-20,august,Dry Van,416.9,956.28,938.8104369938114,960.0931738099002,949.4518054018558,6.828194598144137
TR-036726,2025-08-20,august,Reefer,1141.1,2748.99,2650.9097705116887,2714.478802676929,2682.694286594309,66.295713405691
TR-036727,2025-08-20,august,Flatbed,2126.5,4305.07,4297.817085224289,4423.436193587673,4360.626639405981,55.556639405981514
TR-036728,2025-08-20,august,Dry Van,587.0,1285.25,1298.614709231312,1316.6501704193681,1307.63243982534,22.382439825340043
TR-036729,2025-08-20,august,Dry Van,889.0,1712.54,1742.2578186609403,1779.9593983240431,1761.1086084924918,48.568608492491876
TR-036730,2025-08-20,august,Reefer,1443.5,3234.1,3252.1155898689103,3233.0773677688744,3242.596478818892,8.496478818892228
TR-036731,2025-08-20,august,Dry Van,1968.6,3722.53,3924.3007657861044,3873.4659794559007,3898.8833726210023,176.3533726210021
TR-036732,2025-08-20,august,Dry Van,274.3,657.03,644.9464495332709,633.1646418525233,639.0555456928971,17.97445430710286
TR-036733,2025-08-20,august,Dry Van,1371.4,2707.86,2775.596808239329,2732.9416514937925,2754.2692298665606,46.40922986656051
TR-036734,2025-08-20,august,Dry Van,1053.6,2152.23,2170.9577529966364,2153.9514574455316,2162.454605221084,10.224605221083948
TR-036735,2025-08-20,august,Dry Van,1515.0,3067.5,3121.740385174871,3151.903811226004,3136.8220982004377,69.32209820043772
TR-036736,2025-08-20,august,Dry Van,428.7,1009.51,1009.042309205891,1008.3583417740425,1008.7003254899668,0.8096745100332328
TR-036737,2025-08-20,august,Dry Van,1062.3,2068.94,2105.825191140218,2100.669323757672,2103.2472574489448,34.30725744894471
TR-036738,2025-08-20,august,Dry Van,2348.7,4399.22,4372.922141453523,4429.707588248535,4401.314864851029,2.094864851028433
TR-036739,2025-08-20,august,Dry Van,357.9,910.13,896.445580030397,880.3672128281319,888.4063964292644,21.723603570735577
TR-036740,2025-08-20,august,Reefer,506.1,1244.46,1268.6732427369082,1263.733119094079,1266.2031809154937,21.743180915493667
TR-036741,2025-08-20,august,Dry Van,1104.1,2054.36,2082.760861936108,2101.3637632957907,2092.0623126159494,37.70231261594927
TR-036742,2025-08-20,august,Reefer,1479.8,3311.12,3349.633803592295,3342.2391832276953,3345.936493409995,34.81649340999502
TR-036743,2025-08-20,august,Dry Van,1740.1,3116.25,3221.0050209844235,3263.68427960309,3242.344650293757,126.09465029375679
TR-036744,2025-08-20,august,Dry Van,423.4,972.59,971.435999831109,953.7090177499022,962.5725087905056,10.017491209494437
TR-036745,2025-08-20,august,Reefer,661.9,1528.99,1597.2196238630092,1573.3061010749052,1585.2628624689573,56.27286246895733
TR-036746,2025-08-20,august,Dry Van,395.1,904.99,842.9066886385912,876.6297210523167,859.768204845454,45.221795154546044
TR-036747,2025-08-20,august,Reefer,1257.1,2681.57,2816.081991398472,2810.34730111594,2813.214646257206,131.64464625720575
TR-036748,2025-08-20,august,Reefer,2277.9,4782.94,4842.873459139215,4866.64395796023,4854.7587085497225,71.81870854972294
TR-036749,2025-08-20,august,Dry Van,1114.7,2305.82,2286.4006815992316,2282.908361481255,2284.654521540243,21.165478459757196
TR-036750,2025-08-20,august,Dry Van,538.7,1135.08,1118.8827153322977,1120.2887291327243,1119.585722232511,15.494277767488938
TR-036751,2025-08-20,august,Dry Van,716.9,1621.15,1621.023351851784,1629.4685882400227,1625.2459700459033,4.0959700459031865
TR-036752,2025-08-20,august,Dry Van,1311.4,2537.55,2588.378929298896,2587.0291904926003,2587.7040598957483,50.154059895748105
TR-036753,2025-08-20,august,Dry Van,548.3,1166.11,1165.5853446069405,1163.733188784613,1164.6592666957768,1.4507333042231494
TR-036754,2025-08-20,august,Dry Van,657.7,1535.6,1462.4763266564503,1495.9209115179576,1479.198619087204,56.40138091279596
TR-036755,2025-08-20,august,Dry Van,883.0,1724.39,1718.4643737071688,1754.7361954314438,1736.6002845693063,12.210284569306168
TR-036756,2025-08-20,august,Flatbed,176.9,493.53,455.121976260813,479.168286195729,467.145131228271,26.384868771728975
TR-036757,2025-08-20,august,Dry Van,2097.6,3778.8,3883.7497463852314,3838.457999685047,3861.1038730351393,82.30387303513908
TR-036758,2025-08-20,august,Reefer,405.5,946.97,956.6593393025172,957.3831248709289,957.0212320867231,10.051232086723076
TR-036759,2025-08-20,august,Dry Van,748.8,1586.05,1552.8641547153827,1584.5259001970119,1568.6950274561973,17.35497254380266
TR-036760,2025-08-20,august,Dry Van,235.9,588.43,601.6835516331362,614.8940190165818,608.288785324859,19.858785324859014
TR-036761,2025-08-20,august,Reefer,1589.6,3540.52,3541.6456081394062,3640.2095417705377,3590.927574954972,50.407574954972006
TR-036762,2025-08-20,august,Dry Van,1026.1,2164.19,2171.090052660655,2198.326187544039,2184.708120102347,20.518120102346984
TR-036763,2025-08-20,august,Reefer,2027.0,4327.83,4388.699153163995,4349.35927065877,4369.029211911382,41.19921191138201
TR-036764,2025-08-20,august,Flatbed,2487.8,4999.28,4972.25841672612,4979.494681071943,4975.876548899032,23.403451100967686
TR-036765,2025-08-20,august,Dry Van,2498.8,4525.36,4577.444402965843,4580.31789952216,4578.881151244002,53.521151244001885
TR-036766,2025-08-20,august,Reefer,772.6,1804.96,1796.2465977901784,1822.955703822096,1809.6011508061372,4.641150806137148
TR-036767,2025-08-20,august,Flatbed,592.9,1452.84,1433.0885349157527,1427.0144369956865,1430.0514859557197,22.78851404428019
TR-036768,2025-08-20,august,Flatbed,1697.4,3612.33,3650.2055128983334,3663.2209269709247,3656.713219934629,44.38321993462887
TR-036769,2025-08-20,august,Flatbed,252.0,660.26,655.1056319593139,684.1787774076918,669.6422046835028,9.382204683502778
TR-036770,2025-08-20,august,Dry Van,2789.4,5089.9,5160.92116292893,5123.792232947864,5142.356697938398,52.456697938398065
TR-036771,2025-08-20,august,Reefer,2348.1,4681.91,4708.160711749818,4791.596753811926,4749.878732780871,67.9687327808715
TR-036772,2025-08-20,august,Flatbed,426.9,989.75,1026.3397490843113,1006.694542649953,1016.5171458671321,26.767145867132058
TR-036773,2025-08-20,august,Reefer,1698.8,3808.51,3884.9500521538293,3825.7559193348443,3855.352985744337,46.8429857443366
TR-036774,2025-08-20,august,Dry Van,1233.1,2535.37,2464.3269005256975,2438.070694337523,2451.1987974316103,84.17120256838962
TR-036775,2025-08-20,august,Dry Van,1004.3,2002.27,1998.524145216607,1999.50839009209,1999.0162676543484,3.2537323456515423
TR-036776,2025-08-20,august,Flatbed,535.0,1186.24,1201.439568799214,1195.2501915673763,1198.3448801832951,12.104880183295109
TR-036777,2025-08-20,august,Dry Van,1754.3,3466.25,3442.5025470533724,3476.9564906622986,3459.7295188578355,6.520481142164499
TR-036778,2025-08-21,august,Dry Van,287.5,697.99,687.6238234167724,722.2423616753154,704.9330925460439,6.943092546043886
TR-036779,2025-08-21,august,Dry Van,1194.7,2390.25,2411.67529333313,2394.180494133185,2402.9278937331574,12.677893733157362
TR-036780,2025-08-21,august,Dry Van,421.4,949.82,955.249708439048,947.977883290497,951.6137958647726,1.7937958647725054
TR-036781,2025-08-21,august,Dry Van,929.3,2029.95,2022.4742421088117,2026.7538906686898,2024.6140663887509,5.335933611249175
TR-036782,2025-08-21,august,Dry Van,872.4,1791.15,1754.1453503389407,1799.4082837149647,1776.7768170269528,14.373182973047278
TR-036783,2025-08-21,august,Dry Van,728.1,1570.09,1497.9155512656528,1553.8306808760306,1525.8731160708417,44.21688392915826
TR-036784,2025-08-21,august,Dry Van,1086.7,2239.63,2225.620967076737,2249.3663080790493,2237.4936375778934,2.1363624221066857
TR-036785,2025-08-21,august,Dry Van,726.9,1638.23,1567.6788410517647,1613.6273219656468,1590.6530815087058,47.576918491294236
TR-036786,2025-08-21,august,Dry Van,445.0,990.81,980.2603164095112,1004.9525636396143,992.6064400245627,1.7964400245627985
TR-036787,2025-08-21,august,Dry Van,2153.2,3892.62,3904.5756159725197,3944.5400265058115,3924.5578212391656,31.937821239165714
TR-036788,2025-08-21,august,Dry Van,461.8,971.16,1005.0037798008783,998.5407534463482,1001.7722666236132,30.61226662361321
TR-036789,2025-08-21,august,Reefer,540.5,1270.17,1321.0207149532853,1311.6905073884318,1316.3556111708585,46.185611170858465
TR-036790,2025-08-21,august,Dry Van,2822.9,5285.51,5337.180985999045,5208.339869154743,5272.760427576894,12.749572423106656
TR-036791,2025-08-21,august,Dry Van,335.6,847.21,814.8405283217922,841.0572639290408,827.9488961254165,19.26110387458357
TR-036792,2025-08-21,august,Dry Van,2674.7,5067.94,5076.590900726725,4997.490959545648,5037.040930136187,30.899069863812656
TR-036793,2025-08-21,august,Reefer,2285.3,4868.53,4816.596073125237,4809.76506500639,4813.180569065813,55.349430934186785
TR-036794,2025-08-21,august,Dry Van,726.5,1579.37,1553.7742813966972,1572.7880518222237,1563.2811666094603,16.08883339053955
TR-036795,2025-08-21,august,Reefer,1660.1,3794.2,3798.1152091620465,3810.945307991117,3804.5302585765817,10.330258576581855
TR-036796,2025-08-21,august,Dry Van,577.0,1145.33,1153.8488824763594,1159.7595478821058,1156.8042151792326,11.474215179232715
TR-036797,2025-08-21,august,Dry Van,909.7,1837.01,1885.100333699216,1888.6667525161693,1886.8835431076927,49.87354310769274
TR-036798,2025-08-21,august,Flatbed,286.1,748.1,711.6467512036596,742.8309201652148,727.2388356844372,20.86116431556286
TR-036799,2025-08-21,august,Dry Van,805.5,1619.03,1687.427832805465,1647.6436156244,1667.5357242149325,48.50572421493257
TR-036800,2025-08-21,august,Dry Van,1133.3,2244.95,2202.1830139566346,2274.499044695901,2238.3410293262677,6.608970673732074
TR-036801,2025-08-21,august,Reefer,1314.0,2897.26,2895.8080480206413,2869.295041140397,2882.5515445805195,14.708455419480742
TR-036802,2025-08-21,august,Dry Van,963.3,1933.26,1959.9755008166146,1939.9317155249487,1949.9536081707815,16.693608170781545
TR-036803,2025-08-21,august,Reefer,3124.5,6445.9,6411.377208501217,6461.583823140546,6436.480515820882,9.419484179117717
TR-036804,2025-08-21,august,Flatbed,1716.7,3509.63,3505.2661579424635,3553.077313845834,3529.1717358941487,19.541735894148587
TR-036805,2025-08-21,august,Dry Van,381.7,881.82,877.2937245271273,891.9441364353584,884.6189304812428,2.7989304812427918
TR-036806,2025-08-21,august,Dry Van,559.0,1117.21,1140.5078002456157,1146.0153431887238,1143.2615717171698,26.051571717169736
TR-036807,2025-08-21,august,Dry Van,372.8,884.12,857.6441370199128,851.7934241786095,854.7187805992612,29.401219400738796
TR-036808,2025-08-21,august,Dry Van,476.9,1004.87,1047.2909503185967,1019.6424950882606,1033.4667227034288,28.59672270342878
TR-036809,2025-08-21,august,Dry Van,864.2,1786.82,1784.7475000056775,1781.5705070098663,1783.159003507772,3.6609964922279232
TR-036810,2025-08-21,august,Dry Van,587.9,1253.59,1250.5059105720702,1256.4071246488618,1253.456517610466,0.13348238953381042
TR-036811,2025-08-21,august,Reefer,2100.1,4403.73,4440.714505934912,4426.214945639789,4433.464725787351,29.734725787351636
TR-036812,2025-08-21,august,Dry Van,289.6,767.18,761.6340020285232,754.9886098977345,758.3113059631289,8.868694036871034
TR-036813,2025-08-21,august,Flatbed,2063.8,3856.7,3956.972618686806,4032.4770168904574,3994.7248177886318,138.02481778863194
TR-036814,2025-08-21,august,Dry Van,873.2,1758.47,1796.467726551326,1843.9803558482192,1820.2240411997727,61.7540411997727
TR-036815,2025-08-21,august,Dry Van,1303.3,2669.68,2688.1318669980233,2668.2262079174807,2678.179037457752,8.499037457752365
TR-036816,2025-08-21,august,Dry Van,631.4,1292.01,1314.9153212861481,1272.8523472495267,1293.8838342678373,1.87383426783731
TR-036817,2025-08-21,august,Dry Van,1899.4,3610.69,3648.903197858641,3616.7725662548855,3632.837882056763,22.147882056763137
TR-036818,2025-08-21,august,Reefer,433.2,1019.65,1101.5220633895256,1067.5697881809128,1084.5459257852192,64.89592578521922
TR-036819,2025-08-21,august,Dry Van,134.6,333.85,343.78377812250517,354.1950195921793,348.9893988573422,15.1393988573422
TR-036820,2025-08-21,august,Dry Van,1016.3,2059.99,2036.1955408353829,2027.273885713408,2031.7347132743953,28.255286725604492
TR-036821,2025-08-21,august,Reefer,538.1,1276.36,1314.9282660598858,1334.1614157110293,1324.5448408854577,48.18484088545779
TR-036822,2025-08-21,august,Flatbed,2300.3,4884.31,4770.173227341856,4818.31787398819,4794.245550665022,90.06444933497824
TR-036823,2025-08-21,august,Reefer,985.8,2222.35,2233.47257368402,2287.0224058709955,2260.247489777508,37.89748977750787
TR-036824,2025-08-21,august,Reefer,417.1,1108.91,1098.0432543954744,1100.7898377512317,1099.416546073353,9.493453926647135
TR-036825,2025-08-21,august,Flatbed,1473.3,3056.51,3165.4098070316186,3212.477401015477,3188.943604023548,132.43360402354756
TR-036826,2025-08-21,august,Reefer,979.3,2399.16,2291.6099077961508,2319.2404940105025,2305.4252009033266,93.73479909667321
TR-036827,2025-08-21,august,Dry Van,1704.4,3246.87,3225.4131986978273,3235.1733005572833,3230.2932496275553,16.57675037244462
TR-036828,2025-08-21,august,Dry Van,417.0,918.93,919.3973712591654,931.0142099009081,925.2057905800368,6.275790580036869
TR-036829,2025-08-21,august,Dry Van,1839.5,3712.27,3666.6017180483113,3704.4599511154547,3685.530834581883,26.739165418116954
TR-036830,2025-08-21,august,Dry Van,880.1,1929.4,1954.7407653272974,1944.7518691508224,1949.7463172390599,20.346317239059772
TR-036831,2025-08-21,august,Dry Van,1061.1,1986.98,1944.0273306003664,1955.7380001632105,1949.8826653817885,37.09733461821156
TR-036832,2025-08-21,august,Flatbed,1013.9,2160.97,2181.948694380761,2179.7738013597955,2180.861247870278,19.89124787027822
TR-036833,2025-08-21,august,Dry Van,1510.8,2817.46,2897.01459563747,2944.7998480217398,2920.907221829605,103.44722182960504
TR-036834,2025-08-21,august,Reefer,1554.9,3299.81,3434.9794408770963,3337.928121815373,3386.453781346235,86.64378134623485
TR-036835,2025-08-21,august,Flatbed,3026.8,6089.99,5937.907771531639,5953.18439845363,5945.546084992635,144.44391500736492
TR-036836,2025-08-21,august,Reefer,1048.9,2457.42,2456.3304642722615,2487.9920111344395,2472.1612377033507,14.741237703350635
TR-036837,2025-08-21,august,Reefer,477.1,1202.6,1200.783469057402,1198.7337250797766,1199.7585970685893,2.8414029314105846
TR-036838,2025-08-21,august,Reefer,1098.5,2550.17,2495.626259567481,2512.2753128355416,2503.9507862015116,46.219213798488454
TR-036839,2025-08-21,august,Dry Van,808.6,1642.54,1645.9649706174118,1685.094335183836,1665.529652900624,22.989652900623923
TR-036840,2025-08-21,august,Flatbed,558.3,1239.55,1224.5491447847962,1220.681659977191,1222.6154023809936,16.934597619006354
TR-036841,2025-08-21,august,Flatbed,859.4,2014.39,2018.043409247263,1993.7126584887062,2005.8780338679846,8.51196613201546
TR-036842,2025-08-21,august,Dry Van,936.7,1775.15,1795.0263705905118,1783.9254936352213,1789.4759321128665,14.32593211286644
TR-036843,2025-08-21,august,Dry Van,356.7,842.84,829.8403843048187,833.3706625555928,831.6055234302057,11.23447656979431
TR-036844,2025-08-21,august,Dry Van,833.3,1736.32,1711.3947665551984,1697.6694150914532,1704.5320908233257,31.787909176674248
TR-036845,2025-08-21,august,Reefer,1073.7,2515.93,2541.8553760494824,2658.6595601086537,2600.257468079068,84.32746807906824
TR-036846,2025-08-21,august,Reefer,723.1,1714.47,1771.720903148651,1726.0641534156105,1748.8925282821306,34.42252828213054
TR-036847,2025-08-21,august,Dry Van,523.8,1150.61,1138.8826828391057,1160.8577396289206,1149.8702112340131,0.7397887659867592
TR-036848,2025-08-21,august,Dry Van,474.7,1076.29,1085.4375754114765,1099.2908373357072,1092.364206373592,16.074206373592006
TR-036849,2025-08-21,august,Dry Van,733.3,1611.52,1587.1435658450882,1607.5700411351122,1597.3568034901002,14.163196509899763
TR-036850,2025-08-21,august,Dry Van,198.2,515.58,510.1196534522897,543.3687554746866,526.7442044634881,11.16420446348809
TR-036851,2025-08-21,august,Reefer,687.5,1628.64,1564.9472492211182,1613.5863000080506,1589.2667746145844,39.37322538541571
TR-036852,2025-08-21,august,Dry Van,804.5,1712.3,1758.6588162185988,1740.0907350751124,1749.3747756468556,37.07477564685564
TR-036853,2025-08-21,august,Reefer,2143.1,4457.75,4509.453515446325,4502.268600162715,4505.86105780452,48.11105780451999
TR-036854,2025-08-21,august,Flatbed,461.8,1136.15,1154.310256776622,1127.6608541059586,1140.9855554412902,4.835555441290126
TR-036855,2025-08-21,august,Dry Van,1853.7,3759.61,3698.9062071241447,3651.6083610607625,3675.2572840924536,84.35271590754655
TR-036856,2025-08-21,august,Flatbed,1515.3,3034.0,3071.166296396946,3066.5450095121573,3068.8556529545517,34.855652954551715
TR-036857,2025-08-21,august,Dry Van,1509.5,2928.26,2870.0743822858726,2941.368583521466,2905.7214829036693,22.538517096330906
TR-036858,2025-08-21,august,Dry Van,976.4,1902.46,1925.3907774815561,1931.679420314702,1928.535098898129,26.075098898129
TR-036859,2025-08-21,august,Dry Van,1405.8,2817.21,2801.6676997256623,2809.388319908637,2805.5280098171497,11.681990182850313
TR-036860,2025-08-21,august,Dry Van,963.3,1879.48,1918.5143576076468,1933.6927200456928,1926.1035388266698,46.6235388266698
TR-036861,2025-08-21,august,Dry Van,933.0,1845.85,1786.0369213364852,1791.6655779075338,1788.8512496220096,56.99875037799029
TR-036862,2025-08-21,august,Flatbed,1090.7,2318.82,2375.1055260116154,2312.9657673603406,2344.035646685978,25.215646685977845
TR-036863,2025-08-21,august,Dry Van,865.2,1856.59,1871.807112342571,1885.980873009231,1878.8939926759008,22.303992675900872
TR-036864,2025-08-21,august,Dry Van,1806.8,3400.02,3412.340886694786,3460.009420856135,3436.175153775461,36.1551537754608
TR-036865,2025-08-21,august,Flatbed,432.2,1034.15,1010.251128632485,1023.1066584230942,1016.6788935277896,17.471106472210522
TR-036866,2025-08-21,august,Dry Van,1183.3,2274.67,2304.201237998794,2293.3243487124228,2298.7627933556087,24.092793355608592
TR-036867,2025-08-21,august,Dry Van,2011.2,3866.5,3880.5067104482505,3911.579094164087,3896.042902306169,29.5429023061688
TR-036868,2025-08-21,august,Dry Van,216.2,550.87,532.6609577504621,553.9328200148389,543.2968888826505,7.5731111173495265
TR-036869,2025-08-21,august,Dry Van,1057.2,2077.94,2078.1754086845185,2108.5411326560265,2093.3582706702728,15.418270670272705
TR-036870,2025-08-21,august,Dry Van,808.3,1560.6,1599.295405738287,1587.8772860600961,1593.5863458991917,32.98634589919175
TR-036871,2025-08-21,august,Dry Van,188.3,506.1,510.0256488496996,515.3194537523768,512.6725513010382,6.572551301038175
TR-036872,2025-08-21,august,Dry Van,2835.6,4790.81,5000.865103239913,4876.901423931977,4938.883263585945,148.07326358594491
TR-036873,2025-08-21,august,Reefer,822.4,1957.68,1998.081586561022,1980.8646452163898,1989.473115888706,31.79311588870587
TR-036874,2025-08-21,august,Flatbed,1550.0,3303.46,3379.29225221735,3373.624845322617,3376.4585487699833,72.99854876998324
TR-036875,2025-08-21,august,Dry Van,1119.3,2290.55,2329.4278114060294,2302.1456254844206,2315.7867184452252,25.23671844522505
TR-036876,2025-08-21,august,Dry Van,524.5,1119.74,1098.0830141720778,1105.8893464934692,1101.9861803327735,17.75381966722648
TR-036877,2025-08-21,august,Dry Van,883.8,1889.92,1929.2483867874635,1951.6116933048893,1940.4300400461764,50.5100400461763
TR-036878,2025-08-21,august,Reefer,790.3,1867.94,1847.9861462799336,1824.0345365373444,1836.0103414086389,31.929658591361203
TR-036879,2025-08-21,august,Flatbed,670.5,1640.97,1669.6067122240072,1638.3639037011703,1653.9853079625886,13.015307962588622
TR-036880,2025-08-21,august,Flatbed,580.3,1284.06,1366.1435013826417,1346.1214276666738,1356.1324645246577,72.07246452465779
TR-036881,2025-08-21,august,Dry Van,655.8,1440.59,1448.35495496325,1477.9498279129596,1463.1523914381048,22.562391438104896
TR-036882,2025-08-21,august,Reefer,2668.0,5418.53,5502.267000500004,5417.72357687531,5459.995288687656,41.46528868765654
TR-036883,2025-08-21,august,Dry Van,1368.3,2669.51,2609.495647138197,2608.95681740483,2609.2262322715133,60.283767728486964
TR-036884,2025-08-21,august,Dry Van,1070.7,2243.76,2309.5216728848945,2314.131272231578,2311.826472558236,68.066472558236
TR-036885,2025-08-21,august,Flatbed,1754.4,3686.52,3683.368893892265,3720.6172034896454,3701.993048690955,15.473048690955238
TR-036886,2025-08-21,august,Dry Van,1747.7,3291.83,3407.18535021036,3414.7159209379515,3410.950635574156,119.12063557415604
TR-036887,2025-08-21,august,Dry Van,1135.4,2216.2,2188.785345829342,2213.3923895172575,2201.0888676733,15.111132326700044
TR-036888,2025-08-21,august,Flatbed,105.6,316.32,263.51931806252657,351.95779735946644,307.7385577109965,8.581442289003519
TR-036889,2025-08-21,august,Reefer,1878.9,4229.19,4191.736735002141,4176.233324819691,4183.985029910917,45.20497008908296
TR-036890,2025-08-21,august,Dry Van,389.6,916.1,913.1938088128019,934.0928670055416,923.6433379091718,7.5433379091717825
TR-036891,2025-08-21,august,Dry Van,2294.4,4069.8,4082.446291998069,4113.206033485236,4097.826162741652,28.026162741652115
TR-036892,2025-08-21,august,Dry Van,1523.9,3132.63,3082.096647595382,3049.015286462981,3065.5559670291814,67.07403297081873
TR-036893,2025-08-21,august,Dry Van,492.6,1151.52,1130.6384250834471,1119.4222274158667,1125.0303262496568,26.489673750343172
TR-036894,2025-08-21,august,Reefer,1769.6,3740.47,3822.7875919185285,3792.155281770667,3807.4714368445975,67.00143684459772
TR-036895,2025-08-21,august,Dry Van,834.0,1761.83,1739.4534132043527,1710.4213601644535,1724.937386684403,36.89261331559692
TR-036896,2025-08-21,august,Reefer,71.9,227.45,218.10262205888193,298.10793670907356,258.10527938397775,30.655279383977756
TR-036897,2025-08-21,august,Dry Van,1704.4,3116.42,3184.346072611495,3133.007564692963,3158.676818652229,42.25681865222896
TR-036898,2025-08-21,august,Dry Van,1768.4,3538.11,3562.623023853498,3538.8607490549534,3550.741886454226,12.631886454225878
TR-036899,2025-08-21,august,Flatbed,585.3,1396.51,1411.6961164433446,1400.4218382403715,1406.058977341858,9.548977341858063
TR-036900,2025-08-21,august,Dry Van,896.1,1891.09,1817.6123021969183,1842.2643670704342,1829.9383346336763,61.15166536632364
TR-036901,2025-08-21,august,Flatbed,256.8,679.82,662.8525403729396,680.3875762383939,671.6200583056668,8.199941694333233
TR-036902,2025-08-21,august,Flatbed,419.1,1090.2,1041.158148848397,1054.7296307434096,1047.9438897959035,42.25611020409656
TR-036903,2025-08-21,august,Dry Van,1769.9,3525.78,3564.34461991175,3538.8607490549534,3551.602684483352,25.822684483351622
TR-036904,2025-08-21,august,Reefer,1654.3,3345.13,3507.2670005872546,3487.018499485258,3497.142750036256,152.01275003625597
TR-036905,2025-08-21,august,Dry Van,1831.0,3381.17,3449.4251396300406,3496.656212142295,3473.0406758861677,91.87067588616765
TR-036906,2025-08-21,august,Reefer,2548.7,5342.18,5278.751868408653,5375.602984603256,5327.177426505954,15.002573494046374
TR-036907,2025-08-21,august,Reefer,2029.3,4353.98,4395.358611701238,4453.9538976564345,4424.656254678836,70.67625467883681
TR-036908,2025-08-21,august,Dry Van,216.3,578.24,561.655158940251,578.8028415676406,570.2290002539457,8.010999746054267
TR-036909,2025-08-21,august,Dry Van,787.2,1648.21,1617.5075966821203,1604.6378698447238,1611.072733263422,37.13726673657811
TR-036910,2025-08-21,august,Reefer,177.6,526.23,512.5364923861435,566.5975458274454,539.5670191067945,13.337019106794514
TR-036911,2025-08-21,august,Dry Van,1419.8,2766.38,2746.007457448115,2808.6855967534893,2777.346527100802,10.966527100802068
TR-036912,2025-08-21,august,Flatbed,1114.7,2474.42,2483.7235863924675,2466.720900536593,2475.22224346453,0.8022434645299654
TR-036913,2025-08-21,august,Dry Van,2147.0,3814.88,3987.3577872451015,3980.5691518474423,3983.963469546272,169.08346954627177
TR-036914,2025-08-21,august,Dry Van,489.6,1161.68,1173.8775260751552,1197.6920382836117,1185.7847821793835,24.104782179383392
TR-036915,2025-08-21,august,Dry Van,1177.1,2231.31,2268.484553743909,2194.849651141273,2231.6671024425914,0.3571024425914402
TR-036916,2025-08-21,august,Dry Van,1156.5,2401.98,2441.2650877146702,2384.586651248092,2412.925869481381,10.945869481381123
TR-036917,2025-08-21,august,Flatbed,1362.8,2888.44,2960.79389308551,2980.276096133717,2970.5349946096135,82.09499460961342
TR-036918,2025-08-21,august,Dry Van,831.9,1856.3,1873.8739445729022,1863.358036699871,1868.6159906363866,12.315990636386687
TR-036919,2025-08-21,august,Dry Van,1353.3,2593.53,2556.784169568192,2598.5625268567364,2577.673348212464,15.856651787536066
TR-036920,2025-08-21,august,Dry Van,1568.9,2925.55,2962.2986143710837,3000.0396100314183,2981.1691122012508,55.61911220125057
TR-036921,2025-08-21,august,Dry Van,644.2,1272.48,1297.63927184153,1296.1429338909104,1296.89110286622,24.411102866220062
TR-036922,2025-08-21,august,Dry Van,263.5,648.07,630.0344870206555,646.5690053221654,638.3017461714105,9.768253828589536
TR-036923,2025-08-21,august,Dry Van,2862.2,5258.82,5241.560087506623,5278.314267392034,5259.937177449328,1.1171774493286648
TR-036924,2025-08-21,august,Dry Van,344.5,249.52,765.749663118908,746.687197550568,756.2184303347381,506.6984303347381
TR-036925,2025-08-21,august,Dry Van,1411.9,2773.08,2795.894479071794,2827.3112452965042,2811.602862184149,38.52286218414929
TR-036926,2025-08-21,august,Flatbed,1231.3,2780.93,2763.2953364140985,2775.3528513676915,2769.324093890895,11.605906109105035
TR-036927,2025-08-21,august,Dry Van,2493.9,4470.46,4591.976714011541,4534.211474412184,4563.094094211862,92.63409421186225
TR-036928,2025-08-21,august,Dry Van,1224.9,2415.52,2465.8468531643266,2410.2776580407053,2438.062255602516,22.54225560251598
TR-036929,2025-08-21,august,Dry Van,1106.6,2272.12,2233.8159865761804,2211.321133226052,2222.5685599011163,49.55144009888363
TR-036930,2025-08-21,august,Dry Van,1894.0,14362.88,3501.9210681731256,3494.732086658849,3498.3265774159872,10864.553422584013
TR-036931,2025-08-21,august,Dry Van,1277.8,2555.97,2599.4480082732202,2587.8150008044113,2593.6315045388155,37.661504538815734
TR-036932,2025-08-21,august,Dry Van,2801.5,5076.78,5214.5460609961265,5097.882334029493,5156.21419751281,79.43419751280999
TR-036933,2025-08-21,august,Reefer,1655.3,3778.41,3811.1744823315844,3836.6612356899423,3823.917859010763,45.50785901076324
TR-036934,2025-08-21,august,Dry Van,1806.1,3556.83,3557.183794550711,3538.096823811763,3547.640309181237,9.189690818762756
TR-036935,2025-08-21,august,Reefer,349.0,935.62,924.2953058465976,957.2577880348447,940.7765469407211,5.156546940721114
TR-036936,2025-08-21,august,Flatbed,437.8,1011.03,1010.6013302801654,1001.6776351968226,1006.139482738494,4.89051726150592
TR-036937,2025-08-21,august,Reefer,750.6,1645.78,1682.3868680738804,1696.8787422763278,1689.632805175104,43.852805175104095
TR-036938,2025-08-21,august,Dry Van,2868.6,4947.36,5023.427570492082,4873.150094345585,4948.288832418833,0.9288324188337356
TR-036939,2025-08-21,august,Reefer,533.0,1275.31,1273.1747022638124,1244.5041276387562,1258.8394149512842,16.470585048715748
TR-036940,2025-08-21,august,Dry Van,2356.2,4222.13,4325.241347725053,4258.105180769865,4291.673264247459,69.54326424745886
TR-036941,2025-08-21,august,Flatbed,1756.2,3501.53,3561.147833969402,3591.8458930780253,3576.4968635237137,74.96686352371353
TR-036942,2025-08-21,august,Dry Van,1109.4,2180.5,2295.892873448821,2251.4664694342423,2273.6796714415314,93.17967144153135
TR-036943,2025-08-22,august,Dry Van,464.7,1029.15,1009.250560644852,1020.5245753578788,1014.8875680013655,14.26243199863461
TR-036944,2025-08-22,august,Dry Van,639.1,1334.05,1340.5540476129697,1338.4982594608077,1339.5261535368886,5.47615353688866
TR-036945,2025-08-22,august,Reefer,675.6,1525.93,1525.5026431621332,1522.1472268754198,1523.8249350187766,2.1050649812234496
TR-036946,2025-08-22,august,Flatbed,112.5,348.27,329.3722599221129,392.08674311855566,360.7295015203343,12.4595015203343
TR-036947,2025-08-22,august,Flatbed,391.0,954.67,960.3650287868568,965.3128601590695,962.8389444729631,8.168944472963176
TR-036948,2025-08-22,august,Dry Van,979.2,1958.51,1973.7116499838476,1981.8009836541012,1977.7563168189745,19.246316818974492
TR-036949,2025-08-22,august,Reefer,2401.6,5154.03,5157.269633292721,5122.9810359765615,5140.125334634641,13.904665365358596
TR-036950,2025-08-22,august,Dry Van,338.7,842.65,807.5037043034536,815.8723398162606,811.6880220598571,30.9619779401429
TR-036951,2025-08-22,august,Dry Van,1855.9,3665.34,3693.505824560406,3668.041440335255,3680.7736324478306,15.433632447830405
TR-036952,2025-08-22,august,Flatbed,864.7,1946.35,2004.4411339087285,2028.1274693274152,2016.2843016180718,69.93430161807191
TR-036953,2025-08-22,august,Reefer,813.6,664.28,1915.5100158820533,1954.114608081089,1934.8123119815712,1270.5323119815712
TR-036954,2025-08-22,august,Dry Van,2221.6,4097.41,4217.882207613273,4210.392941795108,4214.13757470419,116.72757470419037
TR-036955,2025-08-22,august,Reefer,652.0,1537.52,1577.6854500135814,1590.985958688916,1584.3357043512488,46.81570435124877
TR-036956,2025-08-22,august,Flatbed,1549.1,3218.08,3249.076033892765,3228.0074262039157,3238.5417300483405,20.46173004834054
TR-036957,2025-08-22,august,Reefer,1243.6,2701.36,2769.441040851251,2776.0941980268294,2772.76761943904,71.40761943903999
TR-036958,2025-08-22,august,Dry Van,215.3,573.81,565.8427038222067,559.4465125669035,562.6446081945551,11.16539180544487
TR-036959,2025-08-22,august,Dry Van,824.9,1697.95,1700.2090493359096,1760.1152730504461,1730.1621611931778,32.212161193177735
TR-036960,2025-08-22,august,Dry Van,275.5,695.52,678.0921139173519,676.0580279318419,677.075070924597,18.444929075403024
TR-036961,2025-08-22,august,Reefer,1641.0,1109.67,3723.3963086359804,3713.5147673102756,3718.4555379731282,2608.785537973128
TR-036962,2025-08-22,august,Reefer,2025.4,4321.15,4371.286939811928,4358.234723774764,4364.760831793346,43.61083179334673
TR-036963,2025-08-22,august,Reefer,2519.5,5249.85,5334.178938596685,5440.494805938253,5387.3368722674695,137.48687226746915
TR-036964,2025-08-22,august,Dry Van,964.4,1866.21,1856.9081409950834,1861.1953970333575,1859.0517690142206,7.158230985779483
TR-036965,2025-08-22,august,Reefer,1249.7,2688.22,2765.0685256975394,2797.0196272567987,2781.0440764771693,92.82407647716946
TR-036966,2025-08-22,august,Dry Van,603.8,1306.2,1311.7751416973808,1319.3978005732088,1315.5864711352947,9.386471135294641
TR-036967,2025-08-22,august,Flatbed,894.5,2127.18,2127.8217568069244,2115.674428147488,2121.7480924772062,5.431907522793608
TR-036968,2025-08-22,august,Flatbed,864.2,1962.15,2057.1460348456835,2024.4173438876192,2040.7816893666513,78.63168936665124
TR-036969,2025-08-22,august,Dry Van,471.6,1022.31,1041.9093531388464,1022.5188072169605,1032.2140801779035,9.904080177903552
TR-036970,2025-08-22,august,Flatbed,1920.6,3930.77,4006.852828799676,4072.0607401586485,4039.4567844791623,108.68678447916227
TR-036971,2025-08-22,august,Reefer,1008.0,2197.33,2240.528202964208,2220.975262808897,2230.7517328865524,33.42173288655249
TR-036972,2025-08-22,august,Dry Van,82.2,239.63,240.88877321749274,290.0023820288268,265.44557762315975,25.815577623159754
TR-036973,2025-08-22,august,Reefer,358.6,946.18,932.977419981855,918.7797933496804,925.8786066657676,20.30139333423233
TR-036974,2025-08-22,august,Dry Van,1248.5,2460.35,2584.991524361611,2602.308191934711,2593.649858148161,133.2998581481611
TR-036975,2025-08-22,august,Reefer,2416.2,5255.27,5238.542631716813,5234.637947014538,5236.590289365676,18.679710634324692
TR-036976,2025-08-22,august,Reefer,1933.3,4195.1,4192.43471523941,4296.128518027012,4244.281616633211,49.18161663321098
TR-036977,2025-08-22,august,Reefer,523.7,1262.86,1251.35660378719,1268.4554281350452,1259.9060159611176,2.953984038882254
TR-036978,2025-08-22,august,Dry Van,475.2,1053.46,1041.3012166294504,1046.5279075798594,1043.914562104655,9.545437895345003
TR-036979,2025-08-22,august,Dry Van,643.2,1241.93,1276.199777707031,1307.5516041736355,1291.8756909403332,49.94569094033318
TR-036980,2025-08-22,august,Dry Van,2524.8,4522.51,4509.778522919092,4499.828200252494,4504.803361585793,17.70663841420719
TR-036981,2025-08-22,august,Dry Van,1705.8,3349.09,3370.5973836095177,3380.329171172206,3375.4632773908615,26.373277390861404
TR-036982,2025-08-22,august,Flatbed,197.2,526.72,520.145729387559,539.9298398336966,530.0377846106278,3.3177846106277684
TR-036983,2025-08-22,august,Flatbed,2451.3,4815.5,4920.441868579377,4963.708879389353,4942.075373984365,126.57537398436489
TR-036984,2025-08-22,august,Dry Van,1773.8,3303.55,3339.9757277872795,3292.1663385173883,3316.071033152334,12.521033152333985
TR-036985,2025-08-22,august,Flatbed,1809.5,3635.08,3760.7925973134556,3772.910444083197,3766.8515206983266,131.77152069832664
TR-036986,2025-08-22,august,Dry Van,827.2,1863.97,1817.5507812803082,1837.6718895734757,1827.6113354268919,36.35866457310817
TR-036987,2025-08-22,august,Flatbed,793.8,1871.41,1885.108412975524,1850.331232378585,1867.7198226770545,3.690177322945601
TR-036988,2025-08-22,august,Reefer,594.1,1547.77,1519.3900547684354,1542.5806860898067,1530.985370429121,16.784629570878906
TR-036989,2025-08-22,august,Dry Van,259.6,666.16,671.355275988773,680.5519805234012,675.9536282560871,9.793628256087118
TR-036990,2025-08-22,august,Flatbed,1036.4,2285.14,2286.441357127373,2291.8782863087436,2289.159821718058,4.0198217180582105
TR-036991,2025-08-22,august,Reefer,596.0,1405.65,1416.527315983477,1394.0194841416208,1405.2734000625487,0.376599937451374
TR-036992,2025-08-22,august,Reefer,301.1,754.23,771.4284043043828,784.1715033565727,777.7999538304778,23.569953830477743
TR-036993,2025-08-22,august,Dry Van,1650.0,3060.21,3132.484012136669,3181.5199185775655,3157.001965357117,96.79196535711708
TR-036994,2025-08-22,august,Dry Van,576.6,1216.75,1231.9766747618141,1253.4226750827993,1242.6996749223067,25.949674922306713
TR-036995,2025-08-22,august,Reefer,1331.3,2960.5,2881.823595092202,2880.618414368895,2881.221004730549,79.27899526945112
TR-036996,2025-08-22,august,Dry Van,987.2,1947.58,1984.4826078452888,2000.28433902543,1992.3834734353595,44.80347343535959
TR-036997,2025-08-22,august,Dry Van,808.4,1676.59,1683.5647827668781,1721.608971313234,1702.5868770400562,25.996877040056233
TR-036998,2025-08-22,august,Dry Van,881.2,1857.57,1886.2688599486733,1870.063503787542,1878.1661818681077,20.596181868107806
TR-036999,2025-08-22,august,Dry Van,1474.3,2961.48,3035.909073370042,3024.2550842615015,3030.0820788157716,68.60207881577162
TR-037000,2025-08-22,august,Dry Van,1005.2,2064.48,2160.512417879706,2148.016368642414,2154.26439326106,89.7843932610599
TR-037001,2025-08-22,august,Dry Van,1249.2,2454.6,2514.237970165472,2491.813822168264,2503.025896166868,48.425896166867915
TR-037002,2025-08-22,august,Dry Van,1066.2,2147.36,2209.1371818176176,2220.3386871587195,2214.7379344881683,67.3779344881682
TR-037003,2025-08-22,august,Flatbed,578.4,1343.79,1379.272399285359,1379.1308102233747,1379.2016047543668,35.41160475436686
TR-037004,2025-08-22,august,Dry Van,808.7,1784.4,1751.916350289538,1775.5062552360198,1763.7113027627788,20.688697237221277
TR-037005,2025-08-22,august,Dry Van,873.6,1785.93,1795.5651610727434,1795.541945893004,1795.5535534828737,9.623553482873604
TR-037006,2025-08-22,august,Reefer,582.0,1400.87,1422.9567294543801,1426.4186215008372,1424.6876754776085,23.817675477608645
TR-037007,2025-08-22,august,Reefer,2370.2,5043.72,5000.374865242764,5008.882053936564,5004.628459589664,39.091540410336165
TR-037008,2025-08-22,august,Dry Van,2281.1,4386.83,4410.246792435675,4417.657718294511,4413.952255365093,27.122255365093224
TR-037009,2025-08-22,august,Dry Van,990.6,1935.05,1926.0408493435377,1917.4753390293617,1921.7580941864499,13.291905813550102
TR-037010,2025-08-22,august,Flatbed,570.6,1328.92,1370.5336109022794,1359.2980052257594,1364.9158080640195,35.99580806401946
TR-037011,2025-08-22,august,Flatbed,440.3,1021.56,1059.8835739937883,1037.0977803653254,1048.4906771795568,26.930677179556824
TR-037012,2025-08-22,august,Flatbed,1589.0,3409.39,3385.782233126126,3461.7574854518716,3423.7698592889988,14.379859288998887
TR-037013,2025-08-22,august,Dry Van,1494.3,2999.84,3080.823615668539,3028.1367466654506,3054.480181166995,54.64018116699481
TR-037014,2025-08-22,august,Dry Van,742.3,1611.21,1604.825103152035,1647.2459643456484,1626.0355337488418,14.825533748841735
TR-037015,2025-08-22,august,Reefer,369.0,855.73,875.5715921650531,879.1855302822478,877.3785612236504,21.648561223650404
TR-037016,2025-08-22,august,Reefer,961.4,2162.53,2166.650128413343,2157.53033055817,2162.0902294857565,0.43977051424371894
TR-037017,2025-08-22,august,Dry Van,1969.3,3853.5,3893.745182070774,3832.9503236404385,3863.347752855606,9.847752855605904
TR-037018,2025-08-22,august,Dry Van,291.5,709.62,697.3646847534069,695.7015075476143,696.5330961505106,13.086903849489431
TR-037019,2025-08-22,august,Dry Van,797.8,1572.54,1581.7931528535296,1591.9951601919934,1586.8941565227615,14.354156522761514
TR-037020,2025-08-22,august,Dry Van,1300.0,2631.26,2610.9549685486086,2624.3471995633386,2617.6510840559736,13.608915944026649
TR-037021,2025-08-22,august,Reefer,1803.8,4036.45,4060.67959334095,4097.710353950656,4079.1949736458027,42.74497364580293
TR-037022,2025-08-22,august,Dry Van,1821.7,3321.75,3390.172041749682,3359.5866294572234,3374.879335603453,53.129335603453
TR-037023,2025-08-22,august,Flatbed,269.9,679.98,673.423188588193,683.7635322119856,678.5933604000893,1.3866395999107226
TR-037024,2025-08-22,august,Reefer,376.3,1002.94,974.5429869894987,1005.3214048370966,989.9321959132976,13.007804086702436
TR-037025,2025-08-22,august,Reefer,1349.2,3095.69,3095.387775145791,3157.8928146082144,3126.640294877003,30.95029487700276
TR-037026,2025-08-22,august,Dry Van,1444.4,2806.91,2784.1973568678636,2802.1885005331287,2793.192928700496,13.717071299503914
TR-037027,2025-08-22,august,Reefer,2740.9,5454.33,5612.122793878869,5607.467374805802,5609.795084342335,155.4650843423351
TR-037028,2025-08-22,august,Reefer,2039.4,4504.06,4482.302655882182,4437.2780160818975,4459.790335982039,44.26966401796108
TR-037029,2025-08-22,august,Dry Van,440.4,1004.1,991.0593849416427,998.5151741305308,994.7872795360868,9.312720463913251
TR-037030,2025-08-22,august,Dry Van,741.1,1573.25,1530.026816518301,1589.206984875587,1559.616900696944,13.633099303056042
TR-037031,2025-08-22,august,Reefer,1445.0,3219.57,3218.2565584550875,3220.9327787235407,3219.594668589314,0.024668589313932898
TR-037032,2025-08-22,august,Reefer,1160.7,2652.04,2626.083558532694,2620.282596340936,2623.183077436815,28.85692256318498
TR-037033,2025-08-22,august,Dry Van,794.7,1680.37,1670.3709612362782,1659.3851762980262,1664.8780687671522,15.491931232847719
TR-037034,2025-08-22,august,Reefer,1858.1,3740.15,3909.5827544070116,3864.8613608913793,3887.2220576491954,147.07205764919536
TR-037035,2025-08-22,august,Flatbed,2735.6,5376.34,5400.172878107565,5413.170822093128,5406.671850100347,30.331850100346855
TR-037036,2025-08-22,august,Dry Van,727.0,1506.92,1490.2271228942507,1529.214032657282,1509.7205777757663,2.8005777757662145
TR-037037,2025-08-22,august,Reefer,2108.2,4308.01,4408.754200641196,4356.795172636406,4382.774686638801,74.76468663880041
TR-037038,2025-08-22,august,Reefer,830.3,1879.92,1859.130405035046,1878.007440039347,1868.5689225371966,11.35107746280346
TR-037039,2025-08-22,august,Reefer,556.8,1318.97,1288.935875434471,1303.4242707878652,1296.180073111168,22.789926888832042
TR-037040,2025-08-22,august,Flatbed,256.1,707.9,686.3151389157628,717.7396415622288,702.0273902389958,5.872609761004128
TR-037041,2025-08-22,august,Flatbed,1123.8,2404.88,2432.5867264480166,2406.140523864001,2419.3636251560088,14.483625156008657
TR-037042,2025-08-22,august,Dry Van,742.0,1524.89,1532.2739148457497,1532.6132186013845,1532.443566723567,7.5535667235669735
TR-037043,2025-08-22,august,Flatbed,1127.7,2476.08,2530.2122614670952,2511.512567963033,2520.862414715064,44.78241471506408
TR-037044,2025-08-22,august,Dry Van,641.9,1382.58,1366.4267213894288,1362.2128288413999,1364.3197751154144,18.26022488458557
TR-037045,2025-08-22,august,Dry Van,934.6,1765.69,1808.9825881325091,1801.0817585947534,1805.0321733636313,39.34217336363122
TR-037046,2025-08-22,august,Dry Van,577.3,1305.11,1308.8418299578182,1315.8503239958595,1312.346076976839,7.236076976839058
TR-037047,2025-08-22,august,Dry Van,2146.7,4092.43,4116.172185407499,4145.699167758328,4130.935676582913,38.505676582913566
TR-037048,2025-08-22,august,Flatbed,218.2,607.66,603.4980043786865,638.9022918105875,621.2001480946369,13.540148094636947
TR-037049,2025-08-22,august,Dry Van,749.5,1649.33,1600.8135271589686,1632.4900499429002,1616.6517885509343,32.67821144906566
TR-037050,2025-08-22,august,Dry Van,2869.4,5347.7,5340.2943272306375,5249.655609050182,5294.97496814041,52.72503185958976
TR-037051,2025-08-22,august,Flatbed,764.7,1765.59,1730.5346173008422,1733.1524359109237,1731.843526605883,33.74647339411695
TR-037052,2025-08-22,august,Reefer,859.9,2048.33,2049.899508924923,2037.0496010473405,2043.4745549861318,4.85544501386812
TR-037053,2025-08-22,august,Flatbed,922.6,2025.53,2056.6281686925436,2057.7355477132314,2057.1818582028873,31.651858202887297
TR-037054,2025-08-22,august,Reefer,2341.4,4752.73,4903.236744602896,4886.649946696542,4894.943345649719,142.21334564971949
TR-037055,2025-08-22,august,Reefer,805.9,1782.3,1827.8356595750429,1847.5924861531985,1837.7140728641207,55.414072864120726
TR-037056,2025-08-22,august,Reefer,991.1,2333.46,2303.052746959048,2349.587556647122,2326.3201518030846,7.139848196915409
TR-037057,2025-08-22,august,Dry Van,379.4,862.5,865.0773199954224,882.6370118308673,873.8571659131449,11.357165913144854
TR-037058,2025-08-22,august,Reefer,2885.0,6036.06,5985.489199713281,5907.517151599899,5946.5031756565895,89.55682434341088
TR-037059,2025-08-22,august,Reefer,525.6,1218.12,1232.9263681883342,1241.0964875392106,1237.0114278637725,18.891427863772606
TR-037060,2025-08-22,august,Dry Van,180.3,445.02,443.3228477326419,449.70118942537374,446.5120185790078,1.4920185790078335
TR-037061,2025-08-22,august,Reefer,360.0,947.41,953.5007570794326,915.6373379846559,934.5690475320442,12.84095246795573
TR-037062,2025-08-22,august,Dry Van,176.8,460.11,459.81102902197256,471.0480912918408,465.4295601569067,5.319560156906675
TR-037063,2025-08-22,august,Reefer,2717.5,5754.79,5698.146282007825,5737.107606065199,5717.626944036512,37.16305596348775
TR-037064,2025-08-22,august,Dry Van,1073.7,2154.21,2208.858802874511,2229.2341966218755,2219.046499748193,64.83649974819309
TR-037065,2025-08-22,august,Dry Van,1264.2,2438.81,2551.639128494268,2497.140309325833,2524.3897189100508,85.57971891005081
TR-037066,2025-08-22,august,Dry Van,1765.9,3197.26,3294.4862072105957,3171.7301256953574,3233.1081664529765,35.84816645297633
TR-037067,2025-08-22,august,Flatbed,2605.2,5150.15,5236.805287362619,5154.039801772133,5195.4225445673765,45.272544567376826
TR-037068,2025-08-22,august,Reefer,1206.1,2655.51,2748.7065668413215,2717.2828422821294,2732.9947045617255,77.48470456172527
TR-037069,2025-08-22,august,Dry Van,418.1,958.7,938.043962872152,952.667608194037,945.3557855330945,13.344214466905555
TR-037070,2025-08-22,august,Dry Van,1716.8,3207.35,3233.5204806338866,3250.351607307897,3241.9360439708917,34.58604397089175
TR-037071,2025-08-22,august,Dry Van,802.8,1741.96,1694.272017722558,1705.7145237137395,1699.9932707181488,41.96672928185126
TR-037072,2025-08-22,august,Dry Van,1323.0,2491.35,2516.9053057613964,2572.2152224903402,2544.5602641258683,53.210264125868434
TR-037073,2025-08-22,august,Dry Van,476.7,1015.7,1033.5779560580957,1024.4084967227643,1028.99322639043,13.293226390429936
TR-037074,2025-08-22,august,Dry Van,2096.8,3837.73,3954.790623389579,3903.509725113963,3929.150174251771,91.42017425177119
TR-037075,2025-08-22,august,Dry Van,174.6,440.22,448.89074418642554,443.0897214251445,445.990232805785,5.770232805784985
TR-037076,2025-08-23,august,Dry Van,2756.2,4926.52,5048.113430252797,4875.502555327792,4961.8079927902945,35.28799279029408
TR-037077,2025-08-23,august,Flatbed,1021.6,2243.56,2287.761586460201,2254.614539598471,2271.1880630293363,27.628063029336317
TR-037078,2025-08-23,august,Dry Van,753.6,1403.99,1457.735445381053,1469.3347955376905,1463.5351204593717,59.545120459371674
TR-037079,2025-08-23,august,Dry Van,308.4,758.3,756.9531416667039,729.4810956345386,743.2171186506213,15.082881349378681
TR-037080,2025-08-23,august,Dry Van,3137.2,5422.12,5516.901020344357,5372.262478587216,5444.581749465786,22.461749465785942
TR-037081,2025-08-23,august,Reefer,1829.0,3864.3,3969.8920362697754,4005.081580581893,3987.486808425834,123.18680842583399
TR-037082,2025-08-23,august,Flatbed,1114.0,2355.88,2390.058362224732,2434.2280503395314,2412.1432062821314,56.26320628213125
TR-037083,2025-08-23,august,Reefer,2230.5,4208.52,4376.329506899493,4444.794088511355,4410.561797705424,202.04179770542396
TR-037084,2025-08-23,august,Dry Van,391.3,876.19,846.7334538879201,855.9017317440164,851.3175928159683,24.872407184031772
TR-037085,2025-08-23,august,Dry Van,272.5,680.26,664.5914284739601,678.8934289406864,671.7424287073233,8.517571292676735
TR-037086,2025-08-23,august,Flatbed,684.7,1540.43,1525.2786001715403,1546.6056438047276,1535.942121988134,4.487878011866087
TR-037087,2025-08-23,august,Dry Van,1151.3,2336.74,2302.966557599593,2381.0013297302844,2341.983943664939,5.243943664939252
TR-037088,2025-08-23,august,Dry Van,1898.4,3525.59,3610.9456149945245,3563.026761289014,3586.986188141769,61.39618814176902
TR-037089,2025-08-23,august,Dry Van,1918.5,3444.13,3465.953798235866,3563.905258173469,3514.929528204668,70.7995282046677
TR-037090,2025-08-23,august,Flatbed,606.0,1364.33,1378.861326960949,1365.8114250231865,1372.3363759920678,8.006375992067888
TR-037091,2025-08-23,august,Flatbed,1659.8,3290.93,3459.3717365527905,3405.754095584318,3432.562916068554,141.6329160685541
TR-037092,2025-08-23,august,Dry Van,1474.5,2906.55,2998.089175699084,3010.1753136416946,3004.1322446703894,97.58224467038917
TR-037093,2025-08-23,august,Flatbed,708.2,1712.77,1748.4824623057214,1699.1369246211282,1723.8096934634248,11.039693463424783
TR-037094,2025-08-23,august,Flatbed,824.6,1885.57,1910.695038695514,1907.8436801877797,1909.2693594416469,23.699359441646948
TR-037095,2025-08-23,august,Reefer,1224.5,2926.84,2851.352513314217,2912.474753462986,2881.9136333886017,44.92636661139841
TR-037096,2025-08-23,august,Reefer,685.0,1670.48,1678.720147323291,1669.7538103754503,1674.2369788493706,3.7569788493706255
TR-037097,2025-08-23,august,Flatbed,2159.5,4443.39,4502.913818076288,4557.394920271061,4530.154369173675,86.76436917367482
TR-037098,2025-08-23,august,Dry Van,1510.1,2889.83,2931.57978576055,2971.582050590556,2951.580918175553,61.750918175553124
TR-037099,2025-08-23,august,Dry Van,1115.5,2091.31,2084.510366139602,2075.9208088849514,2080.2155875122767,11.094412487723275
TR-037100,2025-08-23,august,Flatbed,1960.0,4058.8,4106.7893861715,4078.0609847717874,4092.425185471644,33.62518547164382
TR-037101,2025-08-23,august,Dry Van,1828.0,3483.18,3518.614570603622,3520.1495953858785,3519.38208299475,36.20208299475007
TR-037102,2025-08-23,august,Dry Van,1215.6,2376.56,2365.6418343522723,2365.623924065244,2365.632879208758,10.927120791242032
TR-037103,2025-08-23,august,Reefer,534.4,1290.75,1297.0109968516222,1281.6091343863375,1289.31006561898,1.4399343810200662
TR-037104,2025-08-23,august,Dry Van,1291.4,2556.88,2570.1962191861,2611.7244298237297,2590.9603245049148,34.08032450491464
TR-037105,2025-08-23,august,Reefer,467.4,1196.96,1199.1873273408987,1206.8807288100709,1203.034028075485,6.0740280754848754
TR-037106,2025-08-23,august,Dry Van,285.1,692.62,700.5525801820174,674.53816775932,687.5453739706687,5.074626029331284
TR-037107,2025-08-23,august,Dry Van,1216.0,2441.75,2501.1588065508854,2483.072020705077,2492.115413627981,50.36541362798107
TR-037108,2025-08-23,august,Dry Van,1296.2,2519.17,2636.9515919491414,2589.4802433129184,2613.2159176310297,94.04591763102962
TR-037109,2025-08-23,august,Flatbed,387.8,934.38,928.1905597290208,932.9120221257633,930.5512909273921,3.8287090726079214
TR-037110,2025-08-23,august,Reefer,1915.3,3935.77,3996.038895563256,3993.1160933223155,3994.577494442786,58.80749444278581
TR-037111,2025-08-23,august,Dry Van,1649.6,3257.83,3319.240793658059,3225.4820090617486,3272.3614013599035,14.531401359903612
TR-037112,2025-08-23,august,Reefer,1424.3,3184.54,3155.6091830527266,3240.2635332733535,3197.93635816304,13.396358163040077
TR-037113,2025-08-23,august,Reefer,2346.4,4835.13,4873.489735325576,4849.576941237474,4861.533338281524,26.403338281524157
TR-037114,2025-08-23,august,Flatbed,790.1,1780.64,1764.0950704451811,1777.0091943269108,1770.552132386046,10.087867613954131
TR-037115,2025-08-23,august,Flatbed,438.7,1139.21,1147.0200827118792,1137.0623990522536,1142.0412408820664,2.8312408820663677
TR-037116,2025-08-23,august,Dry Van,2347.7,4088.62,4310.059030254849,4322.809271543234,4316.434150899042,227.81415089904203
TR-037117,2025-08-23,august,Reefer,561.3,1381.48,1410.1848944465657,1409.0812973187712,1409.6330958826684,28.153095882668367
TR-037118,2025-08-23,august,Reefer,501.8,1249.48,1256.5352761955048,1260.8274010787618,1258.6813386371332,9.201338637133176
TR-037119,2025-08-23,august,Flatbed,2152.6,4499.44,4449.721118192052,4462.448355345838,4456.084736768945,43.35526323105478
TR-037120,2025-08-23,august,Dry Van,891.3,1892.08,1911.1219953300094,1861.6776272746042,1886.3998113023067,5.680188697693211
TR-037121,2025-08-23,august,Reefer,1593.0,3369.7,3431.374283462864,3404.531510125853,3417.9528967943584,48.25289679435855
TR-037122,2025-08-23,august,Flatbed,265.5,723.37,720.4423344536573,729.1164396619547,724.7793870578059,1.4093870578059295
TR-037123,2025-08-23,august,Reefer,1503.5,3188.75,3295.7557353486313,3258.2472356510852,3277.001485499858,88.25148549985806
TR-037124,2025-08-23,august,Flatbed,864.3,1866.9,1932.4083859589314,1906.8127977908562,1919.6105918748938,52.71059187489368
TR-037125,2025-08-23,august,Dry Van,312.8,725.06,696.9738052804918,703.2527053481499,700.1132553143209,24.94674468567905
TR-037126,2025-08-23,august,Reefer,413.8,1077.88,1085.7728773192641,1095.268619279453,1090.5207482993587,12.64074829935862
TR-037127,2025-08-23,august,Dry Van,3317.1,5864.87,5858.331700864577,5694.036458220767,5776.184079542672,88.68592045732748
TR-037128,2025-08-23,august,Reefer,598.7,1366.32,1363.6758814141353,1354.5318237082045,1359.1038525611698,7.2161474388301485
TR-037129,2025-08-23,august,Dry Van,1022.9,1851.36,1889.203100940059,1924.5399122104411,1906.87150657525,55.511506575249996
TR-037130,2025-08-23,august,Dry Van,1468.7,2880.2,2868.6431860431203,2888.3754734657828,2878.5093297544518,1.6906702455480627
TR-037131,2025-08-23,august,Dry Van,2019.5,3638.89,3872.207110342747,3816.359047406534,3844.2830788746405,205.39307887464065
TR-037132,2025-08-23,august,Dry Van,1135.5,2111.16,2187.718102953437,2148.319992967923,2168.01904796068,56.85904796068007
TR-037133,2025-08-23,august,Reefer,697.2,1641.34,1690.5799590224801,1662.7415707212078,1676.660764871844,35.320764871844176
TR-037134,2025-08-23,august,Dry Van,776.7,1625.2,1596.9152024342739,1617.46983538714,1607.192518910707,18.00748108929315
TR-037135,2025-08-23,august,Dry Van,1790.8,3460.44,3520.5658384177455,3534.3525106816815,3527.4591745497137,67.01917454971363
TR-037136,2025-08-23,august,Dry Van,292.7,736.46,716.0873130514835,736.0096989974425,726.048506024463,10.411493975537041
TR-037137,2025-08-23,august,Dry Van,1717.3,3151.74,3240.9154370252545,3253.7453047228796,3247.330370874067,95.59037087406705
TR-037138,2025-08-23,august,Flatbed,948.1,1956.23,1972.8717117895487,1985.6554117245942,1979.2635617570713,23.03356175707131
TR-037139,2025-08-23,august,Flatbed,305.8,810.86,812.2433236420659,798.6515013547612,805.4474124984135,5.412587501586472
TR-037140,2025-08-23,august,Dry Van,564.3,1318.15,1284.0336247460616,1298.3912679572222,1291.212446351642,26.93755364835806
TR-037141,2025-08-23,august,Reefer,2561.7,5267.91,5190.034405280535,5219.038184827294,5204.536295053915,63.37370494608513
TR-037142,2025-08-23,august,Dry Van,2182.4,3878.02,4010.735921114694,4104.71775920282,4057.726840158757,179.70684015875713
TR-037143,2025-08-23,august,Flatbed,532.8,1310.97,1280.8248361731132,1269.8554616273275,1275.3401489002204,35.62985109977967
TR-037144,2025-08-23,august,Dry Van,1040.8,2049.1,2163.400559460096,2178.80273416093,2171.1016468105126,122.00164681051274
TR-037145,2025-08-23,august,Flatbed,663.7,1656.94,1611.3958767573824,1593.1615227961297,1602.2786997767562,54.66130022324387
TR-037146,2025-08-23,august,Reefer,417.4,1101.21,1086.9973630201364,1109.035285182435,1098.0163241012856,3.193675898714446
TR-037147,2025-08-23,august,Reefer,2532.1,5110.7,5132.283371543483,5246.990899149377,5189.637135346429,78.93713534642939
TR-037148,2025-08-23,august,Reefer,505.5,1363.09,1371.6045486601613,1380.1136178864804,1375.8590832733207,12.769083273320803
TR-037149,2025-08-23,august,Dry Van,2637.5,4900.82,4923.472447172876,4888.0552508343635,4905.76384900362,4.9438490036200164
TR-037150,2025-08-23,august,Reefer,2805.2,5360.53,5661.767672055013,5440.257135719448,5551.012403887231,190.48240388723116
TR-037151,2025-08-23,august,Dry Van,299.9,723.28,708.751075902382,721.104741248467,714.9279085754245,8.35209142457552
TR-037152,2025-08-23,august,Dry Van,743.9,1486.62,1467.619275806102,1472.410152623333,1470.0147142147175,16.605285785282376
TR-037153,2025-08-23,august,Reefer,366.0,953.04,947.6225994013414,929.2819773482283,938.4522883747849,14.587711625215093
TR-037154,2025-08-23,august,Dry Van,761.9,1516.82,1518.5240994998587,1530.72047352975,1524.6222865148043,7.8022865148043365
TR-037155,2025-08-23,august,Dry Van,1922.7,3723.95,3831.788586690644,3746.3738894967864,3789.081238093715,65.13123809371518
TR-037156,2025-08-23,august,Dry Van,3049.0,5328.33,5436.9505810641795,5292.35066603097,5364.650623547575,36.32062354757545
TR-037157,2025-08-23,august,Flatbed,520.5,1210.95,1240.0814397087697,1250.5727762257357,1245.3271079672527,34.37710796725264
TR-037158,2025-08-23,august,Dry Van,1628.3,3061.05,3125.1622912140406,3091.370001468454,3108.2661463412473,47.21614634124717
TR-037159,2025-08-23,august,Flatbed,700.0,1473.63,1500.7005806970246,1471.4408629312459,1486.0707218141351,12.440721814135031
TR-037160,2025-08-23,august,Dry Van,382.0,901.03,880.1692139052492,894.4893296317939,887.3292717685215,13.700728231478479
TR-037161,2025-08-23,august,Dry Van,1237.1,2549.6,2547.3212889497013,2507.874120018792,2527.5977044842466,22.002295515753303
TR-037162,2025-08-23,august,Dry Van,2523.0,4575.83,4634.736184523276,4649.6235876975825,4642.179886110429,66.349886110429
TR-037163,2025-08-23,august,Reefer,2394.6,4779.29,4944.893747606412,4888.574218588216,4916.733983097314,137.44398309731423
TR-037164,2025-08-23,august,Dry Van,774.2,1496.84,1513.4672973545487,1505.1018867729053,1509.284592063727,12.444592063726986
TR-037165,2025-08-23,august,Dry Van,1502.2,2721.41,2819.9870223976286,2823.5321354914595,2821.759578944544,100.34957894454419
TR-037166,2025-08-23,august,Reefer,2098.5,4364.43,4421.275320681292,4443.450971224029,4432.3631459526605,67.9331459526602
TR-037167,2025-08-23,august,Reefer,480.1,1215.08,1218.3989890404218,1218.396979587465,1218.3979843139434,3.317984313943498
TR-037168,2025-08-23,august,Dry Van,571.7,1303.3,1265.381554100434,1302.2779341393602,1283.829744119897,19.470255880102968
TR-037169,2025-08-23,august,Reefer,1187.1,2517.13,2560.1273224101396,2571.045806894209,2565.5865646521743,48.456564652174166
TR-037170,2025-08-23,august,Flatbed,821.9,1874.15,1905.729669041535,1933.844375319602,1919.7870221805686,45.637022180568465
TR-037171,2025-08-23,august,Reefer,450.1,1199.57,1174.670627093123,1157.8813410706298,1166.2759840818762,33.294015918123705
TR-037172,2025-08-23,august,Dry Van,916.7,1789.85,1783.267328498417,1767.839761684496,1775.5535450914565,14.29645490854341
TR-037173,2025-08-23,august,Reefer,614.0,1416.31,1444.6289767257763,1439.2773387054265,1441.9531577156013,25.64315771560132
TR-037174,2025-08-23,august,Flatbed,1327.4,11981.0,2836.7815056381764,2856.8604343047755,2846.820969971476,9134.179030028525
TR-037175,2025-08-23,august,Reefer,2409.1,5002.47,5000.298446724086,5019.145379386582,5009.721913055334,7.251913055333716
TR-037176,2025-08-23,august,Dry Van,2974.7,5160.6,5356.392955518509,5171.484870544407,5263.938913031458,103.3389130314572
TR-037177,2025-08-23,august,Dry Van,387.5,885.63,867.5413178739099,888.0649186579874,877.8031182659486,7.826881734051426
TR-037178,2025-08-23,august,Dry Van,685.5,1324.98,1330.826363538423,1362.863881205463,1346.845122371943,21.865122371943016
TR-037179,2025-08-23,august,Flatbed,2182.0,4140.5,4258.34244788079,4201.52002649763,4229.93123718921,89.43123718921015
TR-037180,2025-08-23,august,Reefer,999.8,2260.55,2238.89690620307,2260.8178326872035,2249.857369445137,10.692630554863172
TR-037181,2025-08-23,august,Flatbed,2186.5,4415.77,4437.925346217806,4481.058895585604,4459.492120901705,43.72212090170433
TR-037182,2025-08-23,august,Flatbed,508.9,1231.15,1240.5374437823493,1233.682288808997,1237.1098662956733,5.959866295673237
TR-037183,2025-08-23,august,Dry Van,812.0,1697.97,1672.982336265113,1682.5938698013329,1677.7881030332228,20.18189696677723
TR-037184,2025-08-23,august,Flatbed,70.0,218.9,264.1630907290543,307.293625574046,285.7283581515502,66.82835815155019
TR-037185,2025-08-23,august,Dry Van,839.5,1743.3,1781.3216595369854,1786.4175422209137,1783.8696008789495,40.569600878949586
TR-037186,2025-08-23,august,Reefer,2075.9,4165.97,4370.8574085175505,4330.9282956302595,4350.892852073905,184.92285207390432
TR-037187,2025-08-23,august,Dry Van,1396.2,2685.36,2630.1003974361774,2745.83306115532,2687.966729295749,2.6067292957486643
TR-037188,2025-08-23,august,Dry Van,1794.0,3482.37,3504.360205522136,3457.662340201188,3481.011272861662,1.358727138338054
TR-037189,2025-08-23,august,Dry Van,732.8,1633.05,1622.8085563014895,1629.1113242836955,1625.9599402925924,7.09005970740759
TR-037190,2025-08-23,august,Dry Van,1094.1,2125.42,2147.0086208295925,2209.1283791936817,2178.0685000116373,52.648500011637225
TR-037191,2025-08-23,august,Dry Van,2274.0,4179.22,4213.691612550214,4196.56905776746,4205.130335158838,25.91033515883737
TR-037192,2025-08-23,august,Reefer,679.7,1566.73,1547.0338859027954,1548.8769026667162,1547.9553942847558,18.774605715244206
TR-037193,2025-08-23,august,Dry Van,433.1,975.11,957.050365011013,945.6214756314416,951.3359203212274,23.774079678772637
TR-037194,2025-08-23,august,Reefer,1090.5,2326.77,2398.2047109023997,2330.203194809659,2364.2039528560294,37.433952856029464
TR-037195,2025-08-23,august,Dry Van,2145.7,4032.25,4110.939045284233,4066.0708885167555,4088.504966900494,56.254966900493855
TR-037196,2025-08-23,august,Dry Van,525.9,1121.81,1143.5937530464762,1151.0672033506926,1147.3304781985844,25.520478198584442
TR-037197,2025-08-23,august,Reefer,928.8,2181.88,2189.043077680108,2188.9372759656017,2188.9901768228547,7.110176822854555
TR-037198,2025-08-23,august,Dry Van,1439.4,2853.66,2916.7934389117136,2865.8410799438666,2891.3172594277903,37.65725942779045
TR-037199,2025-08-23,august,Reefer,1230.8,2683.95,2761.7384078690407,2765.038983705736,2763.3886957873883,79.4386957873885
TR-037200,2025-08-23,august,Reefer,1793.9,3852.12,3889.9476301920763,3907.366115392054,3898.656872792065,46.53687279206497
TR-037201,2025-08-23,august,Flatbed,766.9,494.37,1686.8720447800936,1657.9566724880042,1672.4143586340488,1178.0443586340489
TR-037202,2025-08-23,august,Dry Van,1018.7,2113.74,2175.5862029526033,2151.0373238117872,2163.3117633821953,49.57176338219551
TR-037203,2025-08-23,august,Dry Van,509.7,1101.03,1098.6807705180395,1087.4727822912116,1093.0767764046254,7.9532235953745385
TR-037204,2025-08-23,august,Dry Van,1484.8,2792.02,2817.433452483991,2842.685549813107,2830.0595011485493,38.039501148549334
TR-037205,2025-08-23,august,Dry Van,1755.1,3303.78,3441.132090221805,3405.4720441716518,3423.3020671967283,119.52206719672813
TR-037206,2025-08-23,august,Dry Van,430.0,1006.46,991.6328875152655,984.0292958788223,987.8310916970438,18.628908302956233
TR-037207,2025-08-23,august,Dry Van,650.5,1403.05,1377.1779054724682,1414.422964292944,1395.8004348827062,7.249565117293741
TR-037208,2025-08-23,august,Dry Van,1927.6,3642.59,3747.88698537972,3724.3715294070043,3736.1292573933624,93.53925739336228
TR-037209,2025-08-23,august,Flatbed,1688.8,3282.53,3425.1199796968463,3397.587181388837,3411.353580542842,128.82358054284168
TR-037210,2025-08-23,august,Flatbed,840.0,1815.02,1809.3521702755856,1809.3685971855093,1809.3603837305475,5.659616269452499
TR-037211,2025-08-23,august,Flatbed,1146.5,2267.3,2331.5503512123937,2324.781110010806,2328.1657306116,60.8657306115997
TR-037212,2025-08-23,august,Dry Van,407.2,889.93,888.7015417109857,887.9669826517093,888.3342621813474,1.5957378186525375
TR-037213,2025-08-23,august,Dry Van,224.5,542.39,552.3926081786204,570.044294588592,561.2184513836062,18.828451383606193
TR-037214,2025-08-23,august,Flatbed,694.4,1702.34,1726.4475935689272,1685.5518281485683,1705.9997108587477,3.659710858747758
TR-037215,2025-08-23,august,Dry Van,1646.7,3111.47,3200.2230546553296,3126.1352892468813,3163.1791719511057,51.70917195110587
TR-037216,2025-08-23,august,Reefer,720.1,1704.0,1755.1765214691488,1690.3387512183467,1722.757636343748,18.75763634374789
TR-037217,2025-08-23,august,Dry Van,894.8,1724.25,1684.732283646039,1717.032548313654,1700.8824159798464,23.367584020153572
TR-037218,2025-08-23,august,Dry Van,775.9,1671.16,1683.6973917629443,1711.3658215350965,1697.5316066490204,26.37160664902035
TR-037219,2025-08-23,august,Flatbed,269.0,713.05,721.7069400720945,723.2401249260515,722.473532499073,9.423532499073076
TR-037220,2025-08-23,august,Dry Van,1767.7,3469.59,3546.8601070253058,3512.4208128396467,3529.640459932476,60.05045993247586
TR-037221,2025-08-23,august,Dry Van,1227.2,2537.24,2513.802974211867,2495.397279324279,2504.600126768073,32.639873231926686
TR-037222,2025-08-23,august,Dry Van,1796.8,3286.22,3334.1097339106223,3343.177807625829,3338.6437707682253,52.423770768225495
TR-037223,2025-08-23,august,Dry Van,1185.3,2369.52,2365.670915893279,2333.422661723999,2349.546788808639,19.97321119136086
TR-037224,2025-08-23,august,Flatbed,1419.0,3002.99,2984.455763336011,3061.242558698408,3022.8491610172096,19.85916101720977
TR-037225,2025-08-23,august,Reefer,906.8,2073.2,2089.6773476389612,2063.36722507563,2076.5222863572953,3.322286357295525
TR-037226,2025-08-23,august,Dry Van,961.6,2112.13,2130.218385340766,2046.5364936443827,2088.3774394925745,23.752560507425642
TR-037227,2025-08-23,august,Dry Van,498.8,1125.28,1131.5073549399524,1127.26834759246,1129.3878512662063,4.107851266206353
TR-037228,2025-08-23,august,Dry Van,700.4,1468.95,1470.413196431628,1469.2891532318456,1469.851174831737,0.9011748317368529
TR-037229,2025-08-23,august,Dry Van,438.6,995.3,1008.4325771319648,995.1561928166068,1001.7943849742858,6.494384974285822
TR-037230,2025-08-23,august,Dry Van,352.1,838.07,857.1726211297843,861.1816853179187,859.1771532238515,21.10715322385147
TR-037231,2025-08-23,august,Dry Van,239.1,567.49,560.1160594216401,600.9788091397495,580.5474342806948,13.057434280694793
TR-037232,2025-08-23,august,Reefer,799.6,1992.45,1989.9108856242458,1944.804260574671,1967.3575730994585,25.092426900541568
TR-037233,2025-08-23,august,Dry Van,441.4,918.74,919.6997747789972,924.9657367294803,922.3327557542387,3.5927557542387376
TR-037234,2025-08-23,august,Dry Van,274.0,2662.69,673.5476407845194,662.1158659707799,667.8317533776496,1994.8582466223504
TR-037235,2025-08-24,august,Dry Van,959.7,1919.73,1985.4610572484467,1980.053113160096,1982.7570852042713,63.027085204271316
TR-037236,2025-08-24,august,Dry Van,1003.8,1929.14,1946.7322076825917,1948.2046432761235,1947.4684254793576,18.32842547935752
TR-037237,2025-08-24,august,Reefer,730.2,1721.44,1732.047434224741,1718.616412390401,1725.3319233075708,3.891923307570778
TR-037238,2025-08-24,august,Reefer,1900.6,3997.77,4098.38981769394,4051.5663751086386,4074.9780964012893,77.20809640128937
TR-037239,2025-08-24,august,Dry Van,682.2,1538.17,1498.690158343444,1497.2241163274616,1497.957137335453,40.212862664547174
TR-037240,2025-08-24,august,Reefer,384.5,935.47,934.0430849356305,912.2622505700194,923.152667752825,12.317332247175045
TR-037241,2025-08-24,august,Dry Van,2089.2,3683.01,3922.3627184551547,3916.6807126061894,3919.521715530672,236.5117155306716
TR-037242,2025-08-24,august,Reefer,2493.8,4757.86,5047.553416317879,5060.830163749373,5054.191790033627,296.33179003362693
TR-037243,2025-08-24,august,Dry Van,1105.0,2077.63,2149.2825410735786,2125.3210568648233,2137.3017989692007,59.67179896920061
TR-037244,2025-08-24,august,Flatbed,271.8,622.91,622.1842587912747,636.9823976534594,629.5833282223671,6.673328222367104
TR-037245,2025-08-24,august,Dry Van,1755.1,3315.62,3402.1997077130873,3377.0641988816924,3389.63195329739,74.01195329738994
TR-037246,2025-08-24,august,Dry Van,2682.5,5060.31,5083.93043595827,5076.735328309098,5080.332882133684,20.022882133683197
TR-037247,2025-08-24,august,Dry Van,1225.9,2428.63,2536.699825385631,2500.5489578735696,2518.6243916296003,89.99439162960016
TR-037248,2025-08-24,august,Dry Van,427.9,1041.67,1026.1372994060443,1002.7248081405016,1014.431053773273,27.23894622672708
TR-037249,2025-08-24,august,Flatbed,665.2,1498.19,1508.469984528916,1501.6875770631732,1505.0787807960446,6.888780796044557
TR-037250,2025-08-24,august,Reefer,2166.8,4630.16,4622.928644990282,4695.179290212512,4659.053967601397,28.89396760139698
TR-037251,2025-08-24,august,Reefer,496.0,1109.63,1125.9329029725957,1118.0276118765987,1121.9802574245973,12.350257424597203
TR-037252,2025-08-24,august,Reefer,146.4,459.39,434.8714233261245,492.6355920607248,463.75350769342464,4.363507693424651
TR-037253,2025-08-24,august,Dry Van,1500.0,2897.07,2981.920025516114,2999.637256167674,2990.7786408418942,93.70864084189407
TR-037254,2025-08-24,august,Reefer,1018.1,2296.82,2343.1436624579346,2334.803865944512,2338.9737642012233,42.15376420122311
TR-037255,2025-08-24,august,Dry Van,1560.9,3009.15,3123.466531481093,3069.008543344561,3096.237537412827,87.0875374128268
TR-037256,2025-08-24,august,Dry Van,1865.7,3421.87,3545.123086993111,3519.4596575514443,3532.291372272278,110.42137227227795
TR-037257,2025-08-24,august,Dry Van,1227.9,2409.45,2530.34563002057,2414.0524143071734,2472.1990221638716,62.749022163871814
TR-037258,2025-08-24,august,Dry Van,2709.5,4695.99,4960.23752012142,4859.330951313857,4909.784235717639,213.7942357176389
TR-037259,2025-08-24,august,Dry Van,427.0,947.31,983.4658762568396,1007.2516648686272,995.3587705627334,48.048770562733466
TR-037260,2025-08-24,august,Reefer,388.5,1006.34,1015.6001063955205,1028.4933580353807,1022.0467322154506,15.706732215450529
TR-037261,2025-08-24,august,Flatbed,2092.9,4110.03,4176.229486628604,4189.97269144168,4183.101089035142,73.071089035142
TR-037262,2025-08-24,august,Reefer,340.0,922.96,909.4996527003527,904.5208489627216,907.0102508315372,15.949749168462859
TR-037263,2025-08-24,august,Dry Van,331.3,726.92,700.8749690443583,717.4335706447598,709.154269844559,17.765730155440906
TR-037264,2025-08-24,august,Dry Van,1488.2,2773.9,2783.5407550567816,2807.3003608759864,2795.420557966384,21.520557966383876
TR-037265,2025-08-24,august,Reefer,648.3,1541.65,1507.341176092564,1538.3684901022784,1522.8548330974213,18.795166902578785
TR-037266,2025-08-24,august,Dry Van,1174.1,2215.4,2248.310117870573,2277.0825433905734,2262.6963306305734,47.296330630573266
TR-037267,2025-08-24,august,Dry Van,2420.2,4531.67,4611.749680394387,4544.916022985091,4578.332851689739,46.662851689739
TR-037268,2025-08-24,august,Dry Van,2109.2,3618.48,3826.544714993742,3806.611398388708,3816.5780566912254,198.09805669122534
TR-037269,2025-08-24,august,Flatbed,1757.4,3500.98,3540.3437502154275,3508.433939448622,3524.388844832025,23.408844832024897
TR-037270,2025-08-24,august,Dry Van,513.0,1170.1,1157.3736909594168,1177.8988683636442,1167.6362796615304,2.4637203384695567
TR-037271,2025-08-24,august,Dry Van,1184.5,2317.13,2279.41833015471,2279.750224082594,2279.5842771186517,37.54572288134841
TR-037272,2025-08-24,august,Dry Van,519.5,1101.68,1106.5161483232198,1117.3804534592084,1111.948300891214,10.26830089121404
TR-037273,2025-08-24,august,Reefer,331.3,873.25,846.8124019781155,885.9252572914943,866.3688296348049,6.881170365195089
TR-037274,2025-08-24,august,Reefer,100.2,321.32,299.57366802085795,384.5630253696902,342.06834669527404,20.74834669527405
TR-037275,2025-08-24,august,Dry Van,808.5,1629.18,1636.3783397116267,1688.8157157370367,1662.5970277243318,33.417027724331774
TR-037276,2025-08-24,august,Flatbed,2621.4,5138.3,5111.966157310927,5140.974093272775,5126.470125291851,11.829874708148964
TR-037277,2025-08-24,august,Dry Van,1914.0,3513.12,3530.6521989653634,3544.7055236777223,3537.678861321543,24.55886132154319
TR-037278,2025-08-24,august,Dry Van,1002.8,1986.79,2006.70164522652,2012.104869874958,2009.403257550739,22.613257550739036
TR-037279,2025-08-24,august,Dry Van,320.0,740.97,742.3959051773107,752.0710742334018,747.2334897053563,6.263489705356278
TR-037280,2025-08-24,august,Flatbed,775.6,1706.19,1724.7883730384815,1693.6083552318403,1709.1983641351608,3.0083641351607184
TR-037281,2025-08-24,august,Dry Van,1100.5,2191.06,2220.865350883847,2224.4543667931293,2222.659858838488,31.599858838488217
TR-037282,2025-08-24,august,Dry Van,1977.1,3617.33,3705.27918156337,3742.628087019535,3723.9536342914525,106.62363429145262
TR-037283,2025-08-24,august,Flatbed,518.3,1198.94,1193.4330224843266,1193.9693152777475,1193.7011688810371,5.238831118962935
TR-037284,2025-08-24,august,Reefer,1217.8,2581.04,2624.8946573357357,2613.7111047784592,2619.3028810570977,38.26288105709773
TR-037285,2025-08-24,august,Dry Van,646.4,1306.66,1293.4392659133232,1312.434261302696,1302.9367636080096,3.72323639199044
TR-037286,2025-08-24,august,Dry Van,1090.5,2053.79,2044.7380249349978,2034.2564304358352,2039.4972276854164,14.292772314583544
TR-037287,2025-08-24,august,Dry Van,1997.8,3788.44,3830.697806831692,3740.028244010595,3785.3630254211434,3.076974578856607
TR-037288,2025-08-24,august,Dry Van,2384.6,4348.94,4360.238807861606,4354.914717908514,4357.57676288506,8.636762885060307
TR-037289,2025-08-24,august,Dry Van,838.9,1763.23,1769.45708778184,1772.6313135878504,1771.0442006848452,7.814200684845218
TR-037290,2025-08-24,august,Dry Van,907.3,1802.36,1744.0248704572248,1763.4457719356515,1753.7353211964382,48.624678803561665
TR-037291,2025-08-24,august,Dry Van,879.7,1871.34,1874.3301672508458,1884.3504699310204,1879.340318590933,8.000318590933148
TR-037292,2025-08-24,august,Dry Van,2028.0,3761.88,3832.829240708728,3858.196646568176,3845.5129436384523,83.63294363845216
TR-037293,2025-08-24,august,Dry Van,113.1,306.45,318.9422621266034,314.72105858294276,316.8316603547731,10.38166035477309
TR-037294,2025-08-24,august,Dry Van,1365.1,2457.2,2536.542577552293,2526.218286482984,2531.3804320176387,74.18043201763885
TR-037295,2025-08-24,august,Dry Van,593.6,1299.89,1339.819750532393,1354.7431396725037,1347.2814451024483,47.39144510244819
TR-037296,2025-08-24,august,Dry Van,1006.5,2062.13,2094.4226181899508,2062.555955673005,2078.489286931478,16.359286931477982
TR-037297,2025-08-24,august,Dry Van,887.0,1692.16,1686.287577831888,1717.6899607340706,1701.9887692829793,9.828769282979238
TR-037298,2025-08-24,august,Reefer,888.3,2069.21,2076.8542047833853,2050.112130524671,2063.483167654028,5.7268323459720705
TR-037299,2025-08-24,august,Dry Van,245.1,583.78,576.2598304283827,576.6897667587916,576.4747985935871,7.305201406412834
TR-037300,2025-08-24,august,Flatbed,891.7,1835.49,1829.1534603141974,1832.4241592209194,1830.7888097675584,4.701190232441604
TR-037301,2025-08-24,august,Dry Van,1966.8,3514.88,3626.7708214154463,3587.530337543435,3607.1505794794407,92.27057947944058
TR-037302,2025-08-24,august,Dry Van,983.1,2025.32,2068.747878822539,2028.5370226910266,2048.6424507567826,23.3224507567827
TR-037303,2025-08-24,august,Dry Van,520.0,1106.82,1112.6729110263434,1128.8205627926368,1120.7467369094902,13.926736909490273
TR-037304,2025-08-24,august,Dry Van,1780.3,3327.79,3427.914357259007,3371.0860091261343,3399.5001831925706,71.71018319257064
TR-037305,2025-08-24,august,Dry Van,795.6,1686.27,1674.300868910052,1723.0791846402146,1698.6900267751334,12.420026775133465
TR-037306,2025-08-24,august,Dry Van,1988.6,3685.39,3749.168021796157,3699.1241409558197,3724.1460813759886,38.75608137598874
TR-037307,2025-08-24,august,Dry Van,784.9,1582.29,1587.2476408054786,1624.3300704784908,1605.7888556419848,23.498855641984846
TR-037308,2025-08-24,august,Dry Van,1227.0,2418.25,2473.8876278686694,2457.8028753564186,2465.845251612544,47.59525161254396
TR-037309,2025-08-24,august,Dry Van,1172.7,2154.85,2244.290954767091,2208.883294216574,2226.5871244918326,71.73712449183267
TR-037310,2025-08-24,august,Flatbed,499.3,1208.83,1211.4777623682087,1177.338191136247,1194.4079767522278,14.422023247772131
TR-037311,2025-08-24,august,Dry Van,1490.0,2852.17,2919.828985529822,2934.0869980493835,2926.9579917896026,74.78799178960253
TR-037312,2025-08-24,august,Reefer,1072.3,2262.34,2371.144405128921,2389.5112811658405,2380.327843147381,117.98784314738077
TR-037313,2025-08-24,august,Dry Van,1377.5,2692.43,2759.7069940086476,2744.3137380223366,2752.010366015492,59.58036601549202
TR-037314,2025-08-24,august,Dry Van,759.6,509.3,1481.6298972742302,1506.8451515520667,1494.2375244131485,984.9375244131486
TR-037315,2025-08-24,august,Dry Van,348.5,869.6,842.163038557721,853.3197936957392,847.7414161267302,21.858583873269822
TR-037316,2025-08-24,august,Reefer,853.6,1829.88,1918.8275396964677,1859.1827920751878,1889.0051658858279,59.125165885827755
TR-037317,2025-08-24,august,Reefer,978.0,2135.95,2099.3122480638567,2101.8050846049855,2100.558666334421,35.39133366557871
TR-037318,2025-08-24,august,Dry Van,1094.2,2201.68,2240.9784119666315,2144.5304783806555,2192.7544451736435,8.925554826356347
TR-037319,2025-08-24,august,Dry Van,214.1,525.2,531.405460664113,546.3657342461763,538.8855974551446,13.685597455144602
TR-037320,2025-08-24,august,Dry Van,929.7,1756.81,1804.3609824893324,1815.9121188021056,1810.1365506457191,53.32655064571918
TR-037321,2025-08-24,august,Dry Van,1388.0,2611.16,2657.5953665526818,2635.700586562474,2646.6479765575777,35.487976557577895
TR-037322,2025-08-24,august,Flatbed,2277.7,4381.12,4538.173536044345,4558.465330474421,4548.319433259383,167.1994332593831
TR-037323,2025-08-24,august,Dry Van,1121.8,2271.6,2292.4509678407194,2275.190164505947,2283.820566173333,12.220566173333282
TR-037324,2025-08-24,august,Flatbed,792.3,1734.72,1810.9484565180894,1795.8052643608082,1803.3768604394488,68.65686043944879
TR-037325,2025-08-24,august,Dry Van,1226.6,2355.02,2373.720085341976,2329.1553194895087,2351.437702415742,3.582297584257958
TR-037326,2025-08-24,august,Dry Van,262.0,666.39,669.0353181738225,662.3392366241001,665.6872773989612,0.7027226010387722
TR-037327,2025-08-24,august,Reefer,1980.3,4233.89,4291.590103013026,4373.176064066733,4332.383083539879,98.49308353987908
TR-037328,2025-08-24,august,Dry Van,2055.5,3684.57,3709.4128846198564,3756.917141390568,3733.165013005212,48.59501300521197
TR-037329,2025-08-24,august,Dry Van,702.7,1481.86,1439.470492076831,1476.222182188227,1457.846337132529,24.013662867470885
TR-037330,2025-08-24,august,Flatbed,1986.9,3854.48,4012.6954019456575,3984.3110674467734,3998.5032346962153,144.02323469621524
TR-037331,2025-08-24,august,Flatbed,2875.3,5577.31,5571.477880382572,5571.897980690119,5571.687930536345,5.622069463654952
TR-037332,2025-08-24,august,Flatbed,595.2,1279.34,1269.8679330724544,1258.5629016667212,1264.2154173695878,15.124582630412078
TR-037333,2025-08-24,august,Reefer,1054.4,2425.34,2480.9069098982436,2509.833474976556,2495.3701924374,70.03019243739982
TR-037334,2025-08-24,august,Dry Van,741.9,1493.17,1523.3889498751405,1522.395639996771,1522.8922949359558,29.722294935955688
TR-037335,2025-08-24,august,Reefer,1203.5,2670.46,2685.1736927457264,2649.684274213411,2667.4289834795686,3.0310165204314217
TR-037336,2025-08-24,august,Dry Van,1148.4,2192.56,2226.838368504019,2192.400994297132,2209.6196814005752,17.0596814005753
TR-037337,2025-08-24,august,Dry Van,592.7,1167.75,1186.2540015964382,1190.2099189073401,1188.2319602518892,20.481960251889177
TR-037338,2025-08-24,august,Dry Van,694.7,1401.41,1397.3157942366074,1429.4902110990006,1413.403002667804,11.993002667803921
TR-037339,2025-08-24,august,Dry Van,1017.8,2028.25,2046.242987416787,2036.8485783401127,2041.5457828784497,13.2957828784497
TR-037340,2025-08-24,august,Dry Van,1162.8,2173.53,2305.5250632006364,2201.651496891374,2253.588280046005,80.05828004600471
TR-037341,2025-08-24,august,Dry Van,647.9,1338.42,1311.1059657227436,1368.7914077561709,1339.9486867394571,1.5286867394570436
TR-037342,2025-08-24,august,Flatbed,1236.9,2593.02,2653.8032172777216,2665.024471961683,2659.413844619702,66.39384461970212
TR-037343,2025-08-24,august,Dry Van,2686.5,4711.71,4937.256742247749,4909.663799491651,4923.4602708697,211.75027086970022
TR-037344,2025-08-24,august,Reefer,777.5,1778.92,1779.9733389312207,1794.4096786946498,1787.1915088129354,8.27150881293528
TR-037345,2025-08-24,august,Dry Van,1348.0,2697.42,2782.3037965538665,2788.091436164916,2785.1976163593913,87.77761635939123
TR-037346,2025-08-24,august,Dry Van,1221.4,2236.9,2306.6124068597787,2207.220711122925,2256.916558991352,20.016558991351758
TR-037347,2025-08-24,august,Reefer,290.9,787.78,793.2220690234885,800.277304450871,796.7496867371798,8.969686737179813
TR-037348,2025-08-24,august,Flatbed,2057.2,3938.05,4042.8959572138688,4030.4185914290006,4036.6572743214347,98.60727432143449
TR-037349,2025-08-24,august,Flatbed,740.2,1590.46,1583.085909428752,1577.6832515015105,1580.3845804651314,10.075419534868615
TR-037350,2025-08-24,august,Dry Van,712.3,1569.15,1573.3704298803063,1588.571176804708,1580.9708033425072,11.820803342507133
TR-037351,2025-08-24,august,Dry Van,801.7,1665.73,1718.2110180490665,1709.4021403338147,1713.8065791914405,48.07657919144049
TR-037352,2025-08-24,august,Dry Van,426.6,1008.38,984.0685428334941,997.3261947123297,990.6973687729119,17.68263122708811
TR-037353,2025-08-24,august,Reefer,1492.0,3269.5,3330.373218850726,3345.171479951744,3337.7723494012353,68.27234940123526
TR-037354,2025-08-24,august,Dry Van,1731.8,3273.33,3400.1508982069186,3375.376882651567,3387.7638904292426,114.43389042924264
TR-037355,2025-08-24,august,Flatbed,361.5,872.46,877.7109276888086,866.4573929333428,872.0841603110757,0.37583968892431585
TR-037356,2025-08-24,august,Flatbed,685.3,1590.15,1567.155713364817,1567.1050979813158,1567.1304056730664,23.019594326933657
TR-037357,2025-08-24,august,Dry Van,1725.1,3267.86,3344.519522994793,3313.9240449922027,3329.221783993498,61.36178399349774
TR-037358,2025-08-24,august,Flatbed,1439.7,2927.7,2980.058093032441,3022.5901956488005,3001.3241443406205,73.62414434062066
TR-037359,2025-08-24,august,Dry Van,1617.1,3117.03,3162.409758969651,3197.9631242995097,3180.1864416345807,63.15644163458046
TR-037360,2025-08-24,august,Dry Van,402.3,880.37,877.9598928928185,892.4119908780131,885.1859418854158,4.815941885415782
TR-037361,2025-08-24,august,Dry Van,997.9,1858.87,1886.247264841845,1884.7864735473495,1885.5168691945973,26.646869194597457
TR-037362,2025-08-24,august,Dry Van,406.5,2437.64,939.5173707336293,941.3504780836004,940.4339244086148,1497.2060755913851
TR-037363,2025-08-24,august,Dry Van,166.6,432.79,456.6273197275168,482.20384643989814,469.4155830837075,36.625583083707454
TR-037364,2025-08-24,august,Reefer,1577.2,3581.09,3528.9739680416005,3534.1834467061663,3531.5787073738834,49.511292626116756
TR-037365,2025-08-24,august,Reefer,286.2,807.14,785.1883294327981,820.4949158245186,802.8416226286583,4.298377371341644
TR-037366,2025-08-24,august,Dry Van,593.1,1300.28,1283.6010364199662,1307.7672477130554,1295.684142066511,4.595857933489015
TR-037367,2025-08-24,august,Dry Van,1163.5,2405.38,2463.3455198260226,2402.1863606816455,2432.765940253834,27.385940253833724
TR-037368,2025-08-24,august,Dry Van,917.3,1718.36,1740.5221707466787,1741.17496670545,1740.8485687260645,22.488568726064614
TR-037369,2025-08-24,august,Reefer,779.6,1881.99,1882.4635447218334,1874.3301856079445,1878.3968651648888,3.5931348351111865
TR-037370,2025-08-24,august,Reefer,350.0,880.86,873.7683934758212,895.1158666355573,884.4421300556892,3.582130055689163
TR-037371,2025-08-24,august,Dry Van,175.6,442.88,445.61339893626143,428.201600399766,436.9074996680137,5.972500331986282
TR-037372,2025-08-24,august,Dry Van,1143.6,2276.79,2312.2066589654423,2272.3713059685106,2292.2889824669764,15.498982466976486
TR-037373,2025-08-24,august,Reefer,957.7,2054.57,2117.2508472383142,2126.059518234613,2121.6551827364638,67.0851827364636
TR-037374,2025-08-24,august,Reefer,937.6,2247.08,2207.082015024354,2214.7977358968124,2210.939875460583,36.140124539416774
TR-037375,2025-08-24,august,Dry Van,1179.6,2294.2,2360.8585199421977,2270.505553334708,2315.6820366384527,21.482036638452882
TR-037376,2025-08-24,august,Flatbed,577.0,1366.08,1381.877022557529,1352.766975769554,1367.3219991635415,1.24199916354155
TR-037377,2025-08-24,august,Flatbed,1174.9,2593.96,2499.750028377613,2469.005008125124,2484.377518251368,109.58248174863184
TR-037378,2025-08-24,august,Flatbed,299.6,738.04,761.617958937267,767.5259674961824,764.5719632167247,26.531963216724762
TR-037379,2025-08-24,august,Reefer,1209.2,2567.17,2669.6804711521054,2656.838370291029,2663.259420721567,96.08942072156697
TR-037380,2025-08-24,august,Dry Van,501.5,1093.46,1081.1123616065415,1076.8260353133076,1078.9691984599244,14.490801540075609
TR-037381,2025-08-24,august,Dry Van,1647.6,3343.32,3316.8821006795015,3223.8776697724843,3270.379885225993,72.94011477400727
TR-037382,2025-08-24,august,Flatbed,904.1,1895.76,1908.0203287148092,1897.576790760624,1902.7985597377165,7.038559737716469
TR-037383,2025-08-24,august,Dry Van,2116.7,3927.86,4033.2268556304493,4024.261791080303,4028.744323355376,100.88432335537573
TR-037384,2025-08-24,august,Flatbed,475.7,1108.77,1087.737335586304,1073.8706716942888,1080.8040036402963,27.965996359703695
TR-037385,2025-08-24,august,Reefer,1535.3,3090.61,3268.1661333250167,3073.983011780937,3171.074572552977,80.46457255297673
TR-037386,2025-08-24,august,Dry Van,1690.7,3118.45,3166.9831529063454,3150.672863166864,3158.828008036605,40.378008036605024
TR-037387,2025-08-24,august,Reefer,360.5,928.46,944.8922615173474,947.7550690481107,946.323665282729,17.863665282729016
TR-037388,2025-08-24,august,Dry Van,1290.3,2422.87,2416.6261251732567,2540.2275431229177,2478.4268341480874,55.556834148087546
TR-037389,2025-08-24,august,Flatbed,424.2,1022.55,1033.246500183808,1012.7914797356486,1023.0189899597283,0.4689899597283329
TR-037390,2025-08-24,august,Dry Van,1308.5,2481.43,2518.2169724785667,2510.866062010597,2514.541517244582,33.111517244582046
TR-037391,2025-08-24,august,Flatbed,478.6,1102.93,1129.9753481597845,1107.220761428292,1118.5980547940383,15.668054794038198
TR-037392,2025-08-24,august,Dry Van,413.0,894.95,907.9365786209352,916.7007184466474,912.3186485337912,17.3686485337912
TR-037393,2025-08-24,august,Dry Van,542.4,1054.43,1063.4355111762331,1048.231839509498,1055.8336753428657,1.4036753428656539
TR-037394,2025-08-24,august,Reefer,1197.5,2567.52,2657.973193735335,2625.008363060545,2641.4907783979397,73.97077839793974
TR-037395,2025-08-25,august,Dry Van,1439.4,2796.73,2882.41392881958,2871.253303279109,2876.8336160493445,80.10361604934451
TR-037396,2025-08-25,august,Dry Van,818.3,1661.97,1680.3654661527073,1679.1640054221018,1679.7647357874046,17.794735787404534
TR-037397,2025-08-25,august,Reefer,106.6,308.52,315.6541939677651,338.49473885262,327.07446641019254,18.55446641019256
TR-037398,2025-08-25,august,Reefer,1645.2,3398.73,3485.579007337918,3439.5303694005233,3462.5546883692205,63.82468836922044
TR-037399,2025-08-25,august,Dry Van,748.6,1453.09,1487.9690591145059,1484.7919903985958,1486.3805247565508,33.290524756550894
TR-037400,2025-08-25,august,Reefer,2261.8,4567.92,4683.96277622417,4533.573093998492,4608.767935111331,40.847935111331026
TR-037401,2025-08-25,august,Dry Van,770.0,1480.31,1515.8290083036356,1522.5590607314316,1519.1940345175335,38.884034517533564
TR-037402,2025-08-25,august,Flatbed,1519.7,3089.86,3189.4470274296573,3178.6903032314226,3184.06866533054,94.20866533054004
TR-037403,2025-08-25,august,Flatbed,520.0,1207.44,1237.0866150378736,1232.6371087179468,1234.86186187791,27.421861877910032
TR-037404,2025-08-25,august,Flatbed,537.5,1354.88,1330.0565392107758,1336.6612131097627,1333.3588761602691,21.52112383973099
TR-037405,2025-08-25,august,Dry Van,1357.9,2525.06,2514.4866181079055,2540.2728411764992,2527.3797296422026,2.319729642202674
TR-037406,2025-08-25,august,Flatbed,2818.5,5126.65,5419.008327817641,5263.003208881262,5341.0057683494515,214.35576834945186
TR-037407,2025-08-25,august,Dry Van,1383.9,2566.58,2655.215887041001,2648.629614692995,2651.9227508669983,85.34275086699836
TR-037408,2025-08-25,august,Dry Van,425.9,928.81,940.6300877807299,930.7025419352904,935.6663148580101,6.856314858010137
TR-037409,2025-08-25,august,Flatbed,851.6,1745.66,1810.9716310366487,1786.5517188538124,1798.7616749452304,53.10167494523034
TR-037410,2025-08-25,august,Reefer,1266.6,2645.67,2742.939806464457,2708.943046376565,2725.9414264205107,80.27142642051058
TR-037411,2025-08-25,august,Flatbed,1301.1,2631.63,2735.7396814253534,2743.6963122154257,2739.7179968203895,108.08799682038944
TR-037412,2025-08-25,august,Flatbed,776.5,1576.43,1632.1121046618116,1653.8585065912798,1642.9853056265456,66.55530562654553
TR-037413,2025-08-25,august,Flatbed,665.1,1434.51,1433.4159377157957,1429.5901049328654,1431.5030213243306,3.0069786756694157
TR-037414,2025-08-25,august,Reefer,623.7,1575.57,1612.6136930499695,1555.4539150697221,1584.0338040598458,8.46380405984587
TR-037415,2025-08-25,august,Dry Van,2617.3,4595.87,4698.302613766033,4642.767737474274,4670.5351756201535,74.6651756201536
TR-037416,2025-08-25,august,Dry Van,2553.4,4488.99,4544.268026253172,4519.463856601969,4531.865941427571,42.87594142757098
TR-037417,2025-08-25,august,Dry Van,1582.8,2925.43,3097.6394327385337,3041.1676169963375,3069.4035248674354,143.97352486743557
TR-037418,2025-08-25,august,Reefer,950.7,2103.7,2088.4155638893826,2090.4547895140727,2089.435176701728,14.26482329827195
TR-037419,2025-08-25,august,Dry Van,276.1,631.25,643.6305389868585,665.3936555911316,654.512097288995,23.26209728899505
TR-037420,2025-08-25,august,Dry Van,2717.6,4753.96,4935.965173759307,4892.8915269769395,4914.428350368124,160.46835036812354
TR-037421,2025-08-25,august,Dry Van,610.6,1310.54,1306.4041352633155,1281.6147767737302,1294.009456018523,16.530543981476967
TR-037422,2025-08-25,august,Reefer,1188.0,2495.39,2497.2831921384195,2468.044139181275,2482.6636656598475,12.726334340152334
TR-037423,2025-08-25,august,Dry Van,806.6,1761.46,1773.2259323152741,1788.5630995928868,1780.8945159540804,19.434515954080325
TR-037424,2025-08-25,august,Dry Van,414.5,950.57,969.1716209279987,976.9975287018453,973.084574814922,22.514574814921957
TR-037425,2025-08-25,august,Dry Van,921.4,1820.93,1852.7621059315786,1801.4987799660898,1827.1304429488341,6.200442948834052
TR-037426,2025-08-25,august,Reefer,3174.8,6450.5,6391.971741910373,6451.640513443512,6421.806127676942,28.693872323057803
TR-037427,2025-08-25,august,Dry Van,1552.6,633.84,3081.094745989519,3088.6195334009467,3084.857139695233,2451.017139695233
TR-037428,2025-08-25,august,Reefer,662.7,1626.05,1697.6137099600903,1638.934509010196,1668.274109485143,42.22410948514312
TR-037429,2025-08-25,august,Dry Van,689.7,1537.62,1496.6020288017714,1569.116895624129,1532.8594622129503,4.760537787049543
TR-037430,2025-08-25,august,Dry Van,1237.9,2450.5,2389.6324632325127,2379.800030289916,2384.7162467612143,65.78375323878572
TR-037431,2025-08-25,august,Dry Van,1673.1,3075.6,3160.087714201272,3119.3483068696937,3139.718010535483,64.11801053548288
TR-037432,2025-08-25,august,Reefer,1179.0,2575.39,2627.3162269621603,2543.704241235779,2585.5102340989697,10.120234098969831
TR-037433,2025-08-25,august,Flatbed,1907.2,3800.27,3883.0537266794704,3877.2476564591225,3880.150691569296,79.88069156929623
TR-037434,2025-08-25,august,Flatbed,631.8,1415.27,1460.9367079736885,1419.6918664962636,1440.314287234976,25.044287234976082
TR-037435,2025-08-25,august,Dry Van,1814.7,3286.5,3417.1395691913194,3468.078701136783,3442.609135164051,156.10913516405117
TR-037436,2025-08-25,august,Dry Van,1007.8,1998.34,2020.7340969596492,2015.671012317842,2018.2025546387456,19.862554638745678
TR-037437,2025-08-25,august,Reefer,543.9,1356.23,1397.3119914868219,1388.7686638937778,1393.0403276902998,36.8103276902998
TR-037438,2025-08-25,august,Flatbed,1900.4,3895.33,4010.7185175908658,4006.058329324048,4008.388423457457,113.05842345745714
TR-037439,2025-08-25,august,Dry Van,2080.6,3885.01,3950.602161480953,3864.0906049654805,3907.3463832232164,22.336383223216217
TR-037440,2025-08-25,august,Reefer,1213.5,2790.28,2736.9057538375323,2796.1326529497796,2766.519203393656,23.76079660634423
TR-037441,2025-08-25,august,Reefer,1565.5,3384.09,3422.6774529719446,3389.0797652091023,3405.8786090905232,21.788609090523096
TR-037442,2025-08-25,august,Reefer,1263.4,2734.43,2772.305970970297,2705.9112053557574,2739.108588163027,4.678588163027143
TR-037443,2025-08-25,august,Flatbed,2409.4,4507.79,4810.379803692787,4608.511304654091,4709.445554173439,201.65555417343876
TR-037444,2025-08-25,august,Reefer,986.8,2277.19,2230.925648461771,2257.6265822080045,2244.2761153348874,32.91388466511262
TR-037445,2025-08-25,august,Dry Van,916.0,1768.34,1834.597079638092,1826.3838593412115,1830.4904694896518,62.15046948965187
TR-037446,2025-08-25,august,Dry Van,2037.9,3578.75,3797.2483506069284,3782.4178975948475,3789.833124100888,211.0831241008882
TR-037447,2025-08-25,august,Reefer,2114.3,4142.32,4367.740941978037,4354.986898847752,4361.363920412894,219.0439204128943
TR-037448,2025-08-25,august,Dry Van,116.0,321.01,342.6260459623686,368.07050054107617,355.3482732517224,34.3382732517224
TR-037449,2025-08-25,august,Dry Van,453.2,999.69,985.8530351235578,985.8552895218447,985.8541623227013,13.835837677298741
TR-037450,2025-08-25,august,Dry Van,3102.6,5201.7,5419.3937460687375,5262.1694458470765,5340.7815959579075,139.08159595790767
TR-037451,2025-08-25,august,Dry Van,857.8,1682.14,1728.1319340081916,1715.139941701655,1721.6359378549232,39.49593785492311
TR-037452,2025-08-25,august,Dry Van,503.3,1058.57,1062.6171988191097,1061.0137927086757,1061.8154957638926,3.245495763892677
TR-037453,2025-08-25,august,Reefer,544.6,1336.47,1335.6841150948883,1318.2710834986874,1326.977599296788,9.49240070321207
TR-037454,2025-08-25,august,Flatbed,1353.3,2925.47,2966.161266919705,2954.239536337188,2960.2004016284463,34.73040162844654
TR-037455,2025-08-25,august,Reefer,1969.6,4029.68,4090.7087069797176,4065.845642847222,4078.27717491347,48.5971749134701
TR-037456,2025-08-25,august,Flatbed,565.9,1321.95,1306.9114281581014,1322.6252249369745,1314.768326547538,7.181673452462064
TR-037457,2025-08-25,august,Dry Van,872.7,1730.58,1779.4437692419278,1801.1127906112977,1790.2782799266129,59.69827992661294
TR-037458,2025-08-25,august,Flatbed,930.3,1929.15,1955.1594175445623,1961.4424507906,1958.300934167581,29.150934167581
TR-037459,2025-08-25,august,Dry Van,431.7,1017.42,1023.9741517670038,1003.5387153667042,1013.756433566854,3.663566433146002
TR-037460,2025-08-25,august,Reefer,969.0,2191.42,2159.7717696018926,2170.7294969408977,2165.250633271395,26.169366728604928
TR-037461,2025-08-25,august,Reefer,3219.5,6600.96,6552.237425586755,6463.23128638024,6507.734355983497,93.22564401650288
TR-037462,2025-08-25,august,Dry Van,1993.5,3503.39,3564.5312719003364,3514.040788189929,3539.286030045133,35.8960300451331
TR-037463,2025-08-25,august,Flatbed,2129.1,4342.27,4364.879510176556,4367.040125022004,4365.95981759928,23.689817599279195
TR-037464,2025-08-25,august,Reefer,1136.2,2589.5,2535.740756055554,2506.9066224512158,2521.323689253385,68.17631074661494
TR-037465,2025-08-25,august,Dry Van,699.8,1433.9,1449.438541107818,1446.3494366765863,1447.8939888922023,13.993988892202196
TR-037466,2025-08-25,august,Flatbed,656.8,1549.96,1592.4386292278616,1584.7324057025537,1588.5855174652077,38.62551746520762
TR-037467,2025-08-25,august,Flatbed,367.8,856.35,862.7157129987423,863.8533317864435,863.2845223925929,6.934522392592839
TR-037468,2025-08-25,august,Dry Van,581.8,1147.09,1168.6479493909062,1178.3569466095994,1173.5024480002528,26.41244800025288
TR-037469,2025-08-25,august,Dry Van,1380.7,2731.74,2796.110440034001,2763.267873880393,2779.689156957197,47.949156957197374
TR-037470,2025-08-25,august,Reefer,602.8,1355.42,1347.4936489452666,1336.6180314158923,1342.0558401805795,13.364159819420593
TR-037471,2025-08-25,august,Dry Van,665.6,1389.14,1392.1864681078985,1433.9615030781283,1413.0739855930133,23.933985593013176
TR-037472,2025-08-25,august,Dry Van,2831.5,4591.86,4940.575194163678,4729.52243473684,4835.04881445026,243.18881445026
TR-037473,2025-08-25,august,Reefer,2440.3,4727.74,4928.721943694603,4897.493847135173,4913.107895414889,185.36789541488906
TR-037474,2025-08-25,august,Dry Van,1286.3,2511.8,2435.138500567964,2555.9411420073743,2495.539821287669,16.260178712331253
TR-037475,2025-08-25,august,Reefer,507.6,1269.27,1305.4899266680302,1309.3659702286116,1307.4279484483209,38.157948448320894
TR-037476,2025-08-25,august,Dry Van,1742.3,3340.43,3436.4455352720543,3404.8018029558734,3420.623669113964,80.193669113964
TR-037477,2025-08-25,august,Flatbed,1547.1,3123.56,3220.4523257651585,3180.537467419377,3200.4948965922677,76.9348965922677
TR-037478,2025-08-25,august,Dry Van,924.5,1786.52,1828.7315361132326,1812.0248727926732,1820.378204452953,33.85820445295303
TR-037479,2025-08-25,august,Dry Van,359.8,835.39,843.4354733329405,818.0902193224051,830.7628463276728,4.627153672327154
TR-037480,2025-08-25,august,Dry Van,1036.9,2006.14,2021.6443198996787,1986.449514274059,2004.046917086869,2.093082913131184
TR-037481,2025-08-25,august,Dry Van,1665.1,3013.5,3104.0597678039394,3184.4848219606147,3144.272294882277,130.77229488227704
TR-037482,2025-08-25,august,Dry Van,1194.0,2283.71,2341.5697143426937,2356.95162363418,2349.260668988437,65.55066898843688
TR-037483,2025-08-25,august,Reefer,136.0,412.37,375.0618008856866,442.119274174629,408.5905375301578,3.7794624698422012
TR-037484,2025-08-25,august,Dry Van,658.9,1342.31,1337.8174323719586,1363.9608983985297,1350.8891653852443,8.579165385244323
TR-037485,2025-08-25,august,Flatbed,1691.4,3474.89,3628.589665980933,3661.190199080952,3644.8899325309426,169.99993253094271
TR-037486,2025-08-25,august,Dry Van,912.2,1781.67,1852.701160957051,1846.8078727833936,1849.7545168702222,68.08451687022216
TR-037487,2025-08-25,august,Reefer,975.4,2230.48,2236.598332766898,2259.0519124043694,2247.825122585634,17.345122585633817
TR-037488,2025-08-25,august,Flatbed,1646.7,3480.85,3545.769174210575,3541.6828923494904,3543.7260332800324,62.876033280032516
TR-037489,2025-08-25,august,Flatbed,1892.5,3791.97,3901.258374412567,3830.769118741776,3866.0137465771713,74.04374657717153
TR-037490,2025-08-25,august,Dry Van,181.9,470.3,477.38429598890934,468.2427799390018,472.8135379639556,2.513537963955571
TR-037491,2025-08-25,august,Dry Van,539.5,1129.48,1135.6957315279872,1126.2682954310853,1130.9820134795364,1.5020134795363447
TR-037492,2025-08-25,august,Reefer,1136.4,2416.23,2475.092208657882,2409.981190387345,2442.5366995226136,26.3066995226136
TR-037493,2025-08-25,august,Reefer,1896.3,3974.86,4027.40292638567,3952.9578567927933,3990.1803915892315,15.320391589231349
TR-037494,2025-08-25,august,Dry Van,803.1,1554.96,1580.15431425852,1582.6749508549915,1581.4146325567558,26.45463255675577
TR-037495,2025-08-25,august,Reefer,644.1,1430.57,1422.2345880293055,1431.2187413052184,1426.726664667262,3.843335332737979
TR-037496,2025-08-25,august,Reefer,601.9,1371.93,1372.6186551021012,1375.5758765322762,1374.0972658171886,2.167265817188536
TR-037497,2025-08-25,august,Reefer,2324.1,4704.09,4881.009442014003,4841.944054186721,4861.476748100362,157.38674810036173
TR-037498,2025-08-25,august,Flatbed,2839.9,5266.93,5419.6601229415255,5254.468470283465,5337.064296612495,70.13429661249484
TR-037499,2025-08-25,august,Reefer,1041.6,2318.21,2404.596454513004,2401.1077507774494,2402.8521026452268,84.64210264522671
TR-037500,2025-08-25,august,Dry Van,2073.7,4077.42,4061.547988046098,4012.2664610490174,4036.9072245475577,40.51277545244238
TR-037501,2025-08-25,august,Dry Van,1302.3,2393.51,2519.250846063861,2446.7834667726634,2483.017156418262,89.50715641826173
TR-037502,2025-08-25,august,Dry Van,891.1,1793.6,1851.2734022491913,1767.7352939843177,1809.5043481167545,15.90434811675459
TR-037503,2025-08-25,august,Dry Van,207.4,546.06,536.5650504620531,570.9337853338686,553.7494178979609,7.689417897960993
TR-037504,2025-08-25,august,Dry Van,182.5,471.35,489.1780200191266,484.86223669003516,487.0201283545809,15.670128354580868
TR-037505,2025-08-25,august,Dry Van,608.4,1359.21,1387.3546936237553,1367.5271029884616,1377.4408983061085,18.23089830610843
TR-037506,2025-08-25,august,Reefer,558.9,1359.02,1345.6070675586052,1339.3953486766839,1342.5012081176446,16.518791882355345
TR-037507,2025-08-25,august,Reefer,2896.7,5874.84,5994.703494635124,5818.800859606266,5906.752177120696,31.91217712069556
TR-037508,2025-08-25,august,Reefer,613.4,1458.43,1497.664250920016,1468.7232224645768,1483.1937366922964,24.763736692296334
TR-037509,2025-08-25,august,Dry Van,337.6,759.91,758.9360970361732,784.5539650160488,771.7450310261111,11.835031026111096
TR-037510,2025-08-25,august,Dry Van,1843.0,3389.76,3450.4692609662543,3491.347649020946,3470.9084549936,81.1484549935999
TR-037511,2025-08-25,august,Reefer,2082.7,4140.17,4255.514771398849,4256.252140778383,4255.883456088616,115.71345608861611
TR-037512,2025-08-25,august,Dry Van,2332.5,4029.27,4163.817350978599,4119.056549710131,4141.436950344365,112.16695034436498
TR-037513,2025-08-25,august,Dry Van,385.6,911.49,919.6317149994115,916.0803297551518,917.8560223772816,6.366022377281638
TR-037514,2025-08-25,august,Reefer,811.7,1814.2,1860.3042556147227,1891.6173671232025,1875.9608113689626,61.76081136896255
TR-037515,2025-08-25,august,Reefer,1991.9,4270.17,4380.291715842778,4304.930528383067,4342.611122112923,72.44112211292304
TR-037516,2025-08-25,august,Flatbed,2131.6,4172.44,4261.961666663555,4239.538943015503,4250.750304839528,78.31030483952873
TR-037517,2025-08-25,august,Flatbed,464.5,1081.96,1072.156434065648,1044.57618666782,1058.366310366734,23.593689633265967
TR-037518,2025-08-25,august,Dry Van,1087.3,2261.4,2328.247784963584,2256.8204522227657,2292.5341185931748,31.134118593174662
TR-037519,2025-08-25,august,Flatbed,197.6,580.73,559.8832437571347,619.0989435658014,589.4910936614681,8.761093661468067
TR-037520,2025-08-25,august,Flatbed,515.8,1235.0,1253.5172148949657,1248.7551069319013,1251.1361609134335,16.136160913433514
TR-037521,2025-08-25,august,Flatbed,2094.1,4212.53,4254.34440341674,4302.445057946252,4278.394730681495,65.86473068149553
TR-037522,2025-08-25,august,Dry Van,1620.7,3196.39,3214.6860869539482,3219.7385943491645,3217.2123406515566,20.822340651556715
TR-037523,2025-08-25,august,Dry Van,431.9,1027.81,1047.8629360398413,1036.24004421688,1042.0514901283607,14.241490128360738
TR-037524,2025-08-25,august,Reefer,1881.6,3958.96,4002.6688612965427,4000.6977159512817,4001.683288623912,42.72328862391214
TR-037525,2025-08-25,august,Reefer,737.1,1672.26,1686.5831062891918,1664.5576932328036,1675.5703997609976,3.3103997609975977
TR-037526,2025-08-25,august,Dry Van,848.4,1764.35,1752.2700440982137,1789.9123040375273,1771.0911740678705,6.741174067870588
TR-037527,2025-08-25,august,Dry Van,609.0,1311.35,1322.3031230528782,1284.5009845077439,1303.402053780311,7.947946219688902
TR-037528,2025-08-25,august,Dry Van,1256.6,2507.22,2532.667533922585,2551.896496856521,2542.2820153895527,35.062015389552926
TR-037529,2025-08-25,august,Flatbed,1116.8,2396.54,2424.231337296834,2423.8188775653966,2424.0251074311154,27.485107431115466
TR-037530,2025-08-25,august,Flatbed,506.4,1243.11,1286.7192705339157,1246.886690796109,1266.8029806650125,23.692980665012556
TR-037531,2025-08-25,august,Reefer,2045.2,4177.52,4305.085707523054,4302.736304642092,4303.911006082573,126.39100608257286
TR-037532,2025-08-25,august,Reefer,347.2,891.98,881.3483092258601,878.6150539769637,879.981681601412,11.998318398588026
TR-037533,2025-08-25,august,Reefer,954.1,2102.24,2143.581365207156,2125.9887848108265,2134.785075008991,32.54507500899126
TR-037534,2025-08-25,august,Flatbed,321.3,844.6,802.807294995898,817.4990142963222,810.1531546461101,34.4468453538899
TR-037535,2025-08-25,august,Dry Van,373.8,826.36,816.138112704258,810.7391433231778,813.4386280137179,12.92137198628211
TR-037536,2025-08-25,august,Flatbed,2140.5,4259.34,4320.030514739184,4289.607299839867,4304.818907289526,45.47890728952552
TR-037537,2025-08-25,august,Dry Van,583.4,1223.24,1233.102113508576,1249.3983976380205,1241.250255573298,18.010255573298082
TR-037538,2025-08-26,august,Dry Van,2275.1,4207.6,4288.978025021434,4223.222301325613,4256.1001631735235,48.500163173523106
TR-037539,2025-08-26,august,Dry Van,839.4,1704.22,1660.5032176544753,1642.08177996426,1651.2924988093678,52.927501190632256
TR-037540,2025-08-26,august,Reefer,2770.5,5543.98,5781.162059857788,5562.457157459867,5671.8096086588275,127.82960865882796
TR-037541,2025-08-26,august,Dry Van,816.8,1745.83,1748.987143626001,1755.1519737807864,1752.0695587033938,6.239558703393868
TR-037542,2025-08-26,august,Flatbed,1276.0,2814.36,2750.4321869726746,2755.515810433498,2752.973998703086,61.386001296913946
TR-037543,2025-08-26,august,Dry Van,1650.4,3151.52,3182.705714219543,3180.624789251453,3181.665251735498,30.145251735497823
TR-037544,2025-08-26,august,Reefer,407.4,1059.53,1040.9828005191187,1029.7626754049172,1035.372737962018,24.157262037982036
TR-037545,2025-08-26,august,Dry Van,392.5,882.57,859.668041524941,873.3386877996961,866.5033646623185,16.066635337681532
TR-037546,2025-08-26,august,Flatbed,1165.2,2374.48,2508.020049863251,2389.4729268759647,2448.746488369608,74.26648836960794
TR-037547,2025-08-26,august,Reefer,180.7,529.58,510.7629281480515,573.6909401153273,542.2269341316894,12.646934131689363
TR-037548,2025-08-26,august,Dry Van,330.5,776.71,737.8174204387985,746.8897309582555,742.353575698527,34.356424301473
TR-037549,2025-08-26,august,Flatbed,910.6,1848.34,1853.125643957306,1866.5743147120709,1859.8499793346884,11.509979334688524
TR-037550,2025-08-26,august,Dry Van,1408.4,2702.67,2674.991756412435,2683.0606082278955,2679.0261823201654,23.643817679834683
TR-037551,2025-08-26,august,Flatbed,1679.4,3359.87,3480.6296357668166,3515.975837233558,3498.302736500187,138.43273650018727
TR-037552,2025-08-26,august,Dry Van,885.3,1875.62,1870.7639817238028,1833.1604138578753,1851.9621977908391,23.657802209160764
TR-037553,2025-08-26,august,Reefer,1327.4,2775.5,2843.6115478461716,2783.8729134316472,2813.7422306389094,38.242230638909405
TR-037554,2025-08-26,august,Dry Van,183.8,439.78,444.039953130485,440.23101611322113,442.13548462185304,2.3554846218530656
TR-037555,2025-08-26,august,Dry Van,3069.6,5253.18,5582.976732726394,5323.717340511982,5453.347036619189,200.16703661918837
TR-037556,2025-08-26,august,Dry Van,600.1,1239.38,1242.5740242958093,1287.5442627579055,1265.0591435268575,25.679143526857388
TR-037557,2025-08-26,august,Reefer,1573.6,3621.56,3561.7713069837837,3533.4206040969384,3547.595955540361,73.9640444596389
TR-037558,2025-08-26,august,Dry Van,1539.1,3116.28,3078.8457903038466,3007.165279219341,3043.0055347615935,73.27446523840672
TR-037559,2025-08-26,august,Dry Van,611.6,1298.15,1265.991181572291,1297.9754337766663,1281.9833076744785,16.16669232552158
TR-037560,2025-08-26,august,Reefer,2069.0,4133.81,4328.325887375862,4318.017604323391,4323.171745849627,189.36174584962646
TR-037561,2025-08-26,august,Reefer,852.4,1935.9,2020.379284766788,2009.9357558934223,2015.1575203301052,79.25752033010508
TR-037562,2025-08-26,august,Reefer,1316.0,2753.95,2802.121991983674,2819.699842396189,2810.9109171899318,56.96091718993193
TR-037563,2025-08-26,august,Reefer,894.7,2148.99,2162.5675811514984,2159.0906639938557,2160.829122572677,11.839122572677297
TR-037564,2025-08-26,august,Reefer,546.0,1342.1,1365.4030802466762,1344.7864133417916,1355.0947467942337,12.994746794233833
TR-037565,2025-08-26,august,Reefer,551.7,1400.2,1392.1512145042173,1382.5895684490213,1387.3703914766193,12.829608523380784
TR-037566,2025-08-26,august,Dry Van,1035.0,2128.94,2156.0522201801723,2118.153670446536,2137.102945313354,8.162945313354157
TR-037567,2025-08-26,august,Flatbed,1079.9,2419.5,2376.1016785840925,2391.577142152036,2383.839410368064,35.66058963193609
TR-037568,2025-08-26,august,Flatbed,175.4,480.53,469.04894671636407,491.41514688087,480.23204679861703,0.29795320138293846
TR-037569,2025-08-26,august,Dry Van,1715.2,3280.89,3334.275149736278,3369.5512905982987,3351.9132201672883,71.0232201672884
TR-037570,2025-08-26,august,Flatbed,916.8,2143.84,2104.4970944004567,2104.8141324430017,2104.655613421729,39.18438657827119
TR-037571,2025-08-26,august,Dry Van,929.6,1999.35,2034.417902080282,2021.442708878064,2027.930305479173,28.58030547917315
TR-037572,2025-08-26,august,Dry Van,879.8,1840.35,1818.223191804499,1836.8156829962516,1827.5194374003754,12.8305625996245
TR-037573,2025-08-26,august,Flatbed,1133.6,2533.0,2508.75893027616,2529.9599933706313,2519.3594618233956,13.640538176604423
TR-037574,2025-08-26,august,Dry Van,316.1,769.24,727.6625596532876,763.5387650962198,745.6006623747537,23.6393376252463
TR-037575,2025-08-26,august,Dry Van,1212.0,2531.82,2563.670063737248,2504.316995844777,2533.9935297910124,2.1735297910122426
TR-037576,2025-08-26,august,Reefer,1705.1,3549.2,3749.8253469245064,3769.6613295865054,3759.743338255506,210.54333825550611
TR-037577,2025-08-26,august,Flatbed,759.2,1683.88,1691.223903536931,1695.4982492769268,1693.361076406929,9.481076406928878
TR-037578,2025-08-26,august,Dry Van,1679.5,3080.9,3208.688455516864,3213.532090333059,3211.1102729249615,130.21027292496137
TR-037579,2025-08-26,august,Flatbed,2082.3,3883.87,3998.901514891745,4045.138658209694,4022.0200865507195,138.1500865507196
TR-037580,2025-08-26,august,Flatbed,2678.8,5314.35,5151.206767732698,5197.413805738264,5174.310286735481,140.03971326451938
TR-037581,2025-08-26,august,Reefer,503.2,1299.42,1279.5714523785505,1280.7536948973245,1280.1625736379374,19.257426362062688
TR-037582,2025-08-26,august,Dry Van,2175.2,4128.11,4210.2842077863,4173.2802157763235,4191.782211781312,63.6722117813124
TR-037583,2025-08-26,august,Dry Van,849.2,1780.4,1789.7847674742552,1796.8591930276687,1793.321980250962,12.921980250961951
TR-037584,2025-08-26,august,Dry Van,1195.7,2337.1,2462.7229698371048,2427.462532028835,2445.09275093297,107.99275093297001
TR-037585,2025-08-26,august,Flatbed,239.7,625.66,622.6688540113945,644.0505611669225,633.3597075891585,7.699707589158493
TR-037586,2025-08-26,august,Dry Van,789.8,1485.25,1526.3756644291557,1521.5138469934664,1523.944755711311,38.69475571131102
TR-037587,2025-08-26,august,Dry Van,189.1,464.06,475.6693102856875,488.3981710585956,482.03374067214156,17.97374067214156
TR-037588,2025-08-26,august,Dry Van,373.7,816.33,820.0693936983351,810.808575827383,815.438984762859,0.891015237141005
TR-037589,2025-08-26,august,Dry Van,1200.6,2369.79,2488.172137260301,2469.8515885284287,2479.0118628943646,109.22186289436468
TR-037590,2025-08-26,august,Reefer,1747.3,4074.46,3902.992206896171,3982.9801981792825,3942.986202537727,131.47379746227307
TR-037591,2025-08-26,august,Dry Van,871.1,1678.89,1682.2723145241034,1705.0775026242156,1693.6749085741594,14.784908574159317
TR-037592,2025-08-26,august,Dry Van,484.9,1020.5,1016.4902574674254,1004.7090347790596,1010.5996461232426,9.900353876757436
TR-037593,2025-08-26,august,Reefer,607.9,1469.47,1474.5987457478864,1473.777079420747,1474.1879125843166,4.717912584316537
TR-037594,2025-08-26,august,Dry Van,764.1,1554.66,1583.492996661643,1591.1954440347793,1587.3442203482111,32.684220348211056
TR-037595,2025-08-26,august,Reefer,853.4,1827.24,1926.0290314990089,1921.5618492480735,1923.7954403735412,96.55544037354116
TR-037596,2025-08-26,august,Dry Van,199.1,531.79,522.1343445066475,562.8464415123367,542.4903930094921,10.700393009492132
TR-037597,2025-08-26,august,Dry Van,515.8,1141.64,1135.8635164329307,1165.465178618854,1150.6643475258925,9.02434752589238
TR-037598,2025-08-26,august,Dry Van,1755.7,3389.74,3484.6543484195863,3474.3032344614167,3479.4787914405015,89.7387914405017
TR-037599,2025-08-26,august,Flatbed,1163.0,2337.5,2471.88589196578,2371.5463658652193,2421.7161289154997,84.21612891549967
TR-037600,2025-08-26,august,Flatbed,1105.1,2413.43,2482.3295095743147,2491.188397952182,2486.7589537632484,73.32895376324859
TR-037601,2025-08-26,august,Dry Van,1292.5,2448.42,2540.121362497063,2553.208572487444,2546.6649674922537,98.24496749225364
TR-037602,2025-08-26,august,Dry Van,590.5,1240.34,1231.0507011146492,1239.5379080873522,1235.2943046010007,5.045695398999214
TR-037603,2025-08-26,august,Reefer,1907.0,4122.47,4152.602777507135,4129.348760725262,4140.9757691161985,18.50576911619828
TR-037604,2025-08-26,august,Dry Van,2034.1,3751.93,3789.342996949806,3796.1022729788783,3792.7226349643424,40.7926349643426
TR-037605,2025-08-26,august,Flatbed,1031.4,2197.75,2155.70311531458,2181.709375703521,2168.7062455090504,29.043754490949595
TR-037606,2025-08-26,august,Dry Van,1038.7,2164.68,2225.460686798861,2202.593062795735,2214.0268747972978,49.346874797297914
TR-037607,2025-08-26,august,Flatbed,189.9,579.29,567.2050426314672,605.482822222411,586.3439324269391,7.053932426939127
TR-037608,2025-08-26,august,Dry Van,2118.8,3826.84,3881.595966379631,3904.228350992038,3892.9121586858346,66.07215868583444
TR-037609,2025-08-26,august,Flatbed,1730.5,3739.54,3699.4259785241584,3709.850761148042,3704.6383698361,34.90163016389988
TR-037610,2025-08-26,august,Dry Van,1173.5,2247.78,2248.9879031152727,2231.1982678825243,2240.0930854988983,7.68691450110191
TR-037611,2025-08-26,august,Reefer,325.5,929.59,897.1704747004574,893.0317975093169,895.1011361048871,34.4888638951129
TR-037612,2025-08-26,august,Dry Van,272.6,626.83,622.383855567409,640.4233517247014,631.4036036460552,4.573603646055176
TR-037613,2025-08-26,august,Reefer,1477.1,3084.71,3179.0815663764574,3162.892627948678,3170.987097162568,86.27709716256777
TR-037614,2025-08-26,august,Dry Van,1880.1,3474.44,3656.0871226682902,3681.6922224540767,3668.8896725611835,194.44967256118343
TR-037615,2025-08-26,august,Dry Van,391.8,892.54,881.4996591821948,906.7709333368834,894.1352962595391,1.5952962595391682
TR-037616,2025-08-26,august,Reefer,311.7,895.86,862.7289861795928,893.6639916791808,878.1964889293868,17.663511070613254
TR-037617,2025-08-26,august,Dry Van,541.9,1149.77,1168.5310993735557,1143.750043440941,1156.1405714072484,6.3705714072484625
TR-037618,2025-08-26,august,Dry Van,937.2,1935.32,1957.686582983818,1932.5011647550407,1945.0938738694294,9.773873869429508
TR-037619,2025-08-26,august,Dry Van,548.9,1120.27,1143.450691981044,1147.826041499542,1145.638366740293,25.368366740292913
TR-037620,2025-08-26,august,Reefer,727.5,1728.72,1751.9139716781517,1755.7875307164932,1753.8507511973226,25.130751197322525
TR-037621,2025-08-26,august,Flatbed,1590.2,3097.49,3231.5256202985574,3290.118375686109,3260.8219979923333,163.33199799233353
TR-037622,2025-08-26,august,Reefer,2146.7,4244.53,4459.876496021924,4507.003459188117,4483.43997760502,238.90997760502069
TR-037623,2025-08-26,august,Flatbed,1872.9,3724.92,3828.205776560207,3836.872482199347,3832.539129379777,107.61912937977695
TR-037624,2025-08-26,august,Dry Van,1298.2,2607.99,2698.7396535802172,2736.112616823755,2717.426135201986,109.43613520198642
TR-037625,2025-08-26,august,Reefer,2039.1,4145.22,4289.002458735469,4286.516895713487,4287.759677224478,142.5396772244776
TR-037626,2025-08-26,august,Reefer,2284.1,4884.69,4853.295185107495,4847.226235929984,4850.26071051874,34.42928948125973
TR-037627,2025-08-26,august,Dry Van,937.0,1894.18,1845.9713479831394,1866.4665360318477,1856.2189420074935,37.96105799250654
TR-037628,2025-08-26,august,Flatbed,1522.5,3107.88,3241.132424203621,3180.1780299865236,3210.6552270950724,102.7752270950723
TR-037629,2025-08-26,august,Dry Van,1661.8,3343.16,3422.0792530615963,3359.785921683543,3390.9325873725697,47.77258737256989
TR-037630,2025-08-26,august,Reefer,2001.3,4211.34,4397.69593798056,4317.625711599272,4357.660824789917,146.32082478991651
TR-037631,2025-08-26,august,Dry Van,83.3,234.78,253.2351594363814,279.14532874465294,266.1902440905172,31.410244090517182
TR-037632,2025-08-26,august,Dry Van,2367.5,4501.93,4347.703067675585,4324.8903446198865,4336.296706147736,165.63329385226461
TR-037633,2025-08-26,august,Reefer,2209.7,4409.52,4459.598007523722,4441.057067895719,4450.327537709721,40.807537709720236
TR-037634,2025-08-26,august,Dry Van,1453.5,2734.23,2736.90022873578,2767.943649798305,2752.4219392670425,18.19193926704247
TR-037635,2025-08-26,august,Flatbed,427.7,1007.76,1042.3912771577188,1003.4235498449957,1022.9074135013573,15.147413501357278
TR-037636,2025-08-26,august,Reefer,1049.9,2487.71,2502.5450493319854,2539.9810303570985,2521.2630398445417,33.55303984454167
TR-037637,2025-08-26,august,Flatbed,474.6,1196.28,1176.4630824594751,1155.3900846912456,1165.9265835753604,30.35341642463959
TR-037638,2025-08-26,august,Flatbed,2205.0,4570.74,4492.837540975831,4547.581067800336,4520.209304388083,50.5306956119166
TR-037639,2025-08-26,august,Dry Van,2023.5,3756.09,3773.984599185305,3844.004302024276,3808.9944506047905,52.90445060479033
TR-037640,2025-08-26,august,Dry Van,1388.5,2804.03,2728.7164563860097,2710.6773865796986,2719.696921482854,84.33307851714608
TR-037641,2025-08-26,august,Reefer,796.0,1768.74,1829.6494414793044,1778.7956441834854,1804.222542831395,35.482542831394994
TR-037642,2025-08-26,august,Dry Van,2847.8,4834.15,5067.589039693252,4888.0276328326545,4977.808336262953,143.65833626295353
TR-037643,2025-08-26,august,Dry Van,855.3,1909.79,1899.6032002859592,1866.3834229677777,1882.9933116268685,26.796688373131474
TR-037644,2025-08-26,august,Flatbed,668.6,1452.43,1459.7745458391107,1452.093342809909,1455.9339443245099,3.5039443245098028
TR-037645,2025-08-26,august,Dry Van,1502.1,2856.98,2853.6756000596442,2919.4722352581966,2886.5739176589204,29.593917658920418
TR-037646,2025-08-26,august,Dry Van,1532.3,3034.16,3023.1454990324787,3042.3868805611723,3032.7661897968255,1.3938102031743256
TR-037647,2025-08-26,august,Flatbed,691.3,1569.66,1497.618815757821,1550.986411906902,1524.3026138323617,45.357386167638424
TR-037648,2025-08-26,august,Reefer,2287.4,4760.85,4729.076205984679,4713.407454140034,4721.241830062357,39.60816993764365
TR-037649,2025-08-26,august,Dry Van,2485.6,4252.97,4499.975140974089,4334.554417090368,4417.264779032228,164.29477903222778
TR-037650,2025-08-26,august,Flatbed,2660.2,5371.91,5218.179347332958,5297.285537048178,5257.732442190569,114.17755780943116
TR-037651,2025-08-26,august,Dry Van,1307.8,2678.85,2726.794977833819,2749.978206963152,2738.3865923984854,59.53659239848548
TR-037652,2025-08-26,august,Dry Van,303.2,670.09,671.9228696842397,678.568197210777,675.2455334475084,5.155533447508333
TR-037653,2025-08-26,august,Dry Van,354.1,837.58,826.95694303171,825.7341351652028,826.3455390984564,11.234460901543684
TR-037654,2025-08-26,august,Dry Van,1063.5,2161.67,2199.7723217528296,2146.176003339302,2172.9741625460656,11.304162546065527
TR-037655,2025-08-26,august,Reefer,883.1,1815.69,1906.7252017941876,1900.8369919607806,1903.781096877484,88.091096877484
TR-037656,2025-08-26,august,Reefer,635.5,1471.38,1469.6470195134082,1455.7890037980624,1462.7180116557352,8.661988344264955
TR-037657,2025-08-26,august,Dry Van,885.0,1808.99,1795.087710425878,1790.2941427789615,1792.6909266024197,16.299073397580287
TR-037658,2025-08-26,august,Flatbed,1517.9,3018.61,3166.085787440489,3141.276212933427,3153.681000186958,135.07100018695792
TR-037659,2025-08-26,august,Dry Van,669.5,1378.05,1348.7999386480592,1392.6497207464618,1370.7248296972605,7.32517030273948
TR-037660,2025-08-26,august,Flatbed,1546.1,3207.68,3330.5178521638522,3363.355027308421,3346.936439736137,139.25643973613705
TR-037661,2025-08-26,august,Dry Van,405.5,879.66,892.1711839576639,924.2318313953103,908.2015076764872,28.541507676487186
TR-037662,2025-08-26,august,Dry Van,1931.5,3446.98,3549.7360297637792,3562.1141382418186,3555.925084002799,108.94508400279892
TR-037663,2025-08-26,august,Dry Van,1180.4,2254.18,2229.174464577418,2230.1263594511943,2229.6504120143063,24.529587985693524
TR-037664,2025-08-26,august,Flatbed,690.7,1496.33,1539.4650098399354,1564.68247821901,1552.0737440294727,55.74374402947274
TR-037665,2025-08-26,august,Dry Van,565.6,1220.66,1205.230367771784,1235.3014156186698,1220.2658916952269,0.39410830477322634
TR-037666,2025-08-26,august,Dry Van,816.7,1635.51,1696.7531556746283,1728.3980901370005,1712.5756229058143,77.06562290581428
TR-037667,2025-08-26,august,Dry Van,1660.2,3126.4,3235.8346544052647,3177.1467671955916,3206.490710800428,80.09071080042804
TR-037668,2025-08-26,august,Dry Van,370.9,800.04,789.5083404480516,814.5926444976437,802.0504924728477,2.0104924728477727
TR-037669,2025-08-26,august,Flatbed,973.3,2020.49,2046.8200980680792,2101.883238130139,2074.3516680991092,53.86166809910924
TR-037670,2025-08-26,august,Dry Van,2495.6,4425.0,4573.9246297649115,4508.866689631871,4541.395659698392,116.39565969839168
TR-037671,2025-08-26,august,Dry Van,2168.4,4015.37,4107.413605600104,4102.231600294097,4104.822602947101,89.45260294710079
TR-037672,2025-08-26,august,Reefer,1814.6,3653.07,3747.7476061689053,3820.9431166084696,3784.3453613886877,131.27536138868754
TR-037673,2025-08-26,august,Dry Van,1420.6,2850.71,2810.996948462914,2809.4313185342126,2810.2141334985636,40.49586650143647
TR-037674,2025-08-26,august,Reefer,2122.2,4345.54,4493.114412096634,4496.034426382601,4494.574419239618,149.03441923961782
TR-037675,2025-08-26,august,Flatbed,489.5,1086.98,1109.2332091629273,1103.7784514624682,1106.5058303126978,19.525830312697735
TR-037676,2025-08-26,august,Reefer,1475.5,2952.96,3212.048583526654,3128.2344657843937,3170.141524655524,217.18152465552384
TR-037677,2025-08-26,august,Dry Van,1376.3,2549.25,2623.7812512520577,2638.619057259062,2631.20015425556,81.95015425555994
TR-037678,2025-08-26,august,Flatbed,1427.6,2998.91,2977.1093940337346,3011.588402555395,2994.3488982945646,4.561101705435249
TR-037679,2025-08-26,august,Reefer,2008.3,4163.16,4269.772010538024,4247.386413826078,4258.5792121820505,95.41921218205061
TR-037680,2025-08-26,august,Dry Van,2484.2,4425.38,4543.904457392402,4423.2976283411135,4483.601042866758,58.22104286675767
TR-037681,2025-08-26,august,Reefer,3217.9,6659.04,6461.858639775495,6371.21614226005,6416.537391017773,242.50260898222677
TR-037682,2025-08-26,august,Flatbed,1292.6,2608.55,2663.0282867741034,2673.655466224509,2668.341876499306,59.791876499306
TR-037683,2025-08-26,august,Dry Van,133.3,346.48,359.11858247147575,375.69298185236994,367.40578216192284,20.925782161922825
TR-037684,2025-08-26,august,Dry Van,1202.9,2434.71,2504.3193905950698,2482.3364004505047,2493.327895522787,58.61789552278697
TR-037685,2025-08-26,august,Dry Van,976.3,1988.07,2081.9394105184865,2069.2644819472744,2075.6019462328804,87.5319462328805
TR-037686,2025-08-26,august,Dry Van,503.6,1152.5,1132.0564910339915,1150.6947183651466,1141.375604699569,11.124395300430933
TR-037687,2025-08-26,august,Dry Van,2229.0,3859.22,3967.773288013498,3930.1802534978597,3948.976770755679,89.7567707556791
TR-037688,2025-08-26,august,Reefer,248.6,669.53,659.9188618521931,698.2474749822729,679.0831684172331,9.55316841723311
TR-037689,2025-08-26,august,Dry Van,1021.8,2137.58,2129.0207741230674,2085.7563202800166,2107.3885472015418,30.191452798458158
TR-037690,2025-08-26,august,Dry Van,2526.3,4646.35,4747.320309883917,4680.106051116803,4713.71318050036,67.3631805003597
TR-037691,2025-08-26,august,Dry Van,183.4,481.58,482.8367021798555,517.5671551812495,500.2019286805525,18.621928680552514
TR-037692,2025-08-27,august,Reefer,765.1,1947.49,1916.9180797200504,1906.0310526470623,1911.4745661835564,36.01543381644365
TR-037693,2025-08-27,august,Reefer,1747.7,3584.34,3702.5482688066186,3773.6104127493572,3738.079340777988,153.73934077798776
TR-037694,2025-08-27,august,Dry Van,2963.0,5390.78,5520.331245501941,5433.528019533989,5476.929632517966,86.14963251796598
TR-037695,2025-08-27,august,Reefer,398.1,971.18,958.220532207706,970.0125156624256,964.1165239350657,7.063476064934207
TR-037696,2025-08-27,august,Flatbed,347.7,857.47,858.7619080907956,852.8030384484971,855.7824732696463,1.6875267303537385
TR-037697,2025-08-27,august,Dry Van,1167.0,2380.42,2389.138812894268,2364.992705147495,2377.0657590208816,3.354240979118458
TR-037698,2025-08-27,august,Dry Van,2874.7,5058.01,5212.952728772951,5022.080255706873,5117.516492239912,59.506492239911495
TR-037699,2025-08-27,august,Dry Van,296.8,794.67,783.2900921203982,774.6704844742817,778.9802882973399,15.68971170266002
TR-037700,2025-08-27,august,Dry Van,1215.6,2485.21,2517.7969263875802,2522.064879155753,2519.9309027716663,34.72090277166626
TR-037701,2025-08-27,august,Dry Van,718.8,1598.8,1543.4335503886782,1581.8080830970428,1562.6208167428604,36.179183257139584
TR-037702,2025-08-27,august,Dry Van,202.9,489.56,478.8589696935203,497.49649298437475,488.1777313389475,1.3822686610524784
TR-037703,2025-08-27,august,Reefer,1018.6,2312.48,2321.488611759608,2309.770421692521,2315.629516726064,3.149516726064121
TR-037704,2025-08-27,august,Dry Van,2649.9,4878.99,4993.446110437571,4902.298923050863,4947.872516744217,68.88251674421736
TR-037705,2025-08-27,august,Dry Van,393.3,897.42,924.4769465552819,910.4077453332723,917.4423459442771,20.022345944277163
TR-037706,2025-08-27,august,Reefer,1191.4,2632.86,2683.726439372422,2633.723204005949,2658.724821689186,25.864821689185646
TR-037707,2025-08-27,august,Reefer,252.2,741.58,739.0011690616562,766.5120296048394,752.7565993332478,11.176599333247736
TR-037708,2025-08-27,august,Dry Van,658.7,1413.89,1399.0512167522413,1443.9464129014348,1421.498814826838,7.608814826837943
TR-037709,2025-08-27,august,Reefer,1245.0,2761.5,2834.142780510362,2756.479886526502,2795.311333518432,33.81133351843209
TR-037710,2025-08-27,august,Dry Van,906.5,1841.26,1861.9586125382214,1885.6796127069965,1873.8191126226088,32.559112622608836
TR-037711,2025-08-27,august,Reefer,441.6,1106.42,1110.7442412066848,1101.763731923432,1106.2539865650583,0.16601343494176035
TR-037712,2025-08-27,august,Reefer,1638.8,3653.94,3651.6076223205705,3675.481469412501,3663.544545866536,9.604545866535773
TR-037713,2025-08-27,august,Dry Van,1062.0,2076.05,2062.951288707789,2004.731829727729,2033.841559217759,42.20844078224127
TR-037714,2025-08-27,august,Dry Van,2083.7,3885.89,3863.3754464170984,3801.229420092849,3832.302433254974,53.587566745025924
TR-037715,2025-08-27,august,Reefer,608.8,1488.98,1532.676483340701,1493.8628547721603,1513.2696690564308,24.28966905643074
TR-037716,2025-08-27,august,Reefer,2569.0,5283.49,5378.1150286721895,5390.873083274128,5384.4940559731585,101.00405597315876
TR-037717,2025-08-27,august,Flatbed,1103.5,2201.11,2304.836034096657,2213.774516830121,2259.305275463389,58.19527546338895
TR-037718,2025-08-27,august,Flatbed,833.4,1944.16,1938.4288511380494,1893.4398921982277,1915.9343716681385,28.22562833186157
TR-037719,2025-08-27,august,Reefer,1967.2,4336.38,4371.330958913406,4332.5136735725355,4351.922316242971,15.542316242970628
TR-037720,2025-08-27,august,Reefer,1215.1,2890.25,2837.4865992737937,2929.678121659532,2883.582360466663,6.667639533337024
TR-037721,2025-08-27,august,Flatbed,407.3,994.31,983.1499008146201,976.0517865727925,979.6008436937063,14.709156306293607
TR-037722,2025-08-27,august,Reefer,1323.6,3072.38,3018.29630891823,3084.0810084002514,3051.188658659241,21.19134134075921
TR-037723,2025-08-27,august,Dry Van,324.8,740.81,757.7844101844954,758.6699400432135,758.2271751138544,17.417175113854455
TR-037724,2025-08-27,august,Flatbed,1214.7,2768.05,2727.7574523110497,2754.7920056055395,2741.274728958295,26.77527104170531
TR-037725,2025-08-27,august,Dry Van,747.0,1604.13,1587.973117698501,1657.6261532850258,1622.7996354917634,18.6696354917633
TR-037726,2025-08-27,august,Reefer,1885.7,4031.9,4080.3630719429934,4054.7520167121897,4067.5575443275916,35.657544327591495
TR-037727,2025-08-27,august,Flatbed,532.6,1247.72,1243.9234586397881,1251.3230118293495,1247.6232352345687,0.09676476543131685
TR-037728,2025-08-27,august,Reefer,513.0,1231.91,1238.4504498023625,1260.8065959747937,1249.6285228885781,17.718522888578036
TR-037729,2025-08-27,august,Dry Van,104.8,274.19,291.9790520346014,306.42766208326884,299.2033570589351,25.013357058935128
TR-037730,2025-08-27,august,Flatbed,251.5,639.55,637.8105843292598,672.978918471805,655.3947514005324,15.84475140053246
TR-037731,2025-08-27,august,Dry Van,1606.8,3286.93,3279.7778108245057,3250.838770413826,3265.3082906191657,21.62170938083409
TR-037732,2025-08-27,august,Flatbed,1678.3,3661.53,3579.3405617724306,3706.6890267730205,3643.0147942727253,18.51520572727486
TR-037733,2025-08-27,august,Dry Van,353.9,826.05,849.5749660345303,840.5359183899209,845.0554422122257,19.005442212225717
TR-037734,2025-08-27,august,Dry Van,936.8,1882.87,1873.764874727467,1885.7683716100119,1879.7666231687394,3.103376831260448
TR-037735,2025-08-27,august,Reefer,524.1,1384.21,1365.6013983149278,1374.2187618087517,1369.9100800618398,14.299919938160201
TR-037736,2025-08-27,august,Dry Van,682.4,1443.46,1383.0043413796902,1422.418975792037,1402.7116585858635,40.748341414136576
TR-037737,2025-08-27,august,Reefer,1884.3,3951.12,4035.642644281096,4025.6390629020616,4030.640853591579,79.520853591579
TR-037738,2025-08-27,august,Reefer,811.4,1960.64,1904.6395863600337,1942.1971010078637,1923.4183436839487,37.221656316051394
TR-037739,2025-08-27,august,Dry Van,538.9,1204.34,1162.333755780761,1164.6832879097983,1163.5085218452796,40.831478154720344
TR-037740,2025-08-27,august,Dry Van,525.5,1155.44,1145.745879830149,1149.9061923220752,1147.8260360761121,7.613963923887923
TR-037741,2025-08-27,august,Dry Van,1536.2,2947.8,3026.8458732457175,2963.123059267914,2994.9844662568157,47.18446625681554
TR-037742,2025-08-27,august,Dry Van,492.3,1054.29,1069.0501896607243,1052.4490279400588,1060.7496088003916,6.459608800391607
TR-037743,2025-08-27,august,Reefer,1297.1,2919.81,3020.7193294597823,2977.224535825505,2998.971932642644,79.16193264264393
TR-037744,2025-08-27,august,Dry Van,1805.7,3541.23,3557.4590888634048,3576.0033161742163,3566.7312025188103,25.50120251881026
TR-037745,2025-08-27,august,Dry Van,792.1,1684.1,1685.0454502646035,1669.83382422144,1677.4396372430217,6.660362756978202
TR-037746,2025-08-27,august,Dry Van,328.5,805.31,779.3070324679006,781.0870702672692,780.1970513675849,25.112948632415055
TR-037747,2025-08-27,august,Dry Van,1734.6,3329.25,3384.4062189837214,3379.4987867198074,3381.9525028517646,52.70250285176462
TR-037748,2025-08-27,august,Dry Van,246.6,605.68,600.9761392420697,628.8943917260724,614.9352654840711,9.255265484071174
TR-037749,2025-08-27,august,Dry Van,266.2,648.4,637.8273269455545,641.4142427689196,639.6207848572371,8.779215142762837
TR-037750,2025-08-27,august,Dry Van,259.3,240.18,619.9431001337717,634.4505472436636,627.1968236887176,387.0168236887176
TR-037751,2025-08-27,august,Reefer,1535.8,3272.48,3372.743954205814,3263.7622617009056,3318.25310795336,45.77310795336007
TR-037752,2025-08-27,august,Reefer,1973.4,4083.19,4124.431808874843,4134.989918688765,4129.710863781804,46.520863781803655
TR-037753,2025-08-27,august,Dry Van,1223.0,2485.52,2552.581110808795,2507.3697830563906,2529.9754469325926,44.45544693259262
TR-037754,2025-08-27,august,Flatbed,222.7,632.38,623.1239712690991,642.5781958232035,632.8510835461514,0.4710835461513625
TR-037755,2025-08-27,august,Dry Van,1794.2,3525.65,3587.5884028963446,3545.4412452498373,3566.514824073091,40.86482407309086
TR-037756,2025-08-27,august,Reefer,936.6,2100.88,2116.0559586896616,2111.31905934829,2113.687509018976,12.807509018975907
TR-037757,2025-08-27,august,Dry Van,459.5,1027.84,1030.6126042350706,1042.3732866187338,1036.4929454269022,8.652945426902306
TR-037758,2025-08-27,august,Reefer,978.0,2124.84,2149.6398690033216,2166.9957129953254,2158.3177909993237,33.47779099932359
TR-037759,2025-08-27,august,Dry Van,2035.1,3776.47,3967.980237077682,3980.775928463132,3974.3780827704068,197.90808277040696
TR-037760,2025-08-27,august,Dry Van,383.4,914.43,895.8627133259836,926.8970206229508,911.3798669744672,3.050133025532773
TR-037761,2025-08-27,august,Flatbed,852.8,1883.25,1914.0488902630593,1930.1913295053823,1922.1201098842207,38.87010988422071
TR-037762,2025-08-27,august,Dry Van,1390.2,2824.37,2812.421354091769,2804.242988836002,2808.3321714638855,16.037828536114375
TR-037763,2025-08-27,august,Dry Van,632.9,1337.71,1348.8037303235003,1329.946213438353,1339.3749718809268,1.6649718809267142
TR-037764,2025-08-27,august,Flatbed,866.0,1864.52,1882.7373945297018,1887.9492993399863,1885.343346934844,20.82334693484404
TR-037765,2025-08-27,august,Dry Van,2810.9,24294.98,5051.9964349813745,5019.480939214109,5035.738687097742,19259.241312902257
TR-037766,2025-08-27,august,Dry Van,2230.9,3950.17,4011.960060003251,3975.414643574994,3993.6873517891227,43.517351789122586
TR-037767,2025-08-27,august,Reefer,263.9,748.62,717.5395878380394,774.7242247504314,746.1319062942355,2.488093705764527
TR-037768,2025-08-27,august,Dry Van,853.3,1731.97,1772.854558756425,1801.9255871496412,1787.390072953033,55.420072953033014
TR-037769,2025-08-27,august,Dry Van,744.4,1567.29,1547.5963711462568,1559.535880217677,1553.566125681967,13.72387431803304
TR-037770,2025-08-27,august,Dry Van,2968.8,5369.04,5468.757880158491,5340.989240629343,5404.873560393917,35.83356039391674
TR-037771,2025-08-27,august,Reefer,705.9,1637.51,1703.9133368682208,1709.6631372347963,1706.7882370515085,69.27823705150854
TR-037772,2025-08-27,august,Dry Van,893.6,1947.0,1912.0409895020982,1941.0047287127709,1926.5228591074347,20.47714089256533
TR-037773,2025-08-27,august,Dry Van,1045.8,2011.85,2068.6271302366113,2109.840862455409,2089.23399634601,77.38399634601001
TR-037774,2025-08-27,august,Dry Van,2531.7,4654.29,4707.878628816519,4768.406839059766,4738.142733938143,83.85273393814259
TR-037775,2025-08-27,august,Dry Van,507.2,1210.64,1205.3920892297492,1189.9207800123058,1197.6564346210275,12.983565378972571
TR-037776,2025-08-27,august,Dry Van,968.5,1919.3,1946.8398155873945,1986.0740750775535,1966.4569453324739,47.156945332473924
TR-037777,2025-08-27,august,Dry Van,878.8,1786.35,1835.7028736949972,1831.7475864423473,1833.7252300686723,47.37523006867241
TR-037778,2025-08-27,august,Dry Van,2813.8,4927.84,5190.247398016691,5031.377010176546,5110.812204096618,182.97220409661804
TR-037779,2025-08-27,august,Dry Van,593.6,1256.55,1237.3849555353052,1246.3654171733629,1241.875186354334,14.674813645666063
TR-037780,2025-08-27,august,Reefer,300.8,820.76,843.1676410343471,847.3410550489564,845.2543480416517,24.494348041651733
TR-037781,2025-08-27,august,Reefer,687.8,1732.68,1673.5087506258142,1685.3773645393433,1679.4430575825786,53.23694241742146
TR-037782,2025-08-27,august,Dry Van,1910.5,3636.08,3636.866998997146,3722.0366173622974,3679.4518081797214,43.371808179721484
TR-037783,2025-08-27,august,Reefer,2403.1,4874.91,4975.970330509334,4895.714130999019,4935.842230754177,60.932230754177
TR-037784,2025-08-27,august,Dry Van,936.8,1830.01,1837.831869191482,1855.3363025898402,1846.584085890661,16.57408589066108
TR-037785,2025-08-27,august,Dry Van,1153.7,2378.55,2405.7898477733015,2415.2827171969443,2410.5362824851227,31.9862824851225
TR-037786,2025-08-27,august,Dry Van,2088.4,3841.84,3854.7200910078263,3830.473132755579,3842.5966118817028,0.7566118817026108
TR-037787,2025-08-27,august,Flatbed,1189.1,2478.27,2518.4393436889354,2481.325929524018,2499.882636606477,21.612636606476826
TR-037788,2025-08-27,august,Dry Van,755.3,1582.18,1533.617271158391,1576.3508795848643,1554.9840753716276,27.195924628372495
TR-037789,2025-08-27,august,Flatbed,958.9,2082.11,2089.0446937410184,2111.475079394669,2100.2598865678438,18.149886567843623
TR-037790,2025-08-27,august,Flatbed,450.7,1025.65,1056.9998120432756,1051.274421228462,1054.1371166358688,28.487116635868688
TR-037791,2025-08-27,august,Flatbed,306.2,830.19,828.8363218640696,862.0798537560547,845.4580878100621,15.26808781006207
TR-037792,2025-08-27,august,Reefer,202.6,588.43,569.3611098011154,626.9680281544463,598.1645689777808,9.734568977780896
TR-037793,2025-08-27,august,Dry Van,2286.0,4241.09,4327.34949862274,4337.1238135684,4332.23665609557,91.1466560955696
TR-037794,2025-08-27,august,Reefer,664.7,1595.56,1592.977061869709,1576.0564556108197,1584.5167587402643,11.043241259735623
TR-037795,2025-08-27,august,Flatbed,861.3,1934.79,1937.6794802092754,1935.7653009599958,1936.7223905846356,1.932390584635641
TR-037796,2025-08-27,august,Dry Van,916.7,1887.98,1810.8620927005309,1840.6007943830105,1825.7314435417707,62.24855645822936
TR-037797,2025-08-27,august,Dry Van,2665.2,4784.42,4953.690186752026,4872.800284321789,4913.245235536908,128.8252355369077
TR-037798,2025-08-27,august,Reefer,831.8,2088.52,2001.3109214642113,2036.8302657386141,2019.0705936014128,69.44940639858714
TR-037799,2025-08-27,august,Dry Van,1181.7,2327.45,2306.8310092951565,2295.115272339707,2300.973140817432,26.47685918256775
TR-037800,2025-08-27,august,Dry Van,1270.2,2466.04,2550.197985177832,2532.3200680358,2541.259026606816,75.21902660681599
TR-037801,2025-08-27,august,Flatbed,1506.0,3202.97,3236.062955544095,3257.229879273139,3246.646417408617,43.676417408617
TR-037802,2025-08-27,august,Dry Van,1877.2,3570.01,3651.338867175591,3576.6048063416692,3613.97183675863,43.96183675862994
TR-037803,2025-08-27,august,Dry Van,387.6,863.26,857.0376113315995,855.4234109631495,856.2305111473745,7.029488852625491
TR-037804,2025-08-27,august,Reefer,1318.0,2846.54,2924.1516179448463,2885.7584021664397,2904.955010055643,58.41501005564305
TR-037805,2025-08-27,august,Dry Van,1052.1,2174.57,2202.303362948495,2201.369057738646,2201.83621034357,27.266210343570037
TR-037806,2025-08-27,august,Reefer,473.0,1178.12,1148.7284118020657,1155.3060436150622,1152.017227708564,26.10277229143594
TR-037807,2025-08-27,august,Dry Van,387.5,910.42,921.9190617205495,938.0476605089495,929.9833611147495,19.56336111474957
TR-037808,2025-08-27,august,Dry Van,170.1,425.68,462.8270793644237,474.87517016502557,468.85112476472466,43.17112476472465
TR-037809,2025-08-27,august,Dry Van,2218.2,4447.18,4342.823439610203,4329.628813488187,4336.226126549195,110.95387345080508
TR-037810,2025-08-27,august,Dry Van,1250.5,2497.99,2486.105391292125,2497.667528275731,2491.8864597839283,6.103540216071451
TR-037811,2025-08-27,august,Reefer,874.5,2103.44,2121.6796536659467,2113.887764121441,2117.783708893694,14.343708893693929
TR-037812,2025-08-27,august,Flatbed,927.7,2080.37,2101.5517936221922,2098.7417679963733,2100.146780809283,19.776780809283082
TR-037813,2025-08-27,august,Dry Van,736.7,1593.5,1521.5090281623966,1575.9967131003484,1548.7528706313724,44.74712936862761
TR-037814,2025-08-27,august,Dry Van,1440.8,2847.78,2944.4859117670744,2937.73148770062,2941.108699733847,93.32869973384686
TR-037815,2025-08-27,august,Flatbed,1499.7,3236.69,3295.5512588387214,3301.6646493672943,3298.6079541030076,61.91795410300756
TR-037816,2025-08-27,august,Dry Van,611.7,1248.79,1265.3972466633393,1264.5116571939434,1264.9544519286414,16.164451928641483
TR-037817,2025-08-27,august,Dry Van,423.8,913.21,918.008776960794,902.5265145511125,910.2676457559533,2.9423542440467827
TR-037818,2025-08-27,august,Flatbed,693.2,1585.24,1671.4031164125965,1624.3625368451233,1647.88282662886,62.64282662885989
TR-037819,2025-08-27,august,Dry Van,392.6,874.6,861.8030449294931,859.6920929642151,860.7475689468541,13.852431053145892
TR-037820,2025-08-27,august,Reefer,1825.9,3849.14,3995.7910079981434,4123.9257139594365,4059.85836097879,210.71836097879032
TR-037821,2025-08-27,august,Reefer,277.6,726.24,743.5303784869667,768.535717754972,756.0330481209694,29.793048120969388
TR-037822,2025-08-27,august,Flatbed,1163.6,2429.53,2494.394612435403,2373.379382125726,2433.886997280564,4.356997280563974
TR-037823,2025-08-27,august,Dry Van,295.7,782.98,777.1975973136159,774.4676785595409,775.8326379365784,7.14736206342161
TR-037824,2025-08-27,august,Dry Van,1084.3,2024.03,2081.3903160139566,2109.5968293567184,2095.4935726853373,71.46357268533734
TR-037825,2025-08-27,august,Reefer,1737.1,3607.67,3639.9380508383633,3633.2803522951635,3636.6092015667637,28.939201566763586
TR-037826,2025-08-27,august,Dry Van,1593.9,2880.71,2996.8470446059746,2984.3690053442533,2990.608024975114,109.89802497511391
TR-037827,2025-08-27,august,Dry Van,608.7,1314.22,1318.768598025277,1291.9504286493707,1305.3595133373237,8.860486662676294
TR-037828,2025-08-27,august,Dry Van,1428.5,2859.51,2969.0613313127324,2952.484961483842,2960.7731463982873,101.26314639828706
TR-037829,2025-08-27,august,Dry Van,1305.9,2660.34,2729.3352966344187,2713.535179508416,2721.435238071417,61.09523807141704
TR-037830,2025-08-27,august,Dry Van,2007.7,3452.72,3626.377899288154,3595.663914412,3611.020906850077,158.30090685007735
TR-037831,2025-08-27,august,Dry Van,843.8,1807.34,1749.7181174437521,1752.5270558152579,1751.122586629505,56.217413370495024
TR-037832,2025-08-27,august,Reefer,1162.1,2669.9,2679.994747515086,2706.0199495144843,2693.007348514785,23.107348514784917
TR-037833,2025-08-27,august,Flatbed,499.3,1173.38,1173.5845781560488,1145.386020671555,1159.4852994138018,13.894700586198269
TR-037834,2025-08-27,august,Dry Van,407.3,956.97,935.1236110422279,935.614325358094,935.3689682001609,21.60103179983912
TR-037835,2025-08-27,august,Reefer,751.2,1745.97,1838.7119000646112,1865.1712898038709,1851.941594934241,105.97159493424101
TR-037836,2025-08-27,august,Flatbed,682.9,1624.84,1635.6467786264186,1611.137265538917,1623.3920220826678,1.4479779173320821
TR-037837,2025-08-27,august,Flatbed,1860.5,3878.35,3948.6223143514644,3929.8462964957616,3939.234305423613,60.884305423613114
TR-037838,2025-08-27,august,Reefer,355.7,955.72,978.1447608533763,978.3690063359272,978.2568835946518,22.536883594651727
TR-037839,2025-08-27,august,Reefer,2700.0,5585.41,5621.5946132219915,5541.9827831805,5581.788698201246,3.621301798753848
TR-037840,2025-08-27,august,Dry Van,608.1,1354.84,1310.4317153917723,1328.546961336402,1319.4893383640872,35.35066163591273
TR-037841,2025-08-27,august,Reefer,1521.5,3572.03,3523.676635584901,3525.585490147413,3524.6310628661568,47.39893713384345
TR-037842,2025-08-27,august,Dry Van,534.2,1207.55,1188.6896096971286,1213.0018485767414,1200.845729136935,6.704270863064949
TR-037843,2025-08-27,august,Reefer,123.6,385.4,376.1866562123387,440.6044199602409,408.3955380862898,22.9955380862898
TR-037844,2025-08-27,august,Dry Van,1592.4,3052.88,3172.195823759742,3192.017069261355,3182.1064465105483,129.22644651054816
TR-037845,2025-08-27,august,Dry Van,991.5,2013.43,1977.7047990814553,1982.7865289502167,1980.2456640158362,33.18433598416391
TR-037846,2025-08-27,august,Flatbed,531.7,1278.5,1264.3181962842332,1257.8433374943156,1261.0807668892744,17.4192331107256
TR-037847,2025-08-27,august,Dry Van,347.6,814.53,811.5711423104722,786.5336345384253,799.0523884244487,15.477611575551236
TR-037848,2025-08-27,august,Reefer,257.6,641.45,669.2091824265015,681.8670248241965,675.538103625349,34.088103625348936
TR-037849,2025-08-27,august,Flatbed,2826.3,5595.12,5532.30021507531,5498.375845734952,5515.338030405132,79.78196959486831
TR-037850,2025-08-27,august,Flatbed,1136.3,2537.72,2468.9092873892446,2464.340524898647,2466.6249061439457,71.09509385605406
TR-037851,2025-08-27,august,Reefer,1309.9,2920.26,2927.472326648034,2958.0069930857153,2942.7396598668747,22.4796598668745
TR-037852,2025-08-27,august,Dry Van,1436.5,2886.36,2969.7664776216234,2993.515207332587,2981.6408424771053,95.28084247710512
TR-037853,2025-08-27,august,Reefer,137.5,411.05,385.9158681880704,467.52655182770513,426.72121000788775,15.671210007887737
TR-037854,2025-08-27,august,Reefer,2288.4,4584.66,4651.283416343952,4672.151516920538,4661.717466632244,77.05746663224454
TR-037855,2025-08-27,august,Dry Van,568.9,1234.56,1260.6483662815492,1267.2867617599095,1263.9675640207292,29.407564020729296
TR-037856,2025-08-27,august,Dry Van,1161.0,2265.03,2324.2104128187148,2255.580475154973,2289.895443986844,24.86544398684373
TR-037857,2025-08-27,august,Dry Van,2003.8,3824.33,3877.784998921807,3897.7626050730246,3887.773801997416,63.4438019974159
TR-037858,2025-08-27,august,Dry Van,1066.7,2256.3,2315.637165625515,2358.824571702157,2337.230868663836,80.93086866383601
TR-037859,2025-08-27,august,Flatbed,1630.3,3348.23,3355.468207245924,3412.3127856374003,3383.8904964416624,35.66049644166242
TR-037860,2025-08-27,august,Dry Van,830.0,1802.0,1770.7118857779592,1786.8585649606578,1778.7852253693086,23.21477463069141
TR-037861,2025-08-27,august,Dry Van,586.4,1304.18,1326.6516865620529,1352.7678034468888,1339.7097450044707,35.52974500447067
TR-037862,2025-08-27,august,Dry Van,2357.5,4297.06,4421.143415858665,4283.8386987716585,4352.491057315162,55.431057315161524
TR-037863,2025-08-27,august,Flatbed,396.3,964.54,956.810933169004,967.4121742227924,962.1115536958982,2.428446304101726
TR-037864,2025-08-27,august,Dry Van,1803.9,3421.01,3497.120573342682,3487.7726280928223,3492.446600717752,71.43660071775184
TR-037865,2025-08-27,august,Dry Van,239.4,611.4,578.6958692883014,595.0042182618454,586.8500437750733,24.549956224926632
TR-037866,2025-08-27,august,Dry Van,562.9,1239.4,1202.8986211010185,1201.9410381844368,1202.4198296427276,36.98017035727253
TR-037867,2025-08-27,august,Dry Van,2009.6,3843.69,3862.0951721599176,3914.9669933749083,3888.531082767413,44.8410827674129
TR-037868,2025-08-27,august,Reefer,573.9,1429.32,1407.0061048638145,1428.5063272600848,1417.7562160619495,11.563783938050392
TR-037869,2025-08-27,august,Dry Van,1085.2,2384.31,2415.777214674164,2355.2588194811165,2385.5180170776403,1.2080170776403065
TR-037870,2025-08-27,august,Dry Van,518.9,1139.34,1161.719282628325,1157.5680538433894,1159.6436682358571,20.30366823585723
TR-037871,2025-08-27,august,Reefer,346.3,910.55,913.9470084925412,914.6493832639264,914.2981958782339,3.7481958782339007
TR-037872,2025-08-27,august,Reefer,1355.8,3111.16,3083.0048084213504,3114.0127733936506,3098.5087909075005,12.651209092499357
TR-037873,2025-08-27,august,Dry Van,261.7,631.56,616.9089736905586,638.9209291390396,627.9149514147991,3.6450485852008114
TR-037874,2025-08-27,august,Dry Van,734.5,1535.2,1531.3936337518476,1588.954495909264,1560.1740648305558,24.97406483055579
TR-037875,2025-08-27,august,Dry Van,2504.6,4626.57,4760.660038346235,4744.901349830647,4752.78069408844,126.2106940884405
TR-037876,2025-08-28,august,Dry Van,1750.1,929.34,3248.9384485123564,3253.6484541258537,3251.293451319105,2321.9534513191047
TR-037877,2025-08-28,august,Dry Van,1056.9,2150.65,2124.7943027289416,2090.958211808634,2107.876257268788,42.773742731212224
TR-037878,2025-08-28,august,Reefer,2613.5,5266.47,5339.046231633974,5319.817749034692,5329.431990334333,62.96199033433277
TR-037879,2025-08-28,august,Dry Van,380.9,914.55,901.3223190366099,921.0331416821703,911.1777303593901,3.3722696406098294
TR-037880,2025-08-28,august,Reefer,1091.2,2377.46,2439.124921774128,2412.2504198107304,2425.6876707924293,48.22767079242931
TR-037881,2025-08-28,august,Flatbed,1158.8,2567.11,2577.7076451221587,2558.9511146375153,2568.329379879837,1.2193798798366515
TR-037882,2025-08-28,august,Reefer,1740.2,3589.92,3636.3521897986866,3653.1612282196784,3644.7567090091825,54.836709009182414
TR-037883,2025-08-28,august,Dry Van,232.0,578.94,582.1326012997732,585.8203189156854,583.9764601077293,5.036460107729226
TR-037884,2025-08-28,august,Dry Van,1689.1,3442.41,3454.7533750957423,3466.1997881575335,3460.476581626638,18.066581626638254
TR-037885,2025-08-28,august,Dry Van,328.7,771.36,765.877600006178,779.9358080425045,772.9067040243413,1.5467040243412384
TR-037886,2025-08-28,august,Reefer,892.9,2159.15,2151.520206944297,2129.8703900527917,2140.6952984985446,18.454701501455474
TR-037887,2025-08-28,august,Reefer,489.6,1325.32,1289.7370982736088,1300.8246742392853,1295.280886256447,30.03911374355289
TR-037888,2025-08-28,august,Dry Van,1591.1,3197.62,3214.6794893640426,3278.856392091971,3246.7679407280066,49.14794072800669
TR-037889,2025-08-28,august,Dry Van,184.0,489.53,492.89784377107776,516.2986986613541,504.59827121621595,15.068271216215976
TR-037890,2025-08-28,august,Reefer,2094.4,4410.04,4560.65267031906,4556.235259736006,4558.443965027533,148.40396502753265
TR-037891,2025-08-28,august,Reefer,2057.0,4320.86,4342.128106992825,4335.066618174458,4338.597362583641,17.737362583641698
TR-037892,2025-08-28,august,Dry Van,440.3,1069.0,1081.991383307667,1058.9503347754844,1070.4708590415757,1.4708590415757499
TR-037893,2025-08-28,august,Dry Van,2688.0,4911.81,5025.507656341632,5046.324108613162,5035.915882477397,124.10588247739634
TR-037894,2025-08-28,august,Dry Van,2147.0,3688.75,3945.618361899364,3938.9226432418077,3942.270502570586,253.5205025705859
TR-037895,2025-08-28,august,Flatbed,938.3,1942.6,2000.6575923578391,2003.0151516716157,2001.8363720147274,59.23637201472752
TR-037896,2025-08-28,august,Reefer,802.6,1923.54,1948.382903228014,1899.1756983439311,1923.7793007859725,0.23930078597254578
TR-037897,2025-08-28,august,Dry Van,1273.8,784.94,2516.877013396135,2505.3726086932693,2511.1248110447023,1726.1848110447022
TR-037898,2025-08-28,august,Dry Van,790.1,1558.7,1553.973266339042,1612.6506941224554,1583.3119802307488,24.611980230748713
TR-037899,2025-08-28,august,Dry Van,548.7,1166.18,1165.9351652170237,1175.039743652446,1170.487454434735,4.3074544347348365
TR-037900,2025-08-28,august,Dry Van,2085.5,4057.35,4070.1738422395006,4069.733066674349,4069.953454456925,12.603454456925192
TR-037901,2025-08-28,august,Dry Van,426.7,931.46,944.015315857418,948.0247790865426,946.0200474719803,14.560047471980283
TR-037902,2025-08-28,august,Reefer,878.7,2214.15,2189.1722016852887,2184.1472453934502,2186.659723539369,27.490276460630866
TR-037903,2025-08-28,august,Reefer,525.6,1309.77,1310.1457731507996,1337.3488816964746,1323.7473274236372,13.977327423637234
TR-037904,2025-08-28,august,Flatbed,1159.5,2533.04,2596.743281815598,2542.500227105528,2569.6217544605634,36.58175446056339
TR-037905,2025-08-28,august,Flatbed,464.3,1117.17,1152.1899108144207,1133.478066211007,1142.8339885127139,25.663988512713786
TR-037906,2025-08-28,august,Dry Van,800.0,1663.45,1683.4729163167299,1685.7395122995426,1684.6062143081363,21.156214308136214
TR-037907,2025-08-28,august,Dry Van,410.1,903.74,937.9021791212253,930.9533623997127,934.427770760469,30.687770760468993
TR-037908,2025-08-28,august,Flatbed,840.5,1982.8,1960.2148683542748,1980.6738238143867,1970.4443460843308,12.355653915669109
TR-037909,2025-08-28,august,Dry Van,494.3,1157.6,1151.4840182065113,1160.1045445431696,1155.7942813748405,1.805718625159443
TR-037910,2025-08-28,august,Dry Van,474.8,1023.16,1036.5803156843278,1033.8056310931136,1035.1929733887207,12.032973388720734
TR-037911,2025-08-28,august,Dry Van,716.5,1557.83,1564.7540255829974,1603.9597892838428,1584.35690743342,26.526907433420092
TR-037912,2025-08-28,august,Dry Van,1202.3,2576.74,2552.769519512451,2539.940761988643,2546.355140750547,30.384859249452802
TR-037913,2025-08-28,august,Dry Van,2412.6,4556.3,4575.983866953081,4535.346913950459,4555.66539045177,0.6346095482304008
TR-037914,2025-08-28,august,Flatbed,653.0,1489.51,1525.4772072328396,1522.0919140698575,1523.7845606513486,34.274560651348565
TR-037915,2025-08-28,august,Dry Van,783.3,1681.13,1653.6032593056482,1661.0616771285297,1657.332468217089,23.797531782911165
TR-037916,2025-08-28,august,Reefer,119.7,379.75,365.38972640277586,417.4463661359548,391.41804626936533,11.668046269365334
TR-037917,2025-08-28,august,Dry Van,231.6,596.66,606.8567594299934,632.4657947214127,619.6612770757031,23.001277075703115
TR-037918,2025-08-28,august,Reefer,817.6,2006.88,1989.0858602254377,2009.724776224975,1999.4053182252064,7.47468177479368
TR-037919,2025-08-28,august,Dry Van,1046.4,2191.94,2205.3405142600786,2204.1832824282187,2204.761898344149,12.821898344148849
TR-037920,2025-08-28,august,Flatbed,1060.4,2301.75,2330.038792408534,2274.9376947213927,2302.4882435649633,0.7382435649633408
TR-037921,2025-08-28,august,Dry Van,1957.7,3783.43,3816.3731034163866,3818.882411374913,3817.6277573956495,34.19775739564966
TR-037922,2025-08-28,august,Dry Van,588.6,1318.28,1313.6732783526122,1329.5729858809786,1321.6231321167954,3.3431321167954593
TR-037923,2025-08-28,august,Reefer,1153.3,2683.81,2646.5072598882716,2727.365258197249,2686.9362590427604,3.1262590427604664
TR-037924,2025-08-28,august,Reefer,331.6,915.56,885.5934114540598,921.6817109912483,903.6375612226541,11.92243877734586
TR-037925,2025-08-28,august,Flatbed,422.7,1135.02,1118.679454788427,1132.897727333147,1125.788591060787,9.231408939212997
TR-037926,2025-08-28,august,Dry Van,1058.9,2327.43,2305.532568430763,2290.806449411703,2298.169508921233,29.26049107876679
TR-037927,2025-08-28,august,Dry Van,644.4,1396.35,1396.6746998918195,1420.2279870741058,1408.4513434829628,12.101343482962875
TR-037928,2025-08-28,august,Dry Van,2973.4,5511.11,5449.44872004528,5469.015164301134,5459.231942173207,51.87805782679243
TR-037929,2025-08-28,august,Reefer,2080.3,4248.81,4297.961799379224,4355.510654469548,4326.736226924386,77.92622692438545
TR-037930,2025-08-28,august,Dry Van,1548.2,3002.06,3044.5441584455853,3016.6041059447793,3030.5741321951823,28.514132195182356
TR-037931,2025-08-28,august,Dry Van,963.4,1866.56,1850.2996892466774,1853.9212593880393,1852.1104743173582,14.449525682641706
TR-037932,2025-08-28,august,Flatbed,456.0,1092.98,1088.1951858407476,1101.7567943627414,1094.9759901017446,1.99599010174461
TR-037933,2025-08-28,august,Dry Van,224.4,1497.36,590.2987301532494,611.0338613708793,600.6662957620644,896.6937042379355
TR-037934,2025-08-28,august,Dry Van,1040.7,2265.29,2243.8496415010427,2247.411161966183,2245.630401733613,19.659598266387093
TR-037935,2025-08-28,august,Flatbed,1425.4,3183.54,3081.7592616972106,3227.366765169561,3154.563013433386,28.97698656661396
TR-037936,2025-08-28,august,Dry Van,2734.6,5008.04,5113.009049981192,5069.721932759643,5091.365491370418,83.3254913704177
TR-037937,2025-08-28,august,Dry Van,568.0,1154.83,1169.6881816317848,1184.7357416138725,1177.2119616228288,22.38196162282884
TR-037938,2025-08-28,august,Dry Van,2727.2,4872.48,5049.19327315859,4963.457192502759,5006.325232830675,133.84523283067574
TR-037939,2025-08-28,august,Dry Van,680.9,1521.09,1480.6280935398793,1496.2987042820353,1488.4633989109573,32.62660108904265
TR-037940,2025-08-28,august,Flatbed,480.4,1198.97,1195.433399622466,1199.291177163732,1197.3622883930989,1.6077116069011481
TR-037941,2025-08-28,august,Dry Van,1306.4,2486.64,2579.2607002913987,2546.4083000120427,2562.834500151721,76.19450015172106
TR-037942,2025-08-28,august,Dry Van,1519.8,3063.56,3048.268398834872,3086.782851580215,3067.5256252075433,3.965625207543326
TR-037943,2025-08-28,august,Reefer,931.4,2305.2,2253.655327584499,2265.415676778882,2259.5355021816904,45.66449781830943
TR-037944,2025-08-28,august,Dry Van,978.6,4845.77,1862.7517918129422,1896.7620137384556,1879.756902775699,2966.0130972243014
TR-037945,2025-08-28,august,Dry Van,466.9,1063.14,1039.8853180297763,1062.9686423240998,1051.426980176938,11.71301982306204
TR-037946,2025-08-28,august,Dry Van,1855.6,3830.63,3794.0794105617374,3772.637793660074,3783.358602110906,47.27139788909426
TR-037947,2025-08-28,august,Dry Van,769.8,1463.75,1492.8970827983057,1496.1597144895272,1494.5283986439165,30.77839864391649
TR-037948,2025-08-28,august,Dry Van,1896.5,3492.12,3610.8567335484563,3592.7638810424323,3601.8103072954445,109.69030729544465
TR-037949,2025-08-28,august,Dry Van,262.3,660.18,639.1279259728725,646.4206205735281,642.7742732732004,17.40572672679957
TR-037950,2025-08-28,august,Dry Van,969.7,1761.74,1815.4721842610238,1841.498145383429,1828.4851648222264,66.74516482222634
TR-037951,2025-08-28,august,Dry Van,208.3,543.05,526.3037025377351,575.8774890061493,551.0905957719422,8.040595771942208
TR-037952,2025-08-28,august,Dry Van,679.1,1465.92,1499.7128078810917,1484.0601595496187,1491.886483715355,25.966483715355025
TR-037953,2025-08-28,august,Reefer,1673.2,3776.02,3804.978486647375,3854.3593412420228,3829.668913944699,53.64891394469896
TR-037954,2025-08-28,august,Dry Van,1160.3,2190.78,2271.394298265259,2203.171275846139,2237.282787055699,46.50278705569872
TR-037955,2025-08-28,august,Dry Van,564.3,1185.36,1149.5566699949616,1173.5416150676706,1161.5491425313162,23.810857468683707
TR-037956,2025-08-28,august,Reefer,380.3,1023.5,989.782806387316,1041.9936434456602,1015.8882249164881,7.6117750835119296
TR-037957,2025-08-28,august,Dry Van,1126.6,2317.42,2370.4960200559344,2358.884579477019,2364.6902997664765,47.270299766476455
TR-037958,2025-08-28,august,Dry Van,642.8,1430.85,1427.7027324880823,1464.699324845962,1446.2010286670222,15.35102866702232
TR-037959,2025-08-28,august,Dry Van,325.9,741.67,724.184510818198,753.2711823059142,738.7278465620561,2.94215343794383
TR-037960,2025-08-28,august,Reefer,293.4,822.76,827.0175380467404,863.4792295827244,845.2483838147324,22.4883838147324
TR-037961,2025-08-28,august,Flatbed,714.4,1724.02,1699.4133019269868,1712.2482830599156,1705.830792493451,18.189207506548883
TR-037962,2025-08-28,august,Flatbed,696.5,1588.13,1623.4051969096445,1609.730806837962,1616.5680018738033,28.43800187380316
TR-037963,2025-08-28,august,Dry Van,2287.0,13409.18,4224.621378773746,4248.6829588646315,4236.652168819189,9172.52783118081
TR-037964,2025-08-28,august,Dry Van,1679.3,3187.06,3347.9021798275576,3369.7428103358807,3358.8224950817194,171.7624950817194
TR-037965,2025-08-28,august,Dry Van,2940.7,5342.33,5358.912065579638,5250.283107984298,5304.597586781968,37.73241321803198
TR-037966,2025-08-28,august,Dry Van,3053.2,5712.69,5711.04406173913,5602.1988279831385,5656.621444861134,56.06855513886603
TR-037967,2025-08-28,august,Dry Van,187.5,493.08,476.2055996081811,512.5638173730806,494.3847084906308,1.3047084906308442
TR-037968,2025-08-28,august,Dry Van,547.5,1192.19,1193.8593796379168,1194.8756409730706,1194.3675103054939,2.177510305493797
TR-037969,2025-08-28,august,Dry Van,496.5,1043.42,1062.5587669622275,1077.826645392252,1070.1927061772399,26.772706177239797
TR-037970,2025-08-28,august,Dry Van,2689.4,4980.31,5067.174106280338,5044.492806210635,5055.833456245486,75.52345624548525
TR-037971,2025-08-28,august,Reefer,1192.0,2813.86,2759.7868753682383,2753.0276346200076,2756.407254994123,57.452745005877205
TR-037972,2025-08-28,august,Flatbed,2885.0,5672.62,5693.333996830511,5649.584434037398,5671.459215433954,1.1607845660455496
TR-037973,2025-08-28,august,Dry Van,686.4,1501.32,1445.702738112803,1503.5185583612395,1474.6106482370212,26.709351762978713
TR-037974,2025-08-28,august,Flatbed,1800.7,3638.16,3768.415963154637,3760.504321657155,3764.460142405896,126.30014240589617
TR-037975,2025-08-28,august,Dry Van,1711.6,3442.92,3404.424951014429,3434.3726784101577,3419.3988147122936,23.52118528770643
TR-037976,2025-08-28,august,Reefer,244.7,641.72,631.571510578181,664.5034576940536,648.0374841361173,6.317484136117287
TR-037977,2025-08-28,august,Dry Van,1897.2,3521.02,3604.6947794750395,3588.24081835995,3596.4677989174947,75.44779891749477
TR-037978,2025-08-28,august,Flatbed,1906.9,4064.81,4018.630693691922,4095.2541016370405,4056.942397664481,7.867602335518768
TR-037979,2025-08-28,august,Dry Van,2389.7,4340.88,4510.723127929266,4510.360705700583,4510.541916814925,169.66191681492455
TR-037980,2025-08-28,august,Flatbed,150.0,456.07,440.0284260819681,491.6578955803334,465.8431608311507,9.773160831150733
TR-037981,2025-08-28,august,Dry Van,491.1,1046.72,1067.751886350173,1080.9373844239694,1074.3446353870713,27.624635387071294
TR-037982,2025-08-28,august,Flatbed,769.8,1752.92,1759.8359372514287,1736.1156868007351,1747.975812026082,4.944187973918133
TR-037983,2025-08-28,august,Flatbed,325.8,841.55,822.6134733987478,837.2518990653871,829.9326862320675,11.617313767932501
TR-037984,2025-08-28,august,Dry Van,1959.9,3649.79,3692.8497944182564,3669.1946552313984,3681.0222248248274,31.232224824827426
TR-037985,2025-08-28,august,Reefer,2561.4,5230.52,5112.775784815464,5098.645966562652,5105.7108756890575,124.80912431094293
TR-037986,2025-08-28,august,Reefer,222.7,570.78,587.1475676816485,588.4095865222184,587.7785771019335,16.998577101933506
TR-037987,2025-08-28,august,Reefer,222.9,636.16,627.1006206110344,638.0307215375751,632.5656710743048,3.5943289256952085
TR-037988,2025-08-28,august,Dry Van,621.8,1325.69,1330.9834664752718,1330.164847825425,1330.5741571503486,4.884157150348528
TR-037989,2025-08-28,august,Dry Van,2608.9,4784.97,4864.8495539252335,4824.211556819515,4844.530555372374,59.56055537237353
TR-037990,2025-08-28,august,Dry Van,1011.4,2263.46,2242.43359614646,2124.909734484978,2183.671665315719,79.78833468428093
TR-037991,2025-08-28,august,Dry Van,2792.2,5207.45,5134.761608624603,5042.330262636947,5088.545935630775,118.90406436922513
TR-037992,2025-08-28,august,Flatbed,2265.1,4638.51,4575.104564143609,4498.876213084082,4536.990388613845,101.51961138615479
TR-037993,2025-08-28,august,Flatbed,1482.3,3040.13,3078.156167709334,3150.2934029515945,3114.2247853304643,74.09478533046422
TR-037994,2025-08-28,august,Dry Van,1058.5,2150.73,2145.4714714097818,2112.473229856949,2128.9723506333653,21.757649366634723
TR-037995,2025-08-28,august,Dry Van,664.2,1360.48,1337.3418361612962,1345.38454929821,1341.363192729753,19.11680727024691
TR-037996,2025-08-28,august,Dry Van,279.4,732.78,712.0726411542514,736.8648356920928,724.4687384231721,8.31126157682786
TR-037997,2025-08-28,august,Dry Van,826.0,1821.47,1813.009224696113,1847.7410501651061,1830.3751374306096,8.905137430609557
TR-037998,2025-08-28,august,Dry Van,920.5,1793.3,1814.929538618427,1785.768571280266,1800.3490549493465,7.049054949346555
TR-037999,2025-08-28,august,Reefer,214.1,609.26,605.3137010484684,629.2787778530492,617.2962394507588,8.036239450758785
TR-038000,2025-08-28,august,Flatbed,1372.8,2695.43,2809.5113500133284,2761.762711414255,2785.637030713792,90.20703071379194
TR-038001,2025-08-28,august,Reefer,892.1,566.92,2180.847010097212,2146.203000334183,2163.5250052156975,1596.6050052156975
TR-038002,2025-08-28,august,Dry Van,909.9,1850.18,1830.2848757064364,1872.5804603475494,1851.4326680269928,1.252668026992751
TR-038003,2025-08-28,august,Dry Van,171.1,462.4,488.688156397023,501.6745848694188,495.1813706332209,32.781370633220945
TR-038004,2025-08-28,august,Dry Van,425.0,963.88,952.3114100103649,952.2447159778956,952.2780629941302,11.601937005869786
TR-038005,2025-08-28,august,Dry Van,453.1,1032.25,1009.0285222192681,1015.2822946643198,1012.155408441794,20.094591558206048
TR-038006,2025-08-28,august,Dry Van,75.9,213.24,220.43677044826802,258.27199396128253,239.35438220477528,26.114382204775268
TR-038007,2025-08-28,august,Reefer,546.9,1261.4,1271.838113846171,1265.6185685464634,1268.7283411963172,7.328341196317069
TR-038008,2025-08-28,august,Dry Van,882.9,1848.26,1847.3493858650957,1883.697700975328,1865.5235434202118,17.263543420211818
TR-038009,2025-08-28,august,Dry Van,2116.7,3869.64,3934.945154717093,3929.1885342222786,3932.0668444696857,62.426844469685875
TR-038010,2025-08-28,august,Dry Van,2441.3,4687.06,4635.402805875962,4577.445061282364,4606.423933579163,80.63606642083778
TR-038011,2025-08-28,august,Reefer,1862.6,3835.83,3937.035356786739,3913.277020110031,3925.1561884483854,89.32618844838544
TR-038012,2025-08-28,august,Dry Van,1248.3,2568.11,2599.823339331279,2623.113979786109,2611.468659558694,43.358659558693944
TR-038013,2025-08-28,august,Dry Van,1313.8,2675.61,2732.4379471924512,2751.2349081322045,2741.836427662328,66.22642766232775
TR-038014,2025-08-28,august,Dry Van,1533.3,2962.37,2985.5930045254117,3003.021963877745,2994.3074842015785,31.937484201578627
TR-038015,2025-08-28,august,Dry Van,407.7,935.04,969.2201031928369,949.9483807301697,959.5842419615033,24.544241961503303
TR-038016,2025-08-28,august,Flatbed,2087.7,4301.09,4340.179212647548,4362.071754845709,4351.125483746629,50.035483746628415
TR-038017,2025-08-28,august,Dry Van,1613.0,3043.42,3066.742737005074,3111.1414741598655,3088.9421055824696,45.52210558246952
TR-038018,2025-08-28,august,Reefer,1186.7,2575.77,2635.3668511431847,2605.1963786962833,2620.2816149197342,44.51161491973426
TR-038019,2025-08-28,august,Dry Van,683.8,1521.67,1478.3015748602254,1483.277546235764,1480.7895605479948,40.88043945200525
TR-038020,2025-08-28,august,Dry Van,1104.6,2070.71,2096.8593476451215,2103.872191856434,2100.365769750778,29.655769750777836
TR-038021,2025-08-28,august,Reefer,1537.0,3410.9,3465.3580058557714,3409.0597020778378,3437.208853966805,26.30885396680469
TR-038022,2025-08-28,august,Dry Van,440.9,992.78,1013.8619420431388,1010.6258877057721,1012.2439148744554,19.46391487445544
TR-038023,2025-08-28,august,Reefer,400.1,999.39,988.3326506862805,980.2487929361675,984.2907218112241,15.099278188775884
TR-038024,2025-08-28,august,Dry Van,465.2,1074.03,1076.4003318424354,1095.9981064620456,1086.1992191522404,12.16921915224043
TR-038025,2025-08-28,august,Reefer,477.8,1167.7,1177.6326180313638,1161.4612178472541,1169.546917939309,1.8469179393089235
TR-038026,2025-08-28,august,Reefer,2950.9,6133.24,6083.618838251507,6161.7686449549965,6122.693741603252,10.546258396747362
TR-038027,2025-08-28,august,Dry Van,2733.9,5037.8,5075.681374069424,5071.338571321421,5073.509972695423,35.70997269542295
TR-038028,2025-08-28,august,Reefer,2119.2,4708.22,4699.147461674587,4704.204847004985,4701.676154339786,6.543845660214174
TR-038029,2025-08-28,august,Dry Van,2774.7,5004.85,5212.048357730351,5154.36192018434,5183.205138957346,178.35513895734584
TR-038030,2025-08-28,august,Dry Van,2943.2,5347.64,5409.697134316469,5353.350756472593,5381.5239453945305,33.8839453945302
TR-038031,2025-08-28,august,Flatbed,900.0,1887.77,1845.333217130356,1883.5590707141862,1864.446143922271,23.323856077729033
TR-038032,2025-08-28,august,Reefer,1357.5,2976.99,3031.0803694415317,3089.318384475999,3060.1993769587652,83.20937695876546
TR-038033,2025-08-28,august,Dry Van,533.4,1099.93,1086.6144390282986,1079.2839142350872,1082.9491766316928,16.980823368307256
TR-038034,2025-08-28,august,Reefer,459.4,1185.14,1173.3595302839776,1185.9115822204653,1179.6355562522215,5.504443747778623
TR-038035,2025-08-28,august,Dry Van,355.6,817.54,806.5029395012255,822.7132685213326,814.608104011279,2.931895988720953
TR-038036,2025-08-28,august,Flatbed,672.8,1591.49,1572.9312629893911,1568.0096068444693,1570.4704349169301,21.019565083069892
TR-038037,2025-08-28,august,Dry Van,1401.1,2695.04,2765.5656994473866,2761.1241075139824,2763.3449034806845,68.30490348068452
TR-038038,2025-08-28,august,Dry Van,2078.2,3779.82,3849.2864998261734,3824.337080285599,3836.8117900558864,56.99179005588621
TR-038039,2025-08-28,august,Dry Van,1472.3,2938.51,2914.068008170435,2940.737696192266,2927.4028521813507,11.107147818649537
TR-038040,2025-08-29,august,Dry Van,2787.8,4852.55,4994.52234254436,4914.02083447774,4954.27158851105,101.72158851104996
TR-038041,2025-08-29,august,Flatbed,531.7,1273.81,1258.693737170856,1250.3055985101869,1254.4996678405214,19.31033215947855
TR-038042,2025-08-29,august,Dry Van,703.0,1328.3,1375.5288422766282,1397.0331821356722,1386.28101220615,57.981012206150126
TR-038043,2025-08-29,august,Dry Van,483.8,1081.06,1081.9921619276702,1069.1475311519687,1075.5698465398195,5.490153460180409
TR-038044,2025-08-29,august,Dry Van,960.4,1938.15,1903.146930158286,1928.9360467528243,1916.0414884555553,22.10851154444481
TR-038045,2025-08-29,august,Dry Van,1212.4,6964.45,2349.89522656869,2373.3936967126388,2361.6444616406643,4602.8055383593355
TR-038046,2025-08-29,august,Dry Van,661.8,1441.78,1423.1625982941541,1444.0434072909602,1433.6030027925572,8.17699720744281
TR-038047,2025-08-29,august,Reefer,579.3,1441.83,1427.7762875198314,1455.5939625384167,1441.685125029124,0.14487497087588963
TR-038048,2025-08-29,august,Reefer,428.0,1079.27,1085.3559771861926,1089.390012659032,1087.3729949226122,8.102994922612197
TR-038049,2025-08-29,august,Reefer,1529.6,3346.24,3339.6976457331016,3369.346356204645,3354.5220009688733,8.28200096887349
TR-038050,2025-08-29,august,Dry Van,570.5,1206.48,1238.8639718221516,1245.7797480269974,1242.3218599245745,35.841859924574464
TR-038051,2025-08-29,august,Dry Van,441.7,940.04,940.9895820397539,934.2053651840756,937.5974736119148,2.4425263880851844
TR-038052,2025-08-29,august,Reefer,315.2,888.64,862.1238726842171,899.5410152835364,880.8324439838767,7.8075560161232715
TR-038053,2025-08-29,august,Dry Van,458.8,1047.9,1049.131709945561,1076.7723180320145,1062.9520139887877,15.052013988787621
TR-038054,2025-08-29,august,Dry Van,1905.8,3500.84,3510.36288560628,3504.0006483792313,3507.181766992756,6.341766992755765
TR-038055,2025-08-29,august,Dry Van,402.4,917.56,936.4599682628201,935.9792986063601,936.2196334345902,18.659633434590205
TR-038056,2025-08-29,august,Flatbed,1723.6,3486.06,3511.341228928703,3552.9324059376913,3532.1368174331974,46.07681743319745
TR-038057,2025-08-29,august,Dry Van,556.0,1181.15,1149.3175286652322,1154.8477611837966,1152.0826449245144,29.067355075485693
TR-038058,2025-08-29,august,Flatbed,733.8,1599.86,1634.0485072941274,1609.2132948959832,1621.6309010950554,21.77090109505548
TR-038059,2025-08-29,august,Dry Van,1942.5,3780.36,3800.939612869582,3803.343995114406,3802.141803991994,21.78180399199391
TR-038060,2025-08-29,august,Dry Van,1053.0,2276.37,2319.839342004371,2270.233055171723,2295.0361985880472,18.666198588047337
TR-038061,2025-08-29,august,Dry Van,2021.3,3832.73,3943.54428225166,3967.457375348702,3955.500828800181,122.77082880018088
TR-038062,2025-08-29,august,Dry Van,2391.2,4243.53,4324.449930362981,4396.4996725194105,4360.474801441196,116.94480144119643
TR-038063,2025-08-29,august,Reefer,2652.8,5675.17,5621.181240393288,5690.9284528048165,5656.054846599052,19.115153400947747
TR-038064,2025-08-29,august,Flatbed,662.1,1471.2,1458.264507534508,1442.9926699993975,1450.6285887669528,20.57141123304723
TR-038065,2025-08-29,august,Dry Van,1197.8,2467.5,2499.949695869204,2483.481939729359,2491.7158177992815,24.215817799281467
TR-038066,2025-08-29,august,Reefer,136.2,430.44,394.3487024606853,494.99780857185056,444.6732555162679,14.233255516267889
TR-038067,2025-08-29,august,Dry Van,577.7,1241.26,1179.2940948866787,1193.9286886355467,1186.6113917611128,54.648608238887164
TR-038068,2025-08-29,august,Dry Van,357.2,881.85,882.0394167666084,888.3442486536899,885.1918327101491,3.341832710149106
TR-038069,2025-08-29,august,Dry Van,415.0,1002.64,1002.8730372857166,1023.1249574999325,1012.9989973928245,10.358997392824563
TR-038070,2025-08-29,august,Dry Van,2044.9,3688.46,3718.3161871658967,3748.111967369254,3733.2140772675757,44.75407726757567
TR-038071,2025-08-29,august,Dry Van,1816.2,3388.98,3485.909464084644,3558.741636654702,3522.325550369673,133.34555036967276
TR-038072,2025-08-29,august,Dry Van,558.6,1198.78,1219.5468505825752,1214.0887467174903,1216.8177986500327,18.037798650032755
TR-038073,2025-08-29,august,Dry Van,734.4,1638.39,1627.4809535685297,1664.4362408311224,1645.958597199826,7.568597199825945
TR-038074,2025-08-29,august,Dry Van,2120.8,3717.58,3889.9115069602963,3852.8037127757843,3871.3576098680405,153.7776098680406
TR-038075,2025-08-29,august,Dry Van,1845.7,3769.36,3606.680046581368,3642.702222048174,3624.6911343147713,144.66886568522887
TR-038076,2025-08-29,august,Dry Van,869.8,1756.32,1814.873194604937,1815.09105984726,1814.9821272260986,58.66212722609862
TR-038077,2025-08-29,august,Reefer,422.7,1154.44,1127.7411152389545,1153.6760074976364,1140.7085613682955,13.731438631704577
TR-038078,2025-08-29,august,Flatbed,931.4,2145.54,2130.976236443119,2152.7657524241617,2141.8709944336406,3.669005566359374
TR-038079,2025-08-29,august,Dry Van,1458.3,3065.67,2968.1861368782984,3029.949025811938,2999.067581345118,66.60241865488206
TR-038080,2025-08-29,august,Dry Van,2445.7,4466.21,4635.142670212997,4517.315298136632,4576.228984174814,110.01898417481425
TR-038081,2025-08-29,august,Flatbed,1052.4,2414.14,2396.6040651501035,2344.7102455290164,2370.6571553395597,43.48284466044015
TR-038082,2025-08-29,august,Reefer,2017.7,4165.93,4274.615683499489,4242.350006377183,4258.482844938336,92.55284493833551
TR-038083,2025-08-29,august,Dry Van,2167.7,4017.55,4143.282499263766,4201.619213340995,4172.450856302381,154.90085630238082
TR-038084,2025-08-29,august,Dry Van,2317.2,4316.49,4396.084460165378,4307.128747629891,4351.606603897635,35.11660389763529
TR-038085,2025-08-29,august,Dry Van,1299.4,2566.92,2587.075416314901,2608.11476310169,2597.5950897082957,30.675089708295673
TR-038086,2025-08-29,august,Dry Van,792.3,1723.18,1723.7416852096153,1698.2679439318247,1711.00481457072,12.175185429279964
TR-038087,2025-08-29,august,Reefer,1461.9,3114.15,3254.48491532476,3215.8163574802315,3235.150636402496,121.00063640249573
TR-038088,2025-08-29,august,Flatbed,463.6,1098.57,1116.2203081789469,1133.5887108084014,1124.9045094936741,26.334509493674204
TR-038089,2025-08-29,august,Dry Van,2996.5,5408.24,5435.183699444941,5480.849255297413,5458.016477371177,49.77647737117695
TR-038090,2025-08-29,august,Dry Van,3061.7,5571.16,5606.28303476335,5513.028023288718,5559.655529026034,11.504470973965908
TR-038091,2025-08-29,august,Dry Van,822.5,1801.54,1797.2261421821318,1862.2318172545258,1829.728979718329,28.188979718328937
TR-038092,2025-08-29,august,Dry Van,2926.4,5291.81,5337.063180126239,5242.682492100277,5289.872836113258,1.9371638867423826
TR-038093,2025-08-29,august,Dry Van,2049.4,3948.31,4003.0882207117106,3987.3519825975704,3995.2201016546405,46.910101654640584
TR-038094,2025-08-29,august,Dry Van,2049.5,3588.64,3722.435823088656,3657.95567506531,3690.195749076983,101.55574907698292
TR-038095,2025-08-29,august,Reefer,373.3,999.34,980.2793444318862,1006.7712771485411,993.5253107902137,5.814689209786366
TR-038096,2025-08-29,august,Dry Van,1871.9,3568.75,3556.359654723505,3558.354924305694,3557.3572895146,11.39271048540013
TR-038097,2025-08-29,august,Reefer,1235.2,2896.5,2848.7298437276004,2851.5416289384057,2850.135736333003,46.364263666996976
TR-038098,2025-08-29,august,Reefer,867.3,1902.84,1948.36286216807,1927.4343526599928,1937.8986074140314,35.058607414031485
TR-038099,2025-08-29,august,Dry Van,1926.8,3500.09,3519.0736770572494,3564.621736982602,3541.847707019926,41.757707019925874
TR-038100,2025-08-29,august,Flatbed,2544.7,5007.73,4967.640840271913,4934.079638730025,4950.860239500969,56.869760499030235
TR-038101,2025-08-29,august,Dry Van,437.2,984.23,965.5848346140482,989.2738933046655,977.4293639593568,6.800636040643212
TR-038102,2025-08-29,august,Reefer,520.0,1266.69,1294.0714591094093,1301.0297157080859,1297.5505874087476,30.860587408747506
TR-038103,2025-08-29,august,Dry Van,1279.5,2680.97,2721.6396089443538,2747.7987952547905,2734.719202099572,53.74920209957236
TR-038104,2025-08-29,august,Dry Van,1964.1,3822.75,3905.8958908060617,3876.382501301533,3891.1391960537976,68.3891960537976
TR-038105,2025-08-29,august,Reefer,799.3,1830.82,1852.540515351442,1841.2065180203379,1846.87351668589,16.053516685890145
TR-038106,2025-08-29,august,Dry Van,403.4,925.77,914.5225657292541,919.8578874022035,917.1902265657288,8.579773434271146
TR-038107,2025-08-29,august,Reefer,1762.9,3920.72,3851.8801529574803,3942.2400073395484,3897.0600801485143,23.659919851485483
TR-038108,2025-08-29,august,Flatbed,629.9,1539.99,1570.716793873172,1501.9284516205225,1536.3226227468472,3.6673772531528357
TR-038109,2025-08-29,august,Dry Van,849.8,1851.64,1874.5965914733051,1854.1446356289066,1864.3706135511059,12.730613551105762
TR-038110,2025-08-29,august,Dry Van,1127.1,2229.78,2338.392753893889,2220.293908308581,2279.343331101235,49.56333110123478
TR-038111,2025-08-29,august,Dry Van,624.0,1288.41,1300.7342965985604,1295.7155213530004,1298.2249089757804,9.814908975780327
TR-038112,2025-08-29,august,Dry Van,282.5,657.63,656.3599176045078,668.4834884536253,662.4217030290665,4.791703029066525
TR-038113,2025-08-29,august,Flatbed,1396.6,2921.08,2885.5378610071593,3006.711041401129,2946.124451204144,25.044451204144025
TR-038114,2025-08-29,august,Dry Van,2409.7,4295.47,4386.166373249764,4395.962613034364,4391.064493142064,95.59449314206358
TR-038115,2025-08-29,august,Dry Van,462.6,1026.41,1005.1711726405158,1011.6080682338956,1008.3896204372056,18.02037956279446
TR-038116,2025-08-29,august,Dry Van,849.2,1779.0,1748.2967446326638,1787.4473659809057,1767.8720553067847,11.12794469321534
TR-038117,2025-08-29,august,Reefer,727.2,1638.14,1606.9831109983581,1670.339052147814,1638.661081573086,0.521081573085894
TR-038118,2025-08-29,august,Reefer,1795.2,3679.12,3786.2880206235395,3898.1518524270314,3842.2199365252854,163.09993652528556
TR-038119,2025-08-29,august,Dry Van,411.4,918.1,902.3745941328897,919.6087861178837,910.9916901253866,7.108309874613383
TR-038120,2025-08-29,august,Dry Van,304.2,750.05,758.1775458421903,764.4093364609398,761.293441151565,11.243441151565094
TR-038121,2025-08-29,august,Reefer,777.1,1933.49,1933.838923034538,1947.4724803119523,1940.6557016732452,7.165701673245167
TR-038122,2025-08-29,august,Dry Van,239.4,595.99,580.3556551640664,593.3119122373782,586.8337837007223,9.15621629927773
TR-038123,2025-08-29,august,Flatbed,1989.3,3921.4,4004.1709339514873,4010.799819224255,4007.485376587871,86.085376587871
TR-038124,2025-08-29,august,Dry Van,413.0,910.05,946.4157739946754,942.9203162221934,944.6680451084344,34.618045108434444
TR-038125,2025-08-29,august,Dry Van,1678.2,3335.15,3362.350197751858,3393.6537458949697,3378.001971823414,42.851971823413805
TR-038126,2025-08-29,august,Dry Van,388.5,816.48,821.2566032208706,837.3482958920047,829.3024495564376,12.822449556437618
TR-038127,2025-08-29,august,Reefer,935.0,2267.47,2229.6687768062648,2278.8058520070217,2254.2373144066432,13.232685593356564
TR-038128,2025-08-29,august,Dry Van,2640.0,4900.24,4913.951112128423,4917.93425922957,4915.942685678996,15.702685678996204
TR-038129,2025-08-29,august,Dry Van,1770.5,3459.86,3541.3943490086504,3524.1067716281827,3532.7505603184163,72.89056031841619
TR-038130,2025-08-29,august,Reefer,635.0,1459.3,1486.7676906126708,1486.0876766260612,1486.427683619366,27.127683619366053
TR-038131,2025-08-29,august,Dry Van,608.0,1334.9,1311.0211477077362,1318.7828713356294,1314.9020095216829,19.997990478317206
TR-038132,2025-08-29,august,Dry Van,129.1,328.67,328.7242065028838,323.51003574269134,326.1171211227876,2.552878877212436
TR-038133,2025-08-29,august,Reefer,2166.9,4808.25,4744.727235531646,4787.974590658665,4766.350913095155,41.89908690484481
TR-038134,2025-08-29,august,Reefer,855.9,1913.11,1905.7526939325312,1904.7261389525777,1905.2394164425546,7.870583557445343
TR-038135,2025-08-29,august,Reefer,618.0,1518.34,1529.0709600231028,1499.575044657524,1514.3230023403135,4.016997659686467
TR-038136,2025-08-29,august,Dry Van,1231.9,2644.98,2601.2790114648597,2580.1464354244345,2590.712723444647,54.267276555352964
TR-038137,2025-08-29,august,Reefer,1127.7,2586.01,2595.014754857104,2630.087772021447,2612.5512634392753,26.5412634392751
TR-038138,2025-08-29,august,Reefer,803.7,2038.98,1943.265112396858,1936.8416827891647,1940.0533975930114,98.92660240698865
TR-038139,2025-08-29,august,Dry Van,1644.6,3057.42,3086.6801706611277,3073.5402804304185,3080.110225545773,22.690225545773046
TR-038140,2025-08-29,august,Dry Van,327.9,756.89,739.4138729646612,759.7517783595529,749.5828256621071,7.307174337892889
TR-038141,2025-08-29,august,Dry Van,770.5,1637.49,1608.9175874772059,1611.0035141813557,1609.9605508292807,27.529449170719317
TR-038142,2025-08-29,august,Dry Van,2204.9,4027.95,4048.2459780896697,4044.8787293545834,4046.5623537221263,18.6123537221265
TR-038143,2025-08-29,august,Dry Van,153.6,393.98,392.18642709193847,409.4328658243421,400.80964645814026,6.829646458140246
TR-038144,2025-08-29,august,Dry Van,2237.8,3815.57,4011.844655565686,4005.0410592533153,4008.442857409501,192.87285740950074
TR-038145,2025-08-29,august,Flatbed,571.3,1356.09,1358.6576684651443,1384.6596701284302,1371.6586692967871,15.56866929678722
TR-038146,2025-08-29,august,Flatbed,1513.1,3158.14,3210.7115870297785,3184.8454699530757,3197.778528491427,39.63852849142722
TR-038147,2025-08-29,august,Reefer,2784.7,5472.38,5668.917219370875,5494.206037280799,5581.561628325837,109.18162832583675
TR-038148,2025-08-29,august,Flatbed,802.5,1759.2,1755.8910485142906,1743.4936178901605,1749.6923332022257,9.507666797774391
TR-038149,2025-08-29,august,Flatbed,478.9,1240.94,1242.4502204579255,1217.9396928492106,1230.1949566535682,10.745043346431885
TR-038150,2025-08-29,august,Dry Van,1031.2,2089.29,2019.7402474687226,2113.7107866266488,2066.7255170476856,22.564482952314393
TR-038151,2025-08-29,august,Flatbed,850.4,1948.57,1926.6247670941138,1911.5359920905446,1919.0803795923293,29.4896204076706
TR-038152,2025-08-29,august,Dry Van,270.2,648.48,630.6384948573611,640.4995889599834,635.5690419086723,12.910958091327757
TR-038153,2025-08-29,august,Dry Van,1153.3,2403.04,2330.9785592534276,2334.9429062957283,2332.960732774578,70.07926722542197
TR-038154,2025-08-29,august,Reefer,780.0,1825.23,1830.9791100538125,1856.2445529979234,1843.611831525868,18.381831525867938
TR-038155,2025-08-29,august,Dry Van,500.9,1077.31,1093.0995098746162,1107.2089255124265,1100.1542176935213,22.844217693521387
TR-038156,2025-08-29,august,Flatbed,1072.0,2213.62,2238.408181319529,2298.7171718791824,2268.5626765993557,54.942676599355764
TR-038157,2025-08-29,august,Dry Van,311.7,815.86,782.7577199521013,769.4849238410684,776.1213218965848,39.73867810341517
TR-038158,2025-08-29,august,Dry Van,543.1,1256.28,1249.7094882278975,1230.8438972312447,1240.276692729571,16.003307270428877
TR-038159,2025-08-29,august,Reefer,758.6,1680.91,1697.123808492558,1719.4032102584226,1708.2635093754902,27.353509375490148
TR-038160,2025-08-29,august,Reefer,1609.7,3566.64,3574.1505871238837,3618.1099307361146,3596.1302589299994,29.490258929999527
TR-038161,2025-08-29,august,Dry Van,3024.2,5511.33,5544.57690410415,5491.401878915845,5517.989391509998,6.659391509998386
TR-038162,2025-08-29,august,Dry Van,1667.4,3389.92,3360.5015855451243,3333.1464904676723,3346.824038006398,43.09596199360203
TR-038163,2025-08-29,august,Flatbed,2129.6,4152.38,4217.717826887732,4320.727974200729,4269.2229005442305,116.84290054423036
TR-038164,2025-08-29,august,Dry Van,541.3,1157.08,1166.2872469557042,1165.7716789609653,1166.0294629583348,8.949462958334834
TR-038165,2025-08-29,august,Dry Van,550.4,1240.59,1189.566811030228,1195.430742002497,1192.4987765163626,48.09122348363735
TR-038166,2025-08-29,august,Dry Van,134.9,370.89,372.8430337325104,393.00861120292734,382.92582246771883,12.035822467718845
TR-038167,2025-08-29,august,Flatbed,323.6,741.7,775.2980499793737,756.87262663549,766.0853383074318,24.385338307431766
TR-038168,2025-08-29,august,Flatbed,890.6,2130.86,2105.1443612972253,2090.17900255999,2097.6616819286073,33.198318071392805
TR-038169,2025-08-29,august,Dry Van,868.1,1850.54,1841.6741290440464,1853.0238665464865,1847.3489977952663,3.1910022047336497
TR-038170,2025-08-29,august,Flatbed,308.4,784.51,790.6413612565594,794.6360189914533,792.6386901240064,8.128690124006425
TR-038171,2025-08-29,august,Dry Van,1607.1,3032.24,3125.679915430272,3114.3038457049397,3119.991880567606,87.75188056760635
TR-038172,2025-08-29,august,Dry Van,2996.3,5566.96,5442.383833694184,5514.243069116934,5478.313451405559,88.6465485944409
TR-038173,2025-08-29,august,Reefer,2740.0,5228.39,5472.483987431966,5497.622477323237,5485.0532323776015,256.66323237760116
TR-038174,2025-08-29,august,Flatbed,1433.1,2989.33,2979.7289235608273,3022.19946935956,3000.9641964601938,11.634196460193834
TR-038175,2025-08-29,august,Reefer,171.5,521.98,507.7887689785392,587.7313375579504,547.7600532682447,25.78005326824473
TR-038176,2025-08-29,august,Dry Van,354.7,822.33,832.8811924418404,820.6072570186388,826.7442247302397,4.414224730239653
TR-038177,2025-08-29,august,Dry Van,2191.1,4198.62,4178.787061788246,4168.087114538573,4173.4370881634095,25.182911836590392
TR-038178,2025-08-29,august,Dry Van,389.8,889.15,888.396028845654,893.0679308304439,890.7319798380489,1.5819798380489374
TR-038179,2025-08-29,august,Flatbed,581.6,1424.01,1458.914587153963,1437.6552582179454,1448.2849226859544,24.27492268595438
TR-038180,2025-08-29,august,Dry Van,206.9,520.3,511.21136884459276,525.5150470667643,518.3632079556785,1.9367920443214643
TR-038181,2025-08-29,august,Flatbed,1882.1,3770.29,3822.1420417278214,3799.678164158511,3810.9101029431663,40.62010294316633
TR-038182,2025-08-29,august,Reefer,689.2,1630.64,1600.8669219927626,1646.6756261350681,1623.7712740639154,6.868725936084729
TR-038183,2025-08-29,august,Reefer,749.4,1647.96,1688.0501272176439,1679.3349147541533,1683.6925209858987,35.732520985898645
TR-038184,2025-08-29,august,Dry Van,1881.2,3711.01,3735.9073123980934,3753.5443470807704,3744.725829739432,33.71582973943168
TR-038185,2025-08-29,august,Dry Van,317.5,766.72,783.633714621846,786.250928326011,784.9423214739286,18.22232147392856
TR-038186,2025-08-29,august,Reefer,1329.8,2915.5,2924.8378927053054,2958.410383113104,2941.624137909205,26.12413790920482
TR-038187,2025-08-29,august,Dry Van,671.0,1453.84,1448.3405933223507,1453.7589367570697,1451.04976503971,2.7902349602898084
TR-038188,2025-08-29,august,Flatbed,343.0,845.78,836.638838678537,831.4020101301967,834.0204244043668,11.759575595633123
TR-038189,2025-08-29,august,Flatbed,2174.5,4283.63,4296.40506975296,4306.818427852631,4301.611748802796,17.981748802795664
TR-038190,2025-08-29,august,Flatbed,1168.3,2595.65,2569.6121731141143,2496.237917218317,2532.9250451662156,62.72495483378452
TR-038191,2025-08-30,august,Dry Van,754.3,1537.18,1481.4201023428936,1529.0111304017048,1505.2156163722993,31.964383627700727
TR-038192,2025-08-30,august,Dry Van,591.0,1284.09,1294.9032680364392,1323.8454868140198,1309.3743774252293,25.284377425229422
TR-038193,2025-08-30,august,Dry Van,1357.4,2640.74,2624.154514838394,2606.6493668637627,2615.4019408510785,25.338059148921275
TR-038194,2025-08-30,august,Reefer,665.3,1557.32,1572.0700707506667,1584.9078630806118,1578.4889669156391,21.168966915639203
TR-038195,2025-08-30,august,Dry Van,2264.1,4117.4,4174.0610648587235,4166.40648524198,4170.233775050352,52.833775050352415
TR-038196,2025-08-30,august,Dry Van,864.0,1675.95,1680.7693113390192,1652.9428948886866,1666.856103113853,9.09389688614715
TR-038197,2025-08-30,august,Reefer,1018.6,2412.8,2366.027342936172,2417.7553369691764,2391.891339952674,20.908660047326066
TR-038198,2025-08-30,august,Reefer,969.1,2242.61,2247.8778138021166,2312.3602885456266,2280.1190511738714,37.509051173871285
TR-038199,2025-08-30,august,Dry Van,635.6,1291.48,1307.685294319412,1299.2984207553554,1303.4918575373836,12.011857537383548
TR-038200,2025-08-30,august,Flatbed,331.3,812.63,799.7516031986636,817.0452561145871,808.3984296566254,4.231570343374642
TR-038201,2025-08-30,august,Dry Van,1217.4,2332.23,2345.545519264304,2344.818934386722,2345.1822268255128,12.952226825512753
TR-038202,2025-08-30,august,Dry Van,939.4,1788.42,1794.1305175097762,1770.0112720026445,1782.0708947562102,6.349105243789836
TR-038203,2025-08-30,august,Flatbed,910.9,1988.34,1988.3284022272599,1948.4515328672403,1968.38996754725,19.950032452749838
TR-038204,2025-08-30,august,Dry Van,1553.0,2919.33,3041.1645395729493,2987.5492511478947,3014.3568953604217,95.0268953604218
TR-038205,2025-08-30,august,Reefer,3086.5,6012.08,6190.335310390546,6015.870336429372,6103.1028234099595,91.02282340995953
TR-038206,2025-08-30,august,Flatbed,320.1,835.19,835.6117434853342,831.9572871795317,833.7845153324329,1.4054846675671797
TR-038207,2025-08-30,august,Dry Van,2510.7,4356.01,4525.542491014423,4506.511912648045,4516.0272018312335,160.01720183123325
TR-038208,2025-08-30,august,Dry Van,945.1,1916.36,1895.0714867594368,1901.0065319663888,1898.0390093629128,18.320990637087107
TR-038209,2025-08-30,august,Flatbed,1253.3,2862.05,2752.7209171925183,2845.864794109353,2799.292855650936,62.75714434906422
TR-038210,2025-08-30,august,Reefer,809.7,1848.53,1925.9166355431362,1919.3624659147035,1922.6395507289199,74.10955072891988
TR-038211,2025-08-30,august,Reefer,886.5,2041.37,2049.2536069403677,2024.41913730845,2036.8363721244089,4.533627875591037
TR-038212,2025-08-30,august,Dry Van,2515.5,4580.65,4631.994321330557,4643.464251283851,4637.729286307203,57.0792863072038
TR-038213,2025-08-30,august,Dry Van,282.4,610.03,604.0773493539871,616.189011118398,610.1331802361925,0.1031802361925429
TR-038214,2025-08-30,august,Flatbed,580.5,1402.53,1386.309663700251,1379.5194241117324,1382.9145439059916,19.615456094008323
TR-038215,2025-08-30,august,Reefer,1602.6,3437.47,3552.1841557924263,3506.404871687353,3529.2945137398897,91.82451373988988
TR-038216,2025-08-30,august,Flatbed,1316.1,2926.22,2836.944666875416,2849.762242864965,2843.3534548701905,82.86654512980931
TR-038217,2025-08-30,august,Reefer,1639.5,3567.51,3608.5971462669554,3711.5505033167383,3660.073824791847,92.56382479184686
TR-038218,2025-08-30,august,Reefer,791.3,1888.29,1862.05380524948,1804.7873161331183,1833.4205606912992,54.86943930870075
TR-038219,2025-08-30,august,Dry Van,427.1,969.71,976.3925489746996,966.9951903578419,971.6938696662708,1.9838696662707207
TR-038220,2025-08-30,august,Flatbed,414.3,1002.84,980.5580323423025,1012.6475478565889,996.6027900994457,6.237209900554376
TR-038221,2025-08-30,august,Reefer,2426.4,4628.63,4911.045017850663,4856.364672302013,4883.704845076338,255.07484507633762
TR-038222,2025-08-30,august,Dry Van,2425.3,4158.93,4301.5274700195205,4204.279159676158,4252.903314847839,93.97331484783899
TR-038223,2025-08-30,august,Reefer,512.8,1298.2,1314.8015196440576,1341.794777376671,1328.2981485103642,30.098148510364126
TR-038224,2025-08-30,august,Reefer,1936.0,4150.04,4201.645600644076,4242.230576610926,4221.938088627501,71.89808862750124
TR-038225,2025-08-30,august,Dry Van,319.7,794.7,781.1703627821839,779.1224051816794,780.1463839819316,14.553616018068396
TR-038226,2025-08-30,august,Dry Van,745.0,1559.92,1531.786645607933,1613.0887290874607,1572.4376873476967,12.517687347696665
TR-038227,2025-08-30,august,Flatbed,527.4,1210.11,1224.518507910846,1199.6021398217747,1212.0603238663102,1.9503238663103275
TR-038228,2025-08-30,august,Dry Van,1523.3,2845.92,2873.4502940326156,2889.5847715156106,2881.517532774113,35.597532774113006
TR-038229,2025-08-30,august,Dry Van,289.5,707.81,719.633447978378,720.5862882752679,720.1098681268229,12.299868126822957
TR-038230,2025-08-30,august,Flatbed,1850.3,3624.6,3788.7035993395493,3773.344613115759,3781.024106227654,156.4241062276542
TR-038231,2025-08-30,august,Dry Van,1614.9,3147.85,3179.6999632752218,3164.5134206845564,3172.106691979889,24.256691979889183
TR-038232,2025-08-30,august,Dry Van,1859.9,3550.67,3635.433086269649,3543.7027702636487,3589.567928266649,38.897928266648705
TR-038233,2025-08-30,august,Dry Van,661.9,1395.48,1346.2942170578274,1363.9087123550385,1355.101464706433,40.37853529356698
TR-038234,2025-08-30,august,Dry Van,123.2,317.92,316.70899929819734,313.8156076524306,315.26230347531396,2.6576965246860595
TR-038235,2025-08-30,august,Reefer,414.7,1050.91,1042.1534150096902,1069.5571105371828,1055.8552627734366,4.945262773436525
TR-038236,2025-08-30,august,Dry Van,920.0,1754.69,1756.6995022437527,1747.914604757664,1752.3070535007082,2.3829464992918474
TR-038237,2025-08-30,august,Dry Van,483.0,927.54,1006.5280721510607,988.0127678333836,997.2704199922221,69.7304199922221
TR-038238,2025-08-30,august,Dry Van,342.2,846.04,835.0522466598352,823.3739268105292,829.2130867351822,16.82691326481779
TR-038239,2025-08-30,august,Dry Van,850.6,1733.62,1739.593284039587,1783.9106869223726,1761.7519854809798,28.131985480979893
TR-038240,2025-08-30,august,Dry Van,286.7,741.41,707.1318535580865,722.0991650136857,714.6155092858861,26.794490714113863
TR-038241,2025-08-30,august,Dry Van,238.6,573.04,566.630382998226,560.3012143840281,563.465798691127,9.574201308872944
TR-038242,2025-08-30,august,Dry Van,406.4,891.99,928.2874303361114,896.2879165064189,912.2876734212651,20.29767342126513
TR-038243,2025-08-30,august,Dry Van,330.1,144.92,730.9773966387501,735.2238264434641,733.1006115411071,588.1806115411072
TR-038244,2025-08-30,august,Dry Van,1235.6,2511.08,2511.00319799375,2488.546418458107,2499.7748082259286,11.305191774071318
TR-038245,2025-08-30,august,Reefer,1034.2,2263.98,2308.233434295241,2307.8672620126754,2308.050348153958,44.07034815395809
TR-038246,2025-08-30,august,Reefer,2176.4,4283.8,4485.31058363508,4474.092128165416,4479.701355900248,195.90135590024784
TR-038247,2025-08-30,august,Reefer,1105.4,2413.56,2542.8710868050152,2414.8105676081595,2478.840827206587,65.28082720658722
TR-038248,2025-08-30,august,Dry Van,1320.8,2568.36,2607.021275107795,2612.4009027175616,2609.7110889126784,41.35108891267828
TR-038249,2025-08-30,august,Dry Van,618.0,1351.11,1348.215687227949,1365.7802065572082,1356.9979468925785,5.887946892578611
TR-038250,2025-08-30,august,Dry Van,1247.0,2529.62,2537.6285467989137,2562.5369608143146,2550.082753806614,20.462753806614273
TR-038251,2025-08-30,august,Flatbed,1162.3,2551.04,2582.159804990504,2498.011106076436,2540.08545553347,10.954544466530024
TR-038252,2025-08-30,august,Flatbed,422.1,1001.31,959.9405325627624,977.8761657677433,968.9083491652528,32.4016508347471
TR-038253,2025-08-30,august,Dry Van,2635.4,4638.53,4787.600207562467,4800.72105869775,4794.160633130108,155.63063313010844
TR-038254,2025-08-30,august,Flatbed,1634.9,3311.2,3350.5196136195123,3313.0025464070964,3331.7610800133043,20.56108001330449
TR-038255,2025-08-30,august,Dry Van,871.7,1747.5,1736.1699328304426,1784.505843158146,1760.3378879942943,12.837887994294306
TR-038256,2025-08-30,august,Dry Van,2726.7,4680.78,4870.19516223239,4805.681457251516,4837.938309741953,157.15830974195342
TR-038257,2025-08-30,august,Reefer,2000.9,4209.65,4222.725242550719,4189.243503166439,4205.984372858578,3.6656271414212824
TR-038258,2025-08-30,august,Reefer,1237.8,2558.26,2654.0210411621356,2529.467601033941,2591.744321098038,33.48432109803798
TR-038259,2025-08-30,august,Dry Van,1630.6,3239.62,3256.9037438767505,3263.341247122501,3260.122495499626,20.502495499626093
TR-038260,2025-08-30,august,Flatbed,3146.7,6127.24,6047.698397330154,6038.7123489540245,6043.205373142089,84.03462685791055
TR-038261,2025-08-30,august,Dry Van,547.5,1162.14,1160.2495900172214,1143.4385461928882,1151.8440681050547,10.295931894945397
TR-038262,2025-08-30,august,Flatbed,1110.8,2335.37,2461.0058654323093,2430.462353104676,2445.734109268493,110.36410926849294
TR-038263,2025-08-30,august,Flatbed,1282.3,2738.82,2694.890897799091,2749.0258703766053,2721.958384087848,16.861615912152047
TR-038264,2025-08-30,august,Dry Van,2367.6,4183.92,4308.217778101181,4226.588703089115,4267.4032405951475,83.48324059514744
TR-038265,2025-08-30,august,Dry Van,1005.1,1877.94,1912.16757692277,1935.39091491116,1923.779245916965,45.839245916964956
TR-038266,2025-08-30,august,Reefer,260.7,709.82,689.1024132165579,703.5353449026288,696.3188790595934,13.501120940406622
TR-038267,2025-08-30,august,Dry Van,1906.8,3502.5,3636.187244050835,3647.72728033403,3641.9572621924326,139.4572621924326
TR-038268,2025-08-30,august,Dry Van,1674.7,3177.86,3283.4995955135414,3285.1596628489024,3284.329629181222,106.46962918122199
TR-038269,2025-08-30,august,Reefer,902.2,1991.79,2008.5138864617963,2023.7772940161049,2016.1455902389507,24.355590238950754
TR-038270,2025-08-30,august,Flatbed,2673.3,4940.91,5162.804247033014,5053.569980829922,5108.187113931468,167.2771139314682
TR-038271,2025-08-30,august,Dry Van,720.8,1586.21,1557.119834239178,1594.6390974148412,1575.8794658270097,10.330534172990383
TR-038272,2025-08-30,august,Dry Van,594.4,1289.22,1276.1944462015074,1291.8424674575895,1284.0184568295485,5.201543170451487
TR-038273,2025-08-30,august,Flatbed,928.8,1965.8,1966.4034438935678,2003.3342067787864,1984.868825336177,19.068825336177042
TR-038274,2025-08-30,august,Reefer,301.1,854.24,850.6732444079382,832.4591247127596,841.5661845603489,12.673815439651094
TR-038275,2025-08-30,august,Dry Van,1936.1,3537.46,3701.405971770287,3693.5895023727016,3697.497737071494,160.03773707149412
TR-038276,2025-08-30,august,Flatbed,1675.0,3456.86,3493.097417459184,3536.345537054409,3514.7214772567963,57.861477256796206
TR-038277,2025-08-30,august,Dry Van,2091.6,3977.4,3988.503801457569,4004.092810094102,3996.2983057758356,18.898305775835524
TR-038278,2025-08-30,august,Reefer,901.5,1909.86,1957.4365238736566,1962.6991420555576,1960.067832964607,50.20783296460718
TR-038279,2025-08-30,august,Flatbed,2026.0,3743.08,4004.8683914223952,3946.935666101932,3975.9020287621634,232.82202876216343
TR-038280,2025-08-30,august,Dry Van,2120.0,3975.76,4068.564133527736,4100.081058251715,4084.3225958897256,108.56259588972534
TR-038281,2025-08-30,august,Dry Van,1588.8,2980.73,2983.46469130319,3058.4152683746493,3020.9399798389195,40.20997983891948
TR-038282,2025-08-30,august,Dry Van,82.7,222.11,251.282248365091,277.18697930782196,264.23461383645645,42.12461383645643
TR-038283,2025-08-30,august,Reefer,585.8,1469.79,1507.0767791603917,1508.9136946333758,1507.9952368968839,38.20523689688389
TR-038284,2025-08-30,august,Reefer,1948.9,4252.82,4295.3184570656285,4304.332642526946,4299.825549796287,47.005549796287596
TR-038285,2025-08-30,august,Dry Van,754.9,1605.29,1589.3019659143522,1600.0037296144847,1594.6528477644183,10.637152235581652
TR-038286,2025-08-30,august,Dry Van,1874.9,3421.38,3594.7372709805177,3560.395877509298,3577.5665742449078,156.18657424490766
TR-038287,2025-08-30,august,Dry Van,1333.4,2482.39,2490.282710607975,2500.830021300824,2495.5563659543996,13.16636595439968
TR-038288,2025-08-30,august,Dry Van,1925.8,3508.42,3556.011051180757,3549.3382131442427,3552.6746321624996,44.25463216249955
TR-038289,2025-08-30,august,Dry Van,2249.7,3922.75,4087.519213463509,4094.9224811013396,4091.220847282424,168.47084728242407
TR-038290,2025-08-30,august,Reefer,771.9,1919.72,1896.73137813806,1839.9719277401464,1868.3516529391031,51.368347060896895
TR-038291,2025-08-30,august,Flatbed,706.4,1637.17,1642.8610127081638,1647.1933810899216,1645.0271968990428,7.8571968990427195
TR-038292,2025-08-30,august,Reefer,305.3,780.67,788.8431259210535,776.8414408963774,782.8422834087155,2.1722834087155434
TR-038293,2025-08-30,august,Flatbed,1733.4,3545.01,3509.884536310518,3552.872481833992,3531.378509072255,13.63149092774529
TR-038294,2025-08-30,august,Flatbed,310.6,801.44,814.5363374946421,812.7707944092169,813.6535659519295,12.213565951929468
TR-038295,2025-08-30,august,Reefer,1411.9,3153.81,3130.976847181279,3109.413793848193,3120.195320514736,33.61467948526388
TR-038296,2025-08-30,august,Dry Van,671.6,1425.21,1432.8062192569573,1440.2488208214506,1436.5275200392039,11.317520039203828
TR-038297,2025-08-30,august,Reefer,395.4,1076.3,1038.713052806262,1087.7192958720584,1063.2161743391603,13.083825660839693
TR-038298,2025-08-30,august,Dry Van,2378.8,4388.14,4485.174870895002,4434.1945801001,4459.684725497551,71.54472549755064
TR-038299,2025-08-30,august,Dry Van,816.3,1579.71,1632.1218678266753,1657.0232640441482,1644.5725659354116,64.86256593541157
TR-038300,2025-08-30,august,Reefer,784.2,1772.91,1775.8340887596755,1802.1793006539988,1789.0066947068372,16.09669470683707
TR-038301,2025-08-30,august,Reefer,297.8,810.88,823.0295904542855,811.4392315849932,817.2344110196393,6.354411019639315
TR-038302,2025-08-30,august,Dry Van,1723.4,3223.23,3303.0700705567447,3212.7377263046374,3257.903898430691,34.67389843069077
TR-038303,2025-08-30,august,Flatbed,1114.0,2236.78,2363.3066997347937,2282.3767772003803,2322.8417384675868,86.06173846758657
TR-038304,2025-08-30,august,Dry Van,1310.0,2506.35,2559.9124530395047,2512.0150811540225,2535.9637670967636,29.613767096763695
TR-038305,2025-08-30,august,Flatbed,1085.1,2323.16,2388.2201286568734,2364.8582889955173,2376.539208826195,53.37920882619528
TR-038306,2025-08-30,august,Dry Van,1025.4,2073.43,2083.258466431751,2151.60189542247,2117.4301809271105,44.000180927110705
TR-038307,2025-08-30,august,Dry Van,586.6,1270.61,1317.7316295957246,1319.9824183214869,1318.8570239586056,48.24702395860572
TR-038308,2025-08-30,august,Dry Van,2218.2,4162.88,4257.572319084318,4183.024350021766,4220.298334553042,57.41833455304186
TR-038309,2025-08-30,august,Dry Van,697.4,551.31,1470.9943534612275,1482.0144852482472,1476.5044193547374,925.1944193547374
TR-038310,2025-08-30,august,Dry Van,960.3,2044.34,2038.9589715851487,2007.2594112670054,2023.109191426077,21.230808573923014
TR-038311,2025-08-30,august,Dry Van,1601.4,2999.26,3136.3592100822807,3094.759614810398,3115.5594124463396,116.29941244633937
TR-038312,2025-08-30,august,Dry Van,353.8,836.07,850.5187556082244,838.9388590603339,844.7288073342792,8.658807334279118
TR-038313,2025-08-30,august,Dry Van,1134.3,2206.24,2206.4898211734526,2186.451966622222,2196.4708938978374,9.769106102162368
TR-038314,2025-08-30,august,Flatbed,720.5,1535.9,1584.8161461515733,1570.3418385407067,1577.57899234614,41.67899234613992
TR-038315,2025-08-30,august,Dry Van,785.5,1567.67,1599.4908621284358,1604.2055551822664,1601.848208655351,34.178208655351
TR-038316,2025-08-30,august,Reefer,874.2,2069.16,2076.264659355407,2036.5928449382404,2056.4287521468236,12.731247853176228
TR-038317,2025-08-30,august,Dry Van,1669.5,3016.58,3134.2290828517043,3175.2466279806986,3154.7378554162015,138.15785541620153
TR-038318,2025-08-30,august,Reefer,918.5,1997.86,2072.116313440455,2043.300757391429,2057.708535415942,59.84853541594225
TR-038319,2025-08-30,august,Flatbed,1667.3,3483.44,3540.1582758764894,3636.045047015321,3588.101661445905,104.66166144590488
TR-038320,2025-08-30,august,Flatbed,1369.7,2983.43,2958.1168807815793,2894.0661746583496,2926.0915277199647,57.33847228003515
TR-038321,2025-08-30,august,Dry Van,1234.2,2511.74,2525.641256098894,2467.7443024078275,2496.6927792533606,15.047220746639141
TR-038322,2025-08-30,august,Reefer,2251.9,4600.11,4724.348267331862,4704.046430303222,4714.197348817543,114.08734881754299
TR-038323,2025-08-30,august,Dry Van,1313.1,2546.13,2639.33627188219,2538.21553592589,2588.77590390404,42.6459039040401
TR-038324,2025-08-30,august,Reefer,679.6,1762.17,1734.0790630813049,1730.492455555665,1732.285759318485,29.884240681515166
TR-038325,2025-08-30,august,Reefer,1012.4,2236.94,2272.954926452545,2256.6959602521133,2264.825443352329,27.88544335232882
TR-038326,2025-08-30,august,Flatbed,2107.2,4206.68,4256.172045058749,4226.48520732342,4241.328626191084,34.64862619108408
TR-038327,2025-08-30,august,Reefer,2105.7,4288.11,4417.6448706825895,4377.657247288163,4397.651058985376,109.54105898537637
TR-038328,2025-08-30,august,Reefer,1291.8,2881.95,2869.7869221898577,2974.991473412092,2922.389197800975,40.43919780097531
TR-038329,2025-08-30,august,Dry Van,1978.9,1501.74,3893.7383182995454,3870.7572430441287,3882.247780671837,2380.5077806718373
TR-038330,2025-08-30,august,Flatbed,1235.1,2578.73,2627.9827377887254,2591.7244241606822,2609.8535809747036,31.1235809747036
TR-038331,2025-08-31,august,Reefer,1449.1,3233.75,3252.64719523045,3333.844848269181,3293.2460217498156,59.496021749815554
TR-038332,2025-08-31,august,Dry Van,312.9,698.09,709.6860671421688,713.2708632194408,711.4784651808047,13.388465180804701
TR-038333,2025-08-31,august,Flatbed,750.5,1671.41,1726.2573117168047,1716.454889871106,1721.3561007939552,49.94610079395511
TR-038334,2025-08-31,august,Dry Van,834.2,1727.0,1739.8326050265064,1785.0410325605483,1762.4368187935274,35.436818793527436
TR-038335,2025-08-31,august,Flatbed,2734.3,5012.22,5324.622373683201,5358.8402903791575,5341.731332031179,329.5113320311784
TR-038336,2025-08-31,august,Dry Van,172.3,454.17,475.7277451161893,466.35226327485316,471.0400041955212,16.870004195521176
TR-038337,2025-08-31,august,Dry Van,1751.1,3354.9,3336.4964762309423,3344.78821382597,3340.6423450284565,14.257654971543616
TR-038338,2025-08-31,august,Dry Van,1305.0,2461.86,2600.6437343216153,2532.957106812342,2566.8004205669786,104.94042056697845
TR-038339,2025-08-31,august,Reefer,329.7,854.42,826.2461385783203,858.8509201439249,842.5485293611225,11.87147063887744
TR-038340,2025-08-31,august,Dry Van,2069.3,3475.31,3718.816197955576,3657.891690981847,3688.3539444687117,213.04394446871174
TR-038341,2025-08-31,august,Dry Van,707.1,1510.17,1500.1821454143992,1549.7863260050126,1524.984235709706,14.814235709705827
TR-038342,2025-08-31,august,Flatbed,2656.2,4870.06,5062.239220798708,4977.962004288651,5020.10061254368,150.04061254367934
TR-038343,2025-08-31,august,Dry Van,414.1,907.84,917.4355745992139,918.6868032767736,918.0611889379937,10.221188937993702
TR-038344,2025-08-31,august,Flatbed,2159.1,4140.64,4160.37074237449,4201.375063161144,4180.872902767816,40.232902767816086
TR-038345,2025-08-31,august,Dry Van,175.1,449.49,449.98009854466784,469.9259667492622,459.953032646965,10.463032646965019
TR-038346,2025-08-31,august,Dry Van,1014.7,2027.8,1978.8437664523683,1967.53210487977,1973.1879356660693,54.612064333930675
TR-038347,2025-08-31,august,Reefer,816.4,1939.87,2015.685451774955,1946.558575915945,1981.12201384545,41.252013845450165
TR-038348,2025-08-31,august,Reefer,1426.7,3038.18,3069.1612306870934,3117.900577638702,3093.530904162898,55.35090416289813
TR-038349,2025-08-31,august,Reefer,2131.5,4459.97,4566.02077328703,4614.148396450347,4590.084584868689,130.11458486868833
TR-038350,2025-08-31,august,Dry Van,278.9,717.91,701.0582651206959,691.1712681219817,696.1147666213387,21.795233378661237
TR-038351,2025-08-31,august,Dry Van,462.9,985.38,986.7796707621868,992.0231117855335,989.4013912738601,4.021391273860104
TR-038352,2025-08-31,august,Reefer,2079.1,4204.85,4244.896194987307,4206.134371709122,4225.515283348215,20.66528334821487
TR-038353,2025-08-31,august,Flatbed,783.0,1697.78,1706.3500683419213,1728.9068865226914,1717.6284774323062,19.848477432306254
TR-038354,2025-08-31,august,Reefer,816.3,1943.47,1943.697337150346,1963.446102603886,1953.5717198771158,10.101719877115784
TR-038355,2025-08-31,august,Dry Van,2037.6,3666.12,3780.4433499907914,3786.094853362836,3783.269101676814,117.1491016768141
TR-038356,2025-08-31,august,Reefer,1387.6,2916.24,2975.3320224432873,2927.945313458704,2951.6386679509956,35.39866795099579
TR-038357,2025-08-31,august,Dry Van,674.4,1456.78,1445.603463245549,1452.8231700106178,1449.2133166280832,7.566683371916724
TR-038358,2025-08-31,august,Flatbed,841.1,1864.32,1876.1622830286103,1841.092769715641,1858.6275263721257,5.6924736278742785
TR-038359,2025-08-31,august,Flatbed,1431.1,2958.21,2963.970166421022,3006.5327893178437,2985.251477869433,27.041477869433038
TR-038360,2025-08-31,august,Dry Van,2385.3,4343.73,4425.672791446803,4416.231935821469,4420.952363634136,77.22236363413685
TR-038361,2025-08-31,august,Dry Van,571.3,1310.33,1308.3271549019282,1333.7714437098653,1321.0492993058967,10.719299305896811
TR-038362,2025-08-31,august,Dry Van,1749.4,3263.99,3360.3331207157635,3305.2435023014705,3332.788311508617,68.79831150861719
TR-038363,2025-08-31,august,Dry Van,1932.7,3426.22,3592.0045566097765,3582.3633453789653,3587.183950994371,160.96395099437132
TR-038364,2025-08-31,august,Reefer,804.5,1859.2,1901.9606347995752,1851.2390656444788,1876.599850222027,17.399850222027
TR-038365,2025-08-31,august,Reefer,1063.1,2288.42,2325.8363883283278,2274.331510393139,2300.0839493607336,11.663949360733568
TR-038366,2025-08-31,august,Dry Van,1640.4,3232.28,3319.2204686074306,3240.7788189610615,3279.999643784246,47.71964378424582
TR-038367,2025-08-31,august,Flatbed,1273.4,2801.66,2809.0807526030994,2836.2728904068044,2822.676821504952,21.016821504952077
TR-038368,2025-08-31,august,Dry Van,1192.4,2266.11,2321.9055496082988,2337.248342255245,2329.5769459317717,63.466945931771534
TR-038369,2025-08-31,august,Dry Van,2668.4,4464.52,4719.953446183374,4620.911828530475,4670.432637356924,205.91263735692337
TR-038370,2025-08-31,august,Dry Van,1895.7,3527.76,3557.9360030778244,3576.2701372705465,3567.1030701741856,39.343070174185414
TR-038371,2025-08-31,august,Dry Van,1440.5,2793.3,2788.6231319619583,2812.307792776799,2800.4654623693787,7.165462369378474
TR-038372,2025-08-31,august,Dry Van,1472.6,2844.85,2945.0575179229613,2917.8895405057656,2931.473529214363,86.62352921436332
TR-038373,2025-08-31,august,Dry Van,164.4,420.84,452.29816386897755,451.0563359924879,451.6772499307327,30.837249930732753
TR-038374,2025-08-31,august,Flatbed,1154.1,2497.8,2499.995526562318,2508.2115040566464,2504.103515309482,6.303515309482009
TR-038375,2025-08-31,august,Dry Van,752.4,1587.51,1586.8379000345813,1628.3952240623596,1607.6165620484703,20.106562048470323
TR-038376,2025-08-31,august,Reefer,835.1,1876.86,1932.6603502725914,1893.7978564999912,1913.2291033862912,36.36910338629127
TR-038377,2025-08-31,august,Dry Van,439.9,892.93,907.0323175662247,903.2631162574139,905.1477169118193,12.217716911819366
TR-038378,2025-08-31,august,Flatbed,970.8,2089.46,2119.340476103572,2151.8700305315783,2135.6052533175753,46.145253317575225
TR-038379,2025-08-31,august,Reefer,1251.4,2665.95,2673.0134163319185,2668.541457798332,2670.777437065125,4.827437065125196
TR-038380,2025-08-31,august,Reefer,1027.0,2167.35,2245.705387473223,2217.3521110661172,2231.52874926967,64.17874926966988
TR-038381,2025-08-31,august,Flatbed,1368.7,2952.37,2943.050180156685,2911.9552946314343,2927.5027373940597,24.86726260594014
TR-038382,2025-08-31,august,Dry Van,2486.3,4309.09,4497.7945254542865,4439.08680437624,4468.440664915263,159.35066491526322
TR-038383,2025-08-31,august,Dry Van,247.7,603.33,587.1081374901629,618.2720868001256,602.6901121451442,0.6398878548558287
TR-038384,2025-08-31,august,Reefer,1012.8,2275.18,2342.25519293328,2339.373486262281,2340.8143395977804,65.63433959778058
TR-038385,2025-08-31,august,Dry Van,2280.6,4238.1,4313.138501424062,4315.826100354192,4314.482300889127,76.38230088912678
TR-038386,2025-08-31,august,Dry Van,441.0,918.32,948.0934179986838,944.3199056657043,946.206661832194,27.88666183219391
TR-038387,2025-08-31,august,Dry Van,230.8,578.11,575.2442878890239,598.4521029650934,586.8481954270587,8.738195427058713
TR-038388,2025-08-31,august,Dry Van,1490.5,2804.5,2833.0790733637805,2804.2964824489723,2818.687777906376,14.187777906376141
TR-038389,2025-08-31,august,Dry Van,1240.5,2342.64,2415.084784095247,2376.7096624816345,2395.8972232884407,53.257223288440855
TR-038390,2025-08-31,august,Dry Van,1025.8,2146.44,2072.2949565316653,2095.165294028348,2083.7301252800066,62.70987471999342
TR-038391,2025-08-31,august,Dry Van,1016.4,2009.89,2042.7160189545755,2013.4708711139635,2028.0934450342695,18.203445034269407
TR-038392,2025-08-31,august,Reefer,505.3,1278.9,1297.201906467209,1291.060804673493,1294.131355570351,15.231355570350843
TR-038393,2025-08-31,august,Dry Van,2699.1,4801.85,4965.734480719732,4917.357237886825,4941.545859303278,139.69585930327776
TR-038394,2025-08-31,august,Reefer,2267.4,4661.41,4742.525908335474,4755.373849423557,4748.949878879515,87.53987887951553
TR-038395,2025-08-31,august,Dry Van,410.7,892.65,910.456152865719,901.1162291305743,905.7861909981466,13.136190998146617
TR-038396,2025-08-31,august,Dry Van,2666.5,4691.77,4849.778387894358,4758.242791291296,4804.010589592827,112.24058959282684
TR-038397,2025-08-31,august,Dry Van,923.6,1837.56,1906.802281770779,1898.583634769417,1902.692958270098,65.13295827009802
TR-038398,2025-08-31,august,Dry Van,880.3,1647.49,1681.4328185308502,1702.525146435343,1691.9789824830966,44.488982483096606
TR-038399,2025-08-31,august,Reefer,917.4,2063.84,2121.160281388323,2112.9644018557206,2117.0623416220214,53.222341622021304
TR-038400,2025-08-31,august,Dry Van,350.8,762.75,768.4366408807928,772.6323373713817,770.5344891260872,7.784489126087237
TR-038401,2025-08-31,august,Flatbed,230.6,631.07,629.3715131348188,658.9650706179139,644.1682918763663,13.098291876366261
TR-038402,2025-08-31,august,Dry Van,830.3,1755.35,1755.1626685887695,1766.843315264755,1761.0029919267622,5.652991926762297
TR-038403,2025-08-31,august,Flatbed,2331.6,4466.13,4705.073034068343,4643.6828111329,4674.377922600621,208.24792260062077
TR-038404,2025-08-31,august,Reefer,1239.9,2574.99,2689.6848147973924,2630.3223843441306,2660.0035995707613,85.01359957076147
TR-038405,2025-08-31,august,Dry Van,237.5,576.69,556.32708381642,565.1070693056693,560.7170765610447,15.972923438955377
TR-038406,2025-08-31,august,Dry Van,1905.4,3685.33,3729.977620828945,3667.3245942287494,3698.651107528847,13.321107528847278
TR-038407,2025-08-31,august,Reefer,1364.7,2851.4,2921.4519151659247,2876.8222983885626,2899.1371067772434,47.7371067772433
TR-038408,2025-08-31,august,Reefer,1305.8,2996.08,2955.33377076718,3000.8934975139755,2978.1136341405777,17.96636585942224
TR-038409,2025-08-31,august,Dry Van,2275.3,4225.72,4314.684026635561,4266.383302365271,4290.533664500416,64.81366450041605
TR-038410,2025-08-31,august,Reefer,1829.2,3850.74,3844.9599271202646,3871.574845236537,3858.2673861784006,7.527386178400775
TR-038411,2025-08-31,august,Flatbed,529.7,1239.35,1257.4024814742543,1236.252876368348,1246.8276789213012,7.477678921301276
TR-038412,2025-08-31,august,Flatbed,539.6,1222.86,1273.6431305564986,1242.1290684787944,1257.8860995176465,35.02609951764657
TR-038413,2025-08-31,august,Dry Van,1148.8,2142.98,2162.254607342815,2183.7039757538555,2172.979291548335,29.999291548334895
TR-038414,2025-08-31,august,Dry Van,2165.6,3847.65,3983.4006495277868,4023.258653393237,4003.3296514605117,155.67965146051165
TR-038415,2025-08-31,august,Reefer,837.3,1939.02,1961.714627657582,1942.6397131819608,1952.1771704197713,13.157170419771319
TR-038416,2025-08-31,august,Dry Van,966.7,1887.9,1909.8760633659924,1892.5191073356643,1901.1975853508284,13.297585350828285
TR-038417,2025-08-31,august,Reefer,121.0,361.91,355.1676891004114,411.62067704441006,383.3941830724107,21.4841830724107
TR-038418,2025-08-31,august,Dry Van,2849.5,5030.28,5172.183008817862,5047.239320929515,5109.711164873688,79.43116487368843
TR-038419,2025-08-31,august,Flatbed,736.7,1578.38,1590.247940346071,1602.9639210780365,1596.6059307120536,18.22593071205347
TR-038420,2025-08-31,august,Reefer,811.6,1834.76,1859.641473429592,1847.1052614137543,1853.3733674216733,18.613367421673274
TR-038421,2025-08-31,august,Dry Van,2735.5,4722.33,4782.702765469062,4816.505628926201,4799.604197197632,77.27419719763202
TR-038422,2025-08-31,august,Dry Van,728.3,1473.29,1451.8244160630325,1497.1736744881641,1474.4990452755983,1.2090452755983279
TR-038423,2025-08-31,august,Reefer,255.7,724.88,721.5902216222536,773.233409914918,747.4118157685857,22.531815768585716
TR-038424,2025-08-31,august,Dry Van,978.5,1873.01,1888.9471174559803,1864.2435995071173,1876.5953584815488,3.5853584815488375
TR-038425,2025-08-31,august,Reefer,823.1,1875.26,1930.3478005989082,1911.0892044092318,1920.7185025040699,45.458502504069884
TR-038426,2025-08-31,august,Dry Van,830.7,1534.18,1575.5017207258245,1575.4982955791263,1575.5000081524754,41.32000815247534
TR-038427,2025-08-31,august,Dry Van,479.7,1017.09,1041.7426848943899,1022.2280923771713,1031.9853886357805,14.895388635780478
TR-038428,2025-08-31,august,Dry Van,2479.5,4375.08,4532.480480442193,4431.187585017272,4481.834032729732,106.75403272973199
TR-038429,2025-08-31,august,Dry Van,629.0,1327.08,1319.7426696494322,1315.8261856485801,1317.7844276490061,9.29557235099378
TR-038430,2025-08-31,august,Dry Van,266.6,611.1,612.1802373552334,635.2495066746997,623.7148720149665,12.614872014966522
TR-038431,2025-08-31,august,Dry Van,843.6,1778.4,1776.624112723371,1776.3847235530204,1776.5044181381957,1.8955818618044304
TR-038432,2025-08-31,august,Dry Van,271.4,693.2,670.6236888060529,685.6491858949767,678.1364373505148,15.06356264948522
TR-038433,2025-08-31,august,Flatbed,582.4,1374.19,1392.416309800928,1381.223944654153,1386.8201272275405,12.63012722754047
TR-038434,2025-08-31,august,Reefer,395.9,982.54,938.850991641003,984.4342214777109,961.642606559357,20.897393440642986
TR-038435,2025-08-31,august,Dry Van,1879.7,3546.39,3655.647554904167,3634.953594928368,3645.3005749162676,98.9105749162677
TR-038436,2025-08-31,august,Reefer,1222.2,2473.61,2626.447890570629,2534.565834376242,2580.506862473436,106.8968624734357
TR-038437,2025-08-31,august,Reefer,1198.0,2734.79,2800.386397958362,2776.096043903741,2788.2412209310514,53.451220931051466
TR-038438,2025-08-31,august,Dry Van,2451.6,4245.9,4442.443277553014,4381.234136308583,4411.838706930799,165.93870693079953
TR-038439,2025-08-31,august,Dry Van,1534.9,2964.86,3086.414505716106,2968.642882254148,3027.5286939851267,62.66869398512654
TR-038440,2025-08-31,august,Flatbed,1862.9,3704.63,3838.6688979533446,3757.9233645493096,3798.296131251327,93.66613125132699
TR-038441,2025-08-31,august,Reefer,969.2,2148.12,2180.1980510885874,2221.498504576018,2200.8482778323028,52.728277832302865
TR-038442,2025-08-31,august,Dry Van,350.5,805.86,789.8455440355416,822.6711433248483,806.2583436801949,0.3983436801948983
TR-038443,2025-08-31,august,Reefer,1339.9,3067.56,3020.3561940292598,2933.8400032800055,2977.098098654633,90.4619013453671
TR-038444,2025-08-31,august,Flatbed,2297.9,4405.94,4500.887111846703,4482.5795493904825,4491.733330618593,85.79333061859325
TR-038445,2025-08-31,august,Reefer,249.1,618.57,628.5374941777524,644.469220653695,636.5033574157237,17.933357415723663
TR-038446,2025-08-31,august,Dry Van,1077.3,1987.09,2050.050355036784,2072.4929614976395,2061.271658267212,74.18165826721201
TR-038447,2025-08-31,august,Flatbed,428.5,1021.84,990.0355165160933,961.5818865508415,975.8087015334675,46.031298466532576
TR-038448,2025-08-31,august,Dry Van,169.9,449.12,465.9113819390726,470.87942463780905,468.39540328844083,19.275403288440828
TR-038449,2025-08-31,august,Dry Van,1288.0,2475.36,2453.2113834816973,2474.155836722015,2463.683610101856,11.676389898143952
TR-038450,2025-08-31,august,Dry Van,828.9,1770.71,1808.2731481146063,1836.004385581259,1822.1387668479326,51.42876684793259
TR-038451,2025-08-31,august,Dry Van,1084.2,2007.29,2021.2306659554197,2009.1240298536927,2015.1773479045562,7.887347904556236
TR-038452,2025-08-31,august,Reefer,546.9,1346.97,1280.5543862259751,1262.4742863273627,1271.514336276669,75.4556637233311
TR-038453,2025-08-31,august,Reefer,522.7,1282.9,1291.0964284009606,1306.4648288389094,1298.780628619935,15.880628619934896
TR-038454,2025-08-31,august,Dry Van,1228.2,2494.51,2573.0740822944076,2519.573389277427,2546.323735785917,51.81373578591683
TR-038455,2025-08-31,august,Dry Van,880.3,1869.31,1872.3085438588937,1887.84601247834,1880.0772781686169,10.76727816861694
TR-038456,2025-08-31,august,Flatbed,2274.5,4632.24,4689.818996521779,4582.619265678443,4636.219131100112,3.979131100111772
TR-038457,2025-08-31,august,Dry Van,1746.0,3369.16,3423.2666293242387,3376.598097194609,3399.932363259424,30.77236325942431
TR-038458,2025-08-31,august,Flatbed,591.0,1405.18,1378.2191173328076,1364.9186996423173,1371.5689084875626,33.6110915124375
TR-038459,2025-08-31,august,Dry Van,773.1,1587.4,1567.0956364227325,1570.8133630794136,1568.954499751073,18.445500248927146
TR-038460,2025-08-31,august,Reefer,1352.0,7384.72,3038.8481413166087,3044.3251938896747,3041.586667603142,4343.133332396858
TR-038461,2025-08-31,august,Reefer,1064.8,2459.39,2438.198032672338,2505.2343838620773,2471.7162082672075,12.326208267207676
TR-038462,2025-08-31,august,Reefer,1678.1,3536.58,3522.973017151135,3544.3005629298823,3533.6367900405085,2.943209959491469
TR-038463,2025-08-31,august,Flatbed,1041.4,2121.53,2199.1521821738197,2129.600277651478,2164.376229912649,42.846229912648596
TR-038464,2025-08-31,august,Dry Van,341.0,894.58,848.7073848312109,843.9068825173747,846.3071336742928,48.27286632570724
TR-038465,2025-08-31,august,Dry Van,465.6,1038.53,1020.8892873049725,1016.1845588714787,1018.5369230882256,19.993076911774324
TR-038466,2025-08-31,august,Reefer,944.3,2040.45,2029.5485122914067,2039.4550310818297,2034.5017716866182,5.948228313381833
TR-038467,2025-08-31,august,Flatbed,339.8,890.49,880.3377669657779,893.5275503379523,886.932658651865,3.557341348134969
TR-038468,2025-08-31,august,Flatbed,279.2,699.48,689.5119307902983,719.3788753453296,704.4454030678139,4.965403067813895
TR-038469,2025-08-31,august,Flatbed,820.5,1856.32,1838.7920597337782,1882.292058476501,1860.5420591051397,4.222059105139806
TR-038470,2025-08-31,august,Dry Van,70.0,214.48,241.73645258405762,266.8538236595334,254.2951381217955,39.81513812179551
TR-038471,2025-08-31,august,Dry Van,2077.8,3899.95,3961.432265960936,3992.074995099053,3976.7536305299946,76.80363052999473
TR-038472,2025-08-31,august,Reefer,2373.9,4945.76,4974.216385567425,5090.159753212198,5032.188069389811,86.42806938981084
TR-038473,2025-08-31,august,Flatbed,1528.7,3057.86,3125.1757568388803,3028.219959283987,3076.6978580614336,18.837858061433508
TR-038474,2025-08-31,august,Flatbed,1194.3,2322.2,2461.174269683675,2449.0851282611075,2455.1296989723915,132.92969897239163
TR-038475,2025-08-31,august,Flatbed,777.4,1636.72,1644.0679900813952,1677.5918120979045,1660.8299010896499,24.10990108964984
TR-038476,2025-08-31,august,Dry Van,1343.8,2591.36,2677.8680275289507,2619.990653990075,2648.929340759513,57.56934075951267
TR-038477,2025-08-31,august,Dry Van,1860.2,3365.56,3562.0228991983367,3478.4263575314726,3520.2246283649047,154.66462836490473
