load_id,date,fold,equipment,distance,actual_rate,lightgbm_prediction,catboost_prediction,ensemble_prediction,absolute_error
TR-038478,2025-09-01,september,Dry Van,126.8,323.23,332.011946936221,293.346927309698,312.6794371229595,10.550562877040534
TR-038479,2025-09-01,september,Flatbed,540.2,1264.2,1310.8069540954718,1277.2947206982649,1294.0508373968682,29.8508373968682
TR-038480,2025-09-01,september,Dry Van,549.3,1203.42,1172.2391928832874,1187.9090886376948,1180.074140760491,23.345859239509082
TR-038481,2025-09-01,september,Dry Van,689.3,1478.3,1469.0653092048979,1473.931408439274,1471.498358822086,6.801641177914007
TR-038482,2025-09-01,september,Dry Van,1103.7,2311.83,2304.2514172329797,2262.7631709065477,2283.5072940697637,28.322705930236225
TR-038483,2025-09-01,september,Dry Van,1955.5,3527.11,3615.284400961356,3627.0783985374183,3621.1813997493873,94.07139974938718
TR-038484,2025-09-01,september,Dry Van,437.4,1052.15,1020.7269688716799,1029.7922005876862,1025.259584729683,26.890415270317135
TR-038485,2025-09-01,september,Reefer,339.9,907.09,913.4946965413326,933.8275753680748,923.6611359547037,16.571135954703664
TR-038486,2025-09-01,september,Dry Van,71.4,187.49,203.11434808791228,200.45746412615358,201.78590610703293,14.29590610703292
TR-038487,2025-09-01,september,Dry Van,633.8,1347.42,1314.5029456491275,1325.3617222947496,1319.9323339719385,27.48766602806154
TR-038488,2025-09-01,september,Dry Van,2178.1,3913.63,3966.6201320697605,3965.5302407523345,3966.0751864110475,52.445186411047416
TR-038489,2025-09-01,september,Flatbed,549.8,1308.86,1379.475886856998,1363.6398290156005,1371.5578579362991,62.697857936299215
TR-038490,2025-09-01,september,Dry Van,1521.2,2843.97,2892.567697674761,2884.56150378519,2888.5646007299756,44.59460072997581
TR-038491,2025-09-01,september,Dry Van,1702.1,3182.84,3216.817483550145,3182.6909506068723,3199.7542170785086,16.9142170785085
TR-038492,2025-09-01,september,Dry Van,3387.5,6146.13,5867.160904903883,5778.285096707868,5822.723000805876,323.4069991941242
TR-038493,2025-09-01,september,Dry Van,906.5,1846.46,1807.5028314744939,1810.6070627255924,1809.0549471000431,37.4050528999569
TR-038494,2025-09-01,september,Dry Van,291.4,645.51,661.8736500183797,676.1395732401343,669.006611629257,23.496611629257018
TR-038495,2025-09-01,september,Reefer,356.5,956.77,933.1455784757698,928.8757193288384,931.0106489023041,25.759351097695912
TR-038496,2025-09-01,september,Dry Van,1403.9,2570.31,2654.6882346034313,2660.9883009039304,2657.838267753681,87.52826775368112
TR-038497,2025-09-01,september,Flatbed,1336.6,2800.31,2857.4976884771454,2840.552142255235,2849.0249153661903,48.714915366190326
TR-038498,2025-09-01,september,Reefer,1682.4,3540.56,3523.9861283036894,3626.411537269685,3575.1988327866875,34.638832786687544
TR-038499,2025-09-01,september,Reefer,339.8,940.89,931.5382600083376,922.8938182273639,927.2160391178508,13.673960882149231
TR-038500,2025-09-01,september,Reefer,878.3,1965.28,2016.7336860882892,1963.4450695391563,1990.0893778137229,24.809377813722904
TR-038501,2025-09-01,september,Dry Van,261.8,640.92,648.4507747405961,636.4991151688073,642.4749449547016,1.554944954701682
TR-038502,2025-09-01,september,Dry Van,1660.3,3084.4,3132.852916708446,3197.020648814778,3164.936782761612,80.5367827616119
TR-038503,2025-09-01,september,Dry Van,728.9,1518.53,1486.4258680348335,1496.3992115623755,1491.4125397986045,27.117460201395488
TR-038504,2025-09-01,september,Dry Van,428.0,952.96,971.4892524393687,993.5789098567429,982.5340811480557,29.57408114805571
TR-038505,2025-09-01,september,Dry Van,306.7,753.12,762.8511409487926,771.9881747027578,767.4196578257752,14.29965782577517
TR-038506,2025-09-01,september,Dry Van,940.1,1760.57,1776.4318395189966,1770.7731970429704,1773.6025182809835,13.032518280983595
TR-038507,2025-09-01,september,Dry Van,1168.8,2324.24,2383.3182902447566,2358.7268661054222,2371.0225781750896,46.78257817508984
TR-038508,2025-09-01,september,Dry Van,317.6,697.99,722.1983137576734,713.2744176157285,717.736365686701,19.746365686700983
TR-038509,2025-09-01,september,Flatbed,2180.6,4320.99,4374.91264834026,4479.527742795415,4427.220195567837,106.23019556783765
TR-038510,2025-09-01,september,Dry Van,1085.7,2179.31,2207.5000426455795,2142.333022569947,2174.916532607763,4.393467392236744
TR-038511,2025-09-01,september,Dry Van,652.6,1477.25,1427.4104230358998,1445.0392399063799,1436.2248314711399,41.02516852886015
TR-038512,2025-09-01,september,Dry Van,1178.6,2308.35,2300.5632897507917,2283.255394427195,2291.909342088993,16.440657911006838
TR-038513,2025-09-01,september,Reefer,1217.1,2753.14,2691.492209943883,2731.8193968838723,2711.655803413878,41.484196586121925
TR-038514,2025-09-01,september,Reefer,2318.8,4438.04,4562.022053051589,4567.119597302955,4564.570825177272,126.53082517727216
TR-038515,2025-09-01,september,Dry Van,2104.4,3801.75,3822.434196168873,3847.436245642595,3834.9352209057342,33.18522090573424
TR-038516,2025-09-01,september,Dry Van,389.3,870.8,873.0861617965741,863.6710437180554,868.3786027573148,2.4213972426852024
TR-038517,2025-09-01,september,Flatbed,707.4,1525.42,1506.3810839220323,1530.6325144858379,1518.506799203935,6.913200796064984
TR-038518,2025-09-01,september,Dry Van,2043.7,3819.07,3771.639858372197,3758.9976967517505,3765.3187775619735,53.751222438026616
TR-038519,2025-09-01,september,Dry Van,207.3,533.1,539.1414080154818,537.2439977097572,538.1927028626195,5.09270286261949
TR-038520,2025-09-01,september,Dry Van,215.2,572.08,567.5826982739236,565.9411408737599,566.7619195738417,5.3180804261583035
TR-038521,2025-09-01,september,Dry Van,1999.7,3762.42,3808.2782557239075,3761.2835364757993,3784.7808960998536,22.360896099853562
TR-038522,2025-09-01,september,Dry Van,551.6,1246.71,1245.3346812797804,1239.0390129959164,1242.1868471378484,4.523152862151619
TR-038523,2025-09-01,september,Dry Van,1718.1,3167.45,3292.210829607825,3244.696317926938,3268.4535737673814,101.00357376738157
TR-038524,2025-09-01,september,Reefer,627.1,1453.26,1435.6518128625441,1449.21287611339,1442.432344487967,10.827655512033061
TR-038525,2025-09-01,september,Dry Van,1283.6,2493.1,2510.2177424586944,2534.3789889001046,2522.2983656793995,29.198365679399558
TR-038526,2025-09-01,september,Flatbed,336.3,890.4,863.9637178199695,884.2368936620182,874.1003057409939,16.29969425900606
TR-038527,2025-09-01,september,Reefer,1205.2,2813.6,2790.3210119418545,2761.8875164160586,2776.1042641789563,37.49573582104358
TR-038528,2025-09-01,september,Reefer,1190.4,2631.8,2621.7975380824973,2602.7241542862225,2612.26084618436,19.53915381564002
TR-038529,2025-09-01,september,Flatbed,1262.1,2767.04,2777.881915383618,2745.358277517502,2761.6200964505597,5.419903549440278
TR-038530,2025-09-01,september,Dry Van,508.7,1076.48,1098.501735037846,1077.2909885359256,1087.8963617868858,11.416361786885773
TR-038531,2025-09-01,september,Dry Van,1215.0,2464.66,2494.800590048794,2490.6311201909625,2492.715855119878,28.055855119878288
TR-038532,2025-09-01,september,Dry Van,1109.8,2139.93,2045.6512966227524,2066.637062397648,2056.1441795102,83.78582048979979
TR-038533,2025-09-01,september,Dry Van,374.8,803.35,808.5380937608755,814.666204888425,811.6021493246503,8.252149324650304
TR-038534,2025-09-01,september,Dry Van,3234.6,5609.77,5752.109395595298,5631.714981426341,5691.91218851082,82.14218851081932
TR-038535,2025-09-01,september,Dry Van,1277.5,2462.59,2422.2591178991684,2528.795672852677,2475.5273953759224,12.937395375922279
TR-038536,2025-09-01,september,Dry Van,432.8,996.39,994.6246735642972,1003.6238924865189,999.124283025408,2.73428302540799
TR-038537,2025-09-01,september,Dry Van,1183.7,2365.84,2372.362721552514,2328.475581704889,2350.4191516287015,15.420848371298689
TR-038538,2025-09-01,september,Dry Van,589.4,1244.22,1261.7265032927976,1259.1800344188248,1260.453268855811,16.233268855811048
TR-038539,2025-09-01,september,Dry Van,2762.3,4972.2,5094.2375500823755,5042.804032977136,5068.520791529756,96.3207915297562
TR-038540,2025-09-01,september,Dry Van,179.8,462.1,476.4136019808437,460.8618494424484,468.637725711646,6.537725711645976
TR-038541,2025-09-01,september,Dry Van,858.6,1752.1,1746.1900076821146,1773.578979919081,1759.8844938005977,7.784493800597829
TR-038542,2025-09-01,september,Reefer,659.2,1532.71,1494.8109148019491,1520.895602494061,1507.853258648005,24.85674135199497
TR-038543,2025-09-01,september,Dry Van,248.5,599.05,627.2574876947516,608.9301805888351,618.0938341417934,19.043834141793468
TR-038544,2025-09-01,september,Dry Van,859.6,1884.4,1840.8095151385032,1834.173463655575,1837.491489397039,46.90851060296109
TR-038545,2025-09-01,september,Dry Van,1022.5,2099.41,2125.2229649174847,2150.821634020359,2138.022299468922,38.612299468922174
TR-038546,2025-09-01,september,Dry Van,134.8,362.54,364.64114630608015,350.6354099986388,357.6382781523595,4.901721847640545
TR-038547,2025-09-01,september,Flatbed,2248.2,4425.96,4470.675523845299,4370.910354605942,4420.792939225621,5.167060774379024
TR-038548,2025-09-01,september,Reefer,780.5,1674.34,1688.8586874359985,1695.0660548814726,1691.9623711587356,17.622371158735632
TR-038549,2025-09-01,september,Dry Van,613.4,1217.27,1222.5168800078998,1217.1591279100674,1219.8380039589836,2.5680039589835815
TR-038550,2025-09-01,september,Dry Van,1125.7,2215.87,2158.758135111486,2266.185676350659,2212.471905731072,3.398094268927707
TR-038551,2025-09-01,september,Dry Van,473.7,1081.85,1087.13647355667,1076.5989355015613,1081.8677045291156,0.017704529115690093
TR-038552,2025-09-01,september,Dry Van,1247.5,2539.08,2535.2100107183996,2528.55406985802,2531.8820402882097,7.19795971179019
TR-038553,2025-09-01,september,Flatbed,228.0,631.3,606.7185054386031,603.9696290392317,605.3440672389174,25.955932761082522
TR-038554,2025-09-01,september,Dry Van,566.7,1240.32,1261.5969102278093,1240.9123063525817,1251.2546082901954,10.934608290195456
TR-038555,2025-09-01,september,Dry Van,578.3,1195.21,1186.7903585058746,1193.4656278825673,1190.1279931942208,5.082006805779201
TR-038556,2025-09-01,september,Flatbed,171.2,505.53,480.4987115791377,499.36581789132015,489.93226473522896,15.597735264771018
TR-038557,2025-09-01,september,Dry Van,2061.1,3821.49,3749.0671272363347,3766.426367171744,3757.7467472040394,63.743252795960416
TR-038558,2025-09-01,september,Reefer,1233.8,2931.77,2891.033652618514,2856.1281520831017,2873.580902350808,58.18909764919181
TR-038559,2025-09-01,september,Dry Van,2575.7,4389.73,4625.669738592849,4337.774657349712,4481.72219797128,91.9921979712808
TR-038560,2025-09-01,september,Flatbed,212.9,572.82,569.222191239196,560.5310696621143,564.8766304506552,7.9433695493448795
TR-038561,2025-09-01,september,Dry Van,2846.6,4825.78,5149.16134524302,5026.850345148577,5088.005845195798,262.2258451957987
TR-038562,2025-09-01,september,Dry Van,2430.3,4468.22,4490.8821156758,4546.1360938527905,4518.509104764295,50.28910476429519
TR-038563,2025-09-01,september,Dry Van,1187.3,2185.71,2157.970508289248,2196.945135435212,2177.45782186223,8.252178137769988
TR-038564,2025-09-01,september,Dry Van,1163.6,2180.78,2173.326204889946,2209.411637090864,2191.368920990405,10.588920990404858
TR-038565,2025-09-01,september,Reefer,238.6,676.22,654.7061045883696,669.3264578953231,662.0162812418464,14.203718758153627
TR-038566,2025-09-01,september,Reefer,862.1,1951.88,1908.0166452048693,1940.7428766750106,1924.3797609399398,27.500239060060267
TR-038567,2025-09-01,september,Dry Van,1896.1,3434.23,3443.7991564412623,3412.63210887995,3428.2156326606064,6.01436733939363
TR-038568,2025-09-01,september,Dry Van,1816.8,3250.49,3254.5374988582694,3201.340805582624,3227.939152220447,22.550847779552896
TR-038569,2025-09-01,september,Dry Van,463.7,985.7,1009.3552924160983,1002.459619377811,1005.9074558969546,20.20745589695457
TR-038570,2025-09-01,september,Dry Van,442.6,977.59,978.9727627637949,986.1351177056179,982.5539402347064,4.963940234706342
TR-038571,2025-09-01,september,Reefer,1341.7,2811.5,2841.908146240304,2795.7931528933805,2818.8506495668425,7.350649566842549
TR-038572,2025-09-01,september,Dry Van,1173.7,2379.08,2404.3805942350405,2303.4509172188345,2353.9157557269373,25.16424427306265
TR-038573,2025-09-01,september,Reefer,1672.3,3669.98,3634.1911259539283,3651.99065545151,3643.090890702719,26.88910929728081
TR-038574,2025-09-01,september,Flatbed,533.8,1300.57,1221.6473518513337,1218.903994670451,1220.2756732608923,80.29432673910765
TR-038575,2025-09-01,september,Dry Van,2420.0,4301.88,4333.676738848728,4265.0603937336,4299.368566291164,2.5114337088361935
TR-038576,2025-09-01,september,Reefer,909.5,1931.02,1925.0751246137943,1910.4088817813447,1917.7420031975694,13.277996802430607
TR-038577,2025-09-01,september,Reefer,987.5,2258.98,2231.7858185769105,2226.369949685739,2229.077884131325,29.902115868675082
TR-038578,2025-09-01,september,Dry Van,1013.8,1985.68,1978.6380504103506,1992.5630882185128,1985.6005693144316,0.0794306855684681
TR-038579,2025-09-01,september,Dry Van,1578.1,2990.87,2991.2416116313498,3008.4116326565368,2999.8266221439435,8.956622143943605
TR-038580,2025-09-01,september,Dry Van,586.7,1255.91,1284.640293936818,1291.1771748267984,1287.9087343818082,31.998734381808163
TR-038581,2025-09-01,september,Dry Van,2051.4,3678.91,3702.5858823653252,3645.919726613328,3674.2528044893265,4.6571955106733185
TR-038582,2025-09-01,september,Reefer,828.5,1959.31,1975.8719609883449,1967.9874582291313,1971.929709608738,12.619709608738049
TR-038583,2025-09-01,september,Reefer,1444.1,3101.21,3074.128220552139,3077.8636501986316,3075.995935375385,25.21406462461482
TR-038584,2025-09-01,september,Flatbed,2426.8,4804.71,4758.747817770614,4757.767553356837,4758.257685563725,46.45231443627472
TR-038585,2025-09-01,september,Dry Van,816.2,1797.48,1790.2504685965916,1741.7995783351973,1766.0250234658945,31.454976534105526
TR-038586,2025-09-01,september,Dry Van,2006.2,3816.99,3865.085407489643,3853.964129611607,3859.5247685506247,42.534768550624904
TR-038587,2025-09-01,september,Dry Van,945.9,1758.12,1785.0107362015287,1794.0780296720523,1789.5443829367905,31.424382936790607
TR-038588,2025-09-01,september,Dry Van,980.1,1932.73,1982.244924817812,1983.2934175870419,1982.769171202427,50.03917120242704
TR-038589,2025-09-01,september,Dry Van,1369.8,2559.65,2594.3082988254578,2580.751196512372,2587.5297476689148,27.87974766891466
TR-038590,2025-09-01,september,Flatbed,3029.1,5774.35,5817.607944232903,5752.82215911822,5785.215051675561,10.865051675560608
TR-038591,2025-09-01,september,Flatbed,365.7,170.36,899.9723129266654,886.3269972552459,893.1496550909557,722.7896550909556
TR-038592,2025-09-01,september,Flatbed,368.0,903.41,912.8860817082801,906.5610862509809,909.7235839796306,6.313583979630607
TR-038593,2025-09-01,september,Reefer,1852.2,4025.92,4022.594780967193,4057.3158089477215,4039.955294957457,14.035294957457154
TR-038594,2025-09-01,september,Reefer,1435.3,2995.32,3036.274205544969,3013.825795470174,3025.0500005075714,29.730000507571276
TR-038595,2025-09-01,september,Dry Van,233.7,625.19,599.8990306912546,596.0125597418507,597.9557952165526,27.234204783447467
TR-038596,2025-09-01,september,Dry Van,769.8,1603.62,1565.267602193705,1594.5149245225348,1579.8912633581199,23.728736641880005
TR-038597,2025-09-01,september,Dry Van,1088.7,2282.16,2280.680955653131,2174.367446016254,2227.5242008346922,54.63579916530762
TR-038598,2025-09-01,september,Dry Van,1026.5,2156.07,2107.3164995496586,2084.600997920265,2095.958748734962,60.11125126503839
TR-038599,2025-09-01,september,Reefer,2093.5,4271.25,4276.943700640903,4307.542928010173,4292.243314325538,20.99331432553845
TR-038600,2025-09-01,september,Reefer,462.2,1208.44,1210.2192923221303,1218.3550070335054,1214.287149677818,5.847149677817924
TR-038601,2025-09-01,september,Flatbed,520.0,1359.2,1345.8800904599086,1309.9455070178383,1327.9127987388733,31.28720126112671
TR-038602,2025-09-01,september,Dry Van,2670.9,4943.0,4878.009479534621,4759.376068984275,4818.692774259448,124.30722574055198
TR-038603,2025-09-01,september,Reefer,474.7,1211.88,1167.9482099315212,1192.480332805455,1180.214271368488,31.66572863151214
TR-038604,2025-09-01,september,Dry Van,2164.1,4176.25,4125.252565038095,4219.280688723085,4172.26662688059,3.9833731194103166
TR-038605,2025-09-01,september,Reefer,781.7,1783.92,1801.9295908490242,1755.8340586129493,1778.8818247309869,5.038175269013209
TR-038606,2025-09-01,september,Flatbed,1971.5,4093.8,4127.2039698941635,4131.23523229768,4129.2196010959215,35.41960109592128
TR-038607,2025-09-01,september,Flatbed,493.1,1170.43,1192.3124929378564,1172.529391626506,1182.4209422821812,11.990942282181095
TR-038608,2025-09-01,september,Dry Van,702.8,1531.76,1501.3567045618722,1494.5106245374704,1497.9336645496714,33.82633545032854
TR-038609,2025-09-01,september,Reefer,1416.9,3029.69,3039.7750474821146,3032.4933598773573,3036.134203679736,6.444203679735892
TR-038610,2025-09-01,september,Dry Van,973.7,1823.43,1847.9590746169006,1879.6384015868173,1863.7987381018588,40.36873810185875
TR-038611,2025-09-01,september,Reefer,1625.7,3550.19,3612.961275532995,3598.633492786572,3605.797384159783,55.60738415978312
TR-038612,2025-09-01,september,Flatbed,1476.1,3088.61,3126.2145968223385,3148.895042913913,3137.554819868126,48.944819868125705
TR-038613,2025-09-01,september,Reefer,1173.0,2651.65,2639.172767908371,2615.914352411591,2627.543560159981,24.106439840018993
TR-038614,2025-09-01,september,Flatbed,282.2,697.21,683.9112710516503,698.0263938062874,690.9688324289689,6.241167571031156
TR-038615,2025-09-01,september,Flatbed,2328.5,4672.93,4661.760175925817,4674.349734493631,4668.054955209724,4.875044790276661
TR-038616,2025-09-01,september,Dry Van,2320.1,4100.58,4142.951773370627,4097.264854772989,4120.108314071807,19.528314071807472
TR-038617,2025-09-01,september,Dry Van,1416.2,2638.3,2696.4535416185104,2708.5174944617675,2702.485518040139,64.18551804013896
TR-038618,2025-09-01,september,Dry Van,1972.8,3906.01,3837.076024719683,3765.7072983037015,3801.3916615116923,104.61833848830793
TR-038619,2025-09-01,september,Flatbed,799.3,1650.6,1647.359899601857,1660.556089345233,1653.957994473545,3.3579944735452045
TR-038620,2025-09-01,september,Dry Van,818.9,1660.7,1662.0341190494707,1688.689848399439,1675.3619837244548,14.661983724454785
TR-038621,2025-09-01,september,Dry Van,473.2,1080.36,1095.576941310719,1103.6917105356479,1099.6343259231835,19.274325923183596
TR-038622,2025-09-01,september,Reefer,2035.9,4108.95,4223.4935526246245,4101.692665860306,4162.593109242465,53.64310924246547
TR-038623,2025-09-01,september,Dry Van,916.7,1846.81,1908.107225689505,1876.3653726104114,1892.236299149958,45.42629914995814
TR-038624,2025-09-01,september,Flatbed,945.5,2020.1,1937.1276255904222,1979.1830991579932,1958.1553623742077,61.94463762579221
TR-038625,2025-09-01,september,Dry Van,1356.3,2581.57,2575.1217883186896,2597.3426291404676,2586.232208729579,4.662208729578651
TR-038626,2025-09-01,september,Flatbed,612.1,1384.61,1397.4325207554468,1385.1512386426593,1391.291879699053,6.68187969905307
TR-038627,2025-09-01,september,Flatbed,296.8,831.27,796.3292959480273,801.9764322479073,799.1528640979673,32.117135902032715
TR-038628,2025-09-01,september,Flatbed,453.6,1132.05,1177.5755123390668,1167.7524626397167,1172.6639874893917,40.613987489391775
TR-038629,2025-09-01,september,Reefer,969.4,2231.06,2191.3706234567585,2224.6853621211135,2208.027992788936,23.032007211063956
TR-038630,2025-09-01,september,Reefer,2204.0,4629.23,4576.367526902472,4623.559198532488,4599.96336271748,29.266637282519696
TR-038631,2025-09-01,september,Reefer,2419.3,5099.24,5015.245911617648,5044.798845466029,5030.022378541838,69.21762145816137
TR-038632,2025-09-01,september,Dry Van,2923.7,4975.45,5286.975755330223,4998.641138664366,5142.808446997295,167.35844699729478
TR-038633,2025-09-01,september,Dry Van,459.7,1064.92,1058.833358492468,1042.644861789166,1050.739110140817,14.180889859183026
TR-038634,2025-09-01,september,Reefer,200.4,597.28,568.6881942199908,617.9977493132697,593.3429717666302,3.9370282333698015
TR-038635,2025-09-02,september,Reefer,2211.2,4595.4,4615.722379074968,4647.081776560393,4631.40207781768,36.0020778176804
TR-038636,2025-09-02,september,Dry Van,1864.5,3621.16,3675.5259564537473,3616.8148456806775,3646.1704010672124,25.01040106721257
TR-038637,2025-09-02,september,Dry Van,2064.0,3845.42,3913.737384836156,3890.9073212895814,3902.3223530628684,56.902353062868315
TR-038638,2025-09-02,september,Dry Van,465.3,1036.45,1059.2163220803131,1032.5623076801244,1045.8893148802188,9.439314880218717
TR-038639,2025-09-02,september,Dry Van,190.5,537.66,531.4371545957996,513.2768137464182,522.3569841711089,15.303015828891034
TR-038640,2025-09-02,september,Dry Van,1112.2,2250.41,2226.929576168056,2222.565058863862,2224.747317515959,25.662682484040943
TR-038641,2025-09-02,september,Dry Van,711.5,1496.94,1533.1160006315006,1527.3367953714205,1530.2263980014604,33.286398001460384
TR-038642,2025-09-02,september,Dry Van,1218.9,2435.72,2447.129404209629,2462.7726119808813,2454.951008095255,19.23100809525522
TR-038643,2025-09-02,september,Flatbed,3119.2,6323.82,5975.189150604733,6167.318408766353,6071.253779685543,252.5662203144566
TR-038644,2025-09-02,september,Flatbed,835.3,1820.96,1850.8128332431218,1835.020774530053,1842.9168038865873,21.956803886587295
TR-038645,2025-09-02,september,Flatbed,740.1,1755.11,1736.338198842545,1741.199563331101,1738.768881086823,16.341118913176842
TR-038646,2025-09-02,september,Reefer,422.1,1069.87,1050.6024414271503,1051.6536544634182,1051.1280479452844,18.74195205471551
TR-038647,2025-09-02,september,Flatbed,1350.3,2949.22,2894.7783867155968,2885.07073980839,2889.924563261993,59.29543673800663
TR-038648,2025-09-02,september,Dry Van,1220.8,2536.23,2545.0677997425587,2544.6351561055712,2544.851477924065,8.621477924064948
TR-038649,2025-09-02,september,Dry Van,918.8,1919.59,1913.3866432494212,1900.7208461759546,1907.053744712688,12.53625528731186
TR-038650,2025-09-02,september,Dry Van,2801.3,4617.91,4789.838623435195,4674.677920236163,4732.258271835679,114.34827183567904
TR-038651,2025-09-02,september,Dry Van,571.0,1258.57,1256.2323231347423,1242.1333308998182,1249.1828270172803,9.387172982719676
TR-038652,2025-09-02,september,Reefer,528.7,1433.77,1423.1732278817776,1393.6165220714515,1408.3948749766146,25.375125023385408
TR-038653,2025-09-02,september,Dry Van,2055.1,3736.23,3835.5091824483634,3849.5596918333463,3842.5344371408546,106.30443714085459
TR-038654,2025-09-02,september,Flatbed,835.5,1727.75,1713.0434453485673,1713.1505293317773,1713.0969873401723,14.65301265982771
TR-038655,2025-09-02,september,Dry Van,276.0,624.33,648.7644396069596,623.7612751445629,636.2628573757613,11.932857375761273
TR-038656,2025-09-02,september,Dry Van,616.2,1272.52,1289.6035826129203,1282.896038779858,1286.249810696389,13.729810696388995
TR-038657,2025-09-02,september,Dry Van,924.6,2012.09,1978.4968924937095,1978.370635156382,1978.4337638250458,33.656236174954074
TR-038658,2025-09-02,september,Dry Van,287.2,707.77,694.2918650056429,709.8118677834159,702.0518663945294,5.718133605470598
TR-038659,2025-09-02,september,Flatbed,1698.2,3591.23,3508.3100119551,3414.805317578971,3461.5576647670355,129.67233523296454
TR-038660,2025-09-02,september,Dry Van,237.2,555.34,545.6666259861887,541.7856325976945,543.7261292919416,11.61387070805847
TR-038661,2025-09-02,september,Reefer,540.7,1352.42,1353.5041373092965,1330.4654881533993,1341.984812731348,10.435187268652044
TR-038662,2025-09-02,september,Dry Van,1217.9,2666.14,2568.000251365664,2541.884024094653,2554.9421377301587,111.19786226984115
TR-038663,2025-09-02,september,Reefer,1174.8,2476.54,2554.460165590015,2466.884586816479,2510.672376203247,34.13237620324708
TR-038664,2025-09-02,september,Flatbed,427.7,1058.7,1037.5881637297332,1026.9583401867706,1032.2732519582519,26.42674804174817
TR-038665,2025-09-02,september,Flatbed,818.5,1824.73,1883.7576970667735,1864.7484222074356,1874.2530596371046,49.52305963710455
TR-038666,2025-09-02,september,Reefer,1572.7,3424.84,3423.384320278979,3406.4896919678854,3414.937006123432,9.902993876567962
TR-038667,2025-09-02,september,Dry Van,2902.1,5041.13,5239.989202576794,5095.640339640155,5167.814771108475,126.6847711084747
TR-038668,2025-09-02,september,Dry Van,629.1,1331.36,1350.6455684835535,1393.9164876404084,1372.281028061981,40.92102806198113
TR-038669,2025-09-02,september,Reefer,556.4,1309.45,1262.804319914262,1274.730108054905,1268.7672139845836,40.68278601541647
TR-038670,2025-09-02,september,Flatbed,508.7,1223.28,1245.23906682449,1217.542626256732,1231.3908465406112,8.110846540611192
TR-038671,2025-09-02,september,Dry Van,1100.5,2249.04,2278.061740577197,2277.4659240241294,2277.763832300663,28.72383230066316
TR-038672,2025-09-02,september,Reefer,1485.1,3292.86,3147.3928084646623,3147.1878548149634,3147.290331639813,145.56966836018728
TR-038673,2025-09-02,september,Dry Van,755.1,1464.17,1464.4240239626788,1444.9300215874234,1454.6770227750512,9.492977224948845
TR-038674,2025-09-02,september,Dry Van,645.9,1328.24,1327.5898781512517,1334.762613354283,1331.1762457527675,2.9362457527674906
TR-038675,2025-09-02,september,Dry Van,1245.7,2566.52,2549.8397831617385,2540.703817798705,2545.271800480222,21.248199519778154
TR-038676,2025-09-02,september,Reefer,859.5,2064.9,2027.5827126495753,2036.1025494209027,2031.842631035239,33.057368964761054
TR-038677,2025-09-02,september,Dry Van,323.2,748.11,759.9765485717679,727.0241768847511,743.5003627282595,4.609637271740553
TR-038678,2025-09-02,september,Reefer,788.7,1697.16,1673.4594436684802,1743.3118799413546,1708.3856618049174,11.225661804917308
TR-038679,2025-09-02,september,Dry Van,630.4,1408.45,1387.9873802507518,1391.8747853395225,1389.9310827951372,18.518917204862873
TR-038680,2025-09-02,september,Dry Van,299.4,733.24,721.1438014734479,730.0082055401904,725.5760035068191,7.663996493180889
TR-038681,2025-09-02,september,Reefer,1414.4,3208.32,3092.725753671234,3037.9495351854252,3065.3376444283294,142.98235557167072
TR-038682,2025-09-02,september,Flatbed,721.7,1629.6,1618.1197022911308,1609.4600800817102,1613.7898911864204,15.810108813579518
TR-038683,2025-09-02,september,Dry Van,2432.9,4484.01,4494.018837385981,4563.93071714127,4528.974777263626,44.964777263625365
TR-038684,2025-09-02,september,Dry Van,1256.8,2440.1,2416.1232512508705,2393.484310725292,2404.803780988081,35.296219011918765
TR-038685,2025-09-02,september,Reefer,403.9,971.68,936.6724768702438,949.2953886581804,942.9839327642121,28.696067235787837
TR-038686,2025-09-02,september,Dry Van,1485.9,2932.54,2880.566186513076,2915.0918618591313,2897.8290241861037,34.71097581389631
TR-038687,2025-09-02,september,Reefer,1952.9,4163.72,4208.018397336981,4264.433557378684,4236.225977357833,72.50597735783231
TR-038688,2025-09-02,september,Dry Van,423.3,971.1,986.3969923363709,976.3867887097058,981.3918905230383,10.291890523038319
TR-038689,2025-09-02,september,Dry Van,641.0,1426.2,1415.0631324697927,1405.711805212356,1410.3874688410742,15.812531158925822
TR-038690,2025-09-02,september,Flatbed,1819.9,3818.1,3832.0586599304656,3825.8494139590757,3828.9540369447705,10.854036944770542
TR-038691,2025-09-02,september,Dry Van,1535.7,2983.74,3043.664231735177,2986.483311699323,3015.07377171725,31.33377171725033
TR-038692,2025-09-02,september,Reefer,997.6,2106.36,2137.592298361162,2130.8147334006453,2134.203515880904,27.84351588090385
TR-038693,2025-09-02,september,Dry Van,1637.1,3245.38,3187.1664209445225,3189.728139223077,3188.4472800838,56.93271991620031
TR-038694,2025-09-02,september,Dry Van,303.4,716.13,724.2080214954291,703.4907834738133,713.8494024846211,2.2805975153788722
TR-038695,2025-09-02,september,Dry Van,515.8,1193.79,1186.4988527445666,1172.294115744976,1179.3964842447713,14.393515755228691
TR-038696,2025-09-02,september,Dry Van,1029.0,2066.21,2019.3518161041927,2025.958608787644,2022.6552124459183,43.55478755408171
TR-038697,2025-09-02,september,Dry Van,564.4,1278.23,1267.9362764419955,1260.1421905180289,1264.0392334800122,14.190766519987847
TR-038698,2025-09-02,september,Flatbed,908.5,1949.92,1875.6519976898976,1922.8713750628767,1899.2616863763872,50.65831362361291
TR-038699,2025-09-02,september,Dry Van,755.1,1593.01,1576.2213335427641,1564.0283493845964,1570.1248414636802,22.88515853631975
TR-038700,2025-09-02,september,Flatbed,832.1,1798.74,1760.501022071252,1763.5873265700477,1762.0441743206497,36.695825679350264
TR-038701,2025-09-02,september,Dry Van,1893.5,3556.26,3459.9631659403885,3432.4565340360755,3446.2098499882322,110.05015001176798
TR-038702,2025-09-02,september,Dry Van,1153.5,2136.24,2143.086042962552,2183.9649582326865,2163.525500597619,27.285500597619375
TR-038703,2025-09-02,september,Reefer,884.2,2000.26,2034.4296108249112,2018.471336879547,2026.4504738522292,26.19047385222916
TR-038704,2025-09-02,september,Dry Van,1055.0,2167.17,2249.243295702461,2244.4612948564254,2246.8522952794433,79.68229527944322
TR-038705,2025-09-02,september,Reefer,206.1,607.3,569.1469793763667,604.5303623591526,586.8386708677597,20.46132913224028
TR-038706,2025-09-02,september,Dry Van,383.3,889.82,859.2073487657134,877.3003651596298,868.2538569626715,21.566143037328516
TR-038707,2025-09-02,september,Dry Van,709.2,1406.42,1417.3210556604417,1455.8863776188266,1436.603716639634,30.183716639633985
TR-038708,2025-09-02,september,Dry Van,712.8,1436.54,1471.9440759841355,1473.2433964005709,1472.5937361923532,36.0537361923532
TR-038709,2025-09-02,september,Flatbed,2038.3,4129.04,4164.154753248112,4113.565423781616,4138.860088514864,9.820088514864437
TR-038710,2025-09-02,september,Reefer,334.8,309.15,816.8707058946289,829.1387467954594,823.0047263450442,513.8547263450442
TR-038711,2025-09-02,september,Reefer,1546.9,3408.34,3432.8169152895202,3431.473089543804,3432.145002416662,23.805002416661864
TR-038712,2025-09-02,september,Flatbed,2168.1,4460.9,4441.314160048604,4439.885610489202,4440.599885268903,20.300114731096983
TR-038713,2025-09-02,september,Dry Van,1632.0,3214.87,3234.723402404478,3252.195005109982,3243.45920375723,28.58920375723028
TR-038714,2025-09-02,september,Flatbed,2837.4,5681.04,5538.099453583297,5531.224645159909,5534.662049371604,146.37795062839632
TR-038715,2025-09-02,september,Reefer,529.8,1206.46,1228.2040500677663,1230.5077730424546,1229.3559115551104,22.895911555110388
TR-038716,2025-09-02,september,Flatbed,575.9,1346.17,1328.4179587904657,1335.013113787334,1331.7155362888998,14.454463711100288
TR-038717,2025-09-02,september,Flatbed,2305.3,4389.4,4335.663512103285,4375.708079586446,4355.685795844865,33.71420415513421
TR-038718,2025-09-02,september,Reefer,206.4,596.38,586.2657434171086,625.1346638589905,605.7002036380495,9.32020363804952
TR-038719,2025-09-02,september,Reefer,445.9,1179.97,1177.8180706484784,1148.5306146076045,1163.1743426280414,16.79565737195867
TR-038720,2025-09-02,september,Flatbed,1725.3,3426.51,3529.6086447770717,3481.878826602101,3505.743735689586,79.23373568958596
TR-038721,2025-09-02,september,Dry Van,728.6,1540.25,1495.0187560566656,1523.6900046570215,1509.3543803568436,30.89561964315635
TR-038722,2025-09-02,september,Dry Van,266.0,685.55,662.0370579478837,658.7283234785543,660.3826907132191,25.167309286780892
TR-038723,2025-09-02,september,Flatbed,1151.5,2445.9,2475.005596412984,2431.131958420082,2453.0687774165326,7.168777416532521
TR-038724,2025-09-02,september,Reefer,1321.2,2989.15,2921.5661820329233,2905.3982709015545,2913.482226467239,75.6677735327612
TR-038725,2025-09-02,september,Dry Van,1207.9,2450.2,2439.012533891563,2403.474083136762,2421.243308514163,28.956691485836927
TR-038726,2025-09-02,september,Dry Van,1439.1,2853.25,2840.6592680249455,2819.672194914905,2830.165731469925,23.08426853007495
TR-038727,2025-09-02,september,Flatbed,902.8,1874.72,1856.446858293794,1860.564001692071,1858.5054299929325,16.21457000706755
TR-038728,2025-09-02,september,Flatbed,450.7,1070.88,1039.6815830791184,1057.693642484066,1048.6876127815922,22.19238721840793
TR-038729,2025-09-02,september,Flatbed,2017.1,4071.21,4079.1843391110333,4067.606307038861,4073.395323074947,2.185323074947064
TR-038730,2025-09-02,september,Flatbed,349.1,926.33,909.0557962503291,921.4346137479538,915.2452049991414,11.084795000858662
TR-038731,2025-09-02,september,Dry Van,1381.5,2760.09,2652.676947553644,2680.173557472681,2666.4252525131624,93.66474748683777
TR-038732,2025-09-02,september,Dry Van,1238.3,2307.59,2369.9821495355895,2439.6563772703626,2404.819263402976,97.2292634029759
TR-038733,2025-09-02,september,Reefer,1444.4,3145.59,3166.257820413738,3210.3343270955684,3188.296073754653,42.70607375465306
TR-038734,2025-09-02,september,Flatbed,2007.3,4096.04,4045.6723621277893,3975.6622003877587,4010.667281257774,85.37271874222597
TR-038735,2025-09-02,september,Dry Van,2806.0,5060.03,5184.194297307279,5033.947914873364,5109.071106090321,49.04110609032159
TR-038736,2025-09-02,september,Dry Van,901.3,1780.41,1750.7679036660431,1786.4895202895202,1768.6287119777817,11.781288022218405
TR-038737,2025-09-02,september,Reefer,424.7,1130.16,1161.560441444466,1154.0255756325832,1157.7930085385246,27.633008538524564
TR-038738,2025-09-02,september,Flatbed,1101.4,2245.46,2247.099405002672,2208.2248946625577,2227.662149832615,17.79785016738515
TR-038739,2025-09-02,september,Dry Van,973.1,1889.19,1870.727456650072,1880.1989029284025,1875.4631797892373,13.726820210762753
TR-038740,2025-09-02,september,Dry Van,126.1,361.07,352.10871046352094,333.06370039151716,342.5862054275191,18.483794572480917
TR-038741,2025-09-02,september,Dry Van,1086.0,2153.71,2105.242255059525,2083.0595446284506,2094.1508998439876,59.55910015601239
TR-038742,2025-09-02,september,Dry Van,1130.1,2173.75,2163.7189460273457,2194.2805094907035,2178.9997277590246,5.2497277590246085
TR-038743,2025-09-02,september,Dry Van,120.7,329.42,331.8163082602144,307.4791654445928,319.64773685240357,9.772263147596448
TR-038744,2025-09-02,september,Dry Van,2680.7,4928.27,4926.565212286511,4870.695619126162,4898.630415706337,29.639584293663574
TR-038745,2025-09-02,september,Dry Van,738.9,1506.14,1499.8582511354018,1505.50207001593,1502.680160575666,3.4598394243341772
TR-038746,2025-09-02,september,Dry Van,197.2,489.93,511.7016258580039,507.68026759443615,509.69094672622003,19.760946726220027
TR-038747,2025-09-02,september,Reefer,314.9,857.48,863.0267745327109,881.5401992203826,872.2834868765467,14.803486876546685
TR-038748,2025-09-02,september,Dry Van,684.7,1450.53,1440.3111671493712,1443.1984510618583,1441.7548091056146,8.775190894385332
TR-038749,2025-09-02,september,Dry Van,1244.4,2548.51,2649.832988183601,2572.0143529468114,2610.9236705652065,62.4136705652063
TR-038750,2025-09-02,september,Flatbed,813.3,1842.42,1816.6685461710274,1784.7472362048716,1800.7078911879494,41.7121088120507
TR-038751,2025-09-02,september,Dry Van,634.0,1355.34,1340.8167362202169,1327.3461522631328,1334.081444241675,21.258555758324974
TR-038752,2025-09-02,september,Dry Van,2160.0,4107.15,4244.466618590741,4182.90335178963,4213.684985190185,106.53498519018558
TR-038753,2025-09-02,september,Dry Van,801.6,1658.81,1609.1957862596842,1628.6781054662745,1618.9369458629794,39.87305413702052
TR-038754,2025-09-02,september,Dry Van,1129.8,2344.9,2354.953993801727,2330.0362873697095,2342.495140585718,2.404859414281873
TR-038755,2025-09-02,september,Reefer,590.5,1471.43,1452.62653179983,1462.582547926278,1457.604539863054,13.825460136946049
TR-038756,2025-09-02,september,Flatbed,2244.6,4262.27,4168.522804988409,4226.587876390729,4197.555340689569,64.71465931043167
TR-038757,2025-09-02,september,Reefer,1806.5,3974.2,3980.0082448531048,3973.4930907695098,3976.7506678113073,2.5506678113074486
TR-038758,2025-09-02,september,Dry Van,310.7,722.95,725.0244983823203,741.0549313020767,733.0397148421985,10.089714842198418
TR-038759,2025-09-02,september,Dry Van,2220.9,4274.76,4235.253096217295,4225.302156223073,4230.277626220184,44.482373779816044
TR-038760,2025-09-02,september,Dry Van,997.9,2024.78,1998.062329034697,2006.3985760252797,2002.2304525299883,22.549547470011703
TR-038761,2025-09-02,september,Dry Van,1007.3,1951.68,1960.963305958915,1971.4929458727097,1966.2281259158124,14.548125915812307
TR-038762,2025-09-02,september,Flatbed,730.8,1592.58,1611.7912209632882,1610.8973856934863,1611.3443033283872,18.764303328387314
TR-038763,2025-09-02,september,Dry Van,358.8,824.12,847.5976010739734,848.2390322009408,847.9183166374571,23.798316637457106
TR-038764,2025-09-02,september,Dry Van,1926.8,3466.51,3585.5795821700185,3542.6972786580363,3564.1384304140274,97.6284304140272
TR-038765,2025-09-02,september,Dry Van,569.0,1313.46,1314.6786733752117,1300.421637763752,1307.5501555694818,5.909844430518206
TR-038766,2025-09-02,september,Dry Van,436.0,1023.67,1006.6938510354412,1013.7829520155193,1010.2384015254802,13.431598474519774
TR-038767,2025-09-02,september,Dry Van,1141.1,2309.25,2348.845275286519,2291.9631612997227,2320.4042182931207,11.15421829312072
TR-038768,2025-09-02,september,Reefer,570.4,1352.59,1345.2937791579598,1335.9865202774226,1340.6401497176912,11.949850282308716
TR-038769,2025-09-02,september,Dry Van,323.8,768.48,755.469354994797,758.3683888952746,756.9188719450358,11.561128054964229
TR-038770,2025-09-02,september,Reefer,172.1,511.2,497.8506034013372,529.5424291266986,513.6965162640179,2.4965162640178846
TR-038771,2025-09-02,september,Dry Van,285.2,709.94,718.1605235049307,708.1176404627877,713.1390819838591,3.1990819838590596
TR-038772,2025-09-02,september,Reefer,1543.2,11377.49,3451.895618721626,3392.7963560930016,3422.3459874073137,7955.144012592686
TR-038773,2025-09-02,september,Flatbed,1583.9,3197.82,3225.9545703655353,3222.61828902208,3224.286429693808,26.46642969380764
TR-038774,2025-09-02,september,Dry Van,2071.3,4027.32,3960.2900783390096,3960.2515231851803,3960.270800762095,67.04919923790521
TR-038775,2025-09-02,september,Dry Van,1863.2,3581.43,3532.746600687705,3558.5769356973383,3545.661768192522,35.76823180747806
TR-038776,2025-09-02,september,Dry Van,1526.3,3052.83,2954.7764196715607,2992.5320966756644,2973.6542581736126,79.17574182638737
TR-038777,2025-09-02,september,Dry Van,1097.0,2180.09,2185.9236864161485,2194.8996178403063,2190.4116521282276,10.32165212822747
TR-038778,2025-09-02,september,Reefer,603.7,1427.22,1437.8457085814991,1418.347488039109,1428.0965983103042,0.876598310304189
TR-038779,2025-09-02,september,Reefer,328.6,921.05,890.5679995448068,897.5318510899149,894.0499253173608,27.000074682639138
TR-038780,2025-09-02,september,Dry Van,2210.4,4116.3,4048.8665792196202,4083.6441682622462,4066.2553737409335,50.04462625906672
TR-038781,2025-09-02,september,Dry Van,1846.9,3626.27,3578.835189969538,3531.3581725841773,3555.0966812768575,71.17331872314253
TR-038782,2025-09-02,september,Dry Van,2047.1,3614.41,3804.4785146168683,3728.4485550488694,3766.463534832869,152.053534832869
TR-038783,2025-09-02,september,Reefer,540.7,1300.9,1266.1889737241836,1266.5869897578846,1266.387981741034,34.51201825896601
TR-038784,2025-09-02,september,Flatbed,1206.2,2673.39,2657.208631494453,2609.2475414697956,2633.228086482124,40.161913517875746
TR-038785,2025-09-02,september,Dry Van,831.0,1624.66,1620.843686431915,1664.9227244179908,1642.8832054249528,18.223205424952766
TR-038786,2025-09-02,september,Dry Van,419.8,918.03,923.2853913930026,926.2773497778417,924.7813705854221,6.751370585422137
TR-038787,2025-09-02,september,Reefer,686.3,1607.67,1643.3202682293247,1625.9897595189818,1634.6550138741532,26.985013874153083
TR-038788,2025-09-03,september,Dry Van,984.0,2102.38,2122.1510828762257,2114.245860659744,2118.1984717679848,15.818471767984647
TR-038789,2025-09-03,september,Reefer,2935.3,5768.28,5828.712274178518,5926.291001661924,5877.501637920221,109.22163792022093
TR-038790,2025-09-03,september,Dry Van,1234.1,2568.2,2701.2238887342883,2620.441682154104,2660.832785444196,92.63278544419609
TR-038791,2025-09-03,september,Flatbed,804.0,1837.9,1759.5716406337697,1744.4817502230567,1752.0266954284132,85.87330457158691
TR-038792,2025-09-03,september,Dry Van,1952.3,3673.71,3672.6946760665683,3758.0524989283185,3715.3735874974436,41.66358749744359
TR-038793,2025-09-03,september,Dry Van,1132.0,2317.84,2329.8290603982196,2301.8767365025706,2315.852898450395,1.987101549605086
TR-038794,2025-09-03,september,Dry Van,1758.2,3469.94,3372.964128614715,3387.301626767533,3380.132877691124,89.80712230887593
TR-038795,2025-09-03,september,Dry Van,1673.0,3365.78,3361.9752608717204,3363.0503007669613,3362.512780819341,3.26721918065914
TR-038796,2025-09-03,september,Dry Van,304.5,714.78,709.7647012210501,705.1802986677333,707.4724999443918,7.307500055608216
TR-038797,2025-09-03,september,Dry Van,288.2,689.93,697.8183339306008,678.3029228353448,688.0606283829728,1.8693716170271273
TR-038798,2025-09-03,september,Dry Van,1609.1,3144.44,3190.7280536390394,3150.9046283877806,3170.8163410134102,26.376341013410183
TR-038799,2025-09-03,september,Flatbed,822.9,1841.62,1805.7929182127868,1827.6530468967703,1816.7229825547786,24.89701744522131
TR-038800,2025-09-03,september,Flatbed,429.7,1007.46,1014.7475143569962,1025.118159674655,1019.9328370158257,12.47283701582569
TR-038801,2025-09-03,september,Dry Van,1371.7,2787.96,2757.0491694053353,2717.221711332683,2737.1354403690093,50.824559630990734
TR-038802,2025-09-03,september,Reefer,1188.3,2484.83,2537.590211471606,2570.1437570596895,2553.8669842656477,69.03698426564779
TR-038803,2025-09-03,september,Flatbed,527.4,486.09,1242.2520325972462,1201.128711038426,1221.690371817836,735.600371817836
TR-038804,2025-09-03,september,Dry Van,1871.9,3665.65,3712.1205284283897,3686.1571807566315,3699.1388545925106,33.488854592510506
TR-038805,2025-09-03,september,Dry Van,1820.7,3329.54,3292.371200934362,3332.8362787734413,3312.603739853902,16.936260146097993
TR-038806,2025-09-03,september,Reefer,1878.9,4243.19,4158.218333197462,4149.87146850675,4154.044900852106,89.14509914789323
TR-038807,2025-09-03,september,Reefer,534.3,1384.46,1372.7830348879984,1370.0373405143337,1371.410187701166,13.049812298834013
TR-038808,2025-09-03,september,Dry Van,873.6,1782.17,1786.0947606052573,1794.0654024397545,1790.080081522506,7.910081522505834
TR-038809,2025-09-03,september,Flatbed,1022.5,2329.64,2329.7028169251826,2300.6502114175005,2315.1765141713413,14.463485828658577
TR-038810,2025-09-03,september,Dry Van,422.2,1025.98,1002.5995415388069,1022.0686028503528,1012.3340721945799,13.645927805420115
TR-038811,2025-09-03,september,Flatbed,1050.3,2262.13,2294.920268113395,2292.5816575642357,2293.750962838815,31.620962838815103
TR-038812,2025-09-03,september,Dry Van,706.5,1653.13,1634.7804229275798,1591.5750693659975,1613.1777461467886,39.95225385321146
TR-038813,2025-09-03,september,Dry Van,936.8,1809.32,1795.4129506045667,1815.6248380647571,1805.518894334662,3.8011056653379
TR-038814,2025-09-03,september,Flatbed,2011.8,4192.29,4184.887252523421,4228.901803427547,4206.894527975484,14.604527975484416
TR-038815,2025-09-03,september,Dry Van,595.5,1311.58,1317.550666315836,1315.9811803696402,1316.765923342738,5.185923342738079
TR-038816,2025-09-03,september,Reefer,1312.2,2941.49,2941.7272707342295,2895.5495515640478,2918.638411149139,22.851588850860935
TR-038817,2025-09-03,september,Flatbed,624.2,1438.42,1437.2748805540946,1440.7798414858867,1439.0273610199906,0.6073610199905488
TR-038818,2025-09-03,september,Dry Van,1225.2,2279.18,2290.009865552015,2285.2474396750963,2287.6286526135555,8.448652613555623
TR-038819,2025-09-03,september,Reefer,616.2,1501.31,1559.595734091969,1516.435216492587,1538.015475292278,36.70547529227815
TR-038820,2025-09-03,september,Reefer,2704.5,5645.59,5423.491995711706,5321.237012049835,5372.364503880771,273.2254961192293
TR-038821,2025-09-03,september,Dry Van,1690.6,3301.88,3251.861654991939,3255.880098879332,3253.8708769356354,48.00912306436476
TR-038822,2025-09-03,september,Dry Van,550.5,1177.46,1190.7719101027735,1197.4803443595833,1194.1261272311785,16.666127231178507
TR-038823,2025-09-03,september,Reefer,116.9,353.31,366.5477765989075,363.9031048703557,365.2254407346316,11.915440734631602
TR-038824,2025-09-03,september,Dry Van,756.1,1588.32,1581.317443221442,1578.9775388141509,1580.1474910177965,8.172508982203453
TR-038825,2025-09-03,september,Reefer,153.5,508.45,467.82091028065844,521.6781581727544,494.7495342267064,13.700465773293615
TR-038826,2025-09-03,september,Flatbed,600.6,1418.54,1419.0291425994162,1407.5837069555178,1413.3064247774669,5.233575222533091
TR-038827,2025-09-03,september,Reefer,1616.7,3545.47,3470.5439984992577,3453.340395528201,3461.942197013729,83.52780298627067
TR-038828,2025-09-03,september,Dry Van,2131.0,3947.82,3976.714805703296,3874.66248123139,3925.688643467343,22.131356532657264
TR-038829,2025-09-03,september,Dry Van,655.5,1314.47,1312.8942168149183,1288.2469167418867,1300.5705667784025,13.89943322159752
TR-038830,2025-09-03,september,Dry Van,475.4,1045.11,1037.3645394391312,1039.6581572070154,1038.5113483230734,6.598651676926465
TR-038831,2025-09-03,september,Dry Van,763.6,1658.81,1686.8986430230432,1650.0871771130865,1668.4929100680647,9.682910068064757
TR-038832,2025-09-03,september,Reefer,365.0,950.23,958.2416970519769,947.7716885012301,953.0066927766035,2.776692776603454
TR-038833,2025-09-03,september,Dry Van,1069.0,2122.98,2121.730161676175,2125.607691515314,2123.668926595745,0.6889265957447606
TR-038834,2025-09-03,september,Dry Van,381.0,914.67,909.2359950522573,921.2708844643494,915.2534397583033,0.5834397583033706
TR-038835,2025-09-03,september,Reefer,326.3,856.83,844.8123982725269,847.7008764331465,846.2566373528367,10.573362647163322
TR-038836,2025-09-03,september,Dry Van,974.9,2005.14,1980.7401080468173,2012.9399634940073,1996.8400357704122,8.299964229587886
TR-038837,2025-09-03,september,Dry Van,881.0,1740.1,1740.0429761899818,1754.1508347448057,1747.0969054673938,6.9969054673938444
TR-038838,2025-09-03,september,Dry Van,858.3,4931.28,1723.3022615062341,1748.150175269565,1735.7262183878995,3195.5537816121005
TR-038839,2025-09-03,september,Dry Van,719.4,1509.11,1559.0222681954183,1561.6688275131028,1560.3455478542605,51.23554785426063
TR-038840,2025-09-03,september,Dry Van,662.6,1366.36,1372.5402532363798,1368.1659930010578,1370.353123118719,3.9931231187190406
TR-038841,2025-09-03,september,Dry Van,277.4,643.59,657.3284125819062,654.7225673912178,656.025489986562,12.435489986561947
TR-038842,2025-09-03,september,Dry Van,2155.0,4159.14,4175.027579019247,4198.690608503301,4186.8590937612735,27.719093761273143
TR-038843,2025-09-03,september,Dry Van,1077.4,2019.72,2015.8770751391914,2051.641931443364,2033.7595032912777,14.039503291277697
TR-038844,2025-09-03,september,Dry Van,1956.8,3574.04,3599.378001850467,3609.290513321392,3604.3342575859297,30.2942575859297
TR-038845,2025-09-03,september,Reefer,653.8,1405.61,1393.0963112723296,1423.0154365437047,1408.055873908017,2.44587390801712
TR-038846,2025-09-03,september,Flatbed,486.8,1190.88,1159.337385418976,1194.583197952566,1176.9602916857712,13.919708314228956
TR-038847,2025-09-03,september,Dry Van,769.6,1552.07,1559.0162240992552,1557.1251559183572,1558.0706900088062,6.000690008806259
TR-038848,2025-09-03,september,Flatbed,2008.1,3967.87,3897.441105236101,3857.669737633203,3877.555421434652,90.3145785653478
TR-038849,2025-09-03,september,Dry Van,1051.7,2152.14,2097.6567218509504,2097.530915371239,2097.593818611095,54.5461813889051
TR-038850,2025-09-03,september,Flatbed,2032.3,4376.41,4289.789419648124,4242.244024059886,4266.016721854005,110.39327814599528
TR-038851,2025-09-03,september,Reefer,584.8,1509.58,1503.8407359131545,1497.2959460309303,1500.5683409720423,9.011659027957649
TR-038852,2025-09-03,september,Flatbed,891.7,2125.38,2116.5761541425163,2067.6704124603757,2092.123283301446,33.2567166985541
TR-038853,2025-09-03,september,Dry Van,1372.7,2774.52,2767.9611369018653,2720.396546989125,2744.178841945495,30.34115805450483
TR-038854,2025-09-03,september,Dry Van,525.4,1137.04,1132.9800450550533,1123.357094447103,1128.1685697510782,8.871430248921797
TR-038855,2025-09-03,september,Dry Van,825.5,1778.32,1753.0329415488932,1780.4061837931822,1766.7195626710377,11.600437328962244
TR-038856,2025-09-03,september,Dry Van,440.2,1096.27,1081.1028865454712,1058.9840372348358,1070.0434618901536,26.226538109846388
TR-038857,2025-09-03,september,Dry Van,2550.2,4400.76,4478.346034256368,4569.353110468067,4523.849572362217,123.08957236221704
TR-038858,2025-09-03,september,Dry Van,840.8,1838.06,1862.9978486152474,1848.1119344498964,1855.554891532572,17.494891532571955
TR-038859,2025-09-03,september,Dry Van,541.6,1196.71,1209.2980731400278,1203.8124808877433,1206.5552770138856,9.845277013885607
TR-038860,2025-09-03,september,Dry Van,481.3,1062.89,1064.3094634525858,1046.170734631029,1055.2400990418073,7.649900958192802
TR-038861,2025-09-03,september,Dry Van,294.1,756.61,769.0600252873088,744.9606787074295,757.0103519973691,0.40035199736905724
TR-038862,2025-09-03,september,Dry Van,856.5,1790.45,1800.1820251843203,1814.2826089602725,1807.2323170722964,16.782317072296337
TR-038863,2025-09-03,september,Dry Van,654.1,1368.54,1360.8663066977288,1401.9213755722753,1381.393841135002,12.853841135002085
TR-038864,2025-09-03,september,Reefer,777.8,1933.62,1950.6550645204643,1925.274423796777,1937.9647441586208,4.34474415862087
TR-038865,2025-09-03,september,Reefer,447.0,1143.89,1122.124824230383,1114.3984149217451,1118.261619576064,25.62838042393605
TR-038866,2025-09-03,september,Dry Van,253.0,634.01,630.6335996596559,635.8649613760983,633.2492805178772,0.7607194821227949
TR-038867,2025-09-03,september,Dry Van,365.7,833.33,818.5987531280626,798.787952319562,808.6933527238123,24.636647276187773
TR-038868,2025-09-03,september,Dry Van,1540.5,2896.96,2891.911236822037,2875.7641199031714,2883.8376783626045,13.122321637395544
TR-038869,2025-09-03,september,Reefer,803.0,1804.39,1791.6844273577317,1797.039566032582,1794.361996695157,10.028003304843196
TR-038870,2025-09-03,september,Reefer,2530.5,5502.7,5295.27814024401,5312.367854162251,5303.82299720313,198.87700279686942
TR-038871,2025-09-03,september,Flatbed,491.2,1177.76,1177.446747373186,1166.10562606277,1171.776186717978,5.9838132820220835
TR-038872,2025-09-03,september,Reefer,737.6,1790.91,1726.522600461326,1738.6684458539748,1732.5955231576504,58.31447684234968
TR-038873,2025-09-03,september,Dry Van,1287.2,2419.58,2483.9864995884277,2500.6226963415947,2492.3045979650115,72.72459796501153
TR-038874,2025-09-03,september,Dry Van,381.7,824.38,811.6592441594921,818.4527626866973,815.0560034230947,9.323996576905301
TR-038875,2025-09-03,september,Dry Van,2230.8,4138.03,4129.588687234429,4211.911993385853,4170.750340310141,32.72034031014118
TR-038876,2025-09-03,september,Reefer,504.5,1264.58,1267.6968953843802,1263.4109631913911,1265.5539292878857,0.9739292878857668
TR-038877,2025-09-03,september,Dry Van,798.1,1609.32,1620.7159057416197,1590.2238392973231,1605.4698725194714,3.8501274805284993
TR-038878,2025-09-03,september,Flatbed,382.0,948.67,934.1316026399039,937.6785674914881,935.9050850656961,12.764914934303874
TR-038879,2025-09-03,september,Dry Van,1293.8,2408.22,2375.311433114489,2455.5199633232583,2415.4156982188733,7.195698218873531
TR-038880,2025-09-03,september,Dry Van,2225.6,4037.25,3980.5158268920813,4016.4070235134313,3998.4614252027563,38.788574797243655
TR-038881,2025-09-03,september,Dry Van,3195.4,5870.15,5885.131676237061,5823.5962214860565,5854.363948861559,15.786051138440598
TR-038882,2025-09-03,september,Flatbed,1995.9,4332.21,4171.546295343045,4233.274005783389,4202.410150563217,129.799849436783
TR-038883,2025-09-03,september,Dry Van,709.0,1429.26,1445.5200040639304,1480.380172373627,1462.9500882187785,33.690088218778556
TR-038884,2025-09-03,september,Dry Van,1418.2,2736.58,2705.0961047117507,2727.0340880838257,2716.0650963977882,20.51490360221169
TR-038885,2025-09-03,september,Flatbed,373.9,920.82,898.2719182125795,921.2495523145456,909.7607352635625,11.059264736437513
TR-038886,2025-09-03,september,Flatbed,613.0,1344.11,1352.6045231814453,1330.4687152466472,1341.5366192140464,2.573380785953532
TR-038887,2025-09-03,september,Dry Van,910.5,1846.08,1819.4274203859234,1817.5438429322662,1818.485631659095,27.59436834090502
TR-038888,2025-09-03,september,Dry Van,162.5,454.76,422.8617336430726,442.48700383446726,432.67436873876994,22.08563126123005
TR-038889,2025-09-03,september,Flatbed,1108.8,2334.05,2262.0127353741786,2255.3579167201524,2258.6853260471653,75.36467395283489
TR-038890,2025-09-03,september,Dry Van,477.4,1120.7,1122.4336717767155,1125.3139132760764,1123.8737925263958,3.1737925263958005
TR-038891,2025-09-03,september,Dry Van,1434.1,2885.45,2906.7759190840475,2874.6122371403076,2890.6940781121775,5.244078112177704
TR-038892,2025-09-03,september,Reefer,518.3,1412.11,1364.651415198783,1367.7490460174681,1366.2002306081256,45.909769391874306
TR-038893,2025-09-03,september,Dry Van,2296.6,4126.36,4170.426331226586,4250.941960391616,4210.6841458091,84.32414580910063
TR-038894,2025-09-03,september,Reefer,2234.8,4536.4,4649.067889062299,4652.614642837772,4650.841265950035,114.44126595003581
TR-038895,2025-09-03,september,Flatbed,380.2,988.98,927.6025913310154,966.7761296595722,947.1893604952938,41.79063950470618
TR-038896,2025-09-03,september,Reefer,1674.6,3696.76,3738.6233612378714,3773.4998358982693,3756.0615985680706,59.3015985680704
TR-038897,2025-09-03,september,Flatbed,2476.5,4929.32,4864.649418651166,4997.34389811164,4930.996658381403,1.6766583814032856
TR-038898,2025-09-03,september,Dry Van,169.0,445.85,453.65125899472605,450.4273579547728,452.0393084747494,6.189308474749396
TR-038899,2025-09-03,september,Flatbed,1761.2,3456.36,3510.372921291552,3462.399032048689,3486.3859766701207,30.0259766701206
TR-038900,2025-09-03,september,Dry Van,809.9,1799.05,1808.0446462818206,1780.465141962016,1794.2548941219184,4.795105878081586
TR-038901,2025-09-03,september,Dry Van,852.9,1899.77,1865.2630132675006,1884.7110342947287,1874.9870237811147,24.782976218885324
TR-038902,2025-09-03,september,Dry Van,544.9,1246.44,1260.1462615711519,1282.4914697487116,1271.3188656599318,24.878865659931762
TR-038903,2025-09-03,september,Dry Van,463.5,1034.94,1045.766672115683,1024.2836898855844,1035.0251810006337,0.08518100063361089
TR-038904,2025-09-03,september,Dry Van,543.5,1244.67,1230.3710388307459,1236.4256091351442,1233.398323982945,11.271676017055142
TR-038905,2025-09-03,september,Dry Van,1695.4,3381.01,3451.645329342469,3361.600381874463,3406.622855608466,25.612855608465907
TR-038906,2025-09-03,september,Dry Van,491.5,1186.89,1172.2458635966707,1174.1406926164154,1173.193278106543,13.696721893457152
TR-038907,2025-09-03,september,Dry Van,695.6,1574.67,1601.2981221947932,1579.6973155913556,1590.4977188930743,15.827718893074234
TR-038908,2025-09-03,september,Dry Van,606.5,1412.04,1337.2270622217154,1336.9251860505665,1337.076124136141,74.9638758638589
TR-038909,2025-09-03,september,Dry Van,733.1,1618.75,1605.0773955918532,1613.7748924674656,1609.4261440296596,9.323855970340446
TR-038910,2025-09-03,september,Dry Van,830.1,1711.45,1716.260538310622,1687.402460475346,1701.831499392984,9.61850060701613
TR-038911,2025-09-03,september,Dry Van,492.6,1058.96,1098.2693906032302,1092.7331948458236,1095.501292724527,36.54129272452701
TR-038912,2025-09-03,september,Reefer,979.9,2342.99,2272.3394861465354,2278.982550134305,2275.6610181404203,67.32898185957947
TR-038913,2025-09-03,september,Reefer,2167.3,4769.86,4737.119596496273,4831.276581205918,4784.198088851095,14.338088851095563
TR-038914,2025-09-03,september,Dry Van,1320.6,2749.61,2721.7742170789993,2656.0542758342826,2688.914246456641,60.69575354335893
TR-038915,2025-09-03,september,Flatbed,175.3,478.51,473.0335364158837,476.5705971768132,474.8020667963484,3.707933203651578
TR-038916,2025-09-03,september,Reefer,1874.4,4031.4,4054.4683576786847,4061.355785148082,4057.9120714133833,26.512071413383183
TR-038917,2025-09-03,september,Flatbed,603.1,1398.6,1400.1936114567434,1377.2791750246206,1388.736393240682,9.863606759317918
TR-038918,2025-09-03,september,Flatbed,870.3,2035.61,1990.8643021022158,1959.318864395119,1975.0915832486673,60.51841675133255
TR-038919,2025-09-03,september,Dry Van,146.0,379.08,408.5536974569302,384.0348662384117,396.29428184767096,17.214281847670975
TR-038920,2025-09-03,september,Flatbed,810.0,1762.2,1774.8499825792549,1739.3963877872698,1757.1231851832622,5.076814816737851
TR-038921,2025-09-03,september,Flatbed,178.4,490.18,484.792950033965,488.210119038376,486.5015345361705,3.678465463829525
TR-038922,2025-09-03,september,Dry Van,932.6,1833.07,1787.92491468779,1789.680786188915,1788.8028504383524,44.26714956164756
TR-038923,2025-09-03,september,Dry Van,569.6,1228.28,1187.247382491467,1167.719808546303,1177.483595518885,50.796404481114905
TR-038924,2025-09-03,september,Dry Van,149.7,390.61,411.13321684771483,400.06726138311,405.6002391154124,14.990239115412408
TR-038925,2025-09-03,september,Reefer,902.4,2120.23,2028.5689816784939,2054.7774314965222,2041.673206587508,78.55679341249197
TR-038926,2025-09-03,september,Flatbed,516.8,1281.36,1305.9606038134316,1332.3903308764734,1319.1754673449525,37.815467344952594
TR-038927,2025-09-03,september,Dry Van,881.0,1811.89,1790.742836683298,1790.081521153137,1790.4121789182175,21.477821081782622
TR-038928,2025-09-03,september,Dry Van,807.2,1657.1,1659.7771859270292,1653.2820656534138,1656.5296257902214,0.5703742097784925
TR-038929,2025-09-03,september,Reefer,2066.9,4494.52,4540.323826636716,4548.318955656523,4544.321391146619,49.8013911466187
TR-038930,2025-09-03,september,Flatbed,2334.8,4903.95,4731.650448415174,4764.750868817858,4748.200658616515,155.74934138348453
TR-038931,2025-09-03,september,Dry Van,2000.6,3719.11,3740.1621927585998,3726.8567376151395,3733.5094651868694,14.399465186869293
TR-038932,2025-09-03,september,Dry Van,1801.1,3395.51,3424.4813733725055,3367.657265246966,3396.069319309736,0.5593193097356561
TR-038933,2025-09-03,september,Dry Van,1236.7,2534.45,2560.19370512853,2548.106849808916,2554.1502774687233,19.70027746872347
TR-038934,2025-09-03,september,Flatbed,1418.0,2884.07,2923.6943177425433,2918.437628060589,2921.065972901566,36.99597290156589
TR-038935,2025-09-03,september,Reefer,1541.4,3287.09,3341.302080131878,3317.9632799592555,3329.6326800455668,42.54268004556661
TR-038936,2025-09-04,september,Dry Van,1008.1,2103.52,2114.195757825609,2103.484212622472,2108.8399852240404,5.319985224040465
TR-038937,2025-09-04,september,Dry Van,481.1,1119.29,1114.6948947451183,1093.2637952353505,1103.9793449902345,15.310655009765469
TR-038938,2025-09-04,september,Dry Van,2055.0,3831.98,3796.966083338855,3843.7989319494886,3820.3825076441717,11.597492355828308
TR-038939,2025-09-04,september,Dry Van,248.2,611.13,603.5178858913313,604.3674141687234,603.9426500300274,7.187349969972615
TR-038940,2025-09-04,september,Reefer,1238.8,2807.36,2812.4426440582542,2813.7824550592604,2813.1125495587576,5.752549558757437
TR-038941,2025-09-04,september,Dry Van,1036.1,2071.96,2050.616286799855,2031.8700072586346,2041.243147029245,30.7168529707551
TR-038942,2025-09-04,september,Reefer,995.4,2339.95,2283.787888638571,2318.492843862315,2301.140366250443,38.809633749556724
TR-038943,2025-09-04,september,Reefer,2365.9,4874.27,4940.979871410681,4837.082013082381,4889.030942246531,14.760942246530249
TR-038944,2025-09-04,september,Reefer,776.7,1768.91,1792.5863741853716,1789.6334297176047,1791.1099019514882,22.199901951488073
TR-038945,2025-09-04,september,Dry Van,2288.4,4304.74,4274.162583246442,4307.600195671486,4290.881389458964,13.858610541035887
TR-038946,2025-09-04,september,Reefer,1698.0,3572.95,3679.8401416655065,3659.863361770218,3669.8517517178625,96.90175171786268
TR-038947,2025-09-04,september,Reefer,1731.5,3764.61,3696.1951314654875,3686.246288346734,3691.2207099061106,73.38929009388949
TR-038948,2025-09-04,september,Dry Van,387.7,870.61,870.9054997588302,881.1764268589504,876.0409633088902,5.430963308890227
TR-038949,2025-09-04,september,Dry Van,144.7,413.09,412.145474508982,435.1433071611591,423.64439083507057,10.554390835070592
TR-038950,2025-09-04,september,Dry Van,1206.7,2544.99,2498.9690959782133,2483.7070956480666,2491.33809581314,53.65190418685961
TR-038951,2025-09-04,september,Dry Van,825.3,1660.37,1631.294483548103,1671.7749626228317,1651.5347230854672,8.835276914532642
TR-038952,2025-09-04,september,Flatbed,496.5,1092.96,1094.432119509902,1109.1444169250503,1101.7882682174761,8.82826821747608
TR-038953,2025-09-04,september,Flatbed,2915.7,5716.18,5735.910864133265,5668.74597103632,5702.328417584793,13.851582415207304
TR-038954,2025-09-04,september,Dry Van,1792.0,3141.19,3256.6888182130465,3228.5214820777564,3242.6051501454012,101.41515014540119
TR-038955,2025-09-04,september,Flatbed,3020.8,6185.0,5965.441200909194,5928.4171435186945,5946.929172213944,238.07082778605582
TR-038956,2025-09-04,september,Reefer,2072.0,4636.85,4486.287880515707,4533.5014101090155,4509.894645312361,126.95535468763956
TR-038957,2025-09-04,september,Dry Van,2029.1,3625.04,3580.7303241327395,3545.4299612515288,3563.0801426921344,61.959857307865605
TR-038958,2025-09-04,september,Dry Van,1016.7,1954.2,1976.9497973812267,1980.8371653430434,1978.893481362135,24.69348136213489
TR-038959,2025-09-04,september,Reefer,1586.3,3415.8,3360.2852099453353,3390.9532350445998,3375.6192224949673,40.18077750503289
TR-038960,2025-09-04,september,Dry Van,368.5,819.65,838.5524926439496,828.8328753864619,833.6926840152057,14.042684015205737
TR-038961,2025-09-04,september,Dry Van,361.0,835.18,846.4741451322432,836.4821424424979,841.4781437873705,6.298143787370577
TR-038962,2025-09-04,september,Dry Van,214.3,517.61,539.5325023933196,538.1260532634465,538.829277828383,21.219277828383042
TR-038963,2025-09-04,september,Dry Van,414.6,958.93,963.5090215921733,949.1821153256792,956.3455684589262,2.584431541073741
TR-038964,2025-09-04,september,Dry Van,545.6,1197.57,1196.151583413751,1186.2191031509788,1191.185343282365,6.384656717634925
TR-038965,2025-09-04,september,Dry Van,739.6,1674.76,1679.5653931330603,1676.958943134234,1678.2621681336473,3.502168133647274
TR-038966,2025-09-04,september,Flatbed,2767.7,5233.71,5198.537320504788,5187.054554887149,5192.795937695968,40.914062304032086
TR-038967,2025-09-04,september,Dry Van,2519.2,4807.93,4710.05133177333,4784.969032045325,4747.510181909327,60.41981809067329
TR-038968,2025-09-04,september,Dry Van,847.2,1614.61,1660.3995885496865,1698.7327129254188,1679.5661507375526,64.95615073755266
TR-038969,2025-09-04,september,Reefer,2976.6,5839.12,5804.019476890561,5775.898224485134,5789.958850687848,49.16114931215179
TR-038970,2025-09-04,september,Reefer,1033.0,2360.93,2313.808376473364,2342.7659126647177,2328.2871445690407,32.642855430959116
TR-038971,2025-09-04,september,Reefer,1927.8,4100.64,4056.939650738457,4036.8590816487376,4046.8993661935974,53.74063380640291
TR-038972,2025-09-04,september,Flatbed,1082.2,2338.31,2330.8840317572904,2277.9173684936127,2304.4007001254513,33.90929987454865
TR-038973,2025-09-04,september,Dry Van,328.6,777.59,770.240065805556,768.9395214827205,769.5897936441382,8.000206355861792
TR-038974,2025-09-04,september,Reefer,1435.5,3240.89,3208.0037080582742,3232.3045685768448,3220.1541383175595,20.735861682440373
TR-038975,2025-09-04,september,Reefer,1578.5,3635.79,3551.459964462114,3509.23087770539,3530.3454210837517,105.44457891624825
TR-038976,2025-09-04,september,Dry Van,507.7,1166.61,1179.987136094477,1157.4051560971925,1168.6961460958346,2.0861460958346925
TR-038977,2025-09-04,september,Reefer,2534.0,5181.47,5095.291660987233,5040.820060507325,5068.055860747279,113.41413925272082
TR-038978,2025-09-04,september,Reefer,2007.8,4170.51,4202.287556866277,4148.768515020423,4175.52803594335,5.018035943349787
TR-038979,2025-09-04,september,Flatbed,1276.4,2723.28,2641.3138174607934,2714.862677982647,2678.08824772172,45.19175227828009
TR-038980,2025-09-04,september,Dry Van,388.3,830.68,846.5193112844835,844.985354346202,845.7523328153427,15.072332815342747
TR-038981,2025-09-04,september,Flatbed,2291.3,4731.45,4509.225842444533,4583.486255221336,4546.356048832935,185.09395116706492
TR-038982,2025-09-04,september,Flatbed,354.6,946.26,973.8990107511032,978.1886353038512,976.0438230274772,29.783823027477183
TR-038983,2025-09-04,september,Dry Van,306.3,711.59,741.697529702602,718.2169502986062,729.9572400006041,18.367240000604056
TR-038984,2025-09-04,september,Flatbed,419.3,1082.09,1043.7971208221277,1052.7465918013868,1048.2718563117573,33.81814368824257
TR-038985,2025-09-04,september,Dry Van,998.5,2041.64,1978.8761342926189,1997.5896526305878,1988.2328934616035,53.40710653839665
TR-038986,2025-09-04,september,Flatbed,1092.1,2599.43,2513.4367997343643,2524.6171663597543,2519.0269830470593,80.40301695294056
TR-038987,2025-09-04,september,Flatbed,1690.2,3685.54,3611.644660547064,3651.2516978436042,3631.448179195334,54.091820804665986
TR-038988,2025-09-04,september,Flatbed,569.9,1417.52,1422.726082342108,1393.5441522085725,1408.1351172753402,9.384882724659747
TR-038989,2025-09-04,september,Dry Van,2634.7,4591.38,4724.683443301513,4540.0151029375365,4632.349273119525,40.96927311952459
TR-038990,2025-09-04,september,Dry Van,2783.6,5144.4,5168.592819626125,5106.923457073681,5137.758138349903,6.641861650096871
TR-038991,2025-09-04,september,Dry Van,2205.7,4160.37,4149.184877932811,4157.56764116938,4153.376259551096,6.993740448903736
TR-038992,2025-09-04,september,Flatbed,1219.1,2771.41,2695.6308873922812,2717.6820571768526,2706.656472284567,64.75352771543294
TR-038993,2025-09-04,september,Dry Van,334.8,812.49,821.6738262479372,821.9573378513344,821.8155820496359,9.325582049635841
TR-038994,2025-09-04,september,Dry Van,430.0,989.2,994.2420096463225,1006.5508835298339,1000.3964465880781,11.19644658807806
TR-038995,2025-09-04,september,Dry Van,92.8,251.45,252.49429920596913,268.8864669975758,260.69038310177245,9.240383101772466
TR-038996,2025-09-04,september,Flatbed,165.3,498.55,501.9401018470017,513.5936547341475,507.7668782905746,9.216878290574584
TR-038997,2025-09-04,september,Dry Van,762.1,1607.21,1667.4170563641715,1658.0001278494037,1662.7085921067876,55.498592106787555
TR-038998,2025-09-04,september,Dry Van,70.0,196.37,215.31252538238397,246.7709004005476,231.04171289146578,34.67171289146577
TR-038999,2025-09-04,september,Dry Van,1930.8,3701.75,3656.728383377551,3676.4885435558203,3666.608463466686,35.14153653331414
TR-039000,2025-09-04,september,Reefer,70.5,236.37,228.59022512618225,265.1260260650208,246.85812559560154,10.488125595601531
TR-039001,2025-09-04,september,Dry Van,120.1,345.86,347.36330432269415,336.16587847793903,341.7645914003166,4.095408599683424
TR-039002,2025-09-04,september,Dry Van,1055.2,2077.33,2022.3197312344691,2013.2798154651293,2017.7997733497991,59.5302266502008
TR-039003,2025-09-04,september,Flatbed,2832.1,5633.17,5611.394175533183,5650.508653491357,5630.95141451227,2.218585487729797
TR-039004,2025-09-04,september,Dry Van,846.0,1878.85,1872.8218893983899,1865.028966542448,1868.925427970419,9.924572029580986
TR-039005,2025-09-04,september,Dry Van,305.0,742.41,744.3214574836276,747.2417622490693,745.7816098663484,3.3716098663484217
TR-039006,2025-09-04,september,Dry Van,994.0,1934.15,1960.5972736984174,1981.2457529513085,1970.921513324863,36.77151332486301
TR-039007,2025-09-04,september,Dry Van,2408.2,4583.28,4515.96496533225,4563.10116973177,4539.53306753201,43.74693246798961
TR-039008,2025-09-04,september,Reefer,470.1,1155.21,1126.8488581730785,1134.8532128235415,1130.85103549831,24.358964501690025
TR-039009,2025-09-04,september,Dry Van,1169.7,2265.2,2213.728234045607,2260.446321527521,2237.0872777865643,28.112722213435518
TR-039010,2025-09-04,september,Dry Van,523.0,1152.28,1167.6319030106633,1159.0595738244467,1163.345738417555,11.06573841755494
TR-039011,2025-09-04,september,Reefer,1664.6,3524.5,3494.1510061089925,3514.7564213598725,3504.4537137344323,20.046286265567687
TR-039012,2025-09-04,september,Reefer,574.5,1333.02,1336.284719223188,1353.3616318643158,1344.8231755437519,11.803175543751877
TR-039013,2025-09-04,september,Dry Van,1077.3,2290.51,2322.017835953103,2261.013798241392,2291.5158170972472,1.005817097247018
TR-039014,2025-09-04,september,Dry Van,1479.6,2815.63,2802.579311687052,2817.101862247744,2809.840586967398,5.7894130326021696
TR-039015,2025-09-04,september,Dry Van,1948.1,3706.5,3753.9342975180793,3810.751089470954,3782.3426934945164,75.84269349451642
TR-039016,2025-09-04,september,Dry Van,822.3,1625.36,1614.3098787295548,1648.7550277011371,1631.5324532153459,6.172453215345968
TR-039017,2025-09-04,september,Flatbed,865.8,2034.63,1976.3121651370404,1982.7947615383314,1979.553463337686,55.07653666231408
TR-039018,2025-09-04,september,Dry Van,1066.6,2154.52,2141.3610521057644,2155.452054862438,2148.406553484101,6.113446515898886
TR-039019,2025-09-04,september,Dry Van,488.4,1086.45,1033.3604878579822,1030.3882212512385,1031.8743545546104,54.57564544538968
TR-039020,2025-09-04,september,Flatbed,767.2,1719.87,1656.3701953812028,1702.2660446586242,1679.3181200199135,40.55187998008637
TR-039021,2025-09-04,september,Dry Van,1130.4,2197.15,2128.7279144735735,2186.4013166479353,2157.5646155607546,39.585384439245445
TR-039022,2025-09-04,september,Flatbed,2203.0,4716.82,4517.779594376383,4579.260918677206,4548.520256526795,168.29974347320513
TR-039023,2025-09-04,september,Reefer,1245.7,2940.08,2820.892440615947,2857.1889898868126,2839.04071525138,101.03928474862005
TR-039024,2025-09-04,september,Dry Van,876.5,1864.87,1803.6727910256157,1828.118986020075,1815.8958885228453,48.974111477154565
TR-039025,2025-09-04,september,Dry Van,1942.3,3495.24,3552.2966659101558,3524.9358776797417,3538.6162717949487,43.376271794948934
TR-039026,2025-09-04,september,Dry Van,217.7,544.25,536.0583281751472,533.9187312942092,534.9885297346782,9.261470265321805
TR-039027,2025-09-04,september,Dry Van,1614.0,3230.31,3235.532211314632,3228.6873844392694,3232.109797876951,1.7997978769508336
TR-039028,2025-09-04,september,Dry Van,1784.6,3459.65,3530.867659365215,3541.1165070545644,3535.9920832098896,76.34208320988955
TR-039029,2025-09-04,september,Reefer,416.8,1036.49,1027.5578842708167,1045.0874186691549,1036.3226514699859,0.16734853001412375
TR-039030,2025-09-04,september,Flatbed,636.9,1434.39,1457.6804612144238,1457.537886664426,1457.6091739394249,23.219173939424763
TR-039031,2025-09-04,september,Reefer,834.4,2102.58,2131.3661078577966,2068.8884653830783,2100.127286620437,2.452713379562738
TR-039032,2025-09-04,september,Reefer,1424.4,3041.2,3104.5446770368394,3054.567333761405,3079.556005399122,38.356005399122296
TR-039033,2025-09-04,september,Reefer,769.8,1922.11,1935.2529946222908,1902.6668866506238,1918.9599406364573,3.1500593635425957
TR-039034,2025-09-04,september,Flatbed,1135.7,2411.56,2433.482033561969,2428.9492937677055,2431.215663664837,19.655663664836993
TR-039035,2025-09-04,september,Dry Van,564.9,1202.71,1170.9632688510992,1162.4911297918097,1166.7271993214545,35.98280067854557
TR-039036,2025-09-04,september,Flatbed,515.3,1342.71,1349.5712431244756,1317.2410987408653,1333.4061709326704,9.303829067329616
TR-039037,2025-09-04,september,Dry Van,928.1,1951.86,1963.2296239440088,1956.2891964054543,1959.7594101747316,7.899410174731656
TR-039038,2025-09-04,september,Flatbed,615.6,1492.67,1507.6268750448144,1457.9262811237177,1482.776578084266,9.893421915734052
TR-039039,2025-09-04,september,Reefer,1029.3,2293.08,2310.9647822337665,2299.0730490540413,2305.0189156439037,11.938915643903783
TR-039040,2025-09-04,september,Reefer,195.2,579.89,568.8638356199485,595.5363845380891,582.2001100790188,2.310110079018841
TR-039041,2025-09-04,september,Dry Van,2214.6,4312.53,4255.592861127324,4274.224411927489,4264.908636527407,47.62136347259275
TR-039042,2025-09-04,september,Dry Van,896.6,1993.26,1962.7166134598042,1904.32374529018,1933.520179374992,59.73982062500795
TR-039043,2025-09-04,september,Reefer,839.1,1803.31,1816.062321798064,1826.1873774570483,1821.1248496275562,17.814849627556214
TR-039044,2025-09-04,september,Flatbed,816.2,1870.98,1809.7866805839672,1785.025504176917,1797.406092380442,73.57390761955799
TR-039045,2025-09-04,september,Flatbed,438.6,1035.33,1034.4971220526104,1021.8194665097942,1028.1582942812024,7.1717057187975115
TR-039046,2025-09-04,september,Dry Van,1107.9,2346.17,2341.6998082746954,2338.557304368519,2340.128556321607,6.04144367839308
TR-039047,2025-09-04,september,Dry Van,1328.6,2565.6,2592.9130698907406,2524.937420926157,2558.925245408449,6.674754591550936
TR-039048,2025-09-04,september,Dry Van,1192.2,2561.74,2484.798992537068,2528.0715290702915,2506.4352608036797,55.30473919632004
TR-039049,2025-09-04,september,Dry Van,1761.1,3226.05,3184.5191535152812,3205.4561419154606,3194.987647715371,31.062352284629014
TR-039050,2025-09-04,september,Dry Van,1888.9,3600.54,3551.6714613835084,3576.7045807222225,3564.188021052865,36.35197894713474
TR-039051,2025-09-04,september,Dry Van,75.2,224.92,242.37946861397492,262.4078337608696,252.39365118742228,27.47365118742229
TR-039052,2025-09-04,september,Dry Van,462.1,1038.92,1034.0300719420002,1011.6119899005284,1022.8210309212643,16.098969078735763
TR-039053,2025-09-04,september,Dry Van,2224.3,4309.6,4246.2184297700705,4270.450987464161,4258.334708617116,51.26529138288424
TR-039054,2025-09-04,september,Dry Van,478.6,1073.55,1083.877293645928,1076.6171605798843,1080.247227112906,6.697227112906148
TR-039055,2025-09-04,september,Dry Van,1370.6,2717.74,2704.082201133248,2664.863590075076,2684.4728956041617,33.26710439583803
TR-039056,2025-09-04,september,Flatbed,187.6,545.79,541.6709743116285,533.9312212244695,537.801097768049,7.988902231950988
TR-039057,2025-09-04,september,Dry Van,781.6,1635.9,1644.382599880464,1654.0826889280065,1649.2326444042353,13.332644404235225
TR-039058,2025-09-04,september,Flatbed,1017.2,2223.7,2252.728504929804,2234.801267120759,2243.764886025281,20.06488602528134
TR-039059,2025-09-04,september,Dry Van,311.0,706.43,716.6088897222759,712.3091158421425,714.4590027822092,8.029002782209204
TR-039060,2025-09-04,september,Dry Van,950.4,1993.08,2008.3337911945055,1991.3592319931552,1999.8465115938302,6.766511593830273
TR-039061,2025-09-04,september,Dry Van,150.7,419.81,415.5048045585996,417.08079223559776,416.29279839709864,3.517201602901366
TR-039062,2025-09-04,september,Reefer,2310.4,4728.81,4694.065965566564,4649.262208810027,4671.6640871882955,57.145912811704875
TR-039063,2025-09-04,september,Dry Van,832.5,1619.87,1634.8337264362517,1646.4767928008805,1640.655259618566,20.785259618566215
TR-039064,2025-09-04,september,Dry Van,370.2,829.81,832.3215043886948,833.0471822822135,832.6843433354542,2.8743433354542276
TR-039065,2025-09-04,september,Reefer,253.5,675.2,665.1041648566706,667.1969320494773,666.150548453074,9.049451546926093
TR-039066,2025-09-04,september,Reefer,249.9,669.78,685.4446540474271,699.4903448797481,692.4674994635876,22.687499463587642
TR-039067,2025-09-04,september,Dry Van,804.8,1777.59,1811.0263829362823,1763.5227431016838,1787.274563018983,9.684563018982999
TR-039068,2025-09-04,september,Dry Van,2329.5,4479.42,4333.6549060489215,4430.247827831999,4381.9513669404605,97.46863305953957
TR-039069,2025-09-04,september,Reefer,348.7,882.08,862.2989248945796,883.1376199452316,872.7182724199056,9.361727580094453
TR-039070,2025-09-04,september,Flatbed,1495.8,3210.13,3253.7870269147693,3246.360038082881,3250.0735324988254,39.943532498825334
TR-039071,2025-09-04,september,Reefer,823.0,2080.39,2101.067522246544,2058.761122697778,2079.914322472161,0.4756775278387977
TR-039072,2025-09-04,september,Reefer,584.8,1442.01,1399.5338085985632,1426.1301505494307,1412.831979573997,29.17802042600306
TR-039073,2025-09-04,september,Dry Van,414.3,995.5,1000.906542847249,1009.8695743818645,1005.3880586145567,9.888058614556712
TR-039074,2025-09-04,september,Flatbed,196.2,557.08,547.8203713575685,560.4566152302225,554.1384932938955,2.9415067061045193
TR-039075,2025-09-04,september,Dry Van,1526.0,2895.45,2829.315397727582,2921.4017835953164,2875.358590661449,20.091409338550875
TR-039076,2025-09-04,september,Dry Van,1368.1,2750.9,2754.56683016974,2696.3856748323233,2725.476252501032,25.42374749896817
TR-039077,2025-09-04,september,Dry Van,186.1,497.6,504.69301482325494,467.94232480088226,486.31766981206863,11.282330187931393
TR-039078,2025-09-04,september,Reefer,2783.0,5931.57,5676.164681450588,5660.680847431951,5668.4227644412695,263.14723555873024
TR-039079,2025-09-04,september,Dry Van,2660.4,4678.42,4751.782132072941,4637.270546273406,4694.526339173173,16.106339173173183
TR-039080,2025-09-04,september,Dry Van,775.2,1735.69,1720.535634083279,1694.9406139672815,1707.7381240252803,27.95187597471977
TR-039081,2025-09-04,september,Reefer,606.9,1491.48,1521.479772360695,1526.2423350915767,1523.8610537261359,32.38105372613586
TR-039082,2025-09-04,september,Dry Van,1134.0,2227.63,2137.3404797359176,2222.4214245055123,2179.880952120715,47.74904787928517
TR-039083,2025-09-04,september,Dry Van,1308.3,2606.74,2551.7249652154624,2576.051343925233,2563.888154570348,42.8518454296518
TR-039084,2025-09-04,september,Dry Van,2725.0,5037.89,5161.179012932195,5653.975645459412,5407.577329195803,369.6873291958027
TR-039085,2025-09-04,september,Reefer,2660.5,5580.78,5390.3534776502875,5461.848871485598,5426.1011745679425,154.67882543205724
TR-039086,2025-09-04,september,Flatbed,540.4,1339.97,1343.2112982537856,1306.0344633097861,1324.6228807817859,15.347119218214175
TR-039087,2025-09-04,september,Reefer,2301.8,4731.22,4766.096193146378,4827.339282345618,4796.7177377459975,65.49773774599726
TR-039088,2025-09-04,september,Dry Van,1617.7,3136.86,3110.2047356163444,3146.708396238084,3128.456565927214,8.40343407278624
TR-039089,2025-09-04,september,Reefer,2243.7,4776.59,4725.927721663165,4762.176368250166,4744.052044956666,32.53795504333448
TR-039090,2025-09-04,september,Reefer,932.2,2207.44,2097.2960397853553,2077.146884457683,2087.221462121519,120.21853787848113
TR-039091,2025-09-04,september,Dry Van,375.0,873.34,865.8033643652284,885.4426061786633,875.6229852719458,2.2829852719457904
TR-039092,2025-09-05,september,Dry Van,1001.3,1990.86,2081.1173589512164,2073.3767294446175,2077.2470441979167,86.3870441979168
TR-039093,2025-09-05,september,Dry Van,622.5,1383.52,1370.215033809529,1386.508255988788,1378.3616448991584,5.158355100841618
TR-039094,2025-09-05,september,Flatbed,3098.1,5939.13,5923.162129007448,5824.8387359921135,5874.000432499781,65.12956750021931
TR-039095,2025-09-05,september,Reefer,720.2,1602.12,1635.1810680355748,1627.7092439246958,1631.4451559801353,29.325155980135378
TR-039096,2025-09-05,september,Dry Van,959.3,1943.74,1957.9645853388038,1920.4730103143224,1939.218797826563,4.521202173436905
TR-039097,2025-09-05,september,Reefer,1176.5,2558.28,2531.904263640319,2488.3470419136506,2510.1256527769847,48.15434722301552
TR-039098,2025-09-05,september,Reefer,802.7,1898.24,1858.179878102077,1871.8548974501962,1865.0173877761367,33.22261222386328
TR-039099,2025-09-05,september,Flatbed,333.6,833.5,796.6661586339997,826.3245985084695,811.4953785712346,22.004621428765404
TR-039100,2025-09-05,september,Reefer,880.8,2025.05,1994.5632711068222,2019.7630781355547,2007.1631746211883,17.886825378811636
TR-039101,2025-09-05,september,Dry Van,1049.8,2231.66,2182.8323587440436,2153.1603384195187,2167.996348581781,63.663651418218706
TR-039102,2025-09-05,september,Reefer,634.6,1574.91,1519.7205927411503,1540.5638728931422,1530.1422328171461,44.76776718285396
TR-039103,2025-09-05,september,Dry Van,422.4,992.27,960.7391218258535,948.6564121183249,954.6977669720892,37.572233027910784
TR-039104,2025-09-05,september,Dry Van,2177.4,3972.75,4087.9910913775457,4069.1792805335704,4078.585185955558,105.83518595555779
TR-039105,2025-09-05,september,Dry Van,520.6,1104.17,1076.696519859501,1074.1845791551223,1075.4405495073115,28.729450492688557
TR-039106,2025-09-05,september,Reefer,2212.2,4521.64,4544.064050750794,4593.79268151036,4568.928366130577,47.28836613057683
TR-039107,2025-09-05,september,Dry Van,764.0,1668.8,1617.7347379173473,1600.2551376267843,1608.994937772066,59.80506222793406
TR-039108,2025-09-05,september,Dry Van,1470.1,2740.42,2742.4177554593366,2771.091523895249,2756.7546396772927,16.33463967729267
TR-039109,2025-09-05,september,Flatbed,1167.6,2446.6,2416.9433717449865,2378.0255153640396,2397.484443554513,49.11555644548707
TR-039110,2025-09-05,september,Dry Van,620.2,1368.65,1354.7185588937903,1367.9809640165454,1361.349761455168,7.300238544832155
TR-039111,2025-09-05,september,Reefer,1494.9,3261.55,3242.5483498736876,3173.583030223367,3208.0656900485274,53.484309951472824
TR-039112,2025-09-05,september,Dry Van,287.9,640.63,642.8614564426539,651.2139982554452,647.0377273490495,6.407727349049537
TR-039113,2025-09-05,september,Reefer,329.6,857.79,841.5409316514875,869.28913065865,855.4150311550688,2.374968844931118
TR-039114,2025-09-05,september,Reefer,461.1,1076.26,1089.0529898158052,1076.5897458664624,1082.821367841134,6.561367841133915
TR-039115,2025-09-05,september,Dry Van,577.6,1153.1,1157.3509879068502,1153.9232825259214,1155.6371352163858,2.5371352163858774
TR-039116,2025-09-05,september,Dry Van,2941.7,5027.1,5199.798110655817,5060.874859431342,5130.336485043579,103.2364850435788
TR-039117,2025-09-05,september,Dry Van,1436.2,2671.85,2719.879710252826,2742.2939333926997,2731.086821822763,59.23682182276298
TR-039118,2025-09-05,september,Reefer,489.5,1254.71,1246.7134035217039,1251.4942732978939,1249.1038384097988,5.606161590201282
TR-039119,2025-09-05,september,Reefer,324.2,965.6,911.425454569782,922.4428443588401,916.9341494643111,48.665850535688946
TR-039120,2025-09-05,september,Reefer,505.9,1290.97,1323.5876748957223,1304.2248375068075,1313.906256201265,22.936256201264996
TR-039121,2025-09-05,september,Reefer,292.6,791.06,761.9744375631766,804.3016218608589,783.1380297120177,7.921970287982276
TR-039122,2025-09-05,september,Reefer,485.8,1227.54,1225.293206036792,1223.0970212922603,1224.1951136645262,3.3448863354738023
TR-039123,2025-09-05,september,Reefer,113.8,341.56,362.5126537023962,348.26098413304226,355.3868189177192,13.826818917719208
TR-039124,2025-09-05,september,Reefer,206.4,581.85,548.0575960999084,590.6530361666021,569.3553161332552,12.494683866744822
TR-039125,2025-09-05,september,Dry Van,238.9,578.63,578.156741916156,608.6264090185355,593.3915754673458,14.761575467345779
TR-039126,2025-09-05,september,Dry Van,2077.8,3915.16,3888.260256243449,3918.2890749015705,3903.2746655725095,11.885334427490307
TR-039127,2025-09-05,september,Dry Van,1213.9,2473.31,2491.282311969764,2474.1524085850665,2482.7173602774155,9.407360277415592
TR-039128,2025-09-05,september,Dry Van,495.8,1056.11,1062.4230719658394,1047.523961753595,1054.9735168597172,1.136483140282735
TR-039129,2025-09-05,september,Dry Van,863.1,1683.15,1676.5390532407225,1688.7298411981374,1682.63444721943,0.5155527805700331
TR-039130,2025-09-05,september,Flatbed,294.4,788.94,778.7986383307714,785.0463094681058,781.9224738994386,7.01752610056144
TR-039131,2025-09-05,september,Flatbed,822.4,1950.21,1933.4515838340103,1930.023782139233,1931.7376829866216,18.472317013378415
TR-039132,2025-09-05,september,Reefer,456.4,1155.37,1123.9249213942721,1148.6418454394468,1136.2833834168596,19.086616583140312
TR-039133,2025-09-05,september,Flatbed,320.1,785.6,791.5304538692301,815.3922186369916,803.4613362531109,17.861336253110835
TR-039134,2025-09-05,september,Dry Van,2145.3,4124.89,4182.465997321828,4187.689595215901,4185.077796268864,60.187796268864076
TR-039135,2025-09-05,september,Dry Van,1556.7,3112.26,3152.6597123616452,3088.2826070571164,3120.471159709381,8.211159709380809
TR-039136,2025-09-05,september,Dry Van,2229.9,4107.05,4094.765127026998,4101.378662375935,4098.071894701467,8.978105298533592
TR-039137,2025-09-05,september,Flatbed,988.5,2265.1,2163.8821557747688,2206.7104662916004,2185.296311033185,79.80368896681512
TR-039138,2025-09-05,september,Reefer,582.4,1455.36,1437.651852373221,1457.1950602354354,1447.4234563043283,7.936543695671617
TR-039139,2025-09-05,september,Flatbed,256.6,689.69,663.7969884956816,715.1660037966144,689.481496146148,0.20850385385210757
TR-039140,2025-09-05,september,Flatbed,1173.7,2395.68,2491.9369009344623,2448.0802651010454,2470.008583017754,74.32858301775423
TR-039141,2025-09-05,september,Dry Van,2663.8,4954.29,4980.412837852109,4875.574979742017,4927.993908797063,26.296091202936623
TR-039142,2025-09-05,september,Dry Van,749.0,1474.97,1513.4685888389286,1511.3509316866687,1512.4097602627985,37.43976026279847
TR-039143,2025-09-05,september,Dry Van,1375.6,2664.11,2641.0084636020683,2662.715697853463,2651.8620807277657,12.247919272234412
TR-039144,2025-09-05,september,Flatbed,2120.8,4592.34,4410.023163399755,4476.440493314713,4443.231828357234,149.10817164276614
TR-039145,2025-09-05,september,Dry Van,1212.5,2469.17,2438.621470800525,2450.6488149960896,2444.635142898307,24.534857101692978
TR-039146,2025-09-05,september,Reefer,421.2,1028.4,1002.6751597875086,1034.0570704376591,1018.3661151125839,10.033884887416207
TR-039147,2025-09-05,september,Reefer,1945.3,4251.39,4148.291464045805,4186.905146050498,4167.598305048152,83.79169495184851
TR-039148,2025-09-05,september,Reefer,927.2,2009.23,2056.402989190162,2051.26438139998,2053.8336852950706,44.60368529507059
TR-039149,2025-09-05,september,Reefer,972.9,2139.57,2146.419996085348,2167.0713460743495,2156.7456710798488,17.1756710798486
TR-039150,2025-09-05,september,Reefer,985.7,2307.9,2278.2418153381586,2273.737357573014,2275.9895864555865,31.910413544413586
TR-039151,2025-09-05,september,Dry Van,142.4,361.96,365.4589337480926,340.9984609191997,353.22869733364615,8.731302666353827
TR-039152,2025-09-05,september,Reefer,1988.8,4078.17,4082.206278792414,4139.050881068984,4110.628579930699,32.45857993069876
TR-039153,2025-09-05,september,Dry Van,1107.1,2118.24,2136.4417450814785,2132.7935049408925,2134.6176250111857,16.377625011185955
TR-039154,2025-09-05,september,Dry Van,1312.8,2511.37,2628.1958876059125,2597.275940584193,2612.735914095053,101.36591409505309
TR-039155,2025-09-05,september,Dry Van,870.7,1714.1,1735.5643998101605,1738.3579015776327,1736.9611506938966,22.86115069389666
TR-039156,2025-09-05,september,Reefer,2470.3,5335.02,5144.972330643001,5131.044239964997,5138.008285303999,197.01171469600104
TR-039157,2025-09-05,september,Reefer,449.2,1169.68,1199.634434525087,1202.7357520129995,1201.1850932690431,31.505093269043073
TR-039158,2025-09-05,september,Dry Van,1625.6,3081.04,3057.8541252245564,3080.2822322006577,3069.068178712607,11.97182128739314
TR-039159,2025-09-05,september,Flatbed,501.0,1187.65,1199.0218664360093,1200.1579285989856,1199.5898975174973,11.93989751749723
TR-039160,2025-09-05,september,Flatbed,342.0,927.17,900.8461609100939,917.882120202509,909.3641405563014,17.805859443698523
TR-039161,2025-09-05,september,Dry Van,1611.6,3278.97,3232.1070591524804,3218.321225040914,3225.2141420966973,53.75585790330251
TR-039162,2025-09-05,september,Reefer,2287.1,4844.98,4732.482512759233,4789.818232065207,4761.150372412219,83.82962758778012
TR-039163,2025-09-05,september,Dry Van,698.2,1538.53,1537.7069630550918,1540.05486850547,1538.880915780281,0.3509157802809568
TR-039164,2025-09-05,september,Dry Van,689.7,1556.98,1533.8144975206064,1546.7785445850668,1540.2965210528366,16.683478947163394
TR-039165,2025-09-05,september,Flatbed,769.1,1639.49,1649.7684965779881,1677.8673762960764,1663.8179364370321,24.327936437032122
TR-039166,2025-09-05,september,Dry Van,2672.0,4829.59,4856.495301954825,4720.05109694593,4788.273199450377,41.31680054962271
TR-039167,2025-09-05,september,Reefer,1663.6,3605.8,3603.6762739184455,3631.2891292137892,3617.4827015661176,11.68270156611743
TR-039168,2025-09-05,september,Reefer,988.6,2372.36,2341.821887445067,2338.7168290298755,2340.2693582374714,32.090641762528776
TR-039169,2025-09-05,september,Flatbed,784.8,1848.35,1840.4282059652214,1850.9909810705892,1845.7095935179054,2.640406482094477
TR-039170,2025-09-05,september,Reefer,649.3,1545.64,1559.8974991664977,1552.0448236837935,1555.9711614251455,10.33116142514541
TR-039171,2025-09-05,september,Dry Van,1143.5,2236.81,2154.7897504467687,2215.214051270191,2185.0019008584795,51.808099141520415
TR-039172,2025-09-05,september,Reefer,2235.2,4856.02,4731.21136316794,4794.986153921844,4763.098758544892,92.92124145510843
TR-039173,2025-09-05,september,Reefer,1443.3,2963.57,3031.0329778242008,2993.609606204054,3012.3212920141277,48.75129201412756
TR-039174,2025-09-05,september,Dry Van,2093.3,3804.05,3911.2929127375905,3777.449514176139,3844.371213456865,40.321213456864825
TR-039175,2025-09-05,september,Dry Van,1213.2,2504.29,2517.6408463102475,2544.682432223696,2531.161639266972,26.871639266972124
TR-039176,2025-09-05,september,Dry Van,516.2,1161.24,1147.310547624394,1187.3834677520215,1167.3470076882077,6.107007688207659
TR-039177,2025-09-05,september,Dry Van,2754.5,5084.27,5090.082754167213,5002.102718968266,5046.09273656774,38.17726343226059
TR-039178,2025-09-05,september,Dry Van,742.3,1551.07,1567.8936889970678,1578.1763490713665,1573.0350190342172,21.96501903421722
TR-039179,2025-09-05,september,Flatbed,1947.6,3925.06,3867.676260370733,3849.0069712161267,3858.34161579343,66.71838420657014
TR-039180,2025-09-05,september,Flatbed,829.8,1940.07,1922.944757850226,1908.872787926572,1915.9087728883992,24.161227111600738
TR-039181,2025-09-05,september,Flatbed,1111.2,2458.96,2462.092707230992,2409.8459806206647,2435.969343925828,22.990656074171966
TR-039182,2025-09-05,september,Reefer,1667.3,3749.01,3804.9662852301335,3755.1856147307253,3780.0759499804294,31.065949980429195
TR-039183,2025-09-05,september,Dry Van,1810.9,3545.25,3500.050421747237,3454.7835505095773,3477.416986128407,67.83301387159281
TR-039184,2025-09-05,september,Flatbed,267.3,770.47,750.123189348719,770.6423903713012,760.3827898600101,10.087210139989907
TR-039185,2025-09-05,september,Flatbed,982.8,2194.96,2142.580363858695,2200.5284842725346,2171.5544240656145,23.405575934385524
TR-039186,2025-09-05,september,Reefer,1114.7,2501.52,2500.8730881031065,2486.7788650928314,2493.825976597969,7.69402340203078
TR-039187,2025-09-05,september,Dry Van,2486.7,4472.64,4519.500547998826,4451.107817343001,4485.304182670914,12.66418267091376
TR-039188,2025-09-05,september,Reefer,646.7,1597.1,1544.428788500992,1572.6089915895693,1558.5188900452806,38.581109954719295
TR-039189,2025-09-05,september,Reefer,480.1,1233.95,1219.3200070504583,1218.1484649066256,1218.734235978542,15.215764021457971
TR-039190,2025-09-05,september,Reefer,1092.7,2445.17,2452.4203691659245,2448.3234624877023,2450.371915826813,5.201915826813092
TR-039191,2025-09-05,september,Reefer,1446.4,3131.14,3129.6791416754327,3161.9684648324337,3145.823803253933,14.683803253933092
TR-039192,2025-09-05,september,Reefer,1279.0,2965.22,2864.711507713913,2903.865896470719,2884.288702092316,80.93129790768398
TR-039193,2025-09-05,september,Flatbed,735.2,1744.51,1751.421635232911,1744.1632548957855,1747.7924450643482,3.282445064348167
TR-039194,2025-09-05,september,Dry Van,568.7,1126.29,1146.9461049393196,1128.7171880636272,1137.8316465014734,11.541646501473451
TR-039195,2025-09-05,september,Dry Van,494.0,1086.72,1075.4535918868644,1082.1279039639626,1078.7907479254136,7.929252074586429
TR-039196,2025-09-05,september,Dry Van,814.3,1638.54,1632.0602271803514,1606.7390177679738,1619.3996224741627,19.140377525837266
TR-039197,2025-09-05,september,Dry Van,750.9,1528.0,1565.0576379409724,1557.9384363981717,1561.498037169572,33.498037169571944
TR-039198,2025-09-05,september,Dry Van,454.3,1023.08,1030.4504354869837,1033.7310459183755,1032.0907407026796,9.010740702679527
TR-039199,2025-09-05,september,Reefer,184.5,555.88,530.6228324568858,552.5246745320551,541.5737534944705,14.306246505529543
TR-039200,2025-09-05,september,Dry Van,1546.5,3039.5,3095.709909351628,3056.1391502100387,3075.9245297808334,36.42452978083338
TR-039201,2025-09-05,september,Dry Van,331.0,796.76,775.5464972154275,796.979832625304,786.2631649203657,10.496835079634252
TR-039202,2025-09-05,september,Flatbed,2675.6,5059.84,4910.531361574225,4995.351442473109,4952.941402023667,106.8985979763329
TR-039203,2025-09-05,september,Dry Van,2098.9,3827.69,3869.979391326305,3853.9337162555203,3861.956553790913,34.266553790912894
TR-039204,2025-09-05,september,Dry Van,809.0,1725.56,1692.274015024165,1704.9960293287545,1698.6350221764596,26.924977823540303
TR-039205,2025-09-05,september,Reefer,276.0,806.04,774.694676483362,790.4070700506909,782.5508732670264,23.489126732973546
TR-039206,2025-09-05,september,Reefer,521.7,1340.8,1329.0156198689106,1315.5086941077066,1322.2621569883086,18.537843011691393
TR-039207,2025-09-05,september,Reefer,2410.3,4949.75,4861.031537780642,4888.260414846449,4874.645976313545,75.10402368645464
TR-039208,2025-09-05,september,Dry Van,2369.8,4428.74,4385.795851616762,4391.305840113106,4388.550845864934,40.18915413506602
TR-039209,2025-09-05,september,Dry Van,1348.9,2715.57,2732.0002603274843,2690.4006081980365,2711.2004342627606,4.369565737239554
TR-039210,2025-09-05,september,Dry Van,969.3,2048.31,2090.8581812431466,2098.387335385301,2094.6227583142236,46.31275831422363
TR-039211,2025-09-05,september,Dry Van,1521.2,3028.91,3054.2108657545705,3052.260392759066,3053.2356292568184,24.3256292568185
TR-039212,2025-09-05,september,Dry Van,1024.4,2167.26,2096.0268051052376,2140.6287914628874,2118.3277982840627,48.93220171593748
TR-039213,2025-09-05,september,Dry Van,589.5,1241.89,1237.2382033864924,1249.4126766988243,1243.3254400426583,1.4354400426582288
TR-039214,2025-09-05,september,Dry Van,438.5,1036.02,1050.1527173998297,1033.744032381132,1041.9483748904809,5.928374890480882
TR-039215,2025-09-05,september,Dry Van,2020.1,3925.28,3909.1803516011864,3889.3780460044827,3899.279198802835,26.0008011971654
TR-039216,2025-09-05,september,Dry Van,2731.8,4953.28,5065.016848804366,4960.722872463957,5012.869860634162,59.589860634162505
TR-039217,2025-09-05,september,Dry Van,586.1,1273.52,1273.1900861668973,1252.9077875164717,1263.0489368416845,10.471063158315474
TR-039218,2025-09-05,september,Flatbed,464.6,1118.18,1114.5886021083893,1112.383632764061,1113.4861174362252,4.693882563774878
TR-039219,2025-09-05,september,Dry Van,338.9,823.81,829.0874850581216,809.238295775348,819.1628904167349,4.647109583265092
TR-039220,2025-09-05,september,Dry Van,708.9,1408.04,1439.5002115739378,1461.4351985582641,1450.467705066101,42.427705066101
TR-039221,2025-09-05,september,Dry Van,659.7,1432.23,1433.7613528318202,1463.5989950568517,1448.6801739443358,16.450173944335802
TR-039222,2025-09-05,september,Flatbed,461.6,1137.48,1112.377728237774,1101.9041921020444,1107.1409601699092,30.33903983009077
TR-039223,2025-09-05,september,Dry Van,1628.4,3174.53,3189.943052534399,3162.719870450516,3176.3314614924575,1.8014614924572925
TR-039224,2025-09-05,september,Reefer,1910.8,4107.89,4037.013786416315,3982.6938438322522,4009.8538151242838,98.03618487571657
TR-039225,2025-09-05,september,Flatbed,1746.3,3376.19,3488.396771784356,3378.9506216377204,3433.6736967110382,57.48369671103819
TR-039226,2025-09-05,september,Reefer,968.8,2297.51,2288.8116274909275,2310.5231160413337,2299.6673717661306,2.1573717661303817
TR-039227,2025-09-05,september,Flatbed,817.4,1884.83,1890.4195308898381,1866.553376228299,1878.4864535590687,6.343546440931277
TR-039228,2025-09-05,september,Reefer,76.6,258.05,264.3016351855627,253.5909546178566,258.9462949017096,0.8962949017096093
TR-039229,2025-09-05,september,Flatbed,2385.7,4859.34,4831.020753342391,4889.943490355838,4860.482121849114,1.142121849114119
TR-039230,2025-09-05,september,Reefer,259.6,683.15,676.9420600318955,671.514872435619,674.2284662337572,8.92153376624276
TR-039231,2025-09-05,september,Dry Van,2125.6,4073.23,3992.6836621914,4039.5961413170644,4016.139901754232,57.09009824576788
TR-039232,2025-09-05,september,Dry Van,742.6,1592.93,1586.4904433244046,1574.011574234395,1580.2510087793999,12.67899122060021
TR-039233,2025-09-05,september,Dry Van,145.5,405.5,415.67963809485826,410.3063222523408,412.99298017359956,7.4929801735995625
TR-039234,2025-09-05,september,Dry Van,473.9,1084.65,1091.493097304715,1110.3132581521552,1100.9031777284351,16.25317772843505
TR-039235,2025-09-05,september,Reefer,1429.5,3092.79,3108.7201876856166,3066.583808628376,3087.6519981569963,5.138001843003622
TR-039236,2025-09-05,september,Dry Van,811.4,1672.09,1659.4425696332305,1637.4940725463405,1648.4683210897856,23.621678910214314
TR-039237,2025-09-05,september,Dry Van,367.8,893.28,877.1119381060691,864.0917507209151,870.6018444134921,22.67815558650784
TR-039238,2025-09-05,september,Dry Van,556.2,1240.53,1188.5987426183892,1189.0729656406986,1188.8358541295438,51.69414587045617
TR-039239,2025-09-05,september,Flatbed,877.0,2059.35,2055.163710750837,2051.9361904532134,2053.549950602025,5.800049397974817
TR-039240,2025-09-05,september,Flatbed,2282.1,4666.64,4589.180907067028,4523.463745025803,4556.322326046416,110.31767395358474
TR-039241,2025-09-05,september,Dry Van,406.1,883.17,898.2530919669713,886.0888723261726,892.170982146572,9.000982146572028
TR-039242,2025-09-06,september,Flatbed,1608.9,3389.96,3305.842752469767,3344.8667084194967,3325.354730444632,64.60526955536807
TR-039243,2025-09-06,september,Dry Van,1373.7,2719.01,2727.845298698031,2678.429588697042,2703.1374436975366,15.872556302463636
TR-039244,2025-09-06,september,Dry Van,1453.8,2808.78,2797.897138088536,2909.0084189523886,2853.4527785204623,44.67277852046209
TR-039245,2025-09-06,september,Dry Van,415.5,929.65,945.2495766202567,955.643540675869,950.4465586480628,20.79655864806284
TR-039246,2025-09-06,september,Flatbed,392.7,1023.48,964.0559837940272,980.8965553438513,972.4762695689392,51.00373043106083
TR-039247,2025-09-06,september,Dry Van,780.9,1735.32,1710.560502929701,1673.549310539248,1692.0549067344746,43.265093265525365
TR-039248,2025-09-06,september,Dry Van,2434.7,4370.43,4371.401677602174,4461.224482154753,4416.313079878463,45.88307987846292
TR-039249,2025-09-06,september,Dry Van,782.2,1546.16,1549.286758560437,1550.5749920065891,1549.9308752835132,3.770875283513078
TR-039250,2025-09-06,september,Flatbed,930.9,2035.95,1947.7414552364191,1959.139803930095,1953.440629583257,82.50937041674297
TR-039251,2025-09-06,september,Dry Van,2444.7,4485.15,4441.2226554050985,4468.1470589535875,4454.684857179343,30.465142820656183
TR-039252,2025-09-06,september,Dry Van,743.7,1601.21,1601.129675935568,1608.1836229311452,1604.6566494333565,3.4466494333564697
TR-039253,2025-09-06,september,Flatbed,951.8,2066.06,2029.1207090282517,2061.8864832255053,2045.5035961268786,20.556403873121326
TR-039254,2025-09-06,september,Dry Van,1068.4,2197.3,2239.002296314989,2219.755776878384,2229.3790365966865,32.079036596686365
TR-039255,2025-09-06,september,Reefer,1943.4,4122.85,4101.216436683429,4096.473237298778,4098.844836991104,24.00516300889649
TR-039256,2025-09-06,september,Dry Van,310.8,730.65,719.8483284616839,705.2101147815067,712.5292216215953,18.12077837840468
TR-039257,2025-09-06,september,Reefer,3231.4,6768.62,6494.186085193896,6534.701583557704,6514.4438343758,254.1761656241997
TR-039258,2025-09-06,september,Reefer,465.4,1179.45,1184.5278612273414,1187.7642725133396,1186.1460668703405,6.6960668703404735
TR-039259,2025-09-06,september,Dry Van,836.5,1844.5,1821.3631343961774,1835.6931478996935,1828.5281411479355,15.971858852064543
TR-039260,2025-09-06,september,Reefer,1418.5,3040.63,3060.4790636591983,3033.7501109308196,3047.114587295009,6.484587295009078
TR-039261,2025-09-06,september,Flatbed,688.3,1386.89,1402.8312219764416,1395.7286361023885,1399.279929039415,12.389929039414938
TR-039262,2025-09-06,september,Reefer,1414.6,3061.97,3031.645969864372,2980.40779997735,3006.026884920861,55.943115079138806
TR-039263,2025-09-06,september,Reefer,2182.1,4734.52,4595.0903547991065,4646.057859389697,4620.574107094402,113.94589290559816
TR-039264,2025-09-06,september,Flatbed,1922.2,3864.33,3778.7734112414673,3808.1574812404174,3793.4654462409426,70.86455375905734
TR-039265,2025-09-06,september,Dry Van,3220.7,5608.43,5702.86756425373,5611.258184469245,5657.062874361487,48.632874361486756
TR-039266,2025-09-06,september,Reefer,1787.0,3828.43,3918.600025939486,3933.980626062026,3926.290326000756,97.86032600075623
TR-039267,2025-09-06,september,Reefer,1595.4,3648.31,3573.9228223943564,3597.146459760427,3585.534641077392,62.77535892260812
TR-039268,2025-09-06,september,Flatbed,867.6,1949.08,2004.2011639671132,1991.7312252839179,1997.9661946255155,48.8861946255156
TR-039269,2025-09-06,september,Dry Van,387.0,847.69,857.6125771761732,866.7809451383168,862.196761157245,14.50676115724491
TR-039270,2025-09-06,september,Reefer,718.9,1749.83,1808.7565279719818,1769.4181176936772,1789.0873228328296,39.257322832829686
TR-039271,2025-09-06,september,Dry Van,1507.6,3076.42,3013.3237938410875,2977.633929802455,2995.4788618217713,80.94113817822881
TR-039272,2025-09-06,september,Dry Van,1242.1,2587.34,2548.6189476847453,2541.1690498570583,2544.893998770902,42.44600122909833
TR-039273,2025-09-06,september,Dry Van,1019.0,2080.38,2082.3297671882556,2072.115695127581,2077.222731157918,3.157268842081976
TR-039274,2025-09-06,september,Flatbed,2320.0,4656.27,4649.604595427489,4759.863904278147,4704.734249852818,48.464249852817375
TR-039275,2025-09-06,september,Dry Van,425.3,969.15,955.6798790718984,968.7809776765866,962.2304283742426,6.919571625757385
TR-039276,2025-09-06,september,Dry Van,273.5,651.83,649.843829410088,657.5673558459953,653.7055926280416,1.8755926280415451
TR-039277,2025-09-06,september,Reefer,201.5,594.15,569.862609595268,583.5780112221003,576.7203104086841,17.429689591315878
TR-039278,2025-09-06,september,Reefer,1232.8,2794.78,2742.577920703237,2780.1427050290076,2761.3603128661225,33.41968713387769
TR-039279,2025-09-06,september,Reefer,374.1,1051.15,994.9095334847342,1008.413058374804,1001.661295929769,49.48870407023105
TR-039280,2025-09-06,september,Dry Van,1030.6,2149.2,2155.789610481264,2153.9526766148474,2154.8711435480554,5.671143548055625
TR-039281,2025-09-06,september,Dry Van,991.2,2044.32,2029.9886113353784,2057.49909883903,2043.7438550872043,0.5761449127955984
TR-039282,2025-09-06,september,Dry Van,1434.7,2618.27,2611.027261085169,2631.2126060141354,2621.119933549652,2.849933549652178
TR-039283,2025-09-06,september,Dry Van,1440.9,2764.5,2744.99707531612,2795.1865919311012,2770.091833623611,5.59183362361091
TR-039284,2025-09-06,september,Dry Van,375.8,851.04,850.7259919867234,869.3721922347645,860.0490921107439,9.00909211074395
TR-039285,2025-09-06,september,Dry Van,1211.0,2490.81,2509.0767153213596,2460.7527556045943,2484.9147354629768,5.895264537023195
TR-039286,2025-09-06,september,Dry Van,246.1,570.47,567.6795854928295,550.2999861140354,558.9897858034324,11.480214196567658
TR-039287,2025-09-06,september,Dry Van,1108.8,2306.35,2361.199457559909,2268.148946870816,2314.6742022153626,8.324202215362675
TR-039288,2025-09-06,september,Reefer,2810.6,5439.24,5600.893117728091,5466.208094020691,5533.55060587439,94.3106058743906
TR-039289,2025-09-06,september,Dry Van,924.1,1855.19,1853.7992679977874,1865.9177054905383,1859.8584867441627,4.668486744162692
TR-039290,2025-09-06,september,Flatbed,2026.5,4090.46,3999.844313847216,3976.641223872519,3988.2427688598673,102.21723114013275
TR-039291,2025-09-06,september,Reefer,419.6,1072.6,1089.6380806185034,1107.2660659601993,1098.4520732893513,25.852073289351438
TR-039292,2025-09-06,september,Dry Van,1083.3,6295.71,2343.245036564399,2186.7636833444094,2265.004359954404,4030.705640045596
TR-039293,2025-09-06,september,Dry Van,1199.2,2469.45,2489.6034730564197,2423.4526784491804,2456.5280757528,12.921924247199968
TR-039294,2025-09-06,september,Dry Van,436.8,997.29,1005.1839126260672,1003.3039814679233,1004.2439470469953,6.953947046995381
TR-039295,2025-09-06,september,Reefer,647.8,1656.07,1631.3054645261861,1598.5049160227125,1614.9051902744493,41.16480972555064
TR-039296,2025-09-06,september,Reefer,1276.5,2849.08,2851.9980442151204,2884.849562050938,2868.423803133029,19.34380313302927
TR-039297,2025-09-06,september,Reefer,514.5,1245.26,1262.7014516372592,1263.929321919314,1263.3153867782867,18.055386778286675
TR-039298,2025-09-06,september,Reefer,242.6,663.83,661.8845589891387,682.921341829936,672.4029504095373,8.57295040953727
TR-039299,2025-09-06,september,Dry Van,1256.7,2596.02,2580.2725880989638,2542.0717938538246,2561.172190976394,34.847809023605805
TR-039300,2025-09-06,september,Dry Van,1270.2,2518.86,2458.1961348610726,2523.0244662967293,2490.610300578901,28.249699421099194
TR-039301,2025-09-06,september,Reefer,418.3,1096.44,1090.4442581286376,1070.2876149072588,1080.3659365179483,16.07406348205177
TR-039302,2025-09-06,september,Dry Van,830.5,1698.47,1696.726383588354,1724.6442548784069,1710.6853192333806,12.21531923338057
TR-039303,2025-09-06,september,Reefer,1523.2,3405.77,3379.5611893586524,3376.7562206018347,3378.158704980244,27.6112950197562
TR-039304,2025-09-06,september,Dry Van,334.7,763.32,751.8509319840958,768.6115740020703,760.231252993083,3.0887470069170604
TR-039305,2025-09-06,september,Reefer,615.2,1418.95,1421.752782337318,1391.941946164487,1406.8473642509025,12.102635749097544
TR-039306,2025-09-06,september,Flatbed,1451.4,3069.94,3034.937176386197,3102.5253275495634,3068.73125196788,1.2087480321201838
TR-039307,2025-09-06,september,Dry Van,606.0,519.57,1300.5252926347391,1288.1642488301782,1294.3447707324585,774.7747707324585
TR-039308,2025-09-06,september,Reefer,2894.6,5686.61,5676.041497729785,5588.687760642719,5632.3646291862515,54.245370813748195
TR-039309,2025-09-06,september,Dry Van,1666.7,3282.87,3207.3066065305925,3245.350373748054,3226.3284901393235,56.54150986067634
TR-039310,2025-09-06,september,Dry Van,901.7,1849.22,1836.1693831663251,1843.5498421427915,1839.8596126545583,9.360387345441723
TR-039311,2025-09-06,september,Reefer,962.1,2167.65,2122.426188619807,2130.1351805666263,2126.2806845932164,41.3693154067837
TR-039312,2025-09-06,september,Dry Van,1186.9,2175.71,2186.882109207311,2253.223111934015,2220.052610570663,44.342610570663055
TR-039313,2025-09-06,september,Dry Van,1403.7,2605.28,2570.08631085433,2640.171556804496,2605.1289338294127,0.15106617058745542
TR-039314,2025-09-06,september,Dry Van,498.9,1126.8,1114.3870918427065,1150.4260211665946,1132.4065565046506,5.606556504650598
TR-039315,2025-09-06,september,Dry Van,1190.4,2325.47,2332.1548890950194,2387.8622339781023,2360.0085615365606,34.53856153656079
TR-039316,2025-09-06,september,Dry Van,1429.9,2859.86,2900.659810998985,2814.4089146982424,2857.5343628486135,2.3256371513866725
TR-039317,2025-09-06,september,Dry Van,441.0,940.39,934.5589655008199,918.9771954438643,926.768080472342,13.621919527657951
TR-039318,2025-09-06,september,Reefer,2410.7,4794.14,4941.579255090586,5024.403726012181,4982.991490551383,188.851490551383
TR-039319,2025-09-06,september,Dry Van,552.3,1120.78,1117.1043711775692,1103.0849115383571,1110.0946413579632,10.685358642036817
TR-039320,2025-09-06,september,Reefer,212.4,645.29,624.2942075894312,650.7534243284997,637.5238159589654,7.766184041034535
TR-039321,2025-09-06,september,Reefer,106.9,327.62,333.6770006849002,349.27598825709606,341.4764944709981,13.856494470998086
TR-039322,2025-09-06,september,Reefer,547.8,1318.46,1326.758984595153,1293.5731985417176,1310.1660915684351,8.293908431564887
TR-039323,2025-09-06,september,Reefer,350.9,925.32,925.3348014994494,949.4427453142152,937.3887734068323,12.068773406832292
TR-039324,2025-09-06,september,Reefer,131.9,382.63,384.8265119946038,368.34097013661335,376.5837410656086,6.046258934391403
TR-039325,2025-09-06,september,Flatbed,1218.2,2652.69,2666.141708914378,2712.800110039939,2689.470909477159,36.78090947715873
TR-039326,2025-09-06,september,Dry Van,541.9,1159.79,1125.2290730676484,1146.7391503544964,1135.9841117110723,23.80588828892769
TR-039327,2025-09-06,september,Dry Van,209.9,591.03,580.8812898782103,570.3934598887508,575.6373748834806,15.392625116519412
TR-039328,2025-09-06,september,Dry Van,484.0,1084.2,1042.2436025546392,1055.7784897170172,1049.011046135828,35.188953864171935
TR-039329,2025-09-06,september,Dry Van,940.7,1814.58,1789.6924910060297,1787.4797451285215,1788.5861180672755,25.993881932724435
TR-039330,2025-09-06,september,Reefer,710.3,1651.04,1604.1825470151052,1582.1838563156728,1593.1832016653889,57.856798334611085
TR-039331,2025-09-06,september,Dry Van,307.2,694.25,686.0129892219343,704.5360236250253,695.2745064234798,1.0245064234798065
TR-039332,2025-09-06,september,Dry Van,411.7,973.92,965.4457223544662,943.4692925976021,954.4575074760342,19.462492523965807
TR-039333,2025-09-06,september,Dry Van,2431.4,4522.88,4462.909243092456,4523.0175230947625,4492.963383093609,29.916616906391027
TR-039334,2025-09-06,september,Dry Van,771.4,1533.94,1504.7124516203332,1502.9977335798358,1503.8550926000844,30.084907399915664
TR-039335,2025-09-06,september,Flatbed,1958.4,3744.98,3818.392823877595,3747.608450919848,3783.0006373987217,38.02063739872165
TR-039336,2025-09-06,september,Reefer,1905.7,3921.95,3991.6220918054996,3852.453043649306,3922.037567727403,0.08756772740298402
TR-039337,2025-09-06,september,Dry Van,937.9,1883.57,1882.1849171318509,1874.369457996662,1878.2771875642566,5.292812435743372
TR-039338,2025-09-06,september,Flatbed,798.8,1797.06,1748.6938686894364,1731.338548615558,1740.0162086524972,57.04379134750275
TR-039339,2025-09-06,september,Reefer,288.4,766.34,759.2419824958002,765.5074187408954,762.3747006183478,3.965299381652244
TR-039340,2025-09-06,september,Reefer,2744.3,5553.3,5593.076114087217,5579.307975106487,5586.192044596852,32.89204459685152
TR-039341,2025-09-06,september,Dry Van,2066.3,3607.34,3715.799194467824,3696.667578870748,3706.233386669286,98.89338666928597
TR-039342,2025-09-06,september,Dry Van,533.6,1099.18,1092.728445902738,1100.5843294754286,1096.6563876890832,2.5236123109168602
TR-039343,2025-09-06,september,Reefer,2491.7,5329.38,5096.0219128845165,5125.872929304069,5110.947421094293,218.4325789057075
TR-039344,2025-09-06,september,Dry Van,206.3,542.84,535.57553883497,547.6664263931791,541.6209826140746,1.21901738592544
TR-039345,2025-09-06,september,Dry Van,692.5,1431.19,1421.5857168128605,1402.171711540013,1411.8787141764367,19.311285823563367
TR-039346,2025-09-06,september,Dry Van,1959.5,3645.68,3571.2164902399372,3567.442327841778,3569.3294090408576,76.35059095914221
TR-039347,2025-09-06,september,Flatbed,600.2,1386.26,1364.4777479260101,1345.8086674990182,1355.1432077125141,31.11679228748585
TR-039348,2025-09-06,september,Dry Van,1178.3,2183.38,2154.6893196138894,2190.2725911870384,2172.480955400464,10.899044599535955
TR-039349,2025-09-06,september,Flatbed,272.3,669.86,654.4070966828493,663.2369987057668,658.8220476943081,11.037952305691874
TR-039350,2025-09-06,september,Dry Van,522.2,1096.55,1100.543463163477,1099.9219574660206,1100.2327103147488,3.6827103147488742
TR-039351,2025-09-06,september,Flatbed,2079.3,4066.97,4027.1140467818677,4046.342695752197,4036.7283712670323,30.241628732967456
TR-039352,2025-09-06,september,Reefer,346.3,901.47,898.3559320180001,895.2283203864231,896.7921262022116,4.677873797788379
TR-039353,2025-09-06,september,Flatbed,1449.3,2912.56,2967.855998817173,3007.6341416935484,2987.7450702553606,75.18507025536064
TR-039354,2025-09-06,september,Reefer,1125.9,2402.59,2375.4845415325594,2368.2006576530184,2371.842599592789,30.74740040721099
TR-039355,2025-09-06,september,Reefer,70.6,219.83,211.8986726626974,225.25293117580736,218.5758019192524,1.2541980807476136
TR-039356,2025-09-06,september,Flatbed,2491.8,5018.5,4952.925158514399,5013.477921580157,4983.201540047278,35.298459952721714
TR-039357,2025-09-06,september,Dry Van,642.6,1366.89,1360.856770172614,1396.2155003044063,1378.5361352385103,11.646135238510169
TR-039358,2025-09-06,september,Dry Van,972.0,1822.67,1828.2425071330492,1860.6216498314748,1844.432078482262,21.76207848226204
TR-039359,2025-09-06,september,Dry Van,460.7,394.42,982.3317284542748,952.5259238884821,967.4288261713784,573.0088261713784
TR-039360,2025-09-06,september,Dry Van,1420.1,2779.53,2782.4660177590436,2784.64932005028,2783.557668904662,4.027668904661823
TR-039361,2025-09-06,september,Reefer,323.4,820.3,816.3409167389028,808.6978391626224,812.5193779507626,7.780622049237309
TR-039362,2025-09-06,september,Dry Van,693.7,1441.33,1425.1240055535477,1398.119325330138,1411.6216654418429,29.70833455815705
TR-039363,2025-09-06,september,Dry Van,1477.7,11684.7,2878.1371694291906,2884.615628348823,2881.376398889007,8803.323601110995
TR-039364,2025-09-06,september,Dry Van,1536.2,3140.85,3118.803076284213,3063.156394617572,3090.979735450893,49.870264549107105
TR-039365,2025-09-06,september,Flatbed,535.2,1295.72,1281.067312703523,1264.9640559627128,1273.0156843331179,22.704315666882167
TR-039366,2025-09-06,september,Dry Van,940.4,1827.9,1787.0074000634845,1804.7649465038603,1795.8861732836724,32.013826716327685
TR-039367,2025-09-06,september,Reefer,2948.2,5673.91,5770.791693464128,5731.724798159117,5751.258245811623,77.3482458116232
TR-039368,2025-09-06,september,Dry Van,1103.7,9250.6,2085.4072600318786,2074.5949685959704,2080.0011143139245,7170.598885686076
TR-039369,2025-09-06,september,Flatbed,315.2,819.34,830.8540039116172,829.8902500935567,830.3721270025869,11.03212700258689
TR-039370,2025-09-06,september,Dry Van,858.8,1700.82,1703.4843233296615,1710.073081735321,1706.7787025324913,5.958702532491316
TR-039371,2025-09-06,september,Dry Van,1044.1,2067.45,2117.9500665371243,2115.1460078921186,2116.548037214621,49.0980372146214
TR-039372,2025-09-06,september,Dry Van,1165.3,2351.81,2406.5208899620548,2384.747338548045,2395.63411425505,43.82411425505006
TR-039373,2025-09-06,september,Reefer,163.0,422.75,402.21273697415523,428.938115370747,415.5754261724511,7.1745738275488975
TR-039374,2025-09-06,september,Dry Van,664.5,1417.7,1438.1164557899124,1415.7767544997332,1426.9466051448228,9.246605144822752
TR-039375,2025-09-06,september,Reefer,1403.9,2924.5,2995.7012027779415,2971.6337212795147,2983.667462028728,59.167462028728096
TR-039376,2025-09-06,september,Flatbed,549.4,1320.2,1286.063141393412,1277.1301811437222,1281.596661268567,38.60333873143304
TR-039377,2025-09-06,september,Dry Van,425.7,979.97,987.7356853338634,973.368957813394,980.5523215736287,0.5823215736286329
TR-039378,2025-09-06,september,Reefer,194.1,518.55,520.1745581111721,521.4819263391389,520.8282422251555,2.278242225155509
TR-039379,2025-09-06,september,Dry Van,1117.5,2348.29,2211.6600181655613,2226.57725344216,2219.1186358038603,129.17136419613962
TR-039380,2025-09-06,september,Dry Van,1077.1,2307.08,2292.3315663594626,2245.0933011442503,2268.712433751856,38.3675662481437
TR-039381,2025-09-06,september,Dry Van,887.5,1720.0,1715.0110599739585,1743.2164118207322,1729.1137358973454,9.11373589734535
TR-039382,2025-09-06,september,Dry Van,1374.1,2573.08,2568.347132309442,2570.8885219071994,2569.617827108321,3.4621728916790744
TR-039383,2025-09-06,september,Dry Van,180.9,474.06,487.4858718919711,480.4598169550577,483.9728444235144,9.9128444235144
TR-039384,2025-09-06,september,Dry Van,575.6,1251.61,1247.6696081919683,1261.800074430809,1254.7348413113887,3.1248413113887636
TR-039385,2025-09-06,september,Dry Van,377.2,798.99,781.0758586898374,805.4159253873411,793.2458920385893,5.744107961410691
TR-039386,2025-09-06,september,Dry Van,670.0,1537.76,1466.9869929360586,1462.6265001475012,1464.8067465417798,72.95325345822016
TR-039387,2025-09-06,september,Reefer,696.8,1718.98,1728.771937419795,1685.6249842517686,1707.1984608357818,11.781539164218202
TR-039388,2025-09-06,september,Reefer,442.3,1168.83,1188.1018719483732,1170.840883620718,1179.4713777845454,10.641377784545512
TR-039389,2025-09-06,september,Dry Van,612.4,1276.72,1302.701801417454,1298.3639421592711,1300.5328717883626,23.8128717883626
TR-039390,2025-09-06,september,Dry Van,954.9,1934.18,1935.6539478532993,1946.3705443676163,1941.012246110458,6.832246110457845
TR-039391,2025-09-06,september,Reefer,2891.2,5635.6,5675.9050658405,5568.843800344792,5622.374433092646,13.225566907354732
TR-039392,2025-09-06,september,Dry Van,1704.4,3236.78,3318.247963248691,3233.9434372519218,3276.0957002503064,39.315700250306236
TR-039393,2025-09-06,september,Dry Van,1843.4,3619.2,3575.638278598245,3613.8763099370335,3594.7572942676393,24.442705732360537
TR-039394,2025-09-06,september,Dry Van,2146.7,3929.2,3915.7395384172382,3956.228855479668,3935.9841969484532,6.7841969484534275
TR-039395,2025-09-06,september,Dry Van,834.8,1680.95,1739.4343846531967,1702.7882358223337,1721.1113102377653,40.16131023776529
TR-039396,2025-09-06,september,Reefer,1413.1,3259.67,3185.749508036912,3168.534788846286,3177.142148441599,82.52785155840093
TR-039397,2025-09-06,september,Dry Van,605.6,1274.14,1257.5891902618598,1259.8829550291798,1258.73607264552,15.403927354480174
TR-039398,2025-09-06,september,Flatbed,862.6,2091.65,2059.931677273507,2010.2210476462285,2035.0763624598676,56.573637540132495
TR-039399,2025-09-06,september,Reefer,2114.0,4500.84,4493.50524990489,4582.131084004609,4537.818166954749,36.97816695474921
TR-039400,2025-09-06,september,Flatbed,1075.7,2187.86,2234.3382275181257,2177.9488022358355,2206.1435148769806,18.283514876980462
TR-039401,2025-09-06,september,Reefer,916.0,2024.09,2042.4500602300136,2015.7853791262785,2029.117719678146,5.027719678146013
TR-039402,2025-09-06,september,Flatbed,1102.7,2494.08,2453.025310577663,2455.0196075320055,2454.022459054834,40.05754094516578
TR-039403,2025-09-06,september,Dry Van,339.5,823.14,791.5958186247736,804.0463421033414,797.8210803640575,25.318919635942507
TR-039404,2025-09-06,september,Dry Van,682.6,1519.16,1500.2303014092859,1506.9273752226995,1503.5788383159927,15.581161684007384
TR-039405,2025-09-06,september,Dry Van,526.5,1095.6,1101.2266291853298,1119.947871687758,1110.5872504365439,14.987250436543945
TR-039406,2025-09-06,september,Flatbed,1397.1,2834.89,2798.9929952422667,2826.1896765284646,2812.591335885366,22.298664114633993
TR-039407,2025-09-06,september,Dry Van,250.1,611.65,618.6166159000635,590.3302169658652,604.4734164329643,7.176583567035664
TR-039408,2025-09-06,september,Dry Van,423.3,904.38,911.8191181033498,896.3090120985773,904.0640651009635,0.31593489903650607
TR-039409,2025-09-06,september,Flatbed,888.5,1940.13,1957.637485529866,1955.3585843171254,1956.4980349234957,16.368034923495543
TR-039410,2025-09-06,september,Reefer,557.9,1397.51,1337.9341665193083,1348.8868623400904,1343.4105144296993,54.09948557030066
TR-039411,2025-09-06,september,Reefer,845.3,1946.57,1956.8039950452753,1906.0307227354565,1931.417358890366,15.152641109634033
TR-039412,2025-09-07,september,Reefer,610.3,1472.84,1540.638607109525,1501.3113059127315,1520.9749565111283,48.134956511128394
TR-039413,2025-09-07,september,Flatbed,1065.9,2260.94,2231.3732294430897,2138.1143561607123,2184.743792801901,76.19620719809927
TR-039414,2025-09-07,september,Flatbed,2275.5,4649.91,4582.003588206588,4595.412159834155,4588.7078740203715,61.20212597962836
TR-039415,2025-09-07,september,Dry Van,1724.5,3356.25,3338.0733152613307,3329.0897400414087,3333.5815276513695,22.66847234863053
TR-039416,2025-09-07,september,Flatbed,2037.5,3912.24,3869.3893300819677,3771.0455011961412,3820.2174156390547,92.02258436094507
TR-039417,2025-09-07,september,Dry Van,1689.8,3145.67,3137.2892377136836,3181.1890025554558,3159.23912013457,13.569120134569857
TR-039418,2025-09-07,september,Dry Van,857.4,1711.18,1727.474534605948,1728.4011772653523,1727.93785593565,16.757855935650014
TR-039419,2025-09-07,september,Dry Van,567.3,1275.03,1257.8598702876063,1239.7438375528704,1248.8018539202385,26.228146079761473
TR-039420,2025-09-07,september,Dry Van,137.7,346.53,361.92709953748766,327.1884315126015,344.5577655250446,1.9722344749553713
TR-039421,2025-09-07,september,Dry Van,805.9,1610.93,1563.6879265558548,1577.121422738683,1570.4046746472688,40.525325352731215
TR-039422,2025-09-07,september,Dry Van,1016.3,2137.02,2188.2708946312205,2084.227251601267,2136.249073116244,0.7709268837561467
TR-039423,2025-09-07,september,Dry Van,954.4,1913.01,1904.5719192495076,1900.778491932919,1902.6752055912134,10.334794408786593
TR-039424,2025-09-07,september,Dry Van,756.1,1530.06,1506.2188626517614,1536.9554878413246,1521.587175246543,8.472824753456962
TR-039425,2025-09-07,september,Dry Van,98.1,259.85,261.54069989274376,238.17406241064327,249.85738115169352,9.992618848306506
TR-039426,2025-09-07,september,Reefer,533.7,1239.05,1250.9572680552246,1221.524741247481,1236.2410046513528,2.8089953486471586
TR-039427,2025-09-07,september,Reefer,3320.9,6507.07,6338.080180236028,6253.808881972587,6295.944531104307,211.1254688956924
TR-039428,2025-09-07,september,Dry Van,2269.0,4073.5,4102.831928211149,3872.784437972993,3987.808183092071,85.69181690792902
TR-039429,2025-09-07,september,Reefer,1572.8,3438.62,3422.9819844760264,3426.0557502161255,3424.518867346076,14.101132653923742
TR-039430,2025-09-07,september,Flatbed,339.0,826.33,833.7273205491795,823.9561171908631,828.8417188700213,2.511718870021241
TR-039431,2025-09-07,september,Reefer,1420.6,3170.07,3094.7363141563815,3109.4930919646995,3102.1147030605407,67.95529693945946
TR-039432,2025-09-07,september,Dry Van,1050.4,2023.51,2073.583489185836,1986.9600925140335,2030.2717908499346,6.761790849934641
TR-039433,2025-09-07,september,Reefer,954.4,2196.22,2163.8004911315356,2156.892284718626,2160.3463879250808,35.87361207491904
TR-039434,2025-09-07,september,Dry Van,3026.4,5451.7,5488.051502116359,5391.144736948025,5439.598119532192,12.10188046780786
TR-039435,2025-09-07,september,Dry Van,448.9,1009.88,1035.4715521646112,1030.8925942922097,1033.1820732284104,23.30207322841045
TR-039436,2025-09-07,september,Dry Van,244.7,575.32,572.3930484603169,565.8577068208556,569.1253776405863,6.194622359413756
TR-039437,2025-09-07,september,Dry Van,2177.2,3864.89,4001.322053910907,3957.1432946805394,3979.232674295723,114.3426742957231
TR-039438,2025-09-07,september,Flatbed,1141.2,2386.99,2352.8781215035688,2417.184313268182,2385.0312173858756,1.9587826141241749
TR-039439,2025-09-07,september,Dry Van,1292.0,7773.89,2680.8378718520858,2639.0856621800735,2659.9617670160796,5113.928232983921
TR-039440,2025-09-07,september,Reefer,1188.6,2518.56,2551.0202653681677,2634.940660348083,2592.980462858125,74.42046285812512
TR-039441,2025-09-07,september,Dry Van,769.9,1471.93,1484.7228241498294,1497.7453065850093,1491.2340653674194,19.304065367419298
TR-039442,2025-09-07,september,Dry Van,452.2,1040.31,1064.547766146427,1024.8339203229607,1044.6908432346938,4.380843234693884
TR-039443,2025-09-07,september,Reefer,2150.6,4546.95,4562.913847797422,4616.143498068304,4589.528672932864,42.57867293286381
TR-039444,2025-09-07,september,Dry Van,932.9,1865.15,1929.758813672814,1914.4703388909727,1922.1145762818933,56.96457628189319
TR-039445,2025-09-07,september,Dry Van,3201.1,5853.34,5879.221539744927,5704.287976729,5791.754758236963,61.58524176303672
TR-039446,2025-09-07,september,Reefer,1253.2,2738.53,2786.1071394694286,2806.5806509094773,2796.343895189453,57.81389518945298
TR-039447,2025-09-07,september,Dry Van,1239.9,2411.71,2461.6926712031755,2446.4357970700207,2454.0642341365983,42.35423413659828
TR-039448,2025-09-07,september,Dry Van,635.3,1384.37,1338.912907202812,1360.6290172973522,1349.770962250082,34.5990377499179
TR-039449,2025-09-07,september,Reefer,791.5,1714.74,1706.3617038888842,1721.5592408768493,1713.9604723828668,0.7795276171332262
TR-039450,2025-09-07,september,Dry Van,547.2,1172.76,1191.0139985555872,1194.9936634988298,1193.0038310272084,20.243831027208444
TR-039451,2025-09-07,september,Flatbed,331.1,829.69,798.6623575745433,816.0492917113927,807.355824642968,22.33417535703211
TR-039452,2025-09-07,september,Flatbed,1045.0,2345.65,2340.4381835662352,2276.281933307952,2308.3600584370934,37.28994156290673
TR-039453,2025-09-07,september,Reefer,2325.3,4680.61,4660.974196109759,4597.52233163206,4629.24826387091,51.36173612908988
TR-039454,2025-09-07,september,Dry Van,604.3,1312.28,1290.0189821542417,1282.5228295766153,1286.2709058654286,26.009094134571342
TR-039455,2025-09-07,september,Reefer,1707.6,3535.13,3644.4335186105836,3584.4259963991135,3614.4297575048486,79.29975750484846
TR-039456,2025-09-07,september,Reefer,938.1,2159.99,2162.9112386591187,2126.8915627107895,2144.901400684954,15.08859931504594
TR-039457,2025-09-07,september,Dry Van,444.4,1007.21,1030.331952823625,992.9721656922427,1011.6520592579338,4.442059257933806
TR-039458,2025-09-07,september,Reefer,2933.7,5895.32,5861.607505794774,5949.322241366576,5905.464873580675,10.144873580675267
TR-039459,2025-09-07,september,Dry Van,653.9,1375.54,1310.907799855922,1357.3202496740046,1334.1140247649632,41.42597523503673
TR-039460,2025-09-07,september,Dry Van,2217.9,10528.39,4098.048110124789,4081.2339445305997,4089.6410273276942,6438.748972672305
TR-039461,2025-09-07,september,Dry Van,731.7,1606.52,1588.097656105479,1608.5992397125028,1598.348447908991,8.171552091009062
TR-039462,2025-09-07,september,Dry Van,1091.1,2156.76,2222.2673345361573,2219.834918233682,2221.0511263849194,64.29112638491915
TR-039463,2025-09-07,september,Flatbed,755.4,1607.8,1586.1842858315886,1554.413259767581,1570.2987727995846,37.501227200415315
TR-039464,2025-09-07,september,Dry Van,399.3,879.23,893.0622628081322,892.9868214957005,893.0245421519164,13.794542151916403
TR-039465,2025-09-07,september,Flatbed,1903.0,3696.98,3860.1965846038233,3736.5084490792324,3798.352516841528,101.37251684152807
TR-039466,2025-09-07,september,Dry Van,604.0,1221.65,1213.3899492362668,1170.2022009379352,1191.7960750871011,29.853924912898947
TR-039467,2025-09-07,september,Dry Van,840.3,1670.68,1672.7378503654193,1702.5163700409955,1687.6271102032074,16.94711020320733
TR-039468,2025-09-07,september,Reefer,1020.3,2493.04,2428.1955064944514,2431.356461235246,2429.775983864849,63.264016135150996
TR-039469,2025-09-07,september,Dry Van,433.2,1001.46,997.9647739454455,971.7477503227415,984.8562621340934,16.603737865906623
TR-039470,2025-09-07,september,Flatbed,1362.6,2768.33,2802.5667140845585,2807.1856764369913,2804.8761952607747,36.546195260774766
TR-039471,2025-09-07,september,Dry Van,2062.1,3948.28,4002.362271761412,3969.4669386248374,3985.9146051931248,37.63460519312457
TR-039472,2025-09-07,september,Dry Van,364.8,799.58,831.3526993908222,798.3042735411227,814.8284864659724,15.248486465972405
TR-039473,2025-09-07,september,Flatbed,2039.8,4030.59,4106.235227119074,4040.8362759552774,4073.5357515371757,42.94575153717551
TR-039474,2025-09-07,september,Dry Van,547.9,1098.18,1133.7252896562356,1096.2426101564874,1114.9839499063614,16.803949906361368
TR-039475,2025-09-07,september,Reefer,437.9,1158.69,1173.4156933021102,1174.6099981576442,1174.0128457298772,15.322845729877145
TR-039476,2025-09-07,september,Dry Van,1785.4,3359.77,3407.25152338835,3396.3401876442645,3401.7958555163073,42.025855516307274
TR-039477,2025-09-07,september,Flatbed,776.7,1643.12,1597.0820329165342,1616.1947806352118,1606.6384067758731,36.481593224126755
TR-039478,2025-09-07,september,Reefer,1661.2,3729.06,3655.7259186524425,3617.849580984239,3636.7877498183407,92.27225018165927
TR-039479,2025-09-07,september,Dry Van,1970.7,3395.52,3467.740326600639,3440.7243745129063,3454.232350556773,58.71235055677289
TR-039480,2025-09-07,september,Reefer,829.7,8354.94,1817.9432902827741,1837.3019014419951,1827.6225958623845,6527.317404137616
TR-039481,2025-09-07,september,Reefer,414.2,1166.12,1114.538421251864,1146.1507888944207,1130.3446050731422,35.77539492685764
TR-039482,2025-09-07,september,Dry Van,1657.2,3297.59,3265.9421294842473,3262.096155395357,3264.019142439802,33.570857560197965
TR-039483,2025-09-07,september,Flatbed,524.8,1215.34,1232.6513986427337,1216.9465248717906,1224.798961757262,9.45896175726216
TR-039484,2025-09-07,september,Dry Van,2501.0,4191.0,4356.270591374997,4249.65418425477,4302.962387814883,111.96238781488319
TR-039485,2025-09-07,september,Dry Van,609.7,1413.69,1354.1441078211396,1355.819041665441,1354.9815747432904,58.70842525670969
TR-039486,2025-09-07,september,Dry Van,993.6,2152.77,2107.030134611938,2092.710193741814,2099.8701641768757,52.89983582312425
TR-039487,2025-09-07,september,Reefer,105.5,343.33,337.733191541088,332.9822337762819,335.35771265868493,7.972287341315052
TR-039488,2025-09-07,september,Reefer,320.9,820.83,784.1370113561245,813.9507122120608,799.0438617840927,21.786138215907386
TR-039489,2025-09-07,september,Reefer,1246.6,2721.38,2703.022350993014,2682.3138721260525,2692.668111559533,28.71188844046719
TR-039490,2025-09-07,september,Dry Van,394.3,858.77,855.626828205452,848.2457804204812,851.9363043129665,6.833695687033469
TR-039491,2025-09-07,september,Flatbed,3193.0,6095.83,6068.7133802386315,6139.766725130318,6104.240052684475,8.410052684474977
TR-039492,2025-09-07,september,Dry Van,1177.4,2285.94,2271.9384637416024,2269.060970507857,2270.4997171247296,15.44028287527044
TR-039493,2025-09-07,september,Reefer,439.0,1089.0,1119.6464080052328,1099.3080698613956,1109.4772389333143,20.47723893331431
TR-039494,2025-09-07,september,Dry Van,602.2,1203.48,1200.7019629801214,1191.5985445253236,1196.1502537527226,7.329746247277399
TR-039495,2025-09-07,september,Dry Van,433.9,921.46,936.326670803694,933.1438746687247,934.7352727362094,13.275272736209331
TR-039496,2025-09-07,september,Flatbed,2357.4,4839.21,4743.24722813217,4765.182580493234,4754.214904312702,84.99509568729809
TR-039497,2025-09-07,september,Dry Van,2790.4,5064.37,5133.5346147813825,5051.66220664522,5092.598410713301,28.228410713300946
TR-039498,2025-09-07,september,Reefer,1223.8,2760.21,2769.775652976332,2768.2003278741286,2768.9879904252302,8.7779904252302
TR-039499,2025-09-07,september,Reefer,1972.6,4159.52,4133.140349346481,4135.847178811173,4134.493764078827,25.026235921173793
TR-039500,2025-09-07,september,Dry Van,742.3,1480.7,1486.8266783698793,1482.7429688387815,1484.7848236043305,4.084823604330495
TR-039501,2025-09-07,september,Reefer,1634.4,3547.97,3434.7235607753382,3412.0017485778662,3423.3626546766022,124.60734532339757
TR-039502,2025-09-07,september,Dry Van,2411.1,4401.81,4477.090533508995,4494.055271285346,4485.572902397171,83.76290239717036
TR-039503,2025-09-07,september,Dry Van,1976.4,3708.8,3724.0484094316676,3758.2741804796233,3741.1612949556456,32.36129495564546
TR-039504,2025-09-07,september,Dry Van,1098.1,2099.69,2062.51134763653,2080.0370105844995,2071.2741791105145,28.41582088948553
TR-039505,2025-09-07,september,Dry Van,1335.3,2482.71,2435.3317075977598,2460.4970864029483,2447.9143970003543,34.79560299964578
TR-039506,2025-09-07,september,Dry Van,1696.3,3321.61,3304.631031775048,3313.2686274973726,3308.9498296362103,12.660170363789803
TR-039507,2025-09-07,september,Dry Van,1052.7,2144.55,2165.2696322692645,2119.965002406231,2142.617317337748,1.9326826622523186
TR-039508,2025-09-07,september,Reefer,826.8,1894.1,1931.0898996445662,1931.6555026391325,1931.3727011418493,37.27270114184944
TR-039509,2025-09-07,september,Reefer,755.5,1717.44,1758.3094780822169,1742.4341635672952,1750.371820824756,32.93182082475596
TR-039510,2025-09-07,september,Dry Van,565.1,1262.04,1271.1019700757445,1280.479023467404,1275.7904967715742,13.750496771574262
TR-039511,2025-09-07,september,Reefer,770.7,1674.09,1680.8298093418284,1704.409438879012,1692.6196241104203,18.5296241104204
TR-039512,2025-09-07,september,Reefer,1910.9,4191.96,4119.110703390215,4112.83626277469,4115.973483082453,75.9865169175473
TR-039513,2025-09-07,september,Reefer,1111.9,2461.67,2456.0040420655514,2385.5151173716017,2420.759579718577,40.910420281423285
TR-039514,2025-09-07,september,Flatbed,593.2,3509.58,1347.2797243722066,1356.202506738778,1351.7411155554923,2157.8388844445076
TR-039515,2025-09-07,september,Reefer,866.1,2129.99,2090.2268695394378,2075.3417989675277,2082.7843342534825,47.2056657465173
TR-039516,2025-09-07,september,Dry Van,1356.7,2738.76,2772.9429680441885,2702.6046440892687,2737.773806066729,0.9861939332713519
TR-039517,2025-09-07,september,Dry Van,640.2,1305.73,1289.9377628171462,1293.4851040691506,1291.7114334431485,14.01856655685151
TR-039518,2025-09-07,september,Dry Van,197.1,491.43,474.7071200464486,491.47077885776844,483.0889494521085,8.341050547891484
TR-039519,2025-09-07,september,Reefer,337.4,869.11,830.1400469540785,859.6732014220522,844.9066241880653,24.203375811934734
TR-039520,2025-09-07,september,Reefer,735.2,1721.63,1720.6254435307326,1720.433210446252,1720.5293269884924,1.1006730115077517
TR-039521,2025-09-07,september,Reefer,1869.6,3966.54,3976.1432609785193,3992.396998588518,3984.2701297835183,17.73012978351835
TR-039522,2025-09-07,september,Flatbed,512.5,1171.48,1189.8580785089082,1156.3073042969004,1173.0826914029044,1.6026914029043837
TR-039523,2025-09-07,september,Flatbed,811.7,1922.81,1890.9056545581461,1838.7889241297269,1864.8472893439366,57.96271065606334
TR-039524,2025-09-07,september,Dry Van,1286.1,2341.29,2384.7500801702577,2386.685584369049,2385.7178322696536,44.42783226965366
TR-039525,2025-09-07,september,Reefer,1270.0,2751.76,2744.7241982206465,2788.86545988727,2766.794829053958,15.034829053957765
TR-039526,2025-09-07,september,Reefer,1987.0,4251.85,4189.698524070622,4235.838259146984,4212.768391608803,39.08160839119773
TR-039527,2025-09-07,september,Reefer,2008.8,4103.62,4106.785761073188,4062.475104794987,4084.6304329340874,18.989567065912524
TR-039528,2025-09-07,september,Dry Van,129.8,352.04,375.68988902028525,351.0737794641882,363.3818342422367,11.3418342422367
TR-039529,2025-09-07,september,Reefer,2283.1,4337.4,4546.998793642839,4529.263716704839,4538.131255173839,200.7312551738396
TR-039530,2025-09-07,september,Dry Van,602.4,1205.49,1219.349392594172,1196.184106265438,1207.766749429805,2.2767494298050224
TR-039531,2025-09-07,september,Flatbed,882.6,2005.36,1973.3144670971542,1945.724892647624,1959.5196798723891,45.84032012761077
TR-039532,2025-09-07,september,Dry Van,848.0,1652.64,1661.4981932462929,1689.6736462293723,1675.5859197378327,22.945919737832583
TR-039533,2025-09-07,september,Dry Van,1812.4,3379.91,3370.6694983638167,3362.821354415409,3366.745426389613,13.164573610386924
TR-039534,2025-09-07,september,Reefer,1772.8,3821.57,3782.0551558399407,3793.2570893994753,3787.656122619708,33.91387738029198
TR-039535,2025-09-07,september,Flatbed,659.4,1529.04,1488.420330847604,1520.312955131671,1504.3666429896375,24.67335701036245
TR-039536,2025-09-07,september,Dry Van,845.1,1693.03,1731.5043313701676,1727.5564093059684,1729.530370338068,36.500370338068024
TR-039537,2025-09-07,september,Dry Van,2004.0,3646.69,3704.7708558243976,3602.455218848837,3653.6130373366173,6.923037336617199
TR-039538,2025-09-07,september,Dry Van,2746.4,4841.75,4974.94023160991,4795.486159047146,4885.213195328528,43.463195328527945
TR-039539,2025-09-07,september,Flatbed,463.0,1130.84,1108.747922649977,1118.8336990443636,1113.7908108471702,17.04918915282974
TR-039540,2025-09-07,september,Reefer,982.4,2359.22,2362.381091555002,2363.4911220739345,2362.936106814468,3.716106814468276
TR-039541,2025-09-07,september,Dry Van,1001.5,2047.67,2027.1199841743041,2024.315056074603,2025.7175201244536,21.952479875546487
TR-039542,2025-09-07,september,Dry Van,475.3,1014.08,1010.9253295783387,1020.8299355989961,1015.8776325886674,1.7976325886673976
TR-039543,2025-09-07,september,Flatbed,2356.2,4740.83,4717.912908617165,4740.669118457583,4729.291013537374,11.538986462625871
TR-039544,2025-09-07,september,Flatbed,1154.5,2396.78,2393.562656220897,2406.5379935284136,2400.0503248746554,3.2703248746552163
TR-039545,2025-09-07,september,Dry Van,287.1,646.25,648.841615119879,669.6181511134844,659.2298831166817,12.979883116681663
TR-039546,2025-09-07,september,Flatbed,1787.5,1477.09,3765.7192985833544,3758.121400336595,3761.9203494599747,2284.830349459975
TR-039547,2025-09-07,september,Dry Van,435.2,971.37,983.0570660337991,1000.241489332531,991.6492776831651,20.279277683165105
TR-039548,2025-09-07,september,Reefer,491.9,1157.04,1160.63151316468,1147.596793000408,1154.114153082544,2.925846917456056
TR-039549,2025-09-07,september,Reefer,820.1,2065.89,2037.548745660566,1988.6388472683725,2013.0937964644693,52.796203535530594
TR-039550,2025-09-07,september,Dry Van,1906.2,3716.51,3680.8202317787545,3649.921342656016,3665.3707872173854,51.13921278261478
TR-039551,2025-09-07,september,Dry Van,1518.5,2890.69,2945.6446793069595,2964.8694433873243,2955.2570613471416,64.56706134714159
TR-039552,2025-09-07,september,Dry Van,504.8,1114.15,1124.0600170660937,1142.6015067550254,1133.3307619105594,19.18076191055934
TR-039553,2025-09-07,september,Reefer,584.7,1465.64,1422.0158773706974,1425.5521136392367,1423.7839955049672,41.85600449503295
TR-039554,2025-09-07,september,Dry Van,1192.8,2266.5,2151.978381148974,2226.834140453778,2189.4062608013764,77.09373919862355
TR-039555,2025-09-07,september,Flatbed,650.4,1482.34,1499.7065908012821,1463.8925055290533,1481.7995481651678,0.5404518348320835
TR-039556,2025-09-07,september,Flatbed,564.0,1209.0,1204.4412098624916,1180.2674929414945,1192.354351401993,16.64564859800703
TR-039557,2025-09-07,september,Dry Van,1950.4,3641.16,3633.638881592142,3565.359102256274,3599.498991924208,41.66100807579187
TR-039558,2025-09-07,september,Flatbed,171.0,499.9,483.64874064407763,498.64274998064457,491.1457453123611,8.754254687638877
TR-039559,2025-09-07,september,Dry Van,346.4,198.16,816.8814363774424,837.9812547071122,827.4313455422773,629.2713455422773
TR-039560,2025-09-07,september,Flatbed,460.9,1136.33,1119.0992959699006,1111.531510457048,1115.3154032134744,21.014596786525544
TR-039561,2025-09-07,september,Flatbed,502.3,1211.34,1170.461447031139,1163.988866781397,1167.225156906268,44.114843093731906
TR-039562,2025-09-07,september,Dry Van,2311.2,4067.4,4163.708093772336,4109.257373393488,4136.482733582912,69.08273358291217
TR-039563,2025-09-07,september,Dry Van,641.7,1334.81,1332.5926890200763,1325.6491476722179,1329.120918346147,5.689081653853009
TR-039564,2025-09-07,september,Flatbed,1156.2,2365.18,2366.4612115245045,2348.697192488724,2357.579202006614,7.60079799338564
TR-039565,2025-09-07,september,Flatbed,264.9,664.79,658.0632846184169,652.9177862805254,655.4905354494712,9.299464550528796
TR-039566,2025-09-07,september,Dry Van,1808.8,3399.59,3453.9313426648164,3474.557501062265,3464.244421863541,64.65442186354085
TR-039567,2025-09-07,september,Dry Van,405.6,905.5,886.2260212101767,886.290289280998,886.2581552455873,19.241844754412682
TR-039568,2025-09-07,september,Reefer,955.8,2122.6,2111.6656296746705,2100.413708164762,2106.039668919716,16.56033108028396
TR-039569,2025-09-07,september,Dry Van,2182.4,3813.01,3941.4238294803913,3909.701277204702,3925.5625533425464,112.55255334254616
TR-039570,2025-09-07,september,Dry Van,1706.5,3183.5,3123.665979388914,3139.2708949908542,3131.468437189884,52.03156281011616
TR-039571,2025-09-07,september,Dry Van,1134.7,2124.08,2103.5636738597614,2146.149476545101,2124.8565752024315,0.7765752024315589
TR-039572,2025-09-08,september,Flatbed,552.4,1258.26,1263.7937715612502,1266.1374239044226,1264.9655977328364,6.705597732836395
TR-039573,2025-09-08,september,Dry Van,910.7,1832.43,1752.7186319194527,1782.8350466157497,1767.7768392676012,64.65316073239887
TR-039574,2025-09-08,september,Dry Van,1311.4,2684.71,2707.9146674134636,2652.826454709639,2680.3705610615516,4.339438938448438
TR-039575,2025-09-08,september,Dry Van,951.0,1779.91,1769.3107470993225,1754.6384603797337,1761.974603739528,17.93539626047209
TR-039576,2025-09-08,september,Dry Van,904.2,1643.21,1665.3627688583722,1678.8122786019521,1672.087523730162,28.87752373016201
TR-039577,2025-09-08,september,Dry Van,608.0,1308.17,1315.4034262604116,1299.9519178577943,1307.6776720591029,0.4923279408972121
TR-039578,2025-09-08,september,Dry Van,877.3,1834.7,1846.3456848029878,1856.1099365077619,1851.227810655375,16.52781065537488
TR-039579,2025-09-08,september,Dry Van,488.8,1106.89,1110.3035308396313,1070.9721624632261,1090.6378466514288,16.252153348571255
TR-039580,2025-09-08,september,Dry Van,2429.3,4308.44,4397.315687974288,4419.815838502775,4408.565763238532,100.12576323853227
TR-039581,2025-09-08,september,Dry Van,785.0,1659.41,1638.3557758882857,1659.1590184641227,1648.7573971762042,10.65260282379586
TR-039582,2025-09-08,september,Dry Van,453.1,1010.14,1008.6708939723103,1008.8642573602034,1008.7675756662568,1.3724243337431972
TR-039583,2025-09-08,september,Reefer,842.0,2052.54,2076.6288062851163,2019.8391345269495,2048.2339704060328,4.306029593967196
TR-039584,2025-09-08,september,Flatbed,249.4,664.46,651.685356928658,642.5742571530966,647.1298070408773,17.33019295912277
TR-039585,2025-09-08,september,Flatbed,2202.4,4409.01,4400.314041860715,4443.570179056221,4421.942110458468,12.932110458467832
TR-039586,2025-09-08,september,Reefer,481.9,1144.42,1122.110228827066,1141.5812641108846,1131.8457464689754,12.574253531024624
TR-039587,2025-09-08,september,Reefer,886.7,2062.26,2046.574166170987,1989.162404558163,2017.868285364575,44.39171463542516
TR-039588,2025-09-08,september,Reefer,1253.4,2791.08,2745.8745201413617,2824.8021461199446,2785.338333130653,5.741666869346773
TR-039589,2025-09-08,september,Dry Van,650.0,1374.41,1362.3281195647228,1364.2475776742863,1363.2878486195045,11.122151380495552
TR-039590,2025-09-08,september,Reefer,1780.1,3729.88,3706.0324887035667,3784.4440813662636,3745.238285034915,15.358285034914843
TR-039591,2025-09-08,september,Dry Van,759.6,1611.62,1587.3057102376658,1597.2756754396792,1592.2906928386724,19.329307161327506
TR-039592,2025-09-08,september,Dry Van,2823.6,4852.21,5064.143368026642,5004.857859132795,5034.500613579718,182.2906135797184
TR-039593,2025-09-08,september,Dry Van,908.2,1714.23,1733.277909854362,1681.9594225473334,1707.6186662008477,6.611333799152362
TR-039594,2025-09-08,september,Dry Van,1004.1,1990.99,2005.6283748500457,1998.0988626758485,2001.8636187629472,10.873618762947217
TR-039595,2025-09-08,september,Dry Van,846.5,1764.95,1752.7436924093645,1801.8809703290158,1777.3123313691901,12.362331369190088
TR-039596,2025-09-08,september,Dry Van,678.8,1322.52,1339.3179924361395,1368.1254167642935,1353.7217046002165,31.201704600216544
TR-039597,2025-09-08,september,Dry Van,2151.2,4247.79,4127.712872559035,4142.732830583938,4135.222851571487,112.56714842851306
TR-039598,2025-09-08,september,Dry Van,592.0,1340.5,1321.578952029622,1306.7050854703443,1314.1420187499832,26.357981250016792
TR-039599,2025-09-08,september,Reefer,2775.9,5620.89,5726.125025246208,5675.9863499901185,5701.055687618164,80.16568761816325
TR-039600,2025-09-08,september,Dry Van,867.0,1717.38,1715.9082645318024,1745.0096902838231,1730.4589774078127,13.078977407812545
TR-039601,2025-09-08,september,Flatbed,1537.8,3365.65,3354.692911998438,3339.1727012192105,3346.932806608824,18.717193391175897
TR-039602,2025-09-08,september,Dry Van,224.7,556.94,567.5353973710788,538.3510356853142,552.9432165281964,3.99678347180361
TR-039603,2025-09-08,september,Dry Van,497.8,1058.37,1062.5173562993327,1047.8641937453049,1055.1907750223188,3.1792249776810877
TR-039604,2025-09-08,september,Flatbed,1911.7,3903.03,3938.4567494458283,3946.378367162928,3942.417558304378,39.38755830437776
TR-039605,2025-09-08,september,Reefer,935.5,2014.63,1980.5724195434211,1968.3577524438579,1974.4650859936396,40.164914006360505
TR-039606,2025-09-08,september,Flatbed,883.1,1999.43,1956.0592406682813,1946.8826305582947,1951.470935613288,47.95906438671204
TR-039607,2025-09-08,september,Reefer,750.9,1801.21,1792.0912588417748,1747.0605542373173,1769.575906539546,31.634093460454096
TR-039608,2025-09-08,september,Reefer,2168.3,4431.09,4438.758226262692,4388.706104924235,4413.732165593463,17.357834406537222
TR-039609,2025-09-08,september,Dry Van,2032.1,3905.77,3955.9654535972054,3788.9239119590206,3872.444682778113,33.32531722188696
TR-039610,2025-09-08,september,Dry Van,335.5,809.6,802.5809137473924,802.0417755431752,802.3113446452837,7.2886553547162976
TR-039611,2025-09-08,september,Dry Van,924.9,1872.88,1950.1281509927785,1943.5844416601797,1946.856296326479,73.97629632647886
TR-039612,2025-09-08,september,Dry Van,289.2,2021.98,732.3961414510376,693.6578551534428,713.0269983022401,1308.9530016977599
TR-039613,2025-09-08,september,Dry Van,2785.9,4791.87,4921.645642327837,4890.0358457926495,4905.840744060243,113.9707440602433
TR-039614,2025-09-08,september,Reefer,2030.6,4200.31,4214.567068773591,4158.895339664425,4186.731204219008,13.57879578099255
TR-039615,2025-09-08,september,Dry Van,821.4,1667.08,1675.8526779449696,1681.4308428357967,1678.6417603903833,11.56176039038337
TR-039616,2025-09-08,september,Reefer,1366.2,2948.72,2985.7534198508606,2945.0812076999878,2965.417313775424,16.69731377542439
TR-039617,2025-09-08,september,Dry Van,963.1,2027.06,1997.9223007040703,1961.4014101196378,1979.661855411854,47.3981445881459
TR-039618,2025-09-08,september,Flatbed,992.9,2292.08,2190.879373104936,2236.126431452839,2213.5029022788876,78.5770977211123
TR-039619,2025-09-08,september,Flatbed,607.4,1387.72,1347.39737753856,1355.2908047304718,1351.344091134516,36.37590886548401
TR-039620,2025-09-08,september,Reefer,742.8,1751.27,1733.0464324597083,1703.6206153278604,1718.3335238937843,32.93647610621565
TR-039621,2025-09-08,september,Reefer,1272.8,2850.46,2803.8708431895107,2819.1512643645783,2811.5110537770443,38.94894622295578
TR-039622,2025-09-08,september,Dry Van,223.9,573.2,555.9825249961292,559.2863331557164,557.6344290759228,15.565570924077292
TR-039623,2025-09-08,september,Dry Van,662.5,1357.84,1368.501024017332,1340.3991725846636,1354.4500983009978,3.3899016990021664
TR-039624,2025-09-08,september,Reefer,1160.6,2689.88,2643.132693074418,2656.1935176124603,2649.6631053434394,40.216894656560726
TR-039625,2025-09-08,september,Dry Van,1476.1,2836.8,2931.048933089298,2899.9645058082338,2915.5067194487656,78.7067194487654
TR-039626,2025-09-08,september,Reefer,814.9,1854.62,1891.2509224864805,1871.905053210855,1881.5779878486678,26.957987848667926
TR-039627,2025-09-08,september,Flatbed,1051.0,2213.5,2272.5351019867458,2233.409997042659,2252.972549514702,39.47254951470222
TR-039628,2025-09-08,september,Dry Van,1419.1,2589.09,2720.716477776175,2719.9571388649274,2720.3368083205514,131.24680832055128
TR-039629,2025-09-08,september,Reefer,888.6,1942.25,1973.3091143245802,1965.8692290430233,1969.5891716838019,27.33917168380185
TR-039630,2025-09-08,september,Flatbed,1672.3,3568.34,3491.8253791505817,3479.2686780103327,3485.547028580457,82.79297141954294
TR-039631,2025-09-08,september,Dry Van,342.2,767.26,755.6106432473523,753.0488936456445,754.3297684464984,12.930231553501585
TR-039632,2025-09-08,september,Dry Van,728.6,1623.8,1587.4225299646366,1599.2562516838984,1593.3393908242674,30.460609175732543
TR-039633,2025-09-08,september,Flatbed,1308.4,2904.7,2896.6134335915963,2847.4313803737627,2872.0224069826795,32.677593017320305
TR-039634,2025-09-08,september,Reefer,521.6,1282.29,1300.5165559183738,1297.38840879622,1298.952482357297,16.662482357296994
TR-039635,2025-09-08,september,Dry Van,853.6,1670.61,1671.2888210193937,1698.071949139154,1684.680385079274,14.070385079274047
TR-039636,2025-09-08,september,Dry Van,1208.5,2446.14,2476.4207909708493,2405.693909715499,2441.057350343174,5.082649656825652
TR-039637,2025-09-08,september,Dry Van,2332.5,3952.07,4142.361056352285,4069.9734964537683,4106.167276403026,154.09727640302617
TR-039638,2025-09-08,september,Flatbed,789.9,1746.0,1708.7359247044974,1771.552463877619,1740.1441942910583,5.855805708941716
TR-039639,2025-09-08,september,Reefer,1335.3,2833.34,2802.302470757599,2733.614160454026,2767.9583156058125,65.38168439418769
TR-039640,2025-09-08,september,Dry Van,1023.1,1984.86,1987.9434335115866,1956.5221397684547,1972.2327866400205,12.62721335997935
TR-039641,2025-09-08,september,Flatbed,1990.6,3964.88,4041.9652365898673,4066.0060322859827,4053.985634437925,89.10563443792489
TR-039642,2025-09-08,september,Dry Van,380.1,896.28,884.8214573142328,894.8482512351404,889.8348542746867,6.445145725313296
TR-039643,2025-09-08,september,Reefer,2139.6,4288.2,4351.492022399709,4286.011057612985,4318.751540006347,30.55154000634684
TR-039644,2025-09-08,september,Reefer,402.1,1008.41,994.9971812012909,991.4140986376299,993.2056399194604,15.204360080539573
TR-039645,2025-09-08,september,Flatbed,2039.6,3975.86,3968.5686018968854,3923.5210446946758,3946.0448232957806,29.81517670421954
TR-039646,2025-09-08,september,Dry Van,3152.6,5396.01,5613.1038151083585,5461.656936160866,5537.380375634612,141.37037563461217
TR-039647,2025-09-08,september,Dry Van,2786.7,5007.64,4962.9841666488865,4925.809868671203,4944.397017660045,63.24298233995523
TR-039648,2025-09-08,september,Dry Van,1386.9,2653.14,2664.1125457886947,2665.8112634648933,2664.961904626794,11.821904626794094
TR-039649,2025-09-08,september,Reefer,1115.0,2458.79,2504.7727273637415,2480.766266699386,2492.769497031564,33.979497031563824
TR-039650,2025-09-08,september,Reefer,197.1,579.86,577.6253048044563,605.4340844340677,591.529694619262,11.669694619262032
TR-039651,2025-09-08,september,Dry Van,1627.4,3207.95,3154.015354375777,3118.56118090771,3136.2882676417435,71.66173235825636
TR-039652,2025-09-08,september,Flatbed,439.1,1140.47,1105.5022452485653,1100.382159530115,1102.94220238934,37.527797610659945
TR-039653,2025-09-08,september,Dry Van,443.0,936.17,943.4523145805396,927.9963890083159,935.7243517944278,0.44564820557218354
TR-039654,2025-09-08,september,Flatbed,1699.3,3444.93,3436.4386337971946,3374.3766234674613,3405.407628632328,39.522371367671894
TR-039655,2025-09-08,september,Dry Van,369.7,846.27,856.9384463763785,835.9796137028809,846.4590300396296,0.1890300396296425
TR-039656,2025-09-08,september,Dry Van,1939.9,1039.33,3493.2481739095665,3399.429925903366,3446.3390499064662,2407.0090499064663
TR-039657,2025-09-08,september,Reefer,1430.4,3077.83,3109.2592130222965,3147.4255279229674,3128.342370472632,50.51237047263203
TR-039658,2025-09-08,september,Dry Van,668.5,1366.54,1379.2238267327089,1366.4308569671732,1372.8273418499411,6.2873418499411855
TR-039659,2025-09-08,september,Dry Van,682.2,1341.67,1341.620937730802,1342.9166090079352,1342.2687733693688,0.5987733693687005
TR-039660,2025-09-08,september,Dry Van,339.4,819.55,828.9582416880768,804.2956867455414,816.626964216809,2.923035783190926
TR-039661,2025-09-08,september,Dry Van,322.5,801.7,799.4585328300982,780.9824992999829,790.2205160650406,11.47948393495949
TR-039662,2025-09-08,september,Dry Van,764.3,1574.89,1583.386023372283,1591.531307082913,1587.458665227598,12.568665227597876
TR-039663,2025-09-08,september,Reefer,679.0,1580.81,1531.3949343121483,1567.863604450763,1549.6292693814557,31.180730618544203
TR-039664,2025-09-08,september,Dry Van,370.6,895.55,890.1797470103973,868.9337837444737,879.5567653774355,15.9932346225645
TR-039665,2025-09-08,september,Flatbed,325.2,810.22,782.1593679604297,796.7883540870355,789.4738610237325,20.746138976267503
TR-039666,2025-09-08,september,Dry Van,2983.9,5216.82,5302.977296602502,5307.472759843453,5305.225028222978,88.40502822297822
TR-039667,2025-09-08,september,Dry Van,1871.8,3482.9,3504.49427745485,3458.2665765607967,3481.3804270078235,1.5195729921765633
TR-039668,2025-09-08,september,Dry Van,1203.7,2322.91,2256.2550666586003,2250.2638240065708,2253.2594453325855,69.65055466741433
TR-039669,2025-09-08,september,Flatbed,1695.3,3360.0,3442.259439135293,3374.2547166353656,3408.2570778853296,48.257077885329636
TR-039670,2025-09-08,september,Reefer,195.1,599.52,581.9960987257042,600.3067513157907,591.1514250207474,8.368574979252571
TR-039671,2025-09-08,september,Flatbed,1217.6,2524.95,2473.29106456454,2439.754692370617,2456.5228784675783,68.42712153242155
TR-039672,2025-09-08,september,Dry Van,411.6,996.28,999.5936497946843,964.7315113614104,982.1625805780474,14.117419421952604
TR-039673,2025-09-08,september,Reefer,1169.2,2615.19,2647.17543278964,2589.3640384957507,2618.269735642695,3.079735642695141
TR-039674,2025-09-08,september,Dry Van,2707.8,4876.72,4923.385159334199,4826.596128648422,4874.99064399131,1.729356008690047
TR-039675,2025-09-08,september,Reefer,448.4,1123.76,1115.2115535432429,1104.7074705635105,1109.9595120533768,13.800487946623207
TR-039676,2025-09-08,september,Reefer,1054.5,2486.05,2444.3182124909667,2457.1599607322073,2450.739086611587,35.310913388413155
TR-039677,2025-09-08,september,Flatbed,848.9,758.12,1904.561786526649,1893.796226939104,1899.1790067328766,1141.0590067328767
TR-039678,2025-09-08,september,Flatbed,146.5,402.44,393.6952058661197,416.256692699674,404.97594928289686,2.5359492828968655
TR-039679,2025-09-08,september,Dry Van,1467.6,2950.34,2867.185955544723,2881.1214167979556,2874.1536861713394,76.18631382866079
TR-039680,2025-09-08,september,Reefer,180.1,514.24,520.8610458853202,529.8971642160009,525.3791050506605,11.139105050660532
TR-039681,2025-09-08,september,Flatbed,122.1,381.97,362.25572452573175,376.9852884989573,369.6205065123445,12.349493487655536
TR-039682,2025-09-08,september,Dry Van,474.8,997.23,1005.7197764826725,1011.2678688483026,1008.4938226654875,11.26382266548751
TR-039683,2025-09-08,september,Dry Van,1226.3,2412.98,2487.8135770767294,2464.0517152626862,2475.932646169708,62.952646169707805
TR-039684,2025-09-08,september,Reefer,313.3,833.53,817.8170833593011,831.6748739043787,824.74597863184,8.784021368159983
TR-039685,2025-09-08,september,Dry Van,840.6,1871.96,1840.975089671022,1842.6684052243515,1841.821747447687,30.138252552313133
TR-039686,2025-09-08,september,Dry Van,467.3,1062.85,1068.3724541979584,1057.0199881376034,1062.696221167781,0.15377883221890443
TR-039687,2025-09-08,september,Reefer,2103.7,4653.73,4560.4559062682165,4513.3411764102675,4536.898541339242,116.83145866075756
TR-039688,2025-09-08,september,Flatbed,457.8,1095.41,1085.6042229002906,1088.3740606220035,1086.989141761147,8.420858238853043
TR-039689,2025-09-08,september,Dry Van,1492.9,2891.35,2947.509701211179,2930.047200362794,2938.7784507869865,47.42845078698656
TR-039690,2025-09-08,september,Flatbed,1553.3,3059.64,3209.316100766812,3141.2759946420556,3175.2960477044335,115.6560477044336
TR-039691,2025-09-08,september,Dry Van,1252.0,2568.75,2548.425848286816,2537.9827480200984,2543.204298153457,25.545701846543125
TR-039692,2025-09-08,september,Reefer,1894.8,3891.56,4024.3827257991816,3942.6179532957703,3983.500339547476,91.94033954747601
TR-039693,2025-09-08,september,Flatbed,700.3,1641.31,1679.453068128524,1627.8709800967551,1653.6620241126395,12.352024112639583
TR-039694,2025-09-08,september,Flatbed,444.3,1132.92,1139.4013009884782,1102.3447217315666,1120.8730113600222,12.046988639977826
TR-039695,2025-09-08,september,Dry Van,1042.1,2132.59,2206.971677551614,2206.5641192102903,2206.767898380952,74.17789838095177
TR-039696,2025-09-08,september,Dry Van,1351.4,2650.23,2705.628746154669,2684.9704351299533,2695.299590642311,45.06959064231114
TR-039697,2025-09-08,september,Reefer,450.3,1138.21,1169.5440932738418,1155.9133452929877,1162.7287192834146,24.51871928341461
TR-039698,2025-09-08,september,Dry Van,769.6,1704.6,1702.0938578989012,1683.1120560364006,1692.602956967651,11.997043032348984
TR-039699,2025-09-08,september,Flatbed,1601.2,3238.85,3267.1709181249375,3279.966583217797,3273.5687506713675,34.718750671367616
TR-039700,2025-09-08,september,Dry Van,805.7,1688.91,1677.2588339730037,1688.570286598321,1682.9145602856624,5.9954397143376355
TR-039701,2025-09-08,september,Dry Van,954.7,1946.66,1920.7946125194335,1883.769533888038,1902.2820732037358,44.37792679626432
TR-039702,2025-09-08,september,Reefer,737.2,1786.14,1738.1800420745355,1718.169329417049,1728.1746857457924,57.96531425420767
TR-039703,2025-09-08,september,Dry Van,2051.6,3806.95,3862.3688838094718,3792.0114772148836,3827.190180512178,20.240180512178085
TR-039704,2025-09-08,september,Flatbed,2106.4,4380.38,4313.5140718550765,4314.343379683052,4313.928725769065,66.45127423093527
TR-039705,2025-09-08,september,Dry Van,1132.1,2149.63,2175.069675948734,2197.861188264925,2186.4654321068297,36.83543210682956
TR-039706,2025-09-08,september,Dry Van,1481.5,2873.29,2795.6699555325577,2813.9147863670205,2804.792370949789,68.49762905021089
TR-039707,2025-09-08,september,Reefer,2243.4,4481.33,4492.360922490002,4561.902452757155,4527.131687623578,45.80168762357789
TR-039708,2025-09-08,september,Flatbed,282.8,765.21,747.4116219029205,747.3090343007866,747.3603281018536,17.849671898146426
TR-039709,2025-09-08,september,Dry Van,997.1,1949.17,1970.2601214939325,1996.0632080546306,1983.1616647742817,33.99166477428162
TR-039710,2025-09-08,september,Flatbed,1997.2,3869.27,3918.8253966612147,3860.74629692738,3889.7858467942974,20.51584679429743
TR-039711,2025-09-08,september,Reefer,2440.4,5057.26,4921.038530836935,4892.911819781683,4906.97517530931,150.28482469069058
TR-039712,2025-09-08,september,Dry Van,770.9,1532.53,1523.8049106065355,1521.4117234738048,1522.6083170401703,9.921682959829695
TR-039713,2025-09-08,september,Flatbed,447.7,1015.6,982.6554373156929,975.0535646616652,978.8545009886791,36.74549901132093
TR-039714,2025-09-08,september,Reefer,1079.1,2156.21,2294.383072857637,2208.763165581943,2251.57311921979,95.36311921978995
TR-039715,2025-09-08,september,Dry Van,2224.8,4022.03,4137.768127854229,4072.0991655546186,4104.933646704423,82.90364670442295
TR-039716,2025-09-08,september,Reefer,3326.1,6853.93,6497.571895125307,6603.531695358184,6550.551795241745,303.3782047582554
TR-039717,2025-09-08,september,Flatbed,2251.2,4327.24,4425.3198976677,4399.1353618592675,4412.2276297634835,84.98762976348371
TR-039718,2025-09-08,september,Reefer,821.4,1861.62,1861.7088609304747,1802.255890656918,1831.9823757936963,29.6376242063036
TR-039719,2025-09-08,september,Dry Van,300.8,771.61,744.814645164528,755.374977678116,750.094811421322,21.51518857867802
TR-039720,2025-09-08,september,Flatbed,749.3,1803.52,1822.991873475109,1771.80403584137,1797.3979546582395,6.12204534176044
TR-039721,2025-09-08,september,Dry Van,2503.6,4459.47,4478.644654445346,4532.32704784166,4505.485851143503,46.015851143502914
TR-039722,2025-09-08,september,Reefer,1852.3,3829.72,3785.4852748706157,3830.7471837711187,3808.116229320867,21.603770679132595
TR-039723,2025-09-08,september,Dry Van,109.7,288.59,277.5077788213523,293.87189672651925,285.6898377739358,2.9001622260641966
TR-039724,2025-09-08,september,Dry Van,971.2,1997.43,1964.5359532413404,1959.3447196492925,1961.9403364453165,35.4896635546836
TR-039725,2025-09-08,september,Dry Van,636.9,1357.32,1347.3745986990205,1365.4930839321794,1356.4338413156,0.8861586844000158
TR-039726,2025-09-08,september,Dry Van,1329.2,2560.61,2589.053374769649,2525.0131338023525,2557.0332542860006,3.5767457139995713
TR-039727,2025-09-08,september,Reefer,510.9,1210.84,1217.639967673894,1222.5653550738516,1220.1026613738727,9.262661373872788
TR-039728,2025-09-08,september,Reefer,2273.2,4652.33,4792.001702423965,4772.720335917904,4782.361019170934,130.0310191709341
TR-039729,2025-09-08,september,Dry Van,703.5,1475.59,1497.068356796167,1515.9623008034835,1506.5153287998253,30.925328799825365
TR-039730,2025-09-08,september,Flatbed,194.6,536.68,534.7618129253141,528.7089300686978,531.7353714970059,4.944628502994078
TR-039731,2025-09-08,september,Flatbed,627.9,1455.89,1511.2980662091418,1498.5140608127197,1504.9060635109308,49.016063510930735
TR-039732,2025-09-08,september,Reefer,479.9,1140.25,1126.7006767791079,1105.6264137787334,1116.1635452789205,24.086454721079463
TR-039733,2025-09-08,september,Dry Van,676.5,1431.89,1429.6416286412314,1460.4818049353714,1445.0617167883015,13.17171678830141
TR-039734,2025-09-08,september,Dry Van,930.6,1824.25,1858.8689537183218,1850.7087418042115,1854.7888477612667,30.538847761266652
TR-039735,2025-09-09,september,Dry Van,1350.7,2646.9,2598.654324243154,2636.9644919045645,2617.8094080738592,29.09059192614086
TR-039736,2025-09-09,september,Dry Van,1756.8,3419.98,3337.2792311251455,3319.7578413433275,3328.5185362342363,91.46146376576371
TR-039737,2025-09-09,september,Dry Van,2473.1,4409.54,4457.104130332688,4506.572067074814,4481.838098703751,72.29809870375084
TR-039738,2025-09-09,september,Dry Van,1784.7,3293.99,3261.648178315275,3280.776928782385,3271.21255354883,22.777446451169908
TR-039739,2025-09-09,september,Dry Van,2040.6,3756.14,3779.308532982822,3728.254354835097,3753.7814439089593,2.3585560910405547
TR-039740,2025-09-09,september,Reefer,254.0,736.62,714.1970524378312,739.0065016676945,726.6017770527628,10.018222947237177
TR-039741,2025-09-09,september,Reefer,744.2,1736.13,1669.849270977711,1684.437566869576,1677.1434189236434,58.98658107635674
TR-039742,2025-09-09,september,Flatbed,873.4,2129.31,2104.236841616343,2043.0356273558382,2073.636234486091,55.673765513909075
TR-039743,2025-09-09,september,Dry Van,343.2,798.6,796.7670856627892,796.9525292505045,796.8598074566469,1.740192543353146
TR-039744,2025-09-09,september,Dry Van,1530.3,2937.98,3040.9470876234413,2979.039397951042,3009.993242787242,72.01324278724178
TR-039745,2025-09-09,september,Dry Van,1700.4,3102.39,3204.5585064226107,3178.0951329946342,3191.3268197086227,88.9368197086228
TR-039746,2025-09-09,september,Dry Van,366.7,841.5,857.6196524755488,868.1042892379476,862.8619708567483,21.361970856748258
TR-039747,2025-09-09,september,Dry Van,2383.2,4439.53,4453.7709438794955,4419.778509211323,4436.774726545409,2.7552734545906787
TR-039748,2025-09-09,september,Reefer,2034.9,4346.79,4271.854474066431,4211.767212390694,4241.810843228563,104.97915677143737
TR-039749,2025-09-09,september,Dry Van,285.3,741.53,728.4482285145392,726.9323863708207,727.69030744268,13.83969255731995
TR-039750,2025-09-09,september,Dry Van,711.7,1441.03,1431.4152743618417,1436.8497419280518,1434.1325081449468,6.897491855053204
TR-039751,2025-09-09,september,Reefer,2591.8,5273.19,5290.357442749209,5334.725429485521,5312.541436117365,39.351436117365665
TR-039752,2025-09-09,september,Dry Van,1201.2,2324.44,2275.142365736574,2238.837356782618,2256.989861259596,67.45013874040387
TR-039753,2025-09-09,september,Reefer,847.5,2011.22,2000.039907379612,1991.5446911983536,1995.7922992889828,15.427700711017224
TR-039754,2025-09-09,september,Dry Van,1216.8,2411.65,2431.9978092929996,2424.735698221093,2428.3667537570464,16.716753757046263
TR-039755,2025-09-09,september,Reefer,1401.8,3101.74,3117.538052767909,3121.941614971147,3119.739833869528,17.999833869528175
TR-039756,2025-09-09,september,Dry Van,901.4,1843.06,1811.2582111197,1828.0929153607076,1819.6755632402037,23.384436759796245
TR-039757,2025-09-09,september,Flatbed,286.5,758.22,727.6293818927119,753.2732722042872,740.4513270484995,17.768672951500548
TR-039758,2025-09-09,september,Reefer,1070.7,2375.16,2394.431737595844,2353.7750843305703,2374.1034109632074,1.0565890367925022
TR-039759,2025-09-09,september,Reefer,490.0,1248.98,1213.0046478998538,1238.4645705183896,1225.7346092091216,23.245390790878446
TR-039760,2025-09-09,september,Reefer,810.4,1877.24,1949.3069283494137,1872.1740403993,1910.740484374357,33.50048437435703
TR-039761,2025-09-09,september,Dry Van,1804.0,3194.83,3256.3910710683226,3246.766856811085,3251.5789639397035,56.74896393970357
TR-039762,2025-09-09,september,Dry Van,1673.6,3115.19,3194.0032970346037,3161.6392193829993,3177.8212582088017,62.63125820880168
TR-039763,2025-09-09,september,Flatbed,642.3,1535.4,1496.076179043723,1493.2122444807255,1494.6442117622241,40.75578823777596
TR-039764,2025-09-09,september,Reefer,1796.9,3986.13,3961.6271781901028,3999.2014708783313,3980.414324534217,5.715675465783079
TR-039765,2025-09-09,september,Reefer,2122.5,4330.26,4339.20557602785,4301.272099928381,4320.238837978115,10.021162021885175
TR-039766,2025-09-09,september,Dry Van,613.0,1308.15,1313.3319860082834,1332.8796252431769,1323.1058056257302,14.955805625730136
TR-039767,2025-09-09,september,Dry Van,334.1,805.56,782.0818803439432,796.9544178031801,789.5181490735617,16.0418509264382
TR-039768,2025-09-09,september,Flatbed,1016.1,2185.16,2171.817498622369,2169.3875795916056,2170.602539106987,14.55746089301283
TR-039769,2025-09-09,september,Dry Van,502.0,1068.62,1050.135147524684,1026.4259405747866,1038.2805440497355,30.339455950264437
TR-039770,2025-09-09,september,Reefer,970.0,2118.18,2143.3411015569504,2154.6847374505273,2149.012919503739,30.83291950373905
TR-039771,2025-09-09,september,Dry Van,712.0,1420.85,1400.1509203575724,1416.247351174375,1408.1991357659736,12.650864234026358
TR-039772,2025-09-09,september,Dry Van,917.0,1881.54,1901.664633418817,1880.780339864497,1891.2224866416568,9.682486641656851
TR-039773,2025-09-09,september,Reefer,1046.8,2523.52,2467.950729990876,2434.819387113879,2451.385058552378,72.13494144762217
TR-039774,2025-09-09,september,Dry Van,466.9,1079.58,1061.5293628259744,1057.03264161058,1059.281002218277,20.298997781722846
TR-039775,2025-09-09,september,Reefer,171.3,476.49,473.15012699968077,478.1880971353678,475.6691120675243,0.8208879324757277
TR-039776,2025-09-09,september,Reefer,721.9,1790.29,1811.5902074485512,1790.381958504413,1800.986082976482,10.696082976482103
TR-039777,2025-09-09,september,Dry Van,1973.5,3825.67,3816.082783449052,3824.225141631312,3820.153962540182,5.516037459818108
TR-039778,2025-09-09,september,Reefer,450.5,1168.88,1180.3709346167964,1196.1403402033068,1188.2556374100516,19.375637410051468
TR-039779,2025-09-09,september,Dry Van,216.9,540.28,542.9515696487111,514.1125606875953,528.5320651681532,11.747934831846806
TR-039780,2025-09-09,september,Dry Van,2268.9,4144.97,4120.993028816763,4087.878733085531,4104.435880951147,40.53411904885343
TR-039781,2025-09-09,september,Dry Van,1810.5,3430.45,3354.5118045304675,3411.6848534973988,3383.098329013933,47.35167098606689
TR-039782,2025-09-09,september,Dry Van,489.4,1089.14,1087.870434177861,1079.1260954506238,1083.4982648142422,5.641735185757852
TR-039783,2025-09-09,september,Reefer,611.2,1496.16,1492.48103257767,1479.0575317913126,1485.7692821844912,10.390717815508879
TR-039784,2025-09-09,september,Dry Van,136.9,357.82,362.21463859429235,365.9561795244049,364.08540905934865,6.265409059348656
TR-039785,2025-09-09,september,Dry Van,1674.6,776.5,3205.085327421613,3177.633079928105,3191.3592036748587,2414.8592036748587
TR-039786,2025-09-09,september,Dry Van,773.2,1563.27,1521.1942686564648,1541.9275680202068,1531.5609183383358,31.709081661664186
TR-039787,2025-09-09,september,Reefer,70.0,235.09,274.045995467518,253.23052742654568,263.6382614470318,28.54826144703182
TR-039788,2025-09-09,september,Reefer,526.2,1284.8,1245.6017409302924,1253.7554771390828,1249.6786090346877,35.12139096531223
TR-039789,2025-09-09,september,Dry Van,774.4,1632.44,1575.7774932041152,1629.7670562534543,1602.7722747287849,29.667725271215204
TR-039790,2025-09-09,september,Dry Van,2290.5,4249.72,4312.42210567382,4255.089541817402,4283.7558237456105,34.03582374561029
TR-039791,2025-09-09,september,Dry Van,299.4,734.9,730.6357872371642,739.5026350989478,735.069211168056,0.16921116805599468
TR-039792,2025-09-09,september,Dry Van,1046.7,2122.27,2084.5487217637387,2094.781103432604,2089.664912598171,32.60508740182877
TR-039793,2025-09-09,september,Dry Van,1159.4,2356.26,2481.200588704948,2410.3251227564283,2445.762855730688,89.50285573068777
TR-039794,2025-09-09,september,Flatbed,1413.3,2940.91,2904.1770934453784,2879.846175962126,2892.011634703752,48.8983652962479
TR-039795,2025-09-09,september,Dry Van,801.3,1697.13,1645.0721503299317,1647.8759529809704,1646.4740516554511,50.65594834454896
TR-039796,2025-09-09,september,Dry Van,570.0,1153.23,1168.6322766146943,1137.7614169277285,1153.1968467712113,0.033153228788705746
TR-039797,2025-09-09,september,Flatbed,828.3,1760.2,1730.372726255411,1754.2292398003185,1742.3009830278647,17.899016972135314
TR-039798,2025-09-09,september,Dry Van,370.5,826.5,846.3339601173867,838.8113725962046,842.5726663567957,16.072666356795708
TR-039799,2025-09-09,september,Dry Van,200.8,522.73,504.7427042560211,523.3426846235923,514.0426944398067,8.687305560193295
TR-039800,2025-09-09,september,Dry Van,1651.9,3088.51,3108.79815630631,3118.400979892468,3113.599568099389,25.089568099389
TR-039801,2025-09-09,september,Dry Van,2053.6,3918.45,3908.2943712492215,3891.204554326536,3899.7494627878787,18.700537212121162
TR-039802,2025-09-09,september,Reefer,756.0,1744.76,1770.2716089648513,1749.2911967886316,1759.7814028767416,15.021402876741604
TR-039803,2025-09-09,september,Dry Van,1616.5,3267.04,3266.4563494501213,3217.8930988584625,3242.1747241542917,24.86527584570831
TR-039804,2025-09-09,september,Dry Van,431.4,955.94,954.282875703703,964.4044359271693,959.3436558154361,3.403655815436082
TR-039805,2025-09-09,september,Flatbed,511.1,1145.81,1154.0009676708405,1151.8282219028204,1152.9145947868305,7.104594786830603
TR-039806,2025-09-09,september,Dry Van,305.2,783.88,799.2066114054132,801.7893485824475,800.4979799939304,16.617979993930362
TR-039807,2025-09-09,september,Dry Van,1216.4,2393.62,2353.5989112424622,2415.6687634824398,2384.6338373624512,8.98616263754866
TR-039808,2025-09-09,september,Flatbed,2659.9,5099.65,4975.117324061827,4997.127959365869,4986.122641713848,113.52735828615187
TR-039809,2025-09-09,september,Dry Van,2076.4,3823.37,3888.3108342799837,3913.0280600160004,3900.6694471479923,77.2994471479924
TR-039810,2025-09-09,september,Flatbed,253.3,714.31,661.9130725540567,680.0299043515124,670.9714884527846,43.338511547215376
TR-039811,2025-09-09,september,Dry Van,2694.9,4718.05,4715.63981789217,4687.324547868824,4701.482182880497,16.56781711950316
TR-039812,2025-09-09,september,Dry Van,904.9,1832.35,1807.115233589411,1820.9730438321046,1814.0441387107578,18.305861289242102
TR-039813,2025-09-09,september,Reefer,2426.5,5180.3,5089.800174023664,5116.081344095117,5102.940759059391,77.3592409406092
TR-039814,2025-09-09,september,Dry Van,110.9,299.01,316.923230335236,261.75342475559,289.338327545413,9.671672454586997
TR-039815,2025-09-09,september,Dry Van,618.1,1361.79,1367.4672688062535,1348.802226422873,1358.1347476145634,3.6552523854365973
TR-039816,2025-09-09,september,Reefer,1265.3,2786.74,2782.564161533308,2744.556995145903,2763.5605783396054,23.179421660394382
TR-039817,2025-09-09,september,Dry Van,2463.8,4467.02,4595.996318341441,4377.8775032423655,4486.936910791903,19.91691079190241
TR-039818,2025-09-09,september,Dry Van,1902.5,3448.36,3419.1508975104116,3390.859543282134,3405.0052203962728,43.354779603727366
TR-039819,2025-09-09,september,Dry Van,1566.1,2934.27,2986.4396769666414,3001.954623929536,2994.197150448089,59.92715044808892
TR-039820,2025-09-09,september,Dry Van,736.9,1515.65,1467.532480371196,1510.407925476959,1488.9702029240775,26.67979707592258
TR-039821,2025-09-09,september,Dry Van,1970.3,3623.26,3608.563062890471,3605.0022976131613,3606.782680251816,16.477319748184073
TR-039822,2025-09-09,september,Flatbed,309.3,772.57,752.6760274661603,745.0414195869453,748.8587235265528,23.711276473447242
TR-039823,2025-09-09,september,Reefer,597.1,1400.18,1426.5750966335397,1435.089713904826,1430.8324052691828,30.652405269182736
TR-039824,2025-09-09,september,Reefer,1127.1,2645.92,2591.270644774492,2592.4857129319607,2591.8781788532265,54.0418211467736
TR-039825,2025-09-09,september,Flatbed,815.5,1751.61,1751.046223166177,1725.5199621924469,1738.283092679312,13.326907320687951
TR-039826,2025-09-09,september,Dry Van,2707.4,4606.47,4937.438522072308,4683.679826684751,4810.55917437853,204.0891743785296
TR-039827,2025-09-09,september,Reefer,1773.8,3726.44,3755.996905840558,3767.4087122399824,3761.70280904027,35.262809040269985
TR-039828,2025-09-09,september,Dry Van,534.1,1188.52,1161.306420268985,1168.4104971004085,1164.8584586846969,23.66154131530311
TR-039829,2025-09-09,september,Dry Van,874.4,1854.52,1838.2938234788348,1840.644916758212,1839.4693701185233,15.050629881476652
TR-039830,2025-09-09,september,Dry Van,546.7,1108.73,1123.6648129333346,1107.7378599268056,1115.7013364300701,6.971336430070096
TR-039831,2025-09-09,september,Dry Van,2076.1,3805.0,3903.8092268589617,3890.354992748184,3897.082109803573,92.08210980357308
TR-039832,2025-09-09,september,Dry Van,813.8,1569.73,1579.6837874548296,1547.8137272774977,1563.7487573661638,5.981242633836246
TR-039833,2025-09-09,september,Dry Van,174.0,474.35,466.8267134072251,458.79922181456004,462.81296761089254,11.53703238910748
TR-039834,2025-09-09,september,Flatbed,783.3,1865.49,1814.6373355679839,1825.1891626654528,1819.9132491167184,45.57675088328165
TR-039835,2025-09-09,september,Reefer,301.1,827.22,838.604291054267,851.6569273798452,845.1306092170562,17.910609217056162
TR-039836,2025-09-09,september,Reefer,2154.4,4380.71,4433.450080978,4453.558260776046,4443.504170877023,62.794170877023134
TR-039837,2025-09-09,september,Dry Van,307.1,770.35,767.5463167322027,764.4916321460389,766.0189744391208,4.331025560879198
TR-039838,2025-09-09,september,Dry Van,184.1,501.55,481.66474752918384,479.19893117625315,480.4318393527185,21.118160647281513
TR-039839,2025-09-09,september,Flatbed,163.5,494.72,470.90359441501647,473.8040115151912,472.3538029651038,22.36619703489623
TR-039840,2025-09-09,september,Dry Van,345.8,835.94,813.5361095422038,831.4404165298856,822.4882630360447,13.45173696395534
TR-039841,2025-09-09,september,Dry Van,660.8,1419.19,1438.7214432789008,1403.1934361711642,1420.9574397250326,1.7674397250325455
TR-039842,2025-09-09,september,Dry Van,1109.3,2237.19,2194.6580539541787,2167.6721459328787,2181.1650999435287,56.024900056471324
TR-039843,2025-09-09,september,Dry Van,1991.1,3770.8,3874.1165083856313,3880.5870644053,3877.3517863954658,106.55178639546557
TR-039844,2025-09-09,september,Flatbed,1394.3,2954.69,2913.9978173244826,2938.916873118681,2926.457345221582,28.232654778418237
TR-039845,2025-09-09,september,Flatbed,2765.8,5432.67,5319.448584859817,5230.568841583989,5275.008713221903,157.66128677809684
TR-039846,2025-09-09,september,Dry Van,1240.6,2532.98,2529.001706229188,2474.136364780451,2501.5690355048196,31.41096449518045
TR-039847,2025-09-09,september,Flatbed,1563.9,3328.7,3347.117854836959,3330.056993353293,3338.587424095126,9.887424095126335
TR-039848,2025-09-09,september,Dry Van,566.6,1125.98,1146.3336733014307,1134.4446238885735,1140.389148595002,14.40914859500208
TR-039849,2025-09-09,september,Dry Van,1587.2,3038.98,3008.6589473126664,3048.6532747401047,3028.6561110263856,10.32388897361443
TR-039850,2025-09-09,september,Dry Van,2215.1,4046.38,4183.437982449279,4107.883169992446,4145.660576220862,99.2805762208618
TR-039851,2025-09-09,september,Dry Van,411.1,1010.4,1013.995452953848,988.8099357495378,1001.4026943516928,8.997305648307133
TR-039852,2025-09-09,september,Reefer,732.6,1766.85,1727.4854904164886,1728.2442744520313,1727.86488243426,38.98511756573998
TR-039853,2025-09-09,september,Reefer,573.2,1401.81,1394.0603537806307,1394.517007559601,1394.2886806701158,7.521319329884136
TR-039854,2025-09-09,september,Dry Van,477.9,1068.44,1081.8404968771702,1085.0469779797465,1083.4437374284585,15.003737428458408
TR-039855,2025-09-09,september,Dry Van,1483.5,2901.08,2844.9571450178573,2846.291572681744,2845.624358849801,55.45564115019897
TR-039856,2025-09-09,september,Dry Van,735.7,1490.23,1495.269304418359,1508.2432096349091,1501.756257026634,11.526257026634084
TR-039857,2025-09-09,september,Reefer,1430.2,3120.02,3057.1101599358944,3050.483857947588,3053.7970089417413,66.22299105825869
TR-039858,2025-09-09,september,Dry Van,1611.0,3082.78,3019.0803117299747,3060.4266050422675,3039.753458386121,43.02654161387909
TR-039859,2025-09-09,september,Reefer,716.5,1764.32,1813.8240321050637,1757.0191248712738,1785.4215784881687,21.101578488168798
TR-039860,2025-09-09,september,Dry Van,588.2,1232.86,1215.5808493664367,1217.8164561190497,1216.6986527427432,16.161347257256693
TR-039861,2025-09-09,september,Reefer,604.9,1528.31,1493.6057006919766,1464.7326086282078,1479.1691546600923,49.14084533990763
TR-039862,2025-09-09,september,Dry Van,2448.9,4537.71,4513.697215854756,4540.139463730101,4526.918339792428,10.791660207572022
TR-039863,2025-09-09,september,Dry Van,1151.1,2369.38,2398.3754612181806,2427.8446577381096,2413.110059478145,43.730059478144995
TR-039864,2025-09-09,september,Reefer,826.7,1911.08,1902.6845869942883,1906.0619851420179,1904.373286068153,6.706713931846934
TR-039865,2025-09-09,september,Reefer,332.3,899.29,875.9313688673386,899.8558401481885,887.8936045077635,11.39639549223648
TR-039866,2025-09-09,september,Dry Van,2676.7,4862.84,4878.994757927984,4836.498033306587,4857.746395617285,5.093604382715057
TR-039867,2025-09-09,september,Flatbed,396.3,1014.12,997.1746326368631,989.8732735724041,993.5239531046336,20.596046895366385
TR-039868,2025-09-09,september,Reefer,1052.0,2439.93,2378.9129095340377,2387.9486964084103,2383.430802971224,56.49919702877605
TR-039869,2025-09-09,september,Dry Van,2917.8,5375.41,5326.28150543208,5287.775778777077,5307.0286421045785,68.38135789542139
TR-039870,2025-09-09,september,Flatbed,881.2,1855.47,1880.4643214511382,1899.0160300387568,1889.7401757449475,34.27017574494744
TR-039871,2025-09-09,september,Reefer,441.4,1120.17,1156.7185231632811,1139.6638679222485,1148.191195542765,28.021195542764872
TR-039872,2025-09-09,september,Reefer,1667.3,3529.76,3586.8743444497286,3577.0230817825345,3581.9487131161313,52.18871311613111
TR-039873,2025-09-09,september,Flatbed,2058.8,4233.88,4216.773950729021,4274.422713877237,4245.598332303129,11.71833230312859
TR-039874,2025-09-09,september,Dry Van,799.0,1775.71,1805.569359148526,1753.565905481229,1779.5676323148775,3.857632314877492
TR-039875,2025-09-09,september,Reefer,754.1,1887.01,1858.9387340555932,1825.890158159858,1842.4144461077256,44.59555389227444
TR-039876,2025-09-09,september,Dry Van,2929.2,5250.05,5277.12102955991,5288.07491505249,5282.5979723062,32.54797230619988
TR-039877,2025-09-09,september,Dry Van,1141.3,2407.73,2375.4402896576694,2342.9652019731257,2359.2027458153975,48.5272541846025
TR-039878,2025-09-09,september,Reefer,2337.9,4875.93,4826.41347419947,4863.820999206595,4845.117236703032,30.812763296968114
TR-039879,2025-09-09,september,Dry Van,2608.5,4505.4,4656.5940730621805,4488.610832797953,4572.602452930067,67.20245293006701
TR-039880,2025-09-09,september,Dry Van,1576.9,2985.84,2966.6731164018943,2982.4094722150703,2974.541294308482,11.29870569151808
TR-039881,2025-09-09,september,Dry Van,373.6,926.34,905.885352378284,895.2069741123219,900.546163245303,25.793836754697054
TR-039882,2025-09-09,september,Dry Van,555.8,1185.19,1210.7770076105915,1186.3240902678058,1198.5505489391985,13.360548939198452
TR-039883,2025-09-09,september,Flatbed,1185.0,2529.83,2477.769459707204,2536.019881924617,2506.8946708159106,22.93532918408937
TR-039884,2025-09-09,september,Reefer,882.5,2072.02,2053.93460468009,2034.3356728744625,2044.1351387772763,27.884861222723657
TR-039885,2025-09-09,september,Flatbed,472.9,1134.3,1136.237101781507,1163.0087206062153,1149.622911193861,15.322911193861046
TR-039886,2025-09-09,september,Reefer,1827.0,4011.04,3971.014272879144,3996.4264287340757,3983.7203508066095,27.319649193390433
TR-039887,2025-09-09,september,Reefer,2315.7,4606.8,4678.9140365849535,4689.251132237702,4684.082584411328,77.28258441132766
TR-039888,2025-09-09,september,Dry Van,1164.6,2324.44,2323.3964982437997,2309.1895349387933,2316.2930165912967,8.146983408703363
TR-039889,2025-09-09,september,Dry Van,835.0,1663.25,1640.5147180376596,1667.508933965119,1654.0118260013892,9.238173998610819
TR-039890,2025-09-09,september,Dry Van,1136.9,2317.78,2259.0652822013917,2248.2832840345727,2253.674283117982,64.10571688201799
TR-039891,2025-09-09,september,Flatbed,1078.1,2253.5,2281.523522728409,2189.187153152147,2235.355337940278,18.144662059722123
TR-039892,2025-09-09,september,Dry Van,248.0,625.09,597.7958850234197,614.8765303252699,606.3362076743448,18.75379232565524
TR-039893,2025-09-09,september,Dry Van,1110.5,2214.63,2202.403096017413,2166.1403737337614,2184.2717348755873,30.35826512441281
TR-039894,2025-09-09,september,Dry Van,993.0,2005.03,2028.5588964964027,2017.8346991578019,2023.1967978271023,18.1667978271023
TR-039895,2025-09-09,september,Dry Van,848.5,1734.28,1669.9698674536376,1712.0169975710392,1690.9934325123384,43.286567487661614
TR-039896,2025-09-09,september,Reefer,1034.0,2513.73,2375.1350963478,2407.2664003123264,2391.200748330063,122.52925166993691
TR-039897,2025-09-09,september,Reefer,723.9,1601.42,1597.4849603981816,1595.4598553202513,1596.4724078592164,4.947592140783627
TR-039898,2025-09-09,september,Flatbed,946.5,1949.56,1900.2623312850424,1930.4080565605204,1915.3351939227814,34.224806077218545
TR-039899,2025-09-09,september,Reefer,1067.8,2424.14,2426.540670233219,2399.6447377575323,2413.092703995376,11.047296004624059
TR-039900,2025-09-09,september,Reefer,194.5,587.37,589.1995903113619,597.3987785088277,593.2991844100948,5.929184410094763
TR-039901,2025-09-10,september,Reefer,510.9,1234.24,1235.7370768048015,1213.143235056813,1224.4401559308071,9.799844069192886
TR-039902,2025-09-10,september,Flatbed,2608.8,5383.25,5099.267541997106,5070.641646073129,5084.954594035117,298.2954059648828
TR-039903,2025-09-10,september,Dry Van,2029.2,3849.67,3749.728177771542,3715.059823250879,3732.394000511211,117.27599948878924
TR-039904,2025-09-10,september,Dry Van,1146.1,2218.39,2160.307708230365,2276.0612647870453,2218.184486508705,0.20551349129482333
TR-039905,2025-09-10,september,Flatbed,455.6,1165.07,1148.489967110755,1149.0349685043275,1148.7624678075413,16.307532192458666
TR-039906,2025-09-10,september,Dry Van,796.3,1591.62,1595.4437711856021,1605.8147773656142,1600.6292742756082,9.009274275608277
TR-039907,2025-09-10,september,Dry Van,3123.9,5842.69,5795.89247616493,5705.977156299158,5750.934816232044,91.75518376795571
TR-039908,2025-09-10,september,Dry Van,691.8,1422.84,1471.8943422172592,1460.0001510025802,1465.9472466099196,43.107246609919684
TR-039909,2025-09-10,september,Reefer,838.2,5795.79,1912.8032721257373,1938.1567078777628,1925.4799900017501,3870.31000999825
TR-039910,2025-09-10,september,Dry Van,1986.2,3704.0,3736.191167993038,3718.476331540134,3727.333749766586,23.333749766586152
TR-039911,2025-09-10,september,Dry Van,616.7,1330.84,1359.9255460734985,1361.032533647579,1360.4790398605387,29.639039860538787
TR-039912,2025-09-10,september,Dry Van,3377.2,5969.57,5679.052208243169,5554.956605966685,5617.004407104927,352.56559289507277
TR-039913,2025-09-10,september,Dry Van,1003.4,2057.92,2073.7543433549263,2075.2475850498963,2074.5009642024115,16.58096420241145
TR-039914,2025-09-10,september,Dry Van,2844.3,5233.94,5168.520155518784,5132.228330096842,5150.374242807813,83.56575719218654
TR-039915,2025-09-10,september,Dry Van,839.4,1654.8,1673.7180978230726,1692.3073045899637,1683.0127012065182,28.212701206518204
TR-039916,2025-09-10,september,Dry Van,258.5,630.26,646.4037708072351,633.8889621115945,640.1463664594148,9.88636645941483
TR-039917,2025-09-10,september,Reefer,1856.1,3902.89,3861.444700094439,3801.0800286855474,3831.2623643899933,71.62763561000656
TR-039918,2025-09-10,september,Dry Van,201.2,548.19,545.4292311689202,552.5935777577745,549.0114044633474,0.821404463347335
TR-039919,2025-09-10,september,Dry Van,974.5,1953.83,1889.5846552499534,1920.579959279661,1905.0823072648072,48.747692735192686
TR-039920,2025-09-10,september,Dry Van,859.5,1834.95,1764.6230155896747,1803.2511298594557,1783.937072724565,51.012927275435004
TR-039921,2025-09-10,september,Dry Van,2263.7,4355.98,4294.189614169717,4224.008663513505,4259.099138841611,96.88086115838814
TR-039922,2025-09-10,september,Reefer,532.9,1391.81,1407.7818109380323,1396.8244023191392,1402.3031066285857,10.493106628585792
TR-039923,2025-09-10,september,Reefer,509.1,1323.33,1296.7722410883296,1260.594303349644,1278.6832722189868,44.64672778101317
TR-039924,2025-09-10,september,Dry Van,779.2,1682.87,1631.440576311133,1660.4497643491886,1645.9451703301609,36.92482966983903
TR-039925,2025-09-10,september,Reefer,1764.2,3642.58,3667.93362289397,3586.5960326687386,3627.264827781354,15.315172218645785
TR-039926,2025-09-10,september,Flatbed,1810.4,3688.48,3694.666544318361,3687.9110437232885,3691.2887940208248,2.8087940208247346
TR-039927,2025-09-10,september,Dry Van,1249.0,2459.73,2408.5039807618473,2479.0042554670963,2443.7541181144716,15.975881885528452
TR-039928,2025-09-10,september,Dry Van,815.4,1716.4,1719.4385101399298,1704.1473341424758,1711.7929221412028,4.607077858797311
TR-039929,2025-09-10,september,Reefer,1425.4,3159.05,3139.7558248095233,3079.754801095962,3109.7553129527428,49.29468704725741
TR-039930,2025-09-10,september,Flatbed,578.0,1375.61,1318.5088665328647,1305.8844776344126,1312.1966720836385,63.41332791636137
TR-039931,2025-09-10,september,Dry Van,1815.0,3457.21,3489.5148359714035,3457.002458611644,3473.2586472915236,16.048647291523594
TR-039932,2025-09-10,september,Reefer,300.9,805.25,794.5286809095481,795.0802748474348,794.8044778784915,10.445522121508475
TR-039933,2025-09-10,september,Dry Van,1731.7,3318.89,3226.3707216620687,3222.6882110035026,3224.529466332786,94.36053366721399
TR-039934,2025-09-10,september,Dry Van,2280.6,4213.04,4189.520775839133,4205.776225903327,4197.64850087123,15.391499128770192
TR-039935,2025-09-10,september,Flatbed,722.6,1800.09,1779.4169844882772,1751.4927687583902,1765.4548766233338,34.635123376666115
TR-039936,2025-09-10,september,Dry Van,361.6,830.98,831.4609505248529,814.8556791629765,823.1583148439147,7.821685156085323
TR-039937,2025-09-10,september,Flatbed,297.8,822.94,809.2834178681695,784.7031318487216,796.9932748584456,25.946725141554452
TR-039938,2025-09-10,september,Flatbed,199.7,606.05,567.7936931797991,566.1775614032529,566.985627291526,39.06437270847391
TR-039939,2025-09-10,september,Dry Van,1998.4,3890.56,3897.2083394847996,3915.214994617086,3906.211667050943,15.65166705094316
TR-039940,2025-09-10,september,Flatbed,891.9,1978.86,1947.9399226832018,1933.9286979113995,1940.9343102973007,37.925689702699174
TR-039941,2025-09-10,september,Reefer,352.5,932.38,916.1696497238333,899.2384904771347,907.704070100484,24.67592989951595
TR-039942,2025-09-10,september,Dry Van,1875.7,3379.98,3440.152204825854,3428.880225970777,3434.5162153983156,54.53621539831556
TR-039943,2025-09-10,september,Dry Van,81.6,245.86,258.93726253178096,250.33263439138727,254.63494846158412,8.774948461584103
TR-039944,2025-09-10,september,Dry Van,410.2,910.23,900.8181215019376,894.9253581994024,897.87173985067,12.358260149330022
TR-039945,2025-09-10,september,Dry Van,2082.2,3826.97,3816.269317632238,3787.0848426552893,3801.6770801437638,25.29291985623604
TR-039946,2025-09-10,september,Dry Van,173.3,468.64,455.94401545413984,459.9815965901871,457.9628060221635,10.67719397783651
TR-039947,2025-09-10,september,Dry Van,1970.1,3655.22,3692.3553092150355,3657.643273410111,3674.9992913125734,19.779291312573605
TR-039948,2025-09-10,september,Reefer,481.7,1227.68,1205.285120745224,1207.158654840428,1206.221887792826,21.458112207174054
TR-039949,2025-09-10,september,Dry Van,1988.1,3892.71,3897.0277817686324,3866.4563986844964,3881.7420902265644,10.967909773435622
TR-039950,2025-09-10,september,Dry Van,552.7,1159.83,1158.5336067286507,1152.2753581955235,1155.4044824620871,4.42551753791281
TR-039951,2025-09-10,september,Dry Van,861.4,1714.46,1701.7016161965967,1699.0208990431565,1700.3612576198766,14.09874238012344
TR-039952,2025-09-10,september,Dry Van,1816.2,3751.53,3605.2508546349363,3552.194644473191,3578.7227495540637,172.80725044593646
TR-039953,2025-09-10,september,Dry Van,758.7,1490.03,1468.3043482671542,1463.163029495643,1465.7336888813986,24.296311118601352
TR-039954,2025-09-10,september,Flatbed,2049.9,4221.78,4163.290229631454,4155.936515814896,4159.613372723175,62.16662727682433
TR-039955,2025-09-10,september,Reefer,530.1,1274.03,1243.9211155553605,1254.5723773027926,1249.2467464290767,24.783253570923307
TR-039956,2025-09-10,september,Dry Van,1250.9,2456.19,2429.935041036409,2342.3453263203232,2386.140183678366,70.0498163216339
TR-039957,2025-09-10,september,Dry Van,274.5,706.67,707.8915008136931,704.4517960506387,706.171648432166,0.4983515678339927
TR-039958,2025-09-10,september,Dry Van,1105.6,2134.16,2037.0185125303726,2075.0450373359304,2056.0317749331516,78.12822506684824
TR-039959,2025-09-10,september,Flatbed,3072.9,5990.75,5928.572556259491,5952.194786331032,5940.383671295262,50.36632870473841
TR-039960,2025-09-10,september,Reefer,789.6,1891.27,1888.0731221360293,1876.6368704094543,1882.3549962727418,8.915003727258181
TR-039961,2025-09-10,september,Dry Van,558.5,1261.09,1223.9472422824128,1228.4660019160856,1226.2066220992492,34.8833779007507
TR-039962,2025-09-10,september,Flatbed,636.6,1495.45,1453.3838824530903,1463.8157526522514,1458.5998175526709,36.85018244732919
TR-039963,2025-09-10,september,Dry Van,3101.9,5714.34,5613.490178687908,5646.829247414813,5630.15971305136,84.18028694864006
TR-039964,2025-09-10,september,Dry Van,373.1,857.81,848.8153544661731,849.2782980821671,849.0468262741701,8.763173725829802
TR-039965,2025-09-10,september,Reefer,291.0,810.24,794.810411805797,788.7723588898959,791.7913853478465,18.448614652153537
TR-039966,2025-09-10,september,Flatbed,307.9,856.86,834.3653267242956,834.3726327098291,834.3689797170623,22.49102028293771
TR-039967,2025-09-10,september,Dry Van,2353.9,4324.74,4419.861469254137,4417.283119551871,4418.572294403004,93.8322944030042
TR-039968,2025-09-10,september,Dry Van,336.8,775.28,767.421715905773,785.1923006440047,776.3070082748889,1.0270082748888854
TR-039969,2025-09-10,september,Dry Van,1557.5,2897.11,2901.7080515015004,2887.8575064864044,2894.7827789939524,2.3272210060476937
TR-039970,2025-09-10,september,Dry Van,1451.5,2932.4,2911.681394347484,2932.26706234527,2921.974228346377,10.425771653623087
TR-039971,2025-09-10,september,Reefer,307.3,899.18,874.6995939611511,913.2804377765956,893.9900158688733,5.189984131126607
TR-039972,2025-09-10,september,Dry Van,2964.6,5282.81,5352.644280663353,5351.991788552586,5352.31803460797,69.50803460796942
TR-039973,2025-09-10,september,Dry Van,774.4,1604.96,1625.18085731705,1618.6394708302253,1621.9101640736376,16.950164073637552
TR-039974,2025-09-10,september,Reefer,1961.5,4190.71,4130.36566717652,4188.561814729632,4159.463740953076,31.246259046924024
TR-039975,2025-09-10,september,Dry Van,394.0,902.06,871.6407124810745,894.8990629131506,883.2698876971126,18.790112302887337
TR-039976,2025-09-10,september,Reefer,486.4,1284.52,1228.0841087547155,1250.8249703320757,1239.4545395433956,45.06546045660434
TR-039977,2025-09-10,september,Dry Van,2502.0,4791.56,4780.978738410076,4729.349707775986,4755.164223093031,36.39577690696933
TR-039978,2025-09-10,september,Dry Van,2323.0,4493.19,4349.033848309906,4370.31445986222,4359.674154086063,133.51584591393657
TR-039979,2025-09-10,september,Reefer,499.8,1194.45,1197.6607174176868,1166.255896224562,1181.9583068211246,12.491693178875494
TR-039980,2025-09-10,september,Dry Van,739.5,1403.96,1417.034339122567,1448.073490567073,1432.55391484482,28.593914844819892
TR-039981,2025-09-10,september,Dry Van,627.6,1389.2,1378.782380259519,1381.9849006192453,1380.3836404393821,8.816359560617911
TR-039982,2025-09-10,september,Reefer,2745.9,5433.92,5561.118721545417,5509.392775568871,5535.255748557144,101.33574855714414
TR-039983,2025-09-10,september,Dry Van,1004.2,2077.41,2061.9701393750765,2080.466242424556,2071.2181908998164,6.191809100183491
TR-039984,2025-09-10,september,Dry Van,396.0,867.11,872.7245784064326,881.0638219011887,876.8942001538106,9.784200153810616
TR-039985,2025-09-10,september,Dry Van,814.6,1673.2,1672.0073863388043,1665.716973610391,1668.8621799745977,4.3378200254023795
TR-039986,2025-09-10,september,Dry Van,2810.7,5348.71,5240.71321118851,5226.054359989268,5233.383785588889,115.32621441111132
TR-039987,2025-09-10,september,Flatbed,308.9,851.64,842.8364996995018,875.0975873546051,858.9670435270534,7.3270435270534335
TR-039988,2025-09-10,september,Dry Van,1706.0,3442.21,3484.73430469608,3376.4821376071086,3430.608221151594,11.601778848405957
TR-039989,2025-09-10,september,Flatbed,771.8,1870.77,1864.682008134391,1799.8980637436653,1832.2900359390283,38.479964060971724
TR-039990,2025-09-10,september,Dry Van,1072.5,2203.39,2162.5201843803206,2160.2076577351263,2161.3639210577235,42.0260789422764
TR-039991,2025-09-10,september,Reefer,2330.1,4945.33,4811.944761182877,4819.309422568284,4815.627091875581,129.70290812441908
TR-039992,2025-09-10,september,Reefer,2089.0,4316.9,4262.084887392434,4224.061246620734,4243.073067006584,73.82693299341554
TR-039993,2025-09-10,september,Reefer,706.7,1617.61,1660.4471338212506,1626.612444071608,1643.5297889464293,25.919788946429435
TR-039994,2025-09-10,september,Reefer,877.6,2135.53,2155.0098698859256,2130.289061930307,2142.6494659081163,7.119465908116126
TR-039995,2025-09-10,september,Flatbed,2678.0,5390.41,5157.485445155763,5268.957406759284,5213.221425957523,177.18857404247683
TR-039996,2025-09-10,september,Flatbed,1265.5,2952.58,2886.1643649857137,2823.202600852587,2854.6834829191503,97.89651708084966
TR-039997,2025-09-10,september,Dry Van,297.8,745.55,754.9694545127417,739.8667385063861,747.4180965095638,1.868096509563884
TR-039998,2025-09-10,september,Dry Van,976.0,2039.12,2098.5314439536623,2101.7134527695594,2100.1224483616106,61.00244836161073
TR-039999,2025-09-10,september,Reefer,697.3,1642.87,1685.3395734549842,1633.2105825312578,1659.2750779931212,16.405077993121267
TR-040000,2025-09-10,september,Dry Van,1628.1,3055.7,3043.800446399529,3057.7152984775194,3050.757872438524,4.9421275614759
TR-040001,2025-09-10,september,Dry Van,1682.5,3333.07,3338.034690113519,3379.339253882216,3358.6869719978677,25.616971997867495
TR-040002,2025-09-10,september,Dry Van,536.2,1175.9,1159.1408187972106,1161.6204995154858,1160.3806591563482,15.51934084365189
TR-040003,2025-09-10,september,Dry Van,1445.3,2813.46,2752.7015464616197,2831.1800967255053,2791.9408215935628,21.519178406437277
TR-040004,2025-09-10,september,Dry Van,425.0,977.98,967.185429518857,973.8589983910827,970.5222139549699,7.457786045030161
TR-040005,2025-09-10,september,Reefer,1290.6,3025.17,2901.1407266228434,2911.3181949834798,2906.2294608031616,118.94053919683847
TR-040006,2025-09-10,september,Dry Van,547.4,1174.92,1192.3983373649908,1205.1778294021187,1198.7880833835547,23.868083383554676
TR-040007,2025-09-10,september,Dry Van,785.9,1652.47,1642.7726869331857,1671.3489451240682,1657.060816028627,4.590816028626932
TR-040008,2025-09-10,september,Dry Van,2236.9,4186.74,4230.31789422844,4261.726845580468,4246.0223699044545,59.282369904454754
TR-040009,2025-09-10,september,Reefer,897.7,2057.18,2006.9550918157229,2012.822715694758,2009.8889037552403,47.2910962447595
TR-040010,2025-09-10,september,Reefer,384.2,961.79,944.5136485156066,945.1201055735182,944.8168770445625,16.973122955437475
TR-040011,2025-09-10,september,Dry Van,619.6,1417.14,1416.035469233632,1397.9161283092737,1406.975798771453,10.1642012285472
TR-040012,2025-09-10,september,Flatbed,2186.9,4233.0,4203.384891710454,4178.191396598818,4190.788144154636,42.21185584536397
TR-040013,2025-09-10,september,Dry Van,777.4,1563.34,1533.0511934240478,1568.6130563069307,1550.8321248654893,12.507875134510641
TR-040014,2025-09-10,september,Reefer,1590.6,3545.53,3471.7044310832075,3489.9255366179095,3480.8149838505587,64.71501614944145
TR-040015,2025-09-10,september,Reefer,1977.9,4307.33,4285.081788093072,4323.533849159907,4304.307818626489,3.022181373510648
TR-040016,2025-09-10,september,Reefer,527.8,1407.48,1409.9221116523809,1378.4444722700714,1394.1832919612261,13.296708038773886
TR-040017,2025-09-10,september,Reefer,1998.6,4376.2,4327.3392935522015,4327.596667845035,4327.467980698619,48.732019301381115
TR-040018,2025-09-10,september,Flatbed,187.8,548.09,549.2677153069181,540.8047117468413,545.0362135268797,3.05378647312034
TR-040019,2025-09-10,september,Dry Van,1610.4,3124.92,3115.248948505891,3108.9383613054424,3112.093654905667,12.826345094333192
TR-040020,2025-09-10,september,Dry Van,1457.5,2782.8,2710.1610201845137,2783.178040577875,2746.6695303811944,36.13046961880582
TR-040021,2025-09-10,september,Dry Van,1013.1,2012.52,1951.5616569904214,1988.5135717661833,1970.0376143783024,42.48238562169763
TR-040022,2025-09-10,september,Dry Van,2611.8,4860.78,4916.7154016043305,4902.685791394653,4909.700596499491,48.920596499491694
TR-040023,2025-09-10,september,Reefer,987.8,2276.91,2258.1680827602354,2275.9609672424012,2267.0645250013185,9.845474998681311
TR-040024,2025-09-10,september,Dry Van,1950.8,3663.3,3672.980225195267,3683.0113572309665,3677.9957912131167,14.695791213116536
TR-040025,2025-09-10,september,Dry Van,1204.1,2406.78,2432.2883968457913,2378.9882235934683,2405.6383102196296,1.1416897803705979
TR-040026,2025-09-10,september,Reefer,215.8,643.83,639.6903570620957,607.4512509525698,623.5708040073328,20.259195992667287
TR-040027,2025-09-10,september,Dry Van,831.2,1711.91,1707.8238022339433,1727.1644465957684,1717.4941244148558,5.584124414855751
TR-040028,2025-09-10,september,Reefer,851.9,2042.48,2017.7702698389182,2015.2532749490456,2016.511772393982,25.96822760601799
TR-040029,2025-09-10,september,Flatbed,434.5,1098.71,1064.9866759473587,1056.5638430152962,1060.7752594813273,37.9347405186727
TR-040030,2025-09-10,september,Dry Van,438.1,1070.18,1075.8711470584537,1056.6192161192344,1066.245181588844,3.9348184111561295
TR-040031,2025-09-10,september,Dry Van,600.4,1395.18,1395.5014179113025,1400.1971557060037,1397.8492868086532,2.669286808653169
TR-040032,2025-09-10,september,Dry Van,2914.6,5241.8,5327.537049424154,5244.698250022278,5286.117649723216,44.317649723216164
TR-040033,2025-09-10,september,Reefer,1278.3,2710.93,2749.205580630286,2735.0803271336886,2742.1429538819875,31.212953881987687
TR-040034,2025-09-10,september,Dry Van,2617.1,4813.65,4862.741264261697,4772.468404768684,4817.60483451519,3.9548345151906688
TR-040035,2025-09-10,september,Dry Van,1067.3,2195.23,2186.20127986226,2157.7648616664087,2171.983070764334,23.246929235665903
TR-040036,2025-09-10,september,Dry Van,1431.3,2806.77,2797.363731697845,2758.921100351956,2778.1424160249007,28.627583975099242
TR-040037,2025-09-10,september,Reefer,228.3,636.64,632.8353723931699,631.7745775538056,632.3049749734878,4.335025026512199
TR-040038,2025-09-10,september,Dry Van,950.5,1887.3,1870.2043643484847,1906.7625314527868,1888.4834479006358,1.1834479006358833
TR-040039,2025-09-10,september,Reefer,957.3,2192.73,2173.958925894383,2184.5399693509207,2179.249447622652,13.480552377347976
TR-040040,2025-09-10,september,Reefer,1129.5,2680.22,2601.4551236917873,2620.0000834772454,2610.727603584516,69.49239641548365
TR-040041,2025-09-10,september,Dry Van,180.2,477.61,474.7170600734573,458.9331349752872,466.82509752437227,10.784902475627746
TR-040042,2025-09-10,september,Reefer,1625.8,3401.18,3408.332119596733,3393.232051102117,3400.782085349425,0.39791465057487585
TR-040043,2025-09-10,september,Dry Van,1292.1,2511.55,2458.799539901042,2489.8439124223883,2474.321726161715,37.22827383828508
TR-040044,2025-09-10,september,Reefer,2688.4,5641.98,5486.472287457731,5561.1326162163405,5523.802451837036,118.17754816296383
TR-040045,2025-09-10,september,Dry Van,1916.8,3808.59,3748.2428314691656,3822.4953520072977,3785.369091738232,23.220908261768272
TR-040046,2025-09-10,september,Dry Van,688.3,3348.83,1452.0320462493407,1454.332988781144,1453.1825175152424,1895.6474824847576
TR-040047,2025-09-10,september,Dry Van,957.6,2049.34,2052.4402555986217,2027.6183890396762,2040.0293223191488,9.310677680851313
TR-040048,2025-09-10,september,Dry Van,1370.4,2807.39,2757.7306648620884,2706.8758905100376,2732.3032776860628,75.08672231393712
TR-040049,2025-09-10,september,Flatbed,2887.9,1758.37,5571.35913297767,5563.941411686285,5567.650272331977,3809.2802723319774
TR-040050,2025-09-10,september,Dry Van,2285.2,4302.88,4293.211805181528,4268.411520336045,4280.811662758786,22.068337241214067
TR-040051,2025-09-10,september,Dry Van,993.1,1969.6,1904.0326768120506,1956.7179805783064,1930.3753286951785,39.22467130482141
TR-040052,2025-09-10,september,Dry Van,356.3,855.3,876.5938033044545,879.4067040521923,878.0002536783234,22.700253678323406
TR-040053,2025-09-10,september,Dry Van,1447.5,2914.9,2885.2229703318326,2908.7864278365537,2897.004699084193,17.895300915807184
TR-040054,2025-09-10,september,Dry Van,1248.3,2465.22,2460.00382429348,2489.119967601242,2474.5618959473613,9.341895947361536
TR-040055,2025-09-10,september,Flatbed,1007.4,2399.07,2350.1341932049822,2315.2075569615977,2332.67087508329,66.3991249167102
TR-040056,2025-09-10,september,Dry Van,3100.0,5383.59,5477.624535277599,5382.657019265524,5430.140777271561,46.550777271560946
TR-040057,2025-09-10,september,Flatbed,703.5,1579.77,1544.1102340539126,1529.2957473677732,1536.7029907108429,43.06700928915711
TR-040058,2025-09-10,september,Flatbed,2091.8,4140.08,4057.7446968535105,4026.6763955676756,4042.210546210593,97.86945378940709
TR-040059,2025-09-10,september,Dry Van,1421.4,2887.23,2810.552012886408,2790.230161160198,2800.391087023303,86.83891297669697
TR-040060,2025-09-10,september,Dry Van,327.0,3869.45,809.6460637035476,787.1522979152942,798.3991808094208,3071.050819190579
TR-040061,2025-09-10,september,Dry Van,265.1,657.63,656.7312668912132,655.5578298560201,656.1445483736167,1.4854516263833375
TR-040062,2025-09-11,september,Dry Van,1166.6,2291.53,2300.0929238248896,2317.0815465107694,2308.5872351678295,17.057235167829276
TR-040063,2025-09-11,september,Dry Van,1822.9,3516.64,3465.746359931508,3437.635370144136,3451.690865037822,64.94913496217805
TR-040064,2025-09-11,september,Reefer,988.2,2417.85,2330.4149935296996,2340.204437374631,2335.3097154521656,82.54028454783429
TR-040065,2025-09-11,september,Reefer,1922.5,4033.26,4018.2000781053375,3997.9023651958664,4008.051221650602,25.208778349398017
TR-040066,2025-09-11,september,Flatbed,1027.1,2439.49,2332.0925955777825,2313.5079594306985,2322.8002775042405,116.68972249575927
TR-040067,2025-09-11,september,Dry Van,417.9,934.11,893.5052908184847,914.712775512857,904.1090331656708,30.000966834329233
TR-040068,2025-09-11,september,Reefer,1652.6,3825.7,3757.1291192544786,3754.1849764296044,3755.6570478420417,70.0429521579581
TR-040069,2025-09-11,september,Dry Van,2197.5,4007.04,3994.3193750466867,3966.717944719267,3980.518659882977,26.5213401170231
TR-040070,2025-09-11,september,Dry Van,697.1,1452.89,1447.8829033310046,1425.9545400162397,1436.9187216736223,15.971278326377842
TR-040071,2025-09-11,september,Reefer,217.2,627.33,594.3030894042299,599.2420374353728,596.7725634198014,30.55743658019867
TR-040072,2025-09-11,september,Flatbed,597.4,1337.53,1288.5768358430598,1288.6206604840136,1288.5987481635366,48.93125183646339
TR-040073,2025-09-11,september,Reefer,2744.5,5729.48,5616.981591198538,5547.774578268406,5582.378084733472,147.1019152665276
TR-040074,2025-09-11,september,Dry Van,1355.0,2534.93,2547.483460371281,2593.615627930416,2570.5495441508483,35.61954415084847
TR-040075,2025-09-11,september,Reefer,753.5,1893.57,1889.4398985049997,1848.0828768493125,1868.761387677156,24.80861232284383
TR-040076,2025-09-11,september,Dry Van,1765.6,3118.9,3234.023770279444,3185.2469719857545,3209.635371132599,90.73537113259908
TR-040077,2025-09-11,september,Dry Van,931.9,1991.68,1952.162331343594,1963.772822979942,1957.967577161768,33.71242283823199
TR-040078,2025-09-11,september,Reefer,1626.9,3709.46,3582.871478957908,3593.095833346639,3587.9836561522734,121.47634384772664
TR-040079,2025-09-11,september,Reefer,116.3,363.4,354.53895229725595,364.09496972040824,359.3169610088321,4.083038991167882
TR-040080,2025-09-11,september,Flatbed,2046.7,9993.31,4086.707459886274,4050.9568730419223,4068.832166464098,5924.4778335359015
TR-040081,2025-09-11,september,Dry Van,201.8,548.2,541.9443047131462,557.5817382348405,549.7630214739934,1.5630214739933308
TR-040082,2025-09-11,september,Reefer,1657.6,3595.73,3550.0181301401544,3528.006923667779,3539.012526903967,56.717473096033245
TR-040083,2025-09-11,september,Dry Van,573.4,1190.03,1181.2454262118088,1183.9740125818098,1182.6097193968094,7.420280603190577
TR-040084,2025-09-11,september,Reefer,464.9,1258.59,1240.8388592094943,1229.810453117896,1235.3246561636952,23.265343836304737
TR-040085,2025-09-11,september,Dry Van,528.1,1169.27,1128.3257313715017,1118.2740988865908,1123.2999151290462,45.97008487095377
TR-040086,2025-09-11,september,Dry Van,183.5,468.28,452.9707749716777,445.5201408517494,449.2454579117135,19.034542088286457
TR-040087,2025-09-11,september,Dry Van,1556.1,3077.55,3025.5274953737926,2963.5785462261792,2994.553020799986,82.99697920001427
TR-040088,2025-09-11,september,Flatbed,792.1,1750.91,1670.5010075035755,1725.2886316465356,1697.8948195750554,53.015180424944674
TR-040089,2025-09-11,september,Dry Van,2508.0,4867.0,4772.938180437745,4792.699966325008,4782.819073381377,84.18092661862283
TR-040090,2025-09-11,september,Dry Van,266.7,674.55,656.6369218311053,641.2688097615462,648.9528657963258,25.59713420367416
TR-040091,2025-09-11,september,Reefer,217.5,637.22,604.6930604381486,627.5114522256949,616.1022563319218,21.11774366807822
TR-040092,2025-09-11,september,Dry Van,274.6,632.9,641.289728477878,635.0940472605782,638.1918878692281,5.291887869228162
TR-040093,2025-09-11,september,Dry Van,455.6,1013.09,1022.4922533383428,1032.3033713822024,1027.3978123602726,14.307812360272578
TR-040094,2025-09-11,september,Dry Van,638.8,1437.98,1424.2709193943754,1397.8843718421376,1411.0776456182566,26.902354381743407
TR-040095,2025-09-11,september,Dry Van,133.1,392.73,376.03581806937547,396.0642813004554,386.0500496849154,6.679950315084625
TR-040096,2025-09-11,september,Dry Van,181.6,480.28,473.2530990917362,457.6537442881786,465.4534216899574,14.826578310042578
TR-040097,2025-09-11,september,Reefer,1760.3,20132.37,3848.5999551301898,3826.0758138171623,3837.3378844736762,16295.032115526323
TR-040098,2025-09-11,september,Dry Van,1312.0,2463.78,2450.4642396820454,2464.951247328616,2457.7077435053307,6.072256494669546
TR-040099,2025-09-11,september,Flatbed,324.5,879.33,877.5158896195937,881.5064125992571,879.5111511094254,0.18115110942540014
TR-040100,2025-09-11,september,Flatbed,641.8,1495.51,1445.0380417338288,1438.5593877540177,1441.7987147439233,53.711285256076735
TR-040101,2025-09-11,september,Dry Van,741.7,1606.71,1615.61982637285,1605.1149663363108,1610.3673963545803,3.6573963545802144
TR-040102,2025-09-11,september,Dry Van,770.0,1606.62,1597.3581820744932,1591.7655810604297,1594.5618815674616,12.058118432538322
TR-040103,2025-09-11,september,Dry Van,1079.0,2213.28,2199.3318853744286,2165.3870271732117,2182.35945627382,30.920543726180313
TR-040104,2025-09-11,september,Dry Van,810.8,1625.51,1611.9129133639042,1605.5300862435865,1608.7214998037452,16.788500196254745
TR-040105,2025-09-11,september,Dry Van,1143.6,2270.71,2311.2534693632033,2283.913638846555,2297.583554104879,26.873554104879076
TR-040106,2025-09-11,september,Dry Van,863.5,1872.91,1847.6375572494235,1876.0988405703133,1861.8681989098684,11.041801090131685
TR-040107,2025-09-11,september,Dry Van,554.5,1196.5,1190.6751359983516,1191.2143237679147,1190.9447298831333,5.555270116866723
TR-040108,2025-09-11,september,Flatbed,997.3,2320.06,2280.394456420028,2261.1507012835896,2270.7725788518087,49.28742114819124
TR-040109,2025-09-11,september,Dry Van,2303.8,4229.61,4175.065309857845,4147.341060899905,4161.203185378875,68.4068146211248
TR-040110,2025-09-11,september,Flatbed,995.3,2167.33,2194.900839820452,2202.235116450695,2198.5679781355734,31.237978135573485
TR-040111,2025-09-11,september,Dry Van,1844.6,3664.86,3675.42174873982,3668.0017354572065,3671.7117420985132,6.851742098513114
TR-040112,2025-09-11,september,Dry Van,1025.3,2196.15,2128.60189050895,2124.119664475903,2126.3607774924267,69.78922250757341
TR-040113,2025-09-11,september,Reefer,337.2,977.56,920.3749849234642,947.6262151825176,934.0006000529909,43.55939994700907
TR-040114,2025-09-11,september,Reefer,712.8,1685.94,1685.8058414326017,1699.1487519291827,1692.4772966808923,6.537296680892268
TR-040115,2025-09-11,september,Reefer,918.0,1979.6,1981.3699138515758,1953.4796191045393,1967.4247664780576,12.175233521942346
TR-040116,2025-09-11,september,Dry Van,481.9,1098.94,1090.7719352106317,1072.5705657821036,1081.6712504963675,17.268749503632534
TR-040117,2025-09-11,september,Dry Van,1478.9,2989.01,2938.9906034670935,3020.939139317846,2979.96487139247,9.045128607530387
TR-040118,2025-09-11,september,Dry Van,2866.2,5292.37,5233.435030164883,5171.93870958474,5202.686869874811,89.68313012518865
TR-040119,2025-09-11,september,Dry Van,1532.8,3098.97,3142.770254598489,3107.1003930173183,3124.935323807904,25.965323807904042
TR-040120,2025-09-11,september,Reefer,1856.4,4344.65,4123.236005239476,4165.54923768299,4144.392621461233,200.25737853876672
TR-040121,2025-09-11,september,Dry Van,174.5,492.83,479.163574956077,457.208164008571,468.185869482324,24.64413051767599
TR-040122,2025-09-11,september,Reefer,694.1,1599.16,1599.3340540154218,1566.7978766956135,1583.0659653555176,16.094034644482463
TR-040123,2025-09-11,september,Dry Van,442.3,941.77,975.681115107589,967.5126328749686,971.5968739912788,29.82687399127883
TR-040124,2025-09-11,september,Reefer,1917.8,4198.18,4035.62272604322,4075.7713942418836,4055.697060142552,142.4829398574484
TR-040125,2025-09-11,september,Dry Van,941.8,1749.01,1728.4557958105654,1745.7468738059138,1737.1013348082397,11.908665191760292
TR-040126,2025-09-11,september,Dry Van,2295.9,4168.47,4117.85745593408,4111.8816701952455,4114.8695630646625,53.60043693533771
TR-040127,2025-09-11,september,Reefer,494.1,1301.34,1303.6384609927618,1293.27115378851,1298.4548073906358,2.8851926093641396
TR-040128,2025-09-11,september,Dry Van,1891.9,3471.55,3437.160241081951,3438.060203514736,3437.6102222983436,33.93977770165657
TR-040129,2025-09-11,september,Flatbed,2184.9,4630.06,4432.542797502477,4480.46775377499,4456.505275638734,173.55472436126638
TR-040130,2025-09-11,september,Flatbed,1126.7,2434.73,2367.0338993262453,2371.043887072463,2369.038893199354,65.69110680064614
TR-040131,2025-09-11,september,Flatbed,507.1,1194.91,1181.9100509151542,1186.8732353305272,1184.3916431228408,10.518356877159249
TR-040132,2025-09-11,september,Flatbed,1298.2,2820.43,2760.9223507565653,2727.71922692956,2744.3207888430625,76.10921115693736
TR-040133,2025-09-11,september,Flatbed,331.1,880.53,836.111998995669,847.5297382560077,841.8208686258383,38.70913137416164
TR-040134,2025-09-11,september,Reefer,1547.7,3309.54,3316.359494639346,3287.698601260795,3302.0290479500704,7.510952049929529
TR-040135,2025-09-11,september,Dry Van,558.9,1195.38,1201.309218840564,1205.2564852424894,1203.2828520415267,7.9028520415265575
TR-040136,2025-09-11,september,Flatbed,1311.3,2679.76,2669.0600781830794,2643.867331162409,2656.463704672744,23.296295327256303
TR-040137,2025-09-11,september,Dry Van,2157.5,4219.73,4182.308406181327,4187.298511706646,4184.803458943987,34.926541056012866
TR-040138,2025-09-11,september,Dry Van,798.7,1606.18,1590.1307819365438,1618.2876524032667,1604.2092171699053,1.9707828300947767
TR-040139,2025-09-11,september,Dry Van,588.6,1217.29,1235.8829645914377,1225.3767682692376,1230.6298664303376,13.339866430337679
TR-040140,2025-09-11,september,Reefer,343.6,958.52,940.9690785629521,961.5484372213944,951.2587578921732,7.261242107826774
TR-040141,2025-09-11,september,Dry Van,2325.6,4241.61,4231.65441391437,4245.8214818372835,4238.737947875827,2.872052124173024
TR-040142,2025-09-11,september,Dry Van,1989.7,3791.78,3813.333634382646,3810.2389553296234,3811.7862948561346,20.006294856134446
TR-040143,2025-09-11,september,Reefer,1256.7,2814.93,2793.399990655123,2771.839104838655,2782.619547746889,32.310452253110725
TR-040144,2025-09-11,september,Dry Van,2122.2,3895.62,3985.148469742959,4010.487413355483,3997.8179415492214,102.19794154922147
TR-040145,2025-09-11,september,Dry Van,2036.5,3866.67,3887.07771185161,3870.8086053677825,3878.943158609696,12.273158609696111
TR-040146,2025-09-11,september,Dry Van,591.3,1328.04,1350.1184948480268,1344.1459338290556,1347.1322143385412,19.092214338541226
TR-040147,2025-09-11,september,Reefer,2363.2,5113.28,4929.909941155996,4935.786903614084,4932.84842238504,180.43157761495968
TR-040148,2025-09-11,september,Dry Van,3082.4,5746.04,5686.344894363525,5717.746437616925,5702.045665990225,43.99433400977523
TR-040149,2025-09-11,september,Flatbed,576.3,1360.11,1321.3969697330388,1323.1520654473384,1322.2745175901887,37.83548240981122
TR-040150,2025-09-11,september,Reefer,917.1,2140.16,2073.7317607924724,2033.2948547315455,2053.513307762009,86.64669223799092
TR-040151,2025-09-11,september,Reefer,1693.2,3534.88,3577.401653690893,3482.0116618632755,3529.7066577770843,5.173342222915835
TR-040152,2025-09-11,september,Dry Van,454.7,967.48,996.5993420769039,988.2566966650234,992.4280193709636,24.948019370963607
TR-040153,2025-09-11,september,Flatbed,370.3,869.7,861.3508185444068,839.9166795149108,850.6337490296588,19.06625097034123
TR-040154,2025-09-11,september,Dry Van,284.9,732.91,723.8760316176586,716.2277821655414,720.0519068916,12.858093108399999
TR-040155,2025-09-11,september,Dry Van,1280.0,2668.05,2655.951782969538,2632.082141240289,2644.0169621049135,24.033037895086636
TR-040156,2025-09-11,september,Reefer,272.7,770.42,750.5570690725104,788.725204375271,769.6411367238907,0.7788632761092913
TR-040157,2025-09-11,september,Dry Van,498.0,1172.93,1134.3173045841882,1149.0570111780507,1141.6871578811194,31.242842118880617
TR-040158,2025-09-11,september,Dry Van,518.8,1098.51,1118.6556551862468,1092.2639961853574,1105.4598256858021,6.949825685802125
TR-040159,2025-09-11,september,Dry Van,1950.8,12240.81,3854.8651829570013,3879.5427422683633,3867.2039626126825,8373.606037387317
TR-040160,2025-09-11,september,Dry Van,215.4,550.71,558.2131221628274,539.6040036267466,548.908562894787,1.80143710521304
TR-040161,2025-09-11,september,Reefer,362.0,993.48,974.035491264263,950.4684126284135,962.2519519463383,31.228048053661723
TR-040162,2025-09-11,september,Flatbed,840.7,1879.68,1810.7451299640177,1824.1686177347387,1817.456873849378,62.223126150621965
TR-040163,2025-09-11,september,Dry Van,1292.9,2545.64,2487.230154899884,2508.3610482676286,2497.7956015837563,47.84439841624362
TR-040164,2025-09-11,september,Dry Van,441.5,1010.27,1018.535330636263,1004.912013721933,1011.723672179098,1.453672179098021
TR-040165,2025-09-11,september,Reefer,2026.7,4331.88,4229.773549242066,4226.355240634327,4228.0643949381965,103.81560506180358
TR-040166,2025-09-11,september,Flatbed,967.0,2163.98,2107.722517729731,2170.457526412995,2139.090022071363,24.88997792863711
TR-040167,2025-09-11,september,Dry Van,1442.6,2695.4,2662.246239025483,2677.5556562055835,2669.9009476155334,25.499052384466722
TR-040168,2025-09-11,september,Flatbed,1229.2,2682.78,2675.1861145863854,2682.103575693086,2678.6448451397355,4.13515486026472
TR-040169,2025-09-11,september,Dry Van,2044.4,3981.03,3907.3620769278273,3894.1091722267297,3900.7356245772785,80.29437542272171
TR-040170,2025-09-11,september,Flatbed,1127.4,2474.47,2397.142484616871,2434.2177263955055,2415.6801055061883,58.789894493811516
TR-040171,2025-09-11,september,Reefer,484.8,1212.72,1175.2303145981434,1184.8950580916294,1180.0626863448865,32.65731365511351
TR-040172,2025-09-11,september,Dry Van,2283.4,20361.89,4289.315241621115,4282.644651303366,4285.979946462241,16075.910053537758
TR-040173,2025-09-11,september,Flatbed,362.0,899.35,880.6442306080432,908.7349810518056,894.6896058299244,4.6603941700756195
TR-040174,2025-09-11,september,Flatbed,521.0,244.05,1237.167162222916,1253.3663420595071,1245.2667521412116,1001.2167521412116
TR-040175,2025-09-11,september,Dry Van,1358.0,2526.64,2515.4108375439605,2544.708423263831,2530.0596304038954,3.419630403895553
TR-040176,2025-09-11,september,Dry Van,1192.0,2423.17,2353.1137365017953,2395.043398235835,2374.078567368815,49.091432631184944
TR-040177,2025-09-11,september,Dry Van,1335.2,2534.0,2510.076495452816,2551.5587757180674,2530.8176355854416,3.1823644145583785
TR-040178,2025-09-11,september,Dry Van,845.3,1879.01,1881.418838200775,1870.8248132120993,1876.1218257064372,2.88817429356277
TR-040179,2025-09-11,september,Dry Van,3000.0,5488.25,5591.702346842945,5509.756860974632,5550.729603908789,62.479603908788704
TR-040180,2025-09-11,september,Dry Van,801.8,1711.83,1731.501777606053,1713.516799685106,1722.5092886455795,10.679288645579618
TR-040181,2025-09-11,september,Dry Van,1064.7,2250.71,2283.84063030666,2233.7916722276727,2258.8161512671663,8.106151267166297
TR-040182,2025-09-11,september,Dry Van,2439.7,4541.48,4436.71866664754,4497.991549325709,4467.355107986625,74.12489201337485
TR-040183,2025-09-11,september,Dry Van,1733.3,3295.32,3216.5647285277664,3256.583650594669,3236.5741895612177,58.74581043878243
TR-040184,2025-09-11,september,Dry Van,2025.2,4008.71,3946.6152964187813,3994.737984346056,3970.6766403824186,38.03335961758148
TR-040185,2025-09-11,september,Dry Van,359.9,780.62,774.8786178546133,785.110011497193,779.9943146759031,0.6256853240969349
TR-040186,2025-09-11,september,Reefer,348.8,963.27,940.3921143689498,972.8051993538688,956.5986568614094,6.671343138590601
TR-040187,2025-09-11,september,Flatbed,1658.8,3688.72,3605.5609955515874,3597.9576113108874,3601.7593034312376,86.96069656876216
TR-040188,2025-09-11,september,Reefer,444.6,1139.9,1142.5475435191247,1155.4063913530415,1148.9769674360832,9.076967436083123
TR-040189,2025-09-11,september,Dry Van,795.6,1562.41,1552.6213102206182,1582.3203664516893,1567.4708383361537,5.060838336153665
TR-040190,2025-09-11,september,Reefer,369.7,939.43,946.0833013631875,925.5575137244932,935.8204075438404,3.6095924561595893
TR-040191,2025-09-11,september,Reefer,1698.2,3780.8,3694.721615089143,3709.6495443790254,3702.185579734084,78.61442026591612
TR-040192,2025-09-11,september,Dry Van,2178.8,4087.56,4003.244814754091,4140.007982996462,4071.626398875276,15.933601124723737
TR-040193,2025-09-11,september,Flatbed,1068.1,2435.69,2472.506569004374,2403.655265100806,2438.08091705259,2.3909170525898844
TR-040194,2025-09-11,september,Flatbed,1730.8,3586.64,3504.078788527927,3539.5997364427494,3521.839262485338,64.8007375146617
TR-040195,2025-09-11,september,Reefer,2240.6,4789.73,4630.978492203715,4755.617743192326,4693.298117698021,96.43188230197848
TR-040196,2025-09-11,september,Dry Van,1764.6,3313.06,3326.1167440549398,3347.9633054290907,3337.0400247420152,23.980024742015303
TR-040197,2025-09-11,september,Flatbed,1018.5,2325.49,2301.4236691933575,2278.0081160287045,2289.715892611031,35.77410738896879
TR-040198,2025-09-11,september,Dry Van,962.2,2019.28,2085.888457409958,2079.6070284993707,2082.7477429546643,63.467742954664345
TR-040199,2025-09-11,september,Dry Van,1593.3,3086.07,3034.801747755688,3081.690099258538,3058.245923507113,27.824076492887343
TR-040200,2025-09-11,september,Dry Van,866.2,1863.61,1894.4954585573055,1894.172856693331,1894.3341576253183,30.724157625318412
TR-040201,2025-09-11,september,Reefer,855.1,1956.54,1940.847465447203,1961.198228953016,1951.0228472001095,5.517152799890482
TR-040202,2025-09-11,september,Flatbed,2178.9,4542.1,4430.029183307,4539.58716196362,4484.80817263531,57.29182736469011
TR-040203,2025-09-11,september,Reefer,672.7,1690.71,1627.5281958842654,1650.3572996640587,1638.942747774162,51.76725222583809
TR-040204,2025-09-11,september,Reefer,2419.5,5069.2,5004.383039677843,5026.3285641950215,5015.355801936432,53.844198063568
TR-040205,2025-09-11,september,Reefer,1241.6,2925.33,2793.0860003457933,2882.550032166727,2837.8180162562603,87.51198374373962
TR-040206,2025-09-11,september,Dry Van,2559.1,4590.57,4705.180042520302,4595.603529971429,4650.391786245866,59.82178624586595
TR-040207,2025-09-11,september,Reefer,2300.7,4872.62,4767.016342367733,4881.632257429716,4824.324299898724,48.29570010127554
TR-040208,2025-09-11,september,Dry Van,2675.9,4808.27,4798.561995222581,4678.074237571232,4738.318116396906,69.95188360309476
TR-040209,2025-09-11,september,Reefer,635.7,1603.47,1610.1354531478291,1580.136380172094,1595.1359166599616,8.334083340038433
TR-040210,2025-09-11,september,Reefer,222.1,643.67,632.5611646594114,635.2965572330686,633.92886094624,9.74113905375998
TR-040211,2025-09-11,september,Dry Van,3157.1,5816.71,5731.796383563191,5663.368140055791,5697.582261809491,119.12773819050926
TR-040212,2025-09-11,september,Dry Van,425.2,979.75,971.9091726882167,971.4872048169889,971.6981887526028,8.051811247397154
TR-040213,2025-09-11,september,Dry Van,593.8,1342.92,1299.8629225221066,1305.015483302711,1302.4392029124087,40.48079708759133
TR-040214,2025-09-11,september,Reefer,2056.9,4292.87,4256.480630523976,4263.476059671673,4259.978345097825,32.891654902175105
TR-040215,2025-09-11,september,Dry Van,1700.9,3390.36,3400.937328019732,3364.598069727495,3382.7676988736134,7.592301126386701
TR-040216,2025-09-11,september,Dry Van,310.3,820.63,804.5383498584534,791.215072170658,797.8767110145557,22.75328898544433
TR-040217,2025-09-11,september,Dry Van,2286.9,4105.79,4174.623854210264,4131.398930526097,4153.01139236818,47.221392368180204
TR-040218,2025-09-11,september,Reefer,1829.6,4006.85,3868.0173921172213,3764.94773742694,3816.482564772081,190.36743522791903
TR-040219,2025-09-12,september,Dry Van,336.1,863.19,854.6714167800011,867.439121307378,861.0552690436896,2.1347309563104773
TR-040220,2025-09-12,september,Dry Van,295.9,767.37,728.9241643937794,715.516348445622,722.2202564197007,45.14974358029929
TR-040221,2025-09-12,september,Dry Van,2064.1,3793.98,3796.6882484013063,3793.115434002163,3794.901841201735,0.9218412017348783
TR-040222,2025-09-12,september,Dry Van,2052.0,3929.53,3916.1321494543504,3917.6007540109795,3916.866451732665,12.663548267335045
TR-040223,2025-09-12,september,Reefer,812.7,1980.42,1955.4439617191233,1875.7077207744605,1915.575841246792,64.84415875320815
TR-040224,2025-09-12,september,Reefer,1212.5,2759.38,2697.5710032861475,2713.136725738967,2705.3538645125573,54.02613548744284
TR-040225,2025-09-12,september,Flatbed,674.8,1625.12,1553.3877338925486,1536.6688568483846,1545.0282953704666,80.0917046295333
TR-040226,2025-09-12,september,Dry Van,2047.0,4099.71,4025.0422453898,3963.7310748802593,3994.3866601350296,105.32333986497042
TR-040227,2025-09-12,september,Dry Van,634.3,1379.44,1399.9058860752916,1365.451194838513,1382.6785404569023,3.2385404569022285
TR-040228,2025-09-12,september,Dry Van,1310.1,2548.48,2581.399951924998,2525.629411492151,2553.5146817085742,5.034681708574226
TR-040229,2025-09-12,september,Dry Van,501.6,1158.71,1102.9956622690788,1091.2575130571063,1097.1265876630926,61.583412336907486
TR-040230,2025-09-12,september,Dry Van,670.5,1487.45,1557.8856810895759,1518.5157974428323,1538.200739266204,50.75073926620394
TR-040231,2025-09-12,september,Dry Van,309.1,767.78,754.5556480000397,756.9886595113467,755.7721537556931,12.007846244306847
TR-040232,2025-09-12,september,Dry Van,795.6,1667.13,1623.6226322923792,1639.3596870768545,1631.4911596846168,35.63884031538328
TR-040233,2025-09-12,september,Reefer,2805.7,5722.29,5599.899413324204,5490.013389573867,5544.956401449035,177.33359855096478
TR-040234,2025-09-12,september,Flatbed,1279.7,2938.6,2801.636426855004,2849.861076501523,2825.7487516782635,112.85124832173642
TR-040235,2025-09-12,september,Reefer,2072.6,4591.1,4381.313229248175,4401.556928022824,4391.435078635499,199.66492136450142
TR-040236,2025-09-12,september,Reefer,2051.1,4100.14,4132.678391967769,4062.758504106565,4097.718448037167,2.4215519628332913
TR-040237,2025-09-12,september,Reefer,742.3,1824.41,1790.2236144544645,1764.7403628509592,1777.4819886527118,46.92801134728825
TR-040238,2025-09-12,september,Reefer,594.3,1438.34,1403.7396452655844,1409.303845351499,1406.5217453085415,31.818254691458378
TR-040239,2025-09-12,september,Dry Van,915.1,1776.7,1784.483906296939,1757.1714010982846,1770.8276536976118,5.872346302388223
TR-040240,2025-09-12,september,Dry Van,833.7,1791.57,1767.3400339083134,1771.3629001041613,1769.3514670062373,22.218532993762665
TR-040241,2025-09-12,september,Dry Van,1182.2,2270.22,2295.45098999958,2238.5089504927014,2266.9799702461405,3.2400297538592895
TR-040242,2025-09-12,september,Dry Van,928.9,2023.04,2024.0201772280816,2019.2989187429062,2021.6595479854939,1.3804520145060906
TR-040243,2025-09-12,september,Flatbed,654.9,1554.3,1474.9368936870608,1507.067626815507,1491.002260251284,63.29773974871591
TR-040244,2025-09-12,september,Dry Van,765.6,1638.1,1690.0254859196539,1682.3307989882444,1686.178142453949,48.07814245394911
TR-040245,2025-09-12,september,Reefer,1394.5,3209.87,3185.948530059011,3177.7478843253825,3181.8482071921967,28.021792807803195
TR-040246,2025-09-12,september,Dry Van,1242.3,2315.18,2346.5866315153157,2307.2871215018936,2326.9368765086047,11.756876508604819
TR-040247,2025-09-12,september,Dry Van,1389.5,2765.1,2666.0377823019644,2667.2330635992926,2666.6354229506287,98.4645770493712
TR-040248,2025-09-12,september,Dry Van,2156.3,4187.65,4127.649925968116,4065.5520303596213,4096.600978163869,91.04902183613103
TR-040249,2025-09-12,september,Dry Van,2952.2,5413.49,5376.30721315224,5234.14115654236,5305.2241848473,108.26581515269936
TR-040250,2025-09-12,september,Dry Van,979.2,2089.53,2096.5469739644946,2092.378030311702,2094.462502138098,4.932502138097789
TR-040251,2025-09-12,september,Dry Van,745.9,1529.14,1534.7638547105644,1511.3054140558133,1523.0346343831889,6.105365616811241
TR-040252,2025-09-12,september,Reefer,1696.5,3547.22,3678.478693574894,3577.839840865412,3628.159267220153,80.9392672201534
TR-040253,2025-09-12,september,Flatbed,442.4,1091.26,1061.6664158847302,1060.7022976973285,1061.1843567910294,30.075643208970632
TR-040254,2025-09-12,september,Reefer,2010.8,4639.2,4355.562980582305,4312.132914040547,4333.847947311426,305.3520526885741
TR-040255,2025-09-12,september,Dry Van,3013.0,5437.19,5588.108501703667,5470.912627670598,5529.5105646871325,92.3205646871329
TR-040256,2025-09-12,september,Dry Van,2706.1,4618.42,4759.754021327015,4649.912501133398,4704.8332612302065,86.41326123020644
TR-040257,2025-09-12,september,Dry Van,1247.0,2496.84,2417.3558706461026,2431.4641958684065,2424.4100332572543,72.42996674274582
TR-040258,2025-09-12,september,Dry Van,517.1,1135.31,1137.2458445570899,1112.1952477678094,1124.7205461624496,10.589453837550309
TR-040259,2025-09-12,september,Flatbed,1961.2,4185.43,4080.4818885421987,4097.623022459933,4089.052455501066,96.37754449893418
TR-040260,2025-09-12,september,Flatbed,2450.1,4591.58,4463.428015943802,4521.262187455364,4492.345101699583,99.23489830041672
TR-040261,2025-09-12,september,Reefer,1052.6,2364.33,2339.3497777931498,2303.7839214348082,2321.566849613979,42.76315038602115
TR-040262,2025-09-12,september,Dry Van,1156.1,2225.24,2170.8133519053745,2210.427874069858,2190.6206129876164,34.61938701238341
TR-040263,2025-09-12,september,Dry Van,2574.8,4945.19,4740.839931280436,4787.777205525523,4764.308568402979,180.8814315970203
TR-040264,2025-09-12,september,Flatbed,337.1,879.21,861.7140553535035,883.481975676611,872.5980155150572,6.611984484942809
TR-040265,2025-09-12,september,Reefer,2027.5,4561.04,4404.941158275798,4410.539932239235,4407.740545257517,153.29945474248325
TR-040266,2025-09-12,september,Dry Van,1234.1,2543.79,2565.410493143462,2520.0998865114593,2542.7551898274605,1.0348101725394372
TR-040267,2025-09-12,september,Reefer,2276.1,5028.04,4770.478673319631,4780.095338904512,4775.287006112071,252.75299388792882
TR-040268,2025-09-12,september,Reefer,1558.3,3489.82,3429.139507366311,3369.0428649322557,3399.091186149283,90.72881385071696
TR-040269,2025-09-12,september,Dry Van,833.9,1882.39,1870.53876661682,1865.2956629912917,1867.917214804056,14.472785195944198
TR-040270,2025-09-12,september,Dry Van,962.9,1972.59,1962.8710268577472,1961.6392824147308,1962.255154636239,10.334845363760905
TR-040271,2025-09-12,september,Reefer,435.6,1106.33,1068.6041306190057,1085.4590097148625,1077.0315701669342,29.29842983306571
TR-040272,2025-09-12,september,Reefer,532.0,1328.03,1319.6169244828945,1296.587102532721,1308.102013507808,19.927986492192076
TR-040273,2025-09-12,september,Flatbed,1576.0,3357.98,3245.980977330668,3237.5315212788205,3241.7562493047444,116.2237506952556
TR-040274,2025-09-12,september,Dry Van,581.3,352.31,1329.2658693853796,1342.050835767054,1335.6583525762167,983.3483525762167
TR-040275,2025-09-12,september,Dry Van,2237.0,4259.95,4204.285947661259,4207.134470014467,4205.710208837863,54.2397911621365
TR-040276,2025-09-12,september,Flatbed,1930.7,3901.63,3812.827686000733,3811.026568706903,3811.927127353818,89.70287264618219
TR-040277,2025-09-12,september,Dry Van,895.9,1806.24,1792.4606831119615,1779.5963955403845,1786.028539326173,20.211460673827105
TR-040278,2025-09-12,september,Dry Van,637.5,1302.11,1297.974373512867,1301.747380636444,1299.8608770746555,2.249122925344409
TR-040279,2025-09-12,september,Reefer,222.6,659.64,660.1581795663432,671.8255343253932,665.9918569458682,6.351856945868235
TR-040280,2025-09-12,september,Flatbed,674.3,1475.99,1436.4425679126896,1454.300855562677,1445.3717117376832,30.61828826231681
TR-040281,2025-09-12,september,Flatbed,674.1,1490.26,1431.6405093476203,1462.2431119483595,1446.9418106479898,43.31818935201022
TR-040282,2025-09-12,september,Flatbed,1526.6,3320.42,3284.048158849119,3306.058490836059,3295.053324842589,25.36667515741101
TR-040283,2025-09-12,september,Flatbed,1701.2,3472.54,3429.5938071060486,3352.0106269602466,3390.802217033148,81.73778296685214
TR-040284,2025-09-12,september,Reefer,469.2,1137.73,1095.8363974049373,1106.6452942384778,1101.2408458217076,36.48915417829244
TR-040285,2025-09-12,september,Reefer,1648.2,3696.43,3701.1305360938522,3740.1742743220184,3720.6524052079353,24.22240520793548
TR-040286,2025-09-12,september,Dry Van,243.9,577.85,589.1528668259258,554.8920315634862,572.022449194706,5.827550805293981
TR-040287,2025-09-12,september,Flatbed,1525.8,3239.2,3158.3062703266833,3138.209936786855,3148.258103556769,90.94189644323069
TR-040288,2025-09-12,september,Dry Van,1818.2,3561.78,3469.058075505086,3474.1106898579555,3471.5843826815208,90.19561731847944
TR-040289,2025-09-12,september,Dry Van,1836.6,3320.48,3307.2799836542263,3333.1904585038633,3320.235221079045,0.24477892095501375
TR-040290,2025-09-12,september,Reefer,2315.7,4697.77,4586.101979034078,4575.757239099612,4580.929609066845,116.8403909331555
TR-040291,2025-09-12,september,Flatbed,389.2,1046.21,996.6915189624783,1022.5524924698342,1009.6220057161563,36.58799428384373
TR-040292,2025-09-12,september,Flatbed,2349.6,4717.95,4661.848273209501,4632.172922559473,4647.010597884487,70.93940211551308
TR-040293,2025-09-12,september,Reefer,1037.8,2420.04,2380.7340991180467,2394.8512210825324,2387.7926601002896,32.24733989971037
TR-040294,2025-09-12,september,Dry Van,306.7,763.18,784.2434393708083,781.8005770354243,783.0220082031163,19.842008203116393
TR-040295,2025-09-12,september,Dry Van,2091.4,3908.63,3979.815089092659,3920.1512342524557,3949.9831616725573,41.353161672557235
TR-040296,2025-09-12,september,Flatbed,762.4,1672.54,1641.1506054759705,1621.2710434379546,1631.2108244569627,41.32917554303731
TR-040297,2025-09-12,september,Dry Van,409.6,971.23,976.7061142913075,953.9557774935056,965.3309458924066,5.899054107593429
TR-040298,2025-09-12,september,Dry Van,2883.5,4982.94,5193.055180308969,5020.815718529098,5106.935449419034,123.99544941903423
TR-040299,2025-09-12,september,Flatbed,1002.1,2276.71,2252.7287758214907,2224.66988039425,2238.6993281078703,38.01067189212972
TR-040300,2025-09-12,september,Reefer,704.6,461.77,1593.4415829539776,1603.2256105582233,1598.3335967561004,1136.5635967561004
TR-040301,2025-09-12,september,Dry Van,477.5,1077.4,1120.6412596697505,1106.0952502527693,1113.36825496126,35.968254961259845
TR-040302,2025-09-12,september,Flatbed,295.4,739.46,733.1626598756623,738.531397071072,735.8470284733671,3.6129715266329185
TR-040303,2025-09-12,september,Flatbed,2299.5,4373.27,4327.651448864794,4408.851725559483,4368.2515872121385,5.018412787861962
TR-040304,2025-09-12,september,Reefer,416.1,1141.5,1093.3348521995815,1084.3874438308198,1088.8611480152008,52.6388519847992
TR-040305,2025-09-12,september,Dry Van,706.3,1558.84,1567.2689343673637,1557.8070583162748,1562.5379963418193,3.697996341819362
TR-040306,2025-09-12,september,Dry Van,1312.1,2644.28,2658.70887128033,2612.396570294495,2635.552720787413,8.727279212587291
TR-040307,2025-09-12,september,Dry Van,2135.5,3979.89,3935.955863633831,3915.3690600063796,3925.6624618201054,54.22753817989451
TR-040308,2025-09-12,september,Dry Van,2641.3,4787.12,4829.775956335323,4826.129969566767,4827.952962951045,40.832962951045374
TR-040309,2025-09-12,september,Reefer,783.7,1811.81,1785.422395385445,1823.9058558294173,1804.6641256074313,7.145874392568658
TR-040310,2025-09-12,september,Dry Van,664.2,1369.82,1377.5234047055733,1351.026457529179,1364.2749311173761,5.545068882623809
TR-040311,2025-09-12,september,Flatbed,1608.7,3467.94,3403.2604865778103,3435.6059490077705,3419.4332177927904,48.50678220720965
TR-040312,2025-09-12,september,Dry Van,418.6,1037.14,1048.0316465673618,1029.0387274574464,1038.535187012404,1.3951870124039942
TR-040313,2025-09-12,september,Reefer,477.1,1214.34,1224.523410553147,1230.3179532844247,1227.4206819187857,13.080681918785785
TR-040314,2025-09-12,september,Dry Van,971.7,2044.98,2058.932915927679,2058.94843901087,2058.9406774692743,13.960677469274287
TR-040315,2025-09-12,september,Dry Van,490.1,1042.66,1086.0393252311187,1063.195808078725,1074.6175666549218,31.95756665492172
TR-040316,2025-09-12,september,Dry Van,326.3,794.57,790.4223537017577,783.6983659613136,787.0603598315356,7.509640168464443
TR-040317,2025-09-12,september,Dry Van,439.6,1026.46,1042.3472073277246,1045.1777449932736,1043.762476160499,17.302476160499054
TR-040318,2025-09-12,september,Reefer,2621.2,5451.58,5326.916425051082,5316.642870277949,5321.779647664516,129.8003523354837
TR-040319,2025-09-12,september,Flatbed,2813.1,5482.58,5368.940336844538,5282.480827844143,5325.710582344341,156.86941765565916
TR-040320,2025-09-12,september,Dry Van,1556.0,2956.1,2946.22301013614,2888.5148865726283,2917.368948354384,38.731051645615935
TR-040321,2025-09-12,september,Dry Van,666.7,1364.46,1343.9392010427482,1332.2673989287173,1338.1032999857327,26.35670001426729
TR-040322,2025-09-12,september,Reefer,71.3,247.85,270.9928743638857,292.7363586853792,281.8646165246324,34.01461652463243
TR-040323,2025-09-12,september,Dry Van,1639.9,14949.25,3284.4899898322305,3265.82395180156,3275.1569708168954,11674.093029183105
TR-040324,2025-09-12,september,Reefer,142.9,447.8,408.2390905898806,479.6719020272699,443.9554963085752,3.8445036914247908
TR-040325,2025-09-12,september,Flatbed,1018.3,2262.85,2277.6486741689255,2284.6663424960593,2281.1575083324924,18.30750833249249
TR-040326,2025-09-12,september,Dry Van,179.1,473.51,469.8108085866077,485.6725974374301,477.7417030120189,4.231703012018897
TR-040327,2025-09-12,september,Dry Van,1040.5,2161.89,2172.868462004191,2107.7540024261266,2140.3112322151587,21.578767784841148
TR-040328,2025-09-12,september,Dry Van,1589.8,3072.12,3125.0257723707155,3145.4768780070744,3135.251325188895,63.13132518889506
TR-040329,2025-09-12,september,Reefer,3190.6,6656.87,6360.055447176795,6620.316636128834,6490.186041652814,166.68395834718558
TR-040330,2025-09-12,september,Dry Van,2411.3,4522.94,4540.96259725542,4572.767524931942,4556.865061093681,33.92506109368151
TR-040331,2025-09-12,september,Dry Van,1647.6,3198.8,3196.4745639384846,3188.9343302005086,3192.7044470694964,6.0955529305038
TR-040332,2025-09-12,september,Reefer,921.7,2312.51,2240.8880867436988,2255.6182981709153,2248.253192457307,64.25680754269342
TR-040333,2025-09-12,september,Dry Van,1242.4,2666.9,2606.5767367043504,2599.7169272193037,2603.146831961827,63.753168038173044
TR-040334,2025-09-12,september,Flatbed,337.7,905.78,846.9483023566415,880.6511349598279,863.7997186582347,41.98028134176525
TR-040335,2025-09-12,september,Reefer,122.7,406.25,387.76273315044256,404.43688119832814,396.0998071743853,10.150192825614681
TR-040336,2025-09-12,september,Flatbed,994.1,2386.95,2253.973056310233,2283.923661457928,2268.9483588840803,118.00164111591948
TR-040337,2025-09-12,september,Reefer,923.0,2234.94,2245.4886708042513,2229.932932218169,2237.71080151121,2.770801511209811
TR-040338,2025-09-12,september,Dry Van,2121.8,4093.95,4031.813807743627,3947.8617887467603,3989.837798245194,104.11220175480594
TR-040339,2025-09-12,september,Reefer,300.9,828.81,804.4753043725743,825.0949112595342,814.7851078160543,14.024892183945667
TR-040340,2025-09-12,september,Dry Van,1124.5,2263.03,2193.1935606013258,2205.978492481421,2199.5860265413735,63.443973458626715
TR-040341,2025-09-12,september,Dry Van,237.0,598.68,582.8440195798983,576.9579265372231,579.9009730585607,18.77902694143927
TR-040342,2025-09-12,september,Flatbed,1223.6,2710.46,2675.527344426392,2653.446479466422,2664.486911946407,45.973088053593074
TR-040343,2025-09-12,september,Dry Van,2286.2,4232.89,4281.233258620651,4199.3189378887055,4240.276098254679,7.386098254678473
TR-040344,2025-09-12,september,Dry Van,1110.1,2243.11,2252.9830870192186,2224.199167301927,2238.591127160573,4.518872839427331
TR-040345,2025-09-12,september,Reefer,2727.3,5715.39,5617.163640922508,5627.559068665605,5622.361354794057,93.02864520594358
TR-040346,2025-09-12,september,Dry Van,373.0,866.51,867.4100249575474,832.2598304568144,849.8349277071809,16.675072292819095
TR-040347,2025-09-12,september,Reefer,329.8,853.76,839.1700768467983,875.5994455197847,857.3847611832915,3.6247611832915254
TR-040348,2025-09-12,september,Dry Van,525.3,1085.75,1090.5227216143367,1100.8958193786298,1095.7092704964832,9.959270496483214
TR-040349,2025-09-12,september,Dry Van,1072.6,2089.87,2209.1554603756863,2148.866738059403,2179.0110992175446,89.1410992175447
TR-040350,2025-09-12,september,Dry Van,677.5,1467.17,1460.7066718802844,1461.138870328898,1460.9227711045912,6.247228895408853
TR-040351,2025-09-12,september,Dry Van,1076.3,2314.16,2274.944557740364,2229.9348807022607,2252.4397192213123,61.72028077868754
TR-040352,2025-09-12,september,Dry Van,578.1,1235.15,1221.0962392869371,1219.8682083892227,1220.4822238380798,14.667776161920301
TR-040353,2025-09-12,september,Reefer,1214.5,2838.17,2734.631818167789,2786.92814048129,2760.7799793245395,77.39002067546062
TR-040354,2025-09-12,september,Reefer,358.3,956.43,961.8241334438615,968.0682260987028,964.9461797712821,8.516179771282168
TR-040355,2025-09-12,september,Dry Van,650.6,1326.12,1291.1793124076062,1274.1115723047517,1282.645442356179,43.474557643820845
TR-040356,2025-09-12,september,Dry Van,1056.4,2133.45,2125.552063631092,2112.660323832632,2119.106193731862,14.343806268137996
TR-040357,2025-09-12,september,Reefer,123.8,377.23,368.2506402013788,368.017455261295,368.1340477313369,9.095952268663098
TR-040358,2025-09-12,september,Flatbed,2556.1,5109.12,4946.529796608817,4938.946322436488,4942.738059522653,166.3819404773467
TR-040359,2025-09-12,september,Flatbed,804.9,1660.54,1636.4434881198342,1649.566460786089,1643.0049744529615,17.535025547038458
TR-040360,2025-09-12,september,Dry Van,1281.9,2562.34,2485.0944945683304,2506.526996810912,2495.8107456896214,66.52925431037875
TR-040361,2025-09-12,september,Dry Van,2168.7,4194.09,4208.198474552326,4224.659443031215,4216.42895879177,22.338958791769983
TR-040362,2025-09-12,september,Reefer,946.3,2122.65,2080.4996037921333,2098.6791875677022,2089.5893956799177,33.06060432008235
TR-040363,2025-09-12,september,Dry Van,882.0,1989.84,1906.5751042564425,1927.0522908868406,1916.8136975716416,73.02630242835835
TR-040364,2025-09-12,september,Dry Van,631.6,1352.36,1385.944960707361,1388.6085707967304,1387.2767657520458,34.916765752045876
TR-040365,2025-09-12,september,Reefer,1512.7,3269.05,3314.840956890241,3362.628940637642,3338.7349487639412,69.68494876394107
TR-040366,2025-09-12,september,Dry Van,581.6,1384.88,1352.2209974504221,1359.07644032687,1355.648718888646,29.231281111354065
TR-040367,2025-09-12,september,Reefer,771.5,1760.79,1762.627711079958,1776.0560502945623,1769.34188068726,8.551880687260109
TR-040368,2025-09-12,september,Dry Van,1181.2,2275.58,2219.8025017277337,2205.5876126106527,2212.695057169193,62.88494283080672
TR-040369,2025-09-12,september,Dry Van,617.3,1365.44,1321.8354246665417,1303.5587745179937,1312.6970995922677,52.74290040773235
TR-040370,2025-09-12,september,Reefer,352.0,870.24,879.8371317975066,869.2804629365892,874.5587973670479,4.318797367047864
TR-040371,2025-09-12,september,Dry Van,2122.0,4070.73,4098.526860966862,4107.52779507991,4103.027328023386,32.297328023385944
TR-040372,2025-09-12,september,Reefer,945.1,2270.2,2182.029764024211,2207.9322047856576,2194.980984404934,75.21901559506568
TR-040373,2025-09-12,september,Dry Van,1543.5,2926.04,2990.9396572418946,2952.21364127619,2971.5766492590424,45.536649259042406
TR-040374,2025-09-12,september,Flatbed,1351.2,2770.25,2756.506982667727,2734.88768408933,2745.697333378528,24.55266662147187
TR-040375,2025-09-12,september,Dry Van,545.0,1254.79,1274.515663370145,1247.3820061126166,1260.9488347413808,6.158834741380815
TR-040376,2025-09-12,september,Flatbed,1217.4,2776.29,2677.9009009545985,2738.177433734572,2708.039167344585,68.2508326554148
TR-040377,2025-09-12,september,Flatbed,979.9,2124.53,2075.639904159617,2129.1310750825915,2102.385489621104,22.14451037889603
TR-040378,2025-09-12,september,Dry Van,685.0,1496.82,1471.6138751633766,1457.0155391358903,1464.3147071496335,32.50529285036646
TR-040379,2025-09-12,september,Dry Van,465.7,1110.55,1074.331126577288,1052.5186903681856,1063.4249084727367,47.125091527263294
TR-040380,2025-09-13,september,Reefer,2688.4,5032.44,5155.622167082938,4949.399947184193,5052.511057133565,20.071057133565773
TR-040381,2025-09-13,september,Flatbed,464.0,1156.27,1116.8562026162285,1140.577827528169,1128.7170150721988,27.552984927801162
TR-040382,2025-09-13,september,Flatbed,1615.9,3594.44,3478.2628932440202,3427.1661833074113,3452.7145382757158,141.7254617242843
TR-040383,2025-09-13,september,Dry Van,2923.1,5024.42,5221.527484260194,5035.491509938865,5128.50949709953,104.08949709952958
TR-040384,2025-09-13,september,Dry Van,1690.3,3518.99,3368.4828088510703,3377.760697675527,3373.1217532632986,145.86824673670117
TR-040385,2025-09-13,september,Dry Van,630.6,1308.11,1298.741993890504,1328.0694568859317,1313.405725388218,5.295725388217988
TR-040386,2025-09-13,september,Reefer,1144.9,2641.06,2575.53809674588,2608.508946782799,2592.0235217643394,49.036478235660525
TR-040387,2025-09-13,september,Dry Van,997.4,2047.73,2023.4836089198975,2077.6940338484665,2050.5888213841818,2.858821384181738
TR-040388,2025-09-13,september,Dry Van,499.5,1098.51,1087.267973994484,1119.660450204562,1103.4642120995231,4.954212099523147
TR-040389,2025-09-13,september,Reefer,997.5,2165.4,2149.544991130596,2178.7948177189865,2164.169904424791,1.2300955752089067
TR-040390,2025-09-13,september,Dry Van,267.1,642.34,636.4400116158481,624.3564511001734,630.3982313580108,11.941768641989256
TR-040391,2025-09-13,september,Reefer,981.0,2312.59,2245.946879813905,2250.754970479566,2248.350925146736,64.23907485326436
TR-040392,2025-09-13,september,Dry Van,1645.1,3300.38,3236.3312614520287,3199.9984688355917,3218.16486514381,82.21513485619016
TR-040393,2025-09-13,september,Dry Van,2107.6,4012.45,4062.62558776492,3991.469216269878,4027.047402017399,14.597402017398963
TR-040394,2025-09-13,september,Dry Van,2036.2,3842.18,3861.487236453525,3791.4986824894236,3826.492959471474,15.687040528525813
TR-040395,2025-09-13,september,Reefer,1835.8,4067.4,3972.423660527408,3995.251547363106,3983.837603945257,83.5623960547432
TR-040396,2025-09-13,september,Reefer,819.9,1871.23,1784.764243705252,1806.5386163689504,1795.6514300371014,75.57856996289865
TR-040397,2025-09-13,september,Dry Van,602.5,1345.09,1281.250013927274,1266.5470870582667,1273.8985504927705,71.19144950722944
TR-040398,2025-09-13,september,Dry Van,1225.8,2379.95,2421.820303950784,2438.374240845928,2430.097272398356,50.14727239835611
TR-040399,2025-09-13,september,Dry Van,1729.6,3234.86,3272.352517458326,3297.871579591516,3285.112048524921,50.252048524921065
TR-040400,2025-09-13,september,Dry Van,2034.4,3888.05,3858.9468304135444,3760.2523048913554,3809.59956765245,78.4504323475503
TR-040401,2025-09-13,september,Dry Van,3238.9,5546.62,5419.875782477996,5380.829309799688,5400.352546138842,146.26745386115817
TR-040402,2025-09-13,september,Reefer,429.4,1170.83,1124.9296847903126,1147.3647326517503,1136.1472087210313,34.68279127896858
TR-040403,2025-09-13,september,Dry Van,335.5,827.34,800.7725023518292,803.1288378687825,801.9506701103059,25.38932988969418
TR-040404,2025-09-13,september,Dry Van,669.1,1401.93,1396.481524207547,1392.5690044459832,1394.525264326765,7.404735673235109
TR-040405,2025-09-13,september,Dry Van,1317.4,2614.48,2558.330778692526,2541.999597168996,2550.165187930761,64.314812069239
TR-040406,2025-09-13,september,Reefer,502.6,1219.14,1171.7168966600116,1215.8408513903553,1193.7788740251835,25.36112597481656
TR-040407,2025-09-13,september,Reefer,1520.3,3280.39,3260.3224652397125,3258.295449254835,3259.3089572472736,21.081042752726262
TR-040408,2025-09-13,september,Dry Van,800.0,1654.89,1650.3961139523906,1667.5544707296417,1658.975292341016,4.085292341015929
TR-040409,2025-09-13,september,Dry Van,2115.6,3701.25,3702.252060970677,3705.5549777185233,3703.9035193446,2.6535193446002268
TR-040410,2025-09-13,september,Reefer,1948.6,4009.05,4002.096729397802,3933.6268796625427,3967.8618045301723,41.18819546982786
TR-040411,2025-09-13,september,Flatbed,1423.8,3045.39,2967.318649311425,2983.8419201507513,2975.580284731088,69.80971526891199
TR-040412,2025-09-13,september,Reefer,1043.5,2354.32,2303.949113246804,2330.3184337735743,2317.133773510189,37.18622648981136
TR-040413,2025-09-13,september,Flatbed,426.9,1044.62,1027.3113207831782,1054.6654925158655,1040.988406649522,3.6315933504779423
TR-040414,2025-09-13,september,Reefer,2033.5,4472.56,4360.075561465474,4302.173991107466,4331.12477628647,141.43522371353083
TR-040415,2025-09-13,september,Flatbed,1691.2,3543.62,3436.0962804697483,3469.88976603583,3452.993023252789,90.62697674721085
TR-040416,2025-09-13,september,Dry Van,563.6,1172.55,1153.5274108269662,1163.543459413403,1158.5354351201845,14.014564879815453
TR-040417,2025-09-13,september,Dry Van,212.7,522.39,530.6935917614422,535.0326748000421,532.8631332807422,10.473133280742218
TR-040418,2025-09-13,september,Flatbed,380.4,946.45,866.890055045953,900.2826446417278,883.5863498438404,62.86365015615968
TR-040419,2025-09-13,september,Reefer,523.0,1287.81,1243.8474068463233,1256.8115077671123,1250.3294573067178,37.48054269328213
TR-040420,2025-09-13,september,Reefer,1132.2,2479.11,2404.562751832209,2491.9510279022393,2448.2568898672243,30.853110132775782
TR-040421,2025-09-13,september,Dry Van,495.0,1079.36,1093.594886492275,1086.2842538523614,1089.9395701723183,10.579570172318427
TR-040422,2025-09-13,september,Dry Van,1031.4,2108.65,2043.155347610772,2037.7489337485736,2040.4521406796728,68.19785932032732
TR-040423,2025-09-13,september,Reefer,466.7,1228.34,1207.0372725260206,1222.1271567701879,1214.5822146481041,13.75778535189579
TR-040424,2025-09-13,september,Flatbed,732.9,1651.44,1628.5070660612914,1631.8567859375141,1630.1819259994027,21.25807400059739
TR-040425,2025-09-13,september,Reefer,1262.9,2785.71,2711.500568369833,2711.3802597609056,2711.4404140653696,74.26958593463041
TR-040426,2025-09-13,september,Dry Van,458.7,1009.66,1018.2956747771019,1026.0070266294083,1022.151350703255,12.49135070325508
TR-040427,2025-09-13,september,Dry Van,1116.4,2166.72,2191.642606388039,2115.71304799898,2153.6778271935095,13.04217280649027
TR-040428,2025-09-13,september,Dry Van,965.5,2058.77,2066.9845423962843,2030.527574871545,2048.7560586339146,10.013941366085419
TR-040429,2025-09-13,september,Dry Van,1846.8,3388.79,3377.0845638149794,3328.6493218100622,3352.866942812521,35.92305718747912
TR-040430,2025-09-13,september,Reefer,1639.1,3731.04,3701.163922599202,3667.4923877567417,3684.328155177972,46.71184482202807
TR-040431,2025-09-13,september,Dry Van,1317.6,2474.14,2519.3206123537975,2482.8277732889205,2501.0741928213592,26.934192821359375
TR-040432,2025-09-13,september,Dry Van,2191.1,3947.05,3926.0642114744737,3903.113542646173,3914.5888770603233,32.4611229396769
TR-040433,2025-09-13,september,Dry Van,1993.3,3475.62,3541.1213153037834,3494.306966880308,3517.714141092046,42.0941410920459
TR-040434,2025-09-13,september,Dry Van,1347.9,2662.84,2700.5037783753514,2703.5431064357044,2702.023442405528,39.183442405527785
TR-040435,2025-09-13,september,Dry Van,2055.0,3904.05,3906.7043140438323,3801.480011164481,3854.0921626041563,49.95783739584385
TR-040436,2025-09-13,september,Dry Van,580.5,1296.1,1285.8588153666235,1298.052872666576,1291.9558440165997,4.144155983400196
TR-040437,2025-09-13,september,Dry Van,2833.7,5031.51,5117.36378012286,4959.718242541836,5038.541011332348,7.031011332347589
TR-040438,2025-09-13,september,Dry Van,1520.9,3090.11,2973.9733266943726,3004.3153496647287,2989.1443381795507,100.96566182044944
TR-040439,2025-09-13,september,Dry Van,183.8,463.47,472.1016894387804,461.88600928656274,466.99384936267154,3.5238493626715126
TR-040440,2025-09-13,september,Dry Van,1311.4,2545.48,2461.1135790134954,2464.826831327997,2462.9702051707463,82.50979482925368
TR-040441,2025-09-13,september,Flatbed,728.2,1686.2,1646.2224831557503,1646.0962892286186,1646.1593861921845,40.04061380781559
TR-040442,2025-09-13,september,Dry Van,695.4,1454.96,1463.5764179320731,1488.9779159760224,1476.2771669540477,21.317166954047707
TR-040443,2025-09-13,september,Dry Van,2530.0,4695.81,4700.788241483845,4617.677293664769,4659.232767574307,36.57723242569318
TR-040444,2025-09-13,september,Dry Van,1533.4,2958.37,2980.706659566837,2954.7425661251323,2967.7246128459847,9.354612845984775
TR-040445,2025-09-13,september,Dry Van,798.2,1734.08,1703.646332585615,1721.879043349431,1712.762687967523,21.31731203247682
TR-040446,2025-09-13,september,Flatbed,685.5,1585.84,1571.8656413831327,1561.6662002136222,1566.7659207983775,19.074079201622453
TR-040447,2025-09-13,september,Flatbed,999.6,2357.09,2235.6021758042302,2246.509889385592,2241.056032594911,116.03396740508924
TR-040448,2025-09-13,september,Dry Van,538.5,1203.48,1195.0727252512856,1196.8479008713214,1195.9603130613036,7.519686938696395
TR-040449,2025-09-13,september,Dry Van,2316.5,4194.59,4308.967553738268,4208.094753412553,4258.53115357541,63.94115357540977
TR-040450,2025-09-13,september,Reefer,791.8,1836.72,1798.2705727203625,1815.3337902242843,1806.8021814723234,29.917818527676673
TR-040451,2025-09-13,september,Dry Van,502.6,1044.71,1038.4390050520624,1031.6503096094655,1035.044657330764,9.665342669235997
TR-040452,2025-09-13,september,Reefer,849.9,1951.01,1910.4518010921838,1946.4168239646567,1928.4343125284204,22.575687471579613
TR-040453,2025-09-13,september,Reefer,539.0,1304.13,1299.822844347017,1300.7871589028832,1300.3050016249501,3.8249983750499723
TR-040454,2025-09-13,september,Flatbed,965.8,2187.52,2114.340297909691,2168.9328695255135,2141.636583717602,45.883416282397775
TR-040455,2025-09-13,september,Reefer,202.0,615.98,583.9877319498315,625.5794319142478,604.7835819320396,11.196418067960394
TR-040456,2025-09-13,september,Dry Van,3031.6,5455.82,5509.333738539089,5469.970420018984,5489.652079279036,33.83207927903641
TR-040457,2025-09-13,september,Flatbed,1393.9,3089.77,3075.219399438848,3080.5797244228274,3077.899561930838,11.870438069161992
TR-040458,2025-09-13,september,Dry Van,1304.9,2391.71,2365.4488131208623,2413.318325516025,2389.3835693184437,2.326430681556303
TR-040459,2025-09-13,september,Flatbed,2296.9,4738.84,4473.377065117745,4615.968208742328,4544.672636930036,194.16736306996427
TR-040460,2025-09-13,september,Dry Van,87.9,255.06,252.68129199442828,281.2686266202222,266.97495930732526,11.914959307325262
TR-040461,2025-09-13,september,Dry Van,832.8,1799.91,1783.2503743853877,1796.3367295937758,1789.7935519895818,10.116448010418253
TR-040462,2025-09-13,september,Reefer,1977.9,4376.14,4271.516070355101,4256.830550499721,4264.173310427411,111.96668957258953
TR-040463,2025-09-13,september,Reefer,720.9,1688.51,1692.020685585725,1682.7425280392831,1687.381606812504,1.1283931874959308
TR-040464,2025-09-13,september,Dry Van,1115.7,2187.93,2206.548778742837,2138.078573823206,2172.313676283022,15.616323716978059
TR-040465,2025-09-13,september,Dry Van,1922.6,3475.74,3529.8062212985233,3523.297461385623,3526.551841342073,50.81184134207342
TR-040466,2025-09-13,september,Flatbed,744.9,1608.67,1558.6166286082146,1590.929461510188,1574.7730450592012,33.89695494079888
TR-040467,2025-09-13,september,Flatbed,186.2,552.07,531.9728323713629,514.5122806705588,523.2425565209608,28.82744347903929
TR-040468,2025-09-13,september,Dry Van,1443.1,2883.87,2914.9973063790108,2924.312604753776,2919.6549555663933,35.784955566393364
TR-040469,2025-09-13,september,Flatbed,948.4,2079.12,2011.1103845736652,2044.5689999682895,2027.8396922709774,51.280307729022525
TR-040470,2025-09-13,september,Dry Van,578.0,1328.98,1296.9687242856678,1304.17140041913,1300.570062352399,28.409937647601055
TR-040471,2025-09-13,september,Flatbed,842.7,2066.4,2006.221354241097,1983.315121935513,1994.768238088305,71.6317619116951
TR-040472,2025-09-13,september,Reefer,1208.1,2886.97,2803.6831615138312,2782.7046987218155,2793.1939301178236,93.77606988217622
TR-040473,2025-09-13,september,Dry Van,933.8,1878.13,1868.9449087235823,1824.139953415729,1846.5424310696558,31.587568930344332
TR-040474,2025-09-13,september,Dry Van,1035.1,1906.74,1919.3723121243818,1920.0579793280394,1919.7151457262107,12.975145726210712
TR-040475,2025-09-13,september,Reefer,677.7,1632.62,1594.5015365291374,1599.9517762330306,1597.226656381084,35.39334361891588
TR-040476,2025-09-13,september,Dry Van,1303.9,2622.33,2535.625936005725,2532.190696222927,2533.908316114326,88.4216838856737
TR-040477,2025-09-13,september,Dry Van,2228.9,4250.53,4193.012675613379,4151.930236306873,4172.471455960125,78.0585440398745
TR-040478,2025-09-13,september,Dry Van,604.0,1417.05,1344.3127565061588,1349.1726874285641,1346.7427219673614,70.30727803263858
TR-040479,2025-09-13,september,Dry Van,1056.3,2092.12,2046.5102031688891,2003.905569179151,2025.2078861740201,66.91211382597976
TR-040480,2025-09-13,september,Dry Van,302.1,719.31,729.073413391382,737.9020680838191,733.4877407376006,14.17774073760063
TR-040481,2025-09-13,september,Flatbed,347.6,863.27,854.7236420396074,884.9908543534236,869.8572481965155,6.587248196515475
TR-040482,2025-09-13,september,Dry Van,958.3,1933.73,1971.8434639714765,1950.6066362968966,1961.2250501341864,27.495050134186386
TR-040483,2025-09-13,september,Dry Van,789.7,1571.83,1506.3677070128638,1588.917138227567,1547.6424226202153,24.18757737978467
TR-040484,2025-09-13,september,Dry Van,609.6,1271.19,1310.2522902002086,1307.9223204443956,1309.0873053223022,37.897305322302145
TR-040485,2025-09-13,september,Dry Van,931.6,1900.04,1932.575873138258,1918.4800075748897,1925.5279403565737,25.487940356573745
TR-040486,2025-09-13,september,Reefer,1932.3,3954.63,3953.6318004638356,3920.0605356273977,3936.8461680456167,17.78383195438346
TR-040487,2025-09-13,september,Dry Van,1378.0,2561.78,2589.982379281039,2612.368950073502,2601.1756646772706,39.39566467727036
TR-040488,2025-09-13,september,Reefer,2983.6,5851.44,5712.773797820695,5597.372810483837,5655.073304152266,196.36669584773335
TR-040489,2025-09-13,september,Dry Van,1019.1,1960.67,1914.0434548232683,1959.298429762051,1936.6709422926597,23.9990577073404
TR-040490,2025-09-13,september,Dry Van,1513.8,2971.31,2913.739930532275,2956.86691736839,2935.3034239503327,36.006576049667274
TR-040491,2025-09-13,september,Dry Van,3033.7,5391.91,5466.004134621741,5256.687746041277,5361.345940331509,30.5640596684907
TR-040492,2025-09-13,september,Flatbed,2089.9,4266.21,4066.6316174331128,4108.604750951646,4087.618184192379,178.59181580762106
TR-040493,2025-09-13,september,Reefer,1180.9,2520.81,2542.8567073905874,2483.205906308638,2513.0313068496125,7.778693150387426
TR-040494,2025-09-13,september,Dry Van,1655.1,3124.48,3078.648463148014,3075.788137075252,3077.2183001116327,47.261699888367275
TR-040495,2025-09-13,september,Dry Van,915.4,1878.81,1877.639652353382,1885.8542862323081,1881.746969292845,2.936969292845106
TR-040496,2025-09-13,september,Dry Van,244.1,585.46,587.2258972654522,629.814930824394,608.5204140449231,23.06041404492305
TR-040497,2025-09-13,september,Dry Van,1272.2,2333.85,2305.439240377181,2389.865416901145,2347.652328639163,13.802328639163079
TR-040498,2025-09-13,september,Dry Van,1005.9,2162.01,2098.6172175006336,2083.487895527223,2091.0525565139283,70.95744348607195
TR-040499,2025-09-13,september,Reefer,276.0,780.38,761.4743555527097,791.6096085380073,776.5419820453585,3.8380179546414865
TR-040500,2025-09-13,september,Flatbed,841.4,2027.02,1984.8668272532468,1946.6193211165487,1965.7430741848978,61.27692581510223
TR-040501,2025-09-13,september,Dry Van,1184.1,2341.29,2248.788998841435,2273.1322501569584,2260.9606244991965,80.32937550080351
TR-040502,2025-09-13,september,Dry Van,1218.5,2582.43,2535.74083379144,2531.4664531260005,2533.6036434587204,48.82635654127944
TR-040503,2025-09-13,september,Dry Van,2266.7,4209.28,4184.413165382204,4071.908587842101,4128.160876612153,81.11912338784714
TR-040504,2025-09-13,september,Dry Van,3011.3,5482.81,5566.34243187114,5439.943972338977,5503.143202105059,20.333202105058263
TR-040505,2025-09-13,september,Reefer,539.4,1292.29,1281.8002961401037,1267.143991904863,1274.4721440224835,17.8178559775165
TR-040506,2025-09-13,september,Dry Van,1199.2,2350.57,2311.7829406297647,2315.6382318460173,2313.710586237891,36.85941376210894
TR-040507,2025-09-13,september,Dry Van,812.9,1693.84,1734.0338618034298,1718.4348923881416,1726.2343770957857,32.394377095785785
TR-040508,2025-09-13,september,Dry Van,1415.7,2750.57,2711.8771096978708,2752.67245394999,2732.2747818239304,18.29521817606974
TR-040509,2025-09-13,september,Dry Van,1163.0,2500.8,2432.596692296997,2416.900447200539,2424.748569748768,76.05143025123198
TR-040510,2025-09-13,september,Dry Van,292.9,679.62,664.7120349990304,691.4130716983113,678.0625533486709,1.5574466513290872
TR-040511,2025-09-13,september,Dry Van,595.7,1405.66,1337.9911963334173,1359.2250105151702,1348.6081034242939,57.05189657570622
TR-040512,2025-09-13,september,Flatbed,1254.9,2735.13,2713.3209946090938,2761.5241482317865,2737.4225714204404,2.292571420440254
TR-040513,2025-09-13,september,Reefer,2107.4,4475.25,4444.596911516761,4480.102634128693,4462.349772822727,12.900227177273337
TR-040514,2025-09-13,september,Dry Van,433.5,900.01,907.1952838735338,939.4973018448427,923.3462928591882,23.336292859188234
TR-040515,2025-09-13,september,Reefer,659.3,1601.14,1565.1459158999285,1590.5355115802572,1577.8407137400927,23.299286259907376
TR-040516,2025-09-13,september,Dry Van,1461.1,2754.85,2706.633357644807,2779.8751401035224,2743.2542488741647,11.59575112583525
TR-040517,2025-09-13,september,Dry Van,286.9,698.07,701.0942314718228,707.5117062022127,704.3029688370177,6.2329688370176655
TR-040518,2025-09-13,september,Dry Van,261.7,586.07,598.4076150215345,601.2868103483688,599.8472126849517,13.777212684951678
TR-040519,2025-09-13,september,Flatbed,291.3,804.41,759.3932559445989,782.5281150177798,770.9606854811893,33.44931451881064
TR-040520,2025-09-13,september,Dry Van,445.3,1061.76,1002.0464346523415,1022.5269077947329,1012.2866712235373,49.47332877646272
TR-040521,2025-09-13,september,Dry Van,1832.4,3432.15,3486.4692483757717,3376.020327691858,3431.244788033815,0.9052119661851066
TR-040522,2025-09-13,september,Flatbed,463.9,1152.91,1157.83193435235,1163.9988941572067,1160.9154142547782,8.005414254778088
TR-040523,2025-09-13,september,Flatbed,1601.4,3445.34,3390.7625880191986,3408.8943493719407,3399.8284686955694,45.51153130443072
TR-040524,2025-09-13,september,Dry Van,2602.0,4873.57,4909.051242242449,4779.568217370284,4844.309729806367,29.260270193633005
TR-040525,2025-09-13,september,Reefer,1671.1,3772.59,3734.0680308707038,3736.938988244752,3735.5035095577277,37.08649044227241
TR-040526,2025-09-13,september,Dry Van,1080.9,2065.79,2029.2250978218192,2025.0021160183003,2027.1136069200597,38.676393079940226
TR-040527,2025-09-13,september,Dry Van,230.4,608.99,595.7522779703362,622.4855259297397,609.118901950038,0.1289019500379709
TR-040528,2025-09-13,september,Dry Van,1233.6,2507.83,2546.260422301838,2494.8860915095424,2520.57325690569,12.743256905690032
TR-040529,2025-09-13,september,Dry Van,1647.7,3101.53,3241.7656669047437,3214.926358447814,3228.346012676279,126.81601267627866
TR-040530,2025-09-13,september,Reefer,519.2,1398.57,1375.3979430684253,1373.4722711449804,1374.4351071067028,24.134892893297092
TR-040531,2025-09-13,september,Dry Van,1039.3,2085.72,2104.917729216086,2047.3878556341597,2076.152792425123,9.567207574876647
TR-040532,2025-09-13,september,Reefer,845.7,1932.61,1891.800832550199,1935.2051823294476,1913.5030074398233,19.10699256017665
TR-040533,2025-09-13,september,Dry Van,2120.1,3847.17,3794.8973779585963,3769.766389967662,3782.3318839631293,64.83811603687082
TR-040534,2025-09-13,september,Dry Van,1032.6,2083.05,1948.854630583903,1954.588051471696,1951.7213410277996,131.32865897220063
TR-040535,2025-09-13,september,Dry Van,2238.8,3883.47,3929.8584599554943,3823.972793666526,3876.91562681101,6.554373188989757
TR-040536,2025-09-13,september,Dry Van,232.9,590.85,588.1751801388945,593.0083851971608,590.5917826680277,0.25821733197233243
TR-040537,2025-09-13,september,Dry Van,840.6,1809.43,1776.4461307197946,1814.4704973090381,1795.4583140144164,13.97168598558369
TR-040538,2025-09-13,september,Dry Van,641.3,1466.23,1431.4102798046688,1440.8466888159742,1436.1284843103215,30.101515689678536
TR-040539,2025-09-13,september,Dry Van,2784.1,4734.69,4961.886726750283,4766.448625613271,4864.167676181777,129.4776761817775
TR-040540,2025-09-13,september,Reefer,2738.1,5571.21,5524.399729336196,5362.04270878112,5443.221219058658,127.98878094134216
TR-040541,2025-09-13,september,Dry Van,778.5,1483.49,1498.9996119866785,1503.5642508961666,1501.2819314414226,17.79193144142255
TR-040542,2025-09-13,september,Dry Van,2316.0,4169.76,4210.229801519822,4167.513453059615,4188.871627289718,19.111627289717944
TR-040543,2025-09-14,september,Reefer,2087.6,4597.16,4445.551996327778,4415.823578542142,4430.68778743496,166.47221256503963
TR-040544,2025-09-14,september,Dry Van,387.2,834.73,842.3759816645422,852.1683812460478,847.272181455295,12.542181455295008
TR-040545,2025-09-14,september,Reefer,2008.6,3989.26,4069.2193609061965,4024.1492383934537,4046.6842996498253,57.424299649825116
TR-040546,2025-09-14,september,Dry Van,2128.6,4060.39,4052.078948503309,4064.1699194782204,4058.124433990765,2.2655660092350445
TR-040547,2025-09-14,september,Reefer,437.2,1175.58,1132.960540244709,1144.5031505892252,1138.7318454169672,36.84815458303274
TR-040548,2025-09-14,september,Dry Van,1971.1,3964.42,3831.762401705481,3800.9044212142294,3816.333411459855,148.08658854014493
TR-040549,2025-09-14,september,Dry Van,1839.5,3539.25,3454.7823820449476,3391.1829134174986,3422.982647731223,116.2673522687769
TR-040550,2025-09-14,september,Dry Van,762.7,1590.9,1580.1198426464034,1544.899222886356,1562.5095327663798,28.390467233620257
TR-040551,2025-09-14,september,Reefer,1000.7,2372.35,2317.1942110407463,2288.439819209374,2302.81701512506,69.53298487493976
TR-040552,2025-09-14,september,Flatbed,2052.6,4168.59,4050.883416587184,3958.8002301884017,4004.841823387793,163.74817661220732
TR-040553,2025-09-14,september,Reefer,329.4,872.33,841.5634402426284,875.8725413231941,858.7179907829113,13.612009217088712
TR-040554,2025-09-14,september,Flatbed,726.7,1805.4,1775.2013920143627,1748.235400800955,1761.718396407659,43.68160359234116
TR-040555,2025-09-14,september,Dry Van,1644.8,3184.99,3209.773768893539,3153.1792650537373,3181.4765169736384,3.5134830263614276
TR-040556,2025-09-14,september,Dry Van,1286.8,2393.93,2398.2434746967474,2437.75929404612,2418.0013843714337,24.07138437143385
TR-040557,2025-09-14,september,Dry Van,1840.2,3498.42,3546.2729538486824,3552.1556859055067,3549.2143198770946,50.794319877094495
TR-040558,2025-09-14,september,Dry Van,672.3,1421.64,1392.6718325522158,1407.4152927602436,1400.0435626562298,21.596437343770276
TR-040559,2025-09-14,september,Reefer,896.0,2119.94,2009.29285806837,2009.0953020026702,2009.19408003552,110.74591996447998
TR-040560,2025-09-14,september,Dry Van,3267.0,5663.09,5872.844852170296,5746.959441768295,5809.902146969295,146.8121469692951
TR-040561,2025-09-14,september,Dry Van,386.2,872.19,900.1932413249112,881.9585027745538,891.0758720497325,18.885872049732484
TR-040562,2025-09-14,september,Dry Van,1185.0,2379.3,2239.7424877318845,2326.417628789807,2283.080058260846,96.21994173915436
TR-040563,2025-09-14,september,Dry Van,967.3,1978.44,1918.955617372527,1904.3093376541299,1911.6324775133285,66.80752248667159
TR-040564,2025-09-14,september,Dry Van,446.3,1041.46,1036.006253349469,1027.0554975970801,1031.5308754732746,9.929124526725445
TR-040565,2025-09-14,september,Dry Van,1348.5,2637.86,2676.7759267804495,2684.0131300465373,2680.3945284134934,42.53452841349326
TR-040566,2025-09-14,september,Reefer,686.4,1581.62,1576.572096262139,1572.4967751339323,1574.5344356980356,7.0855643019642685
TR-040567,2025-09-14,september,Flatbed,971.6,2171.01,2058.0433366094253,2102.7389919360535,2080.3911642727394,90.61883572726083
TR-040568,2025-09-14,september,Flatbed,1494.3,3184.5,3227.5910881246105,3182.6564335811527,3205.123760852882,20.623760852881787
TR-040569,2025-09-14,september,Dry Van,2390.9,4227.95,4225.018929622089,4214.148399213034,4219.5836644175615,8.366335582438296
TR-040570,2025-09-14,september,Reefer,392.0,935.55,905.0364560830802,934.2894400359562,919.6629480595182,15.887051940481797
TR-040571,2025-09-14,september,Dry Van,658.5,1426.71,1363.7101944045016,1388.9848354282299,1376.3475149163658,50.36248508363428
TR-040572,2025-09-14,september,Flatbed,462.4,1196.62,1159.45982647701,1158.3280945740376,1158.8939605255237,37.72603947447624
TR-040573,2025-09-14,september,Flatbed,390.1,947.92,888.1136270137445,947.4894767405428,917.8015518771437,30.118448122856307
TR-040574,2025-09-14,september,Dry Van,2728.9,4848.77,4998.0820169526305,4866.874662107559,4932.478339530095,83.70833953009424
TR-040575,2025-09-14,september,Reefer,1409.2,3257.67,3186.1414544478257,3178.1705817121892,3182.1560180800075,75.5139819199926
TR-040576,2025-09-14,september,Reefer,798.3,1827.95,1820.7007636662706,1810.5760448603141,1815.6384042632924,12.311595736707659
TR-040577,2025-09-14,september,Flatbed,71.3,211.07,212.21142998723192,262.9907713796715,237.6011006834517,26.53110068345171
TR-040578,2025-09-14,september,Reefer,739.7,1751.84,1765.9755444446912,1743.6135814233637,1754.7945629340275,2.9545629340275354
TR-040579,2025-09-14,september,Flatbed,1049.7,2328.71,2299.6530400828983,2303.3688456123855,2301.5109428476417,27.199057152358364
TR-040580,2025-09-14,september,Reefer,1233.3,2739.57,2669.413865190297,2671.1217205973635,2670.26779289383,69.30220710617004
TR-040581,2025-09-14,september,Dry Van,484.5,1036.14,1018.4379423861077,1032.5327310765517,1025.4853367313297,10.654663268670447
TR-040582,2025-09-14,september,Dry Van,1691.9,3452.05,3329.406827019462,3344.875929580467,3337.1413782999643,114.90862170003584
TR-040583,2025-09-14,september,Flatbed,449.4,1072.22,1041.1394195394823,1067.5626490768154,1054.3510343081489,17.868965691851145
TR-040584,2025-09-14,september,Flatbed,1117.7,2411.77,2378.1342575932404,2327.5197032870074,2352.826980440124,58.94301955987612
TR-040585,2025-09-14,september,Flatbed,2576.3,4941.5,4904.4318152323285,4828.473175956059,4866.452495594194,75.04750440580574
TR-040586,2025-09-14,september,Reefer,236.4,701.85,655.8745132780527,683.4371988954194,669.6558560867361,32.19414391326393
TR-040587,2025-09-14,september,Dry Van,2806.7,5079.33,5121.028301430564,4999.415243722313,5060.2217725764385,19.108227423561402
TR-040588,2025-09-14,september,Flatbed,2781.0,5218.28,5226.906481395,5027.580227410879,5127.243354402939,91.03664559706067
TR-040589,2025-09-14,september,Dry Van,2511.2,4267.23,4455.249933227263,4333.218290925028,4394.234112076145,127.00411207614525
TR-040590,2025-09-14,september,Flatbed,1300.2,2904.58,2742.9448031018023,2675.368986899138,2709.1568950004703,195.42310499952964
TR-040591,2025-09-14,september,Dry Van,1935.3,3822.07,3698.7750691107276,3645.254455354236,3672.014762232482,150.05523776751807
TR-040592,2025-09-14,september,Reefer,1012.4,2365.37,2333.823773287781,2323.3662772997527,2328.595025293767,36.774974706233024
TR-040593,2025-09-14,september,Flatbed,1034.9,2315.08,2284.277622588352,2250.4780220827215,2267.3778223355366,47.702177664463306
TR-040594,2025-09-14,september,Reefer,718.1,1752.86,1761.0136488252465,1715.8395253289586,1738.4265870771026,14.433412922897332
TR-040595,2025-09-14,september,Dry Van,1650.4,3289.09,3263.13837763114,3256.1068873073627,3259.6226324692516,29.46736753074856
TR-040596,2025-09-14,september,Reefer,814.3,733.39,1759.2359489954154,1773.0330245355908,1766.134486765503,1032.744486765503
TR-040597,2025-09-14,september,Dry Van,612.6,1354.26,1312.2262303906018,1327.4951602058313,1319.8606952982166,34.39930470178342
TR-040598,2025-09-14,september,Dry Van,2431.1,4223.18,4360.353830818916,4377.951322709887,4369.152576764402,145.9725767644013
TR-040599,2025-09-14,september,Reefer,2226.4,4618.86,4497.96524216915,4397.478370399693,4447.721806284421,171.13819371557838
TR-040600,2025-09-14,september,Dry Van,2506.1,4259.02,4369.471354759319,4191.869253376979,4280.67030406815,21.650304068149126
TR-040601,2025-09-14,september,Dry Van,2210.6,808.74,3932.3714998353676,3847.2971436829675,3889.8343217591673,3081.0943217591675
TR-040602,2025-09-14,september,Dry Van,857.2,1700.06,1693.3025768954406,1732.6019178850195,1712.95224739023,12.892247390230068
TR-040603,2025-09-14,september,Flatbed,971.0,2338.34,2196.174184994199,2224.698030390308,2210.4361076922532,127.9038923077469
TR-040604,2025-09-14,september,Dry Van,839.1,1653.93,1671.432178481475,1681.1445193696622,1676.2883489255687,22.358348925568635
TR-040605,2025-09-14,september,Dry Van,2277.0,4115.96,4145.067864491644,4107.710324506621,4126.389094499133,10.429094499132589
TR-040606,2025-09-14,september,Dry Van,1212.4,2525.35,2482.5972773752474,2444.0806477239357,2463.3389625495915,62.01103745040837
TR-040607,2025-09-14,september,Reefer,850.0,1940.14,1931.0518193846715,1933.64718207429,1932.3495007294807,7.790499270519376
TR-040608,2025-09-14,september,Dry Van,2036.4,3659.54,3728.1885759495826,3546.307015603593,3637.2477957765877,22.292204223412227
TR-040609,2025-09-14,september,Flatbed,2279.0,4550.71,4443.067831644962,4433.835809240519,4438.45182044274,112.25817955725961
TR-040610,2025-09-14,september,Flatbed,1777.0,3778.61,3755.496560315062,3749.709234007735,3752.6028971613987,26.00710283860144
TR-040611,2025-09-14,september,Dry Van,406.1,952.32,903.2696329569038,910.5107341478069,906.8901835523554,45.42981644764461
TR-040612,2025-09-14,september,Flatbed,926.9,1914.44,1841.6154170778652,1874.7953015752512,1858.2053593265582,56.234640673441845
TR-040613,2025-09-14,september,Reefer,473.5,1088.44,1046.5681013359394,1118.8715670285726,1082.719834182256,5.720165817744146
TR-040614,2025-09-14,september,Reefer,1862.3,3916.1,3913.3889416871452,3905.9083236417214,3909.6486326644335,6.451367335566374
TR-040615,2025-09-14,september,Reefer,393.3,1040.95,1003.2530398724167,1020.8840628907708,1012.0685513815938,28.88144861840624
TR-040616,2025-09-14,september,Dry Van,1088.3,1990.67,2005.4572425088047,1948.794230718653,1977.1257366137288,13.544263386271268
TR-040617,2025-09-14,september,Reefer,1700.4,3698.67,3643.8498364447532,3606.6484473393148,3625.249141892034,73.42085810796607
TR-040618,2025-09-14,september,Dry Van,1236.4,2529.22,2526.3378208346167,2471.1221857011687,2498.7300032678927,30.4899967321071
TR-040619,2025-09-14,september,Reefer,331.0,885.52,835.3838295788094,891.5966479762697,863.4902387775395,22.02976122246048
TR-040620,2025-09-14,september,Dry Van,403.2,3043.83,835.0766450025144,846.5059014925253,840.7912732475198,2203.03872675248
TR-040621,2025-09-14,september,Dry Van,176.1,439.89,442.8710996142295,422.2619424671527,432.5665210406911,7.323478959308886
TR-040622,2025-09-14,september,Flatbed,525.2,1153.83,1139.9968931921696,1111.169314182014,1125.5831036870918,28.24689631290812
TR-040623,2025-09-14,september,Reefer,1826.7,3862.55,3735.9445411398306,3706.2424321896297,3721.0934866647303,141.45651333526985
TR-040624,2025-09-14,september,Dry Van,847.7,1890.09,1808.3033939269164,1820.6979287508827,1814.5006613388996,75.58933866110033
TR-040625,2025-09-14,september,Dry Van,2040.6,3674.7,3824.9732610207207,3705.805406265891,3765.3893336433057,90.68933364330587
TR-040626,2025-09-14,september,Dry Van,1657.5,3075.53,3104.6644103274552,3082.237970105785,3093.45119021662,17.921190216619834
TR-040627,2025-09-14,september,Reefer,814.8,1911.52,1933.9806936679588,1855.6127078835211,1894.79670077574,16.723299224260018
TR-040628,2025-09-14,september,Dry Van,791.4,1647.07,1636.2757647337787,1676.113749549444,1656.1947571416113,9.124757141611326
TR-040629,2025-09-14,september,Dry Van,428.2,968.36,985.9957007678814,1003.1361930085877,994.5659468882345,26.205946888234507
TR-040630,2025-09-14,september,Flatbed,1031.5,2236.91,2169.404373774304,2195.6391795860527,2182.5217766801784,54.38822331982146
TR-040631,2025-09-14,september,Reefer,424.2,1041.14,1058.7146684732338,1074.3599347542847,1066.5373016137592,25.397301613759055
TR-040632,2025-09-14,september,Reefer,1221.3,2656.72,2547.902916569436,2530.9316143269784,2539.417265448207,117.30273455179258
TR-040633,2025-09-14,september,Reefer,1222.7,2750.6,2720.8655604378637,2658.8883119201023,2689.8769361789828,60.72306382101715
TR-040634,2025-09-14,september,Reefer,1365.5,3015.94,3047.8968576373254,2999.6014828460343,3023.74917024168,7.809170241680022
TR-040635,2025-09-14,september,Flatbed,351.0,897.94,869.8791053246591,874.5683352179503,872.2237202713047,25.716279728695326
TR-040636,2025-09-14,september,Dry Van,768.1,1535.46,1495.9175428780104,1505.448747131526,1500.6831450047682,34.776854995231815
TR-040637,2025-09-14,september,Flatbed,503.9,1274.27,1257.4346368453284,1220.548570135707,1238.9916034905177,35.27839650948226
TR-040638,2025-09-14,september,Dry Van,2445.2,4485.86,4547.8820415062855,4477.183022983128,4512.532532244706,26.672532244706417
TR-040639,2025-09-14,september,Flatbed,987.7,1930.91,1985.604014423719,1977.4449548925597,1981.5244846581395,50.61448465813942
TR-040640,2025-09-14,september,Reefer,1241.4,2747.43,2696.1962885757857,2624.3401930494474,2660.2682408126166,87.16175918738327
TR-040641,2025-09-14,september,Flatbed,1235.6,2581.86,2574.28660101661,2550.554855175071,2562.420728095841,19.43927190415934
TR-040642,2025-09-14,september,Dry Van,1017.3,1999.03,1887.8300339395748,1934.0762985306667,1910.9531662351208,88.07683376487921
TR-040643,2025-09-14,september,Reefer,781.4,1856.98,1813.8780987738246,1796.7095592033288,1805.2938289885767,51.68617101142331
TR-040644,2025-09-14,september,Reefer,1208.5,2806.99,2741.2299357304896,2689.220158837905,2715.225047284197,91.76495271580279
TR-040645,2025-09-14,september,Flatbed,432.8,1047.96,1016.837283634586,1026.6954059165766,1021.7663447755813,26.193655224418762
TR-040646,2025-09-14,september,Reefer,2649.7,5487.77,5370.294472745761,5369.655972507317,5369.975222626539,117.79477737346133
TR-040647,2025-09-14,september,Reefer,684.7,1626.23,1580.01438011778,1600.6621041642593,1590.3382421410197,35.89175785898033
TR-040648,2025-09-14,september,Dry Van,1331.9,2468.53,2588.580746649546,2584.6021215816427,2586.5914341155944,118.06143411559424
TR-040649,2025-09-14,september,Reefer,554.4,1359.7,1375.6631809027217,1361.6426439188917,1368.6529124108067,8.952912410806675
TR-040650,2025-09-14,september,Reefer,1826.0,3944.15,3870.888111013475,3875.2485554315026,3873.068333222489,71.08166677751115
TR-040651,2025-09-14,september,Reefer,1455.1,3304.61,3288.9447514652184,3315.413433537932,3302.1790925015753,2.430907498424858
TR-040652,2025-09-14,september,Reefer,1114.2,2541.31,2489.7097427732315,2420.196948472332,2454.953345622782,86.35665437721809
TR-040653,2025-09-14,september,Dry Van,977.5,1843.13,1859.876339637957,1882.9979294773027,1871.4371345576299,28.30713455762975
TR-040654,2025-09-14,september,Dry Van,610.2,1357.03,1362.7728900685554,1370.3196172875619,1366.5462536780587,9.516253678058774
TR-040655,2025-09-14,september,Dry Van,700.2,1492.26,1472.4484552897216,1466.5327472094805,1469.490601249601,22.769398750398977
TR-040656,2025-09-14,september,Dry Van,524.3,1151.06,1149.0185213440525,1175.1340055379637,1162.076263441008,11.01626344100805
TR-040657,2025-09-14,september,Dry Van,2491.9,4344.6,4510.96745769849,4341.301015121466,4426.134236409978,81.5342364099779
TR-040658,2025-09-14,september,Reefer,583.6,1465.86,1512.9800094034904,1497.113440415303,1505.0467249093967,39.186724909396844
TR-040659,2025-09-14,september,Dry Van,715.1,1555.76,1513.6599635108114,1545.1445964266472,1529.4022799687293,26.357720031270674
TR-040660,2025-09-14,september,Flatbed,794.2,1745.31,1729.9344339111672,1716.004544386676,1722.9694891489216,22.340510851078307
TR-040661,2025-09-14,september,Reefer,1104.3,2401.12,2449.8595396746186,2422.721565155718,2436.2905524151683,35.17055241516846
TR-040662,2025-09-14,september,Flatbed,656.1,1536.67,1525.9121122599665,1521.1854343656696,1523.548773312818,13.121226687182116
TR-040663,2025-09-14,september,Flatbed,1471.7,3211.14,3135.062900988731,3180.5034176874124,3157.7831593380715,53.356840661928345
TR-040664,2025-09-14,september,Dry Van,644.9,1394.94,1403.8883451302147,1413.0678710355496,1408.478108082882,13.53810808288199
TR-040665,2025-09-14,september,Dry Van,569.7,1245.58,1227.7837153758212,1221.025317406824,1224.4045163913224,21.175483608677496
TR-040666,2025-09-14,september,Dry Van,492.0,1114.52,1099.8350096255413,1121.1506706861205,1110.492840155831,4.027159844169091
TR-040667,2025-09-14,september,Dry Van,2882.4,5308.01,5340.158170242849,5235.188514939862,5287.673342591355,20.336657408644896
TR-040668,2025-09-14,september,Flatbed,758.0,1833.03,1790.3518750140602,1755.6952497483599,1773.02356238121,60.00643761878996
TR-040669,2025-09-14,september,Reefer,316.1,758.17,749.9044883290081,761.7468511704792,755.8256697497436,2.3443302502563483
TR-040670,2025-09-14,september,Dry Van,609.5,1393.75,1361.6533388846542,1365.3997850864425,1363.5265619855484,30.22343801445163
TR-040671,2025-09-14,september,Dry Van,441.7,975.82,960.9635693278072,995.0134056590282,977.9884874934178,2.1684874934177287
TR-040672,2025-09-14,september,Reefer,925.4,2122.92,2142.0232779235994,2106.7391411871577,2124.3812095553785,1.4612095553784457
TR-040673,2025-09-14,september,Dry Van,717.3,1493.78,1494.622983896854,1509.9538743323556,1502.2884291146047,8.508429114604724
TR-040674,2025-09-14,september,Dry Van,1403.6,2587.46,2608.2194142625444,2606.4224995174627,2607.320956890004,19.860956890003763
TR-040675,2025-09-14,september,Dry Van,2385.8,4724.87,4621.730063362345,4538.477335779276,4580.103699570811,144.76630042918896
TR-040676,2025-09-14,september,Reefer,545.1,1311.04,1292.974864237785,1311.262840612857,1302.118852425321,8.921147574679026
TR-040677,2025-09-14,september,Reefer,585.2,1367.4,1346.0543101302144,1350.5695661390573,1348.311938134636,19.088061865364125
TR-040678,2025-09-14,september,Reefer,314.2,803.0,782.0018144800766,845.6430827945981,813.8224486373374,10.822448637337402
TR-040679,2025-09-14,september,Dry Van,575.6,4277.4,1276.951552944552,1305.1468790531308,1291.0492159988414,2986.350784001158
TR-040680,2025-09-14,september,Dry Van,783.6,1544.08,1550.6712070020653,1564.445568676474,1557.5583878392697,13.478387839269772
TR-040681,2025-09-14,september,Dry Van,1208.9,2356.8,2420.335013945567,2341.9468758624603,2381.140944904014,24.340944904013668
TR-040682,2025-09-14,september,Flatbed,1027.3,2282.38,2240.9373754758435,2207.3075108683533,2224.1224431720984,58.25755682790168
TR-040683,2025-09-14,september,Flatbed,299.7,868.27,804.4877576875261,843.1766590835055,823.8322083855157,44.43779161448424
TR-040684,2025-09-14,september,Reefer,341.7,913.85,878.0270521673918,899.5123061403885,888.7696791538901,25.080320846109885
TR-040685,2025-09-14,september,Dry Van,1096.6,2142.39,2065.5987475756115,2106.4146100601643,2086.006678817888,56.38332118211201
TR-040686,2025-09-14,september,Reefer,697.8,1683.98,1634.699185812423,1620.0245499729726,1627.3618678926978,56.618132107302245
TR-040687,2025-09-14,september,Reefer,853.3,1978.32,1968.1279247363736,1946.2466003161726,1957.1872625262731,21.13273747372682
TR-040688,2025-09-14,september,Reefer,1070.6,2480.99,2488.0382743850846,2417.509497339388,2452.773885862236,28.216114137763725
TR-040689,2025-09-14,september,Dry Van,867.1,1663.98,1633.0352789287138,1675.9478069862637,1654.4915429574887,9.4884570425113
TR-040690,2025-09-14,september,Dry Van,1695.9,3141.7,3210.0723814265016,3183.8454562569386,3196.9589188417203,55.258918841720515
TR-040691,2025-09-14,september,Flatbed,471.2,1228.47,1183.0231706038726,1237.5688552366275,1210.2960129202502,18.17398707974985
TR-040692,2025-09-14,september,Dry Van,1076.2,2088.95,2074.9410027623367,2052.494731539424,2063.71786715088,25.232132849119807
TR-040693,2025-09-14,september,Dry Van,426.2,907.21,907.8345160775389,931.0753540945425,919.4549350860407,12.244935086040641
TR-040694,2025-09-14,september,Dry Van,1903.9,3541.96,3556.4235214963714,3499.4248051666727,3527.9241633315223,14.035836668477714
TR-040695,2025-09-14,september,Dry Van,1205.5,2273.19,2308.082968670328,2279.6256358775954,2293.8543022739614,20.66430227396131
TR-040696,2025-09-14,september,Dry Van,1335.1,2525.6,2542.39064272447,2513.7585564714113,2528.0745995979405,2.474599597940596
TR-040697,2025-09-14,september,Dry Van,1996.1,3579.73,3557.136149813936,3518.014339605267,3537.5752447096015,42.1547552903985
TR-040698,2025-09-14,september,Flatbed,2503.2,5121.15,4920.981940729077,4893.532851439935,4907.257396084506,213.89260391549396
TR-040699,2025-09-14,september,Reefer,835.4,2075.54,2069.1492254107957,2013.7015653406766,2041.4253953757361,34.11460462426385
TR-040700,2025-09-14,september,Dry Van,336.4,806.71,787.140616670406,789.8276585617766,788.4841376160913,18.225862383908748
TR-040701,2025-09-14,september,Dry Van,1600.3,3211.44,3211.757957780285,3158.2146747962543,3184.9863162882693,26.45368371173072
TR-040702,2025-09-14,september,Dry Van,451.8,1020.34,1024.005632520134,1050.36210476846,1037.183868644297,16.843868644297004
TR-040703,2025-09-14,september,Dry Van,1746.7,3341.34,3327.5535583639235,3267.767001324317,3297.66027984412,43.679720155880204
TR-040704,2025-09-14,september,Dry Van,311.8,737.54,728.1965058255755,744.1087921129256,736.1526489692505,1.3873510307494143
TR-040705,2025-09-14,september,Reefer,498.0,1223.19,1194.970092218027,1174.1622542968596,1184.5661732574433,38.62382674255673
TR-040706,2025-09-14,september,Dry Van,758.9,1566.25,1496.7995370638382,1498.3836219625587,1497.5915795131984,68.65842048680156
TR-040707,2025-09-15,september,Flatbed,1409.5,3062.16,3048.2023419481266,3016.5277566814825,3032.3650493148043,29.794950685195545
TR-040708,2025-09-15,september,Reefer,1444.7,3074.81,3069.4066355525756,3009.0710902117607,3039.238862882168,35.57113711783177
TR-040709,2025-09-15,september,Reefer,603.4,1431.72,1415.3477267629864,1428.8741430503733,1422.1109349066799,9.609065093320169
TR-040710,2025-09-15,september,Flatbed,2259.2,4563.16,4503.370965445437,4457.856170830508,4480.613568137973,82.54643186202702
TR-040711,2025-09-15,september,Dry Van,786.7,1632.04,1593.2478645644856,1639.5931086372461,1616.4204866008658,15.61951339913412
TR-040712,2025-09-15,september,Dry Van,2764.4,4885.54,5011.0325173926485,4959.707358403619,4985.369937898134,99.82993789813372
TR-040713,2025-09-15,september,Dry Van,414.6,948.95,946.4428443160034,942.5025921660015,944.4727182410024,4.477281758997606
TR-040714,2025-09-15,september,Flatbed,916.1,2133.96,1945.7309575346956,1952.5037843978685,1949.1173709662821,184.8426290337179
TR-040715,2025-09-15,september,Dry Van,1610.9,3110.59,3119.4056038160397,3072.5808664171554,3095.9932351165976,14.596764883402557
TR-040716,2025-09-15,september,Dry Van,693.7,1424.34,1451.7744994254188,1436.4236973887546,1444.0990984070868,19.759098407086867
TR-040717,2025-09-15,september,Reefer,1046.8,2335.22,2309.2255006344094,2307.3685064376386,2308.297003536024,26.922996463975778
TR-040718,2025-09-15,september,Dry Van,825.2,1687.24,1695.1887813137603,1736.090506355984,1715.639643834872,28.399643834871995
TR-040719,2025-09-15,september,Flatbed,427.1,1102.46,1083.0718777189743,1079.1377403618894,1081.104809040432,21.355190959568063
TR-040720,2025-09-15,september,Dry Van,594.5,1299.13,1277.3816764716212,1274.8531907742,1276.1174336229105,23.01256637708957
TR-040721,2025-09-15,september,Reefer,539.3,1324.29,1308.7554353058295,1299.8514641153115,1304.3034497105705,19.986550289429488
TR-040722,2025-09-15,september,Dry Van,926.3,1738.51,1799.813460944211,1789.1668326714694,1794.4901468078401,55.98014680784013
TR-040723,2025-09-15,september,Reefer,2183.7,4570.75,4600.3399586812575,4529.023071937614,4564.681515309436,6.068484690564219
TR-040724,2025-09-15,september,Dry Van,331.4,3515.75,800.2352165675038,817.5656008532915,808.9004087103976,2706.8495912896024
TR-040725,2025-09-15,september,Dry Van,398.9,905.06,915.3786902077113,920.6123982241102,917.9955442159107,12.935544215910795
TR-040726,2025-09-15,september,Dry Van,1699.8,3307.65,3350.106334629908,3342.664617262264,3346.385475946086,38.7354759460859
TR-040727,2025-09-15,september,Flatbed,691.5,1573.36,1516.7591078860703,1490.907435671406,1503.833271778738,69.52672822126192
TR-040728,2025-09-15,september,Reefer,833.0,1764.63,1798.0310539657987,1807.832364504321,1802.9317092350598,38.30170923505966
TR-040729,2025-09-15,september,Flatbed,2927.8,5473.89,5424.466527012234,5327.713091627288,5376.089809319761,97.80019068023921
TR-040730,2025-09-15,september,Dry Van,2320.5,4555.22,4413.93403483791,4359.378128787339,4386.6560818126245,168.56391818737575
TR-040731,2025-09-15,september,Reefer,360.2,996.42,953.8798732308628,968.4724229816509,961.1761481062568,35.24385189374311
TR-040732,2025-09-15,september,Dry Van,1363.6,2772.19,2737.2759472726157,2752.2641869186746,2744.770067095645,27.419932904354937
TR-040733,2025-09-15,september,Reefer,723.9,1627.76,1667.1807387747283,1635.9834509221444,1651.5820948484363,23.822094848436336
TR-040734,2025-09-15,september,Dry Van,859.1,1814.27,1782.9562376776405,1794.2133107971608,1788.5847742374008,25.685225762599202
TR-040735,2025-09-15,september,Flatbed,463.8,1211.23,1168.8451068590011,1175.6113570732678,1172.2282319661344,39.001768033865574
TR-040736,2025-09-15,september,Reefer,1954.8,4400.11,4231.942053458343,4224.941046681639,4228.441550069991,171.66844993000905
TR-040737,2025-09-15,september,Flatbed,1014.3,2144.77,2116.079523126886,2053.434925307164,2084.7572242170254,60.012775782974586
TR-040738,2025-09-15,september,Flatbed,1692.3,3584.65,3469.287008885257,3514.9840345005528,3492.135521692905,92.51447830709503
TR-040739,2025-09-15,september,Dry Van,2279.0,4151.1,4166.974539901809,4149.984969955329,4158.479754928569,7.379754928568218
TR-040740,2025-09-15,september,Dry Van,1174.4,2467.5,2428.875515869331,2390.988771520117,2409.932143694724,57.56785630527611
TR-040741,2025-09-15,september,Dry Van,472.5,1050.24,1041.1395381691718,1043.2809724070285,1042.2102552881001,8.029744711899866
TR-040742,2025-09-15,september,Dry Van,1649.5,3094.1,3002.5445370143325,2979.162283605622,2990.8534103099773,103.24658969002257
TR-040743,2025-09-15,september,Flatbed,1523.0,3206.78,3145.8010671536827,3153.2377655233363,3149.5194163385095,57.26058366149073
TR-040744,2025-09-15,september,Dry Van,1929.1,3771.61,3774.4806713076027,3735.066669984759,3754.773670646181,16.83632935381911
TR-040745,2025-09-15,september,Reefer,929.9,2081.42,2061.9084578423676,2082.677218245908,2072.292838044138,9.127161955861993
TR-040746,2025-09-15,september,Dry Van,429.5,968.79,950.0830500037546,975.2381004020172,962.6605752028859,6.129424797114098
TR-040747,2025-09-15,september,Dry Van,1245.7,2265.27,2331.9939476036857,2337.2283622617024,2334.6111549326943,69.34115493269428
TR-040748,2025-09-15,september,Dry Van,244.5,588.75,583.8806535165537,585.3815037654836,584.6310786410186,4.118921358981424
TR-040749,2025-09-15,september,Flatbed,236.2,674.16,628.3070686369429,645.3495464833011,636.828307560122,37.331692439878
TR-040750,2025-09-15,september,Reefer,2348.1,4757.28,4776.147715979352,4780.939004905458,4778.543360442405,21.26336044240543
TR-040751,2025-09-15,september,Reefer,1628.9,3565.01,3513.0484627811293,3449.794662407576,3481.4215625943525,83.58843740564771
TR-040752,2025-09-15,september,Dry Van,431.3,1017.61,1000.466286089806,1012.9094591604634,1006.6878726251347,10.92212737486534
TR-040753,2025-09-15,september,Dry Van,528.9,1132.1,1126.8913976178453,1147.0165886458226,1136.953993131834,4.853993131834159
TR-040754,2025-09-15,september,Dry Van,2068.3,3533.31,3655.9654653253538,3530.7232365874424,3593.344350956398,60.03435095639816
TR-040755,2025-09-15,september,Flatbed,2007.9,4317.3,4093.889166624942,3996.1659231370454,4045.0275448809934,272.27245511900674
TR-040756,2025-09-15,september,Reefer,764.9,1839.49,1776.993843668316,1769.6883970598446,1773.3411203640803,66.14887963591968
TR-040757,2025-09-15,september,Reefer,742.0,1720.57,1695.1081777108598,1696.4499395638313,1695.7790586373455,24.790941362654394
TR-040758,2025-09-15,september,Reefer,674.0,1619.11,1547.7782568995622,1577.7786544333844,1562.7784556664733,56.33154433352661
TR-040759,2025-09-15,september,Dry Van,2105.1,4006.97,3929.7661786802446,3914.508874969466,3922.1375268248553,84.83247317514451
TR-040760,2025-09-15,september,Reefer,1394.2,3216.59,3237.802105836948,3201.6421929273147,3219.7221493821316,3.1321493821315016
TR-040761,2025-09-15,september,Reefer,1775.8,3617.9,3631.782031858366,3625.7313581096105,3628.7566949839884,10.856694983988291
TR-040762,2025-09-15,september,Reefer,145.4,453.28,428.87269904743306,469.9985874153083,449.4356432313707,3.844356768629268
TR-040763,2025-09-15,september,Flatbed,711.9,1604.51,1548.7402857091924,1559.450320584201,1554.0953031466968,50.41469685330321
TR-040764,2025-09-15,september,Reefer,932.0,2148.4,2103.740743358611,2105.3272010782566,2104.5339722184335,43.86602778156657
TR-040765,2025-09-15,september,Reefer,2131.0,4688.14,4518.948785106205,4529.388410169279,4524.168597637742,163.97140236225823
TR-040766,2025-09-15,september,Dry Van,350.9,778.24,789.1355498642188,792.6222850873753,790.878917475797,12.63891747579703
TR-040767,2025-09-15,september,Dry Van,1851.2,3409.93,3444.4675963203626,3383.8628048924893,3414.165200606426,4.235200606426133
TR-040768,2025-09-15,september,Dry Van,857.8,1767.56,1755.399157174027,1762.9223526531523,1759.1607549135897,8.399245086410247
TR-040769,2025-09-15,september,Dry Van,929.2,1947.44,1893.3640665512435,1902.777584272391,1898.0708254118172,49.36917458818289
TR-040770,2025-09-15,september,Dry Van,2663.8,4955.66,4851.822789830669,4783.796497453612,4817.80964364214,137.8503563578597
TR-040771,2025-09-15,september,Dry Van,513.5,1174.63,1139.60575702037,1137.5626148230021,1138.5841859216862,36.045814078313924
TR-040772,2025-09-15,september,Reefer,452.2,1172.91,1167.9579971639753,1183.7116754350213,1175.8348362994984,2.924836299498338
TR-040773,2025-09-15,september,Dry Van,171.2,466.35,464.87969554346864,468.8520910937257,466.86589331859716,0.5158933185971364
TR-040774,2025-09-15,september,Reefer,2434.6,5059.98,4874.418563476995,4814.805710366178,4844.612136921586,215.3678630784134
TR-040775,2025-09-15,september,Reefer,976.3,575.21,2288.907490111428,2287.407906571576,2288.157698341502,1712.947698341502
TR-040776,2025-09-15,september,Reefer,1212.4,2707.48,2656.4338204646842,2662.2064005287457,2659.3201104967147,48.159889503285285
TR-040777,2025-09-15,september,Dry Van,2377.9,4476.59,4311.886520994714,4241.945767874308,4276.916144434512,199.67385556548834
TR-040778,2025-09-15,september,Reefer,707.5,1701.5,1701.0394748650933,1680.812471923066,1690.9259733940796,10.57402660592038
TR-040779,2025-09-15,september,Dry Van,1779.1,3500.96,3437.817118613965,3399.432963453083,3418.625041033524,82.33495896647582
TR-040780,2025-09-15,september,Reefer,434.6,1080.4,1093.796122389522,1124.784768645759,1109.2904455176404,28.890445517640273
TR-040781,2025-09-15,september,Reefer,651.6,1575.85,1535.3344938020898,1500.5686964425804,1517.9515951223352,57.89840487766469
TR-040782,2025-09-15,september,Flatbed,742.5,1644.06,1578.2725854472947,1568.7085614087964,1573.4905734280455,70.56942657195441
TR-040783,2025-09-15,september,Dry Van,1062.1,2184.53,2234.0406545302935,2213.485298984054,2223.762976757174,39.232976757173674
TR-040784,2025-09-15,september,Flatbed,1535.4,3274.66,3184.647243648903,3122.6728078053557,3153.6600257271293,120.99997427287053
TR-040785,2025-09-15,september,Reefer,2317.4,5052.62,4853.4559201498205,4826.62310900267,4840.039514576245,212.5804854237549
TR-040786,2025-09-15,september,Flatbed,257.7,729.28,700.796667586888,715.7351845156734,708.2659260512808,21.014073948719215
TR-040787,2025-09-15,september,Flatbed,613.8,1347.06,1321.5145151908857,1290.6417625739136,1306.0781388823998,40.98186111760015
TR-040788,2025-09-15,september,Dry Van,1606.8,3080.46,3069.906244933867,3092.431546647581,3081.168895790724,0.7088957907240001
TR-040789,2025-09-15,september,Flatbed,2266.2,4583.82,4293.674767288086,4248.516229099636,4271.095498193861,312.7245018061385
TR-040790,2025-09-15,september,Flatbed,1692.3,3336.87,3362.9092290714557,3312.936326056429,3337.9227775639424,1.0527775639425272
TR-040791,2025-09-15,september,Reefer,1223.9,2863.65,2845.7731723354213,2841.7936201073753,2843.783396221398,19.866603778601984
TR-040792,2025-09-15,september,Dry Van,764.1,1594.5,1607.4088401006165,1595.0255997757722,1601.2172199381944,6.717219938194376
TR-040793,2025-09-15,september,Dry Van,1021.2,1965.05,1957.4495105170236,1992.8861192281706,1975.167814872597,10.117814872597137
TR-040794,2025-09-15,september,Dry Van,466.1,1069.2,1058.8573067363384,1066.3371305722771,1062.5972186543077,6.602781345692392
TR-040795,2025-09-15,september,Dry Van,464.6,1050.81,1046.9064694823683,1066.7535578492473,1056.8300136658077,6.02001366580771
TR-040796,2025-09-15,september,Flatbed,2123.5,4330.39,4179.431848080018,4230.755284026443,4205.0935660532305,125.29643394676987
TR-040797,2025-09-15,september,Dry Van,519.6,1106.96,1074.3942955173693,1067.647029305132,1071.0206624112507,35.93933758874937
TR-040798,2025-09-15,september,Dry Van,1845.6,3386.05,3483.8515035788078,3514.1635741183327,3499.00753884857,112.95753884857004
TR-040799,2025-09-15,september,Flatbed,145.1,426.34,431.3257419704712,454.39659779040903,442.8611698804401,16.52116988044014
TR-040800,2025-09-15,september,Dry Van,1435.2,2665.44,2665.872005438527,2672.5935903195814,2669.2327978790545,3.792797879054433
TR-040801,2025-09-15,september,Flatbed,2719.7,5290.27,5302.532430119338,5124.187371192131,5213.359900655734,76.9100993442662
TR-040802,2025-09-15,september,Dry Van,1451.2,2763.04,2823.766550556608,2875.508681325193,2849.6376159409,86.59761594090014
TR-040803,2025-09-15,september,Dry Van,743.4,1498.19,1516.3690385858656,1543.6601898434903,1530.014614214678,31.824614214677922
TR-040804,2025-09-15,september,Dry Van,373.1,823.54,808.3619743163966,809.2244539259952,808.7932141211959,14.746785878804076
TR-040805,2025-09-15,september,Dry Van,321.3,730.98,721.7887233886473,734.2661793483119,728.0274513684797,2.952548631520358
TR-040806,2025-09-15,september,Dry Van,968.2,1937.55,1918.104297248301,1920.778309323464,1919.4413032858824,18.108696714117514
TR-040807,2025-09-15,september,Dry Van,1796.2,3218.12,3287.8332046993423,3225.4227966024773,3256.6280006509096,38.50800065090971
TR-040808,2025-09-15,september,Dry Van,2613.3,4622.68,4773.557836540859,4629.624546550121,4701.59119154549,78.9111915454896
TR-040809,2025-09-15,september,Dry Van,652.4,1354.82,1334.1584631514115,1374.6015298213188,1354.3799964863651,0.4400035136347924
TR-040810,2025-09-15,september,Dry Van,1224.6,2478.05,2555.112946891977,2511.418840952041,2533.265893922009,55.215893922008945
TR-040811,2025-09-15,september,Dry Van,1079.6,2165.51,2208.95389979768,2137.8099075609057,2173.381903679293,7.8719036792927
TR-040812,2025-09-15,september,Dry Van,560.5,1196.67,1165.5711257712558,1160.401146352794,1162.9861360620248,33.683863937975275
TR-040813,2025-09-15,september,Flatbed,1038.4,2261.1,2209.508837800952,2141.1445318716314,2175.326684836292,85.77331516370805
TR-040814,2025-09-15,september,Dry Van,1353.9,2689.4,2661.1179316844455,2677.2134812320814,2669.1657064582632,20.23429354173686
TR-040815,2025-09-15,september,Reefer,634.1,1502.22,1494.9610857786295,1483.2287013603543,1489.094893569492,13.12510643050814
TR-040816,2025-09-15,september,Reefer,710.8,1496.45,1537.3621802732641,1536.8582351401374,1537.1102077067007,40.6602077067007
TR-040817,2025-09-15,september,Reefer,880.4,2041.42,2014.388024341987,2023.9842809290349,2019.186152635511,22.233847364489066
TR-040818,2025-09-15,september,Dry Van,2231.8,4089.63,4079.921438815083,4032.886629809016,4056.4040343120496,33.22596568795052
TR-040819,2025-09-15,september,Dry Van,1025.5,2015.11,2069.416998940066,2049.854782749839,2059.635890844953,44.52589084495298
TR-040820,2025-09-15,september,Reefer,434.3,1168.59,1142.960449519805,1166.3096093852307,1154.6350294525178,13.954970547482162
TR-040821,2025-09-15,september,Dry Van,827.9,1672.92,1625.0830523752556,1679.2667556511497,1652.1749040132026,20.745095986797423
TR-040822,2025-09-15,september,Flatbed,1335.5,2808.09,2734.2577259515215,2687.3862901336643,2710.8220080425926,97.2679919574075
TR-040823,2025-09-15,september,Reefer,1044.7,2228.44,2275.9293654881862,2239.5983828025255,2257.7638741453557,29.323874145355603
TR-040824,2025-09-15,september,Flatbed,1514.7,3175.28,3173.8248893137074,3179.0747438000317,3176.4498165568693,1.1698165568691365
TR-040825,2025-09-15,september,Dry Van,944.7,1787.88,1774.6948238205928,1797.3084221291301,1786.0016229748614,1.8783770251386613
TR-040826,2025-09-15,september,Dry Van,2975.0,5510.91,5465.267015705921,5339.719623286295,5402.493319496109,108.41668050389126
TR-040827,2025-09-15,september,Reefer,1181.9,2671.07,2599.37266570309,2557.5387154217133,2578.4556905624017,92.61430943759842
TR-040828,2025-09-15,september,Dry Van,3041.8,5392.76,5495.082295360004,5273.91501458492,5384.498654972462,8.261345027538482
TR-040829,2025-09-15,september,Dry Van,2260.6,4220.44,4307.686130176265,4184.472341820565,4246.079235998415,25.639235998415643
TR-040830,2025-09-15,september,Dry Van,905.8,1807.31,1775.9745887998724,1787.4224113216676,1781.6985000607701,25.611499939229816
TR-040831,2025-09-15,september,Reefer,2772.6,5682.27,5605.238084997171,5483.201535471648,5544.21981023441,138.0501897655904
TR-040832,2025-09-15,september,Dry Van,1594.0,3185.85,3139.7461981888455,3128.555943050287,3134.1510706195663,51.69892938043358
TR-040833,2025-09-15,september,Dry Van,2311.5,4442.45,4354.498853739485,4358.5687153014405,4356.533784520463,85.91621547953673
TR-040834,2025-09-15,september,Dry Van,524.6,1233.62,1222.2295387007334,1187.2789266542272,1204.7542326774803,28.86576732251956
TR-040835,2025-09-15,september,Dry Van,1588.9,3073.89,2968.132700054968,2948.079748392137,2958.1062242235525,115.78377577644733
TR-040836,2025-09-15,september,Reefer,596.1,1438.67,1393.8010646704677,1414.1378448703572,1403.9694547704125,34.70054522958753
TR-040837,2025-09-15,september,Reefer,1517.0,3210.74,3237.900378026444,3237.537345495406,3237.718861760925,26.978861760925156
TR-040838,2025-09-15,september,Dry Van,467.4,1049.12,1040.6197814006273,1047.1414590566624,1043.8806202286448,5.239379771355061
TR-040839,2025-09-15,september,Dry Van,2222.7,4018.01,3999.7149477271923,3958.3879440565756,3979.051445891884,38.958554108116004
TR-040840,2025-09-15,september,Reefer,1328.8,2835.01,2820.570833994098,2716.249077577999,2768.409955786048,66.60004421395206
TR-040841,2025-09-15,september,Reefer,375.1,1053.79,1023.7607872230566,1075.4879852988563,1049.6243862609565,4.165613739043465
TR-040842,2025-09-15,september,Dry Van,858.2,1821.43,1787.7870844147228,1809.207001608921,1798.497043011822,22.932956988178148
TR-040843,2025-09-15,september,Reefer,1650.3,3852.73,3704.155402038242,3701.626215830625,3702.890808934433,149.83919106556687
TR-040844,2025-09-15,september,Flatbed,3146.8,6307.27,6243.523316092592,6227.047663347914,6235.285489720252,71.98451027974806
TR-040845,2025-09-15,september,Dry Van,1032.3,1980.81,1940.5711095576048,2004.384956342954,1972.4780329502794,8.33196704972056
TR-040846,2025-09-15,september,Dry Van,2692.2,4645.13,4769.726994662673,4664.59899221504,4717.162993438857,72.03299343885647
TR-040847,2025-09-15,september,Reefer,1217.1,2554.83,2616.482344641716,2616.2768305159534,2616.3795875788346,61.54958757883469
TR-040848,2025-09-15,september,Flatbed,776.5,1737.3,1623.6771058939169,1641.9584063288698,1632.8177561113935,104.48224388860649
TR-040849,2025-09-15,september,Dry Van,543.0,1166.74,1188.6274990407478,1187.8177383789725,1188.2226187098602,21.482618709860162
TR-040850,2025-09-15,september,Reefer,475.1,1267.79,1223.3425355924294,1280.7024843885201,1252.0225099904746,15.767490009525318
TR-040851,2025-09-16,september,Reefer,548.7,1378.26,1387.2123201812174,1366.8943240853769,1377.0533221332971,1.2066778667028757
TR-040852,2025-09-16,september,Dry Van,518.7,1223.22,1177.442958568677,1222.7655881807289,1200.104273374703,23.11572662529693
TR-040853,2025-09-16,september,Dry Van,1158.5,2233.85,2175.0614652327054,2179.4867286014573,2177.2740969170814,56.57590308291856
TR-040854,2025-09-16,september,Reefer,432.4,1088.38,1067.952915082699,1075.3932346002432,1071.6730748414711,16.706925158528975
TR-040855,2025-09-16,september,Dry Van,982.4,2085.37,2045.5429722377298,2028.2800347952543,2036.911503516492,48.458496483507815
TR-040856,2025-09-16,september,Dry Van,1252.8,2338.37,2357.874760770756,2350.108246740271,2353.991503755514,15.621503755513913
TR-040857,2025-09-16,september,Reefer,411.0,1185.12,1134.3395625926223,1150.4147369355028,1142.3771497640626,42.74285023593734
TR-040858,2025-09-16,september,Flatbed,232.7,660.71,626.6905131678446,648.7560313464655,637.723272257155,22.986727742845005
TR-040859,2025-09-16,september,Dry Van,731.9,1603.87,1568.4505162421062,1598.787378667488,1583.618947454797,20.25105254520281
TR-040860,2025-09-16,september,Dry Van,1287.7,2493.76,2449.190824191915,2442.2484659240436,2445.7196450579795,48.04035494202071
TR-040861,2025-09-16,september,Dry Van,1063.1,2083.09,2134.3769573015384,2107.5094650890314,2120.9432111952847,37.85321119528453
TR-040862,2025-09-16,september,Dry Van,842.8,1877.96,1811.091300518864,1833.4432665035724,1822.2672835112182,55.6927164887818
TR-040863,2025-09-16,september,Dry Van,342.8,852.03,835.9011635595409,858.2004633873516,847.0508134734463,4.97918652655369
TR-040864,2025-09-16,september,Dry Van,2281.7,4391.11,4360.430340635815,4305.682268957355,4333.056304796584,58.05369520341537
TR-040865,2025-09-16,september,Dry Van,1505.9,3037.88,3045.710745390289,3030.8633846807975,3038.2870650355435,0.4070650355433827
TR-040866,2025-09-16,september,Flatbed,1499.7,3337.89,3265.5592198244544,3250.936230044163,3258.2477249343087,79.64227506569114
TR-040867,2025-09-16,september,Reefer,389.6,960.44,923.6073218539397,925.630303218072,924.6188125360059,35.82118746399419
TR-040868,2025-09-16,september,Dry Van,3018.0,5332.73,5440.248804413189,5331.547605744674,5385.898205078931,53.16820507893135
TR-040869,2025-09-16,september,Reefer,1766.1,3955.24,3851.222002691475,3888.2966336835707,3869.7593181875227,85.48068181247709
TR-040870,2025-09-16,september,Dry Van,935.3,1870.61,1861.0712309333428,1855.3899905680555,1858.2306107506993,12.37938924930063
TR-040871,2025-09-16,september,Flatbed,1144.4,2627.08,2544.613045197053,2523.8388598203946,2534.225952508724,92.8540474912761
TR-040872,2025-09-16,september,Reefer,1154.1,2616.44,2591.3035822668517,2594.7292362992907,2593.016409283071,23.423590716929084
TR-040873,2025-09-16,september,Dry Van,454.7,988.5,982.3611155713968,1003.343601858354,992.8523587148754,4.352358714875436
TR-040874,2025-09-16,september,Reefer,2897.4,1843.92,5685.7207348917,5604.742598809059,5645.231666850379,3801.311666850379
TR-040875,2025-09-16,september,Dry Van,2765.0,4985.71,4923.980028434729,4715.981698266596,4819.980863350663,165.7291366493373
TR-040876,2025-09-16,september,Dry Van,1189.5,2443.51,2392.661973298478,2453.1465016427246,2422.9042374706014,20.605762529398817
TR-040877,2025-09-16,september,Reefer,1104.0,2458.21,2469.287281507771,2407.1728294399677,2438.2300554738695,19.979944526130566
TR-040878,2025-09-16,september,Dry Van,1981.1,3813.18,3782.1650818554203,3711.919371770993,3747.042226813207,66.13777318679286
TR-040879,2025-09-16,september,Dry Van,224.3,587.21,577.3775142585723,593.5403496566271,585.4589319575997,1.751068042400334
TR-040880,2025-09-16,september,Reefer,3326.9,6980.2,6494.2992853904,6492.690448610903,6493.4948670006515,486.7051329993483
TR-040881,2025-09-16,september,Dry Van,1686.4,3176.7,3170.0721211956957,3183.0565962414403,3176.5643587185677,0.135641281432072
TR-040882,2025-09-16,september,Flatbed,461.1,1086.13,1061.0512676287522,1086.7131385555554,1073.8822030921538,12.24779690784635
TR-040883,2025-09-16,september,Flatbed,858.6,2035.38,2019.11522868496,1989.6406235735135,2004.3779261292366,31.002073870763525
TR-040884,2025-09-16,september,Dry Van,998.3,2026.62,2040.8724459945165,2020.15853660388,2030.5154912991984,3.895491299198511
TR-040885,2025-09-16,september,Dry Van,714.5,1430.78,1467.0112806371128,1497.8855478033793,1482.448414220246,51.66841422024595
TR-040886,2025-09-16,september,Dry Van,793.1,1601.26,1606.8634265951673,1635.2966869645113,1621.0800567798392,19.820056779839206
TR-040887,2025-09-16,september,Dry Van,1349.3,2597.83,2581.418819574795,2626.1834394568054,2603.8011295158003,5.971129515800385
TR-040888,2025-09-16,september,Dry Van,605.7,1386.56,1355.364371209274,1359.1103655332467,1357.2373683712603,29.3226316287396
TR-040889,2025-09-16,september,Dry Van,363.2,809.74,793.2627798791892,810.5913923532894,801.9270861162393,7.812913883760757
TR-040890,2025-09-16,september,Flatbed,1265.5,2818.13,2771.787640361965,2705.3869990083863,2738.5873196851753,79.54268031482479
TR-040891,2025-09-16,september,Dry Van,1580.1,3081.78,3004.8153826206726,3007.6154232120657,3006.2154029163694,75.56459708363082
TR-040892,2025-09-16,september,Dry Van,942.9,1810.5,1783.741447310143,1814.8472215790675,1799.2943344446053,11.205665555394717
TR-040893,2025-09-16,september,Flatbed,918.5,2019.08,1879.961230604038,1886.4427773228324,1883.2020039634353,135.87799603656458
TR-040894,2025-09-16,september,Reefer,1214.8,2736.15,2741.3915353580487,2775.4997688888616,2758.445652123455,22.295652123455056
TR-040895,2025-09-16,september,Reefer,731.3,1601.91,1606.5400966611028,1649.4095982077768,1627.9748474344397,26.06484743443957
TR-040896,2025-09-16,september,Dry Van,1234.3,2369.62,2415.9286448711364,2389.5212212111323,2402.724933041134,33.104933041134245
TR-040897,2025-09-16,september,Reefer,2101.0,4319.43,4206.682468350867,4189.271972319164,4197.977220335015,121.45277966498543
TR-040898,2025-09-16,september,Reefer,1633.4,3554.88,3571.0286248341085,3563.852494304126,3567.4405595691173,12.560559569117231
TR-040899,2025-09-16,september,Dry Van,2642.3,4623.71,4745.969470953019,4722.647533911947,4734.308502432483,110.59850243248275
TR-040900,2025-09-16,september,Reefer,2941.1,5703.47,5716.363893553413,5626.413138016378,5671.388515784895,32.081484215104865
TR-040901,2025-09-16,september,Reefer,1049.2,2206.18,2231.7491315977445,2210.8935697331617,2221.321350665453,15.141350665453047
TR-040902,2025-09-16,september,Dry Van,266.2,664.52,658.3117449761813,654.0704078874426,656.191076431812,8.328923568187975
TR-040903,2025-09-16,september,Dry Van,1876.8,3668.0,3669.597404311231,3615.416694785495,3642.5070495483633,25.492950451636716
TR-040904,2025-09-16,september,Dry Van,2591.8,4560.56,4622.766942024861,4569.633345556671,4596.200143790766,35.64014379076525
TR-040905,2025-09-16,september,Dry Van,2791.9,5067.55,5038.666281657844,5085.643443136572,5062.1548623972085,5.395137602791692
TR-040906,2025-09-16,september,Reefer,3019.5,6054.32,6008.538410052507,5953.348846181193,5980.94362811685,73.37637188314966
TR-040907,2025-09-16,september,Reefer,363.8,916.15,899.1436855839648,929.5718375276406,914.3577615558027,1.7922384441973236
TR-040908,2025-09-16,september,Reefer,205.7,623.54,601.368339747924,647.168076567225,624.2682081575745,0.7282081575744996
TR-040909,2025-09-16,september,Reefer,620.9,1477.06,1450.5674719706863,1481.6123598220584,1466.0899158963723,10.970084103627642
TR-040910,2025-09-16,september,Flatbed,547.3,1290.12,1290.003654857772,1291.4037861988259,1290.703720528299,0.5837205282991818
TR-040911,2025-09-16,september,Dry Van,349.1,817.03,822.3308834350647,845.0234133257031,833.6771483803839,16.647148380383896
TR-040912,2025-09-16,september,Dry Van,949.3,1886.02,1895.918207999143,1908.918447318503,1902.418327658823,16.398327658823064
TR-040913,2025-09-16,september,Dry Van,628.2,1249.27,1264.6591701132659,1277.4062503293708,1271.0327102213182,21.76271022131823
TR-040914,2025-09-16,september,Dry Van,1926.1,3605.83,3710.3551415934585,3691.28751809989,3700.8213298466744,94.99132984667449
TR-040915,2025-09-16,september,Dry Van,765.3,1469.88,1475.222488396417,1476.1818214646248,1475.702154930521,5.82215493052081
TR-040916,2025-09-16,september,Dry Van,2742.9,4956.68,5055.423524266035,4956.2290033359295,5005.826263800982,49.146263800981615
TR-040917,2025-09-16,september,Reefer,400.1,1015.05,960.5413643094689,967.4725985346568,964.0069814220628,51.04301857793712
TR-040918,2025-09-16,september,Dry Van,2180.6,4170.13,4147.6042125360855,4139.439071701686,4143.521642118885,26.608357881114898
TR-040919,2025-09-16,september,Flatbed,1776.8,3698.14,3597.075743587117,3578.7327819276434,3587.90426275738,110.23573724261996
TR-040920,2025-09-16,september,Reefer,2820.4,5841.12,5733.328171349961,5706.115850025433,5719.722010687698,121.39798931230234
TR-040921,2025-09-16,september,Dry Van,2428.8,4325.09,4306.969305338007,4393.637736027233,4350.30352068262,25.213520682619674
TR-040922,2025-09-16,september,Dry Van,504.2,1147.98,1171.7383252772256,1166.4733555965545,1169.10584043689,21.12584043689003
TR-040923,2025-09-16,september,Reefer,1935.9,4251.9,4148.088553770347,4118.818492416296,4133.453523093322,118.44647690667807
TR-040924,2025-09-16,september,Reefer,1139.0,2628.86,2521.0032682869733,2508.966739887327,2514.98500408715,113.87499591284995
TR-040925,2025-09-16,september,Dry Van,2224.1,4051.53,4059.2501604844774,3957.7990457026017,4008.5246030935396,43.005396906460646
TR-040926,2025-09-16,september,Reefer,1493.1,3250.67,3187.4611613861116,3145.2850104684876,3166.3730859272996,84.29691407270047
TR-040927,2025-09-16,september,Flatbed,477.6,1253.08,1191.8433585655298,1198.048654434551,1194.9460065000403,58.133993499959615
TR-040928,2025-09-16,september,Reefer,905.5,2238.41,2148.620217403859,2144.11173812855,2146.365977766204,92.04402223379566
TR-040929,2025-09-16,september,Dry Van,345.3,812.56,832.2723072757816,835.2140544406461,833.7431808582139,21.183180858213973
TR-040930,2025-09-16,september,Dry Van,419.6,1026.3,1023.3589623213069,1038.1875020159143,1030.7732321686105,4.473232168610593
TR-040931,2025-09-16,september,Reefer,2285.9,4680.29,4671.463943030081,4642.061006552059,4656.76247479107,23.527525208929546
TR-040932,2025-09-16,september,Dry Van,904.7,1793.86,1744.5189814853502,1738.1061097603824,1741.3125456228663,52.54745437713359
TR-040933,2025-09-16,september,Dry Van,1632.9,3078.74,3169.283096195279,3127.510231133851,3148.396663664565,69.65666366456526
TR-040934,2025-09-16,september,Dry Van,1025.0,2014.48,1909.9830709854753,1933.35288180281,1921.6679763941427,92.81202360585735
TR-040935,2025-09-16,september,Dry Van,760.6,1484.69,1522.4350225616665,1531.5773111699937,1527.00616686583,42.31616686582993
TR-040936,2025-09-16,september,Reefer,598.7,1499.84,1429.2523357157836,1435.17570599189,1432.2140208538367,67.62597914616322
TR-040937,2025-09-16,september,Dry Van,944.6,2054.88,1984.825610141847,2010.7651037046812,1997.795356923264,57.08464307673603
TR-040938,2025-09-16,september,Reefer,503.8,1219.92,1227.4699928761615,1221.7419503667202,1224.6059716214409,4.685971621440785
TR-040939,2025-09-16,september,Flatbed,549.5,1242.48,1215.8099472996148,1222.459180082596,1219.1345636911055,23.345436308894477
TR-040940,2025-09-16,september,Dry Van,853.2,1807.11,1830.827385952276,1852.9566769020785,1841.8920314271772,34.782031427177344
TR-040941,2025-09-16,september,Dry Van,958.3,1979.33,1965.2981590146019,1959.372217689748,1962.335188352175,16.994811647824918
TR-040942,2025-09-16,september,Reefer,246.3,667.93,637.8773345704661,674.8428547401888,656.3600946553274,11.56990534467252
TR-040943,2025-09-16,september,Flatbed,2217.9,4503.51,4439.522901569482,4447.227201144904,4443.375051357193,60.1349486428071
TR-040944,2025-09-16,september,Dry Van,2043.0,3945.11,3960.4346668672574,3856.5576953035625,3908.49618108541,36.613818914589956
TR-040945,2025-09-16,september,Dry Van,963.5,1970.18,1956.0793130106738,1955.68010256881,1955.879707789742,14.300292210258021
TR-040946,2025-09-16,september,Dry Van,491.0,1087.27,1106.3441167796943,1111.9379703700697,1109.1410435748821,21.87104357488215
TR-040947,2025-09-16,september,Flatbed,771.9,1766.67,1607.670964496576,1648.9877582832364,1628.3293613899064,138.34063861009372
TR-040948,2025-09-16,september,Dry Van,522.3,1131.77,1140.672457702699,1150.5145345882897,1145.5934961454943,13.823496145494346
TR-040949,2025-09-16,september,Dry Van,772.9,1521.6,1516.2748675872772,1533.4023793742033,1524.8386234807404,3.2386234807404435
TR-040950,2025-09-16,september,Flatbed,1744.7,3868.91,3651.475849297154,3584.696945973312,3618.086397635233,250.82360236476688
TR-040951,2025-09-16,september,Flatbed,1523.4,3185.68,3103.1236952742024,3090.460840754892,3096.7922680145475,88.88773198545232
TR-040952,2025-09-16,september,Dry Van,1361.5,2638.03,2671.6172842082105,2684.0729629408806,2677.8451235745456,39.815123574545396
TR-040953,2025-09-16,september,Reefer,293.5,839.67,828.754649265303,842.3633157248,835.5589824950515,4.11101750494845
TR-040954,2025-09-16,september,Dry Van,1382.3,2704.71,2650.096936974019,2708.6449405435737,2679.3709387587965,25.33906124120358
TR-040955,2025-09-16,september,Flatbed,700.5,1545.62,1495.645228915541,1494.3654321227277,1495.0053305191345,50.61466948086536
TR-040956,2025-09-16,september,Dry Van,745.0,1558.53,1559.2214479665454,1559.4467864947114,1559.3341172306284,0.8041172306284352
TR-040957,2025-09-16,september,Reefer,1722.1,3918.17,3808.1823622105926,3837.1163181949155,3822.649340202754,95.52065979724603
TR-040958,2025-09-16,september,Dry Van,1253.8,2442.86,2461.1554500383754,2442.1350142150827,2451.645232126729,8.785232126728715
TR-040959,2025-09-16,september,Reefer,898.2,1982.16,1895.6568072726238,1898.0390048423162,1896.84790605747,85.31209394253005
TR-040960,2025-09-16,september,Dry Van,248.8,581.45,603.1948684336455,624.9960182162913,614.0954433249684,32.64544332496837
TR-040961,2025-09-16,september,Dry Van,1494.9,2852.03,2872.7014060945207,2873.3165922899034,2873.0089991922123,20.978999192212086
TR-040962,2025-09-16,september,Flatbed,556.1,1279.53,1231.2896694786596,1230.433001149493,1230.8613353140763,48.66866468592366
TR-040963,2025-09-16,september,Dry Van,665.1,1367.88,1376.2540186420067,1384.555516202885,1380.4047674224457,12.52476742244562
TR-040964,2025-09-16,september,Dry Van,2229.8,4170.61,4129.252249822214,4108.9333188950495,4119.092784358632,51.51721564136733
TR-040965,2025-09-16,september,Dry Van,2155.9,3944.47,4049.6373686456623,4039.555674681907,4044.5965216637846,100.12652166378484
TR-040966,2025-09-16,september,Dry Van,502.9,1081.8,1045.1891578924779,1086.671477900261,1065.9303178963694,15.869682103630566
TR-040967,2025-09-16,september,Reefer,873.3,2057.08,2013.4442946832212,1979.6050686788192,1996.5246816810202,60.555318318979744
TR-040968,2025-09-16,september,Reefer,1393.1,3174.22,3099.0487552996788,3172.4669653477436,3135.757860323711,38.46213967628864
TR-040969,2025-09-16,september,Dry Van,1994.1,4067.99,3979.5331025521823,3932.3584825610706,3955.9457925566267,112.04420744337312
TR-040970,2025-09-16,september,Dry Van,1189.3,2224.4,2156.307794326806,2244.100060963407,2200.2039276451064,24.19607235489366
TR-040971,2025-09-16,september,Reefer,1595.4,3577.0,3472.977187084745,3514.755413246289,3493.866300165517,83.1336998344832
TR-040972,2025-09-16,september,Dry Van,1120.2,2154.7,2168.5906210673106,2131.4385200364522,2150.0145705518817,4.685429448118157
TR-040973,2025-09-16,september,Flatbed,1231.4,2756.57,2725.348488967672,2679.0976521311063,2702.2230705493894,54.34692945061079
TR-040974,2025-09-16,september,Dry Van,2137.0,4126.92,4113.542790684191,4100.352947625433,4106.947869154812,19.972130845188076
TR-040975,2025-09-16,september,Reefer,727.4,1659.73,1640.5732866695075,1667.511738509915,1654.0425125897114,5.687487410288668
TR-040976,2025-09-16,september,Flatbed,2042.8,4080.93,4007.9354275693813,3936.507871274753,3972.2216494220675,108.70835057793238
TR-040977,2025-09-16,september,Reefer,1150.7,2506.42,2484.554003228258,2468.75313861981,2476.6535709240343,29.76642907596579
TR-040978,2025-09-16,september,Flatbed,1932.7,4029.83,3840.8218104798934,3799.202221469508,3820.0120159747007,209.8179840252992
TR-040979,2025-09-16,september,Dry Van,2109.4,4091.43,3930.224048456895,3961.4165180208865,3945.8202832388906,145.6097167611092
TR-040980,2025-09-16,september,Dry Van,2209.2,4078.58,4261.032634697327,4174.244573604429,4217.638604150878,139.05860415087773
TR-040981,2025-09-16,september,Flatbed,368.1,934.49,873.519136522396,896.5057900551137,885.0124632887548,49.47753671124519
TR-040982,2025-09-16,september,Dry Van,939.8,1789.68,1792.5629660500722,1783.6183706829825,1788.0906683665273,1.5893316334727388
TR-040983,2025-09-16,september,Dry Van,816.1,1687.91,1664.3837989237418,1641.5093315455676,1652.9465652346548,34.963434765345255
TR-040984,2025-09-16,september,Dry Van,1080.0,2134.44,2111.146967291319,2078.3110947000905,2094.7290309957048,39.71096900429529
TR-040985,2025-09-16,september,Dry Van,482.3,1132.66,1132.0041677642494,1159.8906962518672,1145.9474320080583,13.287432008058204
TR-040986,2025-09-16,september,Dry Van,746.3,1710.51,1656.1670530901415,1637.9428773779757,1647.0549652340587,63.455034765941264
TR-040987,2025-09-16,september,Flatbed,1650.7,3380.14,3330.736058189175,3273.182325184674,3301.9591916869244,78.18080831307543
TR-040988,2025-09-17,september,Dry Van,790.1,1617.6,1593.8660205552453,1673.7716278352248,1633.818824195235,16.21882419523513
TR-040989,2025-09-17,september,Dry Van,420.8,1015.28,1007.9103096837208,1025.7919542682755,1016.8511319759982,1.5711319759982416
TR-040990,2025-09-17,september,Dry Van,2175.8,4091.01,4023.754496400607,3976.3991717520166,4000.0768340763116,90.93316592368865
TR-040991,2025-09-17,september,Dry Van,2379.3,4336.7,4413.0201603735795,4298.6216737267105,4355.820917050145,19.12091705014518
TR-040992,2025-09-17,september,Reefer,1396.3,3262.82,3189.113150218296,3194.906203102888,3192.009676660592,70.81032333940811
TR-040993,2025-09-17,september,Dry Van,2425.3,4567.4,4572.7077655754065,4476.289960697987,4524.498863136697,42.90113686330278
TR-040994,2025-09-17,september,Reefer,813.5,1851.07,1807.5770105608449,1807.1340911626864,1807.3555508617656,43.714449138234386
TR-040995,2025-09-17,september,Dry Van,1016.0,2103.06,2050.2020907928545,2078.4875267793514,2064.344808786103,38.715191213897015
TR-040996,2025-09-17,september,Dry Van,963.9,1839.0,1814.7591609841284,1852.8662604576627,1833.8127107208957,5.187289279104334
TR-040997,2025-09-17,september,Flatbed,542.2,1397.52,1382.515707426632,1368.5192586360781,1375.517483031355,22.002516968645068
TR-040998,2025-09-17,september,Dry Van,604.9,1369.61,1352.8520008720616,1353.7862027009842,1353.3191017865229,16.29089821347702
TR-040999,2025-09-17,september,Dry Van,893.7,1714.65,1738.1148436816854,1736.2108762799608,1737.1628599808232,22.512859980823123
TR-041000,2025-09-17,september,Dry Van,718.0,1536.66,1521.94240642905,1577.6955441212642,1549.818975275157,13.15897527515699
TR-041001,2025-09-17,september,Dry Van,1012.6,2021.45,1999.2763602115488,2061.9499709421852,2030.613165576867,9.163165576866959
TR-041002,2025-09-17,september,Dry Van,685.2,1509.8,1458.3583073042537,1480.0379601378263,1469.19813372104,40.60186627895996
TR-041003,2025-09-17,september,Dry Van,1079.9,2165.33,2188.3404952303804,2106.7899191534366,2147.5652071919085,17.764792808091443
TR-041004,2025-09-17,september,Dry Van,2413.7,4566.56,4599.766372619016,4505.392221819922,4552.579297219469,13.980702780531828
TR-041005,2025-09-17,september,Reefer,2776.6,5892.61,5672.908564158114,5481.591984731125,5577.250274444619,315.35972555538046
TR-041006,2025-09-17,september,Dry Van,2275.9,4118.9,3939.7836656386876,3885.6924726375764,3912.7380691381322,206.1619308618674
TR-041007,2025-09-17,september,Dry Van,296.6,700.67,710.7500012743304,783.1279516113057,746.9389764428181,46.26897644281814
TR-041008,2025-09-17,september,Dry Van,2322.9,4223.34,4234.123595034163,4161.025184794196,4197.57438991418,25.7656100858203
TR-041009,2025-09-17,september,Flatbed,2377.9,4943.1,4657.8950811270015,4592.5394279027705,4625.217254514886,317.88274548511436
TR-041010,2025-09-17,september,Dry Van,371.7,899.51,882.8717772087783,919.7600029258715,901.315890067325,1.805890067324981
TR-041011,2025-09-17,september,Dry Van,946.6,1973.28,1883.1493843169167,1884.7490444849307,1883.9492144009237,89.33078559907631
TR-041012,2025-09-17,september,Reefer,410.2,1165.59,1130.7522366743333,1174.1483824378304,1152.4503095560817,13.139690443918198
TR-041013,2025-09-17,september,Reefer,697.0,1631.56,1593.1239974193222,1627.9437993475563,1610.5338983834392,21.02610161656071
TR-041014,2025-09-17,september,Dry Van,1283.4,2502.95,2434.9099044612517,2458.724205684728,2446.81705507299,56.1329449270097
TR-041015,2025-09-17,september,Dry Van,693.7,1476.1,1462.3197753623394,1491.3786122232368,1476.8491937927881,0.7491937927882191
TR-041016,2025-09-17,september,Dry Van,1188.2,2313.33,2205.8380459846094,2279.199823731399,2242.5189348580043,70.81106514199564
TR-041017,2025-09-17,september,Flatbed,1409.3,3052.05,3048.4674967860683,3043.1021321066123,3045.7848144463405,6.265185553659649
TR-041018,2025-09-17,september,Dry Van,1390.8,2829.57,2756.2568835121715,2826.1682954062485,2791.21258945921,38.35741054079017
TR-041019,2025-09-17,september,Flatbed,1839.7,3938.37,3850.0139972622337,3763.1655666716024,3806.589781966918,131.78021803308184
TR-041020,2025-09-17,september,Flatbed,1687.4,3648.58,3588.0580876227887,3552.1857867125855,3570.121937167687,78.45806283231286
TR-041021,2025-09-17,september,Dry Van,672.0,1466.6,1422.228426094284,1449.985175695722,1436.106800895003,30.493199104996847
TR-041022,2025-09-17,september,Dry Van,99.5,273.37,273.4646546561302,354.3366817430667,313.9006681995985,40.530668199598495
TR-041023,2025-09-17,september,Flatbed,1367.3,3112.83,3011.5943678722683,2954.8546089987112,2983.2244884354895,129.60551156451038
TR-041024,2025-09-17,september,Dry Van,1180.6,2276.42,2226.176071615073,2246.5438400912667,2236.3599558531696,40.06004414683048
TR-041025,2025-09-17,september,Dry Van,302.4,729.36,755.1097066642183,793.5155048770091,774.3126057706137,44.95260577061367
TR-041026,2025-09-17,september,Flatbed,881.0,2104.11,2087.791242177,2077.671841501907,2082.7315418394537,21.378458160546415
TR-041027,2025-09-17,september,Flatbed,404.2,990.67,919.860539893599,947.3604470259768,933.6104934597879,57.059506540212055
TR-041028,2025-09-17,september,Dry Van,562.0,1197.94,1164.6636374368013,1179.3967905573613,1172.0302139970813,25.909786002918736
TR-041029,2025-09-17,september,Dry Van,673.2,1389.62,1348.6667532975553,1379.522513168265,1364.0946332329102,25.525366767089736
TR-041030,2025-09-17,september,Reefer,553.3,1335.13,1333.3175445872391,1325.075781575947,1329.1966630815932,5.933336918406894
TR-041031,2025-09-17,september,Dry Van,1341.2,2728.59,2634.1951295857048,2625.253548399978,2629.7243389928417,98.86566100715845
TR-041032,2025-09-17,september,Dry Van,231.0,573.51,574.8415154561909,620.8867574695012,597.8641364628461,24.3541364628461
TR-041033,2025-09-17,september,Reefer,2106.4,4659.3,4444.44134497106,4331.93432545318,4388.18783521212,271.1121647878799
TR-041034,2025-09-17,september,Dry Van,429.3,988.26,984.4629157990984,1018.9980086860036,1001.730462242551,13.47046224255098
TR-041035,2025-09-17,september,Dry Van,1423.2,2937.59,2901.3797870326157,2885.040321016222,2893.210054024419,44.379945975580995
TR-041036,2025-09-17,september,Flatbed,260.8,714.33,712.7841218343888,760.0693194977184,736.4267206660536,22.096720666053557
TR-041037,2025-09-17,september,Dry Van,2431.4,4631.81,4553.538922683625,4503.149314563113,4528.344118623369,103.46588137663184
TR-041038,2025-09-17,september,Reefer,509.2,1360.34,1365.3513779865073,1373.6685296485712,1369.509953817539,9.16995381753918
TR-041039,2025-09-17,september,Dry Van,534.7,1229.15,1210.5714416590517,1197.4580718691473,1204.0147567640995,25.13524323590059
TR-041040,2025-09-17,september,Dry Van,1017.3,2138.99,2086.9261956798236,2132.4644448825534,2109.6953202811883,29.294679718811494
TR-041041,2025-09-17,september,Flatbed,1838.1,3600.79,3740.7379094266303,3623.798349806557,3682.268129616594,81.47812961659383
TR-041042,2025-09-17,september,Dry Van,494.9,1162.72,1157.0370047481629,1163.6175648662288,1160.3272848071958,2.3927151928041894
TR-041043,2025-09-17,september,Reefer,1460.0,3135.32,3092.584416268188,3094.9943679992757,3093.789392133732,41.53060786626838
TR-041044,2025-09-17,september,Dry Van,1117.0,2066.78,2047.8179615566773,2054.4398359373645,2051.1288987470207,15.651101252979515
TR-041045,2025-09-17,september,Dry Van,1750.3,3598.79,3495.030527554621,3441.1690711641368,3468.099799359379,130.6902006406208
TR-041046,2025-09-17,september,Flatbed,1727.6,3908.44,3735.1443211214155,3701.7392164876564,3718.441768804536,189.9982311954641
TR-041047,2025-09-17,september,Dry Van,912.9,1846.47,1802.9380628642898,1833.389600154006,1818.163831509148,28.306168490852087
TR-041048,2025-09-17,september,Reefer,2175.6,4706.92,4566.721347055399,4491.5085163196445,4529.114931687522,177.8050683124784
TR-041049,2025-09-17,september,Dry Van,337.6,814.08,796.1090578344669,851.00270616743,823.5558820009485,9.475882000948445
TR-041050,2025-09-17,september,Dry Van,369.1,880.59,885.2597308686214,913.7911740454074,899.5254524570144,18.93545245701432
TR-041051,2025-09-17,september,Dry Van,3117.0,5846.36,5682.320241694653,5598.313199395937,5640.3167205452955,206.04327945470413
TR-041052,2025-09-17,september,Flatbed,758.7,1720.64,1613.7574107828352,1652.0164461176125,1632.8869284502239,87.75307154977622
TR-041053,2025-09-17,september,Reefer,1427.5,3312.66,3254.3395595040947,3216.570756083907,3235.455157794001,77.20484220599883
TR-041054,2025-09-17,september,Flatbed,1783.1,3690.6,3674.2225325153945,3631.752514923319,3652.9875237193564,37.61247628064348
TR-041055,2025-09-17,september,Dry Van,668.6,1488.08,1510.0944980363508,1492.363533708582,1501.2290158724663,13.149015872466407
TR-041056,2025-09-17,september,Flatbed,1639.4,3655.47,3560.2273107866336,3522.2755961962694,3541.2514534914517,114.21854650854812
TR-041057,2025-09-17,september,Reefer,1958.8,4523.32,4332.636095135936,4269.480320875149,4301.058208005543,222.26179199445687
TR-041058,2025-09-17,september,Dry Van,1645.5,3177.01,3149.2100452050786,3139.1819114196906,3144.195978312385,32.81402168761542
TR-041059,2025-09-17,september,Reefer,2353.6,5112.3,4891.1937265642555,4742.565807152317,4816.8797668582865,295.42023314171365
TR-041060,2025-09-17,september,Flatbed,564.5,1371.31,1309.5029794212712,1310.1027884961263,1309.8028839586987,61.50711604130129
TR-041061,2025-09-17,september,Reefer,3032.3,6357.66,6116.9136261054655,6040.499375310351,6078.706500707908,278.9534992920917
TR-041062,2025-09-17,september,Dry Van,2192.5,4269.7,4297.355733804619,4158.929444817062,4228.142589310841,41.55741068915904
TR-041063,2025-09-17,september,Dry Van,2092.9,3970.47,3863.3370063934713,3790.517041456079,3826.9270239247753,143.5429760752245
TR-041064,2025-09-17,september,Dry Van,165.9,452.28,461.9547851099232,512.8874495177727,487.42111731384796,35.141117313847985
TR-041065,2025-09-17,september,Dry Van,445.1,959.77,940.520623453217,978.9644907978397,959.7425571255284,0.027442874471603318
TR-041066,2025-09-17,september,Dry Van,1330.0,2751.84,2707.3962145160203,2615.5330583286814,2661.464636422351,90.3753635776493
TR-041067,2025-09-17,september,Flatbed,345.2,911.83,912.086857448523,959.8258177099615,935.9563375792422,24.126337579242204
TR-041068,2025-09-17,september,Dry Van,553.4,1119.2,1112.7015912117363,1107.7627908627167,1110.2321910372266,8.96780896277346
TR-041069,2025-09-17,september,Dry Van,659.0,1404.58,1373.0540643848485,1426.7617612849426,1399.9079128348956,4.672087165104358
TR-041070,2025-09-17,september,Dry Van,678.6,1388.78,1375.538433299718,1403.1781603087534,1389.3582968042356,0.578296804235606
TR-041071,2025-09-17,september,Reefer,755.7,1679.9,1688.2430932202967,1696.67369569064,1692.4583944554684,12.55839445546826
TR-041072,2025-09-17,september,Reefer,1241.7,2806.83,2720.1821520295525,2691.617525871181,2705.8998389503668,100.93016104963317
TR-041073,2025-09-17,september,Reefer,391.4,960.78,920.9144333578039,1000.5786690679424,960.7465512128731,0.03344878712687205
TR-041074,2025-09-17,september,Flatbed,608.8,1470.55,1425.895167174975,1419.279060522024,1422.5871138484995,47.96288615150047
TR-041075,2025-09-17,september,Flatbed,2077.9,4412.66,4215.532402896678,4203.169656651545,4209.351029774111,203.30897022588852
TR-041076,2025-09-17,september,Flatbed,785.6,1701.66,1711.3752640833254,1753.2571162069328,1732.316190145129,30.656190145128903
TR-041077,2025-09-17,september,Dry Van,1979.0,3611.76,3617.7034719880257,3575.024835231581,3596.3641536098035,15.395846390196766
TR-041078,2025-09-17,september,Dry Van,530.2,1248.13,1224.1054185463604,1229.6334769293735,1226.869447737867,21.26055226213316
TR-041079,2025-09-17,september,Flatbed,1150.9,2579.63,2513.1188411466396,2530.769172284534,2521.9440067155865,57.6859932844136
TR-041080,2025-09-17,september,Dry Van,1481.8,2995.71,2936.1964815309598,2973.5095638741836,2954.8530227025717,40.85697729742833
TR-041081,2025-09-17,september,Reefer,2529.3,5378.9,5237.799541062908,5143.521071677602,5190.660306370255,188.23969362974458
TR-041082,2025-09-17,september,Reefer,545.0,1445.94,1395.7008673932894,1405.5565599029196,1400.6287136481046,45.31128635189543
TR-041083,2025-09-17,september,Reefer,1259.0,2932.57,2864.615280857312,2856.976471916197,2860.7958763867546,71.77412361324559
TR-041084,2025-09-17,september,Reefer,1202.7,2622.63,2613.502462695393,2585.7392188889307,2599.620840792162,23.00915920783791
TR-041085,2025-09-17,september,Dry Van,912.7,1931.11,1852.0342265346576,1873.1886915159214,1862.6114590252896,68.4985409747103
TR-041086,2025-09-17,september,Flatbed,552.5,1278.61,1260.4052843160964,1264.0344974660652,1262.219890891081,16.390109108918978
TR-041087,2025-09-17,september,Flatbed,1315.6,2749.07,2739.229399348132,2680.505283068906,2709.867341208519,39.2026587914811
TR-041088,2025-09-17,september,Reefer,1775.6,3878.08,3733.3576669707795,3701.4758120520237,3717.416739511402,160.6632604885981
TR-041089,2025-09-17,september,Dry Van,354.9,3848.82,822.5344380529002,876.9174723653489,849.7259552091245,2999.0940447908756
TR-041090,2025-09-17,september,Reefer,587.7,1368.56,1387.6190609083255,1415.5915047566514,1401.6052828324885,33.04528283248851
TR-041091,2025-09-17,september,Dry Van,488.5,1073.49,1039.2125513875583,1079.0083948446386,1059.1104731160985,14.379526883901462
TR-041092,2025-09-17,september,Dry Van,322.3,814.99,801.2992238501702,829.4097610933941,815.3544924717821,0.3644924717821141
TR-041093,2025-09-17,september,Reefer,1708.2,3588.73,3631.887988815296,3555.6001611095026,3593.7440749623993,5.014074962399263
TR-041094,2025-09-17,september,Flatbed,1233.1,2577.91,2543.8695464139782,2484.5560192601347,2514.2127828370567,63.69721716294316
TR-041095,2025-09-17,september,Reefer,2012.7,4132.31,4188.267700040179,4155.922217212026,4172.094958626103,39.78495862610271
TR-041096,2025-09-17,september,Dry Van,1481.6,2885.53,2833.1399210008854,2845.1752561606345,2839.1575885807597,46.37241141924051
TR-041097,2025-09-17,september,Dry Van,2900.1,5317.19,5419.013791262103,5065.550556285323,5242.282173773713,74.90782622628649
TR-041098,2025-09-17,september,Dry Van,326.6,791.36,787.9504757752547,808.9905126608637,798.4704942180592,7.110494218059216
TR-041099,2025-09-17,september,Dry Van,1475.1,2796.78,2759.131552931626,2808.292179631752,2783.7118662816893,13.068133718310946
TR-041100,2025-09-17,september,Dry Van,494.1,1162.66,1127.4837960418893,1154.2269659621202,1140.8553810020048,21.80461899799525
TR-041101,2025-09-17,september,Dry Van,1355.1,2826.87,2733.2548975183495,2729.143531565699,2731.1992145420245,95.6707854579754
TR-041102,2025-09-17,september,Dry Van,1461.4,2943.01,2877.5317918328433,2900.3937898430136,2888.9627908379284,54.047209162071795
TR-041103,2025-09-17,september,Flatbed,803.5,1914.6,1799.2661418866405,1816.8655782252747,1808.0658600559577,106.53413994404218
TR-041104,2025-09-17,september,Dry Van,1256.2,2533.96,2418.627213941348,2459.2679549878662,2438.947584464607,95.01241553539285
TR-041105,2025-09-17,september,Reefer,2471.7,5358.59,5143.668737069214,5093.713915793676,5118.691326431445,239.89867356855484
TR-041106,2025-09-17,september,Dry Van,585.4,1338.09,1327.0722194705568,1350.5066744948533,1338.7894469827052,0.6994469827052399
TR-041107,2025-09-17,september,Dry Van,155.9,414.0,410.2512891530079,471.62284295697486,440.9370660549914,26.93706605499142
TR-041108,2025-09-17,september,Dry Van,1961.7,3889.04,3672.107147291369,3607.388657707446,3639.7479024994072,249.29209750059272
TR-041109,2025-09-17,september,Dry Van,112.9,316.38,355.7100081776783,404.86853568847823,380.2892719330782,63.90927193307823
TR-041110,2025-09-17,september,Reefer,517.9,1317.55,1260.5983278571618,1291.0489217257164,1275.8236247914392,41.72637520856074
TR-041111,2025-09-17,september,Dry Van,456.2,999.43,975.0757834044989,1042.4481181653955,1008.7619507849472,9.331950784947253
TR-041112,2025-09-17,september,Dry Van,908.7,2000.33,1984.21313770628,1952.533907697864,1968.373522702072,31.956477297927904
TR-041113,2025-09-17,september,Reefer,731.7,1650.1,1607.5035162870145,1631.137626790895,1619.3205715389547,30.7794284610452
TR-041114,2025-09-17,september,Reefer,2807.6,5395.2,5420.977312644228,5158.347040741759,5289.662176692993,105.53782330700687
TR-041115,2025-09-17,september,Dry Van,1062.9,2252.16,2238.9188785537463,2198.918786962945,2218.9188327583456,33.24116724165424
TR-041116,2025-09-17,september,Dry Van,274.0,624.09,641.6689143289743,695.9451476142117,668.807030971593,44.717030971592976
TR-041117,2025-09-17,september,Reefer,1319.8,2935.57,2914.2819896801193,2852.748302900914,2883.515146290517,52.05485370948327
TR-041118,2025-09-17,september,Flatbed,1615.5,3551.15,3397.625357651594,3394.606340760238,3396.1158492059158,155.03415079408433
TR-041119,2025-09-17,september,Reefer,319.9,918.41,884.9264454787669,920.4831323394569,902.7047889091119,15.705211090888042
TR-041120,2025-09-17,september,Flatbed,2885.5,5576.86,5432.725195354252,5209.28631234904,5321.005753851646,255.85424614835392
TR-041121,2025-09-17,september,Dry Van,1612.0,3261.98,3222.6741113884987,3172.3874155481426,3197.5307634683204,64.44923653167962
TR-041122,2025-09-17,september,Dry Van,410.8,992.4,969.2099107366915,1003.483578775681,986.3467447561864,6.053255243813624
TR-041123,2025-09-17,september,Reefer,960.3,2275.66,2249.8912545651765,2202.9685989149334,2226.4299267400547,49.23007325994513
TR-041124,2025-09-17,september,Reefer,372.8,1031.93,975.7819213364663,1019.213282782604,997.4976020595352,34.43239794046485
TR-041125,2025-09-17,september,Reefer,991.2,2383.15,2281.8441656596324,2334.524840840471,2308.1845032500514,74.96549674994867
TR-041126,2025-09-17,september,Dry Van,2051.3,3999.28,4014.9235224301947,3929.4444636777234,3972.183993053959,27.096006946041143
TR-041127,2025-09-17,september,Dry Van,303.5,796.55,789.0034495950871,825.39932751992,807.2013885575036,10.651388557503651
TR-041128,2025-09-17,september,Flatbed,2559.0,5227.72,5005.460442026893,4928.963372767178,4967.211907397035,260.508092602965
TR-041129,2025-09-17,september,Reefer,1564.9,3322.27,3391.0471547207057,3384.762160792904,3387.904657756805,65.63465775680515
TR-041130,2025-09-17,september,Reefer,731.9,1805.75,1762.8121669576751,1766.0972017252948,1764.454684341485,41.29531565851494
TR-041131,2025-09-17,september,Dry Van,378.6,897.02,906.0591144634294,943.5964349024473,924.8277746829383,27.807774682938316
TR-041132,2025-09-17,september,Flatbed,2666.7,5307.92,5048.582475768305,5017.435428515891,5033.008952142098,274.9110478579023
TR-041133,2025-09-17,september,Reefer,698.6,1599.52,1589.8616531215375,1591.1778006574643,1590.5197268895008,9.000273110499165
TR-041134,2025-09-17,september,Dry Van,744.2,1503.91,1519.2492364560094,1546.2280486131629,1532.7386425345862,28.82864253458615
TR-041135,2025-09-17,september,Dry Van,1226.1,2470.32,2389.43919064866,2416.5776377692127,2403.0084142089363,67.31158579106386
TR-041136,2025-09-17,september,Dry Van,353.3,837.75,848.7699493341115,888.6414921825622,868.7057207583368,30.955720758336838
TR-041137,2025-09-17,september,Dry Van,825.9,1786.6,1765.637311230659,1796.1419460728234,1780.889628651741,5.710371348258832
TR-041138,2025-09-17,september,Reefer,2021.7,4381.32,4264.285368812578,4223.367629709688,4243.826499261133,137.49350073886671
TR-041139,2025-09-18,september,Reefer,450.1,1182.12,1124.2390048539519,1195.5181188304305,1159.8785618421912,22.241438157808716
TR-041140,2025-09-18,september,Dry Van,845.4,1790.79,1798.3555029676177,1811.6183154143532,1804.9869091909854,14.19690919098548
TR-041141,2025-09-18,september,Dry Van,1112.0,2372.58,2325.8430722918856,2315.23908860058,2320.5410804462326,52.0389195537673
TR-041142,2025-09-18,september,Dry Van,546.7,1245.98,1237.3293106250246,1226.6976737529358,1232.0134921889803,13.96650781101971
TR-041143,2025-09-18,september,Reefer,951.8,2246.24,2187.237547431061,2190.230433237084,2188.7339903340726,57.506009665927195
TR-041144,2025-09-18,september,Reefer,381.6,980.22,967.9353154212699,1033.9215762591962,1000.928445840233,20.708445840233026
TR-041145,2025-09-18,september,Flatbed,328.9,859.17,858.6197807808568,908.4444176778952,883.532099229376,24.362099229375985
TR-041146,2025-09-18,september,Dry Van,1590.3,3153.62,3177.3913942664412,3166.9783099304086,3172.184852098425,18.564852098425035
TR-041147,2025-09-18,september,Dry Van,1006.6,1933.02,1934.312061572426,1943.536962105195,1938.9245118388105,5.904511838810549
TR-041148,2025-09-18,september,Flatbed,2735.9,5495.7,5150.2890281534665,5093.0873038273785,5121.688165990423,374.0118340095769
TR-041149,2025-09-18,september,Dry Van,175.6,436.95,447.95045818199384,489.0852106144407,468.51783439821725,31.567834398217258
TR-041150,2025-09-18,september,Dry Van,937.8,2059.06,1996.701329988217,2023.3809149742863,2010.0411224812515,49.01887751874847
TR-041151,2025-09-18,september,Dry Van,1788.2,3435.44,3411.1900373587373,3447.5887177815944,3429.389377570166,6.05062242983422
TR-041152,2025-09-18,september,Dry Van,1406.1,2781.29,2865.083798185779,2848.456741578707,2856.770269882243,75.48026988224319
TR-041153,2025-09-18,september,Dry Van,953.7,1843.05,1930.9451398597093,1903.899701207741,1917.422420533725,74.37242053372506
TR-041154,2025-09-18,september,Dry Van,953.6,1946.98,1869.5061077466453,1891.5595528780598,1880.5328303123524,66.4471696876476
TR-041155,2025-09-18,september,Dry Van,1142.8,2332.46,2338.3407780512234,2310.877819943176,2324.6092989971994,7.850701002800633
TR-041156,2025-09-18,september,Reefer,2680.4,5695.78,5485.861560027738,5375.314480511875,5430.588020269806,265.19197973019345
TR-041157,2025-09-18,september,Flatbed,909.0,2032.48,1882.0655498176811,1935.303291624423,1908.684420721052,123.79557927894803
TR-041158,2025-09-18,september,Reefer,1643.0,3604.9,3441.274029702409,3396.56617227003,3418.9201009862195,185.9798990137806
TR-041159,2025-09-18,september,Flatbed,2543.9,5154.0,4980.807709737691,4762.057028299356,4871.432369018523,282.5676309814771
TR-041160,2025-09-18,september,Dry Van,660.6,1341.43,1336.5593824106159,1369.2080661145849,1352.8837242626005,11.453724262600417
TR-041161,2025-09-18,september,Reefer,305.2,836.33,796.2326292370346,866.6362801242544,831.4344546806445,4.895545319355506
TR-041162,2025-09-18,september,Dry Van,1959.5,3815.87,3662.2320255851214,3663.1313804776537,3662.6817030313878,153.18829696861212
TR-041163,2025-09-18,september,Reefer,946.1,885.17,2149.248114446438,2148.7964744298747,2149.0222944381567,1263.8522944381566
TR-041164,2025-09-18,september,Flatbed,1835.2,4030.69,3858.8444087674043,3852.0326325536544,3855.4385206605293,175.25147933947073
TR-041165,2025-09-18,september,Reefer,918.5,2164.8,2166.375191536268,2122.060897989882,2144.2180447630753,20.58195523692484
TR-041166,2025-09-18,september,Dry Van,499.4,1115.02,1103.8187978656222,1101.0247509977362,1102.4217744316793,12.598225568320686
TR-041167,2025-09-18,september,Dry Van,1715.6,3388.51,3350.0775220081237,3288.025384031068,3319.051453019596,69.45854698040421
TR-041168,2025-09-18,september,Dry Van,1879.1,3529.08,3591.4755198398975,3594.03768660651,3592.7566032232035,63.67660322320353
TR-041169,2025-09-18,september,Dry Van,1695.0,3266.65,3316.099323234819,3317.2828044980633,3316.6910638664413,50.041063866441164
TR-041170,2025-09-18,september,Dry Van,936.5,2045.91,1990.0968055681024,1993.6720813687543,1991.8844434684283,54.02555653157174
TR-041171,2025-09-18,september,Reefer,395.7,1042.37,974.7536957925072,1042.92148233643,1008.8375890644686,33.53241093553129
TR-041172,2025-09-18,september,Flatbed,518.4,1264.25,1213.5757483717503,1218.091121511981,1215.8334349418656,48.41656505813444
TR-041173,2025-09-18,september,Reefer,1355.4,3029.19,2999.9882595938448,3011.8439098948716,3005.916084744358,23.273915255641896
TR-041174,2025-09-18,september,Dry Van,427.0,1065.43,1046.8653724240924,1101.2410922362274,1074.05323233016,8.623232330159908
TR-041175,2025-09-18,september,Dry Van,507.2,1037.51,1077.1170983237428,1057.2789067548085,1067.1980025392756,29.688002539275658
TR-041176,2025-09-18,september,Reefer,979.8,2417.3,2304.3495305430233,2320.410634183073,2312.380082363048,104.91991763695205
TR-041177,2025-09-18,september,Reefer,1768.0,4019.3,3940.0741806283195,3906.6094746549247,3923.3418276416223,95.95817235837785
TR-041178,2025-09-18,september,Dry Van,1374.9,2703.52,2682.4009413871327,2759.6562363585995,2721.028588872866,17.508588872865857
TR-041179,2025-09-18,september,Dry Van,713.3,1567.93,1522.6365319139468,1541.9358697088865,1532.2862008114166,35.64379918858344
TR-041180,2025-09-18,september,Dry Van,729.9,1649.02,1627.0695697898554,1633.215309506903,1630.1424396483792,18.877560351620787
TR-041181,2025-09-18,september,Reefer,2721.2,5797.14,5608.756274607371,5461.919474188996,5535.337874398183,261.80212560181735
TR-041182,2025-09-18,september,Flatbed,928.0,2220.74,2152.667387921984,2173.625312449843,2163.1463501859134,57.59364981408635
TR-041183,2025-09-18,september,Flatbed,529.9,1321.15,1349.797199959636,1363.2280203732385,1356.5126101664373,35.36261016643721
TR-041184,2025-09-18,september,Dry Van,780.7,1567.88,1544.808248086757,1583.3975328861923,1564.1028904864747,3.7771095135253745
TR-041185,2025-09-18,september,Dry Van,2787.3,5298.62,5157.270980660352,4916.346024571447,5036.808502615899,261.81149738410113
TR-041186,2025-09-18,september,Flatbed,2075.6,4547.86,4322.392392404924,4234.789967330077,4278.591179867501,269.26882013249906
TR-041187,2025-09-18,september,Dry Van,400.7,885.3,893.7510674887449,934.0227775652309,913.8869225269879,28.586922526987905
TR-041188,2025-09-18,september,Dry Van,2960.1,5223.67,5248.512789273236,4992.622569454664,5120.56767936395,103.10232063604963
TR-041189,2025-09-18,september,Reefer,828.3,1986.74,1940.839017645918,1978.6032602588289,1959.7211389523734,27.018861047626615
TR-041190,2025-09-18,september,Dry Van,658.7,1416.04,1424.5134896733318,1456.7149661210465,1440.6142278971893,24.574227897189303
TR-041191,2025-09-18,september,Flatbed,986.2,2259.09,2165.561304335364,2170.0527770413587,2167.8070406883617,91.28295931163848
TR-041192,2025-09-18,september,Dry Van,1527.4,3119.9,3028.192383234674,3050.791792381628,3039.492087808151,80.40791219184894
TR-041193,2025-09-18,september,Dry Van,1246.6,2612.11,2557.8139631219688,2569.6175201081574,2563.715741615063,48.394258384937075
TR-041194,2025-09-18,september,Flatbed,464.6,1167.77,1064.8534239853395,1098.9381500448867,1081.895787015113,85.87421298488698
TR-041195,2025-09-18,september,Dry Van,1109.4,2337.65,2154.974966762349,2220.5047197696845,2187.7398432660166,149.9101567339835
TR-041196,2025-09-18,september,Dry Van,2655.2,4868.18,4888.1233968070155,4642.427233896766,4765.275315351891,102.90468464810965
TR-041197,2025-09-18,september,Dry Van,2123.9,3972.67,3855.062324271644,3823.1178472382926,3839.090085754968,133.5799142450319
TR-041198,2025-09-18,september,Dry Van,2100.5,4109.95,4050.3933294661006,3950.466884713418,4000.430107089759,109.51989291024074
TR-041199,2025-09-18,september,Dry Van,988.1,1958.31,1923.8968565734444,1957.388504706347,1940.6426806398958,17.667319360104102
TR-041200,2025-09-18,september,Dry Van,1042.0,2130.39,2197.118162598693,2187.6716721961798,2192.394917397436,62.0049173974362
TR-041201,2025-09-18,september,Reefer,755.3,1788.14,1804.5551098657234,1775.6209644308383,1790.0880371482808,1.9480371482807186
TR-041202,2025-09-18,september,Reefer,876.5,2137.06,2090.0337733272995,2088.587090739948,2089.310432033624,47.74956796637616
TR-041203,2025-09-18,september,Dry Van,1908.0,3595.28,3523.6550079559042,3483.473247955236,3503.5641279555703,91.71587204442994
TR-041204,2025-09-18,september,Reefer,976.1,2314.91,2229.1069186369887,2240.0389052408927,2234.5729119389407,80.33708806105915
TR-041205,2025-09-18,september,Dry Van,1905.8,3538.35,3523.321904084382,3520.7518026666166,3522.036853375499,16.31314662450086
TR-041206,2025-09-18,september,Dry Van,1882.8,3771.62,3730.502709524946,3677.8486878159833,3704.175698670465,67.44430132953494
TR-041207,2025-09-18,september,Dry Van,234.0,564.55,572.1367883608228,611.1244217692861,591.6306050650544,27.080605065054442
TR-041208,2025-09-18,september,Dry Van,1643.8,3055.45,3051.4509607242862,3013.6481534315767,3032.5495570779312,22.900442922068578
TR-041209,2025-09-18,september,Reefer,3044.8,6586.76,6162.835504516801,6069.105142537446,6115.970323527124,470.78967647287664
TR-041210,2025-09-18,september,Reefer,662.7,1752.61,1703.5734256165752,1685.8526301546617,1694.7130278856184,57.89697211438147
TR-041211,2025-09-18,september,Reefer,850.9,2056.74,2032.8604612898757,2009.538655453434,2021.1995583716548,35.54044162834498
TR-041212,2025-09-18,september,Dry Van,461.2,1099.58,1075.5067325866091,1101.1970032222678,1088.3518679044384,11.228132095561477
TR-041213,2025-09-18,september,Flatbed,873.4,2031.94,1966.1588948084923,1937.7756057231866,1951.9672502658395,79.97274973416052
TR-041214,2025-09-18,september,Dry Van,2262.9,4129.46,4134.973026186754,4005.711655647865,4070.3423409173097,59.11765908269035
TR-041215,2025-09-18,september,Flatbed,1861.4,4083.22,3916.321416598326,3882.210113455423,3899.2657650268748,183.95423497312504
TR-041216,2025-09-18,september,Reefer,559.9,1344.15,1290.894111506878,1297.925162676686,1294.409637091782,49.740362908218
TR-041217,2025-09-18,september,Dry Van,926.0,1770.17,1809.153415648908,1816.1428256508032,1812.6481206498556,42.478120649855555
TR-041218,2025-09-18,september,Dry Van,447.6,1027.87,1012.3286241144775,1048.2809690875965,1030.304796601037,2.4347966010370783
TR-041219,2025-09-18,september,Reefer,741.3,1771.04,1715.3560018892483,1725.9355425991494,1720.6457722441987,50.39422775580124
TR-041220,2025-09-18,september,Reefer,159.4,478.02,443.231835686343,538.8372942207329,491.03456495353794,13.014564953537956
TR-041221,2025-09-18,september,Reefer,931.6,2240.88,2192.1072646924267,2179.3105878774345,2185.7089262849304,55.171073715069724
TR-041222,2025-09-18,september,Dry Van,2390.0,4419.92,4532.816144796607,4412.457343738362,4472.636744267485,52.7167442674845
TR-041223,2025-09-18,september,Dry Van,407.6,929.25,912.2958875054287,961.9482803371452,937.122083921287,7.872083921286958
TR-041224,2025-09-18,september,Flatbed,1728.2,3628.7,3484.828946560764,3518.005596275886,3501.417271418325,127.28272858167475
TR-041225,2025-09-18,september,Reefer,896.0,2265.66,2215.8038634649306,2158.0619836579085,2186.9329235614196,78.7270764385803
TR-041226,2025-09-18,september,Dry Van,832.3,1740.58,1728.5367669274337,1759.57864541413,1744.0577061707818,3.4777061707818575
TR-041227,2025-09-18,september,Dry Van,801.4,1650.49,1657.1031415446832,1672.4088938519021,1664.7560176982927,14.266017698292671
TR-041228,2025-09-18,september,Reefer,2250.1,4786.14,4730.516530378304,4634.996120602773,4682.756325490538,103.38367450946225
TR-041229,2025-09-18,september,Dry Van,928.4,1915.64,1934.1389625133834,1923.937321182102,1929.0381418477427,13.398141847742636
TR-041230,2025-09-18,september,Reefer,1344.4,2864.86,2850.5988258653847,2930.999797543096,2890.7993117042406,25.93931170424048
TR-041231,2025-09-18,september,Flatbed,1049.2,2342.44,2295.6775269811087,2262.9341366739063,2279.3058318275075,63.13416817249254
TR-041232,2025-09-18,september,Reefer,366.0,987.48,948.7637097005841,990.5345285402266,969.6491191204053,17.8308808795947
TR-041233,2025-09-18,september,Dry Van,1098.9,2390.47,2303.878413789551,2295.6368854616535,2299.7576496256024,90.71235037439737
TR-041234,2025-09-18,september,Reefer,2743.0,5812.57,5616.381239816882,5524.4701868268,5570.425713321842,242.1442866781581
TR-041235,2025-09-18,september,Dry Van,434.2,1047.42,1025.4918796625907,1043.872195820663,1034.6820377416268,12.737962258373273
TR-041236,2025-09-18,september,Dry Van,2854.4,5446.12,5384.030492128042,5194.651679513683,5289.341085820863,156.77891417913725
TR-041237,2025-09-18,september,Dry Van,368.4,800.45,798.4955713279257,822.8125106368175,810.6540409823716,10.204040982371566
TR-041238,2025-09-18,september,Dry Van,434.8,995.21,1000.8176414893234,1039.233929457202,1020.0257854732627,24.815785473262622
TR-041239,2025-09-18,september,Dry Van,1490.5,2915.4,2841.2104565886125,2865.5371881792826,2853.3738223839473,62.02617761605279
TR-041240,2025-09-18,september,Dry Van,1212.1,2328.57,2331.209794617015,2399.378007448495,2365.293901032755,36.72390103275484
TR-041241,2025-09-18,september,Reefer,1403.9,2995.54,3022.9235788818964,3004.036508216632,3013.4800435492643,17.940043549264374
TR-041242,2025-09-18,september,Dry Van,2929.2,4914.73,5205.382444140373,4969.128495804093,5087.255469972233,172.52546997223362
TR-041243,2025-09-18,september,Dry Van,1997.6,3696.63,3749.2080425124113,3663.4147378578054,3706.3113901851084,9.681390185108285
TR-041244,2025-09-18,september,Flatbed,2365.7,4894.62,4680.2329568677205,4559.527003131562,4619.879979999641,274.7400200003585
TR-041245,2025-09-18,september,Dry Van,1435.2,2822.47,2756.010171410873,2781.720604184865,2768.865387797869,53.60461220213074
TR-041246,2025-09-18,september,Dry Van,431.4,966.91,942.4284443842014,998.3248672927796,970.3766558384905,3.46665583849051
TR-041247,2025-09-18,september,Reefer,916.3,2294.9,2232.7468825539813,2200.4980926000894,2216.6224875770354,78.27751242296472
TR-041248,2025-09-18,september,Reefer,765.5,1917.68,1843.9183790715797,1834.6327473200938,1839.2755631958366,78.40443680416342
TR-041249,2025-09-18,september,Reefer,493.4,1337.6,1290.4507367861383,1300.3361912880564,1295.3934640370974,42.206535962902535
TR-041250,2025-09-18,september,Dry Van,1906.7,3669.73,3703.7678575827076,3624.0182684061174,3663.8930629944125,5.836937005587515
TR-041251,2025-09-18,september,Dry Van,1220.0,2518.18,2428.7644012023798,2437.5376482916868,2433.1510247470333,85.02897525296657
TR-041252,2025-09-18,september,Reefer,510.4,1315.02,1249.841840547925,1239.051824369783,1244.4468324588538,70.57316754114618
TR-041253,2025-09-18,september,Dry Van,752.7,1542.34,1540.115255836038,1557.0920177777707,1548.6036368069044,6.263636806904515
TR-041254,2025-09-18,september,Dry Van,562.6,1246.18,1226.7646849338767,1239.2662986966957,1233.0154918152862,13.164508184713895
TR-041255,2025-09-18,september,Reefer,192.5,599.39,567.2923823941932,624.3712861502079,595.8318342722005,3.558165727799519
TR-041256,2025-09-18,september,Flatbed,1838.4,4103.83,3898.2003623249902,3846.781635798623,3872.4909990618066,231.3390009381933
TR-041257,2025-09-18,september,Dry Van,936.7,2050.57,2044.6138080624844,2047.6309237272633,2046.1223658948738,4.447634105126326
TR-041258,2025-09-18,september,Flatbed,964.1,2133.38,2040.39593632237,2082.033591817596,2061.214764069983,72.16523593001693
TR-041259,2025-09-18,september,Dry Van,2264.9,4187.8,4102.836106412029,3976.0057153020084,4039.4209108570185,148.37908914298168
TR-041260,2025-09-18,september,Flatbed,1528.1,3405.96,3255.3247221935117,3277.136761237821,3266.230741715666,139.7292582843338
TR-041261,2025-09-18,september,Reefer,371.2,966.93,941.4983881046843,1001.5616544292263,971.5300212669554,4.600021266955423
TR-041262,2025-09-18,september,Dry Van,276.3,683.55,684.6988896551326,704.1526929377135,694.4257912964231,10.875791296423131
TR-041263,2025-09-18,september,Dry Van,1500.6,3083.47,3084.160266414932,3004.3067735674495,3044.2335199911904,39.236480008809394
TR-041264,2025-09-18,september,Flatbed,1077.8,2349.97,2291.128888082772,2266.897347807062,2279.013117944917,70.95688205508259
TR-041265,2025-09-18,september,Dry Van,521.2,1089.72,1091.0917185684884,1106.8520814182039,1098.9718999933461,9.251899993346115
TR-041266,2025-09-18,september,Dry Van,611.5,1388.56,1391.9409498958053,1406.6885343260833,1399.3147421109443,10.754742110944335
TR-041267,2025-09-18,september,Dry Van,475.7,1096.12,1081.7357268592002,1121.9437053428583,1101.8397161010294,5.719716101029462
TR-041268,2025-09-18,september,Flatbed,116.9,386.27,371.3870232643143,454.3634076562116,412.87521546026295,26.60521546026297
TR-041269,2025-09-18,september,Flatbed,447.2,1155.18,1094.9128092600106,1137.6096264369903,1116.2612178485006,38.9187821514995
TR-041270,2025-09-18,september,Dry Van,205.7,535.96,522.5152527953603,577.1937189010055,549.8544858481829,13.894485848182853
TR-041271,2025-09-18,september,Flatbed,1247.4,2817.62,2617.4386064546334,2632.745793456297,2625.0921999554653,192.52780004453462
TR-041272,2025-09-18,september,Dry Van,913.8,1850.05,1873.1824443119324,1852.0027307087353,1862.592587510334,12.542587510333988
TR-041273,2025-09-18,september,Dry Van,2845.8,4899.37,5099.910844581453,4818.990529116059,4959.450686848756,60.08068684875616
TR-041274,2025-09-18,september,Reefer,1053.9,2715.31,2490.8199391345865,2520.7011402309427,2505.760539682765,209.54946031723512
TR-041275,2025-09-18,september,Dry Van,328.2,757.99,748.5627131981026,782.4067701201575,765.4847416591301,7.4947416591301135
TR-041276,2025-09-18,september,Flatbed,676.0,1657.2,1576.5229058907225,1591.129647578377,1583.8262767345498,73.37372326545028
TR-041277,2025-09-18,september,Dry Van,574.6,1187.35,1169.3641393853927,1200.1895330733191,1184.776836229356,2.573163770643987
TR-041278,2025-09-18,september,Flatbed,239.7,657.12,611.0616104988611,693.6314575353767,652.346534017119,4.773465982881021
TR-041279,2025-09-18,september,Dry Van,694.4,1626.15,1597.4530260223653,1564.5105195547937,1580.9817727885795,45.16822721142057
TR-041280,2025-09-18,september,Dry Van,677.8,1558.19,1504.161954555209,1515.923297366589,1510.042625960899,48.14737403910112
TR-041281,2025-09-18,september,Dry Van,580.1,1344.39,1279.0140878665998,1333.9834627491482,1306.498775307874,37.891224692126116
TR-041282,2025-09-18,september,Reefer,349.1,897.6,853.2546445764087,913.2668774054782,883.2607609909435,14.339239009056541
TR-041283,2025-09-18,september,Reefer,680.8,1636.88,1590.4848010270475,1605.0419957397328,1597.7633983833903,39.11660161660984
TR-041284,2025-09-18,september,Dry Van,776.4,1756.73,1651.7352512499533,1663.396353528231,1657.5658023890921,99.16419761090788
TR-041285,2025-09-18,september,Dry Van,1548.5,3063.44,2903.0817121936398,2902.5240626113905,2902.802887402515,160.63711259748516
TR-041286,2025-09-18,september,Reefer,294.1,816.57,801.7713483979423,845.5894579167154,823.6804031573289,7.110403157328847
TR-041287,2025-09-18,september,Dry Van,844.3,1765.83,1760.8121994210023,1768.4671206861576,1764.63966005358,1.1903399464199538
TR-041288,2025-09-18,september,Dry Van,2799.5,5166.2,5025.3852678668445,4867.464542684836,4946.4249052758405,219.77509472415932
TR-041289,2025-09-18,september,Dry Van,1089.0,2083.43,2066.323324818299,2043.5695700096642,2054.946447413982,28.48355258601805
TR-041290,2025-09-18,september,Reefer,2306.1,4607.16,4572.190544758484,4410.3414633668435,4491.266004062663,115.89399593733651
TR-041291,2025-09-18,september,Dry Van,346.3,779.84,760.1267341173002,799.3176791249589,779.7222066211295,0.11779337887048769
TR-041292,2025-09-18,september,Dry Van,346.5,836.28,827.4415346309501,864.7431865756291,846.0923606032895,9.812360603289562
TR-041293,2025-09-18,september,Dry Van,1710.1,3176.84,3197.904216498404,3193.453652806318,3195.678934652361,18.838934652360876
TR-041294,2025-09-18,september,Dry Van,190.7,495.46,486.3350358104812,530.7034830321709,508.51925942132607,13.05925942132609
TR-041295,2025-09-18,september,Reefer,1968.0,4347.36,4170.868099794103,4128.279393501507,4149.573746647805,197.78625335219476
TR-041296,2025-09-18,september,Dry Van,2110.6,4178.51,4146.830203118089,4000.5230950502496,4073.676649084169,104.83335091583103
TR-041297,2025-09-18,september,Dry Van,1470.7,3006.37,3030.4792452306797,3015.195431427039,3022.837338328859,16.467338328859114
TR-041298,2025-09-18,september,Dry Van,2266.5,4053.08,4091.718938494998,3966.5359775708375,4029.1274580329177,23.952541967082198
TR-041299,2025-09-18,september,Reefer,659.6,1607.34,1540.4615780240492,1573.090587558932,1556.7760827914906,50.56391720850934
TR-041300,2025-09-18,september,Dry Van,896.6,1949.7,1924.0152113638237,1935.9935283112045,1930.004369837514,19.69563016248594
TR-041301,2025-09-18,september,Reefer,1744.5,3802.99,3774.5904336728513,3680.420060682745,3727.505247177798,75.4847528222017
TR-041302,2025-09-18,september,Dry Van,745.7,1483.86,1525.593465853423,1535.7521362651312,1530.672801059277,46.812801059277035
TR-041303,2025-09-18,september,Flatbed,1216.4,2759.78,2587.3318355112756,2655.5740999513723,2621.452967731324,138.32703226867625
TR-041304,2025-09-18,september,Dry Van,738.7,1445.84,1455.2035574748693,1477.9142518281817,1466.5589046515256,20.71890465152569
TR-041305,2025-09-18,september,Dry Van,789.6,1615.1,1557.8505525714745,1594.8728642406759,1576.3617084060752,38.738291593924714
TR-041306,2025-09-18,september,Reefer,1149.4,2584.15,2596.1980402936397,2565.457703768281,2580.8278720309604,3.322127969039684
TR-041307,2025-09-18,september,Dry Van,847.3,405.1,1878.812511693165,1880.7976784097239,1879.8050950514444,1474.7050950514445
TR-041308,2025-09-18,september,Dry Van,1752.4,3412.56,3376.49122909214,3328.203402893073,3352.3473159926066,60.212684007393364
TR-041309,2025-09-18,september,Flatbed,1933.1,4087.21,3987.338195608569,3976.328821199827,3981.8335084041983,105.37649159580178
TR-041310,2025-09-18,september,Dry Van,1763.7,3359.31,3257.5896286476436,3246.515839159456,3252.05273390355,107.25726609645017
TR-041311,2025-09-18,september,Dry Van,1185.6,2325.78,2282.2479982116597,2364.3285568782394,2323.28827754495,2.4917224550504216
TR-041312,2025-09-18,september,Dry Van,1395.5,2730.21,2668.3178377149748,2690.354426232335,2679.336131973655,50.87386802634501
TR-041313,2025-09-19,september,Dry Van,333.3,826.67,831.733944211193,899.4986010761054,865.6162726436492,38.946272643649195
TR-041314,2025-09-19,september,Reefer,789.7,1962.07,1965.971099053319,1943.6371359288435,1954.8041174910813,7.265882508918594
TR-041315,2025-09-19,september,Flatbed,427.8,1166.63,1114.5561077147065,1138.5903032252315,1126.573205469969,40.056794530031084
TR-041316,2025-09-19,september,Dry Van,1342.0,2564.42,2483.6009210884445,2530.026434995776,2506.81367804211,57.60632195789003
TR-041317,2025-09-19,september,Flatbed,217.8,600.81,569.1749608501906,622.5905386912705,595.8827497707305,4.927250229269475
TR-041318,2025-09-19,september,Reefer,1854.2,4014.66,3963.5932336641354,3979.0659263530433,3971.3295800085893,43.33041999141051
TR-041319,2025-09-19,september,Flatbed,2170.8,4738.37,4497.937289383516,4434.323961311662,4466.130625347589,272.23937465241124
TR-041320,2025-09-19,september,Dry Van,1038.3,2092.82,2100.3126328620947,2094.402531786036,2097.3575823240653,4.53758232406517
TR-041321,2025-09-19,september,Dry Van,1618.1,3163.26,3081.454732221767,3101.07343153752,3091.2640818796435,71.99591812035669
TR-041322,2025-09-19,september,Dry Van,1008.4,2019.13,2045.0943576516988,2006.7471140820248,2025.9207358668618,6.7907358668617235
TR-041323,2025-09-19,september,Dry Van,1394.5,2802.25,2805.1903307786256,2743.994832599234,2774.59258168893,27.65741831107016
TR-041324,2025-09-19,september,Reefer,873.8,2066.97,2039.987158520984,2012.2356840612706,2026.1114212911273,40.85857870887253
TR-041325,2025-09-19,september,Dry Van,2478.6,4590.43,4565.974050136135,4490.923431978601,4528.448741057367,61.98125894263285
TR-041326,2025-09-19,september,Dry Van,1790.8,3670.77,3429.458414103188,3427.9286391360406,3428.693526619614,242.07647338038578
TR-041327,2025-09-19,september,Dry Van,2391.1,4250.42,4301.144180900928,4181.144360851602,4241.144270876265,9.275729123734891
TR-041328,2025-09-19,september,Dry Van,220.6,572.29,572.2260579683161,621.7254449278273,596.9757514480717,24.685751448071755
TR-041329,2025-09-19,september,Reefer,1748.9,3894.84,3755.3983651401236,3746.374076193195,3750.886220666659,143.95377933334112
TR-041330,2025-09-19,september,Dry Van,806.3,1665.41,1614.6207171414349,1650.5873923211489,1632.6040547312919,32.80594526870823
TR-041331,2025-09-19,september,Dry Van,721.1,1549.99,1553.7436725148448,1590.0017674195055,1571.8727199671753,21.882719967175262
TR-041332,2025-09-19,september,Reefer,117.9,373.8,384.13452749492035,451.69124048965296,417.91288399228665,44.11288399228664
TR-041333,2025-09-19,september,Dry Van,84.9,249.46,241.15945525326035,321.0135706323922,281.0865129428263,31.62651294282628
TR-041334,2025-09-19,september,Dry Van,924.0,1841.98,1857.3202425618608,1860.1739367054302,1858.7470896336454,16.767089633645355
TR-041335,2025-09-19,september,Flatbed,901.8,2160.19,2030.5368085840946,2000.305412392786,2015.4211104884403,144.7688895115598
TR-041336,2025-09-19,september,Dry Van,2862.7,4847.31,5061.51261816402,4810.337952866419,4935.925285515219,88.6152855152186
TR-041337,2025-09-19,september,Reefer,2597.5,5106.42,5061.61165097192,4986.003673399814,5023.807662185867,82.61233781413284
TR-041338,2025-09-19,september,Reefer,1198.0,2911.96,2787.039406072797,2756.1951198419442,2771.6172629573707,140.34273704262932
TR-041339,2025-09-19,september,Dry Van,851.6,1809.62,1778.4576142244825,1814.9751655233147,1796.7163898738986,12.903610126101285
TR-041340,2025-09-19,september,Dry Van,1115.4,2273.21,2270.581759513805,2244.5301261277323,2257.555942820769,15.654057179231131
TR-041341,2025-09-19,september,Flatbed,822.6,2039.79,2012.4284127971964,1992.0264576428,2002.2274352199984,37.562564780001594
TR-041342,2025-09-19,september,Reefer,2059.3,4417.79,4293.597828846091,4296.031669751799,4294.814749298945,122.9752507010553
TR-041343,2025-09-19,september,Dry Van,1344.7,2867.1,2811.7456374695644,2746.4865178012224,2779.1160776353936,87.98392236460631
TR-041344,2025-09-19,september,Reefer,1588.7,3683.21,3617.374261242706,3603.940942195538,3610.657601719122,72.55239828087815
TR-041345,2025-09-19,september,Flatbed,1591.3,3549.61,3468.6264405285388,3449.971478019007,3459.298959273773,90.31104072622702
TR-041346,2025-09-19,september,Reefer,163.6,469.54,421.43340739733344,531.9391281281016,476.68626776271753,7.146267762717514
TR-041347,2025-09-19,september,Dry Van,751.1,1551.3,1575.1948011282796,1562.7247868178526,1568.959793973066,17.659793973066144
TR-041348,2025-09-19,september,Dry Van,1224.1,2382.54,2341.8230999343346,2383.209268940737,2362.5161844375357,20.02381556246428
TR-041349,2025-09-19,september,Dry Van,2301.9,4489.53,4388.874038028535,4330.909173889646,4359.89160595909,129.6383940409096
TR-041350,2025-09-19,september,Dry Van,1968.8,3701.37,3717.2075896967362,3626.746098858166,3671.976844277451,29.393155722548727
TR-041351,2025-09-19,september,Dry Van,305.5,717.35,719.1597842497697,766.7197042702928,742.9397442600313,25.58974426003124
TR-041352,2025-09-19,september,Flatbed,363.9,918.88,864.0461880690114,924.4128512820826,894.229519675547,24.650480324453042
TR-041353,2025-09-19,september,Flatbed,1070.0,2313.34,2288.2634483742027,2260.6474656262667,2274.4554570002347,38.88454299976547
TR-041354,2025-09-19,september,Reefer,1307.7,3012.74,2937.01660226627,2887.5753028339586,2912.2959525501146,100.44404744988515
TR-041355,2025-09-19,september,Flatbed,2573.4,5178.86,4941.610321954929,4807.688163113147,4874.649242534038,304.21075746596125
TR-041356,2025-09-19,september,Dry Van,871.0,1862.86,1869.738218481152,1895.5747937839128,1882.6565061325323,19.796506132532386
TR-041357,2025-09-19,september,Dry Van,2133.1,3962.57,4039.429639358798,3946.9051078035427,3993.16737358117,30.597373581169904
TR-041358,2025-09-19,september,Dry Van,132.2,348.25,366.66214544294206,410.42705961251136,388.54460252772674,40.29460252772674
TR-041359,2025-09-19,september,Dry Van,1359.4,2798.54,2719.487118271029,2695.9443676385745,2707.7157429548015,90.82425704519846
TR-041360,2025-09-19,september,Dry Van,1450.4,2912.78,2852.4750824807716,2865.993934199877,2859.2345083403243,53.54549165967592
TR-041361,2025-09-19,september,Dry Van,2216.3,4193.39,4160.317783803021,4018.75510399164,4089.53644389733,103.85355610267015
TR-041362,2025-09-19,september,Dry Van,1106.1,2333.95,2283.9734213667316,2268.3251104226965,2276.149265894714,57.800734105285756
TR-041363,2025-09-19,september,Flatbed,182.7,545.4,498.32469691181535,592.2904761526788,545.3075865322471,0.09241346775286274
TR-041364,2025-09-19,september,Dry Van,918.6,1823.61,1816.0091036780489,1839.4297709123623,1827.7194372952056,4.10943729520568
TR-041365,2025-09-19,september,Flatbed,427.6,1131.31,1041.1519553363505,1074.0735971858137,1057.6127762610822,73.69722373891773
TR-041366,2025-09-19,september,Dry Van,378.1,880.09,865.1366032373359,915.9833760945537,890.5599896659448,10.469989665944809
TR-041367,2025-09-19,september,Reefer,1083.3,2446.13,2463.8370532488843,2444.5496496399023,2454.1933514443936,8.063351444393447
TR-041368,2025-09-19,september,Dry Van,1044.3,432.04,2083.201423275063,2101.2164425309315,2092.2089329029973,1660.1689329029973
TR-041369,2025-09-19,september,Reefer,1272.8,2825.22,2861.511068425302,2877.8662948282627,2869.6886816267825,44.468681626782654
TR-041370,2025-09-19,september,Flatbed,633.1,1526.78,1484.2885991121461,1454.7528139812157,1469.520706546681,57.25929345331906
TR-041371,2025-09-19,september,Dry Van,453.7,1058.42,1061.1850348387422,1083.9128050917711,1072.5489199652566,14.1289199652565
TR-041372,2025-09-19,september,Reefer,636.9,1601.24,1474.192238569085,1504.1118191088635,1489.1520288389743,112.08797116102573
TR-041373,2025-09-19,september,Reefer,1720.0,3788.58,3579.4721970929018,3597.046208958279,3588.25920302559,200.32079697440986
TR-041374,2025-09-19,september,Reefer,461.2,1235.15,1154.8329272044664,1202.4250542197933,1178.62899071213,56.52100928787013
TR-041375,2025-09-19,september,Dry Van,1221.7,2413.33,2371.65803450144,2452.8085004690056,2412.2332674852228,1.096732514777159
TR-041376,2025-09-19,september,Dry Van,1132.6,2272.44,2268.6072175115064,2274.7615994539124,2271.6844084827094,0.755591517290668
TR-041377,2025-09-19,september,Reefer,795.2,1969.29,1996.1134232467784,1973.24874555304,1984.6810843999092,15.391084399909232
TR-041378,2025-09-19,september,Dry Van,1756.2,3317.48,3306.86195099531,3320.882421286151,3313.8721861407303,3.607813859269754
TR-041379,2025-09-19,september,Reefer,642.1,1566.34,1552.5069786556812,1552.7302241027874,1552.6186013792344,13.721398620765513
TR-041380,2025-09-19,september,Dry Van,489.1,1111.1,1124.3066741929404,1146.0130161317343,1135.1598451623372,24.059845162337297
TR-041381,2025-09-19,september,Dry Van,1384.6,2600.02,2574.0327319308476,2631.1489893544394,2602.5908606426437,2.5708606426437655
TR-041382,2025-09-19,september,Reefer,518.9,1354.98,1281.0012443432154,1288.8757355660382,1284.9384899546267,70.04151004537334
TR-041383,2025-09-19,september,Flatbed,348.7,897.45,841.3650175340831,899.9372651022154,870.6511413181493,26.79885868185079
TR-041384,2025-09-19,september,Dry Van,2186.8,3963.16,3878.994249373393,3892.587157133832,3885.7907032536123,77.36929674638759
TR-041385,2025-09-19,september,Dry Van,1041.0,2136.16,2124.5909461668116,2099.596556520792,2112.093751343802,24.066248656197786
TR-041386,2025-09-19,september,Dry Van,2743.5,4859.45,4959.52140810003,4805.256421063199,4882.388914581615,22.93891458161488
TR-041387,2025-09-19,september,Dry Van,2281.5,4167.22,4216.392694994803,4068.887545538887,4142.640120266845,24.579879733155394
TR-041388,2025-09-19,september,Reefer,1806.5,4020.92,3921.8565068035155,3893.9601711015894,3907.908338952552,113.01166104744789
TR-041389,2025-09-19,september,Reefer,1441.2,3264.88,3208.721800790228,3222.0368736743,3215.379337232264,49.50066276773623
TR-041390,2025-09-19,september,Dry Van,1795.1,3581.05,3464.4001160567727,3428.122028697063,3446.2610723769176,134.7889276230826
TR-041391,2025-09-19,september,Reefer,834.9,2090.09,2064.5765777322054,2025.8366370314866,2045.206607381846,44.883392618154176
TR-041392,2025-09-19,september,Dry Van,939.5,1915.77,1876.6791923361866,1895.676153921426,1886.1776731288064,29.592326871193563
TR-041393,2025-09-19,september,Dry Van,747.4,1493.8,1490.3832715749363,1507.2699777647713,1498.8266246698538,5.026624669853845
TR-041394,2025-09-19,september,Flatbed,2815.0,5809.72,5559.663601003943,5428.61993616575,5494.141768584846,315.5782314151538
TR-041395,2025-09-19,september,Reefer,735.4,1860.36,1874.8664860044166,1842.072443514946,1858.4694647596812,1.8905352403187408
TR-041396,2025-09-19,september,Dry Van,294.3,718.21,704.7197307789862,756.0601308950484,730.3899308370173,12.17993083701731
TR-041397,2025-09-19,september,Dry Van,2037.3,3752.22,3737.637657314997,3644.493151571137,3691.0654044430667,61.154595556933145
TR-041398,2025-09-19,september,Dry Van,411.2,1009.11,993.3136966444572,1007.0885360504386,1000.2011163474479,8.908883652552163
TR-041399,2025-09-19,september,Flatbed,762.1,1688.02,1609.4225095163954,1613.414075733812,1611.4182926251037,76.60170737489625
TR-041400,2025-09-19,september,Dry Van,254.9,675.49,670.1118590431162,708.6067068322379,689.3592829376771,13.869282937677099
TR-041401,2025-09-19,september,Dry Van,475.4,1092.65,1042.5064467512461,1050.0286111060857,1046.2675289286658,46.382471071334294
TR-041402,2025-09-19,september,Dry Van,1182.5,2445.31,2471.162446217516,2407.1173200084295,2439.1398831129727,6.170116887027234
TR-041403,2025-09-19,september,Flatbed,609.6,1575.86,1521.7961227410997,1507.5559868851435,1514.6760548131215,61.18394518687842
TR-041404,2025-09-19,september,Dry Van,988.1,1942.8,1882.2770412111151,1912.1220660298306,1897.199553620473,45.60044637952706
TR-041405,2025-09-19,september,Dry Van,754.2,1490.24,1481.593169717863,1479.5652062547008,1480.5791879862818,9.660812013718214
TR-041406,2025-09-19,september,Reefer,740.5,1823.67,1845.4171374970322,1810.1677529872043,1827.7924452421182,4.122445242118147
TR-041407,2025-09-19,september,Dry Van,1535.9,3149.95,3124.00122108052,3062.7794817253307,3093.3903514029253,56.559648597074556
TR-041408,2025-09-19,september,Reefer,1605.6,3684.7,3500.749467606958,3441.498862328815,3471.124164967887,213.575835032113
TR-041409,2025-09-19,september,Flatbed,425.3,1149.42,1094.5911363846285,1130.7759406851428,1112.6835385348857,36.73646146511442
TR-041410,2025-09-19,september,Flatbed,407.3,1057.51,1022.3130582389456,1019.1452787943618,1020.7291685166538,36.78083148334622
TR-041411,2025-09-19,september,Dry Van,556.4,1108.17,1138.3214407830305,1143.413929493946,1140.8676851384882,32.69768513848817
TR-041412,2025-09-19,september,Reefer,2078.1,4413.86,4352.434098646516,4296.609445538888,4324.521772092702,89.33822790729755
TR-041413,2025-09-19,september,Reefer,3300.5,7000.31,6565.633599628074,6522.283087985853,6543.958343806964,456.35165619303643
TR-041414,2025-09-19,september,Reefer,290.9,729.0,689.4397883460516,745.3509125973326,717.3953504716922,11.604649528307846
TR-041415,2025-09-19,september,Dry Van,291.8,697.25,681.0888821522782,751.9130570212558,716.500969586767,19.25096958676704
TR-041416,2025-09-19,september,Dry Van,799.8,1732.79,1700.9582697288056,1706.6518001660188,1703.8050349474122,28.984965052587768
TR-041417,2025-09-19,september,Flatbed,258.9,699.16,670.2753785033458,716.2798785444224,693.2776285238841,5.88237147611585
TR-041418,2025-09-19,september,Dry Van,507.1,1024.61,1046.8531135211558,1028.3434925739114,1037.5983030475336,12.988303047533691
TR-041419,2025-09-19,september,Dry Van,371.6,984.87,963.2379098289081,970.1088848880238,966.673397358466,18.196602641534014
TR-041420,2025-09-19,september,Dry Van,561.7,1120.14,1143.9986585140937,1126.7518303027741,1135.375244408434,15.2352444084338
TR-041421,2025-09-19,september,Flatbed,2748.9,5513.01,5279.971170278808,5094.3620196150605,5187.166594946934,325.8434050530659
TR-041422,2025-09-19,september,Dry Van,764.5,1698.83,1701.5665809799402,1701.8067202248944,1701.6866506024173,2.856650602417403
TR-041423,2025-09-19,september,Dry Van,1039.9,2098.69,2072.7934216525405,2084.1244321794543,2078.4589269159974,20.231073084002674
TR-041424,2025-09-19,september,Dry Van,198.0,511.87,511.95898257636713,561.1868426819781,536.5729126291726,24.7029126291726
TR-041425,2025-09-19,september,Reefer,2861.0,5677.76,5586.0175384560725,5424.553570296352,5505.2855543762125,172.4744456237877
TR-041426,2025-09-19,september,Dry Van,1988.2,3838.77,3813.269759791325,3696.019332132929,3754.6445459621273,84.12545403787271
TR-041427,2025-09-19,september,Reefer,786.1,1919.67,1874.3908639135566,1875.324439668429,1874.8576517909928,44.81234820900727
TR-041428,2025-09-19,september,Dry Van,820.4,1724.82,1715.4436329956377,1711.8146256303994,1713.6291293130184,11.190870686981498
TR-041429,2025-09-19,september,Dry Van,658.0,1478.5,1419.7795865841272,1423.6700304597944,1421.7248085219608,56.77519147803923
TR-041430,2025-09-19,september,Flatbed,728.8,1751.33,1720.9470490327158,1713.0681409050533,1717.0075949688844,34.32240503111552
TR-041431,2025-09-19,september,Dry Van,740.1,1599.26,1598.82626518131,1616.8256900742551,1607.8259776277825,8.565977627782559
TR-041432,2025-09-19,september,Dry Van,1206.4,2598.59,2546.8522813023487,2489.010496751012,2517.9313890266803,80.65861097331981
TR-041433,2025-09-19,september,Reefer,2075.8,4609.65,4440.355521982925,4425.673339943704,4433.014430963314,176.6355690366854
TR-041434,2025-09-19,september,Dry Van,1272.0,2637.5,2628.108528265558,2648.2734978684553,2638.1910130670067,0.6910130670066792
TR-041435,2025-09-19,september,Dry Van,733.3,1583.02,1511.3366337955717,1527.027677108868,1519.1821554522198,63.83784454778015
TR-041436,2025-09-19,september,Dry Van,545.9,1166.33,1168.232899452735,1174.3888904304295,1171.3108949415823,4.980894941582392
TR-041437,2025-09-19,september,Reefer,1040.4,2423.32,2406.142209927942,2410.9275384713487,2408.5348741996454,14.785125800354763
TR-041438,2025-09-19,september,Dry Van,616.0,1411.33,1405.237938594441,1402.4133677892305,1403.8256531918357,7.5043468081642
TR-041439,2025-09-19,september,Dry Van,947.4,1983.08,1956.3723921017167,1958.2524298440708,1957.3124109728938,25.76758902710617
TR-041440,2025-09-19,september,Dry Van,349.5,829.31,821.2895079697621,899.6413969142686,860.4654524420154,31.155452442015417
TR-041441,2025-09-19,september,Dry Van,965.3,2031.65,2023.3715365177434,2046.6140165061247,2034.9927765119342,3.342776511934062
TR-041442,2025-09-19,september,Dry Van,1388.0,2710.77,2614.039904629081,2686.5664876253095,2650.3031961271954,60.466803872804576
TR-041443,2025-09-19,september,Dry Van,1989.3,3526.7,3538.7957607036774,3427.324947368014,3483.0603540358456,43.63964596415417
TR-041444,2025-09-19,september,Reefer,2813.0,5785.57,5644.031893385443,5553.623433127565,5598.827663256504,186.7423367434958
TR-041445,2025-09-19,september,Dry Van,2210.0,3976.16,4069.82645311066,3874.099819646457,3971.9631363785584,4.19686362144148
TR-041446,2025-09-19,september,Dry Van,1765.3,3382.24,3294.515170127832,3344.7992968708268,3319.6572334993293,62.58276650067046
TR-041447,2025-09-19,september,Reefer,779.9,1870.14,1826.2730455995172,1817.3332932016915,1821.8031694006045,48.336830599395626
TR-041448,2025-09-19,september,Reefer,1767.4,3800.07,3759.850852701184,3689.4194232686614,3724.635137984923,75.43486201507721
TR-041449,2025-09-19,september,Flatbed,1462.3,3178.92,3016.7679339933484,3065.0287188308944,3040.8983264121216,138.02167358787847
TR-041450,2025-09-19,september,Dry Van,883.2,1772.42,1726.056680375186,1737.3365040636618,1731.696592219424,40.72340778057605
TR-041451,2025-09-19,september,Dry Van,2231.8,4268.29,4264.713324389666,4143.090250454516,4203.901787422091,64.38821257790914
TR-041452,2025-09-19,september,Reefer,397.9,1085.89,1039.3213659201915,1075.4806807207874,1057.4010233204895,28.488976679510642
TR-041453,2025-09-19,september,Reefer,439.0,1067.12,1062.9922317185503,1089.5963593089132,1076.2942955137319,9.174295513731977
TR-041454,2025-09-19,september,Dry Van,3016.4,5532.01,5476.552199896996,5201.774704066431,5339.1634519817135,192.84654801828674
TR-041455,2025-09-19,september,Reefer,531.1,1267.47,1232.8139210361549,1229.0104337140756,1230.9121773751153,36.55782262488469
TR-041456,2025-09-19,september,Dry Van,987.2,1977.83,1941.277870406742,1967.7853597147216,1954.5316150607318,23.29838493926809
TR-041457,2025-09-19,september,Dry Van,794.2,1514.56,1530.9469779009212,1546.2506652651132,1538.598821583017,24.038821583017125
TR-041458,2025-09-19,september,Dry Van,1233.5,2563.44,2566.868109271519,2503.995533130004,2535.4318212007615,28.00817879923852
TR-041459,2025-09-19,september,Dry Van,1120.9,2244.2,2292.536449772944,2275.8163541195704,2284.176401946257,39.97640194625728
TR-041460,2025-09-19,september,Dry Van,1144.1,2281.98,2198.567950838708,2204.394277803366,2201.4811143210372,80.49888567896278
TR-041461,2025-09-19,september,Dry Van,1228.8,2464.37,2491.2620001723617,2449.30772814011,2470.284864156236,5.914864156236035
TR-041462,2025-09-19,september,Reefer,519.4,1251.18,1230.847662657931,1257.0395905655328,1243.9436266117318,7.236373388268248
TR-041463,2025-09-19,september,Flatbed,283.7,701.83,661.0027286954981,704.2243748123274,682.6135517539128,19.216448246087225
TR-041464,2025-09-19,september,Dry Van,2113.7,3911.62,3882.8804928152254,3924.4890808969594,3903.6847868560926,7.935213143907276
TR-041465,2025-09-19,september,Dry Van,2453.8,4489.47,4544.72489682117,4484.0275221432985,4514.376209482234,24.906209482233862
TR-041466,2025-09-19,september,Dry Van,843.9,1779.73,1820.9437851311122,1797.287344913936,1809.1155650225242,29.385565022524133
TR-041467,2025-09-19,september,Dry Van,540.3,1137.37,1144.2302383048861,1130.4015803534621,1137.3159093291742,0.05409067082564434
TR-041468,2025-09-19,september,Flatbed,1166.1,2618.81,2508.567042824081,2456.7925834378434,2482.6798131309624,136.13018686903752
TR-041469,2025-09-20,september,Dry Van,1543.3,2777.97,2829.683545094201,2838.543374516818,2834.1134598055096,56.14345980550979
TR-041470,2025-09-20,september,Dry Van,1053.8,2051.76,2075.2456849834316,2074.082249471528,2074.6639672274796,22.90396722747937
TR-041471,2025-09-20,september,Reefer,430.6,1148.22,1096.8027169212992,1148.2077657242212,1122.5052413227602,25.714758677239843
TR-041472,2025-09-20,september,Dry Van,266.9,681.23,663.4710489250289,702.7559924152265,683.1135206701276,1.8835206701276093
TR-041473,2025-09-20,september,Reefer,280.6,817.29,773.5580651537157,836.4681225943027,805.0130938740092,12.276906125990763
TR-041474,2025-09-20,september,Flatbed,333.8,858.27,799.8878616227898,852.0260080363955,825.9569348295927,32.3130651704073
TR-041475,2025-09-20,september,Flatbed,2083.8,4472.14,4190.177888029793,4126.314964743795,4158.246426386794,313.8935736132062
TR-041476,2025-09-20,september,Dry Van,2235.4,4102.92,4074.951193480032,3951.4901660793485,4013.2206797796903,89.6993202203098
TR-041477,2025-09-20,september,Flatbed,1952.3,4114.55,3896.595236389735,3872.7490680440283,3884.672152216882,229.87784778311834
TR-041478,2025-09-20,september,Dry Van,694.2,1498.39,1481.5232261165982,1451.525529732903,1466.5243779247505,31.865622075249576
TR-041479,2025-09-20,september,Reefer,1598.9,3486.22,3447.2354365083,3463.4333897857405,3455.3344131470203,30.885586852979486
TR-041480,2025-09-20,september,Dry Van,468.6,1031.05,1027.0523913986956,1031.474190714916,1029.2632910568059,1.7867089431940713
TR-041481,2025-09-20,september,Reefer,386.3,1002.51,946.0294905845703,991.7522385348998,968.8908645597351,33.61913544026493
TR-041482,2025-09-20,september,Flatbed,483.1,1263.21,1208.6166131840594,1227.3319364447043,1217.9742748143817,45.23572518561832
TR-041483,2025-09-20,september,Reefer,2240.9,4619.3,4491.619534611187,4401.182345944273,4446.40094027773,172.89905972227007
TR-041484,2025-09-20,september,Flatbed,936.5,2077.27,1975.5015229776825,2022.9728784180659,1999.2372006978742,78.0327993021258
TR-041485,2025-09-20,september,Dry Van,133.8,372.53,359.8120290277575,426.62773909829866,393.2198840630281,20.689884063028103
TR-041486,2025-09-20,september,Reefer,571.4,1368.72,1351.0115648106193,1346.9585015209868,1348.985033165803,19.73496683419694
TR-041487,2025-09-20,september,Dry Van,290.2,679.95,646.7284471734795,776.0976955478391,711.4130713606593,31.463071360659228
TR-041488,2025-09-20,september,Dry Van,2088.1,3736.98,3726.148224479583,3634.701932117473,3680.425078298528,56.55492170147181
TR-041489,2025-09-20,september,Dry Van,1272.8,2482.7,2450.175318757765,2479.0938191243545,2464.63456894106,18.065431058939794
TR-041490,2025-09-20,september,Dry Van,2037.1,4011.6,3937.7625017904816,3808.7365017194247,3873.249501754953,138.35049824504677
TR-041491,2025-09-20,september,Dry Van,2477.6,4622.88,4552.400052324495,4513.2450820616195,4532.822567193058,90.05743280694242
TR-041492,2025-09-20,september,Dry Van,1146.1,2288.84,2249.856763708776,2312.9199050867783,2281.388334397777,7.451665602223329
TR-041493,2025-09-20,september,Dry Van,1856.8,3411.6,3406.361005919455,3430.3096027048423,3418.3353043121488,6.735304312148855
TR-041494,2025-09-20,september,Flatbed,959.1,2104.46,1982.47889325594,2010.0686577129775,1996.2737754844588,108.1862245155412
TR-041495,2025-09-20,september,Dry Van,1066.0,2144.77,2094.0077217338844,2104.774248790605,2099.3909852622446,45.37901473775537
TR-041496,2025-09-20,september,Dry Van,1131.1,2243.52,2249.30341264274,2273.991928933781,2261.6476707882603,18.127670788260275
TR-041497,2025-09-20,september,Reefer,845.6,1998.89,1933.337398719213,1971.474828759133,1952.4061137391732,46.48388626082692
TR-041498,2025-09-20,september,Dry Van,1069.0,2219.93,2152.3638278557173,2123.7647951031595,2138.0643114794384,81.86568852056143
TR-041499,2025-09-20,september,Reefer,107.5,335.52,322.57516840575556,385.8341816106829,354.2046750082192,18.684675008219244
TR-041500,2025-09-20,september,Dry Van,379.6,901.1,863.2832198448663,917.6445726955067,890.4638962701865,10.636103729813499
TR-041501,2025-09-20,september,Reefer,1350.2,3012.21,2966.3434398734717,2962.4311876804645,2964.387313776968,47.82268622303218
TR-041502,2025-09-20,september,Reefer,651.3,1533.17,1469.1188866933596,1499.1123388670258,1484.1156127801928,49.05438721980727
TR-041503,2025-09-20,september,Dry Van,1059.3,2146.22,2100.27447149952,2107.555024799561,2103.9147481495406,42.30525185045917
TR-041504,2025-09-20,september,Dry Van,522.5,1102.28,1122.7456050553385,1131.76317738428,1127.2543912198093,24.974391219809377
TR-041505,2025-09-20,september,Flatbed,1509.0,3257.94,3183.7001323818267,3170.0650021765377,3176.8825672791822,81.05743272081781
TR-041506,2025-09-20,september,Flatbed,695.8,1699.99,1655.1190759290519,1671.1127925991268,1663.1159342640894,36.87406573591056
TR-041507,2025-09-20,september,Dry Van,3059.9,5653.85,5517.940379826615,5437.075482863156,5477.507931344886,176.34206865511442
TR-041508,2025-09-20,september,Dry Van,986.9,1920.07,1894.1647732562221,1928.5876684518703,1911.376220854046,8.69377914595384
TR-041509,2025-09-20,september,Dry Van,379.2,881.72,857.5794176235436,907.0898019243939,882.3346097739687,0.6146097739687093
TR-041510,2025-09-20,september,Dry Van,1272.3,2604.3,2651.768528888832,2629.222488070018,2640.4955084794246,36.19550847942446
TR-041511,2025-09-20,september,Reefer,1166.6,2758.91,2693.308936914179,2680.3417373551365,2686.8253371346577,72.08466286534212
TR-041512,2025-09-20,september,Reefer,1679.1,3721.12,3669.593500450715,3662.2783165967676,3665.935908523741,55.1840914762588
TR-041513,2025-09-20,september,Reefer,953.3,2035.36,2018.1111922152254,2038.7348729103792,2028.4230325628023,6.936967437197609
TR-041514,2025-09-20,september,Dry Van,1167.0,2146.79,2140.030957768384,2214.8969573179884,2177.463957543186,30.673957543186134
TR-041515,2025-09-20,september,Reefer,1101.2,2458.05,2390.331835089739,2337.5861239649303,2363.9589795273346,94.0910204726656
TR-041516,2025-09-20,september,Dry Van,2211.6,4252.72,4146.278480696343,3906.901220901663,4026.5898507990028,226.1301492009975
TR-041517,2025-09-20,september,Dry Van,1486.0,3005.24,2876.574090661369,2875.058527120106,2875.8163088907377,129.4236911092621
TR-041518,2025-09-20,september,Dry Van,1369.7,2602.63,2556.8450274530032,2557.0787823456517,2556.9619048993272,45.66809510067287
TR-041519,2025-09-20,september,Reefer,2120.9,4747.91,4536.517811546514,4470.692729436363,4503.605270491438,244.30472950856165
TR-041520,2025-09-20,september,Dry Van,1621.4,3161.48,3172.563453973717,3142.873906316184,3157.7186801449507,3.7613198550493507
TR-041521,2025-09-20,september,Dry Van,2835.5,5262.91,5281.767453600311,4995.490517350477,5138.628985475394,124.28101452460578
TR-041522,2025-09-20,september,Reefer,837.0,1980.51,1950.6146120546628,1929.978111408677,1940.29636173167,40.21363826832999
TR-041523,2025-09-20,september,Dry Van,1181.5,2463.93,2420.9676479983527,2410.276335173973,2415.621991586163,48.30800841383689
TR-041524,2025-09-20,september,Dry Van,306.6,663.18,667.964494089021,711.5393564506385,689.7519252698297,26.571925269829762
TR-041525,2025-09-20,september,Dry Van,2537.6,4674.14,4604.583123948958,4423.6174854359,4514.100304692429,160.0396953075715
TR-041526,2025-09-20,september,Flatbed,814.9,1870.42,1718.0305646415206,1756.9704593342549,1737.5005119878879,132.9194880121122
TR-041527,2025-09-20,september,Flatbed,490.9,1270.66,1268.6424734603336,1254.6296354557817,1261.6360544580575,9.023945541942567
TR-041528,2025-09-20,september,Dry Van,763.4,1553.72,1566.6913641989734,1558.3954635681523,1562.5434138835628,8.823413883562807
TR-041529,2025-09-20,september,Flatbed,827.3,2021.6,1940.6797091428643,1953.1386045194658,1946.909156831165,74.69084316883482
TR-041530,2025-09-20,september,Reefer,347.1,953.96,932.1387442306209,973.3701405254496,952.7544423780353,1.205557621964772
TR-041531,2025-09-20,september,Reefer,968.7,2195.35,2081.14516400044,2124.0272327088296,2102.5861983546347,92.76380164536522
TR-041532,2025-09-20,september,Dry Van,92.1,272.91,286.5992275659266,354.30023527655476,320.4497314212407,47.539731421240674
TR-041533,2025-09-20,september,Dry Van,275.8,685.08,666.1632929803642,734.7351228911616,700.4492079357628,15.369207935762802
TR-041534,2025-09-20,september,Dry Van,1702.2,3415.45,3406.203077027436,3358.1196069963044,3382.16134201187,33.28865798812967
TR-041535,2025-09-20,september,Flatbed,467.2,1154.58,1109.3126330774571,1145.1733051099181,1127.2429690936876,27.337030906312293
TR-041536,2025-09-20,september,Dry Van,272.0,665.35,666.2624898847931,720.1106815515438,693.1865857181685,27.83658571816852
TR-041537,2025-09-20,september,Reefer,554.6,1411.62,1392.2397749755576,1377.4281966569465,1384.8339858162522,26.78601418374774
TR-041538,2025-09-20,september,Flatbed,892.7,1934.67,1852.822592547487,1884.087856415551,1868.455224481519,66.21477551848102
TR-041539,2025-09-20,september,Flatbed,605.0,1361.74,1291.9937334774104,1292.8184654388679,1292.4060994581391,69.33390054186088
TR-041540,2025-09-20,september,Dry Van,1349.8,2654.53,2702.727654076578,2674.4706299657837,2688.599142021181,34.069142021180596
TR-041541,2025-09-20,september,Reefer,583.2,1578.66,1530.366715028805,1538.0727396114653,1534.219727320135,44.440272679865075
TR-041542,2025-09-20,september,Dry Van,1895.9,3639.45,3571.5530932722663,3546.558016626388,3559.0555549493274,80.3944450506724
TR-041543,2025-09-20,september,Dry Van,1074.4,2152.21,2186.4324234887135,2111.2594398198808,2148.845931654297,3.36406834570289
TR-041544,2025-09-20,september,Dry Van,283.4,660.37,664.4328065515717,700.8171221190571,682.6249643353144,22.254964335314412
TR-041545,2025-09-20,september,Flatbed,1664.0,3689.68,3568.9067776313145,3567.951998007521,3568.4293878194176,121.25061218058227
TR-041546,2025-09-20,september,Dry Van,256.9,647.45,646.5171568214854,676.3633592872229,661.4402580543542,13.990258054354172
TR-041547,2025-09-20,september,Flatbed,1172.8,2708.57,2468.0536007073156,2514.9302873822808,2491.4919440447984,217.07805595520176
TR-041548,2025-09-20,september,Reefer,487.5,1321.9,1241.4300558385216,1272.1917728384449,1256.8109143384831,65.08908566151695
TR-041549,2025-09-20,september,Flatbed,480.2,1267.57,1188.8824888248114,1202.5428044675978,1195.7126466462046,71.85735335379536
TR-041550,2025-09-20,september,Dry Van,470.7,1007.21,994.3968492382006,1039.1250601493157,1016.7609546937581,9.550954693758058
TR-041551,2025-09-20,september,Dry Van,565.7,1218.31,1205.1409524911933,1234.1723398131062,1219.6566461521497,1.3466461521497877
TR-041552,2025-09-20,september,Reefer,2041.7,4250.94,4220.841105218017,4094.8673548938555,4157.854230055937,93.08576994406303
TR-041553,2025-09-20,september,Dry Van,315.0,766.56,749.0493054719097,781.826591360008,765.4379484159589,1.1220515840410599
TR-041554,2025-09-20,september,Dry Van,546.7,1085.7,1094.9061276524371,1089.465336226077,1092.185731939257,6.485731939256993
TR-041555,2025-09-20,september,Flatbed,2133.6,4321.42,4116.138705209076,4069.759188081422,4092.9489466452487,228.47105335475135
TR-041556,2025-09-20,september,Reefer,922.4,2205.52,2103.449278138654,2085.738319695861,2094.593798917257,110.92620108274286
TR-041557,2025-09-20,september,Dry Van,215.1,594.54,582.909258427888,636.1944936215268,609.5518760247073,15.011876024707362
TR-041558,2025-09-20,september,Reefer,1081.8,2343.87,2396.430248306832,2341.037921909822,2368.7340851083272,24.864085108327345
TR-041559,2025-09-20,september,Dry Van,1692.7,3066.44,3107.3977319608703,3108.2259929006,3107.8118624307353,41.37186243073529
TR-041560,2025-09-20,september,Reefer,268.4,755.87,732.8153823813186,791.5568269487185,762.1861046650185,6.316104665018543
TR-041561,2025-09-20,september,Dry Van,999.3,2005.63,2012.6637081286763,2039.782196630799,2026.2229523797378,20.592952379737653
TR-041562,2025-09-20,september,Dry Van,2399.4,4423.86,4338.020197954738,4255.089294459467,4296.554746207103,127.30525379289702
TR-041563,2025-09-20,september,Flatbed,1072.8,2458.95,2345.113025350387,2272.5157710800577,2308.8143982152224,150.13560178477746
TR-041564,2025-09-20,september,Dry Van,1368.1,2676.11,2645.053577671786,2622.298138172415,2633.6758579221005,42.43414207789965
TR-041565,2025-09-20,september,Dry Van,208.1,553.31,537.4943196429458,626.373975438165,581.9341475405554,28.62414754055544
TR-041566,2025-09-20,september,Reefer,716.4,1702.75,1708.0472107728956,1725.4003827573931,1716.7237967651445,13.97379676514447
TR-041567,2025-09-20,september,Dry Van,2868.6,5494.02,5237.528898842921,5100.219353075479,5168.874125959201,325.14587404079975
TR-041568,2025-09-20,september,Dry Van,1065.7,2135.93,2084.9010743867007,2082.805624827585,2083.8533496071427,52.07665039285712
TR-041569,2025-09-20,september,Dry Van,974.0,1893.4,1857.1896499395739,1892.8885639016355,1875.0391069206048,18.360893079395282
TR-041570,2025-09-20,september,Dry Van,863.0,1672.18,1601.119585190433,1645.6740437311532,1623.3968144607932,48.7831855392069
TR-041571,2025-09-20,september,Dry Van,645.3,1326.94,1306.4756193662442,1316.3000217613435,1311.3878205637939,15.552179436206188
TR-041572,2025-09-20,september,Reefer,437.9,1097.05,1096.802613403674,1129.446574857142,1113.124594130408,16.07459413040806
TR-041573,2025-09-20,september,Dry Van,89.2,256.31,274.9283762438958,338.23272559712154,306.5805509205087,50.2705509205087
TR-041574,2025-09-20,september,Reefer,1205.6,2697.63,2641.969528314676,2607.0427974764652,2624.506162895571,73.12383710442919
TR-041575,2025-09-20,september,Reefer,2841.2,6062.73,5872.409714671991,5699.728013412333,5786.068864042162,276.66113595783736
TR-041576,2025-09-20,september,Flatbed,2109.6,4426.29,4226.238255341348,4058.268293662745,4142.253274502046,284.03672549795374
TR-041577,2025-09-20,september,Dry Van,2589.2,4436.16,4590.3967425431765,4370.30869327578,4480.352717909478,44.19271790947823
TR-041578,2025-09-20,september,Dry Van,290.3,752.64,751.412980433787,796.5644333147875,773.9887068742872,21.348706874287245
TR-041579,2025-09-20,september,Dry Van,2772.5,5132.62,5120.997495301575,4883.059855984024,5002.0286756427995,130.5913243572004
TR-041580,2025-09-20,september,Dry Van,953.0,1788.23,1720.3589897033662,1755.4607101872853,1737.9098499453257,50.320150054674286
TR-041581,2025-09-20,september,Dry Van,578.2,1207.23,1206.7162092134379,1224.325913796648,1215.5210615050428,8.291061505042762
TR-041582,2025-09-20,september,Dry Van,522.4,1156.91,1168.024443351662,1177.5790010305336,1172.8017221910977,15.891722191097642
TR-041583,2025-09-20,september,Reefer,805.2,1875.17,1828.589284692079,1817.4291093840557,1823.0091970380672,52.16080296193286
TR-041584,2025-09-20,september,Dry Van,1464.1,2800.54,2804.695657587838,2858.8473647678434,2831.7715111778407,31.23151117784073
TR-041585,2025-09-20,september,Dry Van,210.4,548.54,557.5825042473698,608.5454978440775,583.0640010457237,34.52400104572371
TR-041586,2025-09-20,september,Reefer,329.5,895.46,827.3975082773709,904.0111661535639,865.7043372154674,29.75566278453266
TR-041587,2025-09-20,september,Dry Van,241.1,584.9,590.3167713007576,652.7977423904681,621.5572568456129,36.65725684561289
TR-041588,2025-09-20,september,Dry Van,282.9,718.43,708.6871385350411,733.2668231683649,720.976980851703,2.546980851703097
TR-041589,2025-09-20,september,Dry Van,1466.4,2934.3,2959.392392061168,2982.064593705946,2970.728492883557,36.42849288355683
TR-041590,2025-09-20,september,Reefer,1061.3,2442.85,2374.9143961502846,2383.0400041865005,2378.9772001683923,63.87279983160761
TR-041591,2025-09-20,september,Flatbed,2046.8,4279.35,4084.0748583204604,4048.1233139731767,4066.0990861468185,213.25091385318183
TR-041592,2025-09-20,september,Dry Van,327.3,852.06,823.778808638528,868.896212315472,846.337510477,5.722489522999922
TR-041593,2025-09-20,september,Reefer,266.9,736.28,693.5658757178737,773.4601111261422,733.512993422008,2.7670065779919923
TR-041594,2025-09-20,september,Dry Van,712.4,1514.72,1539.852902714255,1566.5843480643612,1553.218625389308,38.49862538930802
TR-041595,2025-09-20,september,Reefer,775.9,1942.49,1899.4487982396436,1881.1897571743482,1890.3192777069958,52.170722293004246
TR-041596,2025-09-20,september,Dry Van,1102.7,2369.5,2307.868390070459,2300.845712749978,2304.3570514102184,65.14294858978155
TR-041597,2025-09-20,september,Reefer,1952.3,4329.3,4128.994209053352,4068.1721561512577,4098.583182602305,230.7168173976952
TR-041598,2025-09-20,september,Reefer,448.6,1129.4,1089.9990749228775,1100.079996263242,1095.0395355930598,34.36046440694031
TR-041599,2025-09-20,september,Flatbed,480.7,1146.01,1090.742789423896,1087.8109634300151,1089.2768764269556,56.733123573044395
TR-041600,2025-09-20,september,Dry Van,733.5,1556.84,1534.6206556803618,1553.103483631447,1543.8620696559044,12.977930344095512
TR-041601,2025-09-20,september,Dry Van,1408.4,2807.0,2761.72477502009,2745.1476966237387,2753.436235821914,53.563764178085876
TR-041602,2025-09-20,september,Dry Van,244.5,586.23,584.8354269990432,620.8041135681444,602.8197702835938,16.589770283593793
TR-041603,2025-09-20,september,Flatbed,572.1,1376.63,1338.2645154241322,1297.8188575833324,1318.0416865037323,58.5883134962678
TR-041604,2025-09-20,september,Reefer,1327.0,2990.48,2947.738198855831,2852.368078883411,2900.053138869621,90.42686113037917
TR-041605,2025-09-20,september,Flatbed,234.0,728.24,655.4280183401015,729.2288183148808,692.3284183274911,35.91158167250887
TR-041606,2025-09-20,september,Reefer,1997.3,4417.98,4274.919572630636,4196.862991795934,4235.891282213285,182.08871778671437
TR-041607,2025-09-20,september,Dry Van,502.1,1112.43,1067.7308746064675,1073.3939868561692,1070.5624307313183,41.86756926868179
TR-041608,2025-09-20,september,Dry Van,2387.0,4553.03,4484.303490589171,4343.074001930179,4413.688746259675,139.34125374032465
TR-041609,2025-09-20,september,Dry Van,2017.1,3737.08,3679.3551391895085,3628.7886246557155,3654.071881922612,83.00811807738773
TR-041610,2025-09-20,september,Reefer,1133.1,2595.85,2548.4087045833276,2499.2113175549052,2523.8100110691166,72.03998893088328
TR-041611,2025-09-20,september,Flatbed,1158.5,2428.37,2331.8028030012188,2305.345327519664,2318.5740652604413,109.79593473955856
TR-041612,2025-09-20,september,Dry Van,1087.9,2160.55,2033.1501011468574,2047.9132107272997,2040.5316559370785,120.01834406292164
TR-041613,2025-09-20,september,Reefer,2015.5,4399.61,4301.583101767301,4244.242834322007,4272.912968044654,126.69703195534566
TR-041614,2025-09-20,september,Dry Van,859.3,1804.25,1850.869729894829,1875.6534415744438,1863.2615857346364,59.011585734636355
TR-041615,2025-09-20,september,Flatbed,427.2,1108.08,1097.2029787888173,1120.9403357295532,1109.0716572591853,0.991657259185331
TR-041616,2025-09-20,september,Dry Van,2088.2,4005.68,3911.6839856632314,3820.263237980307,3865.9736118217693,139.70638817823055
TR-041617,2025-09-20,september,Dry Van,2517.6,4511.67,4466.159421626517,4346.841031690003,4406.50022665826,105.16977334174044
TR-041618,2025-09-20,september,Flatbed,395.2,1005.81,904.9881842791747,959.0354137870374,932.0117990331061,73.79820096689389
TR-041619,2025-09-20,september,Reefer,2128.2,4513.5,4365.255445607901,4348.518179968229,4356.886812788065,156.61318721193493
TR-041620,2025-09-20,september,Reefer,1232.8,2683.56,2646.694767460782,2554.489844350327,2600.5923059055544,82.9676940944455
TR-041621,2025-09-20,september,Dry Van,1113.3,2324.01,2269.5035150951053,2214.025267321146,2241.7643912081257,82.24560879187447
TR-041622,2025-09-20,september,Dry Van,2075.0,3985.25,3931.4308282694287,3818.769884516467,3875.100356392948,110.14964360705198
TR-041623,2025-09-20,september,Reefer,616.4,1504.04,1481.269730743265,1478.8263889711284,1480.0480598571967,23.991940142803287
TR-041624,2025-09-20,september,Flatbed,336.6,921.31,865.4371357421345,923.2090879244372,894.3231118332858,26.986888166714152
TR-041625,2025-09-20,september,Dry Van,648.5,1366.91,1345.4445461744122,1385.4425737890856,1365.4435599817489,1.4664400182512054
TR-041626,2025-09-20,september,Reefer,80.4,262.05,272.1720368518717,298.4013132414716,285.2866750466717,23.236675046671678
TR-041627,2025-09-20,september,Dry Van,270.5,661.66,647.2027772672151,698.2535977910879,672.7281875291515,11.068187529151487
TR-041628,2025-09-20,september,Dry Van,588.5,1324.49,1305.109685419312,1331.8280823434493,1318.4688838813806,6.021116118619375
TR-041629,2025-09-20,september,Flatbed,430.7,1087.21,1041.5711826596873,1091.2988178733704,1066.4350002665287,20.774999733471304
TR-041630,2025-09-20,september,Dry Van,825.4,1725.11,1709.1384137926445,1738.513053629629,1723.8257337111368,1.2842662888631367
TR-041631,2025-09-20,september,Dry Van,789.0,1676.07,1659.5271576873295,1729.8959574278924,1694.7115575576108,18.641557557610895
TR-041632,2025-09-20,september,Reefer,2871.4,5941.62,5807.0135990782055,5658.244232436611,5732.628915757408,208.99108424259157
TR-041633,2025-09-20,september,Flatbed,1478.2,3017.66,2974.4763228318625,2959.1674339832634,2966.821878407563,50.83812159243689
TR-041634,2025-09-21,september,Reefer,1561.9,3611.88,3496.178061736376,3510.594338638539,3503.3862001874577,108.49379981254242
TR-041635,2025-09-21,september,Flatbed,1145.1,2498.49,2338.0214609805844,2375.4358042878926,2356.7286326342382,141.76136736576154
TR-041636,2025-09-21,september,Flatbed,1057.8,2310.62,2239.94643380823,2190.0267832259824,2214.986608517106,95.63339148289378
TR-041637,2025-09-21,september,Dry Van,2084.3,3946.83,3863.617737359713,3795.0063903152136,3829.312063837463,117.5179361625369
TR-041638,2025-09-21,september,Dry Van,1957.1,3480.52,3470.3032261427047,3453.035285795154,3461.669255968929,18.850744031070917
TR-041639,2025-09-21,september,Flatbed,230.1,656.64,644.2239976989594,699.4109297284294,671.8174637136945,15.177463713694465
TR-041640,2025-09-21,september,Flatbed,445.0,1150.42,1123.7616759033629,1139.3273303807277,1131.5445031420454,18.87549685795466
TR-041641,2025-09-21,september,Flatbed,1022.9,2309.66,2164.924523056283,2146.8872526692335,2155.9058878627584,153.75411213724146
TR-041642,2025-09-21,september,Dry Van,501.8,1091.36,1068.1079784554584,1088.6483257851805,1078.3781521203196,12.981847879680345
TR-041643,2025-09-21,september,Dry Van,1913.5,3456.18,3511.102081480019,3445.6261481873958,3478.3641148337074,22.184114833707554
TR-041644,2025-09-21,september,Dry Van,498.1,1183.78,1132.4599220834998,1171.1901115814871,1151.8250168324935,31.954983167506498
TR-041645,2025-09-21,september,Reefer,2091.3,4502.92,4408.653693592407,4329.659307572485,4369.156500582446,133.76349941755416
TR-041646,2025-09-21,september,Dry Van,441.4,937.58,936.3632595163,972.2041153449911,954.2836874306456,16.703687430645573
TR-041647,2025-09-21,september,Flatbed,1774.9,3646.07,3556.024380884142,3466.1097351696944,3511.067058026918,135.00294197308222
TR-041648,2025-09-21,september,Reefer,187.6,581.09,560.6099370933509,627.4708483577308,594.0403927255409,12.950392725540837
TR-041649,2025-09-21,september,Dry Van,1182.8,2297.22,2234.7798911629216,2243.621585298643,2239.200738230782,58.01926176921779
TR-041650,2025-09-21,september,Reefer,435.2,1193.08,1168.6373805162038,1222.9028319718423,1195.770106244023,2.690106244023127
TR-041651,2025-09-21,september,Flatbed,710.3,1740.18,1692.555905966986,1681.1972459185254,1686.8765759427556,53.303424057244456
TR-041652,2025-09-21,september,Reefer,1369.5,3074.08,3054.932525301404,3000.05026792806,3027.491396614732,46.588603385268016
TR-041653,2025-09-21,september,Reefer,439.7,1143.9,1103.3589811783193,1138.7046978551398,1121.0318395167296,22.868160483270458
TR-041654,2025-09-21,september,Dry Van,1042.9,1957.77,1983.9293087476108,1979.0350482778404,1981.4821785127256,23.712178512725586
TR-041655,2025-09-21,september,Dry Van,121.1,365.4,366.33724009817496,406.5608417913752,386.4490409447751,21.04904094477513
TR-041656,2025-09-21,september,Flatbed,951.7,2169.77,2104.8201144466593,2138.8799190234454,2121.850016735052,47.91998326494786
TR-041657,2025-09-21,september,Flatbed,819.3,1898.38,1838.5898191539973,1832.9332462481548,1835.761532701076,62.61846729892409
TR-041658,2025-09-21,september,Dry Van,919.3,1971.85,1911.773417281074,1898.7751340353911,1905.2742756582325,66.57572434176745
TR-041659,2025-09-21,september,Flatbed,321.5,800.84,764.1812893937278,800.5207694620326,782.3510294278801,18.48897057211991
TR-041660,2025-09-21,september,Flatbed,332.8,807.9,765.2321741347342,808.6763585258154,786.9542663302748,20.9457336697252
TR-041661,2025-09-21,september,Reefer,182.5,554.99,507.50547355426573,596.246421712548,551.8759476334069,3.114052366593114
TR-041662,2025-09-21,september,Dry Van,1168.4,2382.06,2409.9021579982855,2390.1256569228376,2400.0139074605613,17.953907460561368
TR-041663,2025-09-21,september,Dry Van,539.7,1220.3,1194.5580311566055,1226.3569461458721,1210.4574886512387,9.842511348761263
TR-041664,2025-09-21,september,Dry Van,655.5,1360.17,1315.1114602984615,1326.734356820899,1320.9229085596803,39.247091440319764
TR-041665,2025-09-21,september,Dry Van,1086.7,2162.8,2069.8556089044555,2044.370260891914,2057.112934898185,105.68706510181528
TR-041666,2025-09-21,september,Dry Van,1114.2,2239.01,2250.4158578760535,2186.06850060505,2218.2421792405516,20.76782075944857
TR-041667,2025-09-21,september,Reefer,1981.7,4080.25,3989.405546747243,3915.1507908493495,3952.278168798296,127.97183120170394
TR-041668,2025-09-21,september,Dry Van,871.4,1752.55,1715.1925934500593,1750.7381444321254,1732.9653689410925,19.584631058907462
TR-041669,2025-09-21,september,Dry Van,251.6,584.89,578.6360913064068,615.7865727440883,597.2113320252475,12.321332025247557
TR-041670,2025-09-21,september,Reefer,1489.5,3304.89,3196.637925075085,3153.982250129035,3175.31008760206,129.57991239794
TR-041671,2025-09-21,september,Dry Van,2270.9,4233.74,4146.284958249478,3953.354019993845,4049.8194891216617,183.92051087833806
TR-041672,2025-09-21,september,Reefer,709.7,1661.42,1631.9746637003243,1672.98744348644,1652.481053593382,8.938946406618015
TR-041673,2025-09-21,september,Flatbed,327.6,828.15,795.8054155351722,823.9806661921543,809.8930408636633,18.256959136336718
TR-041674,2025-09-21,september,Dry Van,847.6,1868.09,1813.6597732964467,1855.7835782123873,1834.721675754417,33.368324245582926
TR-041675,2025-09-21,september,Flatbed,689.0,1767.74,1640.1217905466995,1621.3389585151294,1630.7303745309146,137.00962546908545
TR-041676,2025-09-21,september,Reefer,588.6,1491.52,1443.9725202535005,1441.9981960861987,1442.9853581698496,48.53464183015035
TR-041677,2025-09-21,september,Dry Van,1208.9,2551.97,2549.293867514277,2475.9350929260454,2512.614480220161,39.35551977983869
TR-041678,2025-09-21,september,Dry Van,2028.9,3696.45,3597.151177208056,3562.821790459435,3579.9864838337453,116.46351616625452
TR-041679,2025-09-21,september,Dry Van,1775.6,3427.37,3399.9852988281978,3358.133287858445,3379.0592933433213,48.310706656678576
TR-041680,2025-09-21,september,Reefer,1004.5,2493.86,2373.211278747499,2371.9580479931496,2372.584663370324,121.27533662967608
TR-041681,2025-09-21,september,Dry Van,1721.7,3252.12,3155.6872136316547,3180.727158884191,3168.207186257923,83.9128137420771
TR-041682,2025-09-21,september,Flatbed,2297.9,4953.89,4640.047866367561,4721.385215202089,4680.716540784825,273.17345921517517
TR-041683,2025-09-21,september,Flatbed,634.3,1398.23,1341.284114041254,1360.4909301685584,1350.887522104906,47.34247789509391
TR-041684,2025-09-21,september,Reefer,2921.2,5882.21,5788.228794844204,5558.732585080832,5673.480689962518,208.7293100374818
TR-041685,2025-09-21,september,Flatbed,1543.5,3113.17,3129.9878782193955,3050.3983561207615,3090.1931171700785,22.97688282992158
TR-041686,2025-09-21,september,Dry Van,76.1,216.43,229.05487253023597,277.5825740512282,253.3187232907321,36.88872329073209
TR-041687,2025-09-21,september,Flatbed,879.7,2108.16,2073.5690664539293,2043.907325434436,2058.7381959441827,49.42180405581712
TR-041688,2025-09-21,september,Flatbed,2410.9,4976.59,4807.256899814885,4747.334628117887,4777.295763966386,199.29423603361374
TR-041689,2025-09-21,september,Flatbed,382.1,924.23,833.0080516600938,925.5112029311024,879.2596272955981,44.97037270440194
TR-041690,2025-09-21,september,Dry Van,2384.0,4553.9,4423.029909224545,4404.393772666348,4413.711840945447,140.18815905455267
TR-041691,2025-09-21,september,Dry Van,1685.9,3217.01,3104.992247096953,3051.8863523132795,3078.4392997051164,138.57070029488386
TR-041692,2025-09-21,september,Dry Van,1757.7,3269.56,3197.3759991643956,3164.8112840479134,3181.0936416061545,88.46635839384544
TR-041693,2025-09-21,september,Reefer,1952.6,4026.29,4020.0776313495103,3949.5084588297123,3984.793045089611,41.49695491038892
TR-041694,2025-09-21,september,Dry Van,1334.6,2725.13,2659.248108188162,2650.6507016662235,2654.9494049271925,70.18059507280759
TR-041695,2025-09-21,september,Reefer,2193.5,4748.45,4607.666013579666,4542.281496506195,4574.973755042931,173.47624495706896
TR-041696,2025-09-21,september,Dry Van,1334.5,2479.52,2400.144554398186,2439.1894311425644,2419.666992770375,59.853007229624836
TR-041697,2025-09-21,september,Flatbed,593.7,1515.47,1407.216784458884,1408.4510256100284,1407.8339050344562,107.63609496554386
TR-041698,2025-09-21,september,Dry Van,642.5,1345.26,1284.4908447827931,1322.2827616124898,1303.3868031976415,41.87319680235851
TR-041699,2025-09-21,september,Dry Van,1504.5,2784.94,2739.8657595395766,2735.660438489518,2737.763099014547,47.1769009854529
TR-041700,2025-09-21,september,Dry Van,1923.2,3667.95,3697.915494664388,3591.558955682586,3644.737225173487,23.21277482651294
TR-041701,2025-09-21,september,Dry Van,1284.1,2487.79,2404.94400291791,2468.9252032385784,2436.9346030782444,50.85539692175553
TR-041702,2025-09-21,september,Dry Van,401.7,911.59,883.1580564676275,903.1722053030642,893.1651308853459,18.424869114654143
TR-041703,2025-09-21,september,Dry Van,414.4,936.36,901.9791721187047,960.3439434379111,931.161557778308,5.198442221692062
TR-041704,2025-09-21,september,Reefer,750.4,1881.04,1899.5290283483566,1846.851874113137,1873.190451230747,7.849548769253033
TR-041705,2025-09-21,september,Dry Van,3198.5,5700.34,5738.023200643786,5482.442674360505,5610.232937502145,90.10706249785471
TR-041706,2025-09-21,september,Dry Van,528.8,1022.08,1059.9890460747397,1062.6208303923472,1061.3049382335435,39.22493823354341
TR-041707,2025-09-21,september,Flatbed,239.4,683.1,628.164720105186,702.2533866316853,665.2090533684357,17.89094663156436
TR-041708,2025-09-21,september,Dry Van,826.5,1709.29,1648.373510658757,1694.4298454455504,1671.4016780521538,37.88832194784618
TR-041709,2025-09-21,september,Dry Van,1141.1,2231.98,2144.3077850835366,2177.6862853354974,2160.997035209517,70.98296479048304
TR-041710,2025-09-21,september,Flatbed,559.5,1377.14,1324.987217595836,1317.3183257937508,1321.1527716947935,55.9872283052066
TR-041711,2025-09-21,september,Reefer,2079.3,4268.96,4206.719448035447,4177.862317909725,4192.290882972586,76.66911702741436
TR-041712,2025-09-21,september,Flatbed,2637.4,5070.8,4851.843809076802,4792.697345572123,4822.2705773244625,248.52942267553772
TR-041713,2025-09-21,september,Reefer,915.9,2103.34,2117.875213111575,2095.7175576556965,2106.7963853836354,3.456385383635279
TR-041714,2025-09-21,september,Dry Van,2338.7,4051.87,4156.529792518015,3999.134557922895,4077.8321752204547,25.96217522045481
TR-041715,2025-09-21,september,Dry Van,556.9,1161.23,1139.4182541135456,1154.4252570085628,1146.9217555610542,14.308244438945849
TR-041716,2025-09-21,september,Dry Van,595.9,1373.05,1305.1942591844663,1323.256659420286,1314.2254593023763,58.82454069762366
TR-041717,2025-09-21,september,Flatbed,951.8,2122.07,1974.4801067146893,2035.0211575084754,2004.7506321115825,117.31936788841767
TR-041718,2025-09-21,september,Flatbed,544.4,1254.13,1237.5504768359106,1193.6771851357255,1215.613830985818,38.516169014182196
TR-041719,2025-09-21,september,Reefer,1194.9,2906.25,2806.4071657127,2760.152150366501,2783.2796580396007,122.97034196039931
TR-041720,2025-09-21,september,Flatbed,3050.4,5931.87,5748.758534398092,5490.377120991698,5619.567827694895,312.30217230510516
TR-041721,2025-09-21,september,Dry Van,324.1,244.71,800.0316851721117,856.8611651166348,828.4464251443733,583.7364251443732
TR-041722,2025-09-21,september,Dry Van,3153.9,5709.8,5905.662438150948,5624.484512349458,5765.073475250203,55.273475250202864
TR-041723,2025-09-21,september,Reefer,1016.6,2386.8,2298.3978781913056,2271.980496445348,2285.1891873183267,101.61081268167345
TR-041724,2025-09-21,september,Dry Van,2166.9,4134.62,4052.0449501500025,3940.924022677582,3996.484486413792,138.1355135862077
TR-041725,2025-09-21,september,Dry Van,874.1,1916.49,1872.5275845020449,1895.5147746412686,1884.0211795716568,32.46882042834318
TR-041726,2025-09-21,september,Flatbed,1807.7,3923.46,3687.9880880077444,3617.4123340962533,3652.700211051999,270.7597889480012
TR-041727,2025-09-21,september,Dry Van,1853.0,3419.89,3361.9702366169395,3412.256428869827,3387.113332743383,32.77666725661675
TR-041728,2025-09-21,september,Dry Van,1235.6,2421.49,2390.186314638772,2396.780670684227,2393.4834926614994,28.00650733850034
TR-041729,2025-09-21,september,Dry Van,338.5,762.33,764.3496610897245,796.1098375527058,780.2297493212152,17.899749321215154
TR-041730,2025-09-21,september,Dry Van,500.2,1108.34,1065.3359064339506,1078.0252932005747,1071.6805998172626,36.65940018273727
TR-041731,2025-09-21,september,Reefer,1044.0,2406.81,2387.322160602481,2386.263011419236,2386.7925860108585,20.01741398914146
TR-041732,2025-09-21,september,Flatbed,2638.5,5554.59,5186.826447779739,5062.105668893831,5124.466058336785,430.1239416632152
TR-041733,2025-09-21,september,Dry Van,488.3,1091.14,1065.82243838617,1107.1710960496766,1086.4967672179232,4.643232782076893
TR-041734,2025-09-21,september,Reefer,536.0,1422.21,1373.8988685004936,1362.8571352023905,1368.3780018514421,53.83199814855789
TR-041735,2025-09-21,september,Flatbed,1215.1,2632.12,2560.6934488599686,2591.2534733155862,2575.9734610877777,56.14653891222224
TR-041736,2025-09-21,september,Dry Van,1825.4,3352.84,3354.063260946819,3366.6291771377228,3360.3462190422706,7.506219042270459
TR-041737,2025-09-21,september,Reefer,1992.2,4540.34,4250.8467587035,4146.481455837714,4198.664107270607,341.6758927293931
TR-041738,2025-09-21,september,Reefer,1555.8,3564.41,3484.4255777404924,3451.8546178017127,3468.140097771103,96.26990222889708
TR-041739,2025-09-21,september,Dry Van,919.7,1698.54,1744.5626473258324,1742.5824895602163,1743.5725684430245,45.0325684430245
TR-041740,2025-09-21,september,Dry Van,1015.5,2008.12,2016.6277600827593,2061.0976235113594,2038.8626917970594,30.74269179705948
TR-041741,2025-09-21,september,Dry Van,2794.9,4920.08,5021.188552511475,4809.167989944939,4915.178271228207,4.901728771792477
TR-041742,2025-09-21,september,Reefer,953.9,2146.69,2076.667385684464,2087.1850332580284,2081.9262094712462,64.76379052875382
TR-041743,2025-09-21,september,Dry Van,1677.2,3160.7,3069.9416780922124,3148.072303142647,3109.0069906174294,51.69300938257038
TR-041744,2025-09-21,september,Dry Van,2753.6,4976.74,5022.2188877493645,4845.784049722647,4934.001468736005,42.738531263994446
TR-041745,2025-09-21,september,Dry Van,844.8,1719.66,1751.9623118979048,1764.5884891900992,1758.275400544002,38.615400544001886
TR-041746,2025-09-21,september,Dry Van,687.8,1466.84,1427.5271603357764,1441.6327637506665,1434.5799620432215,32.26003795677843
TR-041747,2025-09-21,september,Reefer,192.6,597.35,556.4226663290418,634.9471855520082,595.6849259405251,1.6650740594749323
TR-041748,2025-09-21,september,Flatbed,136.6,435.75,396.6106073338168,473.4081994476189,435.00940339071786,0.7405966092821359
TR-041749,2025-09-21,september,Flatbed,781.2,1883.43,1769.4207234988328,1715.5799463267972,1742.500334912815,140.92966508718496
TR-041750,2025-09-21,september,Reefer,1702.9,3765.88,3728.503113956805,3710.4160195920304,3719.459566774418,46.4204332255822
TR-041751,2025-09-21,september,Dry Van,546.2,1181.13,1151.7839903486724,1123.644531611978,1137.7142609803252,43.4157390196749
TR-041752,2025-09-21,september,Dry Van,1290.4,2585.03,2570.988709229287,2532.7652901476745,2551.8769996884807,33.15300031151946
TR-041753,2025-09-21,september,Flatbed,2859.2,5593.05,5403.966772948404,5246.936546877907,5325.451659913155,267.5983400868454
TR-041754,2025-09-21,september,Reefer,1368.8,2872.83,2936.0729570426483,2847.9597151447224,2892.0163360936854,19.18633609368544
TR-041755,2025-09-21,september,Dry Van,568.5,1243.64,1245.8785692084589,1259.5164733391528,1252.6975212738057,9.057521273805605
TR-041756,2025-09-21,september,Dry Van,500.8,1191.99,1154.2328768914015,1196.214284988126,1175.223580939764,16.766419060236103
TR-041757,2025-09-21,september,Dry Van,1823.0,3622.66,3531.2344351254324,3508.722132017897,3519.9782835716646,102.68171642833522
TR-041758,2025-09-21,september,Dry Van,2392.1,4224.72,4258.6788214844355,4178.015115773912,4218.346968629174,6.3730313708265385
TR-041759,2025-09-21,september,Dry Van,2101.0,3774.79,3837.851264054183,3751.766600630688,3794.8089323424356,20.01893234243562
TR-041760,2025-09-21,september,Dry Van,416.2,983.11,992.390374367979,1010.4702903200437,1001.4303323440113,18.320332344011263
TR-041761,2025-09-21,september,Dry Van,2233.9,4238.58,4217.249040820904,4072.953743294969,4145.101392057937,93.47860794206281
TR-041762,2025-09-21,september,Reefer,3056.4,6531.29,6066.6525414480675,5985.427842479111,6026.04019196359,505.2498080364103
TR-041763,2025-09-21,september,Reefer,455.2,1214.44,1177.8159622096437,1216.4376839017136,1197.1268230556786,17.313176944321413
TR-041764,2025-09-21,september,Flatbed,704.7,1597.77,1583.022407122495,1565.9538100475165,1574.4881085850056,23.281891414994334
TR-041765,2025-09-21,september,Dry Van,1295.2,2476.39,2427.8175267020265,2470.1929901913945,2449.0052584467103,27.384741553289587
TR-041766,2025-09-21,september,Dry Van,1333.8,2612.5,2587.4831660412333,2570.9372187597246,2579.210192400479,33.28980759952083
TR-041767,2025-09-21,september,Flatbed,244.1,664.97,616.4992084686961,685.6055722214783,651.0523903450871,13.917609654912894
TR-041768,2025-09-21,september,Dry Van,2370.5,4338.34,4412.637428777232,4258.7907544689315,4335.714091623082,2.6259083769182325
TR-041769,2025-09-21,september,Flatbed,1523.6,3287.49,3194.719506218024,3182.69168891455,3188.705597566287,98.78440243371278
TR-041770,2025-09-21,september,Reefer,927.3,2040.68,1992.5085869079244,2006.4685404064248,1999.4885636571746,41.191436342825455
TR-041771,2025-09-21,september,Dry Van,1222.2,2381.44,2367.203816501095,2407.9658667608987,2387.584841630997,6.14484163099678
TR-041772,2025-09-21,september,Reefer,1239.6,2836.21,2791.872395242246,2774.5617214329513,2783.2170583375987,52.992941662401336
TR-041773,2025-09-21,september,Reefer,1509.7,3438.75,3295.4393607145257,3242.9439324325513,3269.1916465735385,169.5583534264615
TR-041774,2025-09-21,september,Flatbed,1263.8,2846.57,2725.933119970917,2672.140012658525,2699.036566314721,147.5334336852793
TR-041775,2025-09-21,september,Dry Van,892.4,1924.08,1891.0663389480635,1899.8934568393731,1895.4798978937183,28.60010210628161
TR-041776,2025-09-21,september,Dry Van,1511.8,3085.65,3089.750031786563,3053.516453054428,3071.6332424204957,14.016757579504429
TR-041777,2025-09-21,september,Dry Van,2296.6,4135.69,4123.970349278335,4076.979228376576,4100.474788827455,35.215211172544514
TR-041778,2025-09-21,september,Reefer,2087.4,4199.58,4115.683981465907,3996.764240316313,4056.2241108911103,143.35588910888964
TR-041779,2025-09-21,september,Dry Van,184.2,460.98,449.53128322693357,511.97496400000273,480.7531236134681,19.7731236134681
TR-041780,2025-09-21,september,Reefer,362.7,998.75,971.2301411042108,1030.327843862776,1000.7789924834934,2.0289924834934254
TR-041781,2025-09-21,september,Dry Van,1428.8,2684.0,2729.64210815751,2696.1656471766146,2712.9038776670623,28.90387766706226
TR-041782,2025-09-21,september,Dry Van,2001.4,3891.27,3850.474111452355,3766.6991743500766,3808.586642901216,82.6833570987842
TR-041783,2025-09-21,september,Reefer,729.0,1745.97,1727.2252668323226,1706.2528120400943,1716.7390394362085,29.23096056379154
TR-041784,2025-09-21,september,Reefer,2782.2,5583.52,5546.787432758346,5303.414621478727,5425.101027118537,158.41897288146356
TR-041785,2025-09-21,september,Dry Van,333.7,806.69,783.4972140267439,851.4048877190271,817.4510508728855,10.761050872885448
TR-041786,2025-09-21,september,Reefer,1350.9,2945.77,2948.084245904529,2936.2787366327075,2942.181491268618,3.5885087313818076
TR-041787,2025-09-21,september,Dry Van,329.1,847.94,836.1942688587986,875.0763890744661,855.6353289666324,7.69532896663236
TR-041788,2025-09-21,september,Dry Van,1978.2,3704.41,3623.4006435314727,3555.6383247351514,3589.5194841333123,114.89051586668756
TR-041789,2025-09-21,september,Dry Van,825.0,1772.5,1736.1199740061163,1774.8326007422932,1755.4762873742047,17.02371262579527
TR-041790,2025-09-21,september,Dry Van,1802.0,3563.18,3523.0114154487837,3460.7990460131286,3491.905230730956,71.27476926904365
TR-041791,2025-09-21,september,Flatbed,1657.0,3667.32,3523.61782986672,3502.104847081553,3512.8613384741366,154.4586615258636
TR-041792,2025-09-21,september,Dry Van,1094.1,2291.91,2163.9350113355677,2137.821711210616,2150.8783612730917,141.0316387269081
TR-041793,2025-09-21,september,Dry Van,1165.9,2359.67,2326.232697541573,2324.488048531138,2325.3603730363557,34.309626963644405
TR-041794,2025-09-21,september,Dry Van,1413.5,2850.44,2815.067867256543,2833.3403118805068,2824.204089568525,26.235910431475077
TR-041795,2025-09-21,september,Dry Van,1236.6,2392.66,2351.9859755421135,2349.125762304777,2350.555868923445,42.10413107655495
TR-041796,2025-09-21,september,Reefer,184.4,512.08,451.4375291760094,517.4932748792726,484.46540202764095,27.614597972359093
TR-041797,2025-09-21,september,Reefer,2194.4,4363.74,4308.926363449321,4265.2784590568735,4287.102411253098,76.63758874690211
TR-041798,2025-09-21,september,Dry Van,307.7,748.37,764.1710460301023,795.4958016865467,779.8334238583245,31.463423858324518
TR-041799,2025-09-21,september,Dry Van,1113.4,2177.89,2213.9561211628284,2196.333119284637,2205.144620223733,27.254620223733127
TR-041800,2025-09-21,september,Dry Van,1170.5,2376.16,2411.1726137248734,2391.5752597029914,2401.3739367139324,25.213936713932526
TR-041801,2025-09-21,september,Dry Van,828.0,1699.23,1689.183692860858,1723.2185068673684,1706.201099864113,6.971099864113057
TR-041802,2025-09-21,september,Dry Van,534.8,1215.54,1205.5536742401048,1255.397256301701,1230.475465270903,14.935465270903023
TR-041803,2025-09-21,september,Dry Van,2093.9,3766.9,3781.926387523396,3694.8059709408153,3738.3661792321054,28.533820767894667
TR-041804,2025-09-22,september,Flatbed,954.9,2128.56,1990.6647780148576,2036.8128500155779,2013.7388140152177,114.82118598478223
TR-041805,2025-09-22,september,Dry Van,646.4,1392.33,1360.7425873864076,1392.0351425452823,1376.388864965845,15.941135034154968
TR-041806,2025-09-22,september,Dry Van,1842.3,3440.26,3407.9621442929456,3379.6748652868046,3393.818504789875,46.44149521012514
TR-041807,2025-09-22,september,Dry Van,2218.0,4046.17,4138.722389027335,3956.5662084260343,4047.6442987266846,1.4742987266845375
TR-041808,2025-09-22,september,Dry Van,733.6,1540.67,1552.9620805924806,1577.0231537739674,1564.992617183224,24.322617183223883
TR-041809,2025-09-22,september,Dry Van,2131.4,3878.45,3943.5776529837162,3866.331651635858,3904.954652309787,26.50465230978716
TR-041810,2025-09-22,september,Dry Van,756.3,1538.05,1554.703708486658,1537.311783130058,1546.0077458083579,7.957745808357913
TR-041811,2025-09-22,september,Dry Van,734.0,1544.91,1525.9682136973881,1517.9606601026424,1521.9644369000152,22.945563099984838
TR-041812,2025-09-22,september,Reefer,2083.1,4597.18,4361.330239636053,4311.0279661738805,4336.179102904967,261.000897095033
TR-041813,2025-09-22,september,Reefer,1158.1,2531.03,2535.6612804320152,2488.46040478421,2512.0608426081126,18.96915739188762
TR-041814,2025-09-22,september,Dry Van,446.5,976.23,967.3960548511399,978.4881623512085,972.9421086011741,3.2878913988258773
TR-041815,2025-09-22,september,Reefer,1060.5,2554.85,2421.1904682809854,2461.3939409449345,2441.2922046129597,113.55779538704019
TR-041816,2025-09-22,september,Dry Van,1029.0,2158.7,2115.5018615744043,2089.850771621309,2102.6763165978564,56.02368340214343
TR-041817,2025-09-22,september,Dry Van,1178.7,2347.09,2343.7952423915513,2300.6049096037054,2322.200075997628,24.889924002372027
TR-041818,2025-09-22,september,Flatbed,120.9,375.07,349.28524057130943,419.61264825012813,384.4489444107188,9.378944410718816
TR-041819,2025-09-22,september,Dry Van,417.6,923.27,897.4899234876787,932.1137641237865,914.8018438057326,8.468156194267408
TR-041820,2025-09-22,september,Dry Van,210.8,555.39,568.1869083740575,604.3402641742641,586.2635862741608,30.873586274160857
TR-041821,2025-09-22,september,Reefer,1121.6,2538.88,2490.9227773657803,2437.321502093834,2464.1221397298073,74.75786027019285
TR-041822,2025-09-22,september,Reefer,554.8,1378.44,1347.4970189140433,1377.3771215061004,1362.4370702100719,16.002929789928203
TR-041823,2025-09-22,september,Dry Van,202.5,501.37,503.7026571376911,557.702339957558,530.7024985476246,29.332498547624596
TR-041824,2025-09-22,september,Dry Van,1527.1,2992.86,2928.9990425735787,2972.216592930699,2950.6078177521385,42.25218224786158
TR-041825,2025-09-22,september,Reefer,483.4,1204.25,1184.5586215909384,1219.5143387092753,1202.0364801501069,2.213519849893146
TR-041826,2025-09-22,september,Reefer,2541.4,5426.58,5264.985476673915,5051.4148600678855,5158.2001683709,268.3798316290995
TR-041827,2025-09-22,september,Dry Van,434.1,1048.6,1048.1765472681914,1073.8556920457174,1061.0161196569543,12.416119656954379
TR-041828,2025-09-22,september,Dry Van,1445.9,2931.57,2882.294825712677,2882.328109449295,2882.3114675809857,49.2585324190145
TR-041829,2025-09-22,september,Dry Van,481.1,1099.07,1092.6947378932139,1099.9339063817301,1096.3143221374721,2.7556778625278184
TR-041830,2025-09-22,september,Reefer,1302.8,2775.61,2776.9118836571834,2732.7822585905665,2754.847071123875,20.762928876124988
TR-041831,2025-09-22,september,Dry Van,261.7,633.76,630.3109394764169,672.7479817274289,651.5294606019229,17.7694606019229
TR-041832,2025-09-22,september,Dry Van,1055.3,2098.04,2110.776498834701,2070.794048736677,2090.7852737856892,7.254726214310722
TR-041833,2025-09-22,september,Reefer,820.4,1851.74,1832.1381539909332,1834.512902460623,1833.3255282257783,18.414471774221738
TR-041834,2025-09-22,september,Reefer,542.8,1355.55,1338.257325268508,1328.3999851533874,1333.3286552109478,22.221344789052182
TR-041835,2025-09-22,september,Dry Van,788.3,1625.53,1582.235670538456,1658.8440384799749,1620.5398545092153,4.990145490784698
TR-041836,2025-09-22,september,Dry Van,517.5,1125.97,1131.2136257492868,1142.5230882017086,1136.8683569754976,10.898356975497563
TR-041837,2025-09-22,september,Dry Van,1082.3,2152.81,2098.0007656330595,2068.018857985,2083.00981180903,69.80018819096995
TR-041838,2025-09-22,september,Reefer,369.5,983.53,967.2106559302601,991.9518285498377,979.5812422400489,3.948757759951036
TR-041839,2025-09-22,september,Dry Van,989.9,1939.61,1945.0526414515496,1957.5039618845776,1951.2783016680637,11.668301668063805
TR-041840,2025-09-22,september,Dry Van,1446.8,2691.8,2744.8840612904573,2825.8284495179896,2785.3562554042237,93.55625540422352
TR-041841,2025-09-22,september,Reefer,699.5,1628.59,1606.0462884937763,1575.4255815407325,1590.7359350172544,37.85406498274551
TR-041842,2025-09-22,september,Dry Van,820.5,1699.49,1712.1236592307,1724.1148544056548,1718.1192568181773,18.629256818177282
TR-041843,2025-09-22,september,Reefer,369.8,959.92,913.9682880874475,953.8729919451102,933.9206400162789,25.999359983721092
TR-041844,2025-09-22,september,Dry Van,764.8,1496.18,1521.6423066498191,1523.6478237638016,1522.6450652068104,26.465065206810323
TR-041845,2025-09-22,september,Reefer,1948.7,4098.74,3998.66169276578,3886.8720595142913,3942.7668761400355,155.9731238599643
TR-041846,2025-09-22,september,Dry Van,1509.7,2928.12,2851.7629418091033,2868.777749449297,2860.2703456292,67.84965437079973
TR-041847,2025-09-22,september,Flatbed,2662.5,5214.68,5029.058239710573,4817.581523171497,4923.319881441035,291.36011855896504
TR-041848,2025-09-22,september,Dry Van,965.4,1920.81,1916.5828054559172,1926.593562824553,1921.5881841402352,0.7781841402352256
TR-041849,2025-09-22,september,Dry Van,681.2,1342.0,1344.469371702451,1371.0938967875893,1357.78163424502,15.781634245020086
TR-041850,2025-09-22,september,Dry Van,131.7,373.78,373.90005138117135,411.4266816011966,392.663366491184,18.883366491184006
TR-041851,2025-09-22,september,Reefer,844.7,1977.64,1902.7688766372398,1898.877976618353,1900.8234266277964,76.81657337220372
TR-041852,2025-09-22,september,Dry Van,390.0,898.29,852.2343354036398,908.7775993160578,880.5059673598488,17.784032640151167
TR-041853,2025-09-22,september,Reefer,828.7,2004.53,1925.1504438227325,1932.5399929916714,1928.845218407202,75.68478159279789
TR-041854,2025-09-22,september,Dry Van,282.2,748.0,754.0732103981518,770.5390271649085,762.3061187815301,14.306118781530131
TR-041855,2025-09-22,september,Flatbed,2202.0,4486.44,4241.273440619658,4184.600390350832,4212.936915485245,273.50308451475485
TR-041856,2025-09-22,september,Dry Van,530.3,1113.48,1106.5758852997328,1119.3933837830343,1112.9846345413835,0.4953654586165612
TR-041857,2025-09-22,september,Dry Van,1759.8,3244.08,3218.5342997613366,3270.0385774084607,3244.286438584899,0.2064385848989332
TR-041858,2025-09-22,september,Dry Van,622.0,1349.6,1348.8819674455117,1363.5506581059485,1356.21631277573,6.616312775730194
TR-041859,2025-09-22,september,Reefer,697.5,1733.25,1703.8412562316596,1671.7210698453096,1687.7811630384845,45.468836961515535
TR-041860,2025-09-22,september,Dry Van,2469.9,4679.78,4616.589670500537,4493.30442803221,4554.947049266373,124.8329507336266
TR-041861,2025-09-22,september,Reefer,594.4,1549.59,1519.6042607812992,1522.1632690741067,1520.883764927703,28.706235072296977
TR-041862,2025-09-22,september,Reefer,761.1,1817.52,1767.1721354181593,1726.0939092725048,1746.633022345332,70.88697765466804
TR-041863,2025-09-22,september,Dry Van,1223.6,2398.51,2385.4743098520535,2395.44999333891,2390.462151595482,8.04784840451839
TR-041864,2025-09-22,september,Reefer,1050.4,2497.67,2460.9830532325923,2464.980327383657,2462.9816903081246,34.688309691875475
TR-041865,2025-09-22,september,Dry Van,585.5,1227.05,1216.7437286278246,1235.4754618595966,1226.1095952437106,0.9404047562893538
TR-041866,2025-09-22,september,Flatbed,960.6,2259.47,2154.370124388807,2117.418092114233,2135.8941082515203,123.57589174847953
TR-041867,2025-09-22,september,Dry Van,294.0,782.19,778.3622737429498,820.426477674054,799.3943757085019,17.204375708501857
TR-041868,2025-09-22,september,Dry Van,1947.2,3823.47,3777.113859815146,3753.316600876931,3765.2152303460384,58.254769653961375
TR-041869,2025-09-22,september,Flatbed,1230.8,2778.74,2631.6934096895816,2656.970838000152,2644.332123844867,134.40787615513273
TR-041870,2025-09-22,september,Dry Van,949.7,2064.85,1994.6665991946882,1998.9196682687723,1996.7931337317302,68.05686626826969
TR-041871,2025-09-22,september,Dry Van,501.0,1051.24,1066.7936760859786,1074.0518514989421,1070.4227637924605,19.18276379246049
TR-041872,2025-09-22,september,Reefer,1902.5,3988.91,3864.4138203400594,3829.2903820357333,3846.8521011878966,142.0578988121033
TR-041873,2025-09-22,september,Reefer,581.5,1385.82,1353.649474128042,1371.6274061901468,1362.6384401590944,23.181559840905493
TR-041874,2025-09-22,september,Flatbed,435.9,1175.72,1142.0263336951252,1160.8319063715473,1151.4291200333364,24.290879966663624
TR-041875,2025-09-22,september,Dry Van,213.3,569.67,580.6268163483596,630.8065645327115,605.7166904405356,36.0466904405356
TR-041876,2025-09-22,september,Reefer,1838.6,3963.94,3852.5324418420205,3831.663517634037,3842.0979797380287,121.84202026197136
TR-041877,2025-09-22,september,Reefer,940.3,2063.23,2020.7553441842401,2050.79542837513,2035.775386279685,27.45461372031491
TR-041878,2025-09-22,september,Reefer,120.9,383.49,369.69156897546003,460.4734091171415,415.0824890463008,31.592489046300784
TR-041879,2025-09-22,september,Dry Van,751.7,1608.15,1549.6840322282126,1557.4745076076263,1553.5792699179194,54.57073008208067
TR-041880,2025-09-22,september,Flatbed,737.2,1667.17,1534.2689706594483,1560.3634423924375,1547.316206525943,119.85379347405706
TR-041881,2025-09-22,september,Reefer,453.9,1193.46,1149.1562567618564,1169.603639562689,1159.3799481622727,34.0800518377273
TR-041882,2025-09-22,september,Dry Van,1959.2,3775.66,3710.446263616149,3651.627082567053,3681.036673091601,94.62332690839867
TR-041883,2025-09-22,september,Reefer,973.8,2429.57,2282.444219426658,2320.221946455594,2301.333082941126,128.23691705887404
TR-041884,2025-09-22,september,Flatbed,1746.1,3902.72,3710.4105796526765,3642.1295548280536,3676.2700672403653,226.44993275963452
TR-041885,2025-09-22,september,Reefer,334.9,884.94,834.3209902408476,916.8114786635915,875.5662344522195,9.373765547780522
TR-041886,2025-09-22,september,Dry Van,1979.9,3667.82,3643.310222973651,3547.9435761882996,3595.626899580975,72.19310041902509
TR-041887,2025-09-22,september,Dry Van,2226.6,4192.73,4182.020723274868,4092.2335295383327,4137.1271264066,55.602873593399636
TR-041888,2025-09-22,september,Dry Van,521.8,1161.6,1138.5168567130563,1129.8883052092237,1134.20258096114,27.39741903885988
TR-041889,2025-09-22,september,Dry Van,195.5,509.11,518.3870423000212,567.1174302631873,542.7522362816043,33.642236281604255
TR-041890,2025-09-22,september,Dry Van,2132.0,4197.87,4099.424556864164,4000.628963463265,4050.0267601637142,147.84323983628565
TR-041891,2025-09-22,september,Flatbed,2803.4,5728.27,5467.812167315223,5299.294655581403,5383.5534114483125,344.7165885516879
TR-041892,2025-09-22,september,Dry Van,131.6,344.39,354.84899366752074,401.17104405047985,378.0100188590003,33.62001885900031
TR-041893,2025-09-22,september,Dry Van,1107.4,2216.98,2189.721004017007,2139.420250490758,2164.570627253883,52.40937274611724
TR-041894,2025-09-22,september,Reefer,1698.8,3656.53,3625.2298648007595,3509.2936028728336,3567.2617338367963,89.26826616320386
TR-041895,2025-09-22,september,Reefer,975.5,2289.62,2219.103591798732,2228.970386574055,2224.0369891863934,65.5830108136065
TR-041896,2025-09-22,september,Reefer,722.0,1834.15,1688.177040971459,1688.59395523913,1688.3854981052946,145.76450189470552
TR-041897,2025-09-22,september,Flatbed,526.3,1259.22,1217.8815496529105,1221.7449705338954,1219.813260093403,39.40673990659707
TR-041898,2025-09-22,september,Dry Van,392.4,901.25,910.126021092239,935.1355726575396,922.6307968748893,21.380796874889256
TR-041899,2025-09-22,september,Dry Van,1088.1,2075.25,2133.2475019307026,2087.0591518853844,2110.1533269080437,34.90332690804371
TR-041900,2025-09-22,september,Dry Van,910.4,1961.33,1933.8351962206066,1936.5867470984324,1935.2109716595196,26.119028340480327
TR-041901,2025-09-22,september,Dry Van,1281.6,2668.74,2638.010787066519,2625.5310085980263,2631.7708978322726,36.969102167727215
TR-041902,2025-09-22,september,Reefer,319.6,863.66,817.9073673354314,885.587781288396,851.7475743119137,11.912425688086273
TR-041903,2025-09-22,september,Dry Van,742.8,1502.5,1521.695788167177,1543.98497200383,1532.8403800855035,30.34038008550351
TR-041904,2025-09-22,september,Dry Van,2234.0,4047.61,4243.4362923232275,4121.667742725405,4182.552017524316,134.94201752431627
TR-041905,2025-09-22,september,Flatbed,1244.4,2745.03,2565.036575302489,2594.106307207058,2579.571441254773,165.45855874522704
TR-041906,2025-09-22,september,Flatbed,919.7,1915.26,1871.9677767704534,1899.7492972515972,1885.8585370110254,29.401462988974572
TR-041907,2025-09-22,september,Reefer,2215.3,4609.13,4589.666072847205,4407.5370739889295,4498.601573418067,110.52842658193276
TR-041908,2025-09-22,september,Dry Van,2704.4,4898.32,4903.3454497703415,4686.904448738396,4795.124949254368,103.1950507456313
TR-041909,2025-09-22,september,Dry Van,1584.9,3122.02,2985.251865065996,3048.9187014220024,3017.085283243999,104.93471675600085
TR-041910,2025-09-22,september,Dry Van,1116.5,2249.86,2191.3207279258086,2126.9240774935993,2159.122402709704,90.73759729029598
TR-041911,2025-09-22,september,Flatbed,1143.9,2716.18,2509.919258469354,2511.651700682274,2510.785479575814,205.39452042418588
TR-041912,2025-09-22,september,Dry Van,485.5,1151.79,1118.2069257737007,1161.3137991691872,1139.7603624714438,12.029637528556123
TR-041913,2025-09-22,september,Reefer,357.0,1040.12,984.7919579634362,1012.6651855286801,998.7285717460582,41.39142825394174
TR-041914,2025-09-22,september,Flatbed,720.7,1637.66,1565.3999721727644,1612.1948434759652,1588.7974078243647,48.86259217563543
TR-041915,2025-09-22,september,Dry Van,169.7,455.17,474.8646778519281,526.3210806669756,500.5928792594518,45.422879259451804
TR-041916,2025-09-22,september,Dry Van,339.9,755.4,751.1306222255581,784.6810428570552,767.9058325413066,12.505832541306631
TR-041917,2025-09-22,september,Dry Van,628.6,1382.93,1378.2233796926294,1437.3606611221485,1407.792020407389,24.862020407388854
TR-041918,2025-09-22,september,Reefer,316.3,791.95,771.1790766066287,829.1177063104617,800.1483914585451,8.198391458545075
TR-041919,2025-09-22,september,Reefer,521.3,1264.86,1222.2518420269348,1255.5478214065315,1238.8998317167332,25.96016828326674
TR-041920,2025-09-22,september,Dry Van,140.2,349.2,346.85932059804674,384.80243750419345,365.83087905112006,16.630879051120075
TR-041921,2025-09-22,september,Reefer,221.9,620.41,588.7094100962453,667.0495973256102,627.8795037109278,7.469503710927825
TR-041922,2025-09-22,september,Dry Van,943.8,1972.72,1944.5008097510413,1949.4747788641657,1946.9877943076035,25.73220569239652
TR-041923,2025-09-22,september,Dry Van,425.1,938.4,938.2040530905253,979.24369419495,958.7238736427377,20.32387364273768
TR-041924,2025-09-22,september,Flatbed,378.3,1052.71,976.4976591069093,1020.3562995354862,998.4269793211977,54.28302067880236
TR-041925,2025-09-22,september,Flatbed,1069.1,2333.1,2266.7617581089376,2216.5812840534463,2241.6715210811917,91.4284789188082
TR-041926,2025-09-22,september,Dry Van,460.6,1094.42,1056.795808739094,1085.8814611363914,1071.3386349377427,23.08136506225742
TR-041927,2025-09-22,september,Reefer,651.4,1486.23,1469.745479831747,1449.399289851272,1459.5723848415096,26.657615158490444
TR-041928,2025-09-22,september,Dry Van,1068.8,2095.39,2145.249224003566,2057.972304571435,2101.6107642875004,6.220764287500515
TR-041929,2025-09-22,september,Reefer,318.6,883.79,866.3668701997648,939.8799779753683,903.1234240875665,19.333424087566527
TR-041930,2025-09-22,september,Dry Van,2108.7,3727.53,3691.6203898353338,3577.2084775626613,3634.4144336989975,93.11556630100267
TR-041931,2025-09-22,september,Dry Van,1713.2,3367.15,3363.466985633507,3299.395286207123,3331.431135920315,35.71886407968532
TR-041932,2025-09-22,september,Reefer,193.8,580.22,559.9358299012804,645.22869516883,602.5822625350552,22.36226253505515
TR-041933,2025-09-22,september,Dry Van,1392.0,2751.44,2734.773830085451,2769.590055829705,2752.181942957578,0.7419429575779759
TR-041934,2025-09-22,september,Dry Van,853.8,1753.47,1747.3973947786772,1782.7095065538647,1765.053450666271,11.583450666270892
TR-041935,2025-09-22,september,Dry Van,1450.4,2831.17,2810.3656245620973,2835.9314466190167,2823.148535590557,8.02146440944307
TR-041936,2025-09-22,september,Reefer,2300.1,4986.16,4779.562204395054,4681.976466857905,4730.769335626479,255.39066437352085
TR-041937,2025-09-22,september,Dry Van,1742.8,3237.63,3160.113251541782,3109.865550604217,3134.9894010729995,102.64059892700061
TR-041938,2025-09-22,september,Dry Van,589.6,1167.44,1159.2180909685187,1172.290451582539,1165.754271275529,1.6857287244711188
TR-041939,2025-09-22,september,Dry Van,1990.6,3721.9,3753.918902184737,3631.248674279257,3692.583788231997,29.316211768003086
TR-041940,2025-09-22,september,Reefer,647.4,1565.74,1531.8193456538932,1567.922811315115,1549.871078484504,15.868921515495913
TR-041941,2025-09-22,september,Dry Van,825.2,1636.8,1617.3146504495103,1675.371658123395,1646.3431542864528,9.543154286452818
TR-041942,2025-09-22,september,Dry Van,979.2,2014.62,1969.908083433143,1956.781436751678,1963.3447600924105,51.275239907589366
TR-041943,2025-09-22,september,Reefer,1190.1,2826.25,2636.790667026536,2656.7330233342363,2646.7618451803864,179.48815481961356
TR-041944,2025-09-22,september,Dry Van,979.6,1946.28,1936.9108190899613,2002.2035539952024,1969.5571865425818,23.27718654258183
TR-041945,2025-09-22,september,Dry Van,1938.7,3824.6,3762.6849307425,3702.472328758441,3732.5786297504706,92.02137024952935
TR-041946,2025-09-22,september,Reefer,783.1,1822.63,1744.3068294021289,1793.0714801559257,1768.6891547790274,53.94084522097273
TR-041947,2025-09-22,september,Dry Van,3077.7,5226.16,5367.475193369874,5154.932653260771,5261.203923315323,35.0439233153229
TR-041948,2025-09-22,september,Dry Van,1909.5,3518.72,3543.331979020832,3507.242318341451,3525.287148681142,6.567148681142044
TR-041949,2025-09-22,september,Dry Van,293.4,727.52,708.7103554925567,771.8654328018149,740.2878941471859,12.76789414718587
TR-041950,2025-09-22,september,Dry Van,3082.1,5484.51,5674.171692780234,5327.111723256385,5500.641708018309,16.131708018308927
TR-041951,2025-09-22,september,Dry Van,2080.8,4080.13,4040.68494908693,3956.5207877066846,3998.602868396807,81.52713160319308
TR-041952,2025-09-22,september,Dry Van,1308.4,2566.19,2622.3263425572904,2547.8950882585063,2585.110715407898,18.920715407898115
TR-041953,2025-09-22,september,Dry Van,1929.1,3686.09,3772.2157858034193,3691.8379835815936,3732.0268846925064,45.93688469250628
TR-041954,2025-09-22,september,Reefer,862.1,2079.7,2042.4315775941927,2026.9713590931624,2034.7014683436776,44.99853165632226
TR-041955,2025-09-22,september,Reefer,2143.2,4598.86,4515.6361706592825,4449.837715532268,4482.736943095775,116.12305690422454
TR-041956,2025-09-22,september,Dry Van,739.4,1533.36,1534.1403748546231,1533.0196622750366,1533.58001856483,0.22001856483007032
TR-041957,2025-09-23,september,Dry Van,331.8,790.81,792.0327355656528,840.0284687759149,816.0306021707838,25.220602170783877
TR-041958,2025-09-23,september,Dry Van,3239.8,5667.22,5787.712517774846,5425.071670195835,5606.392093985341,60.827906014659675
TR-041959,2025-09-23,september,Dry Van,1253.6,2482.03,2520.339528018743,2515.2818183655327,2517.810673192138,35.78067319213778
TR-041960,2025-09-23,september,Flatbed,1320.1,2799.55,2711.3974838658496,2638.94284994178,2675.170166903815,124.3798330961854
TR-041961,2025-09-23,september,Flatbed,624.2,1557.88,1499.823642688404,1513.1371257600981,1506.480384224251,51.399615775749
TR-041962,2025-09-23,september,Dry Van,555.0,1190.7,1167.314646530497,1159.1393360158313,1163.226991273164,27.473008726836042
TR-041963,2025-09-23,september,Reefer,1240.6,3022.15,2867.8001267927516,2891.667434536467,2879.733780664609,142.4162193353909
TR-041964,2025-09-23,september,Dry Van,1628.8,3231.74,3178.4757557457997,3194.0437460076637,3186.2597508767317,45.480249123268095
TR-041965,2025-09-23,september,Dry Van,543.5,1124.33,1110.5007033435186,1120.7703763810882,1115.6355398623034,8.694460137696524
TR-041966,2025-09-23,september,Dry Van,288.5,724.44,738.1137697367483,783.3348354277002,760.7243025822243,36.2843025822242
TR-041967,2025-09-23,september,Dry Van,815.9,1739.85,1674.9411500078052,1674.0751892037574,1674.5081696057814,65.3418303942185
TR-041968,2025-09-23,september,Dry Van,223.8,592.8,569.696902034992,629.7650099243024,599.7309559796472,6.930955979647251
TR-041969,2025-09-23,september,Flatbed,1117.5,2522.33,2434.968098126329,2355.156982551861,2395.062540339095,127.26745966090493
TR-041970,2025-09-23,september,Dry Van,776.2,1509.49,1470.7808314804358,1521.703210066723,1496.2420207735795,13.247979226420512
TR-041971,2025-09-23,september,Dry Van,2552.1,4756.46,4793.879410117525,4657.632347425102,4725.755878771313,30.704121228686745
TR-041972,2025-09-23,september,Flatbed,1946.5,4177.12,3933.2036260777713,3885.832555007032,3909.5180905424018,267.60190945759814
TR-041973,2025-09-23,september,Dry Van,967.4,1885.76,1828.364300012507,1846.3432045521106,1837.353752282309,48.40624771769103
TR-041974,2025-09-23,september,Reefer,2155.7,4776.1,4648.592644018242,4575.183345735994,4611.887994877118,164.21200512288215
TR-041975,2025-09-23,september,Dry Van,1280.2,2635.86,2562.524047110635,2624.938456200645,2593.73125165564,42.12874834436025
TR-041976,2025-09-23,september,Dry Van,751.1,1653.44,1589.0403948422418,1624.3969154669182,1606.7186551545801,46.721344845419935
TR-041977,2025-09-23,september,Flatbed,189.9,522.62,498.32898942905973,549.3373792759685,523.8331843525141,1.2131843525140766
TR-041978,2025-09-23,september,Dry Van,839.4,1787.64,1719.5495664773612,1755.1654725337469,1737.3575195055541,50.28248049444596
TR-041979,2025-09-23,september,Dry Van,784.3,1542.61,1514.9568331410985,1547.1005247429648,1531.0286789420315,11.581321057968353
TR-041980,2025-09-23,september,Dry Van,2410.2,4533.05,4453.280870141863,4407.808004662151,4430.544437402006,102.50556259799396
TR-041981,2025-09-23,september,Flatbed,798.7,1883.24,1780.7513568267198,1804.4713658911073,1792.6113613589137,90.62863864108635
TR-041982,2025-09-23,september,Dry Van,1432.2,2810.7,2720.903717170623,2686.0442066257037,2703.4739618981635,107.22603810183637
TR-041983,2025-09-23,september,Reefer,1185.8,2838.34,2767.0296379406063,2779.5276323463772,2773.2786351434916,65.06136485650859
TR-041984,2025-09-23,september,Reefer,631.2,1638.9,1561.466989718737,1550.1861404146882,1555.8265650667126,83.07343493328744
TR-041985,2025-09-23,september,Dry Van,1022.1,2047.55,2022.2034497794218,2027.696745608195,2024.9500976938084,22.599902306191552
TR-041986,2025-09-23,september,Reefer,569.0,1398.71,1357.0413556696788,1325.3322963961286,1341.1868260329038,57.52317396709623
TR-041987,2025-09-23,september,Dry Van,1230.8,711.03,2396.2232793531794,2402.0532849036736,2399.1382821284265,1688.1082821284265
TR-041988,2025-09-23,september,Dry Van,551.1,1228.36,1199.8757165120624,1206.7289714323222,1203.3023439721924,25.057656027807525
TR-041989,2025-09-23,september,Dry Van,240.3,595.46,600.4932522494045,642.8713307933399,621.6822915213722,26.2222915213722
TR-041990,2025-09-23,september,Dry Van,1028.7,2231.13,2183.3585126366024,2169.992310499806,2176.6754115682043,54.454588431795855
TR-041991,2025-09-23,september,Dry Van,287.3,742.69,728.9368663248378,789.9817058303554,759.4592860775965,16.769286077596462
TR-041992,2025-09-23,september,Dry Van,285.4,705.08,700.1897183086505,743.600176057709,721.8949471831797,16.814947183179697
TR-041993,2025-09-23,september,Reefer,241.8,646.86,590.3246007784435,639.988526187582,615.1565634830127,31.703436516987267
TR-041994,2025-09-23,september,Dry Van,1945.0,3862.09,3787.284971245168,3761.2069310568913,3774.2459511510297,87.84404884897049
TR-041995,2025-09-23,september,Dry Van,167.9,435.27,452.26372747794227,493.73268667491493,472.99820707642857,37.72820707642859
TR-041996,2025-09-23,september,Dry Van,1185.9,2309.76,2279.8916936286573,2329.7358584207323,2304.8137760246946,4.9462239753056565
TR-041997,2025-09-23,september,Reefer,2487.2,5088.19,4881.904095636716,4826.223890431196,4854.063993033957,234.12600696604295
TR-041998,2025-09-23,september,Flatbed,1851.2,3994.83,3725.7890362871617,3724.7700911249326,3725.279563706047,269.55043629395277
TR-041999,2025-09-23,september,Dry Van,1227.9,2388.93,2417.2669053323266,2449.4399872817557,2433.353446307041,44.423446307041104
TR-042000,2025-09-23,september,Dry Van,538.7,1101.11,1102.4055887149873,1092.8906371187045,1097.648112916846,3.461887083153897
TR-042001,2025-09-23,september,Reefer,1880.3,4155.43,3918.6505915685707,3886.9681993463546,3902.8093954574624,252.62060454253788
TR-042002,2025-09-23,september,Reefer,1667.2,3432.98,3432.3001300942665,3349.4007665472736,3390.85044832077,42.12955167923019
TR-042003,2025-09-23,september,Flatbed,626.2,1563.76,1528.7689360433671,1511.2891467968916,1520.0290414201295,43.7309585798705
TR-042004,2025-09-23,september,Dry Van,1707.7,3380.49,3291.4267311251733,3257.5624986166254,3274.4946148708996,105.99538512910021
TR-042005,2025-09-23,september,Reefer,390.6,1098.56,1055.8459735291956,1111.6973176489842,1083.77164558909,14.78835441090996
TR-042006,2025-09-23,september,Dry Van,1181.8,2277.98,2172.4913558421986,2163.924811363738,2168.208083602968,109.77191639703187
TR-042007,2025-09-23,september,Dry Van,3215.7,5683.63,5709.214330444835,5354.617576295499,5531.915953370167,151.71404662983332
TR-042008,2025-09-23,september,Reefer,1048.6,2337.12,2318.123186572676,2317.231594785084,2317.67739067888,19.442609321120017
TR-042009,2025-09-23,september,Dry Van,2073.6,3369.41,3462.2086120883387,3432.829165688181,3447.51888888826,78.10888888826003
TR-042010,2025-09-23,september,Flatbed,1661.5,3638.32,3519.676022731786,3485.524730180443,3502.6003764561146,135.71962354388552
TR-042011,2025-09-23,september,Reefer,2079.9,4202.91,4205.600284156752,4134.958168309473,4170.279226233113,32.630773766886705
TR-042012,2025-09-23,september,Dry Van,2615.8,4581.19,4721.646207001809,4433.8607165463545,4577.753461774082,3.436538225917502
TR-042013,2025-09-23,september,Reefer,1168.3,2736.4,2655.5382151704493,2625.7884657399954,2640.663340455222,95.73665954477792
TR-042014,2025-09-23,september,Dry Van,835.6,1738.09,1700.6067571064077,1737.5848830445598,1719.0958200754837,18.994179924516175
TR-042015,2025-09-23,september,Dry Van,768.8,1660.43,1644.427115024396,1663.6848114538277,1654.0559632391119,6.3740367608882025
TR-042016,2025-09-23,september,Reefer,2135.7,4842.97,4587.0841351619765,4511.153464106571,4549.118799634274,293.8512003657261
TR-042017,2025-09-23,september,Dry Van,298.4,731.1,733.0408027296684,766.9880742402911,750.0144384849798,18.91443848497977
TR-042018,2025-09-23,september,Dry Van,560.8,1227.42,1168.0013377971136,1205.1444743540328,1186.5729060755732,40.84709392442687
TR-042019,2025-09-23,september,Reefer,1812.1,3958.1,3858.735859091309,3886.460230438852,3872.5980447650804,85.50195523491948
TR-042020,2025-09-23,september,Dry Van,979.8,2009.54,2000.7494800214324,2039.3995064115632,2020.0744932164978,10.534493216497822
TR-042021,2025-09-23,september,Flatbed,749.0,1774.47,1712.5289090166668,1725.3680812754658,1718.9484951460663,55.52150485393372
TR-042022,2025-09-23,september,Dry Van,2404.8,4600.17,4469.749707326077,4448.844318913175,4459.297013119626,140.8729868803739
TR-042023,2025-09-23,september,Dry Van,2335.7,4515.31,4430.372460019441,4313.088685085701,4371.730572552571,143.57942744742923
TR-042024,2025-09-23,september,Dry Van,1187.7,2254.26,2214.0179380131835,2280.1474563882384,2247.0826972007108,7.177302799289464
TR-042025,2025-09-23,september,Reefer,871.6,2018.27,1983.6259660029903,1983.362561869049,1983.4942639360197,34.775736063980276
TR-042026,2025-09-23,september,Reefer,1848.3,4140.09,3956.365017297837,4032.06937330814,3994.2171953029883,145.87280469701182
TR-042027,2025-09-23,september,Dry Van,1849.5,3530.8,3462.274846481775,3555.014978357265,3508.64491241952,22.155087580480085
TR-042028,2025-09-23,september,Reefer,2251.9,4814.82,4635.3640990998865,4547.444065727028,4591.404082413457,223.4159175865425
TR-042029,2025-09-23,september,Flatbed,743.8,1666.44,1545.5216468747217,1578.9788072695337,1562.2502270721277,104.18977292787235
TR-042030,2025-09-23,september,Reefer,962.2,2350.24,2262.2618954402215,2268.5506572102963,2265.4062763252587,84.83372367474112
TR-042031,2025-09-23,september,Dry Van,306.4,759.16,757.1621194906909,819.8434566402511,788.502788065471,29.34278806547104
TR-042032,2025-09-23,september,Flatbed,2321.3,5033.39,4717.9834946432065,4578.732400172044,4648.357947407625,385.0320525923753
TR-042033,2025-09-23,september,Reefer,737.8,322.34,1694.930434498313,1712.889781480023,1703.910107989168,1381.570107989168
TR-042034,2025-09-23,september,Dry Van,3145.4,5577.48,5613.375774036109,5347.26864399198,5480.322209014044,97.15779098595522
TR-042035,2025-09-23,september,Flatbed,2193.8,4438.72,4186.5259511580525,4075.5619910227642,4131.043971090408,307.6760289095919
TR-042036,2025-09-23,september,Dry Van,1903.5,3727.19,3708.927991302346,3602.0836915442733,3655.50584142331,71.68415857669015
TR-042037,2025-09-23,september,Dry Van,660.6,1343.64,1330.5518887809196,1352.404420157759,1341.4781544693392,2.161845530660912
TR-042038,2025-09-23,september,Dry Van,752.4,1564.53,1518.0328093577075,1531.464941321219,1524.7488753394632,39.78112466053676
TR-042039,2025-09-23,september,Reefer,694.5,1745.08,1669.6518011372573,1634.3794456993746,1652.015623418316,93.06437658168397
TR-042040,2025-09-23,september,Dry Van,167.6,436.33,456.0710606425914,499.27833660995793,477.6746986262747,41.34469862627469
TR-042041,2025-09-23,september,Flatbed,372.8,997.52,946.0745711441059,981.6796516729371,963.8771114085215,33.64288859147848
TR-042042,2025-09-23,september,Flatbed,2973.8,6078.29,5766.357126232447,5588.324812136364,5677.340969184405,400.9490308155946
TR-042043,2025-09-23,september,Reefer,811.5,1980.66,1949.0481940717902,1903.3276122783325,1926.1879031750614,54.47209682493872
TR-042044,2025-09-23,september,Dry Van,2078.0,4012.31,3959.558051180778,3925.3416079548424,3942.4498295678104,69.86017043218953
TR-042045,2025-09-23,september,Reefer,149.7,436.95,405.83711172716664,491.41898575175037,448.6280487394585,11.678048739458518
TR-042046,2025-09-23,september,Dry Van,193.5,509.49,525.5500541464944,569.9715042671801,547.7607792068372,38.27077920683723
TR-042047,2025-09-23,september,Flatbed,852.0,2050.84,1998.385264394541,1991.9400367145893,1995.162650554565,55.677349445435084
TR-042048,2025-09-23,september,Dry Van,427.6,997.19,967.6538398827059,1008.0252207588057,987.8395303207558,9.35046967924427
TR-042049,2025-09-23,september,Dry Van,422.1,1068.01,1047.824068094095,1075.329885088699,1061.576976591397,6.433023408603049
TR-042050,2025-09-23,september,Flatbed,371.7,943.32,883.6599817509298,942.6146627586768,913.1373222548033,30.18267774519677
TR-042051,2025-09-23,september,Dry Van,1045.7,2090.75,2108.1718442280594,2062.6645437102225,2085.4181939691407,5.331806030859298
TR-042052,2025-09-23,september,Reefer,76.5,269.11,263.78503304288137,356.1651761909641,309.97510461692275,40.865104616922736
TR-042053,2025-09-23,september,Dry Van,703.5,1458.41,1476.750003143059,1498.7714523951306,1487.760727769095,29.350727769094874
TR-042054,2025-09-23,september,Dry Van,383.1,893.07,893.0714509221267,945.6358929858284,919.3536719539775,26.283671953977432
TR-042055,2025-09-23,september,Reefer,2245.8,4756.33,4607.543960620945,4517.237609752043,4562.390785186493,193.93921481350662
TR-042056,2025-09-23,september,Dry Van,468.4,1079.12,1075.2593031210936,1112.1082766001964,1093.683789860645,14.563789860645102
TR-042057,2025-09-23,september,Dry Van,1201.2,2323.37,2278.1654070340805,2365.810975032705,2321.9881910333925,1.381808966607423
TR-042058,2025-09-23,september,Flatbed,1292.5,2936.24,2778.8638841456386,2778.473662611691,2778.668773378665,157.57122662133497
TR-042059,2025-09-23,september,Flatbed,497.9,1268.05,1205.506756102757,1228.2977527034343,1216.9022544030956,51.147745596904315
TR-042060,2025-09-23,september,Flatbed,699.6,1705.42,1631.8283166871022,1593.631637649159,1612.7299771681305,92.69002283186956
TR-042061,2025-09-23,september,Dry Van,1569.4,3196.74,3189.824141930475,3170.5585188088453,3180.19133036966,16.548669630339646
TR-042062,2025-09-23,september,Dry Van,3092.3,5914.46,5667.014430802288,5580.168297355672,5623.59136407898,290.86863592101963
TR-042063,2025-09-23,september,Flatbed,543.7,1338.37,1258.3120768357476,1269.6183891835417,1263.9652330096446,74.40476699035526
TR-042064,2025-09-23,september,Dry Van,377.8,887.15,866.263705033875,930.7007564912749,898.482230762575,11.332230762575023
TR-042065,2025-09-23,september,Reefer,982.2,2179.55,2118.4539129822297,2126.1877457281234,2122.3208293551766,57.229170644823625
TR-042066,2025-09-23,september,Dry Van,1237.7,2404.05,2409.5933371587716,2367.5079884776724,2388.550662818222,15.499337181778174
TR-042067,2025-09-23,september,Dry Van,489.6,1083.45,1057.2753404964224,1070.6045862329956,1063.939963364709,19.510036635291044
TR-042068,2025-09-23,september,Reefer,1640.8,3650.77,3500.4905844373798,3453.591393089454,3477.040988763417,173.72901123658312
TR-042069,2025-09-23,september,Dry Van,909.0,1876.04,1861.9035320365913,1853.863324771098,1857.8834284038446,18.156571596155345
TR-042070,2025-09-23,september,Dry Van,651.2,1414.99,1400.6846758985916,1410.4052203969604,1405.544948147776,9.445051852223969
TR-042071,2025-09-23,september,Dry Van,2398.6,4273.9,4331.153344367965,4253.588281815095,4292.370813091529,18.470813091529635
TR-042072,2025-09-23,september,Flatbed,562.1,1392.01,1337.3457711698811,1323.3784993841223,1330.3621352770017,61.64786472299829
TR-042073,2025-09-23,september,Flatbed,748.4,1871.4,1829.2711971852775,1789.7328515194217,1809.5020243523495,61.89797564765058
TR-042074,2025-09-23,september,Dry Van,1312.0,2687.38,2607.613869040823,2598.0269749806175,2602.82042201072,84.55957798928011
TR-042075,2025-09-23,september,Flatbed,1151.8,2666.89,2517.4485075319844,2519.7730272203476,2518.610767376166,148.27923262383365
TR-042076,2025-09-23,september,Reefer,1950.5,4386.65,4216.586261286069,4168.257036640699,4192.421648963384,194.228351036616
TR-042077,2025-09-23,september,Flatbed,1192.4,2664.59,2537.2282895910344,2579.4014840735654,2558.3148868322996,106.27511316770051
TR-042078,2025-09-23,september,Dry Van,2267.9,3938.41,4078.421902465741,3949.176238887856,4013.7990706767987,75.38907067679884
TR-042079,2025-09-23,september,Dry Van,2670.9,4537.16,4777.586539116995,4441.614227270691,4609.600383193843,72.44038319384345
TR-042080,2025-09-23,september,Dry Van,307.9,745.34,724.0516886576287,797.8940392161041,760.9728639368664,15.632863936866329
TR-042081,2025-09-23,september,Flatbed,2131.7,4440.3,4264.963059168471,4248.699529552599,4256.831294360535,183.46870563946504
TR-042082,2025-09-23,september,Dry Van,1202.1,2524.09,2516.033364904691,2453.4406069504766,2484.736985927584,39.353014072416045
TR-042083,2025-09-23,september,Dry Van,508.5,1080.84,1088.4036361562187,1073.658097024216,1081.0308665902173,0.1908665902174107
TR-042084,2025-09-23,september,Dry Van,1071.8,2189.11,2144.4826553136977,2123.6758029008492,2134.0792291072735,55.03077089272665
TR-042085,2025-09-23,september,Dry Van,2118.2,3963.65,3973.9993931562685,3917.2701268942405,3945.6347600252548,18.015239974745327
TR-042086,2025-09-23,september,Dry Van,990.4,2167.86,2192.6971592092423,2097.964085751432,2145.3306224803373,22.52937751966283
TR-042087,2025-09-23,september,Reefer,648.3,1554.02,1509.9410491503645,1490.8260435830693,1500.383546366717,53.636453633283054
TR-042088,2025-09-23,september,Dry Van,977.7,2039.75,1984.7301399511011,1999.5431138255858,1992.1366268883435,47.61337311165653
TR-042089,2025-09-23,september,Dry Van,994.2,2024.17,1912.7517451272981,1969.7122911487763,1941.2320181380373,82.93798186196273
TR-042090,2025-09-23,september,Reefer,221.7,681.2,655.0536544381553,730.348033796244,692.7008441171996,11.500844117199563
TR-042091,2025-09-23,september,Dry Van,420.7,890.9,883.0785848166033,925.9089860423965,904.4937854294999,13.593785429499917
TR-042092,2025-09-23,september,Reefer,2465.7,5471.67,5166.976697737817,5077.757134298539,5122.366916018178,349.30308398182206
TR-042093,2025-09-23,september,Dry Van,240.8,590.75,587.2830021230483,657.7557604509534,622.5193812870009,31.769381287000897
TR-042094,2025-09-23,september,Dry Van,419.5,873.95,875.0796141877026,929.9704283294595,902.5250212585811,28.575021258581046
TR-042095,2025-09-23,september,Flatbed,2023.4,4339.94,4087.392961151227,4097.217397284221,4092.305179217724,247.6348207822757
TR-042096,2025-09-23,september,Flatbed,3077.1,6219.04,5877.625564210009,5728.863920380484,5803.244742295246,415.79525770475357
TR-042097,2025-09-23,september,Dry Van,1405.0,2723.7,2699.63955559347,2739.0346279282703,2719.33709176087,4.362908239129865
TR-042098,2025-09-23,september,Dry Van,758.0,1592.93,1599.4924627459327,1593.9391085691382,1596.7157856575354,3.7857856575353708
TR-042099,2025-09-23,september,Reefer,686.8,1570.77,1501.4148463312563,1517.7011269634497,1509.5579866473531,61.21201335264686
TR-042100,2025-09-23,september,Reefer,180.5,559.36,515.3342316132225,606.0377086657697,560.6859701394961,1.3259701394961212
TR-042101,2025-09-23,september,Dry Van,2355.7,4467.36,4417.457374598496,4310.403494696522,4363.930434647509,103.4295653524905
TR-042102,2025-09-23,september,Dry Van,1305.1,2608.57,2435.1433182373958,2457.5753662061084,2446.359342221752,162.21065777824833
TR-042103,2025-09-23,september,Dry Van,746.9,1457.22,1451.3916953320706,1461.3880583306263,1456.3898768313484,0.830123168651653
TR-042104,2025-09-23,september,Reefer,430.0,1213.26,1153.88275909056,1199.4258769954768,1176.6543180430185,36.60568195698147
TR-042105,2025-09-24,september,Dry Van,941.0,1858.56,1796.636390363216,1773.2762561473337,1784.9563232552748,73.60367674472513
TR-042106,2025-09-24,september,Reefer,649.3,1640.99,1598.900838562085,1616.7513220504793,1607.8260803062822,33.163919693717844
TR-042107,2025-09-24,september,Flatbed,308.4,831.82,780.8612539617523,835.8552195408308,808.3582367512915,23.461763248708507
TR-042108,2025-09-24,september,Dry Van,2312.2,4344.78,4336.099408997285,4227.985431618965,4282.042420308125,62.737579691875
TR-042109,2025-09-24,september,Dry Van,2844.4,5375.13,5241.32073060849,5048.2857764109285,5144.803253509709,230.32674649029104
TR-042110,2025-09-24,september,Dry Van,1690.2,3243.45,3109.5941105934457,3224.9774306503114,3167.2857706218783,76.16422937812149
TR-042111,2025-09-24,september,Reefer,165.0,486.64,488.46060067663916,548.2760366005975,518.3683186386183,31.72831863861836
TR-042112,2025-09-24,september,Flatbed,1142.8,2421.53,2320.7553102297934,2300.044521127475,2310.399915678634,111.13008432136621
TR-042113,2025-09-24,september,Dry Van,303.5,774.12,745.7322485886052,792.2785752351076,769.0054119118564,5.1145880881435914
TR-042114,2025-09-24,september,Flatbed,2197.4,4504.8,4290.748353072906,4277.600693250417,4284.174523161661,220.62547683833873
TR-042115,2025-09-24,september,Flatbed,319.0,872.42,813.6165471101625,866.094373273959,839.8554601920607,32.56453980793924
TR-042116,2025-09-24,september,Reefer,356.6,965.6,945.8570358802556,992.0856397528951,968.9713378165753,3.3713378165753056
TR-042117,2025-09-24,september,Reefer,1659.8,3812.94,3612.5357591889674,3640.703730463021,3626.6197448259945,186.32025517400552
TR-042118,2025-09-24,september,Dry Van,300.0,765.42,750.726783912477,793.597576743289,772.162180327883,6.742180327883034
TR-042119,2025-09-24,september,Dry Van,2724.3,4913.77,4848.54602790706,4742.47854097589,4795.512284441475,118.25771555852589
TR-042120,2025-09-24,september,Reefer,793.7,1907.82,1833.5400169368986,1834.5550094662135,1834.047513201556,73.77248679844388
TR-042121,2025-09-24,september,Dry Van,2461.9,4576.82,4638.474211140169,4356.342511201357,4497.408361170763,79.41163882923684
TR-042122,2025-09-24,september,Dry Van,480.8,1075.11,1051.487701678467,1077.3684314913617,1064.4280665849142,10.681933415085723
TR-042123,2025-09-24,september,Dry Van,1790.8,3454.06,3366.9995465629113,3368.4678488360687,3367.73369769949,86.32630230050972
TR-042124,2025-09-24,september,Dry Van,1763.2,3492.43,3323.222351365272,3320.3365437641237,3321.779447564698,170.65055243530196
TR-042125,2025-09-24,september,Dry Van,1006.8,2006.15,2033.8316766531532,2026.9403096689882,2030.3859931610707,24.23599316107061
TR-042126,2025-09-24,september,Dry Van,1074.8,2311.97,2279.8517449601986,2218.185043569161,2249.01839426468,62.951605735319845
TR-042127,2025-09-24,september,Reefer,2886.3,5685.16,5561.527357161105,5257.389728328114,5409.458542744609,275.7014572553908
TR-042128,2025-09-24,september,Dry Van,766.4,1647.88,1651.3743178762825,1649.6532071961308,1650.5137625362067,2.633762536206632
TR-042129,2025-09-24,september,Reefer,1082.8,2493.63,2476.5435177617555,2440.7379282394572,2458.640723000606,34.98927699939395
TR-042130,2025-09-24,september,Flatbed,1170.4,2740.24,2540.8228821320404,2523.028105907523,2531.9254940197816,208.3145059802182
TR-042131,2025-09-24,september,Dry Van,1711.9,3225.05,3204.3251294049087,3204.4976063684317,3204.41136788667,20.638632113330004
TR-042132,2025-09-24,september,Dry Van,487.3,1140.94,1079.6021033285074,1118.0044926235387,1098.803297976023,42.13670202397702
TR-042133,2025-09-24,september,Dry Van,2277.8,4050.11,4058.729486252764,3977.302919269012,4018.016202760888,32.093797239112064
TR-042134,2025-09-24,september,Dry Van,666.4,1500.33,1470.0596851875443,1455.9139057474968,1462.9867954675206,37.343204532479376
TR-042135,2025-09-24,september,Dry Van,2238.8,4161.55,4139.601303365183,4031.677593810341,4085.639448587762,75.91055141223796
TR-042136,2025-09-24,september,Reefer,813.0,2029.71,1947.7079200193507,1909.89649648676,1928.8022082530554,100.90779174694467
TR-042137,2025-09-24,september,Dry Van,845.7,1841.47,1814.823447860801,1847.695516274858,1831.2594820678296,10.210517932170433
TR-042138,2025-09-24,september,Dry Van,1168.0,2411.4,2429.3459560544784,2395.051908966098,2412.198932510288,0.7989325102880684
TR-042139,2025-09-24,september,Reefer,976.7,2419.53,2264.6105362175067,2270.0060683485412,2267.308302283024,152.221697716976
TR-042140,2025-09-24,september,Dry Van,1070.0,2179.13,2191.81815804745,2162.236181479635,2177.0271697635426,2.102830236457521
TR-042141,2025-09-24,september,Dry Van,1535.5,3015.19,2925.1469090971814,2920.130934144142,2922.6389216206617,92.55107837933838
TR-042142,2025-09-24,september,Flatbed,1227.1,2935.55,2763.0630437768796,2776.4345268874536,2769.7487853321663,165.80121466783385
TR-042143,2025-09-24,september,Dry Van,1779.8,3418.66,3349.6266777723727,3390.113098543249,3369.869888157811,48.79011184218871
TR-042144,2025-09-24,september,Dry Van,2419.9,4715.78,4590.6763581017285,4514.031157572996,4552.353757837362,163.42624216263812
TR-042145,2025-09-24,september,Flatbed,1826.4,4088.47,3869.3026544136555,3889.3573965609803,3879.330025487318,209.13997451268187
TR-042146,2025-09-24,september,Dry Van,1786.5,3505.47,3396.451999918805,3426.565357801557,3411.508678860181,93.96132113981866
TR-042147,2025-09-24,september,Dry Van,2773.7,5063.42,5069.866740313546,4892.099200459099,4980.982970386322,82.43702961367762
TR-042148,2025-09-24,september,Flatbed,2117.6,4446.28,4094.0512990096668,4111.716858900509,4102.884078955088,343.39592104491203
TR-042149,2025-09-24,september,Dry Van,812.8,1733.22,1666.9405423864312,1667.3944782337371,1667.1675103100843,66.05248968991577
TR-042150,2025-09-24,september,Dry Van,1415.5,13026.22,2899.685994517235,2815.1848914258335,2857.435442971534,10168.784557028466
TR-042151,2025-09-24,september,Flatbed,2728.7,5884.52,5472.838947327287,5241.568843202116,5357.203895264702,527.3161047352987
TR-042152,2025-09-24,september,Dry Van,984.2,2109.73,2039.6473438964022,2024.4320049962694,2032.0396744463358,77.69032555366425
TR-042153,2025-09-24,september,Reefer,2126.3,4373.32,4305.322967531021,4190.141492553031,4247.732230042026,125.58776995797416
TR-042154,2025-09-24,september,Dry Van,1102.3,2231.28,2177.997574175502,2174.26079982606,2176.129187000781,55.1508129992194
TR-042155,2025-09-24,september,Dry Van,2743.0,4987.73,5033.090572894253,4804.183536688746,4918.637054791499,69.09294520850017
TR-042156,2025-09-24,september,Flatbed,943.3,2100.75,1923.2247466053332,1979.2253866272192,1951.2250666162763,149.5249333837237
TR-042157,2025-09-24,september,Reefer,1188.7,2762.46,2680.9258419815,2673.496978455977,2677.211410218739,85.24858978126122
TR-042158,2025-09-24,september,Reefer,2123.5,5117.77,4525.575823494434,4513.212353449737,4519.394088472085,598.3759115279154
TR-042159,2025-09-24,september,Flatbed,427.6,1163.04,1113.9116847048356,1124.8993777262053,1119.4055312155206,43.634468784479395
TR-042160,2025-09-24,september,Dry Van,3104.3,5724.44,5742.361763069576,5570.704448419091,5656.533105744334,67.90689425566597
TR-042161,2025-09-24,september,Dry Van,433.0,1018.98,976.6623912107725,1008.3180122219468,992.4902017163597,26.48979828364031
TR-042162,2025-09-24,september,Flatbed,181.6,564.94,504.1643631658736,597.515576067156,550.8399696165147,14.100030383485318
TR-042163,2025-09-24,september,Dry Van,370.6,926.75,905.1943706724509,922.4411952008784,913.8177829366646,12.932217063335429
TR-042164,2025-09-24,september,Dry Van,1440.2,2891.9,2756.7360908778487,2806.3377995649485,2781.5369452213986,110.36305477860151
TR-042165,2025-09-24,september,Dry Van,772.7,1573.33,1530.8561848688116,1554.6782450206683,1542.7672149447399,30.562785055260065
TR-042166,2025-09-24,september,Reefer,181.9,562.12,511.5984020045833,621.8483793030825,566.7233906538329,4.603390653832889
TR-042167,2025-09-24,september,Reefer,740.7,1761.53,1659.0944370012571,1651.480838600223,1655.28763780074,106.24236219926001
TR-042168,2025-09-24,september,Dry Van,1616.7,3178.09,3163.0756717434238,3168.462072409881,3165.7688720766523,12.32112792334783
TR-042169,2025-09-24,september,Dry Van,2081.1,4088.81,3980.277894079237,3929.862394368425,3955.070144223831,133.73985577616895
TR-042170,2025-09-24,september,Reefer,914.0,2056.92,1977.318940809825,1944.2600885261859,1960.7895146680055,96.13048533199458
TR-042171,2025-09-24,september,Flatbed,615.8,1475.32,1390.3532919892834,1363.3229594277118,1376.8381257084975,98.48187429150244
TR-042172,2025-09-24,september,Reefer,1019.2,2307.45,2291.6528659651494,2277.635134398445,2284.6440001817973,22.80599981820251
TR-042173,2025-09-24,september,Flatbed,367.9,944.09,893.5469300967411,929.0798627511465,911.3133964239438,32.77660357605623
TR-042174,2025-09-24,september,Flatbed,916.1,2244.31,2131.1233848517936,2137.4536057940845,2134.288495322939,110.02150467706088
TR-042175,2025-09-24,september,Dry Van,848.4,1812.97,1707.4674690613458,1759.2647927904934,1733.3661309259196,79.60386907408042
TR-042176,2025-09-24,september,Dry Van,496.3,1017.35,1042.2005759314113,1051.2347897447798,1046.7176828380957,29.367682838095675
TR-042177,2025-09-24,september,Dry Van,545.9,1223.55,1225.5041690243543,1237.6201875356323,1231.5621782799933,8.01217827999335
TR-042178,2025-09-24,september,Flatbed,274.5,757.04,723.7474510743305,799.2130984010334,761.480274737682,4.440274737681989
TR-042179,2025-09-24,september,Flatbed,918.6,2187.59,2024.0404369327346,2041.6534519774393,2032.846944455087,154.7430555449132
TR-042180,2025-09-24,september,Dry Van,2266.7,4031.66,4050.247764684528,3902.5334968827865,3976.3906307836573,55.26936921634251
TR-042181,2025-09-24,september,Dry Van,378.2,892.63,883.3381205169559,941.0637896449246,912.2009550809403,19.57095508094028
TR-042182,2025-09-24,september,Flatbed,508.7,1257.54,1217.3759294304898,1219.4262657812606,1218.4010976058753,39.13890239412467
TR-042183,2025-09-24,september,Dry Van,712.5,1578.48,1535.730170013689,1547.2869659023834,1541.508567958036,36.97143204196391
TR-042184,2025-09-24,september,Flatbed,911.0,2122.13,1994.5066493850125,2022.0755856739183,2008.2911175294653,113.83888247053483
TR-042185,2025-09-24,september,Reefer,2146.3,4599.91,4538.0651986849325,4436.922282479527,4487.493740582229,112.41625941777056
TR-042186,2025-09-24,september,Dry Van,3161.7,5692.34,5597.651635381309,5298.885321681408,5448.268478531358,244.07152146864246
TR-042187,2025-09-24,september,Dry Van,1148.4,2230.17,2238.910686466096,2286.937564710677,2262.9241255883867,32.754125588386614
TR-042188,2025-09-24,september,Reefer,922.4,2184.86,2106.0628457858015,2144.2365617451555,2125.1497037654785,59.71029623452159
TR-042189,2025-09-24,september,Flatbed,1233.5,2740.72,2656.601866085534,2670.488645968659,2663.5452560270965,77.17474397290334
TR-042190,2025-09-24,september,Dry Van,978.4,1888.07,1825.822078595528,1860.5074171532206,1843.1647478743744,44.905252125625566
TR-042191,2025-09-24,september,Dry Van,1239.1,2647.68,2604.389592554575,2598.0165254972167,2601.2030590258955,46.47694097410431
TR-042192,2025-09-24,september,Dry Van,260.9,594.17,584.386516328868,644.6972913418126,614.5419038353402,20.371903835340277
TR-042193,2025-09-24,september,Dry Van,1068.2,2258.15,2332.2944895210676,2276.2160420910604,2304.255265806064,46.105265806063926
TR-042194,2025-09-24,september,Flatbed,2098.0,4305.47,3992.277023553221,3894.3894320886484,3943.3332278209346,362.1367721790657
TR-042195,2025-09-24,september,Dry Van,2865.1,4852.12,5056.341144618042,4833.555237980921,4944.948191299482,92.82819129948166
TR-042196,2025-09-24,september,Reefer,73.4,243.49,247.90761573242602,315.4983585493958,281.7029871409109,38.21298714091091
TR-042197,2025-09-24,september,Flatbed,794.8,1892.2,1808.5279384599673,1791.3388611574132,1799.9333998086904,92.26660019130964
TR-042198,2025-09-24,september,Dry Van,1174.3,2316.44,2316.390809407925,2317.2368816889116,2316.8138455484186,0.3738455484185579
TR-042199,2025-09-24,september,Dry Van,507.2,1155.97,1154.035138922229,1159.5688291811598,1156.8019840516945,0.8319840516944623
TR-042200,2025-09-24,september,Reefer,1998.7,4488.03,4304.321345133079,4242.972320716188,4273.646832924634,214.38316707536615
TR-042201,2025-09-24,september,Flatbed,541.4,1357.36,1287.2660428488027,1285.727635856114,1286.4968393524582,70.86316064754169
TR-042202,2025-09-24,september,Dry Van,868.1,1715.81,1659.740080383128,1682.4597145814241,1671.099897482276,44.71010251772395
TR-042203,2025-09-24,september,Dry Van,2088.1,4171.88,4017.1987692720772,3979.773178964464,3998.485974118271,173.39402588172925
TR-042204,2025-09-24,september,Flatbed,2868.2,6023.57,5659.747637421523,5553.477409593063,5606.612523507293,416.9574764927065
TR-042205,2025-09-24,september,Dry Van,836.5,1682.87,1657.8361677281046,1693.3215876924382,1675.5788777102714,7.2911222897284915
TR-042206,2025-09-24,september,Reefer,422.6,1167.82,1136.7023753937096,1159.2525282514398,1147.9774518225747,19.842548177425215
TR-042207,2025-09-24,september,Dry Van,2894.4,5177.62,5230.397882835053,5021.370868254302,5125.884375544678,51.73562445532207
TR-042208,2025-09-24,september,Dry Van,302.8,805.16,790.8439132822576,838.7790995520425,814.81150641715,9.651506417150017
TR-042209,2025-09-24,september,Dry Van,170.7,447.62,457.4514316097551,500.5357516776701,478.9935916437126,31.373591643712587
TR-042210,2025-09-24,september,Dry Van,130.7,348.52,350.97363775996007,426.23554581029066,388.60459178512536,40.08459178512538
TR-042211,2025-09-24,september,Dry Van,1745.3,3341.3,3219.861755214716,3296.631815937878,3258.246785576297,83.05321442370314
TR-042212,2025-09-24,september,Flatbed,1229.0,2766.75,2647.189522271767,2640.0096990983143,2643.5996106850407,123.15038931495928
TR-042213,2025-09-24,september,Dry Van,1880.5,3547.14,3495.6589927757805,3465.758194643392,3480.7085937095862,66.43140629041363
TR-042214,2025-09-24,september,Reefer,574.1,1407.31,1342.777667304854,1362.3992498693133,1352.5884585870836,54.721541412916395
TR-042215,2025-09-24,september,Reefer,2024.5,4228.77,4182.658963282955,4075.1857480264093,4128.922355654682,99.84764434531826
TR-042216,2025-09-24,september,Dry Van,584.2,1296.7,1262.1276178330222,1287.8150934791183,1274.9713556560703,21.728644343929773
TR-042217,2025-09-24,september,Flatbed,3048.3,6474.77,6131.240293566788,5908.635849533957,6019.938071550372,454.8319284496283
TR-042218,2025-09-24,september,Flatbed,2584.6,5551.14,5041.895811202773,4995.940002630605,5018.917906916689,532.2220930833109
TR-042219,2025-09-24,september,Dry Van,421.7,1029.93,1005.7219968157744,1047.379192883639,1026.5505948497066,3.379405150293451
TR-042220,2025-09-24,september,Reefer,1731.8,3775.4,3659.6966760167097,3665.0654432357824,3662.381059626246,113.01894037375405
TR-042221,2025-09-24,september,Dry Van,1014.2,2032.78,1950.8743390523011,1992.0622642064984,1971.4683016293998,61.3116983706002
TR-042222,2025-09-24,september,Reefer,735.4,1777.36,1770.4714418366805,1758.1377314062102,1764.3045866214452,13.055413378554704
TR-042223,2025-09-24,september,Flatbed,555.2,1369.6,1276.8430060148307,1281.056317197902,1278.9496616063664,90.65033839363355
TR-042224,2025-09-24,september,Reefer,346.5,933.03,905.3050656520678,950.7843903452736,928.0447279986706,4.985272001329349
TR-042225,2025-09-24,september,Dry Van,3061.4,5431.34,5504.341853656102,5318.318115107339,5411.32998438172,20.010015618279795
TR-042226,2025-09-24,september,Dry Van,600.5,1325.03,1327.2310560031892,1334.0818323875485,1330.6564441953687,5.6264441953687765
TR-042227,2025-09-24,september,Reefer,1661.0,3705.15,3601.964615693087,3542.284485267405,3572.1245504802464,133.0254495197537
TR-042228,2025-09-24,september,Flatbed,879.0,2122.83,2011.3740812155436,2031.3262302443306,2021.3501557299371,101.47984427006281
TR-042229,2025-09-24,september,Dry Van,339.8,787.05,793.4130297285558,822.3488152064763,807.880922467516,20.830922467516075
TR-042230,2025-09-24,september,Flatbed,243.7,691.92,623.8974869251518,662.2186848842148,643.0580859046834,48.86191409531659
TR-042231,2025-09-24,september,Reefer,200.3,570.79,559.7357528157974,632.2788824230176,596.0073176194076,25.217317619407595
TR-042232,2025-09-24,september,Dry Van,1984.4,3844.53,3843.4207990200766,3819.796520379423,3831.6086596997498,12.92134030025045
TR-042233,2025-09-24,september,Reefer,506.3,1335.3,1331.8304147367528,1318.2525438777639,1325.0414793072582,10.25852069274174
TR-042234,2025-09-24,september,Flatbed,3072.9,6033.69,5640.275371014134,5537.113658713435,5588.694514863784,444.9954851362154
TR-042235,2025-09-24,september,Reefer,1971.7,4417.55,4159.949860948379,4043.20556707764,4101.577714013009,315.97228598699076
TR-042236,2025-09-24,september,Dry Van,278.3,671.84,679.1884330078103,726.055117510251,702.6217752590306,30.78177525903061
TR-042237,2025-09-24,september,Reefer,1726.2,3973.01,3905.4349128963445,3888.022910554266,3896.7289117253054,76.28108827469487
TR-042238,2025-09-24,september,Dry Van,626.3,1366.55,1370.5719963610484,1387.6930491882006,1379.1325227746245,12.582522774624522
TR-042239,2025-09-24,september,Reefer,402.2,1106.98,1072.1169278050404,1095.7169041306054,1083.916915967823,23.06308403217713
TR-042240,2025-09-24,september,Flatbed,1894.7,3923.25,3713.4112831447815,3670.0814918516107,3691.746387498196,231.50361250180413
TR-042241,2025-09-24,september,Flatbed,2131.8,4649.34,4288.024065476709,4234.15425023015,4261.08915785343,388.25084214657
TR-042242,2025-09-24,september,Dry Van,2546.3,4853.02,4722.094424228018,4544.777317371634,4633.435870799826,219.58412920017417
TR-042243,2025-09-24,september,Dry Van,692.2,1615.3,1599.7946034686513,1569.1315935321286,1584.46309850039,30.836901499609894
TR-042244,2025-09-24,september,Dry Van,135.0,366.07,377.4974387973983,416.60874067480927,397.05308973610374,30.98308973610375
TR-042245,2025-09-24,september,Dry Van,373.4,858.82,866.0020890942775,915.0657071692044,890.5338981317409,31.713898131740848
TR-042246,2025-09-24,september,Dry Van,1514.6,3101.69,3078.853612817288,3101.5861310094033,3090.2198719133457,11.470128086654313
TR-042247,2025-09-24,september,Dry Van,525.7,1206.63,1206.848144426901,1234.7978082002483,1220.8229763135746,14.19297631357449
TR-042248,2025-09-24,september,Dry Van,1192.7,2329.37,2197.0324439948886,2288.4499996207273,2242.741221807808,86.62877819219193
TR-042249,2025-09-24,september,Dry Van,1172.3,2427.31,2399.994053106214,2323.2999053490885,2361.646979227651,65.66302077234877
TR-042250,2025-09-24,september,Dry Van,212.5,515.93,533.6998553050026,590.0058325166842,561.8528439108434,45.922843910843426
TR-042251,2025-09-24,september,Dry Van,2606.7,4981.33,4898.0903983733615,4703.69337619003,4800.891887281696,180.43811271830418
TR-042252,2025-09-24,september,Dry Van,1159.0,2447.3,2449.2343447319563,2433.2096214017947,2441.2219830668755,6.0780169331246725
TR-042253,2025-09-24,september,Flatbed,2284.0,4771.94,4551.880231415676,4428.136829520245,4490.00853046796,281.93146953203996
TR-042254,2025-09-24,september,Dry Van,1497.1,2881.01,2864.1366613952982,2838.3945738346047,2851.265617614951,29.744382385048993
TR-042255,2025-09-24,september,Dry Van,2929.9,5092.81,5272.458656768434,5109.352230124401,5190.905443446418,98.09544344641745
TR-042256,2025-09-24,september,Dry Van,792.6,1789.16,1757.8238741450027,1752.8799773463882,1755.3519257456956,33.80807425430453
TR-042257,2025-09-24,september,Reefer,994.1,2331.54,2265.572052636084,2252.6696934909323,2259.120873063508,72.41912693649192
TR-042258,2025-09-24,september,Dry Van,871.4,1886.18,1887.8309951650651,1888.2538580792802,1888.0424266221726,1.8624266221725065
TR-042259,2025-09-24,september,Dry Van,1028.1,681.3,2027.5444912711093,2023.9694038199912,2025.7569475455502,1344.4569475455503
TR-042260,2025-09-25,september,Dry Van,278.9,717.72,685.2655588322335,731.4211311273718,708.3433449798026,9.376655020197404
TR-042261,2025-09-25,september,Reefer,730.5,1756.86,1679.480983369559,1679.9694572261728,1679.725220297866,77.13477970213398
TR-042262,2025-09-25,september,Dry Van,1148.3,2355.19,2393.8664932794036,2405.740340361213,2399.8034168203085,44.61341682030843
TR-042263,2025-09-25,september,Dry Van,1338.7,2682.7,2684.5578993057097,2680.6598904320654,2682.6088948688875,0.09110513111227192
TR-042264,2025-09-25,september,Reefer,1277.3,3126.04,2885.388946792302,2954.192834166339,2919.7908904793203,206.24910952067967
TR-042265,2025-09-25,september,Reefer,2696.1,5887.74,5656.943826934763,5495.815763552639,5576.379795243701,311.360204756299
TR-042266,2025-09-25,september,Flatbed,1745.6,4133.57,3742.8103867039854,3765.0884699910193,3753.9494283475024,379.62057165249735
TR-042267,2025-09-25,september,Flatbed,730.8,1756.17,1699.6718315750131,1695.5519525776647,1697.6118920763388,58.55810792366128
TR-042268,2025-09-25,september,Reefer,2213.1,4584.97,4414.517087530613,4290.764138978988,4352.6406132548,232.32938674520028
TR-042269,2025-09-25,september,Reefer,624.8,1605.89,1573.7824973948561,1564.42603140825,1569.104264401553,36.78573559844699
TR-042270,2025-09-25,september,Dry Van,536.9,1147.94,1122.1494263159086,1142.7232932482214,1132.436359782065,15.503640217935072
TR-042271,2025-09-25,september,Dry Van,2765.7,5084.53,5051.451997372961,4899.444093044347,4975.448045208654,109.0819547913461
TR-042272,2025-09-25,september,Flatbed,2624.6,5681.94,5223.53379077553,5083.626125423725,5153.579958099628,528.3600419003715
TR-042273,2025-09-25,september,Reefer,599.6,1482.22,1400.7386172154029,1409.0184262683642,1404.8785217418836,77.34147825811647
TR-042274,2025-09-25,september,Reefer,540.5,1396.36,1341.8371855314329,1358.3290547495112,1350.0831201404721,46.27687985952775
TR-042275,2025-09-25,september,Dry Van,2638.7,4739.76,4699.337245548266,4481.14951100319,4590.243378275728,149.51662172427223
TR-042276,2025-09-25,september,Reefer,774.9,1909.96,1835.2030751509512,1831.526679514918,1833.3648773329346,76.59512266706543
TR-042277,2025-09-25,september,Dry Van,821.7,1794.23,1786.425695027548,1770.9893491941632,1778.7075221108557,15.522477889144284
TR-042278,2025-09-25,september,Dry Van,556.2,1233.72,1215.7492300282247,1217.1379911936267,1216.4436106109256,17.27638938907444
TR-042279,2025-09-25,september,Reefer,575.4,1495.26,1394.1895208094757,1395.461200508405,1394.8253606589403,100.43463934105966
TR-042280,2025-09-25,september,Reefer,840.1,1961.16,1912.8718824948812,1912.6966148424012,1912.7842486686413,48.37575133135874
TR-042281,2025-09-25,september,Dry Van,368.3,870.43,861.7243288642228,896.6189502218383,879.1716395430306,8.741639543030601
TR-042282,2025-09-25,september,Flatbed,289.2,804.31,763.8572532239706,802.5187106223041,783.1879819231374,21.12201807686256
TR-042283,2025-09-25,september,Reefer,2045.8,4348.33,4161.020605809235,4083.101458588646,4122.061032198941,226.26896780105926
TR-042284,2025-09-25,september,Dry Van,1329.7,2592.04,2669.4373721577276,2605.2766695346545,2637.357020846191,45.3170208461911
TR-042285,2025-09-25,september,Reefer,895.7,2109.59,1967.901868367775,1991.7622617666661,1979.8320650672206,129.75793493277956
TR-042286,2025-09-25,september,Dry Van,692.8,1611.88,1586.934135951867,1574.6832646573002,1580.8087003045835,31.071299695416656
TR-042287,2025-09-25,september,Flatbed,923.8,2240.76,2091.9074365149327,2086.003169285376,2088.9553029001545,151.80469709984573
TR-042288,2025-09-25,september,Dry Van,3180.2,5578.56,5581.825221532325,5374.705619807397,5478.265420669861,100.29457933013964
TR-042289,2025-09-25,september,Reefer,1897.2,4226.82,3963.8875626716144,3905.334837537789,3934.6112001047018,292.20879989529794
TR-042290,2025-09-25,september,Flatbed,649.7,1656.6,1531.1859066624538,1498.7348282659116,1514.9603674641826,141.63963253581733
TR-042291,2025-09-25,september,Dry Van,353.9,826.89,825.4498218409763,877.1509550709029,851.3003884559396,24.410388455939596
TR-042292,2025-09-25,september,Dry Van,334.4,866.09,833.4926521985075,869.0127554980804,851.252703848294,14.837296151706028
TR-042293,2025-09-25,september,Reefer,384.8,1042.68,995.6281503942104,1042.8632801648075,1019.2457152795089,23.434284720491178
TR-042294,2025-09-25,september,Dry Van,305.7,708.86,705.4149858038699,769.8811105482812,737.6480481760755,28.78804817607545
TR-042295,2025-09-25,september,Dry Van,367.4,857.15,862.5540998856249,895.272374564669,878.913237225147,21.76323722514701
TR-042296,2025-09-25,september,Reefer,1013.4,2558.09,2458.1186285097024,2444.381763431259,2451.2501959704805,106.83980402951966
TR-042297,2025-09-25,september,Dry Van,1028.3,2094.08,2075.8534875737455,2066.641503825945,2071.2474956998453,22.832504300154596
TR-042298,2025-09-25,september,Dry Van,780.4,1663.96,1663.154292293384,1650.8210969522565,1656.9876946228203,6.972305377179737
TR-042299,2025-09-25,september,Dry Van,1966.7,3819.58,3839.5573077036656,3704.2745767857455,3771.9159422447055,47.66405775529438
TR-042300,2025-09-25,september,Dry Van,2610.9,4914.29,4759.141329854237,4728.586399051351,4743.863864452794,170.4261355472063
TR-042301,2025-09-25,september,Flatbed,3113.3,6534.49,6046.048168558764,5932.843793613796,5989.44598108628,545.0440189137198
TR-042302,2025-09-25,september,Dry Van,371.1,349.14,881.5239126998136,896.6849778306503,889.104445265232,539.964445265232
TR-042303,2025-09-25,september,Reefer,926.0,2072.67,1968.556979161029,2011.8335424802228,1990.195260820626,82.47473917937418
TR-042304,2025-09-25,september,Reefer,851.2,2009.25,1956.6731162789708,1982.713611589083,1969.6933639340268,39.55663606597318
TR-042305,2025-09-25,september,Flatbed,1314.4,2805.6,2739.5931917288854,2647.628553920673,2693.610872824779,111.9891271752208
TR-042306,2025-09-25,september,Dry Van,872.8,1888.51,1847.098617236242,1852.6219558601483,1849.8602865481953,38.6497134518047
TR-042307,2025-09-25,september,Reefer,969.8,2359.77,2285.9920990531614,2322.793644208561,2304.392871630861,55.37712836913897
TR-042308,2025-09-25,september,Dry Van,455.1,1027.96,1012.1378502195477,1046.2398481635341,1029.1888491915408,1.228849191540803
TR-042309,2025-09-25,september,Dry Van,697.3,1591.11,1534.1794271002577,1526.506571400319,1530.3429992502884,60.76700074971154
TR-042310,2025-09-25,september,Dry Van,1500.8,2812.37,2824.1318095610927,2845.911234399666,2835.0215219803795,22.651521980379584
TR-042311,2025-09-25,september,Reefer,1569.4,3643.04,3422.7954366507206,3407.05622781856,3414.9258322346404,228.11416776535953
TR-042312,2025-09-25,september,Reefer,661.3,1603.47,1607.9774596343339,1594.2215451142552,1601.0995023742944,2.3704976257056387
TR-042313,2025-09-25,september,Reefer,2010.9,4294.08,4132.851654626794,4028.584657388336,4080.718156007565,213.36184399243484
TR-042314,2025-09-25,september,Dry Van,316.8,800.37,784.4963842657666,844.0432309288203,814.2698075972935,13.899807597293488
TR-042315,2025-09-25,september,Flatbed,716.9,1799.66,1752.0476039258729,1724.024380342534,1738.0359921342033,61.624007865796784
TR-042316,2025-09-25,september,Dry Van,1466.3,2828.46,2785.6580074048547,2819.8841767754698,2802.7710920901623,25.68890790983778
TR-042317,2025-09-25,september,Dry Van,1296.1,2614.01,2572.1222560386495,2617.2972136831054,2594.7097348608777,19.30026513912253
TR-042318,2025-09-25,september,Flatbed,1049.9,2351.77,2175.0042270909394,2111.349295783786,2143.176761437363,208.593238562637
TR-042319,2025-09-25,september,Dry Van,2379.6,4229.68,4274.035573781918,4156.994721883924,4215.515147832921,14.164852167079516
TR-042320,2025-09-25,september,Dry Van,545.6,1135.51,1135.347294463869,1139.4945032854403,1137.4208988746545,1.9108988746545492
TR-042321,2025-09-25,september,Dry Van,728.4,1636.35,1595.3369257997672,1624.677911899617,1610.007418849692,26.34258115030798
TR-042322,2025-09-25,september,Dry Van,2464.0,4626.49,4459.097953205762,4318.994727565928,4389.046340385845,237.44365961415497
TR-042323,2025-09-25,september,Reefer,1304.7,2890.62,2851.96936909982,2811.4155846710396,2831.6924768854296,58.92752311457025
TR-042324,2025-09-25,september,Dry Van,327.2,816.62,818.2237201623644,842.5641007961572,830.3939104792607,13.773910479260735
TR-042325,2025-09-25,september,Dry Van,817.1,1719.66,1668.6244799137276,1702.6172615515052,1685.6208707326164,34.039129267383714
TR-042326,2025-09-25,september,Reefer,940.1,2209.21,2181.3763609001776,2137.082247790764,2159.229304345471,49.98069565452897
TR-042327,2025-09-25,september,Dry Van,2786.1,5345.03,5156.677286823098,4939.035575115749,5047.856430969424,297.1735690305759
TR-042328,2025-09-25,september,Dry Van,1323.0,2616.64,2484.8134157496406,2500.3489524033785,2492.5811840765095,124.05881592349033
TR-042329,2025-09-25,september,Flatbed,344.8,940.28,895.1620262794099,951.3602264526978,923.2611263660539,17.0188736339461
TR-042330,2025-09-25,september,Dry Van,479.9,1116.95,1074.6640499894131,1076.7967331658174,1075.7303915776151,41.21960842238491
TR-042331,2025-09-25,september,Dry Van,807.5,1760.83,1701.8138118753416,1714.9907597448785,1708.40228581011,52.42771418988991
TR-042332,2025-09-25,september,Dry Van,1172.6,2281.31,2238.916167941585,2244.997127307219,2241.956647624402,39.35335237559775
TR-042333,2025-09-25,september,Flatbed,798.6,1963.71,1859.007273292129,1817.091102179947,1838.049187736038,125.66081226396204
TR-042334,2025-09-25,september,Flatbed,1222.6,2622.01,2576.295365050648,2546.3582106327785,2561.326787841713,60.683212158287006
TR-042335,2025-09-25,september,Dry Van,2954.6,5614.38,5434.939128421607,5266.0137977252525,5350.47646307343,263.90353692657027
TR-042336,2025-09-25,september,Flatbed,1543.4,3330.13,3174.670227691962,3133.9599347462836,3154.3150812191225,175.81491878087763
TR-042337,2025-09-25,september,Dry Van,645.7,1498.05,1441.3764074371084,1429.548062413258,1435.462234925183,62.58776507481684
TR-042338,2025-09-25,september,Dry Van,1105.4,2239.53,2209.177309547615,2197.3496513299683,2203.2634804387917,36.2665195612085
TR-042339,2025-09-25,september,Dry Van,888.9,1851.15,1821.1601003203486,1847.3139732765924,1834.2370367984704,16.912963201529692
TR-042340,2025-09-25,september,Reefer,609.4,1534.73,1502.4983512110607,1482.643348540228,1492.5708498756444,42.15915012435562
TR-042341,2025-09-25,september,Dry Van,478.1,1083.05,1082.3710577762806,1103.4011072458943,1092.8860825110874,9.836082511087398
TR-042342,2025-09-25,september,Flatbed,538.6,1361.77,1261.7098122020939,1272.506959283197,1267.1083857426454,94.66161425735459
TR-042343,2025-09-25,september,Dry Van,1050.1,2143.1,2112.2195517936625,2106.695595556161,2109.457573674912,33.642426325087854
TR-042344,2025-09-25,september,Dry Van,1561.7,3123.92,3157.1818650797572,3131.5002666035352,3144.341065841646,20.42106584164594
TR-042345,2025-09-25,september,Dry Van,1427.8,2814.56,2710.6263423885116,2713.0010324947775,2711.8136874416446,102.74631255835538
TR-042346,2025-09-25,september,Dry Van,735.8,1623.43,1553.7814586978157,1580.9576514130404,1567.369555055428,56.060444944572055
TR-042347,2025-09-25,september,Dry Van,791.7,1738.95,1672.5074403505785,1634.4589731293759,1653.483206739977,85.466793260023
TR-042348,2025-09-25,september,Dry Van,1658.2,3114.73,3130.6484580740066,3142.197707110294,3136.4230825921504,21.693082592150404
TR-042349,2025-09-25,september,Flatbed,317.1,828.58,769.688117053388,815.3438702470266,792.5159936502073,36.06400634979275
TR-042350,2025-09-25,september,Flatbed,964.9,2160.03,2012.4526480360105,2050.0100073083486,2031.2313276721795,128.79867232782067
TR-042351,2025-09-25,september,Flatbed,224.2,714.4,663.4529017899516,729.2376114984286,696.3452566441902,18.05474335580982
TR-042352,2025-09-25,september,Dry Van,1028.9,2033.38,1958.0373713385018,2005.8695064727417,1981.9534389056216,51.426561094378485
TR-042353,2025-09-25,september,Dry Van,877.6,1867.63,1850.0408504120205,1878.5233313549734,1864.282090883497,3.3479091165031605
TR-042354,2025-09-25,september,Flatbed,363.4,3286.31,963.0773372964601,1014.1748229158757,988.6260801061678,2297.6839198938324
TR-042355,2025-09-25,september,Dry Van,1041.1,2228.56,2219.7573189055274,2208.5451989765584,2214.151258941043,14.40874105895682
TR-042356,2025-09-25,september,Dry Van,838.3,1708.13,1725.241047285683,1697.5738508368174,1711.4074490612502,3.2774490612500813
TR-042357,2025-09-25,september,Dry Van,742.2,1571.24,1548.7825271490296,1573.316286650738,1561.0494068998837,10.190593100116303
TR-042358,2025-09-25,september,Reefer,188.4,602.47,579.1441606703115,631.3190489974133,605.2316048338624,2.761604833862407
TR-042359,2025-09-25,september,Reefer,993.5,2259.41,2164.3622805114705,2197.798163438244,2181.0802219748575,78.32977802514233
TR-042360,2025-09-25,september,Flatbed,190.9,577.07,539.553644799928,594.8344608424454,567.1940528211867,9.875947178813362
TR-042361,2025-09-25,september,Reefer,520.6,1473.79,1370.180099311381,1375.6546017885628,1372.9173505499718,100.87264945002812
TR-042362,2025-09-25,september,Dry Van,760.2,1588.38,1536.5874786169213,1543.233253650976,1539.9103661339486,48.46963386605148
TR-042363,2025-09-25,september,Dry Van,137.1,398.95,383.3576710171747,433.77440812216264,408.56603956966865,9.616039569668658
TR-042364,2025-09-25,september,Dry Van,1939.6,3622.14,3714.6329581339724,3658.1044548470377,3686.3687064905052,64.22870649050537
TR-042365,2025-09-25,september,Reefer,471.5,1207.78,1164.9813776863878,1228.243502631602,1196.612440158995,11.167559841004959
TR-042366,2025-09-25,september,Dry Van,1132.5,2122.98,2048.409679751083,2111.4650262246837,2079.937352987883,43.04264701211696
TR-042367,2025-09-25,september,Dry Van,1618.4,3215.91,3207.9689266702276,3162.6480931331685,3185.308509901698,30.601490098301838
TR-042368,2025-09-25,september,Flatbed,2492.5,5313.02,4989.505592617566,4815.316329657166,4902.410961137366,410.6090388626344
TR-042369,2025-09-25,september,Reefer,987.8,2213.6,2161.699032660257,2166.1125672117323,2163.9057999359948,49.694200064005145
TR-042370,2025-09-25,september,Dry Van,694.4,1507.78,1504.5465299727891,1471.5135418600867,1488.030035916438,19.749964083561963
TR-042371,2025-09-25,september,Dry Van,286.8,771.72,752.2154710512117,810.3049129406925,781.260191995952,9.540191995952
TR-042372,2025-09-25,september,Dry Van,599.2,1328.96,1273.358722849949,1286.9768867635175,1280.1678048067333,48.79219519326671
TR-042373,2025-09-25,september,Dry Van,981.8,2118.79,2058.126843258539,2054.0192997066006,2056.0730714825695,62.71692851743046
TR-042374,2025-09-25,september,Dry Van,2276.9,4227.79,4169.257331835217,4100.141509763452,4134.699420799334,93.09057920066607
TR-042375,2025-09-25,september,Dry Van,3025.9,5325.72,5468.939451781639,5148.760516911861,5308.84998434675,16.870015653250448
TR-042376,2025-09-25,september,Dry Van,575.1,1249.91,1210.669489826707,1228.3231637069634,1219.4963267668352,30.4136732331649
TR-042377,2025-09-25,september,Flatbed,625.0,1512.7,1423.0761984510252,1472.9014935333603,1447.9888459921926,64.71115400780741
TR-042378,2025-09-25,september,Flatbed,671.1,1609.45,1518.6866053012113,1506.2373322842468,1512.461968792729,96.98803120727098
TR-042379,2025-09-25,september,Flatbed,886.7,1933.19,1806.1635454192583,1820.1111924462843,1813.1373689327713,120.05263106722873
TR-042380,2025-09-25,september,Dry Van,3058.6,5617.44,5834.892260185496,5446.201046763752,5640.546653474624,23.10665347462418
TR-042381,2025-09-25,september,Dry Van,1713.9,3234.83,3175.9715619515673,3179.838061292674,3177.9048116221206,56.925188377879294
TR-042382,2025-09-25,september,Dry Van,2011.6,3748.42,3626.004199227397,3533.3575426317593,3579.6808709295783,168.73912907042177
TR-042383,2025-09-25,september,Flatbed,1564.7,3423.2,3316.1540942536876,3261.831222290183,3288.9926582719354,134.20734172806442
TR-042384,2025-09-25,september,Dry Van,675.5,1331.03,1307.59434355198,1365.765080930595,1336.6797122412877,5.649712241287716
TR-042385,2025-09-25,september,Flatbed,383.6,1059.91,987.7183837808847,1029.4555023572502,1008.5869430690675,51.32305693093258
TR-042386,2025-09-25,september,Dry Van,708.4,1504.79,1517.34660377467,1525.1977730555682,1521.2721884151192,16.482188415119253
TR-042387,2025-09-25,september,Dry Van,1175.0,2393.85,2353.35970709456,2357.952725413724,2355.656216254142,38.19378374585813
TR-042388,2025-09-25,september,Dry Van,266.2,655.29,656.9969171010031,694.4193490238586,675.7081330624308,20.418133062430798
TR-042389,2025-09-25,september,Flatbed,2189.4,4798.24,4356.337122397503,4322.24034099714,4339.288731697321,458.9512683026787
TR-042390,2025-09-25,september,Dry Van,1145.2,2274.23,2159.48020754382,2228.5622096646152,2194.0212086042175,80.20879139578255
TR-042391,2025-09-25,september,Dry Van,462.8,1041.96,1017.6930790348781,1058.9486153469527,1038.3208471909154,3.639152809084635
TR-042392,2025-09-25,september,Reefer,2673.9,5701.19,5478.2158577220025,5404.143129890779,5441.17949380639,260.0105061936092
TR-042393,2025-09-25,september,Flatbed,2135.2,4495.91,4261.591297049219,4179.230326971077,4220.410812010148,275.49918798985163
TR-042394,2025-09-25,september,Flatbed,556.7,1422.6,1277.7640880889799,1277.3659096078723,1277.564998848426,145.03500115157385
TR-042395,2025-09-25,september,Flatbed,373.5,1011.95,941.5164553830288,992.8654550524507,967.1909552177397,44.75904478226039
TR-042396,2025-09-25,september,Dry Van,628.3,1390.26,1380.680514834806,1412.513547591283,1396.5970312130444,6.3370312130443835
TR-042397,2025-09-25,september,Reefer,1093.2,2470.44,2416.230574918077,2368.526816090139,2392.378695504108,78.06130449589227
TR-042398,2025-09-25,september,Flatbed,574.8,1453.23,1357.3490881190205,1344.114369856079,1350.7317289875498,102.49827101245023
TR-042399,2025-09-25,september,Dry Van,489.0,1097.99,1065.4441841419273,1078.0835764913427,1071.763880316635,26.226119683364914
TR-042400,2025-09-25,september,Flatbed,551.8,1316.62,1347.9486786251098,1350.0235144071262,1348.9860965161179,32.36609651611798
TR-042401,2025-09-25,september,Dry Van,1452.8,3020.08,2916.899960921632,2978.200841048567,2947.5504009850993,72.52959901490067
TR-042402,2025-09-25,september,Reefer,1120.5,2731.0,2574.2469512912817,2557.0618460855426,2565.654398688412,165.34560131158787
TR-042403,2025-09-25,september,Reefer,281.1,752.07,717.7726771435491,777.0293486663872,747.4010129049682,4.668987095031866
TR-042404,2025-09-25,september,Dry Van,90.0,265.12,253.89404638903625,348.1338887609088,301.0139675749725,35.89396757497252
TR-042405,2025-09-25,september,Reefer,214.9,696.53,656.6747816337684,730.0390679324958,693.3569247831321,3.1730752168679146
TR-042406,2025-09-25,september,Flatbed,784.0,1937.24,1780.4206935915006,1831.8520861510701,1806.1363898712852,131.10361012871476
TR-042407,2025-09-25,september,Reefer,2873.9,5952.63,5610.569019612138,5506.094665240326,5558.3318424262325,394.29815757376764
TR-042408,2025-09-25,september,Flatbed,2018.2,4370.79,4083.529525001924,4040.418994987025,4061.974259994475,308.8157400055252
TR-042409,2025-09-25,september,Dry Van,2667.0,4989.37,4853.502825553454,4724.32004243962,4788.911433996537,200.4585660034627
TR-042410,2025-09-25,september,Flatbed,1131.0,2618.46,2364.2897655960114,2414.6570140880267,2389.473389842019,228.98661015798098
TR-042411,2025-09-25,september,Dry Van,1961.4,3714.77,3589.090573787613,3585.8468166660605,3587.4686952268366,127.30130477316334
TR-042412,2025-09-25,september,Dry Van,946.0,1882.15,1875.895289190637,1893.9106045708331,1884.902946880735,2.752946880734953
TR-042413,2025-09-25,september,Dry Van,727.8,1660.95,1604.293162040259,1621.8761357717585,1613.0846489060086,47.86535109399142
TR-042414,2025-09-26,september,Dry Van,2083.6,3924.21,3916.3008793485883,3835.254628902522,3875.7777541255555,48.43224587444456
TR-042415,2025-09-26,september,Dry Van,658.3,1313.9,1322.0483046064423,1342.2957992170682,1332.1720519117553,18.27205191175517
TR-042416,2025-09-26,september,Dry Van,851.0,1851.14,1815.8041122116188,1844.9388170604238,1830.3714646360213,20.7685353639788
TR-042417,2025-09-26,september,Reefer,872.7,2224.97,2192.7363447047,2138.828639725909,2165.7824922153045,59.1875077846953
TR-042418,2025-09-26,september,Reefer,1162.4,2788.7,2726.8553208545027,2714.872107471776,2720.8637141631393,67.8362858368605
TR-042419,2025-09-26,september,Flatbed,1356.3,2953.83,2873.2292391457067,2911.9057365712724,2892.5674878584896,61.26251214151034
TR-042420,2025-09-26,september,Flatbed,1113.0,2436.98,2415.687102632817,2335.3225519428743,2375.5048272878457,61.47517271215429
TR-042421,2025-09-26,september,Reefer,271.0,710.92,679.2453735751134,734.2577620621157,706.7515678186146,4.168432181385356
TR-042422,2025-09-26,september,Dry Van,1918.5,3595.49,3513.004494244731,3530.7826168223573,3521.8935555335443,73.59644446645552
TR-042423,2025-09-26,september,Dry Van,178.8,438.63,448.8966482325701,455.93200140048,452.41432481652504,13.784324816525043
TR-042424,2025-09-26,september,Flatbed,336.7,893.91,823.5389986570171,901.4482151198499,862.4936068884335,31.416393111566435
TR-042425,2025-09-26,september,Reefer,486.5,1258.11,1172.5878408206725,1203.4236618574187,1188.0057513390457,70.10424866095423
TR-042426,2025-09-26,september,Reefer,936.9,2316.54,2195.943688159946,2187.897063538636,2191.920375849291,124.61962415070911
TR-042427,2025-09-26,september,Flatbed,320.4,917.99,848.2529680101451,905.3035723115659,876.7782701608555,41.21172983914448
TR-042428,2025-09-26,september,Dry Van,502.1,1235.8,1187.6706564739582,1199.632092922267,1193.6513746981127,42.14862530188725
TR-042429,2025-09-26,september,Flatbed,2902.6,5847.69,5467.781905452548,5260.760134810088,5364.271020131318,483.41897986868116
TR-042430,2025-09-26,september,Dry Van,314.7,827.54,800.1046880449004,832.8628730736987,816.4837805592995,11.056219440700488
TR-042431,2025-09-26,september,Dry Van,824.6,1730.12,1778.6236324599613,1812.433965338414,1795.5287988991877,65.40879889918779
TR-042432,2025-09-26,september,Dry Van,1392.0,2799.82,2804.072275958312,2858.1702832534756,2831.1212796058935,31.301279605893342
TR-042433,2025-09-26,september,Reefer,853.6,2000.12,1880.988497854664,1916.520346092471,1898.7544219735676,101.36557802643233
TR-042434,2025-09-26,september,Reefer,618.7,1506.38,1523.7123835626214,1484.5697009802152,1504.1410422714184,2.2389577285816813
TR-042435,2025-09-26,september,Reefer,1463.9,3221.62,3191.1508927545074,3175.1581796452324,3183.1545361998697,38.46546380013024
TR-042436,2025-09-26,september,Dry Van,954.1,1913.19,1859.3251393324667,1881.337709477189,1870.3314244048279,42.85857559517217
TR-042437,2025-09-26,september,Dry Van,318.6,764.33,745.2092976656323,772.0037703578082,758.6065340117202,5.723465988279827
TR-042438,2025-09-26,september,Dry Van,1445.9,7197.15,2889.8430078408396,2874.9180712875423,2882.380539564191,4314.7694604358085
TR-042439,2025-09-26,september,Reefer,109.3,331.48,313.87221343418577,376.44106507810375,345.1566392561448,13.676639256144767
TR-042440,2025-09-26,september,Flatbed,1858.8,4225.65,3930.101539421378,3799.614188812242,3864.85786411681,360.79213588318953
TR-042441,2025-09-26,september,Dry Van,1583.4,3139.51,3008.9538020693203,3060.8767512320446,3034.9152766506822,104.59472334931797
TR-042442,2025-09-26,september,Reefer,2081.4,4386.98,4277.226661593284,4218.29139229219,4247.759026942736,139.2209730572631
TR-042443,2025-09-26,september,Dry Van,608.3,1267.35,1276.4140498423176,1293.7404366116732,1285.0772432269955,17.727243226995597
TR-042444,2025-09-26,september,Flatbed,276.7,803.21,725.7557602932291,796.5029613147192,761.1293608039741,42.08063919602591
TR-042445,2025-09-26,september,Flatbed,861.0,2102.08,1978.0874365363711,1979.1352546480061,1978.6113455921886,123.4686544078113
TR-042446,2025-09-26,september,Dry Van,2459.5,4777.51,4629.17442597639,4554.2813931007,4591.727909538546,185.78209046145457
TR-042447,2025-09-26,september,Dry Van,341.1,837.27,823.2736086890677,843.958891390557,833.6162500398124,3.6537499601876107
TR-042448,2025-09-26,september,Dry Van,325.4,772.63,762.6844859202614,784.2432117167882,773.4638488185249,0.8338488185248707
TR-042449,2025-09-26,september,Reefer,2248.1,4595.52,4543.721475410264,4389.837283006541,4466.779379208403,128.7406207915974
TR-042450,2025-09-26,september,Dry Van,1419.7,3035.82,2891.832347484951,2891.9442691712566,2891.8883083281034,143.93169167189671
TR-042451,2025-09-26,september,Reefer,591.7,1621.3,1553.294421152287,1553.5626856212325,1553.4285533867596,67.87144661324032
TR-042452,2025-09-26,september,Dry Van,479.2,1129.55,1122.581657283083,1142.1688177067585,1132.3752374949208,2.8252374949208843
TR-042453,2025-09-26,september,Dry Van,840.2,5949.01,1613.7741778134618,1617.0350199187417,1615.4045988661019,4333.605401133898
TR-042454,2025-09-26,september,Dry Van,665.1,1498.77,1416.7468450479698,1418.0287506731106,1417.38779786054,81.38220213945988
TR-042455,2025-09-26,september,Dry Van,2002.4,3769.39,3675.1829041513465,3590.807877934805,3632.995391043076,136.394608956924
TR-042456,2025-09-26,september,Reefer,819.2,2016.06,1957.6878742612234,1955.8967870289127,1956.792330645068,59.26766935493197
TR-042457,2025-09-26,september,Dry Van,671.5,1452.6,1382.4413895185544,1430.8751075831337,1406.658248550844,45.941751449155845
TR-042458,2025-09-26,september,Dry Van,1962.7,3944.75,3732.713838956348,3661.942025066197,3697.3279320112724,247.42206798872758
TR-042459,2025-09-26,september,Dry Van,639.9,476.98,1330.0307687439174,1354.153866739526,1342.0923177417217,865.1123177417217
TR-042460,2025-09-26,september,Reefer,854.3,1954.77,1819.3918628023425,1869.6977940692384,1844.5448284357904,110.22517156420963
TR-042461,2025-09-26,september,Flatbed,977.6,2346.68,2165.542279442461,2205.85642620853,2185.6993528254957,160.98064717450416
TR-042462,2025-09-26,september,Flatbed,2357.3,5213.61,4814.626188245925,4715.923297776408,4765.274743011167,448.33525698883295
TR-042463,2025-09-26,september,Dry Van,2397.0,4288.85,4237.167765978884,4114.409743321837,4175.788754650361,113.06124534963965
TR-042464,2025-09-26,september,Dry Van,526.5,1171.1,1138.995342207767,1171.2668871268606,1155.1311146673138,15.968885332686114
TR-042465,2025-09-26,september,Dry Van,2282.6,4309.85,4249.375243275381,4172.115401557507,4210.745322416444,99.10467758355662
TR-042466,2025-09-26,september,Dry Van,957.3,1991.22,1974.039022023373,1986.4396065143978,1980.2393142688854,10.98068573111459
TR-042467,2025-09-26,september,Dry Van,1230.1,2363.42,2354.3492864962277,2350.908699492969,2352.6289929945983,10.791007005401752
TR-042468,2025-09-26,september,Flatbed,1772.4,3795.38,3591.029697617042,3540.19135810814,3565.610527862591,229.76947213740914
TR-042469,2025-09-26,september,Dry Van,1178.6,2366.45,2338.966658817893,2317.519217858904,2328.2429383383987,38.207061661601074
TR-042470,2025-09-26,september,Dry Van,200.6,486.54,479.2967867936879,576.3531551044082,527.8249709490481,41.284970949048045
TR-042471,2025-09-26,september,Dry Van,1837.7,3358.71,3385.813571231184,3293.3798943139964,3339.5967327725903,19.11326722740978
TR-042472,2025-09-26,september,Reefer,739.1,1934.7,1902.2013706685182,1859.9615780223635,1881.0814743454407,53.618525654559335
TR-042473,2025-09-26,september,Dry Van,1820.6,3463.26,3483.6538832867814,3515.9137381899473,3499.783810738364,36.52381073836386
TR-042474,2025-09-26,september,Dry Van,561.4,1226.42,1233.3767084738597,1225.0695044131849,1229.2231064435223,2.8031064435222106
TR-042475,2025-09-26,september,Reefer,2018.6,4536.04,4338.721705310346,4292.258088846576,4315.489897078462,220.55010292153838
TR-042476,2025-09-26,september,Flatbed,316.2,867.93,831.5530656688318,877.6525813747669,854.6028235217993,13.327176478200613
TR-042477,2025-09-26,september,Dry Van,298.5,717.39,707.7324433969342,781.52152506125,744.6269842290922,27.236984229092172
TR-042478,2025-09-26,september,Reefer,521.4,1486.08,1408.0203835985694,1416.0418067248042,1412.0310951616868,74.04890483831309
TR-042479,2025-09-26,september,Dry Van,487.6,1078.07,1044.4441722620081,1056.4431079782591,1050.4436401201338,27.626359879866186
TR-042480,2025-09-26,september,Dry Van,365.4,855.88,846.6695568979022,880.7698352493644,863.7196960736333,7.839696073633263
TR-042481,2025-09-26,september,Dry Van,485.7,1126.38,1122.901480515324,1147.876083491168,1135.388782003246,9.00878200324587
TR-042482,2025-09-26,september,Dry Van,1141.6,2335.12,2270.3165403967455,2244.1476262947567,2257.232083345751,77.88791665424878
TR-042483,2025-09-26,september,Dry Van,2177.4,4188.51,4112.074710574442,4042.897122703089,4077.4859166387655,111.02408336123472
TR-042484,2025-09-26,september,Dry Van,424.1,1036.67,1027.9254552549048,1065.719350303831,1046.822402779368,10.152402779368003
TR-042485,2025-09-26,september,Dry Van,675.6,1403.1,1392.3123556499995,1421.0666555066873,1406.6895055783434,3.5895055783435055
TR-042486,2025-09-26,september,Flatbed,3114.8,6403.51,5973.866611329158,5864.558601316061,5919.21260632261,484.2973936773906
TR-042487,2025-09-26,september,Flatbed,1692.0,3634.68,3415.0104744340315,3410.902950371088,3412.95671240256,221.72328759744005
TR-042488,2025-09-26,september,Flatbed,2006.3,4184.34,3959.7251735092627,3792.0535441516586,3875.889358830461,308.45064116953927
TR-042489,2025-09-26,september,Reefer,961.5,2363.97,2194.0975073153368,2213.2938994017018,2203.6957033585195,160.2742966414803
TR-042490,2025-09-26,september,Flatbed,538.6,1438.09,1317.9063984040822,1294.8773543412944,1306.3918763726883,131.6981236273116
TR-042491,2025-09-26,september,Reefer,1610.5,3636.61,3527.079126963407,3444.9443276147085,3486.0117272890575,150.59827271094264
TR-042492,2025-09-26,september,Flatbed,686.4,1632.67,1549.711508588891,1552.834456146,1551.2729823674456,81.39701763255448
TR-042493,2025-09-26,september,Dry Van,762.4,1583.25,1578.8354619966585,1567.249757914722,1573.0426099556903,10.207390044309705
TR-042494,2025-09-26,september,Flatbed,1974.8,4072.03,3927.8974178403055,3829.846812089495,3878.8721149649,193.1578850351002
TR-042495,2025-09-26,september,Reefer,620.3,1455.84,1420.3956030191032,1432.9960493063572,1426.69582616273,29.14417383726982
TR-042496,2025-09-26,september,Dry Van,1257.2,2488.14,2438.6412722928694,2463.136776096744,2450.8890241948066,37.25097580519332
TR-042497,2025-09-26,september,Reefer,952.5,2108.81,2011.3196057042815,2037.2014316032476,2024.2605186537644,84.54948134623555
TR-042498,2025-09-26,september,Flatbed,445.0,1117.43,1026.9411135454448,1057.496210790757,1042.2186621681008,75.2113378318993
TR-042499,2025-09-26,september,Dry Van,622.7,1343.06,1348.75288923539,1372.416767843844,1360.5848285396169,17.52482853961692
TR-042500,2025-09-26,september,Dry Van,1091.4,2082.19,2014.7582686599628,2106.8685239819924,2060.8133963209775,21.376603679022537
TR-042501,2025-09-26,september,Reefer,1894.6,4204.51,4083.8024704745303,4092.183341333025,4087.9929059037777,116.51709409622254
TR-042502,2025-09-26,september,Flatbed,1811.5,3876.29,3743.211115353834,3729.5262254390204,3736.368670396427,139.92132960357276
TR-042503,2025-09-26,september,Reefer,1011.3,2423.56,2291.4433815966268,2262.2270121192073,2276.8351968579173,146.7248031420827
TR-042504,2025-09-26,september,Reefer,502.2,1323.85,1286.7164010738773,1314.8721129249143,1300.7942569993957,23.055743000604252
TR-042505,2025-09-26,september,Reefer,906.5,2343.57,2220.542009362292,2203.6975071755132,2212.119758268903,131.45024173109732
TR-042506,2025-09-26,september,Reefer,1564.3,3422.31,3318.4405406699907,3281.78266373764,3300.1116022038154,122.19839779618451
TR-042507,2025-09-26,september,Dry Van,2319.4,4348.13,4232.01891904098,4139.60302472185,4185.810971881415,162.31902811858527
TR-042508,2025-09-26,september,Dry Van,3102.5,5711.86,5603.022442062645,5459.93549746864,5531.478969765642,180.38103023435724
TR-042509,2025-09-26,september,Dry Van,1205.5,2446.06,2500.4807207063755,2441.8529746082672,2471.1668476573213,25.106847657321396
TR-042510,2025-09-26,september,Reefer,2042.5,4401.36,4248.452706222967,4124.578115012964,4186.515410617965,214.84458938203443
TR-042511,2025-09-26,september,Dry Van,586.9,1276.3,1256.1075979832742,1263.9396748199185,1260.0236364015964,16.276363598403577
TR-042512,2025-09-26,september,Flatbed,2647.5,5677.85,5185.7522701052,5138.143653299945,5161.947961702573,515.9020382974277
TR-042513,2025-09-26,september,Dry Van,126.7,373.96,357.65683816025165,420.665559593049,389.16119887665036,15.20119887665038
TR-042514,2025-09-26,september,Flatbed,1497.7,1005.85,3130.0410373073496,3070.640967509631,3100.3410024084906,2094.4910024084907
TR-042515,2025-09-26,september,Flatbed,686.1,1504.47,1443.5731091479156,1429.839903718178,1436.7065064330468,67.76349356695323
TR-042516,2025-09-26,september,Reefer,1765.1,3972.93,3750.2344179463994,3743.8318362732607,3747.0331271098303,225.89687289016956
TR-042517,2025-09-26,september,Reefer,2097.9,4452.33,4419.09485592569,4299.512514932971,4359.3036854293305,93.02631457066946
TR-042518,2025-09-26,september,Reefer,1608.3,3515.61,3478.815865804701,3432.8267124646213,3455.821289134661,59.788710865339
TR-042519,2025-09-26,september,Dry Van,2046.0,3844.97,3730.510375731188,3644.5161366649127,3687.5132561980504,157.45674380194941
TR-042520,2025-09-26,september,Reefer,1295.4,2842.44,2784.7746471129435,2736.5102543887647,2760.642450750854,81.79754924914596
TR-042521,2025-09-26,september,Reefer,1033.3,2536.06,2426.153621458921,2434.297066966781,2430.2253442128513,105.83465578714868
TR-042522,2025-09-26,september,Reefer,846.8,2157.59,2126.6647657671306,2076.0371657353458,2101.350965751238,56.23903424876198
TR-042523,2025-09-26,september,Reefer,1400.0,3229.8,3082.4537465238736,3126.986274896718,3104.720010710296,125.07998928970437
TR-042524,2025-09-26,september,Dry Van,1790.0,3380.7,3393.9884698848614,3363.928040775061,3378.9582553299615,1.7417446700383152
TR-042525,2025-09-26,september,Dry Van,1011.6,1945.45,1903.3444885097915,1913.9155886800636,1908.6300385949276,36.81996140507249
TR-042526,2025-09-26,september,Reefer,221.0,700.79,670.0847031700144,746.430307735279,708.2575054526467,7.467505452646719
TR-042527,2025-09-26,september,Reefer,230.0,602.06,575.6697020193409,631.7824786023064,603.7260903108236,1.6660903108236198
TR-042528,2025-09-26,september,Dry Van,1581.1,3003.63,2961.7054017567816,2988.652149975479,2975.1787758661303,28.4512241338698
TR-042529,2025-09-26,september,Flatbed,692.3,1638.01,1535.5920631993852,1506.5207270209764,1521.0563951101808,116.95360488981919
TR-042530,2025-09-26,september,Reefer,1463.2,3511.37,3299.0426873114534,3283.1108602456384,3291.076773778546,220.293226221454
TR-042531,2025-09-26,september,Dry Van,751.6,1592.95,1588.2672751512434,1587.7361189560822,1588.0016970536628,4.948302946337208
TR-042532,2025-09-26,september,Reefer,1380.5,3013.31,2864.435543106257,2882.8636291601006,2873.6495861331787,139.66041386682127
TR-042533,2025-09-26,september,Reefer,166.8,504.51,510.7721431556244,596.05187915139,553.4120111535073,48.90201115350726
TR-042534,2025-09-26,september,Dry Van,2983.6,5547.79,5424.149935032237,5200.854182527795,5312.502058780016,235.28794121998362
TR-042535,2025-09-26,september,Dry Van,2339.9,4132.72,4201.404462259618,4061.733820931006,4131.569141595312,1.150858404687824
TR-042536,2025-09-26,september,Dry Van,858.1,1922.36,1841.976581462289,1881.0674175584288,1861.521999510359,60.83800048964099
TR-042537,2025-09-26,september,Reefer,220.4,679.25,646.8757132946,710.6202033752427,678.7479583349213,0.5020416650786501
TR-042538,2025-09-26,september,Dry Van,273.1,708.81,708.417082546452,768.8138831212061,738.615482833829,29.805482833829046
TR-042539,2025-09-26,september,Dry Van,698.6,1546.85,1536.3284607675507,1540.4238136225467,1538.3761371950486,8.473862804951295
TR-042540,2025-09-26,september,Dry Van,851.7,1804.41,1730.8831274631,1768.276909519286,1749.580018491193,54.82998150880712
TR-042541,2025-09-26,september,Dry Van,1076.7,2248.78,2094.1891997538014,2106.3727286632216,2100.2809642085113,148.49903579148895
TR-042542,2025-09-26,september,Reefer,565.0,1472.19,1440.7824062487095,1454.2830455653252,1447.5327259070173,24.65727409298279
TR-042543,2025-09-26,september,Flatbed,1469.5,3356.17,3175.7240749075877,3179.1132667342868,3177.418670820937,178.75132917906285
TR-042544,2025-09-26,september,Dry Van,551.2,1298.09,1259.6536139515345,1249.9203783349576,1254.7869961432461,43.303003856753776
TR-042545,2025-09-26,september,Flatbed,232.3,624.76,594.3354251005095,652.2691938241214,623.3023094623154,1.4576905376845843
TR-042546,2025-09-26,september,Flatbed,725.2,1757.41,1707.1342030025069,1684.8408065635072,1695.987504783007,61.422495216993184
TR-042547,2025-09-26,september,Reefer,1966.8,4356.9,4217.743566186843,4126.936491340433,4172.340028763638,184.5599712363619
TR-042548,2025-09-26,september,Flatbed,255.5,726.29,677.7848659164821,778.6460635237847,728.2154647201335,1.9254647201335047
TR-042549,2025-09-26,september,Reefer,954.1,2116.49,2082.477525680177,2100.286825144901,2091.3821754125393,25.107824587460527
TR-042550,2025-09-26,september,Reefer,819.3,2038.12,1960.0522673786138,1948.2985615578064,1954.17541446821,83.94458553178993
TR-042551,2025-09-26,september,Dry Van,1923.6,3755.51,3640.4186981157054,3597.2884414005803,3618.853569758143,136.65643024185738
TR-042552,2025-09-27,september,Dry Van,1588.4,3268.21,3175.075550194952,3156.9495665142776,3166.012558354615,102.19744164538497
TR-042553,2025-09-27,september,Dry Van,2282.6,4170.77,4121.0088898815975,3972.0500397932824,4046.52946483744,124.24053516256026
TR-042554,2025-09-27,september,Dry Van,1268.5,2525.86,2556.8525411427727,2605.243022735973,2581.0477819393727,55.1877819393726
TR-042555,2025-09-27,september,Reefer,1046.1,2319.48,2311.959656966814,2255.083754624571,2283.5217057956925,35.95829420430755
TR-042556,2025-09-27,september,Dry Van,1973.3,3623.63,3626.9203977735638,3487.6524637619264,3557.286430767745,66.34356923225505
TR-042557,2025-09-27,september,Dry Van,282.1,671.62,655.3908531206371,694.6610507258545,675.0259519232458,3.405951923245766
TR-042558,2025-09-27,september,Dry Van,370.5,875.9,871.036414227611,908.8832532431861,889.9598337353985,14.05983373539857
TR-042559,2025-09-27,september,Flatbed,1150.4,2703.93,2599.713161992922,2603.1515954976344,2601.432378745278,102.49762125472171
TR-042560,2025-09-27,september,Flatbed,723.8,1660.86,1614.7927988133363,1618.8386257760535,1616.815712294695,44.044287705304896
TR-042561,2025-09-27,september,Dry Van,1434.9,2947.68,2844.6835982645407,2846.715839335007,2845.699718799774,101.98028120022582
TR-042562,2025-09-27,september,Dry Van,2042.2,3944.36,3883.668674503643,3769.809729729098,3826.7392021163705,117.62079788362962
TR-042563,2025-09-27,september,Dry Van,1144.1,2402.78,2381.93470923503,2319.319973660899,2350.6273414479647,52.15265855203552
TR-042564,2025-09-27,september,Reefer,1899.1,4038.01,3918.360002196781,3903.472501837202,3910.916252016991,127.09374798300905
TR-042565,2025-09-27,september,Dry Van,1692.6,3409.5,3291.6776465199273,3279.112416465263,3285.395031492595,124.10496850740492
TR-042566,2025-09-27,september,Dry Van,603.0,1308.52,1256.048336431193,1255.1108623633058,1255.5795993972495,52.940400602750515
TR-042567,2025-09-27,september,Reefer,1809.6,4072.33,3906.41235477987,3930.6368163924676,3918.5245855861685,153.8054144138314
TR-042568,2025-09-27,september,Reefer,1748.1,3812.12,3591.0326297422093,3552.652126805664,3571.8423782739364,240.27762172606344
TR-042569,2025-09-27,september,Flatbed,1401.3,2971.41,2889.123534391146,2907.9176786207995,2898.520606505973,72.88939349402699
TR-042570,2025-09-27,september,Dry Van,609.7,1301.34,1293.077910277536,1298.7271692627453,1295.9025397701407,5.437460229859198
TR-042571,2025-09-27,september,Dry Van,1058.2,2120.19,2095.3724049738225,2070.2631498232727,2082.8177773985476,37.37222260145245
TR-042572,2025-09-27,september,Reefer,178.1,584.16,536.157373463114,633.8248532528607,584.9911133579874,0.8311133579874195
TR-042573,2025-09-27,september,Flatbed,663.8,1633.96,1517.9109823069596,1502.9225936936002,1510.41678800028,123.54321199972014
TR-042574,2025-09-27,september,Dry Van,1163.3,2292.18,2220.7969243537163,2268.0973799391404,2244.4471521464284,47.73284785357146
TR-042575,2025-09-27,september,Reefer,291.5,804.32,778.5983181881153,844.8723828278289,811.735350507972,7.4153505079719935
TR-042576,2025-09-27,september,Dry Van,722.3,1583.61,1532.8205937096398,1567.466264509114,1550.143429109377,33.46657089062296
TR-042577,2025-09-27,september,Flatbed,291.6,871.46,791.1641840419014,870.7809378910447,830.9725609664731,40.487439033526925
TR-042578,2025-09-27,september,Dry Van,460.2,1076.42,1064.205268311968,1105.3673053273624,1084.7862868196653,8.36628681966522
TR-042579,2025-09-27,september,Dry Van,1733.0,3190.59,3129.1510991771024,3135.215693405188,3132.183396291145,58.40660370885507
TR-042580,2025-09-27,september,Flatbed,836.3,2002.72,1813.3607373793898,1847.9263718623317,1830.6435546208609,172.07644537913916
TR-042581,2025-09-27,september,Flatbed,951.2,2114.27,2000.7212977058987,2048.3233131463535,2024.522305426126,89.74769457387401
TR-042582,2025-09-27,september,Dry Van,1674.6,3385.79,3248.441268628044,3304.0715735790836,3276.2564211035638,109.53357889643621
TR-042583,2025-09-27,september,Dry Van,1576.5,3171.86,3123.9004536801426,3076.13610487961,3100.018279279876,71.84172072012416
TR-042584,2025-09-27,september,Dry Van,520.1,1119.0,1090.2482947722579,1106.2725692977904,1098.2604320350242,20.739567964975777
TR-042585,2025-09-27,september,Flatbed,170.8,526.16,488.7660496650155,569.4129161300882,529.0894828975519,2.9294828975519067
TR-042586,2025-09-27,september,Dry Van,1093.8,2119.88,2105.4699691348064,2110.213888004923,2107.8419285698646,12.03807143013546
TR-042587,2025-09-27,september,Dry Van,936.2,1875.07,1823.6331890728443,1816.6354210840377,1820.134305078441,54.935694921558934
TR-042588,2025-09-27,september,Dry Van,1055.8,2146.22,2168.157332750208,2143.3739743370556,2155.7656535436317,9.545653543631943
TR-042589,2025-09-27,september,Flatbed,668.4,1692.33,1595.1124179731612,1548.3579822853262,1571.7352001292438,120.5947998707561
TR-042590,2025-09-27,september,Flatbed,554.3,1467.23,1379.1579472756064,1362.4513702046947,1370.8046587401504,96.42534125984957
TR-042591,2025-09-27,september,Flatbed,372.0,965.68,889.7713984911595,937.2565666187695,913.5139825549645,52.166017445035436
TR-042592,2025-09-27,september,Flatbed,527.0,1378.86,1324.5816196856747,1323.4080813098772,1323.994850497776,54.86514950222386
TR-042593,2025-09-27,september,Dry Van,983.7,2043.1,2038.092123463795,2055.019275224604,2046.5556993441994,3.455699344199502
TR-042594,2025-09-27,september,Reefer,959.2,2271.11,2183.5179240916004,2200.405459290338,2191.961691690969,79.14830830903111
TR-042595,2025-09-27,september,Dry Van,1396.8,2706.85,2723.747870604934,2731.7002813288354,2727.724075966885,20.874075966884902
TR-042596,2025-09-27,september,Reefer,2168.1,4509.16,4477.054996923187,4368.1587472917945,4422.606872107491,86.55312789250911
TR-042597,2025-09-27,september,Dry Van,663.4,1407.84,1391.5834537121493,1395.9103277097624,1393.746890710956,14.093109289043923
TR-042598,2025-09-27,september,Dry Van,827.5,1840.77,1821.4267499951513,1845.7702909110023,1833.5985204530768,7.171479546923138
TR-042599,2025-09-27,september,Dry Van,1184.4,2314.18,2282.0169045196762,2370.180751434622,2326.098827977149,11.918827977149249
TR-042600,2025-09-27,september,Reefer,2412.0,5204.12,4909.988042825708,4895.101297398125,4902.544670111916,301.5753298880836
TR-042601,2025-09-27,september,Flatbed,2040.2,4380.96,4016.997745168619,3939.259065306798,3978.1284052377086,402.8315947622914
TR-042602,2025-09-27,september,Dry Van,573.0,1331.02,1259.5709946057316,1277.6789110418263,1268.624952823779,62.39504717622094
TR-042603,2025-09-27,september,Dry Van,415.2,983.64,982.0784635979825,984.2290022037264,983.1537329008545,0.4862670991454934
TR-042604,2025-09-27,september,Reefer,1177.3,2703.71,2588.5431230613567,2551.3040669699712,2569.923595015664,133.78640498433606
TR-042605,2025-09-27,september,Dry Van,2126.6,3878.07,3750.908222661156,3729.1999126705864,3740.054067665871,138.01593233412905
TR-042606,2025-09-27,september,Dry Van,498.5,1157.62,1105.556437082322,1129.9117593927924,1117.7340982375572,39.8859017624427
TR-042607,2025-09-27,september,Dry Van,176.4,490.81,488.77262304909124,535.5470742831249,512.159848666108,21.349848666108016
TR-042608,2025-09-27,september,Dry Van,1722.6,3381.92,3308.3471695051253,3283.2143649590116,3295.7807672320687,86.13923276793139
TR-042609,2025-09-27,september,Dry Van,1183.3,2442.27,2435.3757786534497,2352.8243200443267,2394.100049348888,48.169950651111776
TR-042610,2025-09-27,september,Dry Van,576.3,1321.91,1280.2024269695494,1293.6634177146414,1286.9329223420955,34.9770776579046
TR-042611,2025-09-27,september,Flatbed,463.6,1146.87,1071.1534002792048,1108.3246949025995,1089.7390475909021,57.130952409097745
TR-042612,2025-09-27,september,Dry Van,1828.6,3330.74,3367.9886687491057,3356.2719495208344,3362.13030913497,31.390309134970266
TR-042613,2025-09-27,september,Dry Van,389.7,916.16,897.7430003795703,947.525847836105,922.6344241078376,6.474424107837649
TR-042614,2025-09-27,september,Flatbed,587.1,1361.47,1252.609005832221,1254.1008732770383,1253.3549395546297,108.11506044537032
TR-042615,2025-09-27,september,Dry Van,1211.3,2496.2,2509.0318426540143,2450.04263803241,2479.537240343212,16.662759656787784
TR-042616,2025-09-27,september,Reefer,831.0,1886.36,1856.36483717011,1897.791546305053,1877.0781917375816,9.28180826241828
TR-042617,2025-09-27,september,Reefer,973.4,2156.27,2068.332238318175,2125.5437872277957,2096.9380127729855,59.33198722701445
TR-042618,2025-09-27,september,Dry Van,1151.6,2290.39,2167.0911001874883,2211.927596188343,2189.5093481879157,100.88065181208412
TR-042619,2025-09-27,september,Flatbed,1404.8,3171.04,2938.520666950182,2987.6017922718893,2963.0612296110357,207.97877038896422
TR-042620,2025-09-27,september,Flatbed,1842.9,3802.71,3676.8416437564015,3762.8011966576605,3719.821420207031,82.88857979296881
TR-042621,2025-09-27,september,Dry Van,2159.5,3995.74,3942.9948456284915,3814.309932851765,3878.6523892401283,117.0876107598715
TR-042622,2025-09-27,september,Dry Van,2012.3,3890.78,3835.601456145114,3792.894382816712,3814.247919480913,76.53208051908723
TR-042623,2025-09-27,september,Flatbed,1650.2,3408.02,3308.5296457843547,3229.7665493043814,3269.1480975443683,138.8719024556317
TR-042624,2025-09-27,september,Dry Van,811.9,1700.72,1638.4200055249307,1661.1945867369345,1649.8072961309326,50.9127038690674
TR-042625,2025-09-27,september,Dry Van,615.8,1315.81,1291.3735437586672,1279.164822037147,1285.269182897907,30.540817102092888
TR-042626,2025-09-27,september,Reefer,569.1,1349.68,1329.5746443371281,1320.782497631383,1325.1785709842557,24.501429015744407
TR-042627,2025-09-27,september,Flatbed,1453.8,3325.68,3126.857997998647,3150.6902768326054,3138.7741374156262,186.9058625843736
TR-042628,2025-09-27,september,Dry Van,397.3,891.87,865.717361047679,917.5984873616524,891.6579242046657,0.2120757953342718
TR-042629,2025-09-27,september,Reefer,331.2,952.82,879.5789223255931,954.1824830435173,916.8807026845552,35.93929731544483
TR-042630,2025-09-27,september,Dry Van,1285.2,2583.02,2551.1499685518475,2536.795473003982,2543.9727207779147,39.04727922208531
TR-042631,2025-09-27,september,Reefer,273.2,815.6,761.2704538335215,822.7017122899999,791.9860830617607,23.6139169382393
TR-042632,2025-09-27,september,Dry Van,437.6,976.42,969.8634940945044,1006.4505399246103,988.1570170095574,11.737017009557462
TR-042633,2025-09-27,september,Reefer,1905.2,4427.33,4209.207146751726,4067.6200068351627,4138.413576793444,288.9164232065559
TR-042634,2025-09-27,september,Reefer,1448.3,3311.83,3200.711911234541,3270.638594982334,3235.6752531084376,76.15474689156235
TR-042635,2025-09-27,september,Dry Van,2949.2,5438.66,5395.570667448823,5261.710545747703,5328.640606598263,110.01939340173703
TR-042636,2025-09-27,september,Dry Van,2538.1,4489.52,4464.24516559681,4289.785297417425,4377.015231507117,112.50476849288316
TR-042637,2025-09-27,september,Dry Van,590.0,1233.05,1224.9163559466547,1233.618204463466,1229.2672802050604,3.782719794939567
TR-042638,2025-09-27,september,Reefer,1656.5,3859.28,3694.4618883386524,3659.983105731653,3677.2224970351526,182.05750296484757
TR-042639,2025-09-27,september,Dry Van,1048.7,2272.14,2225.6154671984855,2152.3660675190604,2188.990767358773,83.14923264122672
TR-042640,2025-09-27,september,Dry Van,411.9,1014.25,999.0829027932582,1012.5712548096828,1005.8270788014705,8.42292119852948
TR-042641,2025-09-27,september,Reefer,1056.0,2532.76,2371.561341711643,2346.5272306103734,2359.044286161008,173.7157138389921
TR-042642,2025-09-27,september,Dry Van,781.3,1677.41,1623.657555186003,1670.2736567969853,1646.9656059914942,30.444394008505924
TR-042643,2025-09-27,september,Reefer,519.9,1317.5,1245.3696564943316,1264.9649527507058,1255.1673046225187,62.332695377481286
TR-042644,2025-09-27,september,Dry Van,566.8,1347.11,1271.720321585049,1299.2543329856621,1285.4873272853556,61.622672714644295
TR-042645,2025-09-27,september,Dry Van,985.2,2056.61,1985.2754925973238,1989.2820260142005,1987.2787593057622,69.33124069423798
TR-042646,2025-09-27,september,Dry Van,3183.8,13420.59,5808.048834762048,5541.731933511062,5674.890384136555,7745.699615863445
TR-042647,2025-09-27,september,Reefer,1128.8,2701.16,2561.639030315513,2572.1437275304606,2566.891378922987,134.268621077013
TR-042648,2025-09-27,september,Dry Van,758.9,1587.63,1563.4317317819662,1552.727458183228,1558.079594982597,29.550405017403136
TR-042649,2025-09-27,september,Dry Van,519.9,1077.11,1060.5533726124909,1066.6128476957463,1063.5831101541185,13.526889845881442
TR-042650,2025-09-27,september,Dry Van,963.2,1919.24,1807.1892327808,1831.03099543153,1819.110114106165,100.12988589383508
TR-042651,2025-09-27,september,Dry Van,580.9,1371.1,1333.956229849078,1365.5293717528207,1349.7428008009492,21.357199199050683
TR-042652,2025-09-27,september,Dry Van,638.4,1433.8,1392.9747930141007,1379.11563267686,1386.0452128454804,47.75478715451959
TR-042653,2025-09-27,september,Dry Van,1074.2,2087.18,2018.470761493579,2022.7613007883742,2020.6160311409767,66.56396885902313
TR-042654,2025-09-27,september,Dry Van,141.9,386.73,375.4959831944672,403.4754827396771,389.4857329670722,2.755732967072163
TR-042655,2025-09-27,september,Dry Van,3232.0,6039.73,5904.834402624254,5587.445187882597,5746.139795253425,293.5902047465743
TR-042656,2025-09-27,september,Dry Van,1781.2,3466.52,3435.985071502116,3401.5387984045146,3418.761934953315,47.758065046684806
TR-042657,2025-09-27,september,Reefer,936.6,2248.59,2164.75210849378,2147.3184579134554,2156.035283203618,92.55471679638231
TR-042658,2025-09-27,september,Dry Van,907.7,1938.08,1876.4737968215697,1913.99919153458,1895.2364941780747,42.84350582192519
TR-042659,2025-09-27,september,Dry Van,1453.1,2948.77,2900.112869259899,2908.7172621866293,2904.415065723264,44.354934276736
TR-042660,2025-09-27,september,Reefer,811.6,1944.78,1878.8410474546938,1855.9750484779402,1867.408047966317,77.37195203368287
TR-042661,2025-09-27,september,Flatbed,769.6,1726.89,1573.8442648193118,1601.5574969996103,1587.700880909461,139.18911909053918
TR-042662,2025-09-27,september,Flatbed,638.9,1529.34,1444.1985334752537,1422.6436074353533,1433.4210704553034,95.91892954469654
TR-042663,2025-09-27,september,Reefer,974.8,2304.14,2208.783825819826,2237.4603598869235,2223.122092853375,81.01790714662502
TR-042664,2025-09-27,september,Dry Van,2279.0,4190.5,4140.79513447919,4047.6279528602035,4094.2115436696968,96.28845633030323
TR-042665,2025-09-27,september,Reefer,742.8,1840.83,1760.4384707817155,1782.5334203660727,1771.4859455738942,69.34405442610569
TR-042666,2025-09-27,september,Dry Van,1114.6,2186.6,2147.420920253618,2104.0140840512154,2125.7175021524167,60.88249784758318
TR-042667,2025-09-27,september,Dry Van,1863.4,3436.63,3421.129429202564,3405.145551759857,3413.1374904812105,23.492509518789575
TR-042668,2025-09-27,september,Reefer,2204.2,4662.25,4393.328279650886,4322.976338858745,4358.152309254816,304.0976907451841
TR-042669,2025-09-27,september,Dry Van,239.0,634.61,597.4630227527917,660.6281364939387,629.0455796233653,5.564420376634757
TR-042670,2025-09-27,september,Dry Van,1241.1,2438.48,2424.9633131274754,2434.2415879850973,2429.6024505562864,8.877549443713633
TR-042671,2025-09-27,september,Dry Van,336.1,784.6,771.2884296077568,837.0589981943945,804.1737139010756,19.57371390107562
TR-042672,2025-09-27,september,Reefer,917.1,2296.04,2187.3651687903534,2193.0031088483315,2190.1841388193425,105.85586118065748
TR-042673,2025-09-27,september,Reefer,2487.1,5454.91,5251.944744833119,5108.510262247615,5180.227503540367,274.6824964596326
TR-042674,2025-09-27,september,Reefer,1785.6,3974.29,3799.660328007906,3778.853609634626,3789.256968821266,185.03303117873384
TR-042675,2025-09-27,september,Flatbed,417.6,1001.0,920.2165645465999,952.1885425478522,936.202553547226,64.79744645277401
TR-042676,2025-09-27,september,Flatbed,1823.4,3900.3,3681.6535271489197,3683.6815792865964,3682.667553217758,217.63244678224237
TR-042677,2025-09-27,september,Reefer,977.8,2212.19,2108.538656489033,2127.9272517923746,2118.232954140704,93.95704585929616
TR-042678,2025-09-27,september,Flatbed,330.0,839.84,768.6340037536844,834.1333017819989,801.3836527678416,38.456347232158464
TR-042679,2025-09-27,september,Reefer,616.0,1537.28,1475.8270721395083,1456.91564924049,1466.3713606899992,70.90863931000081
TR-042680,2025-09-27,september,Reefer,935.8,2180.76,2064.451559249492,2063.6639450268485,2064.05775213817,116.70224786183007
TR-042681,2025-09-27,september,Dry Van,989.4,1957.42,1914.9963345078063,1964.6195703527692,1939.8079524302877,17.61204756971233
TR-042682,2025-09-27,september,Reefer,839.1,1929.82,1864.3419403041717,1877.0868132210846,1870.714376762628,59.1056232373719
TR-042683,2025-09-27,september,Reefer,851.5,2057.32,1990.5656709488278,1990.3609663934596,1990.4633186711437,66.85668132885644
TR-042684,2025-09-27,september,Dry Van,2489.8,4317.37,4314.556433814103,4269.500325296687,4292.028379555395,25.341620444604814
TR-042685,2025-09-27,september,Reefer,154.4,476.13,428.63614277443645,513.6752001765428,471.1556714754896,4.974328524510383
TR-042686,2025-09-27,september,Dry Van,1527.3,3101.26,2965.481676455546,2992.301392960671,2978.8915347081083,122.36846529189188
TR-042687,2025-09-27,september,Dry Van,2314.1,4249.3,4308.7973893067265,4110.768647029444,4209.783018168086,39.51698183191456
TR-042688,2025-09-27,september,Reefer,377.7,989.93,921.8901419431528,988.6435996592652,955.266870801209,34.6631291987909
TR-042689,2025-09-27,september,Dry Van,1587.3,3184.6,3148.7161409380133,3171.977926564922,3160.3470337514677,24.252966248532175
TR-042690,2025-09-27,september,Dry Van,691.0,1345.5,1391.443338965755,1380.5962408178416,1386.0197898917982,40.519789891798155
TR-042691,2025-09-27,september,Reefer,1112.0,2627.09,2531.904531048883,2465.5105557057395,2498.7075433773116,128.38245662268855
TR-042692,2025-09-27,september,Reefer,1122.7,2577.85,2516.3346910607015,2414.6462644308626,2465.4904777457823,112.35952225421761
TR-042693,2025-09-27,september,Reefer,2505.3,5195.38,4923.259277100199,4803.617137273336,4863.438207186768,331.9417928132325
TR-042694,2025-09-27,september,Dry Van,2811.7,5082.25,5029.568348962342,4740.873904917241,4885.221126939791,197.02887306020875
TR-042695,2025-09-27,september,Dry Van,224.8,530.21,546.9289693973016,602.9477796631968,574.9383745302491,44.728374530249084
TR-042696,2025-09-27,september,Dry Van,295.6,747.51,751.4264788023444,784.3686774775467,767.8975781399456,20.387578139945617
TR-042697,2025-09-27,september,Flatbed,939.6,2129.9,1898.8931174175507,1932.5113002559372,1915.702208836744,214.19779116325617
TR-042698,2025-09-27,september,Reefer,673.5,1672.82,1573.599671925501,1597.6420664228742,1585.6208691741876,87.19913082581229
TR-042699,2025-09-27,september,Dry Van,334.9,752.71,743.2769594399227,816.4632882450508,779.8701238424867,27.160123842486655
TR-042700,2025-09-27,september,Reefer,905.9,2119.15,1997.098313925523,2027.8308017385968,2012.4645578320599,106.68544216794021
TR-042701,2025-09-27,september,Flatbed,527.6,1412.29,1324.5426720300427,1343.9346688130242,1334.2386704215335,78.0513295784665
TR-042702,2025-09-27,september,Dry Van,3285.9,6112.28,5926.039525970163,5715.889688848325,5820.964607409243,291.31539259075635
TR-042703,2025-09-27,september,Dry Van,1580.4,2999.69,2908.340136453801,2930.3129733001497,2919.326554876975,80.36344512302503
TR-042704,2025-09-27,september,Dry Van,2428.2,4493.91,4554.060350742579,4426.704033874176,4490.382192308378,3.5278076916220016
TR-042705,2025-09-27,september,Dry Van,620.6,1279.9,1265.9247937366538,1299.915667332537,1282.9202305345952,3.0202305345951572
TR-042706,2025-09-27,september,Dry Van,2231.3,4286.1,4252.912172354848,4166.060461809602,4209.486317082225,76.6136829177758
TR-042707,2025-09-27,september,Dry Van,509.6,1138.54,1122.1749406894094,1129.2408047269143,1125.7078727081619,12.832127291838106
TR-042708,2025-09-28,september,Dry Van,493.0,1093.77,1043.8137714802929,1070.489913466343,1057.151842473318,36.6181575266819
TR-042709,2025-09-28,september,Reefer,820.0,2008.04,1976.9079320540818,1963.889625111839,1970.3987785829604,37.64122141703956
TR-042710,2025-09-28,september,Dry Van,1457.5,2928.47,2928.9759784640805,2943.6803216737167,2936.3281500688986,7.858150068898794
TR-042711,2025-09-28,september,Reefer,956.7,2285.6,2185.037704153683,2183.217728591628,2184.1277163726554,101.4722836273445
TR-042712,2025-09-28,september,Reefer,832.1,2108.91,2005.3421646970219,1933.8262630738652,1969.5842138854437,139.3257861145562
TR-042713,2025-09-28,september,Dry Van,318.2,773.3,754.0012328995527,834.9126846346255,794.4569587670892,21.156958767089236
TR-042714,2025-09-28,september,Dry Van,693.6,1490.97,1488.3205598231161,1465.2765778571866,1476.7985688401513,14.17143115984868
TR-042715,2025-09-28,september,Dry Van,622.2,1251.3,1249.390291762833,1264.9917623975384,1257.1910270801857,5.891027080185722
TR-042716,2025-09-28,september,Dry Van,484.3,1081.43,1053.279850025753,1072.2915490995088,1062.7856995626307,18.64430043736934
TR-042717,2025-09-28,september,Dry Van,281.3,662.77,655.4164967264805,703.6477447037812,679.5321207151309,16.76212071513089
TR-042718,2025-09-28,september,Dry Van,1690.0,3176.32,3037.0574480292507,3062.211813544014,3049.6346307866324,126.68536921336772
TR-042719,2025-09-28,september,Dry Van,286.0,713.74,707.8432038960942,722.7755090493054,715.3093564726998,1.5693564726998375
TR-042720,2025-09-28,september,Reefer,391.7,1137.0,1037.4415459854813,1094.732188140496,1066.0868670629886,70.91313293701137
TR-042721,2025-09-28,september,Dry Van,1219.7,2519.53,2464.6345050538366,2476.0862622553386,2470.3603836545876,49.16961634541258
TR-042722,2025-09-28,september,Flatbed,2540.7,5116.14,4792.671379258676,4689.340337351765,4741.0058583052205,375.1341416947798
TR-042723,2025-09-28,september,Flatbed,647.7,1451.38,1343.0323864253003,1368.41499861172,1355.7236925185102,95.65630748148988
TR-042724,2025-09-28,september,Dry Van,185.1,515.71,492.04184165964074,572.3064124320272,532.174127045834,16.464127045833948
TR-042725,2025-09-28,september,Flatbed,1932.8,3964.27,3791.7971643365595,3692.957811423375,3742.3774878799672,221.89251212003273
TR-042726,2025-09-28,september,Dry Van,417.9,1046.48,997.9835927437537,1045.610574389049,1021.7970835664013,24.682916433598734
TR-042727,2025-09-28,september,Dry Van,1285.0,2576.92,2561.882141556911,2545.834870366139,2553.858505961525,23.061494038474848
TR-042728,2025-09-28,september,Dry Van,688.2,1416.65,1356.350967719915,1350.500422561176,1353.4256951405455,63.224304859454605
TR-042729,2025-09-28,september,Dry Van,508.9,1137.5,1132.8207506521019,1123.5518629413632,1128.1863067967324,9.313693203267576
TR-042730,2025-09-28,september,Dry Van,837.7,1714.87,1630.1653861216132,1694.2654005149955,1662.2153933183045,52.65460668169544
TR-042731,2025-09-28,september,Dry Van,599.8,1320.09,1256.1239859396321,1272.116239673435,1264.1201128065336,55.96988719346632
TR-042732,2025-09-28,september,Flatbed,768.8,1953.03,1779.0027409195552,1816.5699790975873,1797.7863600085711,155.24363999142884
TR-042733,2025-09-28,september,Dry Van,2041.2,3981.74,4007.0677441069356,3825.5273601480285,3916.297552127482,65.44244787251773
TR-042734,2025-09-28,september,Dry Van,1053.3,2043.62,1978.3249954013402,1984.5481970348271,1981.4365962180837,62.18340378191624
TR-042735,2025-09-28,september,Dry Van,910.8,1811.32,1734.8230049751726,1740.164907193503,1737.4939560843377,73.82604391566224
TR-042736,2025-09-28,september,Dry Van,1943.0,12797.54,3514.219514306293,3433.3894534019205,3473.804483854107,9323.735516145895
TR-042737,2025-09-28,september,Dry Van,544.8,1152.43,1148.1791701783202,1184.0734050702154,1166.1262876242677,13.696287624267597
TR-042738,2025-09-28,september,Dry Van,456.7,988.29,974.3115854678692,1023.4986383625708,998.90511191522,10.61511191522004
TR-042739,2025-09-28,september,Dry Van,738.9,1604.79,1548.9059838805124,1578.535004463729,1563.7204941721207,41.06950582787931
TR-042740,2025-09-28,september,Flatbed,484.0,1244.65,1160.4873754518765,1194.3693567802966,1177.4283661160866,67.22163388391346
TR-042741,2025-09-28,september,Flatbed,1131.2,2440.28,2277.4442633719877,2302.603346336651,2290.0238048543197,150.25619514568052
TR-042742,2025-09-28,september,Dry Van,1067.5,2161.46,2164.4134182920398,2120.3485212330634,2142.3809697625516,19.079030237448478
TR-042743,2025-09-28,september,Reefer,753.5,1781.92,1765.6225777988523,1748.4992177390402,1757.0608977689462,24.85910223105384
TR-042744,2025-09-28,september,Dry Van,435.5,1060.01,1048.6273789505206,1092.5323716841133,1070.579875317317,10.569875317316928
TR-042745,2025-09-28,september,Flatbed,647.3,1519.45,1387.935479402791,1404.6091887771736,1396.2723340899825,123.1776659100176
TR-042746,2025-09-28,september,Flatbed,1833.8,3934.89,3755.2596361030514,3756.869605777806,3756.0646209404285,178.82537905957133
TR-042747,2025-09-28,september,Dry Van,771.0,1628.9,1565.6115895275457,1585.9034923968572,1575.7575409622013,53.142459037798744
TR-042748,2025-09-28,september,Dry Van,615.6,1410.12,1354.3258822201185,1342.8308618360861,1348.5783720281024,61.54162797189747
TR-042749,2025-09-28,september,Flatbed,995.9,2438.58,2230.827045732807,2193.1361805330444,2211.9816131329258,226.59838686707417
TR-042750,2025-09-28,september,Dry Van,470.5,1084.53,1052.186482445817,1109.4360852758798,1080.8112838608486,3.718716139151411
TR-042751,2025-09-28,september,Dry Van,1625.6,3188.14,3195.7098619605003,3198.922962084066,3197.316412022283,9.17641202228333
TR-042752,2025-09-28,september,Flatbed,834.4,2010.31,1845.2521913746002,1860.023019183051,1852.6376052788255,157.67239472117444
TR-042753,2025-09-28,september,Dry Van,323.7,753.24,751.9798134058392,802.3820137434418,777.1809135746405,23.94091357464049
TR-042754,2025-09-28,september,Reefer,1844.9,4230.2,4024.921549887998,4057.0548445072377,4040.988197197618,189.21180280238195
TR-042755,2025-09-28,september,Dry Van,885.0,1639.84,1658.5800017728232,1661.9356200711668,1660.2578109219949,20.417810921994942
TR-042756,2025-09-28,september,Flatbed,2578.1,5406.93,5076.721405559392,4989.926842443405,5033.324124001399,373.60587599860173
TR-042757,2025-09-28,september,Dry Van,1110.2,2151.5,2105.880233940548,2132.739340141388,2119.309787040968,32.190212959032124
TR-042758,2025-09-28,september,Dry Van,296.5,718.39,708.2298989078604,780.826201530723,744.5280502192917,26.1380502192917
TR-042759,2025-09-28,september,Flatbed,822.1,1873.55,1760.296335827983,1815.4770511065128,1787.8866934672478,85.66330653275213
TR-042760,2025-09-28,september,Dry Van,610.2,1296.2,1250.3905758642143,1265.4840761567561,1257.9373260104853,38.262673989514724
TR-042761,2025-09-28,september,Dry Van,1831.0,3288.85,3316.694176892095,3268.218081978336,3292.4561294352156,3.6061294352157347
TR-042762,2025-09-28,september,Dry Van,2071.6,3645.77,3657.203878085598,3604.1828651810856,3630.6933716333415,15.076628366658497
TR-042763,2025-09-28,september,Flatbed,2695.0,5754.21,5284.593367782385,5160.34210388547,5222.467735833928,531.7422641660723
TR-042764,2025-09-28,september,Flatbed,332.5,930.58,843.1569573845559,918.5996298980992,880.8782936413276,49.70170635867248
TR-042765,2025-09-28,september,Reefer,1159.3,2641.2,2578.7589500758822,2514.121825315165,2546.440387695524,94.75961230447592
TR-042766,2025-09-28,september,Dry Van,1251.4,2453.74,2405.387280131424,2436.795964983054,2421.091622557239,32.64837744276065
TR-042767,2025-09-28,september,Flatbed,955.2,2306.76,2104.6790858878394,2090.7823811930916,2097.7307335404657,209.02926645953448
TR-042768,2025-09-28,september,Dry Van,1778.7,3441.04,3321.2118224910214,3372.158290016131,3346.6850562535765,94.35494374642349
TR-042769,2025-09-28,september,Reefer,718.4,1652.67,1637.034342400441,1637.026010684187,1637.030176542314,15.639823457686134
TR-042770,2025-09-28,september,Reefer,121.2,389.7,361.3895664822273,444.8780577640723,403.1338121231498,13.433812123149835
TR-042771,2025-09-28,september,Flatbed,243.9,690.48,624.5957880429689,693.52774773791,659.0617678904395,31.418232109560563
TR-042772,2025-09-28,september,Dry Van,1313.7,2741.16,2720.181844693454,2641.739335402277,2680.9605900478655,60.199409952134374
TR-042773,2025-09-28,september,Reefer,861.4,2075.87,2028.1995109311595,1996.508149045795,2012.3538299884772,63.51617001152272
TR-042774,2025-09-28,september,Reefer,1869.4,4097.27,3988.024234220802,4012.988256241169,4000.5062452309858,96.76375476901467
TR-042775,2025-09-28,september,Dry Van,931.9,1969.64,1962.14427664613,1973.566998396162,1967.855637521146,1.7843624788540637
TR-042776,2025-09-28,september,Reefer,697.2,1723.88,1665.0815204318176,1627.7666300833114,1646.4240752575645,77.45592474243563
TR-042777,2025-09-28,september,Flatbed,316.2,901.55,827.8553472076417,858.2035404635276,843.0294438355846,58.520556164415325
TR-042778,2025-09-28,september,Reefer,457.5,1309.13,1241.5503010791213,1273.5057648426982,1257.5280329609097,51.60196703909037
TR-042779,2025-09-28,september,Reefer,1751.0,3751.81,3700.156829603319,3635.243603194696,3667.7002163990073,84.10978360099261
TR-042780,2025-09-28,september,Dry Van,2098.9,3906.11,3867.717016927349,3681.069562136752,3774.3932895320504,131.71671046794972
TR-042781,2025-09-28,september,Reefer,1842.1,4028.7,3798.1904058880136,3820.677051566092,3809.4337287270528,219.26627127294705
TR-042782,2025-09-28,september,Dry Van,1454.8,2724.61,2679.852927876963,2752.3507620102455,2716.101844943604,8.508155056395935
TR-042783,2025-09-28,september,Dry Van,2246.0,4211.03,4065.402176479743,3974.7326223718314,4020.0673994257872,190.9626005742125
TR-042784,2025-09-28,september,Flatbed,479.1,1207.36,1088.1930853846573,1111.084353690201,1099.638719537429,107.7212804625708
TR-042785,2025-09-28,september,Reefer,691.8,1687.68,1624.1854552250347,1579.7139071561285,1601.9496811905815,85.73031880941858
TR-042786,2025-09-28,september,Dry Van,882.7,1834.37,1806.1319674657318,1853.6054549744324,1829.868711220082,4.501288779917786
TR-042787,2025-09-28,september,Reefer,1234.3,2811.69,2748.423983019811,2770.0790309745103,2759.2515069971605,52.43849300283955
TR-042788,2025-09-28,september,Dry Van,1103.7,2222.13,2169.957075483176,2205.0616087142857,2187.509342098731,34.62065790126917
TR-042789,2025-09-28,september,Dry Van,2080.5,3940.37,3886.832040031008,3835.8390124222606,3861.335526226634,79.03447377336579
TR-042790,2025-09-28,september,Dry Van,495.2,1130.78,1070.9957468527275,1089.587179056104,1080.2914629544157,50.48853704558428
TR-042791,2025-09-28,september,Dry Van,1217.2,2349.87,2284.5264414378607,2367.0630011611083,2325.7947212994845,24.075278700515355
TR-042792,2025-09-28,september,Dry Van,696.3,1405.8,1347.2983743715158,1349.4986327142042,1348.39850354286,57.401496457139956
TR-042793,2025-09-28,september,Dry Van,292.0,679.49,668.0698131452561,728.3612823430838,698.21554774417,18.725547744169944
TR-042794,2025-09-28,september,Reefer,1010.5,2341.7,2248.85415285656,2233.5070826896035,2241.180617773082,100.51938222691797
TR-042795,2025-09-28,september,Dry Van,734.7,1592.02,1550.970859210155,1579.6783834123821,1565.3246213112684,26.69537868873158
TR-042796,2025-09-28,september,Reefer,863.3,1914.47,1871.9333594124628,1894.971269136929,1883.452314274696,31.01768572530409
TR-042797,2025-09-28,september,Flatbed,763.1,1741.04,1559.4269489114233,1564.125218061248,1561.7760834863357,179.2639165136643
TR-042798,2025-09-28,september,Reefer,1044.7,2431.83,2333.3948286563873,2273.1199060201266,2303.2573673382567,128.57263266174323
TR-042799,2025-09-28,september,Dry Van,2171.3,4092.63,4103.352315593586,4021.139987374142,4062.246151483864,30.383848516135913
TR-042800,2025-09-28,september,Dry Van,1087.6,835.1,2174.1780424044246,2094.912267292861,2134.5451548486426,1299.4451548486427
TR-042801,2025-09-28,september,Dry Van,1086.1,2027.96,1985.119756864649,1968.634728707067,1976.877242785858,51.08275721414202
TR-042802,2025-09-28,september,Flatbed,203.5,572.78,517.0974235347046,621.6701576986197,569.3837906166622,3.396209383337805
TR-042803,2025-09-28,september,Reefer,285.2,774.13,752.798725685816,793.6767511412916,773.2377384135538,0.8922615864462387
TR-042804,2025-09-28,september,Dry Van,1362.2,2562.73,2473.808285501803,2595.0567790945215,2534.432532298162,28.29746770183783
TR-042805,2025-09-28,september,Dry Van,1097.5,2265.28,2202.539033131285,2200.5576063445187,2201.5483197379017,63.73168026209851
TR-042806,2025-09-28,september,Reefer,221.3,659.63,621.4298948548545,687.5832550075941,654.5065749312243,5.123425068775646
TR-042807,2025-09-28,september,Reefer,650.1,1517.69,1470.4195496880259,1502.52015048106,1486.469850084543,31.220149915457114
TR-042808,2025-09-28,september,Dry Van,1546.2,3064.0,3041.3960825584695,2964.1173823887834,3002.7567324736265,61.24326752637353
TR-042809,2025-09-28,september,Flatbed,459.6,1163.05,1142.5747564474614,1170.0887257145055,1156.3317410809834,6.7182589190165345
TR-042810,2025-09-28,september,Dry Van,2067.8,3865.31,3827.7834881872304,3640.9105924830346,3734.3470403351325,130.9629596648674
TR-042811,2025-09-28,september,Reefer,461.1,1110.79,1071.2458040549106,1104.7430024952655,1087.9944032750882,22.795596724911775
TR-042812,2025-09-28,september,Dry Van,917.6,1877.01,1808.2949761908467,1810.744107478598,1809.5195418347223,67.49045816527769
TR-042813,2025-09-28,september,Dry Van,1631.3,3175.1,3151.4441743207944,3158.9239178001017,3155.184046060448,19.915953939551855
TR-042814,2025-09-28,september,Dry Van,589.0,1235.23,1207.097523040741,1224.8285851512424,1215.9630540959915,19.26694590400848
TR-042815,2025-09-28,september,Reefer,398.1,1071.17,1008.1407687841669,1056.740729562355,1032.4407491732609,38.72925082673919
TR-042816,2025-09-28,september,Dry Van,1003.2,1998.56,1990.4503988015438,1976.906280797572,1983.6783397995578,14.881660200442184
TR-042817,2025-09-28,september,Dry Van,896.3,1837.98,1770.0574996575351,1779.071274231834,1774.5643869446844,63.41561305531559
TR-042818,2025-09-28,september,Dry Van,1028.1,1970.93,1896.8563465380396,1909.8697604115187,1903.363053474779,67.56694652522106
TR-042819,2025-09-28,september,Flatbed,1840.5,3646.22,3602.1285235288487,3497.0862992108678,3549.6074113698583,96.61258863014154
TR-042820,2025-09-28,september,Dry Van,2287.0,4095.03,4116.029475901012,4013.0254573153497,4064.527466608181,30.50253339181927
TR-042821,2025-09-28,september,Dry Van,1465.4,2946.68,2867.039767396373,2876.251080616541,2871.645424006457,75.03457599354306
TR-042822,2025-09-28,september,Reefer,3030.7,6276.34,6003.466909907538,5826.877465797725,5915.172187852631,361.16781214736875
TR-042823,2025-09-28,september,Reefer,862.6,759.15,2053.7785235466977,2037.87736931617,2045.8279464314337,1286.6779464314336
TR-042824,2025-09-28,september,Reefer,830.8,2019.44,1968.6626763417876,1971.292981646935,1969.9778289943613,49.462171005638766
TR-042825,2025-09-28,september,Dry Van,1384.4,2636.98,2526.6813565988614,2661.846875189579,2594.26411589422,42.71588410577988
TR-042826,2025-09-28,september,Dry Van,518.8,1154.54,1159.3463860770134,1170.0321461560588,1164.6892661165361,10.149266116536182
TR-042827,2025-09-28,september,Dry Van,837.7,1784.89,1725.5980443484307,1746.5274469994756,1736.062745673953,48.82725432604707
TR-042828,2025-09-28,september,Dry Van,526.9,1173.97,1182.8309603303046,1195.6853304994636,1189.258145414884,15.288145414883957
TR-042829,2025-09-28,september,Flatbed,173.3,510.64,448.41067088141097,518.1017201423538,483.25619551188237,27.38380448811762
TR-042830,2025-09-28,september,Flatbed,1159.5,2643.41,2444.142206963488,2483.1499225550465,2463.6460647592676,179.76393524073228
TR-042831,2025-09-28,september,Reefer,2840.3,5745.39,5549.465256465116,5298.799695399361,5424.132475932238,321.25752406776246
TR-042832,2025-09-28,september,Dry Van,1439.2,2841.04,2843.178268644914,2870.3564080908527,2856.7673383678834,15.727338367883476
TR-042833,2025-09-28,september,Dry Van,249.2,652.12,629.8923897410574,673.279243588478,651.5858166647677,0.534183335232342
TR-042834,2025-09-28,september,Flatbed,1412.9,3089.81,2892.8299052565294,2905.6445080778294,2899.2372066671796,190.5727933328203
TR-042835,2025-09-28,september,Reefer,602.3,1412.41,1362.922601911929,1344.9187430494017,1353.9206724806654,58.489327519334665
TR-042836,2025-09-28,september,Flatbed,1482.3,3167.21,3004.0764588687694,2994.569734085701,2999.323096477235,167.8869035227649
TR-042837,2025-09-28,september,Dry Van,333.8,783.73,760.9821899085326,817.0234408030137,789.0028153557732,5.2728153557732185
TR-042838,2025-09-28,september,Dry Van,291.2,746.15,734.2228895699542,781.5248832937457,757.87388643185,11.723886431850019
TR-042839,2025-09-28,september,Reefer,1685.4,3665.41,3641.4133796878127,3675.835695872346,3658.6245377800797,6.785462219920191
TR-042840,2025-09-28,september,Dry Van,730.7,1541.54,1481.3141086566059,1501.6411294285895,1491.4776190425978,50.06238095740218
TR-042841,2025-09-28,september,Dry Van,1136.5,2347.52,2240.6611738948877,2253.081762687698,2246.871468291293,100.6485317087072
TR-042842,2025-09-28,september,Dry Van,637.1,1348.4,1306.0818343345175,1323.5699760388095,1314.8259051866635,33.574094813336615
TR-042843,2025-09-28,september,Dry Van,213.6,550.8,537.7227410760623,590.0526548812654,563.8876979786639,13.087697978663982
TR-042844,2025-09-28,september,Dry Van,132.9,351.36,354.97569385497235,404.5977722319067,379.78673304343954,28.426733043439526
TR-042845,2025-09-28,september,Dry Van,1728.1,3319.67,3290.1829121433334,3255.6061561218557,3272.8945341325943,46.77546586740573
TR-042846,2025-09-28,september,Flatbed,899.1,2022.01,1863.0395378994954,1898.5979507561963,1880.8187443278457,141.19125567215428
TR-042847,2025-09-28,september,Flatbed,1027.8,2406.52,2278.16746818907,2241.4231831281318,2259.7953256586006,146.72467434139935
TR-042848,2025-09-28,september,Reefer,518.9,1363.38,1273.5552987683438,1292.2093660611786,1282.882332414761,80.49766758523901
TR-042849,2025-09-28,september,Reefer,848.7,2100.8,1996.5973262366988,2009.2844411882377,2002.9408837124683,97.85911628753183
TR-042850,2025-09-28,september,Dry Van,1429.8,2936.55,2834.5027339639946,2777.977659743234,2806.240196853614,130.309803146386
TR-042851,2025-09-28,september,Dry Van,1581.0,3212.43,3085.82760944218,3036.6656138171525,3061.2466116296664,151.18338837033343
TR-042852,2025-09-28,september,Dry Van,2148.6,4164.97,4091.7518918377596,3968.6828997347834,4030.2173957862715,134.75260421372877
TR-042853,2025-09-28,september,Flatbed,1146.8,2650.56,2483.2001722362843,2535.405401691772,2509.302786964028,141.25721303597174
TR-042854,2025-09-28,september,Dry Van,2233.0,4195.51,4189.752313806418,4045.460253219002,4117.60628351271,77.90371648728978
TR-042855,2025-09-28,september,Reefer,926.1,2127.87,2051.7406556658457,2043.7014854403578,2047.7210705531018,80.14892944689814
TR-042856,2025-09-29,september,Dry Van,2184.2,4238.86,4148.081362521982,4035.720845668852,4091.9011040954165,146.9588959045832
TR-042857,2025-09-29,september,Dry Van,744.9,1516.81,1460.1446592622428,1451.5077338864517,1455.8261965743473,60.983803425652695
TR-042858,2025-09-29,september,Reefer,189.1,603.85,558.4178394233002,624.175269590472,591.2965545068861,12.55344549311394
TR-042859,2025-09-29,september,Dry Van,1231.7,2420.76,2412.5339142188077,2395.474332946887,2404.0041235828476,16.75587641715265
TR-042860,2025-09-29,september,Dry Van,763.4,1581.01,1561.124255604876,1533.4179128680807,1547.2710842364784,33.73891576352162
TR-042861,2025-09-29,september,Reefer,3177.8,6620.24,6230.105522202035,6183.653601070225,6206.879561636129,413.36043836387034
TR-042862,2025-09-29,september,Flatbed,376.4,1033.77,932.7201762871524,979.769785063774,956.2449806754632,77.52501932453674
TR-042863,2025-09-29,september,Reefer,1497.1,3381.26,3284.468945470461,3247.066421530788,3265.7676835006246,115.49231649937565
TR-042864,2025-09-29,september,Dry Van,938.9,1939.71,1887.4340104544276,1890.7699949871094,1889.1020027207685,50.60799727923154
TR-042865,2025-09-29,september,Dry Van,1782.2,3538.32,3532.7410230868154,3451.7156818359736,3492.2283524613945,46.091647538605685
TR-042866,2025-09-29,september,Dry Van,471.3,1140.78,1089.9222328920737,1125.2234070114755,1107.5728199517746,33.20718004822538
TR-042867,2025-09-29,september,Dry Van,1216.4,2480.38,2461.3325716755317,2454.5747234553605,2457.953647565446,22.426352434554246
TR-042868,2025-09-29,september,Reefer,2111.8,4317.28,4170.670801994726,4119.2433461957135,4144.95707409522,172.32292590477937
TR-042869,2025-09-29,september,Reefer,1467.2,3510.14,3333.9294495362115,3273.2384161378936,3303.5839328370525,206.55606716294733
TR-042870,2025-09-29,september,Dry Van,1532.6,3127.58,3112.571026486195,3043.8416630316287,3078.2063447589117,49.37365524108827
TR-042871,2025-09-29,september,Flatbed,1045.3,2257.84,2173.6992958072483,2157.591114350424,2165.645205078836,92.19479492116398
TR-042872,2025-09-29,september,Dry Van,945.7,2049.02,1994.7349922553012,2006.754842052096,2000.7449171536987,48.2750828463013
TR-042873,2025-09-29,september,Flatbed,524.4,1393.82,1309.6227703681623,1272.1099848208319,1290.866377594497,102.95362240550298
TR-042874,2025-09-29,september,Reefer,315.0,861.86,831.4214596668527,872.4620510489235,851.941755357888,9.918244642111972
TR-042875,2025-09-29,september,Dry Van,318.0,734.67,729.130078654696,777.7669475444532,753.4485130995746,18.77851309957464
TR-042876,2025-09-29,september,Dry Van,1322.3,2575.9,2511.085253374175,2492.383625165603,2501.7344392698888,74.16556073011134
TR-042877,2025-09-29,september,Dry Van,1919.3,3770.99,3705.5131281100007,3658.3686870960146,3681.940907603008,89.04909239699191
TR-042878,2025-09-29,september,Reefer,1365.1,3179.94,3025.4098490883853,2985.144496814694,3005.27717295154,174.66282704846026
TR-042879,2025-09-29,september,Dry Van,941.6,1902.01,1847.8390683903056,1841.216362211745,1844.5277153010252,57.48228469897481
TR-042880,2025-09-29,september,Flatbed,267.1,731.51,700.9639311998606,763.0787307090293,732.0213309544449,0.5113309544449294
TR-042881,2025-09-29,september,Flatbed,1687.6,3849.56,3552.242037390605,3559.9477517622763,3556.0948945764408,293.4651054235592
TR-042882,2025-09-29,september,Dry Van,1460.5,13503.63,2874.4502749902767,2890.5269445269028,2882.4886097585895,10621.14139024141
TR-042883,2025-09-29,september,Dry Van,507.1,1115.22,1097.3945851573874,1109.848263424245,1103.6214242908163,11.598575709183706
TR-042884,2025-09-29,september,Reefer,472.7,1280.61,1230.943341989455,1266.220428104406,1248.5818850469304,32.02811495306946
TR-042885,2025-09-29,september,Dry Van,1134.5,2415.33,2306.1408267904567,2310.1024020486025,2308.1216144195296,107.20838558047035
TR-042886,2025-09-29,september,Dry Van,2305.3,4163.43,4147.5235795657345,4053.3141191724035,4100.418849369069,63.0111506309313
TR-042887,2025-09-29,september,Dry Van,403.5,995.38,977.9676170589485,1001.0360320509865,989.5018245549675,5.878175445032525
TR-042888,2025-09-29,september,Flatbed,1085.1,2359.68,2263.043491727008,2165.1117983708605,2214.0776450489343,145.60235495106554
TR-042889,2025-09-29,september,Dry Van,3163.0,5885.2,5794.688203157824,5700.06390768423,5747.376055421028,137.82394457897226
TR-042890,2025-09-29,september,Reefer,460.5,1187.96,1155.6677221210696,1164.9247066034618,1160.2962143622658,27.663785637734236
TR-042891,2025-09-29,september,Flatbed,1022.7,2211.3,2154.445344142111,2120.2956953102635,2137.370519726187,73.92948027381317
TR-042892,2025-09-29,september,Reefer,1852.6,4272.31,4024.272522429784,4070.8609157574215,4047.566719093603,224.74328090639756
TR-042893,2025-09-29,september,Dry Van,1340.0,2699.63,2661.27816639678,2657.7631963009194,2659.5206813488494,40.109318651150716
TR-042894,2025-09-29,september,Reefer,368.8,1041.35,992.7728536009241,1022.1278800761489,1007.4503668385365,33.899633161463385
TR-042895,2025-09-29,september,Reefer,815.6,2068.14,1926.9413502381306,1894.8442847297342,1910.8928174839325,157.24718251606737
TR-042896,2025-09-29,september,Dry Van,3032.0,5691.61,5545.1998995056,5298.8293107379,5422.014605121751,269.59539487824895
TR-042897,2025-09-29,september,Dry Van,727.6,1652.47,1567.5425480576398,1586.6663393592776,1577.1044437084588,75.36555629154122
TR-042898,2025-09-29,september,Reefer,721.9,1753.06,1703.994599897041,1707.6524865838226,1705.8235432404317,47.23645675956823
TR-042899,2025-09-29,september,Dry Van,1243.4,2473.32,2380.7748035381524,2402.170160798013,2391.472482168083,81.84751783191723
TR-042900,2025-09-29,september,Flatbed,544.1,1385.48,1268.6040455040536,1278.3884386495677,1273.4962420768106,111.98375792318939
TR-042901,2025-09-29,september,Dry Van,107.4,297.77,303.94119974627245,368.4031822795607,336.1721910129166,38.4021910129166
TR-042902,2025-09-29,september,Dry Van,1654.5,3187.62,3139.4310446828217,3133.6044901789937,3136.517767430908,51.10223256909194
TR-042903,2025-09-29,september,Flatbed,1000.9,2315.78,2182.0508171017786,2179.769005870366,2180.9099114860724,134.87008851392784
TR-042904,2025-09-29,september,Reefer,513.4,1367.89,1307.2673333660607,1292.0361404817438,1299.6517369239023,68.23826307609784
TR-042905,2025-09-29,september,Reefer,1622.5,3543.74,3490.6226081191717,3476.8279864473807,3483.725297283276,60.014702716723605
TR-042906,2025-09-29,september,Reefer,348.0,958.88,886.2554598210073,941.8280145538583,914.0417371874328,44.83826281256722
TR-042907,2025-09-29,september,Dry Van,1466.4,3033.86,2964.4579558899877,2950.8576698879533,2957.6578128889705,76.20218711102962
TR-042908,2025-09-29,september,Dry Van,517.5,1126.7,1087.0917838533944,1095.9913796067897,1091.541581730092,35.158418269908
TR-042909,2025-09-29,september,Dry Van,607.4,1325.46,1291.9741702911201,1310.2332331460818,1301.1037017186009,24.356298281399177
TR-042910,2025-09-29,september,Flatbed,638.4,1682.02,1562.8111575730534,1537.285627414,1550.0483924935265,131.97160750647345
TR-042911,2025-09-29,september,Dry Van,1599.5,3275.31,3165.137057909737,3189.0770304959206,3177.1070442028285,98.2029557971714
TR-042912,2025-09-29,september,Dry Van,1806.0,3427.48,3474.0498390470902,3428.530173459645,3451.2900062533677,23.810006253367646
TR-042913,2025-09-29,september,Flatbed,637.7,1536.58,1456.5383487588974,1423.4321173437156,1439.9852330513065,96.5947669486934
TR-042914,2025-09-29,september,Reefer,1972.0,4242.7,4217.598792410665,4079.331639441443,4148.465215926054,94.23478407394578
TR-042915,2025-09-29,september,Dry Van,784.4,1622.59,1605.8622996989398,1599.3848197554396,1602.6235597271898,19.966440272810132
TR-042916,2025-09-29,september,Reefer,1259.6,2949.32,2850.2313250573243,2825.1020446560733,2837.666684856699,111.65331514330137
TR-042917,2025-09-29,september,Flatbed,663.9,1636.32,1559.8473717952074,1533.2154645736975,1546.5314181844524,89.78858181554756
TR-042918,2025-09-29,september,Flatbed,1732.5,3937.63,3588.076579635617,3636.297022872151,3612.186801253884,325.4431987461162
TR-042919,2025-09-29,september,Flatbed,2346.3,5037.89,4609.276226445875,4544.554682482263,4576.91545446407,460.9745455359307
TR-042920,2025-09-29,september,Dry Van,203.4,543.25,539.7687138021478,590.7646659815957,565.2666898918717,22.016689891871692
TR-042921,2025-09-29,september,Dry Van,666.0,1343.69,1343.385269392178,1368.5280606125564,1355.9566650023671,12.266665002367063
TR-042922,2025-09-29,september,Reefer,446.7,1176.75,1117.870272011522,1153.3740183857667,1135.6221451986444,41.127854801355625
TR-042923,2025-09-29,september,Flatbed,1508.9,3627.2,3273.2538520278795,3252.0373077742943,3262.645579901087,364.55442009891294
TR-042924,2025-09-29,september,Dry Van,523.0,1202.33,1191.3497181347102,1201.04460140349,1196.1971597691002,6.132840230899774
TR-042925,2025-09-29,september,Dry Van,959.1,2093.05,2046.057586144917,2025.6946314212853,2035.8761087831012,57.17389121689894
TR-042926,2025-09-29,september,Flatbed,1213.1,2666.6,2486.764017066794,2453.7752739389093,2470.2696455028517,196.33035449714816
TR-042927,2025-09-29,september,Dry Van,2126.7,4073.7,3982.5926161098932,3898.444972605519,3940.518794357706,133.18120564229366
TR-042928,2025-09-29,september,Dry Van,1530.6,2989.61,3080.640743699058,3035.799232035408,3058.2199878672327,68.60998786723258
TR-042929,2025-09-29,september,Dry Van,243.0,606.85,577.0502946511332,648.5630067080544,612.8066506795938,5.956650679593736
TR-042930,2025-09-29,september,Dry Van,1001.8,1928.87,2016.6857677926714,2022.486988965423,2019.5863783790473,90.71637837904746
TR-042931,2025-09-29,september,Reefer,438.6,1101.73,1099.9204491433957,1150.2884605261838,1125.1044548347897,23.37445483478973
TR-042932,2025-09-29,september,Dry Van,1948.5,3690.01,3634.3173498550927,3622.1318860504052,3628.224617952749,61.785382047251005
TR-042933,2025-09-29,september,Reefer,426.3,1058.02,1035.9510855853325,1077.8826383878286,1056.9168619865804,1.1031380134195388
TR-042934,2025-09-29,september,Dry Van,2273.3,4190.81,4235.221125208421,4045.7674645034494,4140.494294855935,50.31570514406576
TR-042935,2025-09-29,september,Dry Van,409.8,914.56,905.3547849249647,940.4193035773162,922.8870442511404,8.327044251140478
TR-042936,2025-09-29,september,Dry Van,1901.5,3614.61,3574.51570113459,3515.341590370496,3544.928645752543,69.68135424745697
TR-042937,2025-09-29,september,Flatbed,627.3,1479.07,1359.111706718753,1386.3365959506436,1372.7241513346985,106.34584866530145
TR-042938,2025-09-29,september,Flatbed,950.2,2218.14,1997.2039531027422,2029.863632971493,2013.5337930371174,204.60620696288242
TR-042939,2025-09-29,september,Reefer,862.4,2067.31,2026.2818030103638,2002.0328308361788,2014.1573169232713,53.152683076728636
TR-042940,2025-09-29,september,Reefer,992.2,2214.66,2102.5239416798627,2124.1525040093575,2113.33822284461,101.32177715539001
TR-042941,2025-09-29,september,Dry Van,891.7,1909.99,1892.3572910416515,1916.6162626140003,1904.486776827826,5.503223172174103
TR-042942,2025-09-29,september,Flatbed,1337.9,3109.58,2930.4050447243344,2878.1972857525934,2904.301165238464,205.27883476153602
TR-042943,2025-09-29,september,Dry Van,1246.5,2506.95,2516.458738050126,2471.276694487069,2493.8677162685976,13.082283731402185
TR-042944,2025-09-29,september,Reefer,1019.4,2575.84,2444.7079739611777,2411.0741335351913,2427.8910537481843,147.94894625181587
TR-042945,2025-09-29,september,Dry Van,1285.6,2697.94,2660.004087293681,2606.8851791764814,2633.4446332350813,64.4953667649188
TR-042946,2025-09-29,september,Dry Van,728.7,1494.4,1443.9668838190223,1450.9812132123589,1447.4740485156906,46.92595148430951
TR-042947,2025-09-29,september,Dry Van,2013.6,3730.45,3657.0921616068385,3627.8297264016583,3642.4609440042486,87.98905599575119
TR-042948,2025-09-29,september,Dry Van,561.5,1170.87,1160.3992210551319,1178.0641599591681,1169.23169050715,1.638309492849885
TR-042949,2025-09-29,september,Dry Van,395.4,843.31,839.4706917917825,948.177129243109,893.8239105174457,50.513910517445765
TR-042950,2025-09-29,september,Flatbed,735.7,1801.36,1755.3239479756144,1709.2111909968323,1732.2675694862232,69.09243051377666
TR-042951,2025-09-29,september,Dry Van,2345.4,4116.74,4138.510124879685,4010.208529559891,4074.3593272197877,42.38067278021208
TR-042952,2025-09-29,september,Dry Van,754.3,1689.45,1651.4707416886245,1656.710374233104,1654.0905579608643,35.35944203913573
TR-042953,2025-09-29,september,Dry Van,1929.5,3462.39,3513.7611773519916,3468.781781799318,3491.2714795756547,28.881479575654794
TR-042954,2025-09-29,september,Reefer,606.4,1500.36,1421.674766548996,1413.1190738050518,1417.396920177024,82.96307982297594
TR-042955,2025-09-29,september,Flatbed,308.0,869.6,791.4433344687501,870.0714277238278,830.757381096289,38.84261890371101
TR-042956,2025-09-29,september,Dry Van,1599.2,3112.89,2981.674465069252,3053.2130535932915,3017.443759331272,95.44624066872802
TR-042957,2025-09-29,september,Dry Van,1250.4,2364.94,2343.217246962261,2379.2385499044562,2361.227898433359,3.712101566641195
TR-042958,2025-09-29,september,Dry Van,3120.1,5868.16,5770.343776679877,5528.194956900625,5649.269366790251,218.89063320974856
TR-042959,2025-09-29,september,Dry Van,691.5,1469.39,1417.6949256226048,1402.7310599722487,1410.2129927974268,59.17700720257335
TR-042960,2025-09-29,september,Dry Van,2084.0,4026.53,3910.496854842265,3876.5915246208438,3893.544189731554,132.98581026844613
TR-042961,2025-09-29,september,Reefer,1292.8,3055.72,2893.6470435516867,2911.5255626163607,2902.5863030840237,153.1336969159761
TR-042962,2025-09-29,september,Dry Van,1423.1,2840.5,2736.4799469294007,2767.825322243584,2752.1526345864922,88.34736541350776
TR-042963,2025-09-29,september,Flatbed,264.7,752.54,666.9466170429854,751.4866889908071,709.2166530168963,43.32334698310365
TR-042964,2025-09-29,september,Reefer,2555.9,5401.18,5213.433411806264,5090.210982197974,5151.822197002119,249.35780299788166
TR-042965,2025-09-29,september,Flatbed,423.1,1166.42,1079.8535779101944,1078.2406498015134,1079.047113855854,87.37288614414615
TR-042966,2025-09-29,september,Dry Van,560.6,1250.51,1175.872515399364,1175.3620309021446,1175.6172731507543,74.89272684924572
TR-042967,2025-09-29,september,Dry Van,471.1,1039.93,1015.4387403296665,1060.0368163638266,1037.7377783467466,2.192221653253455
TR-042968,2025-09-29,september,Reefer,723.7,1713.41,1705.5829673283904,1691.4398924003326,1698.5114298643616,14.898570135638465
TR-042969,2025-09-29,september,Dry Van,1121.7,2173.05,2103.031276157847,2095.4785553979837,2099.2549157779154,73.79508422208482
TR-042970,2025-09-29,september,Dry Van,820.8,1785.72,1726.4188421484068,1747.9054678095597,1737.1621549789834,48.55784502101665
TR-042971,2025-09-29,september,Flatbed,1021.1,2310.73,2201.8915361584263,2152.7582025365814,2177.324869347504,133.40513065249615
TR-042972,2025-09-29,september,Flatbed,2078.2,4332.87,4064.036275483999,4065.279115129517,4064.657695306758,268.212304693242
TR-042973,2025-09-29,september,Dry Van,612.2,1423.88,1356.244863152849,1366.4069850352898,1361.3259240940693,62.55407590593086
TR-042974,2025-09-29,september,Dry Van,1264.0,2429.29,2449.8626837903025,2408.689688892494,2429.276186341398,0.013813658601975476
TR-042975,2025-09-29,september,Dry Van,364.6,822.8,816.2813203029865,865.4945926558448,840.8879564794156,18.087956479415652
TR-042976,2025-09-29,september,Dry Van,1189.8,2417.99,2389.7044143882176,2371.8567911030195,2380.7806027456186,37.2093972543812
TR-042977,2025-09-29,september,Reefer,931.2,2067.22,2032.678899382252,2027.9323914827105,2030.3056454324812,36.91435456751856
TR-042978,2025-09-29,september,Flatbed,1503.0,3397.49,3258.479917517714,3179.549885773291,3219.0149016455025,178.47509835449728
TR-042979,2025-09-29,september,Reefer,383.9,1047.29,1006.2602966801148,1059.0128838019002,1032.6365902410075,14.653409758992439
TR-042980,2025-09-29,september,Dry Van,1552.8,3017.03,2903.8221443860057,2906.5915547102454,2905.2068495481253,111.82315045187488
TR-042981,2025-09-29,september,Dry Van,689.4,1401.54,1389.3868313980824,1411.4337484639473,1400.4102899310149,1.129710068985105
TR-042982,2025-09-29,september,Reefer,1825.4,4120.13,3875.165386040943,3923.4650279717985,3899.3152070063707,220.81479299362945
TR-042983,2025-09-29,september,Dry Van,857.8,1891.3,1871.2456140560948,1860.7798486939976,1866.0127313750463,25.28726862495364
TR-042984,2025-09-29,september,Dry Van,341.9,845.31,813.8347783261516,872.2961811315258,843.0654797288387,2.2445202711612637
TR-042985,2025-09-29,september,Flatbed,1108.9,2563.03,2402.7159105911255,2378.732324671025,2390.7241176310754,172.3058823689248
TR-042986,2025-09-29,september,Flatbed,235.0,650.29,590.6419105770415,667.9691777177773,629.3055441474094,20.9844558525906
TR-042987,2025-09-29,september,Flatbed,159.1,449.54,386.4544904102769,481.8913334748913,434.1729119425841,15.367088057415913
TR-042988,2025-09-29,september,Reefer,845.8,1969.6,1853.615486130172,1883.3318358804274,1868.4736610052996,101.12633899470029
TR-042989,2025-09-29,september,Flatbed,1657.4,3574.92,3424.8434160657534,3306.215624763594,3365.5295204146737,209.39047958532637
TR-042990,2025-09-29,september,Flatbed,449.7,1247.17,1189.039114486449,1201.307060322431,1195.1730874044401,51.996912595559934
TR-042991,2025-09-29,september,Flatbed,2018.0,4217.34,4001.272173786665,3866.945161891259,3934.108667838962,283.23133216103815
TR-042992,2025-09-29,september,Dry Van,1667.1,10119.16,3075.2926550590923,3098.9282788273986,3087.1104669432452,7032.049533056755
TR-042993,2025-09-29,september,Dry Van,667.5,1371.52,1355.591207158889,1376.471738431144,1366.0314727950165,5.488527204983484
TR-042994,2025-09-29,september,Flatbed,2045.0,4431.8,4220.195912896618,4116.857321005584,4168.5266169511015,263.2733830488987
TR-042995,2025-09-29,september,Reefer,1571.7,3565.92,3510.159095428335,3445.759659546534,3477.9593774874347,87.96062251256535
TR-042996,2025-09-29,september,Dry Van,2698.0,4815.72,4830.310167033245,4667.9954530171,4749.152810025173,66.56718997482767
TR-042997,2025-09-30,september,Dry Van,1632.2,3338.79,3217.13278947534,3167.4748357654844,3192.303812620412,146.48618737958805
TR-042998,2025-09-30,september,Flatbed,801.1,1853.42,1670.9414616752301,1682.3218508671007,1676.6316562711654,176.78834372883466
TR-042999,2025-09-30,september,Dry Van,2653.8,5043.62,4959.292839560567,4855.481079802996,4907.386959681781,136.23304031821863
TR-043000,2025-09-30,september,Reefer,1850.2,4138.2,3872.407510401858,3943.5578190386623,3907.98266472026,230.21733527973993
TR-043001,2025-09-30,september,Dry Van,524.0,1170.91,1144.549191435418,1169.8177334718334,1157.1834624536257,13.726537546374402
TR-043002,2025-09-30,september,Dry Van,338.7,780.1,779.5150911676532,790.0826778586325,784.7988845131429,4.698884513142843
TR-043003,2025-09-30,september,Dry Van,657.9,1379.76,1314.0572519600205,1349.1582798280788,1331.6077658940496,48.152234105950356
TR-043004,2025-09-30,september,Dry Van,804.1,1718.71,1667.6724391987552,1653.2097559001904,1660.441097549473,58.268902450527094
TR-043005,2025-09-30,september,Flatbed,304.9,839.98,763.4077803168328,796.0592084262123,779.7334943715225,60.24650562847751
TR-043006,2025-09-30,september,Dry Van,514.3,1129.32,1095.7421505792731,1086.7360154703235,1091.2390830247982,38.08091697520172
TR-043007,2025-09-30,september,Reefer,872.8,1991.19,1984.3395778099969,1951.851242861831,1968.095410335914,23.094589664086016
TR-043008,2025-09-30,september,Dry Van,994.0,2189.03,2119.702126508334,2107.0973314823505,2113.3997289953422,75.63027100465797
TR-043009,2025-09-30,september,Dry Van,129.7,357.0,358.5395878401671,429.3344934398856,393.93704064002634,36.93704064002634
TR-043010,2025-09-30,september,Flatbed,1931.9,4293.84,3962.4357459570983,3943.5088818798795,3952.972313918489,340.86768608151124
TR-043011,2025-09-30,september,Dry Van,1240.6,2499.88,2534.414464402088,2487.7999117678105,2511.1071880849495,11.227188084949375
TR-043012,2025-09-30,september,Dry Van,648.6,1467.25,1453.5707701719282,1439.4076532951033,1446.4892117335157,20.76078826648427
TR-043013,2025-09-30,september,Dry Van,477.2,1190.36,1133.2805576756252,1150.4823877042531,1141.881472689939,48.47852731006083
TR-043014,2025-09-30,september,Dry Van,1760.9,3419.14,3432.649465873646,3421.710448059048,3427.179956966347,8.03995696634729
TR-043015,2025-09-30,september,Dry Van,1457.1,2795.58,2703.145057097393,2773.395311298882,2738.2701841981375,57.30981580186244
TR-043016,2025-09-30,september,Flatbed,231.0,690.34,641.9871542707302,698.7397944557579,670.363474363244,19.976525636756037
TR-043017,2025-09-30,september,Dry Van,1241.1,2421.83,2380.7512146476115,2407.061489969276,2393.9063523084437,27.923647691556198
TR-043018,2025-09-30,september,Reefer,858.9,2011.7,1962.0340797924641,1971.6965065015513,1966.8652931470078,44.83470685299221
TR-043019,2025-09-30,september,Flatbed,695.2,1592.4,1501.8998805756462,1517.4930010669373,1509.6964408212916,82.70355917870847
TR-043020,2025-09-30,september,Dry Van,437.7,1029.31,1024.9245942826967,1054.0439842785358,1039.4842892806164,10.174289280616449
TR-043021,2025-09-30,september,Dry Van,1455.7,2838.18,2759.9378334717935,2818.9949987211535,2789.4664160964735,48.71358390352634
TR-043022,2025-09-30,september,Flatbed,1906.4,4018.97,3761.570525157438,3701.9846722697284,3731.7775987135833,287.1924012864165
TR-043023,2025-09-30,september,Reefer,1922.7,4366.61,4178.343303856515,4113.186560080985,4145.76493196875,220.84506803124987
TR-043024,2025-09-30,september,Dry Van,2218.8,4260.11,4218.832519149618,4038.8280161759903,4128.8302676628045,131.27973233719513
TR-043025,2025-09-30,september,Dry Van,337.0,848.73,826.1234686404396,876.7745923062816,851.4490304733606,2.71903047336059
TR-043026,2025-09-30,september,Dry Van,121.3,331.22,336.71790789835893,373.1958235083539,354.9568657033564,23.736865703356386
TR-043027,2025-09-30,september,Dry Van,680.2,1375.18,1355.708346563501,1380.2429195430084,1367.9756330532546,7.204366946745495
TR-043028,2025-09-30,september,Dry Van,1139.8,2550.66,2323.3826069119173,2378.476510352859,2350.929558632388,199.730441367612
TR-043029,2025-09-30,september,Reefer,224.3,651.21,601.00703349708,668.7446580993826,634.8758457982312,16.334154201768797
TR-043030,2025-09-30,september,Dry Van,2548.7,4795.09,4761.38529526123,4590.581741720034,4675.9835184906315,119.10648150936868
TR-043031,2025-09-30,september,Flatbed,1215.1,2765.85,2541.286813207838,2571.327829750492,2556.307321479165,209.54267852083512
TR-043032,2025-09-30,september,Dry Van,1566.3,3055.97,2960.4296848154877,2975.2377517340356,2967.833718274762,88.13628172523795
TR-043033,2025-09-30,september,Reefer,1967.8,4048.13,3938.1474622950736,3751.9018345048526,3845.024648399963,203.105351600037
TR-043034,2025-09-30,september,Flatbed,769.0,1829.79,1634.798399115583,1671.1604273974683,1652.9794132565257,176.81058674347423
TR-043035,2025-09-30,september,Dry Van,1194.5,2322.98,2276.5721936997284,2336.0618524668266,2306.3170230832775,16.662976916722528
TR-043036,2025-09-30,september,Dry Van,1693.3,3453.46,3465.7852894080015,3369.3195393379992,3417.5524143730004,35.90758562699966
TR-043037,2025-09-30,september,Dry Van,658.7,1483.96,1438.770512215912,1437.2163002123884,1437.9934062141501,45.96659378584991
TR-043038,2025-09-30,september,Flatbed,349.9,944.64,863.0196362151389,949.0776676915264,906.0486519533326,38.59134804666735
TR-043039,2025-09-30,september,Dry Van,660.2,1440.38,1407.8477708855119,1432.6013802250202,1420.224575555266,20.15542444473408
TR-043040,2025-09-30,september,Dry Van,467.1,1009.23,1048.2880248802294,1089.071144049437,1068.6795844648332,59.44958446483315
TR-043041,2025-09-30,september,Dry Van,532.4,1224.2,1194.4039155065782,1205.9590256995677,1200.181470603073,24.01852939692708
TR-043042,2025-09-30,september,Dry Van,2593.6,4764.98,4720.571321283158,4461.772496251684,4591.171908767421,173.8080912325786
TR-043043,2025-09-30,september,Reefer,1166.1,2823.19,2638.6619022473315,2603.742183834019,2621.2020430406756,201.9879569593245
TR-043044,2025-09-30,september,Reefer,575.3,1570.24,1513.8165587251262,1509.5112733764593,1511.6639160507927,58.57608394920726
TR-043045,2025-09-30,september,Dry Van,2114.9,4027.94,3982.2177852955847,3952.1743680693207,3967.1960766824527,60.74392331754734
TR-043046,2025-09-30,september,Reefer,1052.4,2381.69,2311.2051007602176,2257.5999932502946,2284.402547005256,97.28745299474394
TR-043047,2025-09-30,september,Reefer,1782.9,4038.74,3734.6313150169717,3774.051960283906,3754.3416376504388,284.398362349561
TR-043048,2025-09-30,september,Dry Van,1044.6,2149.82,2130.1467274215397,2123.8297581013157,2126.9882427614275,22.831757238572663
TR-043049,2025-09-30,september,Dry Van,1232.6,2519.02,2466.231671520446,2436.2884548834986,2451.260063201972,67.75993679802787
TR-043050,2025-09-30,september,Dry Van,2976.4,5093.93,5515.678116329,5011.087839633192,5263.382977981096,169.4529779810955
TR-043051,2025-09-30,september,Dry Van,415.6,870.54,875.7462447368646,901.9536139471138,888.8499293419892,18.309929341989232
TR-043052,2025-09-30,september,Dry Van,1741.0,3335.73,3229.0208542465757,3188.8280597437733,3208.9244569951743,126.80554300482572
TR-043053,2025-09-30,september,Dry Van,1035.5,2108.84,2089.5126187353453,2098.9482770087493,2094.230447872047,14.609552127953066
TR-043054,2025-09-30,september,Dry Van,599.6,1416.74,1341.4826208153843,1361.2634817895357,1351.37305130246,65.36694869754001
TR-043055,2025-09-30,september,Reefer,2255.0,5046.46,4753.891759832861,4648.944747519283,4701.418253676072,345.04174632392824
TR-043056,2025-09-30,september,Dry Van,792.6,1623.96,1611.9587810469204,1591.9792604098352,1601.969020728378,21.99097927162211
TR-043057,2025-09-30,september,Reefer,2251.0,4884.93,4776.027597841801,4645.059721830642,4710.543659836221,174.3863401637791
TR-043058,2025-09-30,september,Dry Van,765.6,1718.35,1659.9932899248606,1664.6344535713183,1662.3138717480895,56.03612825191044
TR-043059,2025-09-30,september,Reefer,573.4,1371.66,1290.9948202257415,1312.7152214087564,1301.855020817249,69.80497918275114
TR-043060,2025-09-30,september,Dry Van,3129.9,5343.79,5567.923886046388,5204.238941526348,5386.081413786368,42.29141378636814
TR-043061,2025-09-30,september,Dry Van,616.4,1340.72,1291.9339650267473,1285.314947295606,1288.6244561611766,52.09554383882346
TR-043062,2025-09-30,september,Reefer,1537.4,3511.31,3391.4445287686954,3416.6639292872824,3404.054229027989,107.25577097201085
TR-043063,2025-09-30,september,Reefer,904.4,2113.68,2066.555816572733,2039.9826653561388,2053.269240964436,60.41075903556384
TR-043064,2025-09-30,september,Flatbed,2211.8,4609.2,4338.150485077821,4296.765047939729,4317.4577665087745,291.7422334912253
TR-043065,2025-09-30,september,Reefer,422.4,1109.63,1066.0732456472738,1073.0522352064559,1069.5627404268648,40.06725957313529
TR-043066,2025-09-30,september,Dry Van,1467.4,2905.43,2909.8110867228042,2900.757792628495,2905.2844396756495,0.1455603243502992
TR-043067,2025-09-30,september,Reefer,583.1,1412.3,1365.2141099143169,1391.2051248478156,1378.2096173810662,34.090382618933745
TR-043068,2025-09-30,september,Reefer,1112.4,2642.23,2545.334557371375,2491.0545589408207,2518.1945581560976,124.03544184390239
TR-043069,2025-09-30,september,Dry Van,305.5,2610.3,809.8437016991941,844.9743267782944,827.4090142387442,1782.890985761256
TR-043070,2025-09-30,september,Dry Van,2144.6,4026.49,3959.3321159315788,3938.4491192930814,3948.89061761233,77.59938238766972
TR-043071,2025-09-30,september,Dry Van,1807.7,3531.35,3478.1907956331765,3497.863020235878,3488.026907934527,43.32309206547279
TR-043072,2025-09-30,september,Reefer,262.2,716.88,678.98395684299,739.0038369157091,708.9938968793496,7.886103120650432
TR-043073,2025-09-30,september,Dry Van,903.2,1736.2,1715.246771732757,1732.8771748622594,1724.0619732975083,12.138026702491743
TR-043074,2025-09-30,september,Dry Van,705.6,1480.19,1463.506294552655,1464.0119904634666,1463.759142508061,16.43085749193915
TR-043075,2025-09-30,september,Reefer,754.4,1913.03,1846.2701776138576,1822.0867408157417,1834.1784592147997,78.85154078520031
TR-043076,2025-09-30,september,Reefer,1135.3,2600.14,2537.0336360218516,2524.3748185520817,2530.7042272869667,69.4357727130332
TR-043077,2025-09-30,september,Dry Van,436.3,2522.62,984.2703253912124,1022.4948198774259,1003.3825726343191,1519.2374273656808
TR-043078,2025-09-30,september,Dry Van,387.5,876.64,868.9733516508448,922.0832419853564,895.5282968181007,18.888296818100685
TR-043079,2025-09-30,september,Dry Van,155.1,434.29,412.80952116033853,478.7301445742644,445.7698328673015,11.479832867301468
TR-043080,2025-09-30,september,Dry Van,299.7,801.38,795.3022781847963,828.2023230312957,811.752300608046,10.372300608045975
TR-043081,2025-09-30,september,Dry Van,411.7,989.5,965.9759581749473,1002.3256090180321,984.1507835964896,5.349216403510354
TR-043082,2025-09-30,september,Flatbed,333.8,896.69,835.3197302277518,901.8165146215215,868.5681224246366,28.121877575363442
TR-043083,2025-09-30,september,Dry Van,1331.8,2726.84,2658.791739678844,2699.7205164538573,2679.2561280663504,47.58387193364979
TR-043084,2025-09-30,september,Dry Van,670.9,1484.02,1445.3382993276755,1442.9760065455807,1444.157152936628,39.86284706337187
TR-043085,2025-09-30,september,Dry Van,444.3,940.89,922.8131200036329,949.0746717027416,935.9438958531873,4.946104146812672
TR-043086,2025-09-30,september,Dry Van,194.2,532.29,512.3352665908677,566.4896766391992,539.4124716150334,7.122471615033419
TR-043087,2025-09-30,september,Dry Van,522.4,1185.03,1165.8082704464257,1172.1612654269688,1168.9847679366972,16.04523206330282
TR-043088,2025-09-30,september,Dry Van,1832.2,3365.72,3352.1538784659683,3335.08679384426,3343.6203361551143,22.099663844885526
TR-043089,2025-09-30,september,Flatbed,125.2,365.66,350.3133094421076,390.5911645864305,370.45223701426903,4.792237014269006
TR-043090,2025-09-30,september,Flatbed,421.4,1200.94,1109.1480394625469,1144.7070562930526,1126.9275478777997,74.01245212220033
TR-043091,2025-09-30,september,Reefer,495.8,1352.62,1289.5304850118341,1313.2652079938116,1301.3978465028229,51.22215349717703
TR-043092,2025-09-30,september,Dry Van,1451.2,2889.42,2770.333901334097,2846.696361868876,2808.5151316014862,80.90486839851383
TR-043093,2025-09-30,september,Dry Van,833.6,1771.8,1744.6230461240223,1786.7415972727233,1765.6823216983728,6.117678301627166
TR-043094,2025-09-30,september,Flatbed,835.9,1946.45,1809.3702545771164,1848.3339536929532,1828.8521041350348,117.59789586496527
TR-043095,2025-09-30,september,Flatbed,1533.8,3300.91,3126.593620441496,3156.6840671481614,3141.638843794829,159.27115620517088
TR-043096,2025-09-30,september,Dry Van,310.7,715.18,731.9112368939124,763.6104234170996,747.760830155506,32.58083015550608
TR-043097,2025-09-30,september,Dry Van,2441.6,4299.66,4363.31572606724,4229.123836070014,4296.219781068627,3.440218931373238
TR-043098,2025-09-30,september,Reefer,701.5,1811.26,1735.8532987881924,1728.8400490270583,1732.3466739076252,78.91332609237475
TR-043099,2025-09-30,september,Dry Van,2288.6,4205.63,4182.6444534587845,4099.131972938144,4140.888213198465,64.74178680153545
TR-043100,2025-09-30,september,Dry Van,367.1,838.67,820.3358034585551,874.7565852862476,847.5461943724014,8.876194372401415
TR-043101,2025-09-30,september,Flatbed,3101.8,6610.21,6122.781312659891,5838.327414385041,5980.554363522466,629.6556364775342
TR-043102,2025-09-30,september,Reefer,874.4,7443.31,1960.3153471143523,1930.5136408247197,1945.4144939695361,5497.895506030464
TR-043103,2025-09-30,september,Dry Van,723.3,1500.18,1428.7498492687173,1462.3273932978611,1445.538621283289,54.64137871671096
TR-043104,2025-09-30,september,Reefer,2087.7,4526.15,4328.05167340343,4331.475646707942,4329.763660055686,196.38633994431348
TR-043105,2025-09-30,september,Reefer,2663.7,5382.19,5049.341449294473,4962.678329043007,5006.009889168739,376.1801108312602
TR-043106,2025-09-30,september,Flatbed,1575.4,3542.5,3383.1855127683434,3358.867737229023,3371.0266249986835,171.47337500131653
TR-043107,2025-09-30,september,Flatbed,2201.7,4713.14,4378.383289776041,4273.2928907092155,4325.838090242629,387.3019097573715
TR-043108,2025-09-30,september,Flatbed,912.5,2050.87,1876.768896911261,1915.7574575064507,1896.2631772088557,154.60682279114417
TR-043109,2025-09-30,september,Dry Van,2303.1,4361.64,4340.468283177662,4214.460324407948,4277.464303792805,84.17569620719496
TR-043110,2025-09-30,september,Reefer,873.3,2023.59,1952.5493206279184,1951.3853088992525,1951.9673147635854,71.62268523641455
TR-043111,2025-09-30,september,Reefer,942.6,2275.62,2151.0761468115898,2151.4774080381826,2151.276777424886,124.34322257511394
TR-043112,2025-09-30,september,Dry Van,1127.2,2250.21,2078.191305825289,2188.2247161482505,2133.2080109867698,117.00198901323029
TR-043113,2025-09-30,september,Reefer,1765.1,3981.2,3735.251109379257,3636.291433940104,3685.7712716596807,295.42872834031914
TR-043114,2025-09-30,september,Dry Van,1294.8,2489.82,2433.5239191178907,2471.318455489636,2452.4211873037634,37.398812696236746
TR-043115,2025-09-30,september,Flatbed,833.5,1856.04,1772.159337819625,1787.9413219413912,1780.0503298805081,75.98967011949185
TR-043116,2025-09-30,september,Dry Van,2131.0,3878.4,3843.4659534230746,3727.7053921979805,3785.5856728105273,92.8143271894728
TR-043117,2025-09-30,september,Flatbed,543.6,1371.12,1228.0656703226664,1226.4438233302765,1227.2547468264715,143.86525317352834
TR-043118,2025-09-30,september,Flatbed,721.2,1818.34,1713.5249032508943,1696.148218639189,1704.8365609450416,113.50343905495833
TR-043119,2025-09-30,september,Dry Van,432.3,968.44,946.1836843230556,977.2849491519105,961.734316737483,6.705683262517027
TR-043120,2025-09-30,september,Reefer,1414.9,3308.06,3222.5210886737664,3175.583478143318,3199.0522834085423,109.00771659145767
TR-043121,2025-09-30,september,Dry Van,654.1,1454.09,1392.5464122477877,1438.1788233604466,1415.3626178041172,38.72738219588268
TR-043122,2025-09-30,september,Flatbed,2098.4,4726.9,4259.8348553053675,4155.417960943043,4207.626408124205,519.2735918757944
TR-043123,2025-09-30,september,Dry Van,330.9,749.67,722.270801378819,790.6628874700182,756.4668444244186,6.796844424418623
TR-043124,2025-09-30,september,Dry Van,1093.9,2009.55,1931.5986676819834,2034.4470571987445,1983.022862440364,26.527137559636003
TR-043125,2025-09-30,september,Dry Van,2071.1,3784.87,3607.2119592835243,3618.28913527039,3612.750547276957,172.11945272304274
TR-043126,2025-09-30,september,Flatbed,2340.6,4713.82,4475.6039599822,4327.970112086003,4401.787036034101,312.0329639658985
TR-043127,2025-09-30,september,Dry Van,490.8,1095.54,1091.6460745498946,1099.5255945034146,1095.5858345266547,0.04583452665474397
TR-043128,2025-09-30,september,Dry Van,1249.0,2423.41,2404.2027492102898,2399.4058266136817,2401.8042879119857,21.605712088014116
TR-043129,2025-09-30,september,Flatbed,3031.1,6031.83,5672.119219439079,5449.175799847182,5560.64750964313,471.1824903568695
TR-043130,2025-09-30,september,Reefer,1999.4,4633.29,4346.661643538765,4280.133227337094,4313.39743543793,319.8925645620702
TR-043131,2025-09-30,september,Dry Van,568.0,4000.2,1276.8530559379494,1273.6135841766618,1275.2333200573057,2724.966679942694
TR-043132,2025-09-30,september,Flatbed,824.4,2040.44,1876.3706454944092,1905.926564558872,1891.1486050266408,149.29139497335927
TR-043133,2025-09-30,september,Dry Van,2204.8,4265.6,4239.987916864901,4124.153927861269,4182.070922363086,83.52907763691474
TR-043134,2025-09-30,september,Dry Van,558.6,1280.48,1255.4662767781504,1274.1755090090141,1264.8208928935824,15.65910710641765
TR-043135,2025-09-30,september,Flatbed,1121.4,2711.58,2513.469299585944,2477.2621955097225,2495.365747547833,216.21425245216687
TR-043136,2025-09-30,september,Dry Van,1013.1,1997.28,1927.2863090602925,1942.2276652699823,1934.7569871651374,62.523012834862584
TR-043137,2025-09-30,september,Flatbed,534.2,1351.46,1257.2526811452556,1287.8229143643414,1272.5377977547985,78.92220224520156
TR-043138,2025-09-30,september,Dry Van,3302.0,5812.69,5836.608409650603,5488.447124923685,5662.527767287143,150.16223271285617
TR-043139,2025-09-30,september,Flatbed,910.5,2108.23,1883.5907431703256,1923.12294607761,1903.3568446239678,204.87315537603217
TR-043140,2025-09-30,september,Dry Van,1850.7,3252.91,3376.639523399077,3312.7662045330917,3344.7028639660844,91.7928639660845
TR-043141,2025-09-30,september,Reefer,2471.3,5237.53,5070.563496954053,4873.9895410121335,4972.276518983093,265.25348101690633
TR-043142,2025-09-30,september,Reefer,2069.0,4514.51,4262.006471066729,4233.768449644511,4247.88746035562,266.6225396443806
TR-043143,2025-09-30,september,Dry Van,970.6,1980.3,1967.1444012797167,1975.559777376117,1971.352089327917,8.947910672083026
TR-043144,2025-09-30,september,Reefer,803.6,1931.07,1847.4023874316342,1852.1194437753836,1849.760915603509,81.30908439649102
TR-043145,2025-09-30,september,Reefer,1623.9,3707.12,3559.722891907627,3540.910165772888,3550.3165288402574,156.80347115974246
TR-043146,2025-09-30,september,Dry Van,744.2,1650.2,1570.0076302182163,1606.2393689582145,1588.1234995882155,62.07650041178454
TR-043147,2025-09-30,september,Dry Van,860.4,1938.61,1855.8301858811421,1869.1860087782127,1862.5080973296774,76.10190267032249
