load_id,date,fold,equipment,distance,actual_rate,lightgbm_prediction,catboost_prediction,ensemble_prediction,absolute_error
TR-043148,2025-10-01,october,Dry Van,2211.8,4001.45,4059.212147984009,4113.90040286258,4086.5562754232947,85.10627542329485
TR-043149,2025-10-01,october,Dry Van,1244.7,2466.25,2507.5698253378646,2465.911543812509,2486.7406845751866,20.490684575186606
TR-043150,2025-10-01,october,Reefer,1083.9,2526.28,2568.353285208226,2601.073623244095,2584.7134542261606,58.43345422616039
TR-043151,2025-10-01,october,Reefer,605.5,1518.22,1573.7907705882992,1545.8879935936213,1559.8393820909603,41.619382090960244
TR-043152,2025-10-01,october,Dry Van,1663.3,2999.76,3107.2472559057082,3135.6405840329353,3121.4439199693215,121.68391996932132
TR-043153,2025-10-01,october,Dry Van,780.4,1704.26,1707.8721145788877,1707.4212917210814,1707.6467031499847,3.386703149984669
TR-043154,2025-10-01,october,Reefer,216.5,605.83,654.5053847869217,641.222868161072,647.8641264739969,42.03412647399682
TR-043155,2025-10-01,october,Dry Van,520.5,1176.88,1172.4764054287973,1169.4271910077432,1170.9517982182701,5.9282017817299675
TR-043156,2025-10-01,october,Dry Van,987.8,1900.8,1919.361106177527,1969.5468980915623,1944.4540021345447,43.654002134544726
TR-043157,2025-10-01,october,Dry Van,945.3,1914.59,1956.6220129157243,1918.2737009290652,1937.4478569223947,22.85785692239483
TR-043158,2025-10-01,october,Reefer,479.1,1223.46,1265.2231414594164,1251.8431440996521,1258.5331427795343,35.07314277953424
TR-043159,2025-10-01,october,Flatbed,857.4,1941.22,2026.554416128024,2065.6840177920367,2046.1192169600304,104.89921696003034
TR-043160,2025-10-01,october,Reefer,917.8,2156.97,2248.7157965758074,2236.039621756574,2242.3777091661905,85.40770916619067
TR-043161,2025-10-01,october,Dry Van,2203.9,4262.62,4274.365160525003,4332.079904379114,4303.222532452059,40.60253245205877
TR-043162,2025-10-01,october,Dry Van,639.4,1430.05,1450.2612387444055,1451.9918793328306,1451.126559038618,21.076559038618143
TR-043163,2025-10-01,october,Dry Van,2754.3,4744.55,4913.04163126825,4939.608260034423,4926.324945651337,181.77494565133657
TR-043164,2025-10-01,october,Dry Van,931.0,2022.34,2047.9795909900618,2015.4762979480406,2031.7279444690512,9.387944469051263
TR-043165,2025-10-01,october,Flatbed,1373.6,2990.31,3102.000110173331,3205.6135954797246,3153.8068528265276,163.49685282652763
TR-043166,2025-10-01,october,Reefer,399.8,982.16,1038.8190425224313,1024.918223808993,1031.8686331657123,49.708633165712286
TR-043167,2025-10-01,october,Reefer,415.8,1023.56,1083.3999239843465,1095.6717323776681,1089.5358281810072,65.97582818100727
TR-043168,2025-10-01,october,Reefer,1278.8,2873.9,2938.019458159689,3006.3128046304264,2972.1661313950576,98.26613139505753
TR-043169,2025-10-01,october,Flatbed,2049.6,4042.16,4283.878560293246,4387.7292971409,4335.803928717072,293.6439287170724
TR-043170,2025-10-01,october,Reefer,246.4,712.29,721.579850038267,716.9971160147502,719.2884830265086,6.998483026508666
TR-043171,2025-10-01,october,Dry Van,884.2,1794.49,1826.954482875997,1831.9078100142906,1829.431146445144,34.941146445143886
TR-043172,2025-10-01,october,Flatbed,3014.7,5589.34,5728.201197944712,5948.761948227815,5838.481573086263,249.14157308626272
TR-043173,2025-10-01,october,Flatbed,998.5,2086.11,2213.854939599963,2241.5555817809864,2227.7052606904745,141.59526069047433
TR-043174,2025-10-01,october,Dry Van,242.5,579.08,603.4137273295895,601.7086678397529,602.5611975846712,23.481197584671122
TR-043175,2025-10-01,october,Dry Van,449.7,974.24,986.8531022690196,997.3611687934895,992.1071355312545,17.867135531254462
TR-043176,2025-10-01,october,Flatbed,282.2,755.24,811.5688789535396,824.3044208132167,817.9366498833781,62.696649883378086
TR-043177,2025-10-01,october,Flatbed,884.8,2004.9,2122.4449418678796,2133.949119680678,2128.1970307742786,123.29703077427848
TR-043178,2025-10-01,october,Dry Van,1022.5,2015.6,1997.7148656555064,2012.61804059069,2005.166453123098,10.4335468769018
TR-043179,2025-10-01,october,Flatbed,378.6,906.83,986.4146882246918,992.8509047585233,989.6327964916075,82.80279649160741
TR-043180,2025-10-01,october,Flatbed,2336.6,4627.89,4703.724841748924,4932.3654165018625,4818.045129125393,190.1551291253927
TR-043181,2025-10-01,october,Dry Van,777.6,1500.39,1528.2230716766308,1523.8440461682103,1526.0335589224205,25.643558922420425
TR-043182,2025-10-01,october,Dry Van,277.8,628.71,659.7145494056336,644.0679107069545,651.891230056294,23.181230056293998
TR-043183,2025-10-01,october,Reefer,764.2,1789.15,1847.948302609895,1856.060345817898,1852.0043242138966,62.85432421389646
TR-043184,2025-10-01,october,Dry Van,589.6,1184.39,1246.6373625962733,1255.965436751588,1251.3013996739305,66.91139967393042
TR-043185,2025-10-01,october,Reefer,548.4,6477.13,1352.6389719986917,1347.8909625002827,1350.2649672494872,5126.865032750513
TR-043186,2025-10-01,october,Flatbed,684.8,1498.58,1605.1052920828752,1647.4454100766138,1626.2753510797445,127.69535107974457
TR-043187,2025-10-01,october,Reefer,244.7,757.75,738.3595548162937,758.7337296101646,748.5466422132291,9.20335778677088
TR-043188,2025-10-01,october,Dry Van,993.2,2022.07,2030.8235018372498,2027.1987498401152,2029.0111258386823,6.94112583868241
TR-043189,2025-10-01,october,Dry Van,650.6,1372.49,1411.2545894984319,1370.9428424139746,1391.0987159562033,18.60871595620324
TR-043190,2025-10-01,october,Dry Van,461.0,1000.3,1065.8795571799462,1063.1476927366298,1064.513624958288,64.21362495828794
TR-043191,2025-10-01,october,Dry Van,562.0,1206.96,1247.308288427839,1258.476047759084,1252.8921680934614,45.932168093461314
TR-043192,2025-10-01,october,Dry Van,470.7,1133.3,1136.195427199306,1133.4470722295844,1134.8212497144452,1.5212497144452755
TR-043193,2025-10-01,october,Flatbed,2273.8,4333.35,4390.971599883127,4545.518288670226,4468.2449442766765,134.89494427667614
TR-043194,2025-10-01,october,Dry Van,1273.2,2647.58,2699.1302272735015,2689.7609908171535,2694.4456090453277,46.8656090453278
TR-043195,2025-10-01,october,Dry Van,495.9,1100.57,1125.3552926747989,1124.8772868649125,1125.1162897698557,24.546289769855775
TR-043196,2025-10-01,october,Flatbed,758.8,1733.31,1818.484797090009,1831.455405155687,1824.970101122848,91.66010112284812
TR-043197,2025-10-01,october,Reefer,2051.9,4360.08,4534.693384752435,4573.359669236048,4554.026526994241,193.94652699424114
TR-043198,2025-10-01,october,Dry Van,597.4,1310.24,1371.2914383172044,1376.1498116594253,1373.7206249883147,63.48062498831473
TR-043199,2025-10-01,october,Dry Van,3035.7,5448.66,5593.0697388370545,5611.088398906215,5602.079068871635,153.41906887163532
TR-043200,2025-10-01,october,Dry Van,210.1,572.62,600.5754007965804,605.5299565729515,603.052678684766,30.43267868476596
TR-043201,2025-10-01,october,Dry Van,1471.5,2839.21,2831.7329223023576,2846.385271660244,2839.059096981301,0.15090301869895484
TR-043202,2025-10-01,october,Dry Van,463.4,1033.26,1051.5017547813902,1062.262752303423,1056.8822535424065,23.622253542406497
TR-043203,2025-10-01,october,Dry Van,1010.9,1986.82,1986.8661037139318,1998.6824367260513,1992.7742702199916,5.954270219991713
TR-043204,2025-10-01,october,Reefer,1124.8,2400.85,2549.817884980714,2496.95640241029,2523.3871436955023,122.53714369550244
TR-043205,2025-10-01,october,Dry Van,951.8,1936.07,1996.1848374627943,2019.3429489855907,2007.7638932241925,71.6938932241926
TR-043206,2025-10-01,october,Dry Van,988.0,1929.23,1979.5030408426574,2004.429285846193,1991.9661633444252,62.73616334442522
TR-043207,2025-10-01,october,Reefer,647.7,1483.98,1635.387931658309,1605.2650320513383,1620.3264818548237,136.34648185482365
TR-043208,2025-10-01,october,Dry Van,2216.0,3829.84,4040.7618307076473,4023.7963113890755,4032.2790710483614,202.43907104836126
TR-043209,2025-10-01,october,Dry Van,605.9,1217.54,1279.0182550670445,1278.505119749947,1278.7616874084956,61.221687408495654
TR-043210,2025-10-01,october,Dry Van,1159.0,2360.65,2425.0528968051467,2401.1067932245637,2413.079845014855,52.42984501485489
TR-043211,2025-10-01,october,Reefer,922.4,2088.6,2206.698025397872,2193.6672018918057,2200.182613644839,111.58261364483906
TR-043212,2025-10-01,october,Dry Van,2784.9,4778.86,5161.930046203115,5115.2245762837765,5138.577311243445,359.7173112434457
TR-043213,2025-10-01,october,Flatbed,803.1,1722.03,1784.5687820035064,1878.696639893191,1831.6327109483486,109.60271094834866
TR-043214,2025-10-01,october,Flatbed,637.7,1412.16,1475.7666032955099,1494.6034606774529,1485.1850319864814,73.02503198648128
TR-043215,2025-10-01,october,Reefer,2179.4,4500.92,4543.667961977962,4597.200458314643,4570.434210146303,69.5142101463025
TR-043216,2025-10-01,october,Dry Van,1553.5,3181.84,3163.688101237016,3221.089001232687,3192.3885512348515,10.548551234851402
TR-043217,2025-10-01,october,Dry Van,1203.3,2498.9,2602.536298261147,2542.5821836971827,2572.5592409791648,73.65924097916468
TR-043218,2025-10-01,october,Dry Van,1635.8,3208.55,3287.0108976569527,3337.786106900182,3312.3985022785673,103.84850227856714
TR-043219,2025-10-01,october,Dry Van,2628.8,4900.51,4991.582804695257,5094.439402929374,5043.011103812316,142.5011038123157
TR-043220,2025-10-01,october,Dry Van,1507.7,3028.96,3115.967742780569,2970.7912268637297,3043.3794848221496,14.41948482214957
TR-043221,2025-10-01,october,Dry Van,458.5,1008.48,1035.6623379997002,1051.9297196802756,1043.796028839988,35.316028839987894
TR-043222,2025-10-01,october,Reefer,451.9,1170.12,1245.2617035475578,1243.410015645611,1244.3358595965844,74.21585959658455
TR-043223,2025-10-01,october,Reefer,1005.8,2521.43,2560.9416457794914,2532.4090808358997,2546.6753633076955,25.245363307695698
TR-043224,2025-10-01,october,Dry Van,358.0,835.03,862.335671165003,862.4812176202558,862.4084443926295,27.37844439262949
TR-043225,2025-10-01,october,Flatbed,2633.9,4810.57,4970.916243128247,5155.960224651699,5063.438233889972,252.86823388997254
TR-043226,2025-10-01,october,Reefer,562.6,1244.63,1283.326901386707,1312.1460241236973,1297.7364627552022,53.106462755202074
TR-043227,2025-10-01,october,Dry Van,678.9,1446.38,1439.705137109842,1426.5945135494476,1433.149825329645,13.230174670355154
TR-043228,2025-10-01,october,Dry Van,244.1,563.96,602.4795496907941,584.0524078780109,593.2659787844025,29.30597878440244
TR-043229,2025-10-01,october,Dry Van,447.2,1023.4,1048.0062641103316,1042.7961782200073,1045.4012211651693,22.00122116516934
TR-043230,2025-10-01,october,Flatbed,607.5,1421.17,1457.495557403057,1478.137361852837,1467.816459627947,46.646459627947024
TR-043231,2025-10-01,october,Dry Van,685.5,1397.01,1452.5730595214104,1439.707900797427,1446.1404801594188,49.13048015941877
TR-043232,2025-10-01,october,Dry Van,1253.7,2477.14,2594.0293676718306,2581.0710778636508,2587.5502227677407,110.41022276774083
TR-043233,2025-10-01,october,Reefer,632.4,1490.25,1466.803172713326,1495.608450076786,1481.2058113950561,9.044188604943884
TR-043234,2025-10-01,october,Dry Van,1283.2,2459.43,2553.1722766835073,2569.2123725011766,2561.1923245923417,101.76232459234188
TR-043235,2025-10-01,october,Dry Van,359.6,789.03,849.7864116439155,813.0046503567523,831.3955310003339,42.36553100033393
TR-043236,2025-10-01,october,Dry Van,509.2,1164.68,1185.5645279498451,1192.6782614401,1189.1213946949724,24.44139469497236
TR-043237,2025-10-01,october,Reefer,2731.3,5555.29,5554.709047394474,5622.007562611734,5588.358305003104,33.06830500310389
TR-043238,2025-10-01,october,Dry Van,1875.4,3533.64,3556.2011679217794,3596.728404097572,3576.4647860096757,42.82478600967579
TR-043239,2025-10-01,october,Dry Van,256.8,648.29,643.1698692600361,660.2965807607045,651.7332250103702,3.44322501037027
TR-043240,2025-10-01,october,Dry Van,1435.0,2853.94,2956.735150613856,3107.1815919846117,3031.958371299234,178.01837129923388
TR-043241,2025-10-01,october,Dry Van,1431.7,2817.95,2817.787611943356,2809.283213172045,2813.5354125577005,4.414587442299307
TR-043242,2025-10-01,october,Flatbed,412.3,1002.17,1047.1591886195313,1060.0548056175387,1053.606997118535,51.43699711853503
TR-043243,2025-10-01,october,Dry Van,1434.7,2898.42,2989.597780606626,3182.453537948291,3086.0256592774585,187.60565927745847
TR-043244,2025-10-01,october,Reefer,862.0,1968.55,2072.118960396591,2058.9291461729035,2065.5240532847474,96.97405328474747
TR-043245,2025-10-01,october,Dry Van,624.8,1398.29,1446.6414052284717,1446.4793875458136,1446.5603963871426,48.27039638714268
TR-043246,2025-10-01,october,Dry Van,790.4,1614.53,1637.6248123625073,1651.3327611599943,1644.4787867612508,29.948786761250858
TR-043247,2025-10-01,october,Dry Van,833.4,1793.3,1829.1802503403865,1802.891187211368,1816.0357187758773,22.73571877587733
TR-043248,2025-10-01,october,Dry Van,2442.1,4537.86,4515.2525272783405,4505.136281016987,4510.194404147664,27.665595852336082
TR-043249,2025-10-01,october,Dry Van,824.1,1641.95,1718.6541806533698,1649.0631809967986,1683.8586808250843,41.908680825084275
TR-043250,2025-10-01,october,Flatbed,1259.6,2505.88,2651.9121494369338,2772.20833828634,2712.060243861637,206.18024386163688
TR-043251,2025-10-01,october,Dry Van,1519.1,2902.34,2978.496633622576,3012.244103393058,2995.370368507817,93.030368507817
TR-043252,2025-10-01,october,Reefer,104.7,311.26,318.08591282873493,359.52860595277366,338.8072593907543,27.547259390754334
TR-043253,2025-10-01,october,Dry Van,2267.7,4200.14,4197.625927078187,4134.783318404232,4166.204622741209,33.93537725879105
TR-043254,2025-10-01,october,Dry Van,176.0,517.66,511.4384275645685,510.17113962163785,510.80478359310314,6.8552164068968295
TR-043255,2025-10-01,october,Reefer,1837.0,3773.93,3845.1206848030824,3919.8243186189675,3882.472501711025,108.54250171102512
TR-043256,2025-10-01,october,Reefer,933.6,2219.91,2307.9376611718662,2301.606402330616,2304.7720317512412,84.86203175124137
TR-043257,2025-10-01,october,Dry Van,538.3,1283.16,1292.9687395741905,1276.0944956939782,1284.5316176340843,1.3716176340842594
TR-043258,2025-10-01,october,Dry Van,1522.5,2877.77,2925.3684304647527,2938.084802816061,2931.726616640407,53.95661664040699
TR-043259,2025-10-01,october,Dry Van,1726.6,3332.2,3469.1961803226045,3484.8890337510247,3477.042607036815,144.84260703681502
TR-043260,2025-10-01,october,Reefer,2615.5,5124.5,5284.4385272801965,5396.284574308003,5340.3615507940995,215.86155079409946
TR-043261,2025-10-01,october,Reefer,2004.8,4070.24,4209.478519500128,4226.2594338313975,4217.868976665763,147.62897666576282
TR-043262,2025-10-01,october,Reefer,1123.5,2458.0,2490.1517626894165,2474.1582581844154,2482.155010436916,24.1550104369162
TR-043263,2025-10-01,october,Dry Van,1039.6,2010.76,2035.7921512342737,2115.5030958881675,2075.647623561221,64.88762356122083
TR-043264,2025-10-01,october,Dry Van,2254.2,4221.49,4259.610490665136,4317.456720309139,4288.533605487138,67.04360548713794
TR-043265,2025-10-01,october,Reefer,959.6,2113.04,2209.667454844151,2221.565481675927,2215.6164682600393,102.57646826003929
TR-043266,2025-10-01,october,Flatbed,2164.4,4464.73,4540.834145059828,4689.801947548254,4615.318046304041,150.5880463040412
TR-043267,2025-10-01,october,Dry Van,2291.1,4310.7,4335.33060206542,4332.346556536458,4333.838579300938,23.138579300938545
TR-043268,2025-10-01,october,Reefer,2012.0,4298.29,4370.597801446659,4431.447202084528,4401.022501765594,102.73250176559395
TR-043269,2025-10-01,october,Dry Van,734.0,1487.21,1547.326689918755,1546.3141041486015,1546.820397033678,59.610397033678055
TR-043270,2025-10-01,october,Dry Van,275.2,650.49,681.4448886650953,674.0658921639499,677.7553904145226,27.265390414522585
TR-043271,2025-10-01,october,Dry Van,875.0,1730.09,1802.4424031036058,1790.2306145191108,1796.3365088113583,66.24650881135835
TR-043272,2025-10-01,october,Dry Van,371.4,841.42,855.2715585086069,853.045295309126,854.1584269088664,12.738426908866472
TR-043273,2025-10-01,october,Dry Van,2261.5,4384.26,4334.011583134161,4350.288720525352,4342.150151829756,42.10984817024382
TR-043274,2025-10-01,october,Dry Van,561.1,1274.28,1280.2753077196226,1286.8781318376218,1283.5767197786222,9.296719778622219
TR-043275,2025-10-01,october,Dry Van,791.9,1749.18,1786.415960267567,1747.630908465992,1767.0234343667794,17.84343436677932
TR-043276,2025-10-01,october,Dry Van,1577.7,3134.93,3217.754141074106,3243.2133675961686,3230.4837543351373,95.55375433513746
TR-043277,2025-10-01,october,Dry Van,855.9,1791.66,1902.2766659353667,1899.6681985188957,1900.9724322271313,109.31243222713124
TR-043278,2025-10-01,october,Reefer,442.4,1098.12,1167.3021071857622,1182.9333304006132,1175.1177187931876,76.99771879318769
TR-043279,2025-10-01,october,Dry Van,445.9,977.98,1014.5138628810025,1004.5471206421798,1009.5304917615912,31.55049176159116
TR-043280,2025-10-01,october,Flatbed,583.0,1398.37,1528.0239006568438,1512.5507206070727,1520.2873106319582,121.91731063195834
TR-043281,2025-10-01,october,Dry Van,912.2,1927.67,1973.4625104006955,1961.3584212242959,1967.4104658124957,39.740465812495586
TR-043282,2025-10-01,october,Dry Van,1227.5,2331.68,2523.0679189818297,2485.020143497345,2504.0440312395876,172.3640312395878
TR-043283,2025-10-01,october,Dry Van,1396.3,2846.07,2900.64847930241,2850.1364898436404,2875.3924845730253,29.322484573025122
TR-043284,2025-10-01,october,Reefer,629.3,1458.78,1508.345990407509,1514.3239125894243,1511.3349514984666,52.55495149846661
TR-043285,2025-10-01,october,Reefer,489.6,1157.74,1227.4949914668236,1229.943402255871,1228.7191968613474,70.97919686134742
TR-043286,2025-10-01,october,Dry Van,660.7,1443.07,1483.553838252316,1464.357571296684,1473.9557047745,30.885704774500027
TR-043287,2025-10-01,october,Dry Van,70.0,194.26,269.89932533797787,229.8221335686792,249.86072945332853,55.60072945332854
TR-043288,2025-10-01,october,Reefer,2337.0,5076.68,5069.260426729409,5234.180181516391,5151.7203041229,75.04030412290012
TR-043289,2025-10-01,october,Dry Van,565.0,1140.24,1157.2743125304319,1142.0745323299266,1149.6744224301792,9.434422430179211
TR-043290,2025-10-01,october,Reefer,733.9,1645.12,1705.641476181773,1709.3233047814565,1707.4823904816149,62.362390481614966
TR-043291,2025-10-01,october,Dry Van,407.9,921.92,953.1330836311414,943.4974782361992,948.3152809336702,26.39528093367028
TR-043292,2025-10-01,october,Dry Van,699.1,1498.47,1515.6707708209433,1505.8856767904908,1510.778223805717,12.308223805717034
TR-043293,2025-10-01,october,Reefer,594.4,1456.25,1530.7015643234565,1529.7615657504987,1530.2315650369776,73.9815650369776
TR-043294,2025-10-01,october,Flatbed,801.6,1717.39,1780.2374688020489,1835.8740776160673,1808.055773209058,90.66577320905799
TR-043295,2025-10-01,october,Dry Van,1732.8,3374.09,3384.5902549591665,3402.3062785284874,3393.448266743827,19.35826674382679
TR-043296,2025-10-01,october,Dry Van,735.6,1509.89,1550.824400095502,1540.9721921723622,1545.898296133932,36.008296133931935
TR-043297,2025-10-01,october,Dry Van,70.0,203.0,223.4615947329797,235.9585465806881,229.71007065683392,26.71007065683392
TR-043298,2025-10-01,october,Dry Van,414.8,1013.72,1025.0173996467242,1017.7217404180658,1021.369570032395,7.6495700323949904
TR-043299,2025-10-01,october,Flatbed,1869.1,3856.36,4005.021887503595,4084.02678824107,4044.5243378723326,188.16433787233245
TR-043300,2025-10-01,october,Dry Van,320.9,767.51,777.669921098435,780.3445607921008,779.0072409452679,11.49724094526789
TR-043301,2025-10-01,october,Reefer,1056.2,2447.96,2559.288742465515,2589.5917908603797,2574.4402666629476,126.48026666294754
TR-043302,2025-10-01,october,Reefer,84.4,280.13,276.04842748379576,300.2966542350564,288.1725408594261,8.042540859426083
TR-043303,2025-10-01,october,Reefer,2083.1,13894.55,4579.859827754003,4675.955204776754,4627.907516265379,9266.64248373462
TR-043304,2025-10-01,october,Dry Van,684.6,1456.68,1493.9947401043933,1500.5027085600145,1497.248724332204,40.56872433220383
TR-043305,2025-10-01,october,Dry Van,1194.6,2368.1,2415.628955586021,2453.1807814798717,2434.4048685329462,66.30486853294633
TR-043306,2025-10-01,october,Dry Van,1212.8,2279.69,2366.3878768137206,2389.9959531508016,2378.191914982261,98.50191498226104
TR-043307,2025-10-01,october,Dry Van,2824.9,4949.49,5121.036345635484,5012.553981255227,5066.795163445356,117.3051634453559
TR-043308,2025-10-01,october,Reefer,2801.8,5510.91,5723.8129774385825,5774.248534079611,5749.030755759097,238.12075575909694
TR-043309,2025-10-01,october,Dry Van,159.3,432.91,446.7185009963555,414.38587667125284,430.55218883380417,2.3578111661958587
TR-043310,2025-10-02,october,Reefer,914.5,2142.88,2252.8576064843696,2223.385470870796,2238.121538677583,95.24153867758287
TR-043311,2025-10-02,october,Reefer,444.9,1200.45,1235.9725504891242,1240.5749310872507,1238.2737407881873,37.82374078818725
TR-043312,2025-10-02,october,Dry Van,1468.5,2968.11,3033.0200393139926,3029.0398442092137,3031.0299417616034,62.91994176160324
TR-043313,2025-10-02,october,Dry Van,2027.3,3842.4,3980.550559295204,3967.8515425793885,3974.2010509372963,131.80105093729617
TR-043314,2025-10-02,october,Flatbed,862.8,1843.79,1954.7381868984196,1967.9804640760435,1961.3593254872317,117.56932548723171
TR-043315,2025-10-02,october,Dry Van,2060.5,3792.71,3910.965109026281,3928.2577838309153,3919.6114464285984,126.90144642859832
TR-043316,2025-10-02,october,Reefer,1622.8,3421.97,3500.1442427730326,3590.129911289156,3545.137077031094,123.16707703109432
TR-043317,2025-10-02,october,Dry Van,689.3,1467.83,1474.6856335701711,1494.3138027430614,1484.4997181566164,16.669718156616455
TR-043318,2025-10-02,october,Dry Van,562.4,1236.69,1253.425302181666,1299.831774165123,1276.6285381733946,39.93853817339459
TR-043319,2025-10-02,october,Dry Van,1776.6,3405.12,3559.6686727445044,3533.5052109978815,3546.5869418711927,141.46694187119283
TR-043320,2025-10-02,october,Dry Van,507.6,1143.93,1167.5842619781613,1180.8706856944423,1174.2274738363017,30.297473836301606
TR-043321,2025-10-02,october,Dry Van,664.9,1378.93,1398.2845797005782,1413.6635000975155,1405.9740398990468,27.044039899046766
TR-043322,2025-10-02,october,Dry Van,2803.5,5012.79,5178.579367080567,5130.0663222891635,5154.322844684865,141.53284468486527
TR-043323,2025-10-02,october,Reefer,937.3,2169.46,2292.9562195750436,2307.1849572167885,2300.0705883959163,130.61058839591624
TR-043324,2025-10-02,october,Reefer,2554.1,5024.96,5116.092612434689,5285.500991664094,5200.796802049392,175.83680204939174
TR-043325,2025-10-02,october,Reefer,1005.7,2467.62,2497.4157448975425,2536.232205104453,2516.823975000998,49.20397500099807
TR-043326,2025-10-02,october,Dry Van,2738.2,4932.23,4954.805416017636,4921.6567676382965,4938.231091827966,6.001091827966775
TR-043327,2025-10-02,october,Dry Van,1210.0,2347.61,2484.0220055809486,2493.0861312476945,2488.5540684143216,140.94406841432146
TR-043328,2025-10-02,october,Flatbed,2586.0,4970.96,5243.777785781512,5345.639727175079,5294.708756478296,323.74875647829595
TR-043329,2025-10-02,october,Dry Van,1440.3,2770.73,2852.3107324832563,3063.27628898732,2957.7935107352882,187.06351073528822
TR-043330,2025-10-02,october,Dry Van,1430.6,2802.12,2875.5002048729407,2854.3794033161794,2864.93980409456,62.81980409455991
TR-043331,2025-10-02,october,Dry Van,1337.8,2727.55,2716.6040557091396,2737.355275827716,2726.979665768428,0.5703342315723603
TR-043332,2025-10-02,october,Flatbed,1754.5,3588.13,3676.0944609946364,3787.5088674839453,3731.801664239291,143.67166423929075
TR-043333,2025-10-02,october,Dry Van,1214.9,2414.96,2545.2147010976346,2531.977231734262,2538.595966415948,123.63596641594813
TR-043334,2025-10-02,october,Reefer,1487.4,3168.66,3313.948776402602,3193.3710392712323,3253.6599078369172,84.99990783691737
TR-043335,2025-10-02,october,Reefer,92.6,274.24,280.3421310297815,325.34598479479064,302.8440579122861,28.604057912286066
TR-043336,2025-10-02,october,Flatbed,648.8,1429.94,1542.3465176304182,1550.1603343946676,1546.253426012543,116.313426012543
TR-043337,2025-10-02,october,Dry Van,762.7,1729.78,1752.7530432971198,1710.902451821723,1731.8277475594214,2.0477475594213956
TR-043338,2025-10-02,october,Reefer,281.2,745.43,787.6140922673095,783.724181495653,785.6691368814813,40.239136881481386
TR-043339,2025-10-02,october,Reefer,2831.4,5505.02,5488.495332690015,5591.16439352223,5539.8298631061225,34.809863106122066
TR-043340,2025-10-02,october,Flatbed,458.5,1142.27,1256.1366981470087,1265.671480021807,1260.9040890844078,118.63408908440783
TR-043341,2025-10-02,october,Reefer,225.6,624.99,671.1397784540811,651.2474345085545,661.1936064813178,36.20360648131782
TR-043342,2025-10-02,october,Flatbed,1114.2,2301.92,2468.237448314987,2498.836600680364,2483.5370244976757,181.61702449767563
TR-043343,2025-10-02,october,Flatbed,532.7,1175.29,1277.2891308632118,1291.8910546484237,1284.5900927558178,109.30009275581779
TR-043344,2025-10-02,october,Dry Van,1122.3,2214.59,2230.264154102498,2208.9106335147244,2219.5873938086115,4.997393808611378
TR-043345,2025-10-02,october,Dry Van,1213.2,2592.64,2535.1497826105106,2571.623912250211,2553.386847430361,39.25315256963904
TR-043346,2025-10-02,october,Dry Van,1152.6,2287.12,2296.109329678823,2291.578648390055,2293.843989034439,6.7239890344390005
TR-043347,2025-10-02,october,Reefer,2391.8,4754.03,5115.143317421951,5196.5288600238,5155.8360887228755,401.80608872287576
TR-043348,2025-10-02,october,Dry Van,497.1,1140.26,1133.1272420018597,1169.4878871424644,1151.307564572162,11.047564572161946
TR-043349,2025-10-02,october,Dry Van,842.1,1672.88,1710.7340450613037,1766.1048435329853,1738.4194442971445,65.53944429714443
TR-043350,2025-10-02,october,Flatbed,1356.3,2718.68,2879.536376610461,2903.755919791557,2891.646148201009,172.96614820100922
TR-043351,2025-10-02,october,Dry Van,233.9,611.62,621.7136687911043,624.0863085743822,622.8999886827432,11.279988682743237
TR-043352,2025-10-02,october,Flatbed,1391.0,3094.08,3181.0995081418278,3303.8622769413487,3242.480892541588,148.4008925415883
TR-043353,2025-10-02,october,Dry Van,1475.3,2843.33,2840.7678146467847,2823.8194915162358,2832.2936530815105,11.036346918489471
TR-043354,2025-10-02,october,Flatbed,1096.9,2265.33,2400.6748587658035,2435.3120949930585,2417.993476879431,152.66347687943107
TR-043355,2025-10-02,october,Dry Van,1140.1,2393.81,2374.4464503171553,2362.1109708190907,2368.2787105681227,25.531289431877212
TR-043356,2025-10-02,october,Dry Van,525.3,1174.22,1176.0831103907724,1137.9860009032452,1157.0345556470088,17.185444352991226
TR-043357,2025-10-02,october,Dry Van,1030.0,2169.9,2239.8707865522138,2287.8941569683734,2263.882471760294,93.98247176029372
TR-043358,2025-10-02,october,Dry Van,1039.7,2168.46,2249.022981585972,2220.4195672010565,2234.7212743935142,66.26127439351421
TR-043359,2025-10-02,october,Flatbed,1697.5,3535.11,3690.097789981114,3715.0834457299056,3702.5906178555097,167.48061785550954
TR-043360,2025-10-02,october,Dry Van,1211.5,2482.49,2589.814952094657,2580.696934856412,2585.255943475535,102.7659434755351
TR-043361,2025-10-02,october,Dry Van,1323.2,2530.95,2643.8375210658432,2662.872719906739,2653.355120486291,122.40512048629125
TR-043362,2025-10-02,october,Dry Van,732.4,1481.8,1469.2065177797149,1476.5733082101742,1472.8899129949446,8.910087005055402
TR-043363,2025-10-02,october,Reefer,291.3,836.03,876.1838509910259,861.1307418491158,868.6572964200709,32.627296420070934
TR-043364,2025-10-02,october,Flatbed,721.1,1721.74,1872.3840962770787,1838.3660456676396,1855.375070972359,133.63507097235902
TR-043365,2025-10-02,october,Dry Van,1329.0,2529.85,2615.8122788870255,2605.350152772691,2610.5812158298586,80.73121582985868
TR-043366,2025-10-02,october,Dry Van,2414.8,4621.92,4683.953531585638,4693.256872466103,4688.60520202587,66.68520202587024
TR-043367,2025-10-02,october,Reefer,128.1,386.18,397.65037938535244,428.4267139729502,413.0385466791513,26.85854667915129
TR-043368,2025-10-02,october,Flatbed,1750.6,3633.54,3729.3703875733922,3820.1827763066067,3774.7765819399992,141.23658193999927
TR-043369,2025-10-02,october,Dry Van,2445.4,4333.71,4463.4067000971245,4483.183550877792,4473.295125487459,139.58512548745875
TR-043370,2025-10-02,october,Dry Van,1100.8,2038.03,2082.671757886365,2122.9581076331156,2102.8149327597403,64.78493275974029
TR-043371,2025-10-02,october,Dry Van,1509.4,2825.29,2935.931187899905,2825.5662183555232,2880.748703127714,55.458703127714216
TR-043372,2025-10-02,october,Flatbed,389.0,974.77,1064.652132382008,1030.9780095024025,1047.8150709422052,73.04507094220526
TR-043373,2025-10-02,october,Reefer,585.9,1557.11,1610.0300061921107,1628.2788515868242,1619.1544288894675,62.044428889467554
TR-043374,2025-10-02,october,Flatbed,769.4,1673.46,1794.2341705222998,1845.4806770960388,1819.8574238091692,146.39742380916914
TR-043375,2025-10-02,october,Flatbed,137.9,378.74,404.8138362775154,438.061847970916,421.4378421242157,42.6978421242157
TR-043376,2025-10-02,october,Dry Van,1018.0,2084.23,2118.4273370426176,2125.2425059422103,2121.8349214924137,37.60492149241372
TR-043377,2025-10-02,october,Reefer,354.1,901.41,963.0242132638558,938.179549685666,950.6018814747608,49.19188147476086
TR-043378,2025-10-02,october,Flatbed,1471.9,3087.75,3196.1194799934897,3230.8318786806485,3213.475679337069,125.72567933706887
TR-043379,2025-10-02,october,Dry Van,605.0,1262.04,1276.92090643448,1271.5826536450522,1274.2517800397661,12.211780039766154
TR-043380,2025-10-02,october,Reefer,764.0,1740.07,1833.3928106962449,1809.0249092538268,1821.208859975036,81.13885997503598
TR-043381,2025-10-02,october,Dry Van,2545.4,4425.69,4463.795770460127,4544.795103255663,4504.295436857895,78.60543685789526
TR-043382,2025-10-02,october,Dry Van,956.5,1948.49,1989.7435092023763,1992.3069872628782,1991.0252482326273,42.53524823262728
TR-043383,2025-10-02,october,Dry Van,920.3,1985.82,2056.964999558989,2025.0549940698963,2041.0099968144427,55.18999681444279
TR-043384,2025-10-02,october,Dry Van,1735.4,3312.03,3366.323366007202,3433.7755829689067,3400.0494744880543,88.01947448805413
TR-043385,2025-10-02,october,Dry Van,1187.0,11696.44,2370.646645165104,2366.8548432775,2368.750744221302,9327.6892557787
TR-043386,2025-10-02,october,Dry Van,180.2,487.55,505.24091988104607,528.060022800667,516.6504713408565,29.100471340856473
TR-043387,2025-10-02,october,Dry Van,119.5,321.82,333.5314782050641,364.8912289775228,349.21135359129346,27.391353591293466
TR-043388,2025-10-02,october,Reefer,307.1,779.12,834.8757397706714,831.2532116925154,833.0644757315933,53.94447573159334
TR-043389,2025-10-02,october,Dry Van,423.5,946.74,958.440604547501,946.6122929183896,952.5264487329453,5.786448732945246
TR-043390,2025-10-02,october,Reefer,293.5,825.3,873.2013467881087,879.3846165864215,876.2929816872652,50.99298168726523
TR-043391,2025-10-02,october,Flatbed,2559.4,4936.62,5117.648991467077,5325.197971483192,5221.423481475134,284.8034814751345
TR-043392,2025-10-02,october,Dry Van,1366.8,2706.68,2816.7633537967595,2737.454022266814,2777.1086880317866,70.4286880317868
TR-043393,2025-10-02,october,Flatbed,467.1,1096.8,1194.6818514891595,1177.9045743934698,1186.2932129413148,89.49321294131482
TR-043394,2025-10-02,october,Dry Van,2294.0,4472.5,4357.333848609302,4466.157882762519,4411.745865685911,60.75413431408924
TR-043395,2025-10-02,october,Dry Van,2976.3,4946.27,5178.061903842033,5203.417788891568,5190.7398463668005,244.46984636680008
TR-043396,2025-10-02,october,Dry Van,286.6,667.99,671.1502543455957,693.1878269043018,682.1690406249488,14.179040624948811
TR-043397,2025-10-02,october,Dry Van,443.7,1024.78,1051.4653942504935,1072.8806015797325,1062.172997915113,37.39299791511303
TR-043398,2025-10-02,october,Flatbed,2317.3,4743.82,4730.64653113853,4946.5777467953785,4838.612138966954,94.79213896695455
TR-043399,2025-10-02,october,Dry Van,1572.5,2930.65,2977.2262425142285,2948.507229352842,2962.866735933535,32.21673593353489
TR-043400,2025-10-02,october,Dry Van,2661.4,4983.92,5041.741313360614,5091.498749238919,5066.620031299766,82.70003129976612
TR-043401,2025-10-02,october,Dry Van,593.6,1229.98,1292.3528281879546,1308.8893517811273,1300.621089984541,70.64108998454094
TR-043402,2025-10-02,october,Flatbed,396.8,890.15,966.0114615593342,967.9740539986756,966.9927577790049,76.84275777900496
TR-043403,2025-10-02,october,Dry Van,1170.4,2371.63,2392.363801845828,2378.7974809861735,2385.5806414160006,13.950641416000508
TR-043404,2025-10-02,october,Dry Van,943.7,1904.66,1910.4012119904328,1939.6841856476728,1925.042698819053,20.382698819052848
TR-043405,2025-10-02,october,Dry Van,807.2,1706.76,1685.481136936791,1719.1931190455143,1702.3371279911526,4.422872008847435
TR-043406,2025-10-02,october,Dry Van,1671.0,3242.19,3275.179672335683,3246.5295753380965,3260.85462383689,18.66462383688986
TR-043407,2025-10-02,october,Reefer,2499.4,5196.65,5287.5184861403795,5414.352080938155,5350.935283539267,154.28528353926777
TR-043408,2025-10-02,october,Dry Van,1118.4,2278.96,2299.493903442562,2289.266510227127,2294.3802068348446,15.420206834844521
TR-043409,2025-10-02,october,Dry Van,735.0,1485.65,1536.8638064512772,1535.9427501300904,1536.4032782906838,50.75327829068374
TR-043410,2025-10-02,october,Dry Van,736.5,1545.59,1558.4774314120193,1588.5099958122935,1573.4937136121564,27.90371361215648
TR-043411,2025-10-02,october,Flatbed,2148.9,4135.86,4454.057039172281,4555.458568278806,4504.757803725543,368.8978037255438
TR-043412,2025-10-02,october,Flatbed,600.3,1399.65,1446.8107974728036,1469.7613979170537,1458.2860976949287,58.636097694928594
TR-043413,2025-10-02,october,Dry Van,2114.8,3762.94,3922.6117057587944,3900.3336300508295,3911.4726679048117,148.53266790481166
TR-043414,2025-10-02,october,Reefer,1847.0,3797.45,4115.296624660918,4222.507932515497,4168.902278588207,371.45227858820726
TR-043415,2025-10-02,october,Reefer,879.1,1869.49,1966.3463726517928,1999.2780486183135,1982.8122106350531,113.32221063505312
TR-043416,2025-10-02,october,Flatbed,1519.2,3241.54,3418.748974964533,3566.7144377852437,3492.7317063748883,251.19170637488833
TR-043417,2025-10-02,october,Dry Van,366.1,912.12,958.0181013026839,943.6570933475316,950.8375973251077,38.717597325107704
TR-043418,2025-10-02,october,Reefer,1016.7,2326.48,2366.142892830767,2350.430692915996,2358.2867928733813,31.806792873381255
TR-043419,2025-10-02,october,Flatbed,611.1,1397.82,1460.7100552558525,1462.8740492077077,1461.79205223178,63.972052231780026
TR-043420,2025-10-02,october,Dry Van,1989.3,3790.2,3887.0832801167307,3932.4214735684745,3909.7523768426026,119.55237684260283
TR-043421,2025-10-02,october,Dry Van,590.5,1211.06,1282.1859486613666,1272.501077696937,1277.3435131791518,66.2835131791519
TR-043422,2025-10-02,october,Dry Van,588.5,1251.72,1271.787446946235,1256.8373661599978,1264.3124065531165,12.592406553116462
TR-043423,2025-10-02,october,Dry Van,2269.9,4337.3,4377.594192621374,4375.847042083977,4376.720617352676,39.420617352675436
TR-043424,2025-10-02,october,Reefer,579.8,1470.73,1555.5013675390442,1542.270897686241,1548.8861326126425,78.15613261264252
TR-043425,2025-10-02,october,Reefer,592.0,1414.03,1470.008556452713,1470.0300202499327,1470.0192883513228,55.989288351322784
TR-043426,2025-10-02,october,Dry Van,739.0,1606.91,1578.3929867335373,1619.5181303821475,1598.9555585578423,7.9544414421577585
TR-043427,2025-10-02,october,Reefer,906.6,2215.28,2322.0799616275826,2263.8397858386174,2292.9598737331,77.67987373309961
TR-043428,2025-10-02,october,Dry Van,535.1,1135.72,1156.102186660198,1161.2033911118347,1158.6527888860164,22.932788886016397
TR-043429,2025-10-02,october,Flatbed,881.8,2038.06,2110.750422824875,2107.9131442007842,2109.3317835128296,71.27178351282964
TR-043430,2025-10-02,october,Reefer,1680.4,3407.25,3605.20631690029,3612.3096414553797,3608.757979177835,201.50797917783484
TR-043431,2025-10-02,october,Reefer,2645.4,5158.13,5302.707932082264,5445.674054136109,5374.190993109187,216.0609931091867
TR-043432,2025-10-02,october,Dry Van,808.4,1608.58,1658.1259228190022,1681.1838352282584,1669.6548790236302,61.074879023630274
TR-043433,2025-10-02,october,Dry Van,2147.8,3888.18,3991.0789924137684,4032.4181268620027,4011.7485596378856,123.56855963788576
TR-043434,2025-10-02,october,Flatbed,224.7,614.52,677.4388323510052,675.5477463896655,676.4932893703353,61.97328937033535
TR-043435,2025-10-02,october,Dry Van,704.9,574.1,1485.7706666596239,1483.070500374719,1484.4205835171715,910.3205835171715
TR-043436,2025-10-02,october,Dry Van,843.1,1888.11,1910.1052864390065,1935.1251009304096,1922.6151936847082,34.505193684708274
TR-043437,2025-10-02,october,Reefer,690.9,1595.86,1769.1525974293634,1704.9805935814884,1737.066595505426,141.2065955054261
TR-043438,2025-10-02,october,Dry Van,1099.9,2339.89,2369.8457729279735,2362.0303403121115,2365.9380566200425,26.048056620042644
TR-043439,2025-10-02,october,Reefer,2131.9,4530.09,4645.481576319069,4840.7214077296085,4743.101492024339,213.01149202433862
TR-043440,2025-10-02,october,Dry Van,341.7,822.57,837.6614697348082,831.1079098552862,834.3846897950472,11.814689795047116
TR-043441,2025-10-02,october,Flatbed,2261.5,4517.4,4496.598376192247,4602.734324672156,4549.666350432201,32.26635043220176
TR-043442,2025-10-02,october,Flatbed,930.4,1992.02,2058.2136633030277,2130.6898684880357,2094.451765895532,102.43176589553195
TR-043443,2025-10-02,october,Dry Van,714.0,1401.38,1451.0138087766086,1471.8979866437683,1461.4558977101883,60.0758977101882
TR-043444,2025-10-02,october,Dry Van,1084.2,2099.72,2099.079598609614,2125.10279364483,2112.0911961272222,12.371196127222447
TR-043445,2025-10-02,october,Dry Van,645.0,1326.06,1372.3203865658295,1372.9022428813635,1372.6113147235965,46.55131472359653
TR-043446,2025-10-02,october,Dry Van,2969.9,5179.39,5350.17047450818,5410.255245622503,5380.212860065341,200.82286006534105
TR-043447,2025-10-02,october,Dry Van,1235.0,2440.48,2522.6621316461724,2537.568063535834,2530.115097591003,89.63509759100316
TR-043448,2025-10-02,october,Flatbed,2702.1,5393.16,5405.824849934241,5667.524935299433,5536.674892616837,143.51489261683673
TR-043449,2025-10-02,october,Dry Van,1434.7,2941.66,2975.9736936905574,2969.9067189726484,2972.940206331603,31.28020633160304
TR-043450,2025-10-02,october,Dry Van,379.8,907.34,916.8582120992332,914.9795131926417,915.9188626459375,8.57886264593742
TR-043451,2025-10-02,october,Dry Van,469.0,1115.99,1130.0897869120283,1126.2493741801386,1128.1695805460836,12.17958054608357
TR-043452,2025-10-02,october,Reefer,858.8,2066.62,2166.364833916301,2135.2740598280375,2150.8194468721695,84.19944687216957
TR-043453,2025-10-02,october,Reefer,773.0,1850.9,2015.1463355160515,2006.230044702202,2010.6881901091267,159.78819010912662
TR-043454,2025-10-02,october,Dry Van,204.9,544.03,554.0380192662691,539.9097703105977,546.9738947884334,2.943894788433454
TR-043455,2025-10-02,october,Reefer,1638.1,3455.38,3662.7542628405427,3631.165708111256,3646.9599854758994,191.57998547589932
TR-043456,2025-10-02,october,Reefer,1503.5,3247.42,3379.30889866885,3275.7532439557663,3327.531071312308,80.11107131230801
TR-043457,2025-10-02,october,Reefer,853.8,2055.14,2158.572611050896,2135.2096236650773,2146.8911173579863,91.75111735798646
TR-043458,2025-10-02,october,Dry Van,232.6,561.81,591.6615422596508,569.9248635437225,580.7932029016866,18.983202901686695
TR-043459,2025-10-02,october,Reefer,645.9,1530.92,1580.9638708065563,1627.0254403885892,1603.9946555975728,73.0746555975727
TR-043460,2025-10-02,october,Reefer,1489.8,3338.08,3459.192396997013,3325.1902338532445,3392.191315425129,54.11131542512885
TR-043461,2025-10-02,october,Reefer,1782.6,3912.89,4034.770044410494,4115.46960837809,4075.119826394292,162.2298263942921
TR-043462,2025-10-02,october,Dry Van,2867.3,5059.84,5227.625711879363,5216.963160531963,5222.294436205662,162.4544362056622
TR-043463,2025-10-02,october,Dry Van,1980.6,3626.2,3707.8827408955726,3818.782171283286,3763.3324560894293,137.13245608942952
TR-043464,2025-10-03,october,Flatbed,973.8,2208.66,2246.6896610958825,2313.630123890268,2280.159892493075,71.4998924930751
TR-043465,2025-10-03,october,Reefer,819.4,1870.73,1979.6770923315155,1945.6306852339123,1962.653888782714,91.9238887827139
TR-043466,2025-10-03,october,Flatbed,379.9,884.41,933.5932977680651,938.8080874811562,936.2006926246106,51.79069262461064
TR-043467,2025-10-03,october,Flatbed,978.6,2283.48,2219.0683269652272,2242.047200874252,2230.55776391974,52.92223608026006
TR-043468,2025-10-03,october,Flatbed,494.7,1149.7,1220.33719306218,1234.6608184962893,1227.4990057792347,77.79900577923468
TR-043469,2025-10-03,october,Dry Van,1197.0,2383.72,2474.612287240041,2409.5064968063775,2442.0593920232095,58.33939202320971
TR-043470,2025-10-03,october,Dry Van,2353.8,4527.45,4495.59596719009,4510.307427900843,4502.951697545466,24.498302454533587
TR-043471,2025-10-03,october,Flatbed,532.0,1279.64,1348.3110035555405,1327.034163642022,1337.6725835987813,58.03258359878123
TR-043472,2025-10-03,october,Dry Van,563.1,1207.78,1181.8310485795778,1262.698315984807,1222.2646822821926,14.48468228219258
TR-043473,2025-10-03,october,Dry Van,2360.4,4573.2,4548.4157964389215,4539.4733872991565,4543.944591869039,29.25540813096086
TR-043474,2025-10-03,october,Reefer,1835.9,3926.18,4026.4576876282767,3997.5322832557367,4011.9949854420065,85.81498544200667
TR-043475,2025-10-03,october,Reefer,819.9,2107.89,2137.4701598743886,2095.753888922133,2116.6120243982605,8.7220243982606
TR-043476,2025-10-03,october,Dry Van,1015.3,2069.38,2051.0093273409716,2029.8229641679043,2040.4161457544378,28.96385424556229
TR-043477,2025-10-03,october,Flatbed,1635.3,3639.69,3615.4019355443816,3791.291478182976,3703.3467068636787,63.656706863678664
TR-043478,2025-10-03,october,Flatbed,2079.3,4325.53,4322.0161777669855,4336.385991726493,4329.201084746739,3.671084746739325
TR-043479,2025-10-03,october,Dry Van,199.2,541.62,536.3966308324588,550.1264541052981,543.2615424688784,1.641542468878356
TR-043480,2025-10-03,october,Dry Van,381.6,864.05,862.0562443400886,875.6241126537911,868.8401784969399,4.790178496939916
TR-043481,2025-10-03,october,Dry Van,307.7,789.67,803.032468053851,790.4875313615221,796.7599997076866,7.089999707686616
TR-043482,2025-10-03,october,Dry Van,1858.7,3694.25,3624.406590338209,3638.782953183965,3631.594771761087,62.65522823891297
TR-043483,2025-10-03,october,Dry Van,1653.9,3102.58,3213.962562818055,3131.3881618144833,3172.6753623162695,70.09536231626953
TR-043484,2025-10-03,october,Reefer,1200.6,2760.6,2830.802309695389,2831.880022047618,2831.341165871503,70.7411658715032
TR-043485,2025-10-03,october,Reefer,568.2,1347.45,1399.0463006824734,1375.5722990015665,1387.30929984202,39.85929984201994
TR-043486,2025-10-03,october,Dry Van,843.9,1703.91,1726.8447240250641,1735.7181651596131,1731.2814445923386,27.37144459233855
TR-043487,2025-10-03,october,Dry Van,636.2,1365.42,1395.9573343645623,1385.1431411569524,1390.5502377607572,25.130237760757154
TR-043488,2025-10-03,october,Dry Van,1227.9,2648.98,2604.887863938919,2612.3481508714813,2608.6180074052,40.361992594800085
TR-043489,2025-10-03,october,Flatbed,955.3,2110.12,2149.066599886673,2216.9695282073117,2183.0180640469925,72.89806404699266
TR-043490,2025-10-03,october,Reefer,686.8,1536.64,1607.5511760742595,1610.3852695270948,1608.9682228006773,72.32822280067717
TR-043491,2025-10-03,october,Dry Van,494.1,1116.63,1125.9630565520301,1137.159903361442,1131.561479956736,14.931479956735984
TR-043492,2025-10-03,october,Dry Van,1880.5,3806.59,3665.0607094756324,3632.690428637291,3648.8755690564617,157.71443094353845
TR-043493,2025-10-03,october,Dry Van,958.2,2122.53,2097.493859528274,2093.8481209345414,2095.670990231408,26.859009768592387
TR-043494,2025-10-03,october,Dry Van,717.3,1531.3,1541.315516744947,1534.1005406019544,1537.7080286734508,6.408028673450872
TR-043495,2025-10-03,october,Dry Van,1363.9,2744.43,2735.0140449727337,2711.48227975553,2723.2481623641315,21.181837635868305
TR-043496,2025-10-03,october,Dry Van,2512.7,4490.45,4553.898630831582,4564.2823685220055,4559.090499676793,68.6404996767933
TR-043497,2025-10-03,october,Flatbed,497.6,1104.16,1184.8818136425828,1206.1758497828177,1195.5288317127001,91.36883171270006
TR-043498,2025-10-03,october,Flatbed,608.4,1433.36,1564.4086786452192,1563.5728951181266,1563.9907868816729,130.63078688167298
TR-043499,2025-10-03,october,Dry Van,776.9,1645.35,1666.6136844307998,1653.3995141243263,1660.006599277563,14.656599277563146
TR-043500,2025-10-03,october,Reefer,1192.5,2662.01,2684.7010911317175,2701.2832087372253,2692.9921499344714,30.98214993447118
TR-043501,2025-10-03,october,Flatbed,1374.7,2864.16,2999.5415906886665,2971.0138922207266,2985.2777414546963,121.11774145469644
TR-043502,2025-10-03,october,Dry Van,352.4,815.37,841.5096566151508,816.8677524120551,829.1887045136029,13.818704513602938
TR-043503,2025-10-03,october,Flatbed,1701.7,3618.39,3599.7340474267776,3629.587857078207,3614.6609522524923,3.729047747507593
TR-043504,2025-10-03,october,Dry Van,853.4,1740.91,1790.5434860877467,1780.6673277912282,1785.6054069394875,44.695406939487384
TR-043505,2025-10-03,october,Reefer,842.0,1969.27,1959.1517689196492,1999.259290974377,1979.205529947013,9.935529947013038
TR-043506,2025-10-03,october,Dry Van,1038.6,2147.08,2199.9699157410428,2146.887187754698,2173.42855174787,26.34855174787026
TR-043507,2025-10-03,october,Flatbed,1731.6,3819.43,3773.934683198245,3834.5355743672235,3804.235128782734,15.1948712172657
TR-043508,2025-10-03,october,Reefer,1910.1,4201.07,4152.985713996842,4302.741166434121,4227.863440215481,26.793440215481496
TR-043509,2025-10-03,october,Reefer,1678.9,3590.52,3623.0739256820257,3613.3164761268026,3618.1952009044144,27.675200904414396
TR-043510,2025-10-03,october,Dry Van,1160.4,2398.53,2339.0916110432067,2320.728346895746,2329.9099789694765,68.62002103052373
TR-043511,2025-10-03,october,Reefer,764.2,1711.77,1742.835816440174,1756.7331686902617,1749.784492565218,38.014492565218006
TR-043512,2025-10-03,october,Dry Van,305.5,774.59,770.2247516554348,788.9891405379783,779.6069460967066,5.016946096706533
TR-043513,2025-10-03,october,Reefer,2766.0,5521.8,5489.861581962859,5527.175898476607,5508.518740219733,13.281259780266737
TR-043514,2025-10-03,october,Reefer,1771.2,3646.15,3778.7471227555457,3785.9567775919368,3782.351950173741,136.2019501737409
TR-043515,2025-10-03,october,Reefer,868.3,2132.15,2162.8940153741323,2128.3529112426145,2145.623463308373,13.473463308373084
TR-043516,2025-10-03,october,Flatbed,2312.2,4849.98,4747.959558379979,4950.2990058004525,4849.129282090216,0.8507179097832704
TR-043517,2025-10-03,october,Dry Van,240.5,620.43,618.5530900919916,626.9423184719224,622.747704281957,2.317704281957049
TR-043518,2025-10-03,october,Reefer,365.5,1011.24,1048.0848544866913,1047.4304760869618,1047.7576652868265,36.517665286826514
TR-043519,2025-10-03,october,Dry Van,808.0,1629.83,1618.2707454977112,1635.070594025421,1626.6706697615662,3.1593302384337676
TR-043520,2025-10-03,october,Dry Van,2505.2,4652.93,4588.303957973164,4576.151749623337,4582.227853798251,70.7021462017492
TR-043521,2025-10-03,october,Dry Van,615.0,1385.93,1380.6267705953346,1361.2917084580588,1370.9592395266968,14.970760473303244
TR-043522,2025-10-03,october,Dry Van,1104.3,2201.44,2135.3715648184766,2161.6206522483335,2148.4961085334053,52.94389146659478
TR-043523,2025-10-03,october,Flatbed,1955.1,4040.38,4066.564519861419,4207.588432757369,4137.076476309394,96.6964763093938
TR-043524,2025-10-03,october,Dry Van,507.9,1176.24,1176.2109896366978,1169.0494897307124,1172.630239683705,3.6097603162950236
TR-043525,2025-10-03,october,Dry Van,111.7,323.69,337.4828259458476,290.5213218485876,314.0020738972176,9.687926102782399
TR-043526,2025-10-03,october,Dry Van,3147.1,5465.63,5397.477932445164,5612.151436124852,5504.814684285007,39.18468428500728
TR-043527,2025-10-03,october,Dry Van,1804.0,3633.88,3593.3266425090587,3637.76233852133,3615.5444905151944,18.335509484805698
TR-043528,2025-10-03,october,Dry Van,2291.5,4131.55,4220.099799387909,4228.206244042127,4224.1530217150175,92.60302171501735
TR-043529,2025-10-03,october,Dry Van,860.4,1913.02,1891.7302729175274,1896.9832157179387,1894.356744317733,18.663255682266936
TR-043530,2025-10-03,october,Dry Van,2242.9,4305.39,4311.63226936358,4309.149496324015,4310.390882843798,5.000882843797626
TR-043531,2025-10-03,october,Dry Van,1000.5,2020.28,2072.972647429973,2079.7495198857805,2076.361083657877,56.08108365787689
TR-043532,2025-10-03,october,Dry Van,359.6,920.36,919.9934419779496,905.047334427617,912.5203882027834,7.839611797216662
TR-043533,2025-10-03,october,Reefer,2260.6,4962.26,4874.5331320855375,4988.7666769665775,4931.649904526057,30.610095473943147
TR-043534,2025-10-03,october,Dry Van,2291.3,4484.17,4375.150709832806,4413.693988034214,4394.42234893351,89.7476510664901
TR-043535,2025-10-03,october,Dry Van,1085.2,2279.97,2248.5597535172406,2254.2228397774556,2251.391296647348,28.5787033526517
TR-043536,2025-10-03,october,Dry Van,1276.7,2676.0,2612.781340292154,2637.974007879593,2625.3776740858734,50.62232591412658
TR-043537,2025-10-03,october,Flatbed,1561.9,3216.36,3298.0107819463065,3302.8316641757224,3300.4212230610146,84.06122306101452
TR-043538,2025-10-03,october,Dry Van,1537.0,2925.73,2921.937182728375,2912.3612717235287,2917.149227225952,8.580772774048
TR-043539,2025-10-03,october,Reefer,2303.4,5231.69,4988.007716886315,5022.729752882734,5005.368734884525,226.3212651154745
TR-043540,2025-10-03,october,Dry Van,1893.0,17514.11,3644.8400040039187,3624.1451897711067,3634.4925968875127,13879.617403112488
TR-043541,2025-10-03,october,Dry Van,1066.7,2131.74,2118.69709166759,2167.4294467308996,2143.063269199245,11.32326919924526
TR-043542,2025-10-03,october,Dry Van,676.7,1419.12,1413.4078263527092,1397.2578209617554,1405.3328236572324,13.787176342767452
TR-043543,2025-10-03,october,Dry Van,760.2,1590.91,1605.1736727664047,1588.3470242467401,1596.7603485065724,5.850348506572345
TR-043544,2025-10-03,october,Reefer,885.6,2135.05,2220.573231559322,2193.3010824310063,2206.937156995164,71.88715699516388
TR-043545,2025-10-03,october,Dry Van,1995.2,3795.8,3809.784694703012,3779.1333934216964,3794.459044062354,1.3409559376459583
TR-043546,2025-10-03,october,Dry Van,325.7,841.39,848.3469222244232,843.2194533796462,845.7831878020347,4.393187802034731
TR-043547,2025-10-03,october,Dry Van,863.5,1881.14,1919.6085772250722,1921.9884234436934,1920.7985003343829,39.65850033438278
TR-043548,2025-10-03,october,Dry Van,1274.1,2584.5,2567.5940272280723,2540.7717295853536,2554.182878406713,30.317121593287084
TR-043549,2025-10-03,october,Dry Van,2111.2,3867.37,3844.2841069219694,3921.423474750535,3882.8537908362523,15.48379083625241
TR-043550,2025-10-03,october,Flatbed,868.7,1992.33,2060.923197244589,2069.2631932770246,2065.093195260807,72.76319526080715
TR-043551,2025-10-03,october,Dry Van,1510.0,2854.85,2830.5572970783946,2717.570494631601,2774.063895854998,80.7861041450019
TR-043552,2025-10-03,october,Dry Van,257.5,634.0,641.0060386715727,628.1342759023894,634.570157286981,0.5701572869810434
TR-043553,2025-10-03,october,Reefer,1985.3,4305.52,4260.794562434075,4291.633474080598,4276.214018257337,29.30598174266379
TR-043554,2025-10-03,october,Flatbed,343.0,896.64,940.0100899764797,992.5575847544562,966.2838373654679,69.6438373654679
TR-043555,2025-10-03,october,Dry Van,339.5,750.47,776.2322381121244,758.4504759638073,767.3413570379658,16.871357037965822
TR-043556,2025-10-03,october,Dry Van,1204.9,2426.3,2406.3348553842116,2411.7794429316755,2409.0571491579435,17.24285084205667
TR-043557,2025-10-03,october,Dry Van,2173.9,3888.25,3851.4472306420653,3946.9077993409746,3899.17751499152,10.927514991520184
TR-043558,2025-10-03,october,Dry Van,922.6,2007.17,1959.618600122073,1944.462627367924,1952.0406137449986,55.129386255001464
TR-043559,2025-10-03,october,Dry Van,1992.9,3858.38,3858.8342861509304,3829.5164885848308,3844.175387367881,14.204612632119279
TR-043560,2025-10-03,october,Dry Van,218.0,620.2,584.0794936864322,587.1760312194169,585.6277624529246,34.572237547075474
TR-043561,2025-10-03,october,Dry Van,3296.4,5909.05,5786.67981993707,5734.412283845104,5760.546051891087,148.5039481089134
TR-043562,2025-10-03,october,Dry Van,2736.2,4774.43,4833.465335855419,4857.651378801473,4845.558357328446,71.12835732844542
TR-043563,2025-10-03,october,Reefer,686.0,1693.26,1689.5751897277055,1682.3252354823167,1685.950212605011,7.309787394988916
TR-043564,2025-10-03,october,Dry Van,1019.9,2056.32,2035.2232320620099,2049.449239613274,2042.336235837642,13.983764162358057
TR-043565,2025-10-03,october,Dry Van,228.3,602.77,579.2729257581641,581.0727504372735,580.1728380977188,22.597161902281186
TR-043566,2025-10-03,october,Dry Van,267.3,649.32,678.7174324314893,663.9817120461587,671.3495722388241,22.029572238824016
TR-043567,2025-10-03,october,Flatbed,2253.6,4603.49,4512.7019477539225,4636.086162962209,4574.394055358065,29.095944641934693
TR-043568,2025-10-03,october,Dry Van,970.5,2092.92,2175.0762818816415,2140.33035833488,2157.703320108261,64.7833201082608
TR-043569,2025-10-03,october,Reefer,622.8,1619.31,1629.081937894913,1620.587705037683,1624.8348214662979,5.524821466297908
TR-043570,2025-10-03,october,Reefer,813.8,1988.15,2015.5574452168075,2006.3971948485644,2010.9773200326858,22.827320032685748
TR-043571,2025-10-03,october,Dry Van,638.3,1403.26,1432.0901842724977,1425.9451976796504,1429.017690976074,25.757690976073945
TR-043572,2025-10-03,october,Dry Van,864.1,1748.97,1742.6429886596918,1747.308360014645,1744.9756743371684,3.9943256628316703
TR-043573,2025-10-03,october,Flatbed,542.4,1277.48,1359.8677162397703,1333.2459998910422,1346.5568580654062,69.07685806540621
TR-043574,2025-10-03,october,Dry Van,274.3,678.25,682.111328878044,656.0152001869437,669.0632645324938,9.186735467506196
TR-043575,2025-10-03,october,Dry Van,835.5,1704.81,1732.9009524409632,1766.9525748233136,1749.9267636321383,45.11676363213837
TR-043576,2025-10-03,october,Flatbed,644.1,1501.24,1538.2824023919773,1548.450912900506,1543.3666576462415,42.12665764624148
TR-043577,2025-10-03,october,Flatbed,1497.0,3245.38,3293.8454307023167,3178.422150421962,3236.1337905621394,9.24620943786067
TR-043578,2025-10-03,october,Flatbed,1783.4,3858.97,3860.1880541427913,3949.31552523215,3904.7517896874706,45.78178968747079
TR-043579,2025-10-03,october,Dry Van,1675.9,3163.93,3231.949826117424,3212.8756015445024,3222.412713830963,58.48271383096335
TR-043580,2025-10-03,october,Reefer,1815.5,4077.19,4071.4757725082004,4181.274566206777,4126.375169357489,49.185169357488576
TR-043581,2025-10-03,october,Reefer,907.8,2037.82,2090.952104396394,2090.8404019364725,2090.8962531664333,53.07625316643339
TR-043582,2025-10-03,october,Reefer,1604.3,3653.22,3645.2959674562453,3717.355265221114,3681.3256163386795,28.105616338679738
TR-043583,2025-10-03,october,Reefer,2013.9,4179.42,4290.403964435293,4297.535308184722,4293.969636310008,114.54963631000828
TR-043584,2025-10-03,october,Dry Van,2118.1,4155.33,4076.4723685044223,4117.791117885099,4097.131743194761,58.198256805239
TR-043585,2025-10-03,october,Reefer,484.7,1141.76,1184.373117747623,1190.6507094473586,1187.5119135974908,45.751913597490784
TR-043586,2025-10-03,october,Dry Van,313.5,729.41,751.288030328069,742.297023546048,746.7925269370585,17.382526937058515
TR-043587,2025-10-03,october,Dry Van,1010.5,2059.41,2096.70139850421,2102.83993317764,2099.770665840925,40.36066584092532
TR-043588,2025-10-03,october,Dry Van,757.1,1550.98,1573.6531478934578,1559.2721978918653,1566.4626728926614,15.482672892661412
TR-043589,2025-10-03,october,Reefer,314.3,846.72,869.8366264094617,875.8522719862178,872.8444491978398,26.124449197839795
TR-043590,2025-10-03,october,Dry Van,2231.9,4391.59,4357.927442322762,4356.190496758955,4357.058969540858,34.53103045914213
TR-043591,2025-10-03,october,Reefer,2900.8,6011.56,5937.435557489517,5972.9183276234835,5955.1769425565,56.38305744350055
TR-043592,2025-10-03,october,Dry Van,127.8,360.5,358.84404967397904,373.8843868409881,366.36421825748357,5.8642182574835715
TR-043593,2025-10-03,october,Dry Van,1952.6,3719.42,3729.8305995272553,3773.0442487286473,3751.437424127951,32.01742412795102
TR-043594,2025-10-03,october,Dry Van,533.1,1138.44,1124.0828864045457,1142.7708824880642,1133.426884446305,5.0131155536951155
TR-043595,2025-10-03,october,Dry Van,826.3,1815.62,1835.0038750246558,1823.5528547467063,1829.2783648856812,13.658364885681294
TR-043596,2025-10-03,october,Dry Van,1714.7,3392.57,3423.229717146882,3438.463719237705,3430.8467181922933,38.276718192293174
TR-043597,2025-10-03,october,Flatbed,814.1,2040.58,2051.8676064945257,2038.956585926708,2045.4120962106167,4.832096210616783
TR-043598,2025-10-03,october,Dry Van,1129.1,2373.1,2439.4013653322195,2381.2707538846075,2410.3360596084135,37.2360596084136
TR-043599,2025-10-03,october,Dry Van,2040.6,3871.02,3894.451500910587,3873.462212522276,3883.9568567164315,12.936856716431521
TR-043600,2025-10-03,october,Reefer,740.1,1782.45,1821.346215474824,1869.8812943414,1845.613754908112,63.16375490811197
TR-043601,2025-10-03,october,Dry Van,2025.3,4020.29,3880.0054667414693,3891.7055530622783,3885.855509901874,134.43449009812593
TR-043602,2025-10-03,october,Flatbed,592.0,1312.03,1413.2736323801425,1419.7398137093016,1416.506723044722,104.47672304472212
TR-043603,2025-10-03,october,Dry Van,1105.1,2342.27,2376.205480350366,2326.9117771310744,2351.5586287407205,9.288628740720469
TR-043604,2025-10-03,october,Dry Van,1565.9,3220.84,3180.5649954071705,3176.868998270952,3178.7169968390613,42.12300316093888
TR-043605,2025-10-03,october,Flatbed,1213.8,2734.86,2781.7036463428503,2795.176893802184,2788.4402700725173,53.58027007251712
TR-043606,2025-10-03,october,Dry Van,2292.4,4300.69,4362.891213277984,4364.427759255974,4363.659486266979,62.9694862669794
TR-043607,2025-10-03,october,Reefer,1921.8,4309.19,4261.097469089921,4347.188766681367,4304.143117885644,5.046882114355867
TR-043608,2025-10-03,october,Reefer,1176.4,2768.84,2766.1377590297366,2781.090044278648,2773.613901654192,4.773901654191832
TR-043609,2025-10-03,october,Dry Van,3096.5,5421.97,5376.378407037391,5396.7293368707515,5386.553871954071,35.41612804592933
TR-043610,2025-10-03,october,Dry Van,2071.7,4008.9,3959.535030354033,3985.3009024738353,3972.417966413934,36.48203358606588
TR-043611,2025-10-03,october,Dry Van,534.0,1170.72,1186.451765657904,1166.8611107778613,1176.6564382178826,5.936438217882596
TR-043612,2025-10-03,october,Flatbed,2696.2,5165.38,5306.995920312677,5467.009489895858,5387.002705104267,221.62270510426697
TR-043613,2025-10-03,october,Reefer,321.3,903.02,931.8916020572324,920.2093871300112,926.0504945936218,23.030494593621825
TR-043614,2025-10-03,october,Dry Van,784.4,1652.81,1663.5619812901123,1653.833324423127,1658.6976528566197,5.887652856619752
TR-043615,2025-10-03,october,Dry Van,439.7,953.94,964.4938642044661,971.0527349125098,967.7732995584879,13.833299558487852
TR-043616,2025-10-03,october,Flatbed,826.0,1842.01,1904.3438722804726,1926.9253173883362,1915.6345948344044,73.62459483440443
TR-043617,2025-10-03,october,Dry Van,448.4,1055.81,1092.1453923417541,1062.9836157516938,1077.5645040467239,21.754504046723923
TR-043618,2025-10-03,october,Dry Van,1234.9,2471.27,2379.5273707055076,2411.1854665870146,2395.356418646261,75.91358135373912
TR-043619,2025-10-03,october,Reefer,1123.5,2713.34,2638.1942804953064,2591.595272013698,2614.894776254502,98.44522374549797
TR-043620,2025-10-03,october,Dry Van,728.8,1681.52,1627.86739681879,1642.146356294188,1635.006876556489,46.51312344351095
TR-043621,2025-10-03,october,Dry Van,1562.4,3102.36,3095.888704166925,3112.5090855151375,3104.1988948410312,1.838894841031106
TR-043622,2025-10-03,october,Dry Van,953.6,1954.35,1947.457411531966,1979.5016346619614,1963.4795230969637,9.129523096963794
TR-043623,2025-10-03,october,Dry Van,988.9,2099.59,2055.6739742613618,2034.856412222107,2045.2651932417343,54.32480675826582
TR-043624,2025-10-03,october,Reefer,2866.1,6260.64,5921.729204185903,6061.6943746231955,5991.71178940455,268.92821059545076
TR-043625,2025-10-03,october,Dry Van,1306.6,2574.34,2560.384096711224,2619.012813781743,2589.6984552464837,15.358455246483572
TR-043626,2025-10-03,october,Dry Van,1047.1,2164.69,2207.84838052835,2169.099932050635,2188.4741562894924,23.78415628949233
TR-043627,2025-10-03,october,Flatbed,355.5,920.52,978.1180910783726,994.0284503375829,986.0732707079777,65.55327070797773
TR-043628,2025-10-03,october,Reefer,855.6,1923.65,1916.398873252986,1952.3200568824586,1934.3594650677223,10.709465067722249
TR-043629,2025-10-03,october,Flatbed,872.7,1990.73,2078.2524541076896,2076.1746588957817,2077.2135565017356,86.48355650173562
TR-043630,2025-10-03,october,Flatbed,709.9,1664.69,1648.9635038094184,1688.2897318885432,1668.626617848981,3.936617848980859
TR-043631,2025-10-03,october,Dry Van,488.3,1137.99,1149.25668680506,1162.8591801927241,1156.057933498892,18.06793349889199
TR-043632,2025-10-03,october,Flatbed,645.1,1504.21,1560.3748956471006,1562.9671763750857,1561.6710360110933,57.461036011093256
TR-043633,2025-10-03,october,Dry Van,656.0,1469.29,1485.6677572190308,1480.3958023188484,1483.0317797689395,13.741779768939523
TR-043634,2025-10-03,october,Dry Van,505.5,1151.86,1181.39191620041,1157.9453873938278,1169.6686517971189,17.808651797118955
TR-043635,2025-10-03,october,Dry Van,629.3,1411.05,1423.1110666437758,1429.6480933598427,1426.3795800018092,15.32958000180929
TR-043636,2025-10-03,october,Dry Van,1424.8,2798.24,2819.7162655442894,2845.279315954769,2832.4977907495295,34.257790749529704
TR-043637,2025-10-03,october,Dry Van,2232.1,4336.33,4288.137556013274,4308.3234696713935,4298.230512842334,38.09948715766586
TR-043638,2025-10-03,october,Dry Van,2653.0,4743.68,4862.825705342612,4822.844529535894,4842.835117439254,99.15511743925344
TR-043639,2025-10-03,october,Dry Van,2114.2,3959.56,3897.12717690752,3942.6908710149464,3919.9090239612333,39.65097603876666
TR-043640,2025-10-03,october,Reefer,509.0,1369.01,1412.7216411482643,1394.5024790102348,1403.6120600792497,34.60206007924967
TR-043641,2025-10-04,october,Dry Van,1629.0,3116.04,3041.042544857972,3158.085653281837,3099.564099069905,16.475900930095122
TR-043642,2025-10-04,october,Reefer,2173.0,4712.14,4669.547366274872,4711.4917276499455,4690.519546962409,21.620453037591687
TR-043643,2025-10-04,october,Dry Van,985.2,8236.26,1899.727444386116,1890.8622923169623,1895.2948683515392,6340.9651316484615
TR-043644,2025-10-04,october,Flatbed,937.3,2107.24,2155.8378367043297,2197.0481383912997,2176.4429875478145,69.2029875478147
TR-043645,2025-10-04,october,Reefer,723.3,1636.11,1703.8272366403567,1698.9903314311096,1701.408784035733,65.2987840357332
TR-043646,2025-10-04,october,Reefer,2077.2,4496.97,4454.249942885126,4458.717971551576,4456.483957218351,40.4860427816493
TR-043647,2025-10-04,october,Dry Van,829.0,1760.84,1765.280177487236,1738.101140285377,1751.6906588863064,9.149341113693481
TR-043648,2025-10-04,october,Dry Van,283.1,714.11,715.7914229184803,724.9829576005486,720.3871902595145,6.277190259514441
TR-043649,2025-10-04,october,Reefer,1705.1,3624.75,3813.456570182002,3871.148677380863,3842.3026237814324,217.55262378143243
TR-043650,2025-10-04,october,Reefer,2303.3,4847.61,4807.252256988529,4862.816951943236,4835.034604465882,12.575395534117888
TR-043651,2025-10-04,october,Dry Van,351.9,820.92,837.9331432260343,829.1488096332723,833.5409764296533,12.620976429653297
TR-043652,2025-10-04,october,Flatbed,428.0,993.82,1054.857990549883,1062.6436170656589,1058.7508038077708,64.93080380777076
TR-043653,2025-10-04,october,Dry Van,2008.5,3708.06,3750.5732235904716,3739.084739843092,3744.8289817167815,36.76898171678158
TR-043654,2025-10-04,october,Dry Van,1140.5,2419.17,2359.266537236122,2346.203257432513,2352.734897334318,66.43510266568228
TR-043655,2025-10-04,october,Flatbed,2044.1,4046.09,4084.43333719681,4203.937727040374,4144.185532118592,98.09553211859202
TR-043656,2025-10-04,october,Dry Van,2883.7,4938.57,5003.821109796712,5004.8411074167125,5004.331108606712,65.7611086067127
TR-043657,2025-10-04,october,Flatbed,2037.8,4076.29,4187.5076380067585,4313.603685854184,4250.555661930472,174.26566193047165
TR-043658,2025-10-04,october,Reefer,1248.7,2792.04,2889.796164531948,2873.479319728673,2881.6377421303105,89.59774213031051
TR-043659,2025-10-04,october,Dry Van,2073.0,4024.07,3983.7287623936563,4002.6828430621936,3993.205802727925,30.864197272075216
TR-043660,2025-10-04,october,Dry Van,1669.4,3412.66,3349.9366787874674,3332.4781246449347,3341.2074017162013,71.45259828379858
TR-043661,2025-10-04,october,Dry Van,684.3,1506.16,1457.4128120957214,1457.2317049643802,1457.322258530051,48.83774146994915
TR-043662,2025-10-04,october,Dry Van,1397.7,2798.93,2767.3362819263452,2758.969027714879,2763.152654820612,35.777345179387794
TR-043663,2025-10-04,october,Flatbed,1993.5,4036.53,4118.153899788838,4228.1682713518185,4173.161085570328,136.6310855703282
TR-043664,2025-10-04,october,Dry Van,940.6,1861.61,1853.4707700960462,1831.5900917611552,1842.5304309286007,19.07956907139919
TR-043665,2025-10-04,october,Dry Van,662.7,1419.09,1387.9631368083767,1368.1312239148797,1378.0471803616283,41.04281963837161
TR-043666,2025-10-04,october,Flatbed,560.8,1329.77,1358.8940910832926,1376.9947241707941,1367.9444076270433,38.174407627043365
TR-043667,2025-10-04,october,Dry Van,886.2,1776.12,1750.856348292436,1759.59481052722,1755.225579409828,20.894420590171876
TR-043668,2025-10-04,october,Flatbed,694.1,1577.96,1695.30220253779,1672.42341742922,1683.862809983505,105.902809983505
TR-043669,2025-10-04,october,Reefer,2046.0,4340.8,4433.42931972307,4460.45420487952,4446.941762301295,106.14176230129488
TR-043670,2025-10-04,october,Reefer,1686.4,3787.11,3752.8819927831705,3745.0460054733194,3748.9639991282447,38.146000871755405
TR-043671,2025-10-04,october,Dry Van,1708.9,3276.76,3257.2435296714248,3231.089142529173,3244.166336100299,32.59366389970137
TR-043672,2025-10-04,october,Dry Van,1789.5,3482.73,3485.686095432143,3495.088399037494,3490.3872472348185,7.657247234818442
TR-043673,2025-10-04,october,Flatbed,1061.1,2257.75,2336.7160480374787,2284.76924889935,2310.7426484684142,52.992648468414245
TR-043674,2025-10-04,october,Flatbed,2071.4,1274.95,4349.001064419972,4458.737598110312,4403.869331265142,3128.9193312651423
TR-043675,2025-10-04,october,Flatbed,936.6,2050.65,2056.768296007248,2113.7700464455784,2085.269171226413,34.61917122641307
TR-043676,2025-10-04,october,Dry Van,122.1,328.91,330.8018405925171,356.5533871211753,343.6776138568462,14.767613856846197
TR-043677,2025-10-04,october,Flatbed,2712.1,5235.99,5180.652917598151,5299.940990410034,5240.296954004092,4.306954004092404
TR-043678,2025-10-04,october,Dry Van,890.2,1666.27,1690.3668156190422,1686.5785681710781,1688.47269189506,22.20269189506007
TR-043679,2025-10-04,october,Dry Van,269.9,620.95,647.3531727508687,632.8558214867219,640.1044971187953,19.154497118795234
TR-043680,2025-10-04,october,Reefer,893.4,2192.5,2226.188540460999,2227.815928368881,2227.00223441494,34.502234414940176
TR-043681,2025-10-04,october,Reefer,468.7,1227.83,1218.280425772557,1234.617020102135,1226.448722937346,1.3812770626539077
TR-043682,2025-10-04,october,Flatbed,807.3,1880.52,1948.2300307935461,1981.1623163683087,1964.6961735809273,84.1761735809273
TR-043683,2025-10-04,october,Dry Van,1624.9,3260.47,3267.5184562573204,3304.0378886751196,3285.77817246622,25.308172466220185
TR-043684,2025-10-04,october,Dry Van,596.5,1327.19,1335.2533288179661,1334.729381698426,1334.991355258196,7.801355258196054
TR-043685,2025-10-04,october,Reefer,1445.5,3302.07,3293.510663143713,3286.3926518130665,3289.9516574783897,12.11834252161043
TR-043686,2025-10-04,october,Reefer,290.1,823.97,863.2638981091128,835.2810987149501,849.2724984120314,25.302498412031355
TR-043687,2025-10-04,october,Dry Van,1491.4,3109.53,3079.6519918394147,3045.7581017111543,3062.7050467752842,46.824953224715955
TR-043688,2025-10-04,october,Flatbed,153.4,459.09,485.0609940635769,485.8482787478224,485.45463640569966,26.364636405699684
TR-043689,2025-10-04,october,Dry Van,1515.7,2945.56,2831.6230220583698,2921.6229680806096,2876.6229950694897,68.93700493051028
TR-043690,2025-10-04,october,Flatbed,507.9,1314.59,1384.0502016104797,1481.7306203322414,1432.8904109713606,118.30041097136063
TR-043691,2025-10-04,october,Flatbed,693.1,548.16,1585.4134852030932,1565.0820595626742,1575.2477723828838,1027.087772382884
TR-043692,2025-10-04,october,Flatbed,114.4,367.01,398.917055986445,425.4469351904013,412.18199558842315,45.17199558842316
TR-043693,2025-10-04,october,Reefer,1108.6,2476.11,2588.8655752559353,2589.4096426309197,2589.1376089434275,113.02760894342737
TR-043694,2025-10-04,october,Dry Van,587.1,1283.4,1307.0410388517798,1320.6820168657955,1313.8615278587877,30.461527858787576
TR-043695,2025-10-04,october,Flatbed,2123.6,4203.77,4282.252149114891,4382.057457807716,4332.154803461303,128.3848034613029
TR-043696,2025-10-04,october,Dry Van,665.6,1475.54,1489.5402171797548,1466.2035051348525,1477.8718611573036,2.3318611573035923
TR-043697,2025-10-04,october,Reefer,397.0,1033.03,1030.8579005711438,1034.2822928150022,1032.570096693073,0.45990330692688985
TR-043698,2025-10-04,october,Dry Van,748.7,1697.51,1658.6270395390866,1648.9418958228644,1653.7844676809755,43.72553231902452
TR-043699,2025-10-04,october,Dry Van,585.1,1321.52,1317.0061021258002,1314.6434961990421,1315.8247991624212,5.6952008375787955
TR-043700,2025-10-04,october,Reefer,650.5,1474.42,1517.6003756089272,1517.1503815982396,1517.3753786035834,42.95537860358331
TR-043701,2025-10-04,october,Dry Van,889.0,1832.33,1852.9478352213844,1822.0830794503624,1837.5154573358734,5.18545733587348
TR-043702,2025-10-04,october,Reefer,661.2,1604.25,1637.2241915097852,1612.4680930316827,1624.846142270734,20.596142270733935
TR-043703,2025-10-04,october,Dry Van,519.4,1206.42,1186.3720875238891,1203.4781311599863,1194.9251093419377,11.494890658062332
TR-043704,2025-10-04,october,Flatbed,70.0,236.92,315.08215234896346,306.35932778040865,310.7207400646861,73.8007400646861
TR-043705,2025-10-04,october,Reefer,1943.2,785.33,4270.57851726779,4322.049186716158,4296.313851991974,3510.983851991974
TR-043706,2025-10-04,october,Dry Van,436.6,1021.77,1013.764228651553,1033.957327800937,1023.860778226245,2.0907782262449928
TR-043707,2025-10-04,october,Dry Van,1398.2,2768.1,2751.969326166859,2725.038412008804,2738.5038690878314,29.59613091216852
TR-043708,2025-10-04,october,Flatbed,496.5,1208.93,1248.9716240978662,1250.8100374704932,1249.8908307841798,40.960830784179734
TR-043709,2025-10-04,october,Flatbed,2641.3,5280.63,5275.475816098841,5396.675502152687,5336.075659125764,55.445659125763996
TR-043710,2025-10-04,october,Dry Van,985.1,2130.66,2136.9068516581256,2121.913470088543,2129.4101608733345,1.2498391266653925
TR-043711,2025-10-04,october,Dry Van,599.7,1231.13,1245.7271110084246,1240.1773420152513,1242.952226511838,11.822226511837926
TR-043712,2025-10-04,october,Reefer,1650.6,3788.94,3751.975034522247,3821.344835358967,3786.659934940607,2.2800650593931096
TR-043713,2025-10-04,october,Flatbed,661.9,1530.87,1602.2614380594496,1597.5365507279523,1599.8989943937008,69.02899439370094
TR-043714,2025-10-04,october,Flatbed,1202.8,2663.29,2736.950746188753,2715.238130150815,2726.0944381697836,62.80443816978368
TR-043715,2025-10-04,october,Dry Van,1354.6,2579.7,2582.7204442590846,2564.448442911824,2573.584443585454,6.115556414545608
TR-043716,2025-10-04,october,Reefer,540.1,1324.87,1336.8712178947642,1325.5802714442939,1331.225744669529,6.355744669529031
TR-043717,2025-10-04,october,Reefer,1540.0,3270.72,3370.2615393095416,3351.7820003210504,3361.021769815296,90.30176981529621
TR-043718,2025-10-04,october,Reefer,3143.8,6619.87,6502.812941199996,6604.776647445259,6553.794794322628,66.07520567737174
TR-043719,2025-10-04,october,Dry Van,264.1,659.64,657.8921949516073,654.5423563008947,656.217275626251,3.42272437374902
TR-043720,2025-10-04,october,Reefer,2425.1,5192.29,5109.106471475626,5234.993586252422,5172.050028864023,20.239971135976702
TR-043721,2025-10-04,october,Reefer,1231.7,2769.33,2860.206990272189,2826.234088942848,2843.2205396075187,73.8905396075188
TR-043722,2025-10-04,october,Dry Van,1052.4,2299.67,2305.362067721472,2259.662894295285,2282.5124810083785,17.1575189916216
TR-043723,2025-10-04,october,Dry Van,254.3,628.7,643.7055500055541,636.2594469550543,639.9824984803042,11.282498480304184
TR-043724,2025-10-04,october,Dry Van,529.6,1229.26,1226.2074736412808,1230.3541970689257,1228.2808353551031,0.979164644896855
TR-043725,2025-10-04,october,Reefer,2578.6,5479.97,5364.8124347117855,5511.847717111335,5438.330075911561,41.63992408843933
TR-043726,2025-10-04,october,Dry Van,2031.1,3853.49,3873.222917458514,3823.3685313371793,3848.2957243978467,5.194275602153084
TR-043727,2025-10-04,october,Dry Van,2117.6,8592.93,3659.9931849230315,3724.0835182154797,3692.0383515692556,4900.891648430745
TR-043728,2025-10-04,october,Flatbed,516.9,1252.52,1307.5786094153393,1289.436353216784,1298.5074813160618,45.9874813160618
TR-043729,2025-10-04,october,Flatbed,298.9,878.24,887.6163930723516,903.9131976976707,895.7647953850112,17.524795385011203
TR-043730,2025-10-04,october,Dry Van,385.6,1000.57,980.0942948723109,953.234988547196,966.6646417097535,33.90535829024657
TR-043731,2025-10-04,october,Dry Van,525.2,1173.39,1164.5350222307018,1155.0709314736541,1159.8029768521778,13.587023147822265
TR-043732,2025-10-04,october,Dry Van,3228.2,5555.83,5594.976383920265,5621.654294473878,5608.315339197072,52.48533919707188
TR-043733,2025-10-04,october,Dry Van,935.5,1938.54,1923.2798126671812,1935.714453106952,1929.4971328870665,9.042867112933436
TR-043734,2025-10-04,october,Dry Van,296.7,729.62,723.6615930164565,713.685317818894,718.6734554176753,10.946544582324691
TR-043735,2025-10-04,october,Dry Van,1977.2,3909.68,3883.9495653786184,3900.9694314038293,3892.459498391224,17.220501608775976
TR-043736,2025-10-04,october,Flatbed,189.0,544.04,589.1251938854912,588.5338868488152,588.8295403671532,44.78954036715322
TR-043737,2025-10-04,october,Dry Van,111.0,311.38,336.78275293440385,319.6369868518709,328.20986989313735,16.829869893137356
TR-043738,2025-10-04,october,Dry Van,1306.2,2523.73,2448.0707863515927,2502.2278541454443,2475.1493202485185,48.58067975148151
TR-043739,2025-10-04,october,Reefer,2899.8,5601.89,5500.844113455444,5678.74719568038,5589.795654567912,12.09434543208863
TR-043740,2025-10-04,october,Dry Van,245.7,584.56,609.2370196392951,577.8353341451177,593.5361768922064,8.976176892206468
TR-043741,2025-10-04,october,Reefer,826.0,1977.98,1995.570708415394,1952.1652437417615,1973.8679760785776,4.112023921422406
TR-043742,2025-10-04,october,Dry Van,815.0,1708.09,1721.875524124457,1741.0840701699453,1731.4797971472012,23.389797147201307
TR-043743,2025-10-04,october,Reefer,1166.9,2682.14,2700.767175524589,2714.8637247830247,2707.815450153807,25.675450153807105
TR-043744,2025-10-04,october,Dry Van,332.8,850.3,837.5500626178639,839.3340307012636,838.4420466595637,11.857953340436211
TR-043745,2025-10-04,october,Dry Van,559.0,1297.39,1235.6001489061287,1238.6691806269241,1237.1346647665264,60.255335233473716
TR-043746,2025-10-04,october,Dry Van,2748.5,4845.69,4939.947669576887,4811.356562750119,4875.652116163503,29.962116163503197
TR-043747,2025-10-04,october,Reefer,1603.8,3598.91,3564.0294143867354,3609.4381383281284,3586.733776357432,12.176223642567948
TR-043748,2025-10-04,october,Dry Van,2405.0,4429.13,4365.276282785417,4313.467742049102,4339.37201241726,89.7579875827405
TR-043749,2025-10-04,october,Dry Van,201.0,533.64,523.7458325764059,541.8202512209668,532.7830418986864,0.8569581013135803
TR-043750,2025-10-04,october,Reefer,1800.5,3891.84,3859.0265540801333,3886.4943654367776,3872.7604597584555,19.07954024154469
TR-043751,2025-10-04,october,Reefer,1026.7,2290.3,2319.2609826594266,2377.054636813993,2348.15780973671,57.857809736709896
TR-043752,2025-10-04,october,Flatbed,166.0,475.85,534.8021620240421,509.9547549555921,522.3784584898171,46.528458489817126
TR-043753,2025-10-04,october,Dry Van,1970.2,3865.88,3814.3856675446036,3856.3121423583248,3835.348904951464,30.531095048535917
TR-043754,2025-10-04,october,Flatbed,956.6,2070.69,2130.2559282927377,2196.6935883526903,2163.474758322714,92.78475832271397
TR-043755,2025-10-04,october,Dry Van,803.2,1756.9,1697.8495545823953,1717.1562603153995,1707.5029074488975,49.39709255110256
TR-043756,2025-10-04,october,Dry Van,2317.4,4610.23,4452.854259940759,4482.788072873102,4467.82116640693,142.40883359306918
TR-043757,2025-10-04,october,Dry Van,1749.8,3297.05,3268.577913212326,3348.1554321022395,3308.366672657283,11.316672657282652
TR-043758,2025-10-04,october,Dry Van,1932.5,3828.19,3744.627632249974,3696.7704124171432,3720.699022333559,107.49097766644127
TR-043759,2025-10-04,october,Reefer,114.5,382.8,393.1008132579364,426.6621994273344,409.88150634263536,27.08150634263535
TR-043760,2025-10-04,october,Dry Van,2108.4,3873.89,3870.3203371019395,3973.8577404614744,3922.089038781707,48.19903878170726
TR-043761,2025-10-04,october,Reefer,393.7,966.85,1012.1594510342359,1024.0386135005465,1018.0990322673912,51.24903226739116
TR-043762,2025-10-04,october,Dry Van,660.5,1479.39,1466.937573982022,1421.9920718803662,1444.4648229311942,34.92517706880585
TR-043763,2025-10-04,october,Dry Van,612.3,1312.59,1290.990090251063,1308.074215676965,1299.5321529640141,13.057847035985787
TR-043764,2025-10-04,october,Reefer,418.6,1058.82,1077.2736574794515,1079.8104624382765,1078.542059958864,19.722059958864065
TR-043765,2025-10-04,october,Flatbed,2256.1,4554.3,4484.779350035812,4693.761827321512,4589.2705886786625,34.97058867866235
TR-043766,2025-10-04,october,Dry Van,2090.0,3893.45,3892.750284198195,3869.7997188347244,3881.2750015164597,12.174998483540094
TR-043767,2025-10-04,october,Reefer,1260.3,2911.9,2918.3654010585833,2902.6887405470566,2910.52707080282,1.3729291971799285
TR-043768,2025-10-04,october,Flatbed,238.1,666.14,703.5175090134983,689.94785454007,696.7326817767841,30.59268177678416
TR-043769,2025-10-04,october,Dry Van,1296.3,2671.78,2673.981565161633,2694.1868055947966,2684.084185378215,12.304185378214697
TR-043770,2025-10-04,october,Flatbed,1416.4,3207.15,3169.847656703448,3344.6881524769124,3257.2679045901805,50.11790459018039
TR-043771,2025-10-04,october,Reefer,1511.2,3377.25,3368.8509513968083,3380.458890885333,3374.6549211410706,2.595078858929355
TR-043772,2025-10-04,october,Reefer,1746.9,3892.47,3902.176739615122,3971.894397700393,3937.0355686577577,44.56556865775792
TR-043773,2025-10-04,october,Dry Van,2757.0,5122.83,5018.086276469083,5057.6609034282255,5037.873589948655,84.9564100513453
TR-043774,2025-10-04,october,Dry Van,769.2,1527.39,1518.7495311790196,1534.0831263444106,1526.4163287617152,0.9736712382848509
TR-043775,2025-10-04,october,Dry Van,865.0,1810.92,1779.0906176806216,1793.6701900123041,1786.3804038464627,24.53959615353733
TR-043776,2025-10-04,october,Dry Van,603.7,1358.72,1338.2459030114449,1335.5155886073665,1336.8807458094057,21.839254190594374
TR-043777,2025-10-04,october,Dry Van,670.1,1445.2,1455.1247343363057,1444.9474227480578,1450.0360785421817,4.836078542181667
TR-043778,2025-10-04,october,Dry Van,1428.4,2882.24,2901.544940139733,2860.0847804822392,2880.814860310986,1.4251396890135766
TR-043779,2025-10-04,october,Reefer,2514.7,5443.87,5280.368326531056,5484.246209470091,5382.3072680005735,61.56273199942643
TR-043780,2025-10-04,october,Dry Van,880.6,1859.45,1890.6343272396236,1868.5111029625205,1879.572715101072,20.12271510107189
TR-043781,2025-10-04,october,Flatbed,906.1,2008.07,2064.1144412290737,2083.026247774091,2073.5703445015824,65.5003445015825
TR-043782,2025-10-04,october,Dry Van,2568.1,4695.78,4716.058455914161,4725.346675552638,4720.7025657334,24.922565733400006
TR-043783,2025-10-04,october,Dry Van,2499.3,4291.14,4434.208086679634,4367.664606625511,4400.936346652572,109.79634665257163
TR-043784,2025-10-04,october,Dry Van,596.0,1321.48,1325.578908672703,1319.7821100501028,1322.680509361403,1.2005093614029647
TR-043785,2025-10-04,october,Flatbed,806.7,1832.78,1851.6262489496298,1901.8678428725282,1876.747045911079,43.96704591107914
TR-043786,2025-10-04,october,Reefer,1307.4,2841.05,2959.988534480867,3015.6419643275417,2987.815249404204,146.76524940420404
TR-043787,2025-10-04,october,Dry Van,517.0,1171.18,1143.3999665007918,1166.9231593053196,1155.1615629030557,16.018437096944353
TR-043788,2025-10-04,october,Flatbed,1822.1,3781.63,3905.5251871704318,3955.873525679909,3930.6993564251707,149.06935642517055
TR-043789,2025-10-04,october,Flatbed,202.7,589.08,626.1030017055898,626.1645152115566,626.1337584585732,37.05375845857316
TR-043790,2025-10-04,october,Dry Van,1168.8,2476.4,2485.0108953104395,2470.0530510467893,2477.5319731786144,1.1319731786143166
TR-043791,2025-10-04,october,Dry Van,169.3,454.21,478.3442300829782,459.4748478272593,468.9095389551187,14.699538955118726
TR-043792,2025-10-04,october,Dry Van,231.2,608.66,599.3820199726888,586.8718774466092,593.126948709649,15.533051290350954
TR-043793,2025-10-04,october,Dry Van,704.5,1589.78,1553.233334961541,1555.7492372224367,1554.491286091989,35.288713908011005
TR-043794,2025-10-05,october,Dry Van,137.7,362.84,369.86778979185306,377.38546560294253,373.6266276973978,10.786627697397819
TR-043795,2025-10-05,october,Reefer,886.5,2190.49,2224.5883768680505,2185.6962374950904,2205.1423071815707,14.652307181570905
TR-043796,2025-10-05,october,Dry Van,1490.2,2930.08,2987.7464467600166,2891.0263632132883,2939.3864049866525,9.306404986652524
TR-043797,2025-10-05,october,Reefer,2278.4,4821.17,4757.585893091468,4853.19614144919,4805.391017270329,15.778982729671043
TR-043798,2025-10-05,october,Dry Van,2513.2,4297.75,4478.589641717676,4468.068048393802,4473.328845055739,175.5788450557393
TR-043799,2025-10-05,october,Dry Van,1137.7,2227.95,2156.3361224778405,2196.652402009246,2176.4942622435433,51.45573775645653
TR-043800,2025-10-05,october,Flatbed,957.8,2175.85,2219.0852196481096,2251.604179454204,2235.3446995511567,59.49469955115683
TR-043801,2025-10-05,october,Flatbed,1933.0,3724.48,3922.316828049814,3961.150176703095,3941.7335023764545,217.25350237645443
TR-043802,2025-10-05,october,Flatbed,886.1,2032.14,2111.5065140832617,2120.498563146716,2116.002538614989,83.86253861498903
TR-043803,2025-10-05,october,Dry Van,781.8,1539.19,1545.1854225267416,1556.879193715087,1551.0323081209144,11.842308120914367
TR-043804,2025-10-05,october,Reefer,1887.5,4145.69,4195.462514885698,4242.428140309501,4218.945327597599,73.25532759759972
TR-043805,2025-10-05,october,Reefer,1329.6,3099.4,3048.678888397575,3040.4127262336933,3044.545807315634,54.8541926843659
TR-043806,2025-10-05,october,Flatbed,1143.4,2437.21,2515.4584445849346,2490.6712608952275,2503.064852740081,65.85485274008079
TR-043807,2025-10-05,october,Reefer,2703.5,5540.6,5628.247458247266,5714.996552054718,5671.622005150992,131.0220051509914
TR-043808,2025-10-05,october,Reefer,1513.4,3262.76,3302.982297257728,3310.966504518373,3306.9744008880507,44.21440088805048
TR-043809,2025-10-05,october,Flatbed,459.1,1125.42,1188.7774053662536,1189.0816203200034,1188.9295128431286,63.509512843128505
TR-043810,2025-10-05,october,Reefer,1858.0,3858.91,3920.693504965979,3911.13278653805,3915.9131457520143,57.00314575201446
TR-043811,2025-10-05,october,Flatbed,159.5,439.04,464.9044716112095,459.236073410955,462.07027251108224,23.030272511082217
TR-043812,2025-10-05,october,Dry Van,2077.1,4057.63,3991.0304608889824,3972.6169854572527,3981.8237231731173,75.80627682688282
TR-043813,2025-10-05,october,Dry Van,1142.1,2331.03,2254.2505021988964,2246.4855760795017,2250.368039139199,80.66196086080117
TR-043814,2025-10-05,october,Dry Van,1167.6,2384.15,2386.3573575913647,2353.255837376201,2369.8065974837828,14.343402516217338
TR-043815,2025-10-05,october,Reefer,455.2,1122.82,1155.9102248116194,1155.9339433186751,1155.9220840651474,33.10208406514744
TR-043816,2025-10-05,october,Dry Van,883.1,1729.91,1715.2524791127062,1676.1168737343532,1695.6846764235297,34.22532357647037
TR-043817,2025-10-05,october,Reefer,479.2,1118.16,1180.6823311368103,1185.5223236335976,1183.1023273852038,64.94232738520373
TR-043818,2025-10-05,october,Reefer,314.3,868.53,907.5634482211399,895.80715962606,901.6853039235999,33.155303923599945
TR-043819,2025-10-05,october,Flatbed,80.8,263.56,251.68515320870455,311.5400554603343,281.61260433451946,18.052604334519458
TR-043820,2025-10-05,october,Dry Van,751.0,1633.97,1634.196218250932,1627.8289258477405,1631.012572049336,2.9574279506639414
TR-043821,2025-10-05,october,Flatbed,2093.1,4178.31,4313.730948329254,4467.483368307566,4390.607158318409,212.29715831840895
TR-043822,2025-10-05,october,Reefer,816.3,2094.64,2183.9137156092584,2071.828045769722,2127.87088068949,33.23088068949028
TR-043823,2025-10-05,october,Dry Van,2363.0,4177.17,4140.50156046762,4233.05510887092,4186.77833466927,9.608334669270334
TR-043824,2025-10-05,october,Flatbed,225.0,646.74,665.9382397724402,669.0006066570036,667.4694232147219,20.72942321472192
TR-043825,2025-10-05,october,Flatbed,230.3,632.92,674.5729453398959,689.7883136219705,682.1806294809332,49.26062948093329
TR-043826,2025-10-05,october,Reefer,703.2,1652.34,1708.4072531698184,1693.7321528076109,1701.0697029887147,48.729702988714735
TR-043827,2025-10-05,october,Dry Van,2922.8,5079.21,5157.902418163052,5139.020246968806,5148.461332565928,69.25133256592835
TR-043828,2025-10-05,october,Flatbed,3310.6,6152.73,5903.277218994173,6180.744026926351,6042.0106229602625,110.71937703973708
TR-043829,2025-10-05,october,Dry Van,1389.2,2785.51,2788.9834646611266,2753.3804873542517,2771.181976007689,14.328023992311046
TR-043830,2025-10-05,october,Flatbed,2275.0,4402.88,4447.84250509215,4613.315611623813,4530.579058357982,127.69905835798181
TR-043831,2025-10-05,october,Flatbed,2794.3,5433.87,5476.4815341750855,5659.3430780067765,5567.912306090931,134.04230609093156
TR-043832,2025-10-05,october,Dry Van,663.6,1429.58,1417.932918105428,1393.3810307095036,1405.656974407466,23.92302559253403
TR-043833,2025-10-05,october,Dry Van,1734.3,3352.17,3300.3341958796805,3342.490929589231,3321.4125627344556,30.757437265544468
TR-043834,2025-10-05,october,Dry Van,1572.4,3063.16,3015.5071018086487,3029.331852679133,3022.419477243891,40.74052275610893
TR-043835,2025-10-05,october,Dry Van,822.5,1606.06,1644.886420479125,1613.6791180893765,1629.2827692842507,23.222769284250717
TR-043836,2025-10-05,october,Dry Van,209.4,584.99,565.2669427782614,591.7767783833949,578.5218605808282,6.468139419171848
TR-043837,2025-10-05,october,Dry Van,265.0,651.87,659.9108592185107,650.4716666809488,655.1912629497298,3.321262949729771
TR-043838,2025-10-05,october,Flatbed,574.2,1355.11,1436.4749175982927,1426.4693086209863,1431.4721131096394,76.3621131096395
TR-043839,2025-10-05,october,Dry Van,1849.4,3490.4,3547.166618929672,3572.5672761407295,3559.866947535201,69.46694753520069
TR-043840,2025-10-05,october,Dry Van,624.3,1243.66,1244.276174578006,1254.3087611617332,1249.2924678698696,5.632467869869515
TR-043841,2025-10-05,october,Flatbed,767.8,1688.78,1708.7993816515889,1721.8062066820332,1715.302794166811,26.52279416681108
TR-043842,2025-10-05,october,Reefer,610.4,1502.59,1527.2063274883021,1530.4269465034424,1528.8166369958722,26.22663699587224
TR-043843,2025-10-05,october,Dry Van,1065.9,2109.69,2147.494020488026,2098.5146645333716,2123.0043425106987,13.31434251069868
TR-043844,2025-10-05,october,Dry Van,411.8,955.05,953.9223861501089,960.7607357806046,957.3415609653567,2.29156096535678
TR-043845,2025-10-05,october,Dry Van,749.7,1574.04,1555.4079307103766,1564.3066541764133,1559.857292443395,14.18270755660501
TR-043846,2025-10-05,october,Dry Van,788.2,1652.68,1604.130642581009,1609.8381850750409,1606.984413828025,45.69558617197504
TR-043847,2025-10-05,october,Dry Van,143.6,409.03,393.0051207338917,423.68366737827887,408.3443940560853,0.685605943914652
TR-043848,2025-10-05,october,Dry Van,980.8,2029.81,2065.9630207744003,2019.6474799365485,2042.8052503554745,12.995250355474582
TR-043849,2025-10-05,october,Dry Van,573.7,1291.36,1277.2085079173962,1285.4223969035863,1281.3154524104912,10.044547589508738
TR-043850,2025-10-05,october,Dry Van,173.7,462.62,467.1504276055214,454.9387441364315,461.04458587097645,1.5754141290235566
TR-043851,2025-10-05,october,Reefer,1005.4,2438.43,2451.33651263956,2472.147987514006,2461.7422500767834,23.312250076783585
TR-043852,2025-10-05,october,Dry Van,461.1,1094.31,1098.5512541000123,1064.6344513299437,1081.592852714978,12.717147285021838
TR-043853,2025-10-05,october,Dry Van,285.5,688.95,694.9061536810186,685.9724397160908,690.4392966985547,1.4892966985546536
TR-043854,2025-10-05,october,Reefer,385.3,1055.69,1073.8253787854053,1055.5549844224993,1064.6901816039522,9.000181603952115
TR-043855,2025-10-05,october,Reefer,1554.5,3402.93,3494.1410101684532,3449.5573815932917,3471.8491958808727,68.91919588087285
TR-043856,2025-10-05,october,Reefer,1849.6,3850.45,3912.534070039631,3981.6530331997483,3947.0935516196896,96.64355161968979
TR-043857,2025-10-05,october,Dry Van,1986.9,3761.16,3721.3091279267846,3661.0749381666055,3691.192033046695,69.96796695330477
TR-043858,2025-10-05,october,Dry Van,2046.2,4124.94,4073.402281775631,3990.9713628812133,4032.186822328422,92.75317767157776
TR-043859,2025-10-05,october,Flatbed,576.4,1464.25,1467.768809194465,1457.5500072616915,1462.659408228078,1.590591771921936
TR-043860,2025-10-05,october,Dry Van,1282.2,2569.74,2625.4386314634467,2586.5967332978894,2606.017682380668,36.27768238066801
TR-043861,2025-10-05,october,Dry Van,2475.6,4474.48,4561.258294503893,4541.399528591277,4551.328911547585,76.84891154758589
TR-043862,2025-10-05,october,Flatbed,250.4,679.73,716.0606054379829,718.9420218385042,717.5013136382436,37.771313638243555
TR-043863,2025-10-05,october,Dry Van,786.8,1641.35,1657.1614395909469,1667.7294715208968,1662.4454555559219,21.095455555921944
TR-043864,2025-10-05,october,Flatbed,3053.3,5800.91,5991.829051143734,5959.535615830329,5975.682333487031,174.77233348703157
TR-043865,2025-10-05,october,Flatbed,275.8,766.17,805.7737321439388,797.4677802016363,801.6207561727875,35.45075617278758
TR-043866,2025-10-05,october,Flatbed,462.5,1232.04,1277.375202077422,1357.4852473060287,1317.4302246917255,85.3902246917255
TR-043867,2025-10-05,october,Dry Van,2447.7,4487.22,4524.87121475795,4447.793266731659,4486.332240744805,0.8877592551953057
TR-043868,2025-10-05,october,Reefer,2099.1,4287.3,4278.308747171241,4374.1040827090965,4326.2064149401685,38.90641494016836
TR-043869,2025-10-05,october,Dry Van,2616.3,4614.15,4693.029481596699,4623.199687800217,4658.114584698458,43.964584698458566
TR-043870,2025-10-05,october,Reefer,1516.7,3454.75,3470.339474168624,3568.347265051196,3519.34336960991,64.59336960991004
TR-043871,2025-10-05,october,Dry Van,2004.8,3896.22,3805.3552079609985,3855.1297996783424,3830.2425038196707,65.97749618032913
TR-043872,2025-10-05,october,Reefer,288.1,737.2,766.8377225962814,749.10170648657,757.9697145414257,20.76971454142563
TR-043873,2025-10-05,october,Reefer,540.3,1295.99,1328.7335983959144,1292.9836877742573,1310.858643085086,14.868643085085978
TR-043874,2025-10-05,october,Dry Van,725.1,1462.8,1520.6732537113432,1536.998398706457,1528.8358262089,66.03582620890006
TR-043875,2025-10-05,october,Dry Van,1806.8,3359.38,3414.4755920480975,3391.4535624337896,3402.9645772409435,43.58457724094342
TR-043876,2025-10-05,october,Flatbed,2098.5,4200.54,4278.2733351046845,4384.000322296517,4331.136828700601,130.59682870060078
TR-043877,2025-10-05,october,Reefer,765.8,1814.57,1917.6572543268167,1902.1292454321226,1909.8932498794697,95.32324987946981
TR-043878,2025-10-05,october,Dry Van,243.1,593.84,602.9616351305673,583.5693878257855,593.2655114781764,0.5744885218235822
TR-043879,2025-10-05,october,Dry Van,855.4,1804.12,1797.0384888704875,1798.8332485963488,1797.9358687334181,6.184131266581744
TR-043880,2025-10-05,october,Dry Van,1477.3,2935.08,2956.2018996268507,2948.1795582163836,2952.190728921617,17.11072892161701
TR-043881,2025-10-05,october,Reefer,606.6,1530.9,1558.7856132827849,1541.1312314377062,1549.9584223602455,19.05842236024546
TR-043882,2025-10-05,october,Dry Van,2366.1,4209.75,4222.6155501787425,4184.541790226443,4203.578670202593,6.171329797407452
TR-043883,2025-10-05,october,Dry Van,388.2,957.06,953.923899983707,943.4415621500614,948.6827310668841,8.377268933115829
TR-043884,2025-10-05,october,Dry Van,1559.8,2958.24,2965.657720646748,3002.740487080652,2984.1991038637,25.95910386370042
TR-043885,2025-10-05,october,Reefer,1057.5,2491.41,2487.6449189801574,2479.580164328959,2483.6125416545583,7.797458345441555
TR-043886,2025-10-05,october,Reefer,680.7,1643.22,1689.0069155034046,1623.873711872502,1656.4403136879532,13.220313687953194
TR-043887,2025-10-05,october,Reefer,1348.4,11052.72,3070.491332954179,2981.6212916574136,3026.0563123057964,8026.663687694203
TR-043888,2025-10-05,october,Reefer,1851.9,3737.91,3888.5954370365102,3962.2712743211396,3925.433355678825,187.52335567882528
TR-043889,2025-10-05,october,Flatbed,766.8,1765.8,1812.741263656729,1833.0016825475639,1822.8714731021464,57.071473102146456
TR-043890,2025-10-05,october,Dry Van,931.4,1911.29,1876.0119564205895,1874.2399814279195,1875.1259689242545,36.16403107574547
TR-043891,2025-10-05,october,Dry Van,324.4,779.31,772.9107189546869,774.1771542217093,773.5439365881981,5.766063411801838
TR-043892,2025-10-05,october,Reefer,2023.7,4284.86,4280.317968997284,4280.430260767024,4280.374114882154,4.48588511784601
TR-043893,2025-10-05,october,Reefer,1517.0,3396.71,3476.9946989388973,3512.27599377731,3494.6353463581036,97.92534635810352
TR-043894,2025-10-05,october,Reefer,82.9,279.76,270.4424412035002,319.2515870589518,294.84701413122605,15.087014131226056
TR-043895,2025-10-05,october,Dry Van,532.9,1160.12,1155.8222595106467,1153.8304297564093,1154.8263446335282,5.293655366471739
TR-043896,2025-10-05,october,Reefer,1294.8,2848.75,2943.481173714216,2955.846951489885,2949.6640626020508,100.91406260205076
TR-043897,2025-10-05,october,Dry Van,556.0,1167.81,1141.5107671812,1149.3486272672935,1145.4296972242469,22.38030277575308
TR-043898,2025-10-05,october,Dry Van,203.2,507.62,531.4036787625867,527.0617048160066,529.2326917892966,21.612691789296605
TR-043899,2025-10-05,october,Reefer,625.4,1472.72,1481.1339478414234,1492.2366987299647,1486.685323285694,13.965323285694012
TR-043900,2025-10-05,october,Flatbed,592.6,1393.73,1484.2324129006572,1506.5213059492166,1495.3768594249368,101.64685942493679
TR-043901,2025-10-05,october,Flatbed,713.0,1607.33,1690.5492147919203,1684.8795340414372,1687.7143744166788,80.38437441667884
TR-043902,2025-10-05,october,Dry Van,1654.9,3247.32,3296.7466026497623,3251.522247794137,3274.1344252219496,26.814425221949477
TR-043903,2025-10-05,october,Flatbed,720.5,1689.73,1742.6198833519923,1746.552498212913,1744.5861907824526,54.856190782452586
TR-043904,2025-10-05,october,Dry Van,731.4,1531.51,1506.5242837391202,1548.7408740142116,1527.6325788766658,3.8774211233342157
TR-043905,2025-10-05,october,Flatbed,823.0,1830.18,1902.5231252624224,1914.5243366278848,1908.5237309451536,78.34373094515354
TR-043906,2025-10-05,october,Dry Van,1547.6,3017.98,2919.665991025843,2947.777402524407,2933.721696775125,84.25830322487491
TR-043907,2025-10-05,october,Dry Van,345.5,809.89,814.0998370539114,795.3440811781873,804.7219591160493,5.168040883950653
TR-043908,2025-10-05,october,Dry Van,762.3,1697.73,1705.5375880738611,1698.211353072741,1701.874470573301,4.144470573301078
TR-043909,2025-10-05,october,Dry Van,1649.8,3194.09,3246.1909439722285,3288.3169203484144,3267.2539321603217,73.16393216032156
TR-043910,2025-10-05,october,Dry Van,374.8,875.46,841.8020676491789,851.5931748810738,846.6976212651264,28.762378734873664
TR-043911,2025-10-05,october,Flatbed,595.1,1330.8,1398.00649971164,1397.4580379066097,1397.732268809125,66.93226880912493
TR-043912,2025-10-05,october,Dry Van,2781.5,4904.69,5010.163894037601,4872.1570349379945,4941.160464487797,36.47046448779747
TR-043913,2025-10-05,october,Reefer,283.6,811.04,772.0953673678742,792.3740300877917,782.2346987278329,28.80530127216707
TR-043914,2025-10-05,october,Reefer,805.2,1843.84,1909.5131306012872,1931.0354669538556,1920.2742987775714,76.43429877757148
TR-043915,2025-10-05,october,Reefer,358.9,953.32,981.0659211707103,952.6445213732429,966.8552212719767,13.535221271976638
TR-043916,2025-10-05,october,Dry Van,335.3,808.69,801.083970069713,805.2914679818443,803.1877190257787,5.502280974221321
TR-043917,2025-10-05,october,Dry Van,424.2,4646.65,956.5086282808127,934.8021158247705,945.6553720527916,3700.994627947208
TR-043918,2025-10-05,october,Dry Van,293.0,698.11,728.1318035986739,708.6810446547386,718.4064241267063,20.296424126706256
TR-043919,2025-10-05,october,Dry Van,492.7,1017.32,1046.9626319255317,1038.2692161361879,1042.6159240308598,25.295924030859737
TR-043920,2025-10-05,october,Dry Van,1989.6,3621.78,3652.157623800106,3627.483019093451,3639.8203214467785,18.040321446778307
TR-043921,2025-10-05,october,Flatbed,1798.7,3572.79,3766.9864565031153,3704.8563756866856,3735.9214160949005,163.1314160949005
TR-043922,2025-10-05,october,Flatbed,2127.4,4471.7,4402.704828524145,4543.942175108258,4473.323501816201,1.6235018162014967
TR-043923,2025-10-05,october,Dry Van,421.3,960.58,940.1100681828161,950.2457011497643,945.1778846662902,15.402115333709844
TR-043924,2025-10-05,october,Dry Van,305.9,742.04,758.6183715567724,749.2561946586725,753.9372831077225,11.897283107722501
TR-043925,2025-10-05,october,Dry Van,1122.7,2256.96,2152.8965284035608,2189.7852067201648,2171.340867561863,85.61913243813706
TR-043926,2025-10-05,october,Dry Van,176.1,442.63,455.15123320930036,415.3174613819847,435.2343472956425,7.395652704357474
TR-043927,2025-10-05,october,Flatbed,1073.6,2343.92,2411.7896446925092,2443.390880829129,2427.5902627608193,83.67026276081924
TR-043928,2025-10-05,october,Dry Van,446.7,963.41,988.1067355953844,993.2838190283194,990.6952773118519,27.285277311851928
TR-043929,2025-10-05,october,Dry Van,586.9,1354.82,1365.5820059316745,1370.872750648404,1368.2273782900393,13.407378290039333
TR-043930,2025-10-05,october,Dry Van,891.6,1881.9,1851.3707260901758,1877.1139218020937,1864.2423239461348,17.657676053865316
TR-043931,2025-10-05,october,Flatbed,919.6,2080.68,2108.2856349241647,2148.5066716727524,2128.3961532984586,47.71615329845872
TR-043932,2025-10-05,october,Dry Van,685.1,1426.28,1445.5153431567055,1441.8366897335754,1443.6760164451405,17.396016445140503
TR-043933,2025-10-05,october,Dry Van,1214.4,2509.73,2512.6329804684874,2475.021608462763,2493.8272944656255,15.90270553437449
TR-043934,2025-10-05,october,Reefer,206.3,579.38,593.3189895290587,601.150585296584,597.2347874128213,17.854787412821338
TR-043935,2025-10-05,october,Flatbed,293.4,829.88,854.5113636973751,895.1031461994648,874.80725494842,44.92725494842
TR-043936,2025-10-05,october,Reefer,2279.4,4697.97,4627.097770764523,4687.339317238822,4657.218544001673,40.7514559983274
TR-043937,2025-10-05,october,Dry Van,1444.5,2865.78,2875.3770868066963,2859.362803073094,2867.369944939895,1.589944939894849
TR-043938,2025-10-05,october,Dry Van,1028.1,2220.22,2214.407565301849,2235.327134804489,2224.867350053169,4.647350053169248
TR-043939,2025-10-05,october,Reefer,763.2,1922.64,1964.1897447690967,1895.1175173650374,1929.6536310670672,7.013631067067081
TR-043940,2025-10-05,october,Flatbed,1738.9,3299.32,3508.5047934219224,3619.096913052862,3563.8008532373924,264.48085323739224
TR-043941,2025-10-06,october,Reefer,2201.7,4468.77,4534.023740166771,4587.43807983055,4560.7309099986605,91.9609099986601
TR-043942,2025-10-06,october,Dry Van,1023.1,2034.14,2066.011335907411,2023.2893120228823,2044.6503239651468,10.510323965146654
TR-043943,2025-10-06,october,Dry Van,1657.9,3118.92,3099.6723238083932,3155.4427930121915,3127.5575584102926,8.637558410292513
TR-043944,2025-10-06,october,Dry Van,452.9,1020.65,1019.1612620713198,1021.2389112941912,1020.2000866827555,0.44991331724452266
TR-043945,2025-10-06,october,Dry Van,2087.0,4138.77,4059.607733871656,4081.146117406932,4070.376925639294,68.39307436070658
TR-043946,2025-10-06,october,Dry Van,2091.5,4043.62,4040.9993071540157,4068.912733426305,4054.9560202901603,11.336020290160377
TR-043947,2025-10-06,october,Dry Van,729.3,1573.69,1608.1185871469236,1627.3474095757852,1617.7329983613545,44.04299836135442
TR-043948,2025-10-06,october,Dry Van,1298.2,2537.6,2631.700069456275,2671.8673215010003,2651.7836954786376,114.18369547863767
TR-043949,2025-10-06,october,Reefer,507.0,1354.69,1408.876581799198,1368.1536447300662,1388.515113264632,33.82511326463191
TR-043950,2025-10-06,october,Flatbed,775.6,1810.66,1824.8055917056565,1816.4137604218872,1820.609676063772,9.949676063771904
TR-043951,2025-10-06,october,Reefer,2555.8,5246.48,5217.79329246741,5221.47574044467,5219.63451645604,26.845483543959745
TR-043952,2025-10-06,october,Dry Van,2231.8,3971.46,4110.5731669267625,4084.2912090158175,4097.43218797129,125.97218797128971
TR-043953,2025-10-06,october,Dry Van,741.8,1552.77,1548.7048337868891,1540.9838975032496,1544.8443656450695,7.92563435493048
TR-043954,2025-10-06,october,Dry Van,235.9,624.15,612.0446152278824,624.3180438474444,618.1813295376635,5.96867046233649
TR-043955,2025-10-06,october,Dry Van,337.7,858.03,853.8319594431467,851.4139482136584,852.6229538284026,5.407046171597358
TR-043956,2025-10-06,october,Reefer,639.6,1486.69,1524.8749251462627,1544.0592425612726,1534.4670838537677,47.777083853767635
TR-043957,2025-10-06,october,Reefer,1273.2,2718.63,2744.1171957989623,2862.0678002930513,2803.0924980460068,84.46249804600666
TR-043958,2025-10-06,october,Dry Van,1310.6,2460.16,2502.0997564310105,2499.1035623095477,2500.601659370279,40.44165937027901
TR-043959,2025-10-06,october,Dry Van,410.2,947.3,956.0498359785558,955.121049080218,955.5854425293869,8.285442529386955
TR-043960,2025-10-06,october,Dry Van,260.4,618.64,632.2510978096918,604.6981059349694,618.4746018723306,0.16539812766939122
TR-043961,2025-10-06,october,Reefer,3183.4,6161.01,6038.506216562096,6200.619101792772,6119.562659177434,41.44734082256582
TR-043962,2025-10-06,october,Flatbed,376.7,946.19,994.551599787627,1009.9705829289322,1002.2610913582796,56.071091358279546
TR-043963,2025-10-06,october,Reefer,2423.6,4912.37,5053.935140843774,5044.849566174178,5049.392353508976,137.02235350897627
TR-043964,2025-10-06,october,Reefer,273.2,747.96,771.7575938684048,787.0325207011956,779.3950572848003,31.435057284800223
TR-043965,2025-10-06,october,Dry Van,2012.4,3624.9,3716.278958806211,3715.2019961211954,3715.7404774637034,90.84047746370334
TR-043966,2025-10-06,october,Reefer,901.0,2061.34,2110.2227699954046,2063.140567569318,2086.681668782361,25.341668782361012
TR-043967,2025-10-06,october,Dry Van,830.5,1761.62,1762.4847212986992,1754.6110067953143,1758.547864047007,3.072135952992994
TR-043968,2025-10-06,october,Flatbed,554.1,1293.64,1300.6959444697943,1312.2095127911093,1306.452728630452,12.81272863045183
TR-043969,2025-10-06,october,Reefer,517.6,1318.59,1331.9285473699863,1326.5443248691136,1329.23643611955,10.646436119550117
TR-043970,2025-10-06,october,Dry Van,1658.3,3182.58,3159.7892637798473,3148.487047524301,3154.138155652074,28.44184434792578
TR-043971,2025-10-06,october,Reefer,588.9,1408.96,1471.9549745347435,1461.2265114617758,1466.5907429982597,57.63074299825962
TR-043972,2025-10-06,october,Dry Van,1304.0,2653.8,2685.892400721445,2723.724808659432,2704.808604690438,51.008604690438005
TR-043973,2025-10-06,october,Dry Van,2554.5,4564.71,4626.776752375754,4597.2177252676565,4611.997238821705,47.287238821704705
TR-043974,2025-10-06,october,Dry Van,1673.7,3230.92,3150.8455199713167,3188.788397458674,3169.816958714995,61.10304128500502
TR-043975,2025-10-06,october,Dry Van,935.1,1890.03,1886.801286348167,1896.670186725048,1891.7357365366074,1.7057365366074464
TR-043976,2025-10-06,october,Dry Van,373.7,903.04,897.5673665092138,912.3787548698915,904.9730606895527,1.9330606895526898
TR-043977,2025-10-06,october,Reefer,1525.8,3330.57,3408.8021210839534,3419.46383758467,3414.1329793343116,83.56297933431142
TR-043978,2025-10-06,october,Flatbed,606.9,1290.78,1340.852775933012,1367.2637331752292,1354.0582545541206,63.27825455412062
TR-043979,2025-10-06,october,Flatbed,463.2,1136.45,1218.603345617763,1192.9658060561442,1205.7845758369535,69.33457583695349
TR-043980,2025-10-06,october,Reefer,331.3,863.94,880.9442120358212,882.9672335068701,881.9557227713457,18.015722771345622
TR-043981,2025-10-06,october,Dry Van,1251.2,2609.34,2616.245092047247,2579.8597863263053,2598.052439186776,11.28756081322399
TR-043982,2025-10-06,october,Dry Van,494.1,1061.3,1052.9023377033814,1070.8418442094194,1061.8720909564004,0.572090956400416
TR-043983,2025-10-06,october,Reefer,968.7,2172.14,2251.3362114415286,2257.6558654176256,2254.4960384295773,82.35603842957744
TR-043984,2025-10-06,october,Dry Van,130.2,363.74,391.90647573130934,396.9375209626519,394.4219983469806,30.681998346980606
TR-043985,2025-10-06,october,Reefer,1479.7,3195.86,3204.473722607837,3248.417589378737,3226.445655993287,30.585655993286764
TR-043986,2025-10-06,october,Reefer,898.3,1974.12,2097.7428636354675,2051.5110313577134,2074.62694749659,100.50694749659033
TR-043987,2025-10-06,october,Reefer,1454.0,3107.72,3187.1126817117283,3205.404858468586,3196.258770090157,88.53877009015741
TR-043988,2025-10-06,october,Flatbed,134.5,363.14,399.41754299142315,408.2914446211764,403.8544938062998,40.7144938062998
TR-043989,2025-10-06,october,Reefer,1103.6,2586.91,2548.6690362843055,2573.3262400820577,2560.9976381831816,25.912361816818247
TR-043990,2025-10-06,october,Dry Van,1103.3,2332.39,2312.86943979327,2236.029318782822,2274.4493792880457,57.940620711954125
TR-043991,2025-10-06,october,Reefer,721.1,1795.1,1886.7253985232508,1846.1167389609095,1866.42106874208,71.32106874208012
TR-043992,2025-10-06,october,Dry Van,737.8,1546.97,1536.164643444799,1573.6738963251312,1554.9192698849652,7.949269884965133
TR-043993,2025-10-06,october,Reefer,806.3,1796.04,1871.8809338453334,1885.009416606721,1878.4451752260272,82.40517522602727
TR-043994,2025-10-06,october,Reefer,427.0,1058.89,1088.6230382473066,1084.9642207031404,1086.7936294752235,27.903629475223397
TR-043995,2025-10-06,october,Reefer,1472.1,3165.13,3191.926471335621,3225.002291953505,3208.464381644563,43.33438164456311
TR-043996,2025-10-06,october,Dry Van,457.3,1067.6,1024.479803510251,1024.086294429873,1024.283048970062,43.316951029937854
TR-043997,2025-10-06,october,Flatbed,2187.0,4472.27,4507.665318720926,4647.779547989439,4577.722433355182,105.45243335518171
TR-043998,2025-10-06,october,Reefer,1604.2,3579.44,3607.085104452666,3692.039315551545,3649.5622100021055,70.12221000210548
TR-043999,2025-10-06,october,Dry Van,834.0,1662.93,1689.7636073433416,1703.1975054538675,1696.4805563986047,33.55055639860461
TR-044000,2025-10-06,october,Dry Van,3059.4,5836.48,5540.323876374512,5669.816383111904,5605.070129743208,231.4098702567917
TR-044001,2025-10-06,october,Reefer,1515.1,3215.63,3278.5688834383413,3311.014868462262,3294.791875950302,79.16187595030169
TR-044002,2025-10-06,october,Dry Van,2234.6,4373.47,4263.645713298121,4278.559844451617,4271.102778874869,102.36722112513144
TR-044003,2025-10-06,october,Dry Van,642.8,1363.25,1347.456037743158,1354.8580315547567,1351.1570346489575,12.092965351042494
TR-044004,2025-10-06,october,Dry Van,2097.2,3980.77,4003.088905986522,3990.80889267784,3996.948899332181,16.178899332181118
TR-044005,2025-10-06,october,Dry Van,1023.5,2030.02,2086.086771936143,2046.556767659992,2066.3217697980676,36.30176979806765
TR-044006,2025-10-06,october,Flatbed,2009.4,3811.81,4027.131416101628,4077.24126904892,4052.186342575274,240.37634257527407
TR-044007,2025-10-06,october,Dry Van,345.5,807.11,821.0202568871887,811.8427059780906,816.4314814326397,9.321481432639644
TR-044008,2025-10-06,october,Dry Van,360.6,905.93,907.0860157927884,896.91217449277,901.9990951427792,3.930904857220753
TR-044009,2025-10-06,october,Reefer,1155.1,2506.97,2632.9625002352345,2654.9155597003864,2643.9390299678107,136.9690299678109
TR-044010,2025-10-06,october,Reefer,92.7,291.93,278.54464570726407,364.2030107078574,321.37382820756073,29.443828207560728
TR-044011,2025-10-06,october,Flatbed,1890.8,3918.02,4011.546424716086,4135.110175051995,4073.3282998840405,155.30829988404048
TR-044012,2025-10-06,october,Reefer,2796.2,5501.66,5684.338237014721,5795.669399674704,5740.003818344712,238.34381834471242
TR-044013,2025-10-06,october,Reefer,318.3,875.47,903.2797269094133,924.6847410913856,913.9822340003994,38.51223400039942
TR-044014,2025-10-06,october,Flatbed,1052.9,2275.74,2397.842178202862,2394.3327554037323,2396.0874668032975,120.34746680329772
TR-044015,2025-10-06,october,Dry Van,663.0,337.89,1365.601995586254,1357.953637692971,1361.7778166396124,1023.8878166396124
TR-044016,2025-10-06,october,Reefer,374.0,956.77,994.1320913053349,1032.4570071853586,1013.2945492453468,56.52454924534686
TR-044017,2025-10-06,october,Dry Van,1592.3,3218.43,3202.257035101893,3201.225144308901,3201.741089705397,16.68891029460292
TR-044018,2025-10-06,october,Dry Van,872.5,1879.08,1877.1182141909471,1888.89539530182,1883.0068047463835,3.9268047463835956
TR-044019,2025-10-06,october,Dry Van,1711.4,3286.71,3334.124737835752,3289.1595932050586,3311.6421655204053,24.932165520405306
TR-044020,2025-10-06,october,Dry Van,786.3,1656.21,1652.803418875597,1656.0501845941624,1654.4268017348795,1.783198265120518
TR-044021,2025-10-06,october,Flatbed,1429.1,2929.0,3042.9748821763087,3105.190323122487,3074.082602649398,145.0826026493978
TR-044022,2025-10-06,october,Flatbed,1961.5,4098.02,4255.509169175525,4358.1293319039705,4306.819250539747,208.79925053974694
TR-044023,2025-10-06,october,Flatbed,767.0,1687.81,1771.5163883905595,1807.1821682084033,1789.3492782994813,101.53927829948134
TR-044024,2025-10-06,october,Dry Van,559.7,1235.98,1214.1305512391764,1233.172312475812,1223.6514318574941,12.328568142505901
TR-044025,2025-10-06,october,Dry Van,703.8,1504.38,1535.5303222861405,1504.587398259248,1520.0588602726943,15.678860272694237
TR-044026,2025-10-06,october,Dry Van,537.4,1204.0,1201.7731052578988,1189.7400794073865,1195.7565923326426,8.24340766735736
TR-044027,2025-10-06,october,Flatbed,412.3,1044.13,1060.9379092808028,1087.2713463042555,1074.1046277925293,29.97462779252919
TR-044028,2025-10-06,october,Dry Van,819.4,1759.53,1799.1066613605083,1784.3874421259918,1791.74705174325,32.21705174325007
TR-044029,2025-10-06,october,Flatbed,1212.8,2734.73,2791.2939081598097,2862.52129674269,2826.9076024512497,92.17760245124964
TR-044030,2025-10-06,october,Reefer,984.1,2246.92,2220.2876496684635,2259.3750160152804,2239.8313328418717,7.088667158128374
TR-044031,2025-10-06,october,Flatbed,518.2,1171.5,1258.8050446893128,1249.666494919688,1254.2357698045003,82.73576980450025
TR-044032,2025-10-06,october,Dry Van,940.5,1942.68,1952.7674270634386,1955.1417199988844,1953.9545735311615,11.274573531161423
TR-044033,2025-10-06,october,Dry Van,318.6,811.41,802.3436099110422,805.7955753247543,804.0695926178983,7.340407382101716
TR-044034,2025-10-06,october,Dry Van,920.7,1954.55,1939.145639216001,1916.351892923453,1927.748766069727,26.80123393027293
TR-044035,2025-10-06,october,Dry Van,333.9,848.67,822.2261239764697,815.6591559282831,818.9426399523763,29.72736004762362
TR-044036,2025-10-06,october,Reefer,3028.4,5870.7,5804.663845324639,6026.255750989672,5915.459798157155,44.759798157155274
TR-044037,2025-10-06,october,Dry Van,1255.0,2574.17,2595.5591527383986,2631.361438884367,2613.460295811383,39.29029581138275
TR-044038,2025-10-06,october,Dry Van,1113.4,2346.53,2348.2026367421986,2323.680458538357,2335.941547640278,10.588452359722396
TR-044039,2025-10-06,october,Reefer,1102.7,2491.67,2539.03486652198,2509.6028821249233,2524.3188743234514,32.64887432345131
TR-044040,2025-10-06,october,Dry Van,1992.9,3773.44,3742.8727524122655,3782.243035738803,3762.557894075534,10.882105924466032
TR-044041,2025-10-06,october,Dry Van,893.1,1856.42,1883.1971961434733,1887.4074910923973,1885.3023436179353,28.88234361793525
TR-044042,2025-10-06,october,Dry Van,768.7,1532.18,1553.258106394328,1529.4159370757693,1541.3370217350487,9.157021735048602
TR-044043,2025-10-06,october,Reefer,114.4,350.78,386.8935309878047,407.0148117485112,396.954171368158,46.174171368158
TR-044044,2025-10-06,october,Reefer,1584.8,3533.81,3554.286196712092,3575.425352692238,3564.855774702165,31.04577470216509
TR-044045,2025-10-06,october,Dry Van,2047.2,3900.6,3830.185481858546,3820.1181498403416,3825.1518158494437,75.44818415055624
TR-044046,2025-10-06,october,Reefer,1030.7,2340.45,2381.064353659789,2441.041169018051,2411.05276133892,70.60276133892012
TR-044047,2025-10-06,october,Dry Van,172.1,474.64,465.74821745783936,474.24235535620574,469.99528640702255,4.644713592977439
TR-044048,2025-10-06,october,Dry Van,2960.9,5573.55,5476.276181047627,5608.297737160559,5542.286959104093,31.26304089590758
TR-044049,2025-10-06,october,Dry Van,360.6,864.11,846.6761632088133,859.2411877654813,852.9586754871473,11.151324512852739
TR-044050,2025-10-06,october,Dry Van,1144.7,2352.33,2347.822891266271,2311.485213197385,2329.6540522318282,22.67594776817168
TR-044051,2025-10-06,october,Dry Van,744.4,1676.58,1580.5914590105006,1624.158889465959,1602.3751742382296,74.20482576177028
TR-044052,2025-10-06,october,Dry Van,324.7,784.02,798.7927938353188,781.7742949312944,790.2835443833067,6.26354438330668
TR-044053,2025-10-06,october,Reefer,318.2,891.23,906.2222281161813,904.4648181013663,905.3435231087738,14.113523108773734
TR-044054,2025-10-06,october,Flatbed,249.5,610.58,668.963491015014,660.4446351119927,664.7040630635033,54.124063063503286
TR-044055,2025-10-06,october,Flatbed,2107.1,4116.8,4225.436486395789,4306.379934633785,4265.908210514786,149.10821051478615
TR-044056,2025-10-06,october,Reefer,530.7,1320.52,1387.088701530874,1357.4071208778676,1372.2479112043707,51.727911204370685
TR-044057,2025-10-06,october,Reefer,824.7,1877.91,1959.725519562958,1936.4034233717534,1948.0644714673558,70.15447146735573
TR-044058,2025-10-06,october,Dry Van,1372.5,2863.58,2847.406607136894,2731.9583370874434,2789.6824721121684,73.89752788783153
TR-044059,2025-10-06,october,Flatbed,1009.0,2169.35,2266.8167965371567,2265.2592185005237,2266.0380075188405,96.68800751884055
TR-044060,2025-10-06,october,Dry Van,953.5,1929.48,1908.1920104022906,1908.0341836924179,1908.1130970473541,21.366902952645887
TR-044061,2025-10-06,october,Dry Van,591.0,1203.53,1242.45261511955,1255.674337069426,1249.0634760944881,45.53347609448815
TR-044062,2025-10-06,october,Dry Van,1361.8,2541.47,2525.8492293116756,2542.077967772771,2533.9635985422233,7.506401457776519
TR-044063,2025-10-06,october,Dry Van,233.1,626.22,615.4869284079575,631.9596118672807,623.7232701376191,2.496729862380903
TR-044064,2025-10-06,october,Flatbed,827.8,1779.27,1811.52003467479,1849.345525988335,1830.4327803315625,51.162780331562544
TR-044065,2025-10-06,october,Flatbed,360.7,882.45,925.5358800149409,907.477129061461,916.5065045382009,34.0565045382009
TR-044066,2025-10-06,october,Reefer,1230.0,2885.04,2896.6308854687477,2907.8797946895256,2902.2553400791367,17.215340079136695
TR-044067,2025-10-06,october,Dry Van,779.4,1687.5,1657.524314902188,1675.8297626452018,1666.677038773695,20.822961226305097
TR-044068,2025-10-06,october,Dry Van,1561.0,3118.32,3081.7723674072113,3120.5846460578523,3101.178506732532,17.141493267468377
TR-044069,2025-10-06,october,Dry Van,1211.0,2401.07,2398.726531950947,2436.9059668088294,2417.816249379888,16.746249379888013
TR-044070,2025-10-06,october,Dry Van,429.3,969.91,1001.6126618502879,987.7410892173029,994.6768755337954,24.766875533795428
TR-044071,2025-10-06,october,Flatbed,1675.0,3518.03,3671.4715356090446,3810.0690948556703,3740.7703152323575,222.74031523235726
TR-044072,2025-10-06,october,Flatbed,673.3,1636.43,1690.1562548230447,1645.1624900606005,1667.6593724418226,31.229372441822534
TR-044073,2025-10-06,october,Dry Van,2631.3,4831.89,4766.294745866224,4682.945474676719,4724.620110271471,107.26988972852905
TR-044074,2025-10-06,october,Dry Van,2148.6,4100.88,4132.003863117869,4062.3645796671735,4097.184221392521,3.695778607479042
TR-044075,2025-10-06,october,Dry Van,2276.9,4337.77,4304.069491460149,4272.085238095243,4288.077364777696,49.69263522230449
TR-044076,2025-10-06,october,Dry Van,995.4,1872.82,1909.6443899030173,1916.7692305844357,1913.2068102437265,40.386810243726586
TR-044077,2025-10-06,october,Reefer,1131.3,2474.26,2565.9514575314956,2597.9228299517326,2581.937143741614,107.67714374161369
TR-044078,2025-10-06,october,Dry Van,369.0,867.2,860.678699292206,877.2614908558871,868.9700950740466,1.7700950740465942
TR-044079,2025-10-06,october,Dry Van,217.4,561.58,546.9844005629428,550.8610242653788,548.9227124141607,12.657287585839299
TR-044080,2025-10-06,october,Dry Van,363.9,880.74,869.8017424652431,872.5241077207436,871.1629250929934,9.57707490700659
TR-044081,2025-10-06,october,Flatbed,712.2,1607.56,1727.9859262576476,1741.4585366942042,1734.722231475926,127.16223147592609
TR-044082,2025-10-06,october,Flatbed,202.9,568.52,593.4368091613167,615.0089991390196,604.2229041501681,35.70290415016814
TR-044083,2025-10-06,october,Dry Van,236.3,595.93,592.6469662509522,581.1324447351903,586.8897054930712,9.040294506928717
TR-044084,2025-10-06,october,Reefer,692.0,1612.8,1634.1159211207153,1630.0502506744106,1632.0830858975628,19.28308589756284
TR-044085,2025-10-06,october,Dry Van,117.1,309.64,355.92841719811,328.84608190934114,342.3872495537256,32.747249553725624
TR-044086,2025-10-06,october,Reefer,1465.9,3379.8,3345.0769428596004,3333.9278264984505,3339.5023846790255,40.29761532097473
TR-044087,2025-10-06,october,Flatbed,1778.3,3604.59,3717.9447739604525,3772.7472222927536,3745.3459981266033,140.75599812660312
TR-044088,2025-10-06,october,Dry Van,1922.2,3621.3,3523.743887342043,3636.980500419334,3580.362193880688,40.93780611931197
TR-044089,2025-10-06,october,Dry Van,1862.5,3520.84,3499.2017555550656,3532.2353605137814,3515.7185580344235,5.1214419655766505
TR-044090,2025-10-06,october,Flatbed,910.8,1865.44,1881.0776762873618,1936.9922145008122,1909.0349453940871,43.59494539408706
TR-044091,2025-10-06,october,Dry Van,2087.3,3796.72,3794.9187477968153,3767.3818621451583,3781.150304970987,15.569695029013019
TR-044092,2025-10-06,october,Dry Van,1780.3,3400.27,3464.819942211854,3460.1248139929485,3462.4723781024013,62.202378102401326
TR-044093,2025-10-06,october,Dry Van,242.1,641.14,623.3251567928568,641.5693110921761,632.4472339425165,8.692766057483482
TR-044094,2025-10-07,october,Dry Van,1898.8,3521.79,3530.636579464004,3542.68112564532,3536.658852554662,14.868852554662226
TR-044095,2025-10-07,october,Dry Van,481.3,1081.64,1063.2067933384694,1032.997276343087,1048.1020348407783,33.53796515922181
TR-044096,2025-10-07,october,Dry Van,2019.8,4002.03,3953.474994217044,3928.8001999730564,3941.1375970950503,60.892402904949904
TR-044097,2025-10-07,october,Reefer,1691.0,3613.18,3605.181880331693,3586.33511780412,3595.758499067906,17.42150093209375
TR-044098,2025-10-07,october,Reefer,406.6,1129.78,1152.168062162171,1167.7209634987971,1159.9445128304842,30.164512830484227
TR-044099,2025-10-07,october,Dry Van,195.7,543.25,555.7355770475172,534.9055996040031,545.3205883257601,2.070588325760127
TR-044100,2025-10-07,october,Dry Van,512.9,1191.94,1215.1957553287436,1210.1142262622916,1212.6549907955177,20.71499079551768
TR-044101,2025-10-07,october,Flatbed,528.9,1221.71,1314.8117901051908,1296.8732895935611,1305.842539849376,84.13253984937592
TR-044102,2025-10-07,october,Dry Van,379.6,941.96,941.8511536196856,962.2790116408419,952.0650826302638,10.105082630263723
TR-044103,2025-10-07,october,Dry Van,310.3,810.34,836.3034994483395,804.9796078836318,820.6415536659856,10.30155366598558
TR-044104,2025-10-07,october,Dry Van,3185.8,5766.93,5533.735590305809,5598.215196186991,5565.9753932464,200.95460675360027
TR-044105,2025-10-07,october,Reefer,1913.4,4281.85,4222.207971682354,4294.001699055655,4258.104835369004,23.74516463099644
TR-044106,2025-10-07,october,Dry Van,164.7,417.09,434.3906273909547,426.66835306194434,430.5294902264495,13.43949022644955
TR-044107,2025-10-07,october,Dry Van,556.5,1254.51,1235.087346469682,1269.4128297328657,1252.2500881012738,2.259911898726159
TR-044108,2025-10-07,october,Dry Van,135.8,347.21,358.93658099794453,361.3630412057016,360.14981110182305,12.939811101823068
TR-044109,2025-10-07,october,Reefer,1093.9,2628.55,2666.6790313369606,2644.4439261065663,2655.5614787217637,27.011478721763524
TR-044110,2025-10-07,october,Dry Van,2202.0,4005.12,4009.9820250949556,4007.202098314029,4008.592061704492,3.472061704492262
TR-044111,2025-10-07,october,Reefer,2021.5,4566.62,4474.15483766018,4542.731223199511,4508.443030429846,58.17696957015414
TR-044112,2025-10-07,october,Dry Van,137.8,378.59,379.18526194228394,380.07044701216864,379.62785447722626,1.0378544772262899
TR-044113,2025-10-07,october,Reefer,970.7,2202.48,2274.917429842365,2273.6806365962757,2274.2990332193203,71.81903321932032
TR-044114,2025-10-07,october,Dry Van,180.7,467.61,476.79868271994815,473.9541574583925,475.3764200891703,7.76642008917031
TR-044115,2025-10-07,october,Reefer,525.1,1276.25,1312.7611209847828,1286.354984265338,1299.5580526250606,23.308052625060554
TR-044116,2025-10-07,october,Dry Van,721.4,1459.87,1475.3618011258582,1485.5263790661943,1480.4440900960262,20.57409009602634
TR-044117,2025-10-07,october,Flatbed,2267.3,4654.5,4537.272905239782,4624.07538594483,4580.674145592306,73.82585440769435
TR-044118,2025-10-07,october,Dry Van,755.2,1495.33,1502.6215802796578,1504.833314918236,1503.727447598947,8.39744759894711
TR-044119,2025-10-07,october,Flatbed,1149.8,2550.13,2633.4352512814203,2655.4929132857014,2644.464082283561,94.33408228356075
TR-044120,2025-10-07,october,Dry Van,3162.1,5368.81,5431.765004203241,5435.756698007512,5433.760851105377,64.95085110537639
TR-044121,2025-10-07,october,Flatbed,309.7,764.04,806.264862712158,801.6899416475376,803.9774021798478,39.93740217984782
TR-044122,2025-10-07,october,Reefer,2221.3,4560.49,4596.488974973324,4655.394836596636,4625.94190578498,65.45190578498023
TR-044123,2025-10-07,october,Reefer,1003.3,2492.07,2467.806284782942,2435.029860975331,2451.418072879136,40.651927120864
TR-044124,2025-10-07,october,Dry Van,1927.0,3882.76,3865.4669943786007,3881.7427924986614,3873.604893438631,9.155106561369394
TR-044125,2025-10-07,october,Dry Van,609.2,1329.78,1336.322218841387,1319.248235184803,1327.785227013095,1.9947729869049908
TR-044126,2025-10-07,october,Reefer,1780.3,3987.15,3897.579551815722,3933.7270588955976,3915.6533053556595,71.49669464434055
TR-044127,2025-10-07,october,Dry Van,1031.1,2199.94,2182.1344986566405,2196.316025842151,2189.2252622493957,10.7147377506044
TR-044128,2025-10-07,october,Flatbed,2803.0,5209.11,5210.612648288973,5495.944443009841,5353.2785456494075,144.16854564940786
TR-044129,2025-10-07,october,Reefer,1429.7,3013.41,3084.225243249757,3119.5211812307334,3101.8732122402453,88.46321224024541
TR-044130,2025-10-07,october,Dry Van,2148.6,3930.32,3988.3436192636277,3992.076486645642,3990.210052954635,59.89005295463494
TR-044131,2025-10-07,october,Dry Van,466.3,1076.93,1061.9096368187923,1057.8368555478328,1059.8732461833124,17.05675381668766
TR-044132,2025-10-07,october,Dry Van,1206.8,2481.63,2495.3514218078767,2519.2992681912565,2507.3253449995664,25.69534499956626
TR-044133,2025-10-07,october,Dry Van,1197.8,2596.05,2558.1083649092793,2513.1236057990027,2535.6159853541412,60.43401464585895
TR-044134,2025-10-07,october,Reefer,483.1,1188.47,1241.3471509265696,1250.6225187491495,1245.9848348378596,57.51483483785955
TR-044135,2025-10-07,october,Reefer,334.0,872.03,891.2786541414586,874.7860040674936,883.032329104476,11.002329104476075
TR-044136,2025-10-07,october,Flatbed,909.8,2120.59,2200.0885016479374,2207.3704383065487,2203.729469977243,83.1394699772427
TR-044137,2025-10-07,october,Dry Van,1838.4,3521.73,3551.667152967729,3532.4670826237225,3542.0671177957256,20.33711779572559
TR-044138,2025-10-07,october,Dry Van,1221.6,2442.27,2357.6577548165615,2362.878695580735,2360.268225198648,82.00177480135198
TR-044139,2025-10-07,october,Dry Van,1990.5,3713.4,3679.2351927592895,3696.7411803940154,3687.9881865766524,25.411813423347667
TR-044140,2025-10-07,october,Dry Van,143.8,383.5,368.99649829850136,399.1072690730264,384.05188368576387,0.5518836857638689
TR-044141,2025-10-07,october,Dry Van,1601.8,3098.51,3089.905001677528,3102.3562875235457,3096.130644600537,2.379355399463293
TR-044142,2025-10-07,october,Flatbed,925.0,1996.97,2051.888850755798,2077.9643073794605,2064.926579067629,67.95657906762904
TR-044143,2025-10-07,october,Dry Van,1764.6,3494.0,3507.496092977566,3455.524831809181,3481.5104623933735,12.489537606626527
TR-044144,2025-10-07,october,Flatbed,395.6,950.43,999.235958264718,995.5470062031209,997.3914822339194,46.96148223391947
TR-044145,2025-10-07,october,Dry Van,1290.6,2486.75,2554.889985625134,2531.9583155436185,2543.4241505843765,56.67415058437655
TR-044146,2025-10-07,october,Flatbed,2526.2,4845.95,4902.326707789301,5066.631423174776,4984.479065482038,138.52906548203828
TR-044147,2025-10-07,october,Reefer,2336.4,5058.57,5022.104268143167,5112.309936351145,5067.2071022471555,8.63710224715578
TR-044148,2025-10-07,october,Dry Van,2943.1,5346.93,5465.838749039968,5440.944127789975,5453.391438414972,106.46143841497178
TR-044149,2025-10-07,october,Reefer,1562.1,3549.06,3547.501026882551,3535.504866830425,3541.502946856488,7.557053143511894
TR-044150,2025-10-07,october,Dry Van,1072.7,2303.95,2320.056716207153,2305.0822404665387,2312.569478336846,8.619478336845987
TR-044151,2025-10-07,october,Reefer,1231.0,2964.61,2897.3424415832833,2902.0100046519647,2899.676223117624,64.93377688237615
TR-044152,2025-10-07,october,Dry Van,1778.0,3303.47,3345.1853071793407,3295.2585998929912,3320.221953536166,16.751953536166184
TR-044153,2025-10-07,october,Dry Van,380.5,910.55,889.0515664115974,907.6746916045174,898.3631290080574,12.186870991942556
TR-044154,2025-10-07,october,Dry Van,796.6,1743.43,1730.830328062497,1745.4983196272506,1738.1643238448737,5.265676155126357
TR-044155,2025-10-07,october,Dry Van,485.3,1101.55,1106.7412848751808,1112.095131115365,1109.418207995273,7.868207995272996
TR-044156,2025-10-07,october,Dry Van,650.3,1525.43,1480.2797758422123,1483.2387955769864,1481.7592857095992,43.67071429040084
TR-044157,2025-10-07,october,Flatbed,711.8,1554.33,1574.4993163527758,1614.5939808126943,1594.546648582735,40.21664858273516
TR-044158,2025-10-07,october,Dry Van,1189.0,2448.67,2474.2420393563943,2456.3381847160977,2465.290112036246,16.6201120362457
TR-044159,2025-10-07,october,Dry Van,2010.4,3635.27,3639.859455396008,3631.5967932579556,3635.7281243269817,0.45812432698176053
TR-044160,2025-10-07,october,Flatbed,1363.3,3181.62,3081.6561010593095,3191.0146218482028,3136.3353614537564,45.284638546243514
TR-044161,2025-10-07,october,Dry Van,806.2,1778.31,1748.490407344838,1793.5614447604148,1771.0259260526263,7.284073947373599
TR-044162,2025-10-07,october,Flatbed,1189.2,8425.34,2642.9609050746285,2668.5158009690026,2655.738353021816,5769.601646978184
TR-044163,2025-10-07,october,Dry Van,1461.7,2928.06,2979.8760302109845,3038.0231722459866,3008.9496012284853,80.88960122848539
TR-044164,2025-10-07,october,Dry Van,3071.7,5768.57,5675.743437503912,5745.730451077859,5710.736944290886,57.83305570911398
TR-044165,2025-10-07,october,Dry Van,1674.0,3282.71,3239.8374041281536,3245.0842625319465,3242.4608333300503,40.24916666994977
TR-044166,2025-10-07,october,Dry Van,1858.7,3603.1,3648.611824042959,3678.0291365034445,3663.3204802732016,60.2204802732017
TR-044167,2025-10-07,october,Dry Van,1576.8,3028.7,3006.3263653891127,3040.9058218539467,3023.6160936215297,5.083906378470147
TR-044168,2025-10-07,october,Reefer,2002.6,4204.74,4249.260486527388,4233.370096104274,4241.315291315831,36.57529131583124
TR-044169,2025-10-07,october,Reefer,1864.5,4287.51,4177.016505159977,4238.634715127906,4207.825610143942,79.68438985605826
TR-044170,2025-10-07,october,Reefer,829.8,2085.87,2135.677027994544,2088.2096671697095,2111.943347582127,26.0733475821271
TR-044171,2025-10-07,october,Dry Van,969.1,2005.58,1981.7166580923126,1985.3956435757586,1983.5561508340356,22.023849165964293
TR-044172,2025-10-07,october,Flatbed,1032.3,2142.38,2223.9294294367423,2285.6227188799035,2254.776074158323,112.39607415832279
TR-044173,2025-10-07,october,Reefer,507.7,1277.52,1290.735717328435,1297.2243009821086,1293.9800091552718,16.46000915527179
TR-044174,2025-10-07,october,Dry Van,841.7,1734.56,1747.0048043841368,1808.2275742298455,1777.6161893069911,43.0561893069912
TR-044175,2025-10-07,october,Reefer,2362.6,4817.58,4860.572044853805,4980.703441465603,4920.637743159704,103.05774315970393
TR-044176,2025-10-07,october,Flatbed,796.6,463.05,1815.65458303247,1868.7797251912152,1842.2171541118428,1379.1671541118428
TR-044177,2025-10-07,october,Reefer,925.2,2293.83,2314.6127973304565,2311.457163910076,2313.034980620266,19.20498062026627
TR-044178,2025-10-07,october,Flatbed,2101.9,4489.14,4347.064452621564,4499.221362304206,4423.142907462885,65.99709253711535
TR-044179,2025-10-07,october,Dry Van,285.5,713.84,689.1892039514564,669.7529016061098,679.4710527787831,34.3689472212169
TR-044180,2025-10-07,october,Reefer,647.2,1671.84,1685.6921262457672,1699.0517541542513,1692.3719402000092,20.53194020000933
TR-044181,2025-10-07,october,Dry Van,1160.7,2193.1,2332.2896322924194,2319.7047893082113,2325.9972108003153,132.8972108003154
TR-044182,2025-10-07,october,Reefer,1072.1,2518.87,2540.788782999128,2579.203427649347,2559.9961053242378,41.12610532423787
TR-044183,2025-10-07,october,Reefer,467.6,1147.73,1203.9128479041938,1188.410841837339,1196.1618448707663,48.43184487076633
TR-044184,2025-10-07,october,Flatbed,1030.0,2193.67,2337.574882123057,2370.6119644132905,2354.093423268174,160.4234232681738
TR-044185,2025-10-07,october,Dry Van,312.4,777.68,808.5382309561905,798.3883604984956,803.463295727343,25.783295727343102
TR-044186,2025-10-07,october,Dry Van,1510.6,2903.55,2848.1843674584957,2859.8727140463925,2854.0285407524443,49.52145924755587
TR-044187,2025-10-07,october,Dry Van,468.8,1013.2,1035.6630691973985,1013.4668964139993,1024.564982805699,11.3649828056989
TR-044188,2025-10-07,october,Flatbed,696.1,1561.6,1623.76843919782,1620.942582169584,1622.355510683702,60.75551068370214
TR-044189,2025-10-07,october,Reefer,2278.1,4752.22,4720.146632973141,4770.245090305172,4745.195861639157,7.024138360843608
TR-044190,2025-10-07,october,Flatbed,530.4,1234.37,1326.9221591489536,1279.399230353118,1303.1606947510359,68.79069475103597
TR-044191,2025-10-07,october,Dry Van,742.6,1460.12,1465.0094659092479,1469.1438846090668,1467.0766752591574,6.956675259157464
TR-044192,2025-10-07,october,Dry Van,986.1,2074.22,2045.4244920155963,2045.7140736296317,2045.569282822614,28.650717177385786
TR-044193,2025-10-07,october,Dry Van,1910.9,3829.1,3765.252479173237,3817.1455816304006,3791.199030401819,37.900969598180836
TR-044194,2025-10-07,october,Dry Van,296.0,760.31,753.3506707624992,746.4521119117421,749.9013913371207,10.40860866287926
TR-044195,2025-10-07,october,Dry Van,644.8,1451.78,1446.6947734048317,1449.7988100795433,1448.2467917421875,3.5332082578124755
TR-044196,2025-10-07,october,Dry Van,490.9,1086.79,1094.0709669802382,1078.2020598405024,1086.1365134103703,0.6534865896296651
TR-044197,2025-10-07,october,Reefer,1621.3,3527.99,3567.667484568671,3606.440271874083,3587.053878221377,59.06387822137731
TR-044198,2025-10-07,october,Flatbed,439.4,1109.09,1138.421680492218,1163.2976723338738,1150.859676413046,41.769676413046
TR-044199,2025-10-07,october,Dry Van,217.4,600.81,584.4318056933954,578.9642027901757,581.6980042417856,19.111995758214334
TR-044200,2025-10-07,october,Dry Van,1128.4,2342.36,2424.675962058618,2410.0825185854706,2417.379240322044,75.01924032204397
TR-044201,2025-10-07,october,Reefer,2452.9,5264.82,5237.566031766419,5380.194687332929,5308.880359549674,44.060359549674104
TR-044202,2025-10-07,october,Dry Van,388.5,934.61,949.4663608307164,924.9717508456199,937.2190558381682,2.6090558381681603
TR-044203,2025-10-07,october,Dry Van,1812.5,3669.51,3615.476806694982,3538.5063913816016,3576.9915990382915,92.51840096170872
TR-044204,2025-10-07,october,Dry Van,730.7,1561.47,1530.5485838964244,1541.4180481907947,1535.9833160436096,25.48668395639038
TR-044205,2025-10-07,october,Reefer,107.4,343.65,357.52612900734385,388.97627600372743,373.2512025055356,29.60120250553564
TR-044206,2025-10-07,october,Dry Van,422.7,1050.79,1068.7153801056434,1048.5012900884053,1058.6083350970243,7.818335097024374
TR-044207,2025-10-07,october,Reefer,764.8,1843.82,1871.6649352607683,1877.1990761640484,1874.4320057124082,30.61200571240829
TR-044208,2025-10-07,october,Dry Van,254.9,646.5,650.2125723512639,635.7151243761361,642.9638483637,3.536151636300019
TR-044209,2025-10-07,october,Flatbed,2819.1,5552.48,5576.506359291522,5723.4778214004145,5649.992090345968,97.51209034596832
TR-044210,2025-10-07,october,Reefer,772.2,1769.05,1872.972867695047,1861.902965121006,1867.4379164080265,98.38791640802651
TR-044211,2025-10-07,october,Reefer,946.5,2209.39,2155.258222137889,2235.7556982305296,2195.506960184209,13.883039815790653
TR-044212,2025-10-07,october,Flatbed,545.6,1246.09,1266.1328793067355,1271.569509709685,1268.8511945082103,22.761194508210338
TR-044213,2025-10-07,october,Dry Van,488.3,1148.19,1172.264126905035,1158.459361690097,1165.361744297566,17.171744297565965
TR-044214,2025-10-07,october,Flatbed,1199.2,2411.14,2546.193863556336,2515.8151147562708,2531.0044891563034,119.86448915630353
TR-044215,2025-10-07,october,Dry Van,1770.0,725.75,3412.048316584989,3382.2273978625653,3397.1378572237772,2671.3878572237772
TR-044216,2025-10-07,october,Dry Van,780.2,1548.72,1565.1520280368236,1563.9163748019855,1564.5342014194046,15.814201419404526
TR-044217,2025-10-07,october,Dry Van,1263.9,2462.56,2449.427418221826,2458.003417436139,2453.7154178289825,8.844582171017464
TR-044218,2025-10-07,october,Flatbed,502.8,1145.57,1247.4745010993497,1240.1779469970256,1243.8262240481877,98.25622404818773
TR-044219,2025-10-07,october,Dry Van,444.6,1054.4,1063.3211652468428,1057.4312371729782,1060.3762012099105,5.976201209910414
TR-044220,2025-10-07,october,Dry Van,1659.3,3137.27,3127.3954200262638,3157.3262522824125,3142.3608361543384,5.090836154338376
TR-044221,2025-10-07,october,Flatbed,1383.6,2978.41,2999.3372382602734,2993.99270638964,2996.6649723249566,18.254972324956725
TR-044222,2025-10-07,october,Reefer,1414.1,3087.54,3183.45897147551,3239.745224895984,3211.6020981857473,124.06209818574735
TR-044223,2025-10-07,october,Flatbed,2036.2,4294.78,4338.525156923023,4390.689659800269,4364.607408361646,69.82740836164612
TR-044224,2025-10-07,october,Dry Van,2032.0,3853.42,3804.711145850524,3836.204089570375,3820.4576177104495,32.96238228955053
TR-044225,2025-10-07,october,Dry Van,564.5,1195.74,1195.2057850871122,1210.4209282586812,1202.8133566728966,7.07335667289658
TR-044226,2025-10-07,october,Dry Van,1046.8,2100.06,2112.2151296181887,2122.2931998338768,2117.2541647260327,17.194164726032795
TR-044227,2025-10-07,october,Reefer,1063.1,2338.11,2444.7574447729653,2422.405291889228,2433.5813683310967,95.47136833109653
TR-044228,2025-10-07,october,Flatbed,412.4,981.78,1037.145010551012,1054.3574335840144,1045.7512220675133,63.97122206751328
TR-044229,2025-10-07,october,Reefer,377.7,979.31,995.2713571257788,973.5412338064268,984.4062954661028,5.096295466102902
TR-044230,2025-10-07,october,Dry Van,804.4,1628.75,1643.7705611789736,1681.1672581592952,1662.4689096691345,33.71890966913452
TR-044231,2025-10-07,october,Reefer,1109.9,2527.69,2600.3679771119664,2600.006507134605,2600.1872421232856,72.49724212328556
TR-044232,2025-10-07,october,Dry Van,1542.6,2997.84,2902.560216771737,2873.311483835918,2887.9358503038275,109.90414969617268
TR-044233,2025-10-07,october,Reefer,1456.7,2996.55,3117.5998650864713,3631.386545848542,3374.4932054675064,377.94320546750623
TR-044234,2025-10-07,october,Flatbed,810.3,1751.13,1799.1966707148615,1852.1679652878338,1825.6823180013475,74.55231800134743
TR-044235,2025-10-07,october,Dry Van,806.6,1697.88,1711.3190111376255,1737.8769174662548,1724.59796430194,26.7179643019399
TR-044236,2025-10-07,october,Reefer,850.4,2134.87,2224.7521524980807,2153.6361095902366,2189.194131044159,54.324131044159
TR-044237,2025-10-07,october,Dry Van,1466.4,2838.8,2845.752523931338,2825.190507440306,2835.471515685822,3.3284843141782403
TR-044238,2025-10-07,october,Dry Van,655.9,1458.81,1452.1438146872968,1448.464786898083,1450.30430079269,8.505699207310045
TR-044239,2025-10-07,october,Dry Van,294.4,798.7,800.5075744181032,802.9306732138084,801.7191238159558,3.019123815955709
TR-044240,2025-10-07,october,Reefer,1320.6,2936.32,2938.668674333798,2882.274154375052,2910.471414354425,25.848585645574985
TR-044241,2025-10-07,october,Dry Van,387.5,896.02,897.9959093057896,890.9311194152563,894.4635143605229,1.5564856394770459
TR-044242,2025-10-07,october,Flatbed,801.2,1807.79,1854.0057083041718,1913.053557426526,1883.529632865349,75.739632865349
TR-044243,2025-10-07,october,Dry Van,911.5,1912.19,1887.1110576586098,1875.0828995386464,1881.096978598628,31.09302140137197
TR-044244,2025-10-07,october,Reefer,2259.0,4914.48,4785.712549695787,4845.859649173296,4815.786099434541,98.69390056545853
TR-044245,2025-10-07,october,Flatbed,530.4,1341.93,1409.1112318292728,1360.6878862867652,1384.899559058019,42.96955905801883
TR-044246,2025-10-07,october,Dry Van,2427.0,4578.11,4498.256282448232,4513.755201046283,4506.005741747258,72.1042582527416
TR-044247,2025-10-07,october,Flatbed,894.7,1934.91,1979.4315690435637,1996.4582193322387,1987.9448941879014,53.03489418790127
TR-044248,2025-10-07,october,Flatbed,2058.0,4255.76,4205.398535557077,4345.840150836133,4275.619343196605,19.85934319660464
TR-044249,2025-10-07,october,Dry Van,2896.8,5055.75,5024.611815152242,5051.712977810381,5038.162396481312,17.58760351868841
TR-044250,2025-10-07,october,Dry Van,1706.7,3200.14,3170.940126264891,3236.546248101089,3203.7431871829904,3.603187182990496
TR-044251,2025-10-07,october,Reefer,1231.4,2812.67,2917.776877963652,2898.3419912152494,2908.0594345894506,95.3894345894505
TR-044252,2025-10-07,october,Dry Van,469.9,1139.45,1123.7693912455657,1113.9871065108982,1118.878248878232,20.571751121768102
TR-044253,2025-10-07,october,Dry Van,2754.5,4886.24,4984.775397326366,4839.174469302118,4911.974933314243,25.73493331424288
TR-044254,2025-10-07,october,Dry Van,651.9,1369.5,1367.7823079998677,1342.4737010365066,1355.128004518187,14.371995481812974
TR-044255,2025-10-07,october,Dry Van,1197.9,2443.14,2439.3787841886306,2373.220180226168,2406.2994822073993,36.84051779260062
TR-044256,2025-10-07,october,Dry Van,1761.5,3332.67,3345.4797176792326,3411.9237746859712,3378.7017461826017,46.03174618260164
TR-044257,2025-10-07,october,Reefer,1578.1,3461.27,3438.502629647053,3446.0827625086185,3442.292696077836,18.977303922164083
TR-044258,2025-10-07,october,Dry Van,1504.1,3016.26,3079.2949352165806,3018.422832952595,3048.8588840845878,32.59888408458755
TR-044259,2025-10-07,october,Dry Van,1300.1,2714.39,2642.71738103173,2663.0262984581964,2652.871839744963,61.518160255036946
TR-044260,2025-10-08,october,Reefer,2558.4,5189.95,5301.942385642895,5386.392843793954,5344.167614718424,154.21761471842456
TR-044261,2025-10-08,october,Reefer,3008.3,6037.04,6008.410081454634,6135.031707739163,6071.720894596898,34.680894596897815
TR-044262,2025-10-08,october,Reefer,1484.5,3142.74,3185.4443636163082,3091.7663171010645,3138.6053403586866,4.134659641313192
TR-044263,2025-10-08,october,Reefer,297.7,855.24,869.2121034728691,865.5588967337687,867.3855001033189,12.14550010331891
TR-044264,2025-10-08,october,Dry Van,406.1,950.68,981.5792504429797,966.2648139607309,973.9220322018552,23.242032201855295
TR-044265,2025-10-08,october,Dry Van,429.3,1071.43,1058.6737163234227,1063.1216459824211,1060.897681152922,10.532318847078159
TR-044266,2025-10-08,october,Dry Van,741.1,1578.75,1551.700062984566,1585.9137009899916,1568.8068819872788,9.943118012721243
TR-044267,2025-10-08,october,Dry Van,686.6,1441.53,1459.1217867088499,1464.518595490285,1461.8201910995674,20.290191099567437
TR-044268,2025-10-08,october,Dry Van,2492.6,14425.42,4373.871788793464,4436.5713306827665,4405.221559738115,10020.198440261885
TR-044269,2025-10-08,october,Dry Van,651.6,1423.7,1420.5867886392778,1417.2984802208234,1418.9426344300505,4.75736556994957
TR-044270,2025-10-08,october,Reefer,1263.1,3015.04,2992.9622331796727,3112.76386970386,3052.8630514417664,37.82305144176644
TR-044271,2025-10-08,october,Reefer,652.1,313.15,1575.0295599712829,1554.9783922472966,1565.0039761092899,1251.8539761092898
TR-044272,2025-10-08,october,Reefer,1293.6,3157.99,3091.5835816122303,3167.950898087492,3129.767239849861,28.222760150138583
TR-044273,2025-10-08,october,Dry Van,2470.5,4227.08,4357.411291354178,4358.723244518851,4358.067267936514,130.9872679365144
TR-044274,2025-10-08,october,Dry Van,74.7,222.72,234.81336955865973,233.81086629980814,234.31211792923392,11.592117929233922
TR-044275,2025-10-08,october,Dry Van,531.5,1222.99,1222.4990483259185,1232.4764781042538,1227.487763215086,4.4977632150860245
TR-044276,2025-10-08,october,Dry Van,1119.0,2211.67,2190.0680801235376,2151.6095725304717,2170.8388263270044,40.83117367299565
TR-044277,2025-10-08,october,Reefer,345.2,895.44,949.4211713993803,934.2300809793248,941.8256261893525,46.38562618935248
TR-044278,2025-10-08,october,Flatbed,127.0,372.9,395.238587331369,426.10373875710593,410.67116304423746,37.77116304423748
TR-044279,2025-10-08,october,Flatbed,359.1,882.73,948.458268951615,936.674442860934,942.5663559062746,59.83635590627455
TR-044280,2025-10-08,october,Flatbed,1837.1,3785.69,3902.4899244787134,3880.023398946285,3891.2566617124994,105.56666171249935
TR-044281,2025-10-08,october,Dry Van,1723.3,3332.32,3307.5586548110637,3271.692968322418,3289.6258115667406,42.69418843325957
TR-044282,2025-10-08,october,Flatbed,492.3,1186.99,1233.8123394960826,1241.556465192156,1237.6844023441195,50.69440234411945
TR-044283,2025-10-08,october,Dry Van,647.8,1331.38,1360.5994447306307,1329.6747932473313,1345.137118988981,13.757118988980892
TR-044284,2025-10-08,october,Reefer,2310.5,5018.12,4961.168784912642,5042.745308681673,5001.957046797157,16.1629532028428
TR-044285,2025-10-08,october,Dry Van,2142.2,3965.18,3953.4306020569134,3954.506379208605,3953.9684906327593,11.211509367240524
TR-044286,2025-10-08,october,Dry Van,363.8,820.16,826.1813877671032,848.3554287402449,837.268408253674,17.108408253674042
TR-044287,2025-10-08,october,Dry Van,944.9,4729.66,2013.678868582542,2006.3151387683808,2009.9970036754614,2719.6629963245387
TR-044288,2025-10-08,october,Flatbed,1251.6,2571.46,2660.7770957962807,2649.424892475491,2655.100994135886,83.6409941358861
TR-044289,2025-10-08,october,Dry Van,646.7,1318.04,1365.8586399101246,1349.3967534733824,1357.6276966917535,39.587696691753536
TR-044290,2025-10-08,october,Dry Van,878.1,1802.45,1787.618260447409,1809.3818598560752,1798.5000601517422,3.949939848257827
TR-044291,2025-10-08,october,Flatbed,701.8,1551.27,1668.0693827035836,1662.2629499030738,1665.1661663033287,113.89616630332876
TR-044292,2025-10-08,october,Reefer,2002.2,4277.65,4348.434770650354,4299.485159968121,4323.959965309237,46.30996530923767
TR-044293,2025-10-08,october,Reefer,730.2,1950.32,1907.5737997683343,1906.9820365648375,1907.277918166586,43.04208183341393
TR-044294,2025-10-08,october,Reefer,328.7,917.6,946.6689840162804,948.4451763549864,947.5570801856334,29.957080185633345
TR-044295,2025-10-08,october,Dry Van,108.8,302.65,335.951423353209,312.02877291893697,323.990098136073,21.34009813607304
TR-044296,2025-10-08,october,Flatbed,683.0,1548.61,1571.6657629531467,1573.2117314288648,1572.4387471910059,23.82874719100596
TR-044297,2025-10-08,october,Reefer,3148.3,6263.27,6158.149852969214,6268.046014929045,6213.09793394913,50.17206605087085
TR-044298,2025-10-08,october,Reefer,292.9,837.86,852.5190352368384,867.2644628119742,859.8917490244063,22.03174902440628
TR-044299,2025-10-08,october,Dry Van,357.1,906.63,934.691720715865,921.6140978604114,928.1529092881383,21.522909288138294
TR-044300,2025-10-08,october,Flatbed,1351.5,2996.39,3025.0211427866384,3082.6665863336752,3053.843864560157,57.453864560156944
TR-044301,2025-10-08,october,Flatbed,310.5,825.14,864.9775721531181,882.2052469448649,873.5914095489916,48.45140954899159
TR-044302,2025-10-08,october,Dry Van,557.1,1315.64,1290.5330668940196,1290.05385337369,1290.2934601338548,25.34653986614535
TR-044303,2025-10-08,october,Dry Van,459.2,1103.62,1098.8437088475323,1090.6468585655625,1094.7452837065475,8.874716293452366
TR-044304,2025-10-08,october,Dry Van,1995.2,3801.19,3839.280035484637,3805.095093066061,3822.1875642753494,20.997564275349305
TR-044305,2025-10-08,october,Dry Van,435.3,981.87,981.5197413042406,980.1495711443927,980.8346562243166,1.0353437756833728
TR-044306,2025-10-08,october,Reefer,736.2,1659.84,1674.5037840235339,1705.275729288149,1689.8897566558414,30.04975665584152
TR-044307,2025-10-08,october,Dry Van,328.0,812.96,813.0667813471009,801.4109285230663,807.2388549350836,5.7211450649164135
TR-044308,2025-10-08,october,Reefer,716.6,1719.38,1749.727294921179,1767.8215778316699,1758.7744363764245,39.39443637642444
TR-044309,2025-10-08,october,Flatbed,2108.9,4330.69,4241.258695733875,4361.341772926107,4301.300234329991,29.389765670008273
TR-044310,2025-10-08,october,Dry Van,1665.9,3208.13,3173.8615650526967,3248.7269418134465,3211.2942534330714,3.1642534330712806
TR-044311,2025-10-08,october,Dry Van,3166.1,5697.12,5667.594095114484,5780.669479084113,5724.131787099299,27.011787099299
TR-044312,2025-10-08,october,Dry Van,478.4,411.17,1125.7187280736866,1119.6411527942478,1122.6799404339672,711.5099404339671
TR-044313,2025-10-08,october,Dry Van,1580.7,3197.76,3250.9791379810604,3267.042576624323,3259.010857302692,61.25085730269166
TR-044314,2025-10-08,october,Dry Van,618.7,1387.71,1409.450590430658,1431.0293108009278,1420.2399506157928,32.52995061579281
TR-044315,2025-10-08,october,Dry Van,945.8,2051.57,2081.6004852584456,2056.30663627098,2068.953560764713,17.38356076471291
TR-044316,2025-10-08,october,Dry Van,434.0,1066.71,1073.8693637887836,1074.146818367764,1074.0080910782738,7.298091078273728
TR-044317,2025-10-08,october,Reefer,1085.5,2517.8,2607.875176216709,2546.747524990933,2577.3113506038208,59.511350603820574
TR-044318,2025-10-08,october,Dry Van,1034.4,2121.19,2140.088136425737,2154.413913628814,2147.2510250272753,26.061025027275264
TR-044319,2025-10-08,october,Dry Van,1826.8,3384.59,3365.4570934741178,3386.951647649852,3376.204370561985,8.385629438015258
TR-044320,2025-10-08,october,Dry Van,427.9,988.67,1003.4162036303552,990.402733149062,996.9094683897085,8.239468389708577
TR-044321,2025-10-08,october,Dry Van,261.7,626.31,631.6154808717919,607.86346552085,619.7394731963209,6.5705268036790585
TR-044322,2025-10-08,october,Reefer,1896.7,3896.37,3997.4781756997827,4043.413421591943,4020.445798645863,124.07579864586296
TR-044323,2025-10-08,october,Flatbed,366.1,923.77,1004.1951770912538,1004.7371745778805,1004.4661758345671,80.69617583456716
TR-044324,2025-10-08,october,Flatbed,417.8,1025.83,1057.8131887607942,1054.5396911258688,1056.1764399433314,30.34643994333146
TR-044325,2025-10-08,october,Reefer,1315.9,2880.8,2903.843388843527,2884.9525576941114,2894.3979732688194,13.59797326881926
TR-044326,2025-10-08,october,Dry Van,1182.0,2475.13,2494.1500148864907,2513.9937650605016,2504.071889973496,28.941889973496018
TR-044327,2025-10-08,october,Dry Van,339.6,779.8,778.4080778294301,776.4581266030041,777.4331022162171,2.3668977837828606
TR-044328,2025-10-08,october,Flatbed,339.8,919.26,962.2968960346797,977.9764466241709,970.1366713294253,50.876671329425335
TR-044329,2025-10-08,october,Flatbed,1593.0,3104.79,3362.074906587083,3409.203726486621,3385.6393165368518,280.8493165368518
TR-044330,2025-10-08,october,Flatbed,391.6,977.05,1018.4169635377833,1001.5601351300054,1009.9885493338943,32.93854933389434
TR-044331,2025-10-08,october,Dry Van,236.0,578.45,602.601310559627,572.9990084599683,587.8001595097976,9.35015950979755
TR-044332,2025-10-08,october,Reefer,1045.9,2499.24,2442.4060139310513,2458.1323201188825,2450.269167024967,48.97083297503286
TR-044333,2025-10-08,october,Dry Van,565.0,1188.73,1210.9089294320288,1188.3939624683169,1199.6514459501727,10.92144595017271
TR-044334,2025-10-08,october,Dry Van,844.2,1778.52,1728.7048746817825,1756.9376261686828,1742.8212504252326,35.69874957476736
TR-044335,2025-10-08,october,Dry Van,3288.9,5920.59,5865.852915495081,5805.37376914958,5835.613342322331,84.97665767766921
TR-044336,2025-10-08,october,Reefer,927.0,2154.76,2230.235409567831,2226.991460949155,2228.613435258493,73.85343525849294
TR-044337,2025-10-08,october,Dry Van,398.6,895.22,870.555153234837,879.0154465942762,874.7852999145566,20.43470008544341
TR-044338,2025-10-08,october,Dry Van,1591.5,3124.21,3111.1432235183706,3134.777515166645,3122.960369342508,1.2496306574921618
TR-044339,2025-10-08,october,Dry Van,1344.8,2842.65,2783.567507458522,2738.012473815285,2760.7899906369034,81.86000936309665
TR-044340,2025-10-08,october,Flatbed,523.1,1249.95,1302.8589742269385,1293.4939671779925,1298.1764707024654,48.22647070246535
TR-044341,2025-10-08,october,Flatbed,3155.7,6512.76,6146.505552272899,6584.19936531227,6365.352458792584,147.40754120741622
TR-044342,2025-10-08,october,Flatbed,1902.4,3955.44,4034.272572294649,4120.387643317119,4077.330107805884,121.89010780588387
TR-044343,2025-10-08,october,Dry Van,533.1,1216.74,1202.2442859909352,1189.2080894233247,1195.72618770713,21.013812292869943
TR-044344,2025-10-08,october,Dry Van,1014.6,2089.49,2047.4643717470406,2053.0000641617316,2050.232217954386,39.25778204561357
TR-044345,2025-10-08,october,Dry Van,1040.0,10566.25,2111.740331319924,2113.166621015715,2112.4534761678196,8453.796523832181
TR-044346,2025-10-08,october,Dry Van,2480.9,4668.25,4670.390327234924,4727.373951378817,4698.88213930687,30.632139306870158
TR-044347,2025-10-08,october,Reefer,547.5,1334.51,1360.5265996643973,1348.2560883847877,1354.3913440245924,19.88134402459241
TR-044348,2025-10-08,october,Reefer,339.8,972.88,959.8429105574573,958.5799202915564,959.2114154245069,13.668584575493128
TR-044349,2025-10-08,october,Dry Van,1528.0,3174.36,3129.5183342457876,3184.1375794864252,3156.8279568661064,17.532043133893694
TR-044350,2025-10-08,october,Dry Van,1448.0,3098.28,3003.5689427251564,3024.3747914582527,3013.9718670917046,84.30813290829565
TR-044351,2025-10-08,october,Flatbed,3189.5,6080.94,6127.902492356512,6419.4569004622845,6273.679696409398,192.73969640939868
TR-044352,2025-10-08,october,Reefer,2512.9,5136.23,5056.338006625756,5194.960403531373,5125.649205078565,10.580794921434972
TR-044353,2025-10-08,october,Dry Van,972.4,1984.99,2005.946899756566,1982.1865807272263,1994.0667402418962,9.076740241896232
TR-044354,2025-10-08,october,Reefer,740.7,1763.19,1709.1808092587844,1750.5675400099208,1729.8741746343526,33.31582536564747
TR-044355,2025-10-08,october,Flatbed,936.9,2070.12,2073.9667703467503,2105.432167389788,2089.699468868269,19.579468868269032
TR-044356,2025-10-08,october,Dry Van,763.7,1645.67,1646.8448200729488,1602.250525136696,1624.5476726048223,21.122327395177763
TR-044357,2025-10-08,october,Reefer,2451.3,5333.52,5263.1002877573,5416.916962776979,5340.008625267139,6.488625267138559
TR-044358,2025-10-08,october,Reefer,201.4,585.34,594.7942735219134,605.2253884575061,600.0098309897098,14.669830989709794
TR-044359,2025-10-08,october,Flatbed,894.7,2056.8,2160.609321765832,2168.223845399766,2164.416583582799,107.61658358279874
TR-044360,2025-10-08,october,Flatbed,2189.8,4397.12,4412.351310220693,4531.302872039178,4471.827091129935,74.70709112993518
TR-044361,2025-10-08,october,Dry Van,1008.3,2071.17,2079.6537863134363,2084.081516168587,2081.8676512410116,10.6976512410115
TR-044362,2025-10-08,october,Flatbed,1047.0,2242.32,2396.6990000285577,2379.635183102441,2388.1670915654995,145.84709156549934
TR-044363,2025-10-08,october,Dry Van,431.2,1085.63,1058.4817113913787,1067.610583809735,1063.0461476005569,22.58385239944323
TR-044364,2025-10-08,october,Dry Van,1667.9,3277.97,3358.677067713263,3362.070913515271,3360.3739906142673,82.40399061426751
TR-044365,2025-10-08,october,Dry Van,805.1,1712.04,1695.8787586045187,1716.9132387825068,1706.3959986935129,5.644001306487098
TR-044366,2025-10-08,october,Reefer,934.1,2247.82,2289.157470017794,2284.2725836112177,2286.715026814506,38.895026814505854
TR-044367,2025-10-08,october,Reefer,1824.4,4165.0,4137.573835822719,4196.284793010857,4166.929314416788,1.9293144167877472
TR-044368,2025-10-08,october,Flatbed,527.8,1396.12,1431.2472301615974,1410.1325457211217,1420.6898879413595,24.56988794135964
TR-044369,2025-10-08,october,Dry Van,215.5,501.69,519.3732308104426,507.87620175155735,513.624716281,11.934716281000021
TR-044370,2025-10-08,october,Dry Van,529.9,1152.09,1166.512768820036,1144.824517969089,1155.6686433945624,3.578643394562505
TR-044371,2025-10-08,october,Reefer,559.4,1461.55,1468.4703553376792,1486.5925194213219,1477.5314373795004,15.981437379500449
TR-044372,2025-10-08,october,Dry Van,2320.8,4493.05,4442.122491618801,4463.019856226401,4452.571173922601,40.47882607739939
TR-044373,2025-10-08,october,Dry Van,1824.8,3534.58,3385.670746326852,3490.90339982971,3438.287073078281,96.29292692171884
TR-044374,2025-10-08,october,Flatbed,1237.0,2917.59,2865.0847697384206,2942.720762887331,2903.902766312876,13.687233687124262
TR-044375,2025-10-08,october,Dry Van,1971.0,3657.67,3587.783026940551,3700.300078522601,3644.041552731576,13.628447268424225
TR-044376,2025-10-08,october,Dry Van,921.4,1838.07,1884.8416841030723,1859.4708099061604,1872.1562470046165,34.08624700461655
TR-044377,2025-10-08,october,Reefer,1246.1,3042.93,2999.8635602881895,3013.560985953669,3006.7122731209292,36.2177268790706
TR-044378,2025-10-08,october,Dry Van,1044.5,2100.15,2211.267333476862,2187.6728663657846,2199.4700999213233,99.32009992132316
TR-044379,2025-10-08,october,Dry Van,86.8,257.52,298.026036319719,272.6848817501748,285.3554590349469,27.835459034946894
TR-044380,2025-10-08,october,Dry Van,285.1,741.71,746.8541889183616,741.9802364040522,744.4172126612069,2.7072126612068814
TR-044381,2025-10-08,october,Dry Van,2006.4,3741.48,3642.149749724813,3658.5213727355394,3650.335561230176,91.14443876982386
TR-044382,2025-10-08,october,Dry Van,1047.3,1996.66,2031.0096412321816,2062.5005199947377,2046.7550806134595,50.09508061345946
TR-044383,2025-10-08,october,Dry Van,215.9,621.68,614.9730321338385,606.5816700391558,610.7773510864972,10.90264891350273
TR-044384,2025-10-08,october,Reefer,664.8,1700.19,1726.010166629066,1646.3410021025766,1686.1755843658211,14.014415634178931
TR-044385,2025-10-08,october,Reefer,618.4,1500.99,1506.4601096695676,1519.878724649874,1513.1694171597208,12.179417159720742
TR-044386,2025-10-08,october,Dry Van,1325.9,2666.75,2686.7878520149816,2666.872122451007,2676.8299872329944,10.079987232994426
TR-044387,2025-10-08,october,Reefer,821.8,1875.44,1900.5559258910387,1874.0619966009635,1887.3089612460012,11.868961246001163
TR-044388,2025-10-08,october,Flatbed,1090.4,2445.03,2537.055308202924,2543.845792658857,2540.450550430891,95.42055043089067
TR-044389,2025-10-08,october,Dry Van,3006.7,5670.75,5613.5122839538735,5720.623582028198,5667.067932991036,3.6820670089637133
TR-044390,2025-10-08,october,Dry Van,1897.3,3544.19,3496.5636928777176,3497.645194782524,3497.1044438301205,47.08555616987951
TR-044391,2025-10-08,october,Dry Van,659.3,1308.91,1323.357634962401,1333.2948711019085,1328.326253032155,19.416253032154827
TR-044392,2025-10-08,october,Flatbed,1366.0,2945.22,2905.4308056253403,2901.1706888418003,2903.3007472335703,41.91925276642951
TR-044393,2025-10-08,october,Flatbed,2439.9,5009.84,4953.636380921874,5147.063808568527,5050.3500947452,40.51009474520015
TR-044394,2025-10-08,october,Dry Van,869.6,1847.58,1837.0664961588045,1822.3969804756439,1829.7317383172242,17.84826168277573
TR-044395,2025-10-08,october,Flatbed,2265.0,4694.66,4672.040158588964,4757.810565538248,4714.925362063606,20.265362063606517
TR-044396,2025-10-08,october,Flatbed,1223.4,2735.4,2770.1385913863514,2837.145701342013,2803.6421463641823,68.24214636418219
TR-044397,2025-10-08,october,Dry Van,2334.3,4225.88,4223.189840323954,4279.9635671338565,4251.576703728905,25.69670372890505
TR-044398,2025-10-08,october,Dry Van,1492.0,3194.31,3093.743044364776,2981.5492097892497,3037.646127077013,156.66387292298714
TR-044399,2025-10-08,october,Reefer,1441.3,3375.73,3375.9190358801598,3401.5511494552948,3388.7350926677273,13.00509266772724
TR-044400,2025-10-08,october,Reefer,558.5,1438.13,1478.4742600569339,1515.185360341401,1496.8298101991675,58.69981019916736
TR-044401,2025-10-08,october,Dry Van,796.9,1719.59,1705.171501197207,1697.594404961076,1701.3829530791413,18.207046920858602
TR-044402,2025-10-08,october,Flatbed,1205.4,2735.62,2747.1955362148324,2835.956239243411,2791.575887729122,55.95588772912197
TR-044403,2025-10-08,october,Flatbed,1751.3,3817.37,3779.483232547181,3819.2137742046825,3799.3485033759316,18.021496624068277
TR-044404,2025-10-08,october,Dry Van,1703.6,3441.81,3349.579655539904,3402.8696631245757,3376.2246593322398,65.58534066776019
TR-044405,2025-10-08,october,Dry Van,424.1,1053.16,1054.9145845542444,1036.8906055403877,1045.902595047316,7.257404952684055
TR-044406,2025-10-08,october,Dry Van,1234.9,2584.59,2504.0706588881003,2534.262967367811,2519.1668131279557,65.42318687204443
TR-044407,2025-10-08,october,Dry Van,2156.1,3962.36,4017.9575271051494,4006.4538193429444,4012.205673224047,49.845673224047005
TR-044408,2025-10-08,october,Dry Van,1736.7,3502.63,3362.6427625760653,3397.9913202707294,3380.3170414233973,122.3129585766028
TR-044409,2025-10-08,october,Reefer,439.3,1196.54,1218.3040111617283,1238.379332042621,1228.3416716021748,31.801671602174792
TR-044410,2025-10-08,october,Reefer,1097.7,2670.34,2718.529859408664,2642.698105210255,2680.6139823094595,10.27398230945937
TR-044411,2025-10-08,october,Reefer,1145.9,2641.96,2650.2259682462122,2652.542900328721,2651.3844342874663,9.424434287466283
TR-044412,2025-10-08,october,Reefer,182.1,515.65,532.3519724923509,539.2783551023504,535.8151637973506,20.1651637973506
TR-044413,2025-10-08,october,Reefer,837.5,2047.8,2064.5493752990096,2076.1837861121376,2070.3665807055736,22.566580705573642
TR-044414,2025-10-08,october,Dry Van,242.4,2281.75,632.7710861096964,609.0237077799225,620.8973969448094,1660.8526030551907
TR-044415,2025-10-08,october,Flatbed,549.4,1264.02,1322.2365802883528,1308.619588962968,1315.4280846256604,51.40808462566042
TR-044416,2025-10-08,october,Dry Van,2434.8,4584.93,4516.045802680122,4535.919331256806,4525.982566968463,58.947433031537
TR-044417,2025-10-08,october,Dry Van,1473.1,3093.95,3033.3776337791855,2911.271008923219,2972.3243213512023,121.62567864879748
TR-044418,2025-10-08,october,Flatbed,894.5,1945.36,1994.4690656256084,2012.2781727169552,2003.373619171282,58.013619171282016
TR-044419,2025-10-08,october,Dry Van,598.6,1324.61,1340.887252403466,1354.1796919764256,1347.5334721899458,22.92347218994587
TR-044420,2025-10-08,october,Dry Van,127.3,350.21,352.89846656111513,364.1859376171044,358.54220208910976,8.332202089109785
TR-044421,2025-10-08,october,Dry Van,911.6,1777.07,1786.7119260890454,1774.8406770609176,1780.7763015749815,3.7063015749815804
TR-044422,2025-10-08,october,Dry Van,248.1,596.8,601.9517640434249,604.0791174042859,603.0154407238554,6.215440723855409
TR-044423,2025-10-08,october,Dry Van,679.7,4747.88,1514.2396942470214,1487.6392898739646,1500.939492060493,3246.9405079395074
TR-044424,2025-10-09,october,Reefer,1078.9,2664.93,2620.606384287239,2671.552391184892,2646.0793877360657,18.85061226393418
TR-044425,2025-10-09,october,Dry Van,876.7,1880.05,1862.0285281625843,1869.4690884972517,1865.7488083299181,14.301191670081835
TR-044426,2025-10-09,october,Dry Van,1252.3,2542.03,2583.3531363324573,2593.37706502627,2588.3651006793634,46.33510067936322
TR-044427,2025-10-09,october,Dry Van,2678.9,5016.11,4974.83936374091,4959.260983202763,4967.050173471836,49.059826528163285
TR-044428,2025-10-09,october,Dry Van,238.3,599.05,574.5070130416076,575.4076222270023,574.9573176343049,24.092682365695055
TR-044429,2025-10-09,october,Reefer,1967.7,4113.37,4119.865731380979,4111.120945599931,4115.493338490454,2.1233384904544437
TR-044430,2025-10-09,october,Flatbed,942.2,2121.88,2102.361860674051,2134.4596429121743,2118.4107517931125,3.4692482068876416
TR-044431,2025-10-09,october,Reefer,1126.9,2658.76,2684.3429741473124,2669.638586636533,2676.9907803919227,18.230780391922508
TR-044432,2025-10-09,october,Flatbed,555.2,1313.69,1350.7030292669012,1332.4611731885338,1341.5821012277174,27.892101227717376
TR-044433,2025-10-09,october,Dry Van,825.7,1849.4,1778.4249473594991,1756.7130319796822,1767.5689896695908,81.8310103304093
TR-044434,2025-10-09,october,Dry Van,447.1,1021.86,1001.925394625344,993.2269689992977,997.5761818123208,24.28381818767923
TR-044435,2025-10-09,october,Reefer,324.2,961.45,958.035040199656,961.0775270561153,959.5562836278857,1.8937163721143406
TR-044436,2025-10-09,october,Dry Van,1022.9,2090.03,2041.9024503825976,2036.914437012666,2039.4084436976318,50.62155630236839
TR-044437,2025-10-09,october,Dry Van,1114.9,2211.15,2085.231966580847,2143.1929190962824,2114.2124428385646,96.9375571614355
TR-044438,2025-10-09,october,Flatbed,363.6,911.78,972.9478430294565,970.3406133529406,971.6442281911986,59.86422819119866
TR-044439,2025-10-09,october,Flatbed,1722.2,3852.58,3835.4743941153088,3906.760904334352,3871.1176492248305,18.537649224830602
TR-044440,2025-10-09,october,Dry Van,2902.6,5332.05,5377.355286810437,5427.4658740956675,5402.410580453052,70.36058045305163
TR-044441,2025-10-09,october,Reefer,662.6,1585.9,1664.7350304367988,1630.845048929947,1647.790039683373,61.890039683372834
TR-044442,2025-10-09,october,Flatbed,3087.5,5938.75,5994.419271386716,6170.783120730686,6082.601196058701,143.85119605870113
TR-044443,2025-10-09,october,Dry Van,444.9,995.1,1024.9493258268687,1013.6193692100934,1019.2843475184811,24.184347518481104
TR-044444,2025-10-09,october,Dry Van,2326.7,4275.91,4269.024999020995,4219.998581006013,4244.511790013505,31.398209986495203
TR-044445,2025-10-09,october,Reefer,2295.4,4782.28,4782.1401128984835,4844.49112184178,4813.315617370132,31.03561737013206
TR-044446,2025-10-09,october,Dry Van,564.5,1266.91,1220.0512603620944,1230.9325448647132,1225.491902613404,41.41809738659617
TR-044447,2025-10-09,october,Flatbed,2166.4,4404.31,4503.084641591801,4572.8944955358675,4537.989568563835,133.67956856383444
TR-044448,2025-10-09,october,Dry Van,2458.0,4516.71,4484.985775856814,4548.02222800301,4516.504001929912,0.2059980700878441
TR-044449,2025-10-09,october,Dry Van,436.1,1119.61,1092.3386265244314,1095.3940617940436,1093.8663441592375,25.743655840762358
TR-044450,2025-10-09,october,Flatbed,1240.4,2617.72,2714.98067506426,2767.4291579881665,2741.2049165262133,123.48491652621351
TR-044451,2025-10-09,october,Dry Van,977.5,1954.43,1891.2211406058555,1901.7126953959169,1896.4669180008862,57.96308199911391
TR-044452,2025-10-09,october,Dry Van,189.7,506.9,517.9788819379054,523.9166056783222,520.9477438081137,14.04774380811375
TR-044453,2025-10-09,october,Dry Van,350.9,920.64,926.2284415334475,903.7213361303743,914.9748888319109,5.6651111680890835
TR-044454,2025-10-09,october,Reefer,1715.8,3737.47,3679.6822589187254,3736.6751087820167,3708.1786838503713,29.29131614962853
TR-044455,2025-10-09,october,Dry Van,2177.2,4327.96,4270.787022481261,4281.680869812632,4276.233946146947,51.72605385305269
TR-044456,2025-10-09,october,Reefer,977.7,2254.47,2323.5710311221555,2307.4234852216578,2315.4972581719067,61.02725817190685
TR-044457,2025-10-09,october,Dry Van,826.6,1795.99,1764.8481174955625,1757.1172272889366,1760.9826723922497,35.00732760775031
TR-044458,2025-10-09,october,Dry Van,853.7,1922.84,1914.5108484758478,1909.92106082251,1912.215954649179,10.624045350821007
TR-044459,2025-10-09,october,Reefer,1835.5,4049.21,4035.126260406583,4067.8978281555774,4051.5120442810803,2.3020442810802706
TR-044460,2025-10-09,october,Reefer,530.0,1371.17,1387.5684590683227,1354.0963627060232,1370.832410887173,0.3375891128271178
TR-044461,2025-10-09,october,Dry Van,3033.0,5791.84,5533.319327758771,5727.274481546216,5630.296904652493,161.543095347507
TR-044462,2025-10-09,october,Dry Van,467.8,1058.31,1051.6902280358022,1041.256119799078,1046.4731739174401,11.83682608255981
TR-044463,2025-10-09,october,Dry Van,997.8,2054.89,2003.9540673720737,2003.7464678632741,2003.850267617674,51.03973238232584
TR-044464,2025-10-09,october,Reefer,1343.5,3037.14,3090.4114016696544,3109.3262198424036,3099.8688107560292,62.72881075602936
TR-044465,2025-10-09,october,Dry Van,358.4,816.77,824.1521466836231,818.7624540300478,821.4573003568355,4.687300356835522
TR-044466,2025-10-09,october,Reefer,654.4,1573.0,1585.9250223635247,1589.7846600518844,1587.8548412077046,14.854841207704567
TR-044467,2025-10-09,october,Dry Van,614.4,1260.89,1276.2704620266695,1254.2374484667457,1265.2539552467076,4.363955246707519
TR-044468,2025-10-09,october,Dry Van,1405.6,2916.35,2819.235399733845,2781.57472745556,2800.4050635947024,115.94493640529754
TR-044469,2025-10-09,october,Dry Van,77.5,223.86,238.5774885807015,239.7110530314776,239.14427080608954,15.284270806089523
TR-044470,2025-10-09,october,Flatbed,759.6,1777.76,1788.5478775164258,1776.9241781308326,1782.7360278236292,4.976027823629238
TR-044471,2025-10-09,october,Dry Van,2534.4,4774.04,4652.149941688677,4704.723615168841,4678.436778428759,95.60322157124119
TR-044472,2025-10-09,october,Dry Van,1716.1,3423.01,3395.1105779243744,3415.406368937624,3405.2584734309994,17.751526569000816
TR-044473,2025-10-09,october,Reefer,1004.8,2413.73,2382.589032497225,2377.1879391959374,2379.8884858465813,33.84151415341876
TR-044474,2025-10-09,october,Dry Van,1797.4,3383.17,3368.8807108851747,3395.6082533133867,3382.2444820992805,0.9255179007195693
TR-044475,2025-10-09,october,Reefer,348.9,1029.53,1031.307706366125,1037.3622558630045,1034.334981114565,4.804981114564953
TR-044476,2025-10-09,october,Reefer,664.9,1550.3,1566.4917481299954,1567.734714734224,1567.1132314321098,16.813231432109887
TR-044477,2025-10-09,october,Dry Van,696.8,1544.43,1536.7565148882088,1531.2458758401835,1534.001195364196,10.428804635804
TR-044478,2025-10-09,october,Dry Van,2079.5,4135.5,4006.621918182777,4035.077504431445,4020.8497113071107,114.65028869288926
TR-044479,2025-10-09,october,Dry Van,278.4,707.53,689.7539626857603,668.8368980066341,679.2954303461972,28.234569653802737
TR-044480,2025-10-09,october,Flatbed,2059.1,4078.06,4037.8202236306965,4265.560911960261,4151.690567795479,73.63056779547924
TR-044481,2025-10-09,october,Dry Van,875.4,1955.55,1961.649906601391,1978.3956096160102,1970.0227581087006,14.472758108700646
TR-044482,2025-10-09,october,Dry Van,1416.3,2973.63,2896.9443678960706,2937.034823824649,2916.9895958603597,56.640404139640395
TR-044483,2025-10-09,october,Dry Van,872.6,1956.4,1876.190149484961,1887.5655696313422,1881.8778595581516,74.52214044184848
TR-044484,2025-10-09,october,Reefer,716.8,1643.75,1666.4479189459278,1711.0917130453172,1688.7698159956226,45.019815995622594
TR-044485,2025-10-09,october,Flatbed,282.8,811.54,848.9784527715424,859.1078493109228,854.0431510412326,42.50315104123263
TR-044486,2025-10-09,october,Dry Van,355.2,802.51,827.5030704546471,836.8021885091805,832.1526294819138,29.642629481913787
TR-044487,2025-10-09,october,Dry Van,1074.1,2089.95,2059.941254190016,2091.5325082850036,2075.73688123751,14.213118762490012
TR-044488,2025-10-09,october,Reefer,781.4,1834.67,1857.148123994251,1863.7385170422785,1860.4433205182647,25.773320518264654
TR-044489,2025-10-09,october,Dry Van,386.0,841.52,875.4321256630641,856.6685760951602,866.0503508791121,24.53035087911212
TR-044490,2025-10-09,october,Dry Van,2012.5,3969.29,3910.1125829917014,3927.403060713176,3918.7578218524386,50.53217814756135
TR-044491,2025-10-09,october,Dry Van,705.5,1521.83,1461.7608056153595,1466.8471714873747,1464.3039885513672,57.526011448632744
TR-044492,2025-10-09,october,Dry Van,186.7,464.23,491.90282085045476,467.8707243326319,479.8867725915433,15.656772591543302
TR-044493,2025-10-09,october,Dry Van,1059.5,2195.41,2191.1901489614675,2131.4500672945437,2161.320108128006,34.08989187199404
TR-044494,2025-10-09,october,Dry Van,954.8,1962.57,1968.3178199210215,1963.9106795171608,1966.1142497190913,3.54424971909134
TR-044495,2025-10-09,october,Flatbed,359.8,905.33,966.140188688035,961.5905641253232,963.8653764066792,58.53537640667912
TR-044496,2025-10-09,october,Reefer,441.7,1125.21,1154.0443428378203,1159.3960586489998,1156.72020074341,31.510200743409996
TR-044497,2025-10-09,october,Reefer,3061.6,6610.87,6208.609814624594,6470.070877774746,6339.3403461996695,271.5296538003304
TR-044498,2025-10-09,october,Dry Van,1427.1,2958.24,2979.6471348525483,3167.211677254947,3073.4294060537477,115.18940605374792
TR-044499,2025-10-09,october,Reefer,2652.5,5686.14,5559.508397878855,5653.186372872595,5606.347385375725,79.7926146242753
TR-044500,2025-10-09,october,Reefer,1494.7,3519.69,3548.495982743958,3408.2485498744754,3478.3722663092167,41.31773369078337
TR-044501,2025-10-09,october,Dry Van,2059.8,3828.39,3793.2966705019644,3749.08558099927,3771.191125750617,57.1988742493827
TR-044502,2025-10-09,october,Dry Van,2162.5,4282.29,4238.866348940005,4241.574041149514,4240.22019504476,42.069804955240215
TR-044503,2025-10-09,october,Dry Van,650.2,5511.27,1420.1567803564353,1392.7703564318608,1406.463568394148,4104.806431605853
TR-044504,2025-10-09,october,Reefer,235.9,656.59,706.3469824217652,665.8800170936122,686.1134997576887,29.523499757688683
TR-044505,2025-10-09,october,Dry Van,467.8,1044.29,1035.965433785752,1024.1227693754754,1030.0441015806136,14.245898419386322
TR-044506,2025-10-09,october,Flatbed,1190.1,2611.99,2619.3241894602224,2733.5576024674087,2676.440895963816,64.45089596381604
TR-044507,2025-10-09,october,Reefer,1680.5,3806.22,3856.6256874698756,3960.7036536745563,3908.664670572216,102.44467057221618
TR-044508,2025-10-09,october,Reefer,581.0,1457.28,1520.0859763161234,1500.7587508535053,1510.4223635848143,53.14236358481435
TR-044509,2025-10-09,october,Flatbed,368.1,973.83,1021.9275875056852,1024.7128424091331,1023.3202149574092,49.490214957409194
TR-044510,2025-10-09,october,Reefer,831.4,1926.36,1955.8740367658836,1927.3245467473591,1941.5992917566214,15.23929175662147
TR-044511,2025-10-09,october,Reefer,548.2,1431.35,1459.3255745809367,1461.466855147971,1460.396214864454,29.046214864453987
TR-044512,2025-10-09,october,Flatbed,869.2,2149.17,2214.0047812780804,2146.744820405123,2180.3748008416014,31.204800841601354
TR-044513,2025-10-09,october,Dry Van,546.0,1241.75,1239.3399951027218,1243.1463546102614,1241.2431748564916,0.5068251435084221
TR-044514,2025-10-09,october,Dry Van,2763.2,5053.13,5085.860943932128,4980.661696918853,5033.26132042549,19.86867957450977
TR-044515,2025-10-09,october,Flatbed,383.6,958.28,979.3946664925654,969.6477099406325,974.521188216599,16.24118821659897
TR-044516,2025-10-09,october,Dry Van,512.3,1203.76,1197.7183404905186,1193.5633289832654,1195.640834736892,8.119165263108016
TR-044517,2025-10-09,october,Dry Van,1147.3,2237.63,2260.722563390882,2300.5835588837754,2280.6530611373287,43.02306113732857
TR-044518,2025-10-09,october,Dry Van,512.4,1117.48,1125.299282895395,1133.707110608615,1129.503196752005,12.023196752004878
TR-044519,2025-10-09,october,Flatbed,1696.1,3466.55,3609.935123861291,3624.7022981401733,3617.318711000732,150.76871100073186
TR-044520,2025-10-09,october,Reefer,611.0,1571.77,1627.9527717948713,1625.1600329774071,1626.5564023861393,54.78640238613934
TR-044521,2025-10-09,october,Reefer,778.6,1901.84,1924.0902130505158,1914.9357167257392,1919.5129648881275,17.67296488812758
TR-044522,2025-10-09,october,Reefer,1135.0,2504.88,2566.846007612136,2543.187591833846,2555.016799722991,50.13679972299087
TR-044523,2025-10-09,october,Flatbed,223.0,611.91,665.2088525293499,644.0167915435829,654.6128220364665,42.7028220364665
TR-044524,2025-10-09,october,Dry Van,310.0,2940.49,750.9127580865518,733.0671072113348,741.9899326489433,2198.5000673510567
TR-044525,2025-10-09,october,Dry Van,2016.7,3704.53,3618.6302695820727,3662.6010780700635,3640.615673826068,63.914326173932295
TR-044526,2025-10-09,october,Dry Van,476.7,1095.83,1089.0382979635988,1086.5042108687048,1087.7712544161518,8.058745583848122
TR-044527,2025-10-09,october,Dry Van,2073.2,4016.71,4018.053697706218,4011.7585458220146,4014.9061217641165,1.8038782358835306
TR-044528,2025-10-09,october,Dry Van,792.5,1701.51,1681.5284989124661,1669.2321212230054,1675.3803100677358,26.129689932264228
TR-044529,2025-10-09,october,Reefer,2673.7,5687.25,5641.922144520155,5718.10811834565,5680.015131432902,7.234868567097692
TR-044530,2025-10-09,october,Reefer,2471.1,4901.87,5078.713298071303,5116.658187247316,5097.68574265931,195.81574265930976
TR-044531,2025-10-09,october,Flatbed,2254.9,4501.42,4457.377803480231,4569.896092066941,4513.636947773586,12.216947773586071
TR-044532,2025-10-09,october,Reefer,2194.2,4628.73,4674.5229221315785,4706.081953522272,4690.302437826926,61.572437826926034
TR-044533,2025-10-09,october,Reefer,2205.7,5069.63,4803.767183703231,4917.87736968951,4860.82227669637,208.80772330363015
TR-044534,2025-10-09,october,Flatbed,1730.1,3540.21,3631.0298613682426,3673.3398381156103,3652.1848497419264,111.97484974192639
TR-044535,2025-10-09,october,Dry Van,2012.3,3957.89,3869.4685125897727,3936.807854768099,3903.138183678936,54.75181632106387
TR-044536,2025-10-09,october,Dry Van,2082.8,3939.62,3874.312606987495,3849.8821069012047,3862.09735694435,77.52264305564995
TR-044537,2025-10-09,october,Dry Van,820.8,1639.77,1679.4173868149196,1657.6063143242534,1668.5118505695864,28.741850569586404
TR-044538,2025-10-09,october,Dry Van,285.2,665.88,645.2763338563506,656.1513071623745,650.7138205093624,15.166179490637546
TR-044539,2025-10-09,october,Dry Van,407.1,942.96,955.6858058529441,961.6650514867083,958.6754286698263,15.715428669826224
TR-044540,2025-10-09,october,Dry Van,1270.4,2603.65,2633.2188068799296,2637.763324211347,2635.4910655456383,31.84106554563823
TR-044541,2025-10-09,october,Reefer,896.3,2071.76,2133.3180475023755,2124.1847631322357,2128.7514053173054,56.99140531730518
TR-044542,2025-10-09,october,Dry Van,746.9,1691.61,1658.6636025719295,1678.128405290045,1668.3960039309873,23.213996069012637
TR-044543,2025-10-09,october,Dry Van,2308.3,4241.74,4338.842875229139,4359.285460226934,4349.064167728036,107.32416772803663
TR-044544,2025-10-09,october,Dry Van,1982.6,3757.74,3670.8816568100056,3630.0698018159283,3650.475729312967,107.26427068703288
TR-044545,2025-10-09,october,Dry Van,525.2,1152.84,1163.6626178847196,1155.5481276289288,1159.6053727568242,6.765372756824263
TR-044546,2025-10-09,october,Dry Van,775.1,1789.11,1751.3694857453731,1750.4770526011214,1750.9232691732473,38.18673082675264
TR-044547,2025-10-09,october,Dry Van,285.1,742.74,750.3510506542452,733.7817038004366,742.0663772273409,0.6736227726590869
TR-044548,2025-10-09,october,Dry Van,314.6,794.34,808.2311838713922,801.7096848920983,804.9704343817452,10.630434381745204
TR-044549,2025-10-09,october,Dry Van,776.3,1612.45,1621.1179139007968,1615.547576125898,1618.3327450133474,5.882745013347403
TR-044550,2025-10-09,october,Flatbed,2025.9,4242.66,4266.715899060115,4324.062029344153,4295.388964202134,52.72896420213419
TR-044551,2025-10-09,october,Dry Van,880.1,1769.34,1752.619649001732,1775.6202050052473,1764.1199270034895,5.220072996510453
TR-044552,2025-10-09,october,Dry Van,641.8,1423.71,1385.4643393232682,1379.407276101782,1382.435807712525,41.27419228747499
TR-044553,2025-10-09,october,Dry Van,711.4,1653.45,1638.743733624824,1644.8817069062934,1641.8127202655587,11.637279734441336
TR-044554,2025-10-09,october,Dry Van,988.9,2008.89,1984.554631993209,1995.3678937511165,1989.9612628721627,18.928737127837394
TR-044555,2025-10-09,october,Dry Van,439.5,1077.79,1065.8666457497266,1090.6938651446271,1078.2802554471768,0.4902554471768781
TR-044556,2025-10-09,october,Dry Van,455.6,367.67,1024.178008713181,1009.6355098054601,1016.9067592593206,649.2367592593205
TR-044557,2025-10-09,october,Flatbed,322.1,874.67,924.1248423641161,925.2041583045091,924.6645003343126,49.99450033431265
TR-044558,2025-10-09,october,Reefer,312.9,856.91,847.9038510973035,877.6034520996557,862.7536515984796,5.843651598479596
TR-044559,2025-10-09,october,Flatbed,2724.0,5584.9,5361.471642214187,5597.197638138985,5479.334640176587,105.56535982341302
TR-044560,2025-10-09,october,Dry Van,431.3,1059.7,1060.7703073429846,1057.7009025832085,1059.2356049630966,0.46439503690339734
TR-044561,2025-10-09,october,Reefer,1189.9,2781.77,2842.2566295531096,2882.704055136927,2862.4803423450185,80.71034234501849
TR-044562,2025-10-09,october,Dry Van,836.5,1776.94,1703.4545185009415,1727.0132355341239,1715.2338770175327,61.70612298246738
TR-044563,2025-10-09,october,Dry Van,791.4,1556.42,1591.2179870058244,1567.5949334927554,1579.40646024929,22.98646024928985
TR-044564,2025-10-09,october,Flatbed,1021.1,2283.31,2345.8067256600216,2342.0274683675534,2343.9170970137875,60.60709701378755
TR-044565,2025-10-09,october,Reefer,560.4,1484.72,1476.1711389223995,1481.157010828286,1478.6640748753427,6.0559251246572785
TR-044566,2025-10-09,october,Flatbed,519.5,1264.57,1336.198633730524,1308.883268717072,1322.540951223798,57.97095122379801
TR-044567,2025-10-09,october,Dry Van,1154.0,2415.68,2392.2026082547472,2405.1313832472233,2398.6669957509853,17.013004249014557
TR-044568,2025-10-09,october,Dry Van,82.8,231.71,255.50136631342502,263.54772539997043,259.5245458566977,27.81454585669772
TR-044569,2025-10-09,october,Dry Van,1751.0,3521.35,3460.980701189571,3521.710143654571,3491.345422422071,30.004577577929012
TR-044570,2025-10-09,october,Dry Van,1156.8,2405.13,2431.2118072237513,2378.0792764772914,2404.645541850521,0.48445814947899635
TR-044571,2025-10-09,october,Reefer,83.1,282.04,282.2007170770115,318.50316874789996,300.35194291245574,18.31194291245572
TR-044572,2025-10-09,october,Dry Van,581.0,1163.86,1192.6303492803397,1162.6362110700575,1177.6332801751987,13.773280175198806
TR-044573,2025-10-09,october,Dry Van,626.7,1445.85,1427.421935505487,1419.4307965765884,1423.4263660410377,22.423633958962228
TR-044574,2025-10-09,october,Dry Van,1689.3,3348.58,3337.0399653850454,3310.628892109169,3323.8344287471073,24.74557125289266
TR-044575,2025-10-09,october,Dry Van,140.5,396.7,392.32073902057147,406.47493397463245,399.39783649760193,2.6978364976019407
TR-044576,2025-10-09,october,Flatbed,2060.7,4226.48,4211.444515442084,4291.501461556463,4251.472988499274,24.99298849927436
TR-044577,2025-10-09,october,Dry Van,611.8,1415.91,1393.7548270707782,1419.789521740204,1406.7721744054911,9.137825594508968
TR-044578,2025-10-10,october,Reefer,2821.2,5360.52,5214.411855538267,5482.153383422133,5348.2826194802,12.237380519800354
TR-044579,2025-10-10,october,Flatbed,1061.4,2275.93,2364.6278025866823,2351.4488146284657,2358.038308607574,82.10830860757414
TR-044580,2025-10-10,october,Dry Van,793.1,1853.27,1797.3825543514038,1741.557706180377,1769.4701302658905,83.7998697341095
TR-044581,2025-10-10,october,Reefer,436.0,1128.32,1149.1391248936884,1175.961781657164,1162.5504532754262,34.23045327542627
TR-044582,2025-10-10,october,Dry Van,925.9,1898.58,1969.0602069137547,1918.7616771435846,1943.9109420286695,45.3309420286696
TR-044583,2025-10-10,october,Dry Van,1794.9,3378.19,3313.596698941087,3344.1503490230416,3328.8735239820644,49.316476017935656
TR-044584,2025-10-10,october,Dry Van,451.0,1028.21,1040.9244873638957,1040.7793298213146,1040.851908592605,12.641908592604977
TR-044585,2025-10-10,october,Reefer,450.8,1244.46,1251.972901617937,1272.5849892868534,1262.2789454523952,17.818945452395155
TR-044586,2025-10-10,october,Reefer,975.1,2302.46,2286.5724773738675,2277.664720098685,2282.118598736276,20.341401263724038
TR-044587,2025-10-10,october,Flatbed,1694.8,3759.04,3750.3298328730557,3833.457887723769,3791.8938602984126,32.853860298412656
TR-044588,2025-10-10,october,Dry Van,1126.9,2435.89,2337.700747844507,2360.0588473350435,2348.879797589775,87.01020241022479
TR-044589,2025-10-10,october,Dry Van,1160.7,2421.18,2358.189008880507,2361.9438514093886,2360.066430144948,61.11356985505199
TR-044590,2025-10-10,october,Reefer,1889.9,4254.93,4161.24308070223,4184.943398547612,4173.093239624921,81.8367603750794
TR-044591,2025-10-10,october,Dry Van,956.9,2033.38,2006.6662851795254,2002.7935710903369,2004.729928134931,28.650071865069094
TR-044592,2025-10-10,october,Dry Van,476.1,993.54,1032.5489910957785,1007.3194822564961,1019.9342366761373,26.394236676137325
TR-044593,2025-10-10,october,Dry Van,368.8,789.41,819.0831678967338,802.7504452112114,810.9168065539726,21.506806553972638
TR-044594,2025-10-10,october,Reefer,939.1,2242.33,2233.23943030374,2208.4030913322936,2220.8212608180165,21.5087391819834
TR-044595,2025-10-10,october,Flatbed,2164.4,4589.65,4605.787302007471,4585.504421637716,4595.645861822593,5.995861822593724
TR-044596,2025-10-10,october,Reefer,1475.2,3217.79,3296.859732899176,3192.6974229354964,3244.7785779173364,26.988577917336443
TR-044597,2025-10-10,october,Dry Van,1403.3,2864.16,2853.2067669433723,2914.380829653674,2883.793798298523,19.63379829852329
TR-044598,2025-10-10,october,Reefer,951.6,2174.63,2195.355954692478,2157.9894914543224,2176.6727230734004,2.0427230734003388
TR-044599,2025-10-10,october,Dry Van,1136.1,2343.86,2353.7440034741144,2332.160791834782,2342.952397654448,0.9076023455522773
TR-044600,2025-10-10,october,Dry Van,2294.4,4335.83,4351.6179620853945,4380.827348257821,4366.222655171608,30.392655171607657
TR-044601,2025-10-10,october,Reefer,1737.0,3522.2,3718.207114680732,3671.7858222981667,3694.9964684894494,172.79646848944958
TR-044602,2025-10-10,october,Dry Van,388.0,915.66,908.1804038105563,886.39919296924,897.2897983898981,18.370201610101844
TR-044603,2025-10-10,october,Reefer,1134.6,2507.38,2561.463933317899,2545.743010937249,2553.6034721275737,46.22347212757359
TR-044604,2025-10-10,october,Flatbed,1791.8,3614.88,3781.2483972315254,3770.6534066265967,3775.950901929061,161.0709019290607
TR-044605,2025-10-10,october,Flatbed,941.5,2154.79,2150.193784160065,2196.2383709953665,2173.2160775777156,18.42607757771566
TR-044606,2025-10-10,october,Flatbed,2752.5,5539.54,5467.259809139667,5621.814248052062,5544.537028595864,4.997028595864322
TR-044607,2025-10-10,october,Dry Van,1985.6,3574.14,3537.325559997989,3528.0520631940326,3532.688811596011,41.45118840398891
TR-044608,2025-10-10,october,Dry Van,1031.6,1984.11,1948.635694239027,2057.313532811846,2002.9746135254366,18.864613525436653
TR-044609,2025-10-10,october,Reefer,1787.3,4085.99,3923.5226560272995,3927.6784617727517,3925.6005589000256,160.3894410999742
TR-044610,2025-10-10,october,Dry Van,1650.0,3224.7,3220.022502217252,3276.5222248797836,3248.272363548518,23.572363548518297
TR-044611,2025-10-10,october,Dry Van,1979.1,3692.86,3678.4524335309047,3677.811946414386,3678.1321899726454,14.727810027354735
TR-044612,2025-10-10,october,Reefer,1625.9,3564.26,3644.7090861568267,3656.0720438179123,3650.3905649873695,86.13056498736933
TR-044613,2025-10-10,october,Dry Van,1295.1,2527.85,2457.1558268982003,2474.5826650575855,2465.869245977893,61.980754022106794
TR-044614,2025-10-10,october,Reefer,307.6,2094.59,911.2530673617545,903.5513673217483,907.4022173417513,1187.1877826582488
TR-044615,2025-10-10,october,Dry Van,540.2,1264.94,1275.3937622419812,1266.9005903806483,1271.1471763113148,6.207176311314697
TR-044616,2025-10-10,october,Dry Van,1060.8,2194.61,2169.6312679634593,2128.9402212273744,2149.285744595417,45.324255404583255
TR-044617,2025-10-10,october,Dry Van,2161.9,4045.17,4001.6703355877717,3946.1477715237493,3973.9090535557607,71.26094644423938
TR-044618,2025-10-10,october,Reefer,1829.1,3893.83,3887.1677836332074,3914.2628096232233,3900.7152966282156,6.885296628215656
TR-044619,2025-10-10,october,Flatbed,689.3,1653.38,1727.4707718129691,1705.932636607077,1716.701704210023,63.32170421002297
TR-044620,2025-10-10,october,Flatbed,2026.0,4118.68,4191.192967285345,4259.328189293139,4225.260578289242,106.58057828924211
TR-044621,2025-10-10,october,Flatbed,2051.9,4176.34,4183.776125133437,4245.698560320085,4214.737342726761,38.39734272676105
TR-044622,2025-10-10,october,Dry Van,1074.6,2062.28,2092.549738726619,2110.58728710592,2101.5685129162694,39.288512916269156
TR-044623,2025-10-10,october,Reefer,730.3,1806.72,1806.2159722350243,1813.0466482619322,1809.6313102484783,2.9113102484782303
TR-044624,2025-10-10,october,Dry Van,2708.6,4782.29,4789.126179223072,4756.2772668237185,4772.701723023395,9.588276976604902
TR-044625,2025-10-10,october,Dry Van,681.8,1473.33,1487.2183964513322,1461.6554056320933,1474.4369010417126,1.1069010417127174
TR-044626,2025-10-10,october,Reefer,611.3,1562.83,1575.5146606050464,1569.7761242893312,1572.645392447189,9.81539244718897
TR-044627,2025-10-10,october,Reefer,919.7,2032.95,2064.296814420431,2013.6527529778448,2038.9747836991378,6.024783699137743
TR-044628,2025-10-10,october,Reefer,1820.1,3836.59,3813.529824397713,3821.874555879488,3817.7021901386006,18.887809861399546
TR-044629,2025-10-10,october,Flatbed,2011.1,4088.24,4117.525352535658,4241.976552834663,4179.750952685161,91.5109526851611
TR-044630,2025-10-10,october,Dry Van,1702.5,3500.41,3472.9714805733033,3365.12934612927,3419.050413351287,81.35958664871305
TR-044631,2025-10-10,october,Dry Van,823.1,1738.92,1748.8926236855837,1740.4111378545908,1744.6518807700872,5.731880770087173
TR-044632,2025-10-10,october,Flatbed,2797.9,5899.4,5613.718181347969,5814.3280986448635,5714.023139996416,185.37686000358372
TR-044633,2025-10-10,october,Flatbed,1980.2,4160.02,4172.734924210765,4173.190958855433,4172.962941533098,12.942941533097837
TR-044634,2025-10-10,october,Reefer,2106.5,4594.27,4561.120020361746,4592.131123378962,4576.625571870354,17.644428129646258
TR-044635,2025-10-10,october,Flatbed,431.3,960.78,1013.7293410198255,1019.1501441318946,1016.43974257586,55.65974257586004
TR-044636,2025-10-10,october,Dry Van,1401.6,2855.05,2850.6160075656394,2820.6008605004663,2835.6084340330526,19.441565966947564
TR-044637,2025-10-10,october,Dry Van,153.4,379.54,397.4952832268041,377.3470676863483,387.4211754565762,7.881175456576159
TR-044638,2025-10-10,october,Flatbed,457.6,1199.69,1253.5713240373245,1236.5789972256546,1245.0751606314896,45.3851606314895
TR-044639,2025-10-10,october,Dry Van,968.9,2093.43,2106.6084149909466,2091.647868073225,2099.1281415320855,5.698141532085629
TR-044640,2025-10-10,october,Reefer,2692.2,5694.27,5556.386831058379,5637.231739940948,5596.809285499663,97.46071450033742
TR-044641,2025-10-10,october,Flatbed,1887.2,3828.99,3953.765286970017,3934.816286055783,3944.2907865129,115.30078651290023
TR-044642,2025-10-10,october,Reefer,1829.7,3758.85,3821.2897056656216,3846.946108582687,3834.117907124154,75.26790712415414
TR-044643,2025-10-10,october,Flatbed,2821.0,5681.14,5536.298156688665,5724.48807833717,5630.393117512917,50.746882487082985
TR-044644,2025-10-10,october,Dry Van,347.8,803.07,812.6374625943146,787.051321063529,799.8443918289217,3.2256081710783064
TR-044645,2025-10-10,october,Dry Van,769.4,1590.39,1570.0931473002581,1588.46327759654,1579.278212448399,11.111787551601083
TR-044646,2025-10-10,october,Dry Van,1708.9,3398.84,3458.1271049510237,3541.8707143271436,3499.9989096390836,101.1589096390835
TR-044647,2025-10-10,october,Dry Van,2672.2,4761.97,4743.811874902379,4619.273122275348,4681.542498588864,80.42750141113629
TR-044648,2025-10-10,october,Flatbed,1316.7,2890.9,2868.302109969013,2894.7639436761037,2881.5330268225584,9.36697317744165
TR-044649,2025-10-10,october,Reefer,324.1,866.98,893.5765121197554,889.6005621879021,891.5885371538288,24.60853715382882
TR-044650,2025-10-10,october,Dry Van,1265.9,2545.24,2470.4571450021244,2483.934979666978,2477.1960623345512,68.04393766544854
TR-044651,2025-10-10,october,Reefer,1042.9,2601.44,2546.9511537349476,2555.991752538056,2551.4714531365016,49.96854686349843
TR-044652,2025-10-10,october,Dry Van,517.5,1283.49,1256.3278785101427,1229.3272453067239,1242.8275619084334,40.66243809156663
TR-044653,2025-10-10,october,Dry Van,615.0,1327.27,1347.6880176206305,1334.6668051106867,1341.1774113656586,13.907411365658618
TR-044654,2025-10-10,october,Flatbed,952.6,2213.71,2266.5760594221892,2315.02924823013,2290.8026538261597,77.09265382615968
TR-044655,2025-10-10,october,Dry Van,1177.0,2460.2,2489.806103385978,2495.8563363775215,2492.83121988175,32.631219881749985
TR-044656,2025-10-10,october,Reefer,272.9,798.7,793.7199906452214,815.3848143840876,804.5524025146544,5.852402514654386
TR-044657,2025-10-10,october,Dry Van,383.0,906.37,911.4087041820081,896.5757287453171,903.9922164636625,2.3777835363374606
TR-044658,2025-10-10,october,Dry Van,1376.4,2636.13,2577.3060549116726,2640.719756751879,2609.0129058317757,27.117094168224412
TR-044659,2025-10-10,october,Dry Van,500.7,1146.59,1154.3547710838502,1170.9637123227212,1162.6592417032857,16.069241703285797
TR-044660,2025-10-10,october,Dry Van,672.6,1430.83,1403.773767750616,1400.6478183411673,1402.2107930458915,28.61920695410845
TR-044661,2025-10-10,october,Dry Van,1189.8,2381.74,2354.002670275457,2346.314606135207,2350.158638205332,31.581361794667828
TR-044662,2025-10-10,october,Flatbed,821.5,1862.97,1866.9120705089779,1892.0317990270767,1879.4719347680273,16.50193476802724
TR-044663,2025-10-10,october,Dry Van,246.4,634.08,630.6491532495186,608.68978603607,619.6694696427943,14.410530357205744
TR-044664,2025-10-10,october,Dry Van,333.1,877.06,863.3701176707103,860.6276688533801,861.9988932620452,15.061106737954788
TR-044665,2025-10-10,october,Flatbed,1094.2,2343.09,2480.526596905674,2505.1495411886067,2492.8380690471404,149.74806904714023
TR-044666,2025-10-10,october,Dry Van,292.3,770.02,765.550216789435,796.736079584842,781.1431481871384,11.12314818713844
TR-044667,2025-10-10,october,Dry Van,514.2,1180.98,1192.3213502733631,1185.143496982035,1188.732423627699,7.752423627699045
TR-044668,2025-10-10,october,Dry Van,1140.1,2260.68,2188.1093534110005,2268.8537742521776,2228.481563831589,32.19843616841081
TR-044669,2025-10-10,october,Reefer,1627.4,3613.73,3689.348012492886,3764.7021401101492,3727.0250763015174,113.29507630151738
TR-044670,2025-10-10,october,Dry Van,656.4,1431.42,1405.0101313708412,1400.3405465028952,1402.6753389368682,28.744661063131844
TR-044671,2025-10-10,october,Dry Van,444.7,200.31,1056.5787924676358,1034.7534522056171,1045.6661223366264,845.3561223366264
TR-044672,2025-10-10,october,Dry Van,1475.4,2740.91,2775.3385934227513,2671.8176733141618,2723.5781333684563,17.331866631543562
TR-044673,2025-10-10,october,Dry Van,1540.1,3052.02,3097.8049617703973,3070.5853654369757,3084.1951636036865,32.17516360368654
TR-044674,2025-10-10,october,Dry Van,1781.8,3638.92,3628.9169258879897,3581.28941406955,3605.10316997877,33.81683002123009
TR-044675,2025-10-10,october,Dry Van,1709.6,3223.52,3229.92306188115,3239.1933708300585,3234.558216355604,11.038216355604163
TR-044676,2025-10-10,october,Reefer,2440.1,5148.13,5120.797372160864,5244.460073908137,5182.628723034501,34.49872303450047
TR-044677,2025-10-10,october,Reefer,3094.1,6336.16,6205.657725710764,6248.919125399515,6227.28842555514,108.87157444486002
TR-044678,2025-10-10,october,Dry Van,692.6,1505.85,1506.2810059947253,1490.3900159693767,1498.335510982051,7.514489017949018
TR-044679,2025-10-10,october,Dry Van,1237.2,2540.67,2489.428086359124,2521.842738993581,2505.6354126763526,35.03458732364743
TR-044680,2025-10-10,october,Dry Van,627.3,1331.84,1314.4260153948928,1307.8355710665646,1311.1307932307286,20.709206769271304
TR-044681,2025-10-10,october,Dry Van,750.3,1633.71,1552.2904503260386,1567.4067574833675,1559.848603904703,73.8613960952971
TR-044682,2025-10-10,october,Flatbed,1978.5,4065.44,4041.7878938904737,4114.585276773485,4078.1865853319796,12.746585331979531
TR-044683,2025-10-10,october,Reefer,1177.8,2737.93,2762.9191090432532,2850.327541813013,2806.6233254281333,68.69332542813345
TR-044684,2025-10-10,october,Dry Van,540.8,1092.65,1153.6349765075793,1141.7510678707927,1147.693022189186,55.043022189185876
TR-044685,2025-10-10,october,Dry Van,2496.8,4871.12,4719.751555881213,4752.5708352849415,4736.161195583078,134.95880441692225
TR-044686,2025-10-10,october,Dry Van,545.7,1190.14,1204.9189046949514,1185.3912321204325,1195.155068407692,5.015068407691842
TR-044687,2025-10-10,october,Dry Van,389.5,905.9,899.5383074021785,871.4032141629773,885.4707607825778,20.42923921742215
TR-044688,2025-10-10,october,Dry Van,384.7,875.41,893.0260970757064,881.6784970867636,887.3522970812351,11.942297081235097
TR-044689,2025-10-10,october,Flatbed,899.3,2080.96,2185.929287576823,2185.2796050237152,2185.604446300269,104.64444630026901
TR-044690,2025-10-10,october,Flatbed,1501.1,3355.91,3355.6107278189124,3293.0905783760822,3324.3506530974973,31.55934690250251
TR-044691,2025-10-10,october,Flatbed,1064.8,2357.78,2424.377169161087,2355.568416918846,2389.9727930399667,32.192793039966546
TR-044692,2025-10-10,october,Reefer,1672.5,3711.34,3770.1676009538505,3768.7081275972646,3769.4378642755573,58.097864275557185
TR-044693,2025-10-10,october,Dry Van,914.1,362.69,1780.906325300604,1748.443809376829,1764.6750673387164,1401.9850673387164
TR-044694,2025-10-10,october,Flatbed,1827.8,3873.54,3801.0581123224256,3843.882096541592,3822.470104432009,51.0698955679909
TR-044695,2025-10-10,october,Dry Van,371.2,833.33,833.0569439855844,820.4713725977654,826.7641582916749,6.565841708325138
TR-044696,2025-10-10,october,Dry Van,1316.1,2599.36,2548.3437980705617,2553.883901938774,2551.113850004668,48.24614999533196
TR-044697,2025-10-10,october,Dry Van,1011.5,2073.63,2094.958106218798,2037.74361651066,2066.350861364729,7.279138635271011
TR-044698,2025-10-10,october,Dry Van,329.2,838.28,849.4168346920316,836.7793498356389,843.0980922638353,4.818092263835297
TR-044699,2025-10-10,october,Dry Van,418.7,961.44,956.2199016889394,958.5875870136817,957.4037443513106,4.036255648689462
TR-044700,2025-10-10,october,Reefer,712.6,1654.14,1706.8072306512663,1713.8038176642972,1710.3055241577817,56.16552415778165
TR-044701,2025-10-10,october,Dry Van,877.8,1747.88,1769.616740949755,1739.2187053367393,1754.4177231432473,6.537723143247149
TR-044702,2025-10-10,october,Flatbed,250.7,710.97,751.4089558149144,754.9062116361235,753.157583725519,42.18758372551895
TR-044703,2025-10-10,october,Reefer,201.7,610.44,635.5214961610164,644.9233860868733,640.2224411239449,29.782441123944864
TR-044704,2025-10-10,october,Dry Van,548.2,1258.79,1239.0605269927776,1225.0877151966217,1232.0741210946996,26.715878905300315
TR-044705,2025-10-10,october,Dry Van,836.9,1787.06,1771.7551787597738,1765.6625119239568,1768.7088453418653,18.351154658134647
TR-044706,2025-10-10,october,Dry Van,238.2,637.89,639.9739723058148,635.2859077185299,637.6299400121723,0.26005998782773077
TR-044707,2025-10-10,october,Reefer,976.1,2339.21,2355.9395031211693,2349.808105678262,2352.8738043997155,13.663804399715445
TR-044708,2025-10-10,october,Dry Van,773.3,1608.79,1567.502614971109,1547.3831439641258,1557.4428794676173,51.34712053238263
TR-044709,2025-10-10,october,Dry Van,2027.2,3775.5,3725.095018802346,3658.9236413183417,3692.009330060344,83.49066993965607
TR-044710,2025-10-10,october,Dry Van,461.2,1003.34,1009.9377989842537,1002.569682583194,1006.2537407837239,2.9137407837238243
TR-044711,2025-10-10,october,Dry Van,525.4,1226.9,1232.6098168119718,1227.2600608959438,1229.9349388539576,3.0349388539575557
TR-044712,2025-10-10,october,Dry Van,1952.7,3849.77,3787.2279475990417,3740.5003987476175,3763.8641731733296,85.90582682667036
TR-044713,2025-10-10,october,Dry Van,579.4,1328.5,1344.1653110554257,1305.8606896488668,1325.0130003521463,3.486999647853736
TR-044714,2025-10-10,october,Dry Van,1122.4,2169.55,2102.933234736066,2119.9953446832105,2111.4642897096383,58.08571029036193
TR-044715,2025-10-10,october,Flatbed,956.0,2089.85,2121.6360709328765,2146.446134523305,2134.0411027280907,44.191102728090755
TR-044716,2025-10-10,october,Dry Van,940.7,1909.37,1885.391831289022,1874.2761819718824,1879.8340066304522,29.53599336954767
TR-044717,2025-10-10,october,Dry Van,1838.9,3714.5,3633.0186658724833,3665.594339420823,3649.306502646653,65.19349735334708
TR-044718,2025-10-10,october,Dry Van,749.8,1525.78,1532.277513848106,1524.6538353693031,1528.4656746087046,2.6856746087046304
TR-044719,2025-10-10,october,Dry Van,1536.8,3046.89,3018.4208409033204,2946.998353651785,2982.7095972775523,64.18040272244752
TR-044720,2025-10-10,october,Reefer,973.7,2290.09,2261.4754352101813,2297.6123455986367,2279.543890404409,10.546109595591133
TR-044721,2025-10-10,october,Dry Van,1663.5,3221.15,3214.587079231522,3213.173581362773,3213.8803302971473,7.269669702852752
TR-044722,2025-10-10,october,Dry Van,586.5,1288.83,1289.5783966812926,1275.1090699896317,1282.3437333354623,6.486266664537652
TR-044723,2025-10-10,october,Dry Van,1234.4,2573.69,2593.5588477679917,2526.3429580637658,2559.950902915879,13.739097084121113
TR-044724,2025-10-10,october,Reefer,722.3,1717.37,1776.7678825512794,1747.9102083993876,1762.3390454753335,44.96904547533359
TR-044725,2025-10-10,october,Flatbed,863.0,1955.02,2018.5943435053343,2029.579425806539,2024.0868846559365,69.06688465593652
TR-044726,2025-10-10,october,Dry Van,861.2,1835.97,1852.2907314012996,1851.2139514021567,1851.7523414017282,15.782341401728218
TR-044727,2025-10-10,october,Dry Van,2061.9,3745.12,3816.579374961817,3798.0671555921026,3807.32326527696,62.20326527695988
TR-044728,2025-10-10,october,Dry Van,315.7,750.33,733.6088977048006,746.266175739944,739.9375367223722,10.392463277627826
TR-044729,2025-10-10,october,Dry Van,1689.5,3518.45,3385.6818841860336,3394.2676413620648,3389.974762774049,128.47523722595088
TR-044730,2025-10-10,october,Flatbed,1659.7,3543.04,3538.6072588219363,3559.271630874333,3548.9394448481344,5.899444848134408
TR-044731,2025-10-11,october,Flatbed,2134.7,4130.04,4267.739711806397,4304.203570797814,4285.971641302105,155.93164130210516
TR-044732,2025-10-11,october,Dry Van,952.7,2066.18,2008.09159770169,2020.727498400482,2014.409548051086,51.77045194891389
TR-044733,2025-10-11,october,Reefer,1877.8,3996.28,4071.2157685972447,4002.2508740444655,4036.733321320855,40.453321320854684
TR-044734,2025-10-11,october,Reefer,922.3,2143.64,2197.411757056202,2143.682655137486,2170.547206096844,26.90720609684422
TR-044735,2025-10-11,october,Dry Van,1218.3,2526.69,2531.019530396038,2496.80106047779,2513.910295436914,12.779704563085943
TR-044736,2025-10-11,october,Dry Van,655.2,1451.28,1457.3998435023573,1402.0991406430744,1429.7494920727158,21.530507927284134
TR-044737,2025-10-11,october,Dry Van,246.2,624.8,634.8831916545298,635.3994264482217,635.1413090513757,10.341309051375788
TR-044738,2025-10-11,october,Reefer,1939.9,4266.12,4193.145250975172,4186.121554532912,4189.6334027540415,76.48659724595836
TR-044739,2025-10-11,october,Dry Van,627.8,1446.63,1420.1309034530755,1421.913473140594,1421.0221882968349,25.607811703165225
TR-044740,2025-10-11,october,Dry Van,781.7,1659.78,1618.2371998244282,1646.873457137835,1632.5553284811317,27.224671518868263
TR-044741,2025-10-11,october,Flatbed,212.2,592.16,642.7142902447301,625.375977377528,634.0451338111291,41.885133811129094
TR-044742,2025-10-11,october,Dry Van,1995.0,3718.09,3744.582016389674,3692.481756484034,3718.531886436854,0.44188643685401985
TR-044743,2025-10-11,october,Flatbed,1182.9,2569.64,2646.204361791556,2645.1155194621306,2645.6599406268433,76.01994062684344
TR-044744,2025-10-11,october,Reefer,1731.4,3529.82,3634.2109215849023,3681.0986389290356,3657.654780256969,127.83478025696877
TR-044745,2025-10-11,october,Flatbed,398.9,995.91,1048.1273690791847,1042.2759587726937,1045.201663925939,49.29166392593913
TR-044746,2025-10-11,october,Dry Van,1220.0,2469.04,2526.206002063363,2466.208293858983,2496.207147961173,27.167147961173214
TR-044747,2025-10-11,october,Dry Van,533.4,1185.3,1188.7543164333215,1185.3796075588104,1187.0669619960659,1.766961996065902
TR-044748,2025-10-11,october,Dry Van,586.5,1222.96,1272.5664244166126,1283.1507441289848,1277.8585842727987,54.898584272798644
TR-044749,2025-10-11,october,Flatbed,332.3,830.84,864.130526683648,874.1433755072385,869.1369510954432,38.296951095443205
TR-044750,2025-10-11,october,Reefer,817.3,1833.98,1942.1402907383435,1925.0061941571896,1933.5732424477665,99.59324244776644
TR-044751,2025-10-11,october,Reefer,2241.6,4593.62,4586.050539239888,4634.33130675493,4610.190922997409,16.57092299740907
TR-044752,2025-10-11,october,Dry Van,253.3,576.81,595.4833352417544,586.1076982370232,590.7955167393889,13.985516739388913
TR-044753,2025-10-11,october,Flatbed,1247.9,2696.69,2767.498769503572,2800.978032022239,2784.2384007629053,87.5484007629052
TR-044754,2025-10-11,october,Dry Van,1499.4,2900.53,2972.1307316526845,2920.071939589401,2946.101335621043,45.571335621042635
TR-044755,2025-10-11,october,Dry Van,582.0,1409.03,1344.8313428087904,1347.1867645046163,1346.0090536567034,63.0209463432966
TR-044756,2025-10-11,october,Flatbed,114.6,330.59,366.1900816184411,369.82584828778886,368.007964953115,37.41796495311502
TR-044757,2025-10-11,october,Dry Van,1249.6,2634.45,2582.4235362654854,2547.2175260035847,2564.820531134535,69.62946886546479
TR-044758,2025-10-11,october,Dry Van,1591.9,3226.88,3167.8910306478942,3135.5903759545504,3151.7407033012223,75.1392966987778
TR-044759,2025-10-11,october,Dry Van,710.5,1539.47,1502.031409937778,1491.133800412823,1496.5826051753006,42.88739482469941
TR-044760,2025-10-11,october,Flatbed,524.0,1278.47,1326.9868290337058,1311.1964733829118,1319.0916512083088,40.621651208308776
TR-044761,2025-10-11,october,Flatbed,468.3,1171.99,1230.7625199104,1219.1329091268285,1224.9477145186142,52.95771451861424
TR-044762,2025-10-11,october,Reefer,220.4,652.79,684.2970404148325,679.2064598442096,681.751750129521,28.96175012952108
TR-044763,2025-10-11,october,Reefer,1054.5,2435.68,2482.367370349819,2474.751856210008,2478.5596132799137,42.87961327991388
TR-044764,2025-10-11,october,Dry Van,464.4,1097.91,1086.9680711615156,1075.4082500936775,1081.1881606275965,16.721839372403565
TR-044765,2025-10-11,october,Reefer,1131.8,2539.48,2576.174697651993,2546.01238595189,2561.0935418019417,21.613541801941665
TR-044766,2025-10-11,october,Dry Van,446.3,1029.56,1043.86656008487,1016.5926450311529,1030.2296025580113,0.6696025580113201
TR-044767,2025-10-11,october,Dry Van,1172.6,2369.47,2386.933803823782,2337.497309767019,2362.2155567954005,7.2544432045992835
TR-044768,2025-10-11,october,Dry Van,995.6,2008.85,2054.9796288687644,2023.137679725343,2039.0586542970536,30.208654297053727
TR-044769,2025-10-11,october,Flatbed,768.6,1774.03,1852.5943915011337,1843.8206156677925,1848.2075035844632,74.17750358446324
TR-044770,2025-10-11,october,Reefer,1620.0,3453.25,3599.735512693647,3593.3851604875686,3596.5603365906077,143.31033659060768
TR-044771,2025-10-11,october,Dry Van,590.0,1450.86,1393.3580328905566,1392.9088265630166,1393.1334297267867,57.726570273213156
TR-044772,2025-10-11,october,Flatbed,2089.2,4264.86,4348.328836164755,4399.8798385118625,4374.104337338309,109.24433733830938
TR-044773,2025-10-11,october,Dry Van,997.0,1850.81,1939.2887821280035,1932.1872913360646,1935.738036732034,84.92803673203412
TR-044774,2025-10-11,october,Dry Van,1623.4,3135.88,3083.4175656938505,3083.053330405525,3083.235448049688,52.644551950312234
TR-044775,2025-10-11,october,Dry Van,313.8,765.24,770.3019157713832,750.5046031110819,760.4032594412325,4.836740558767474
TR-044776,2025-10-11,october,Dry Van,1877.7,3622.4,3588.0748006647073,3544.4874053095336,3566.2811029871204,56.11889701287964
TR-044777,2025-10-11,october,Dry Van,1008.7,2038.84,2043.4754720299052,2049.928272120058,2046.7018720749816,7.8618720749816475
TR-044778,2025-10-11,october,Flatbed,2035.8,3969.34,4190.744044827339,4289.605528115365,4240.1747864713525,270.83478647135234
TR-044779,2025-10-11,october,Dry Van,3031.5,5512.17,5371.588091181145,5501.994339520395,5436.79121535077,75.37878464923051
TR-044780,2025-10-11,october,Dry Van,1101.4,2181.21,2139.633088822344,2089.6499114637795,2114.6415001430614,66.56849985693862
TR-044781,2025-10-11,october,Dry Van,1035.2,2154.25,2165.560764392721,2110.832801227738,2138.1967828102297,16.053217189770294
TR-044782,2025-10-11,october,Dry Van,1293.8,2695.97,2660.2776268745465,2642.3534555115343,2651.31554119304,44.65445880695961
TR-044783,2025-10-11,october,Dry Van,2638.6,4912.78,4881.858189698917,4942.900767333071,4912.3794785159935,0.4005214840062763
TR-044784,2025-10-11,october,Flatbed,674.2,1551.1,1606.2502131172919,1592.758727374718,1599.504470246005,48.404470246005076
TR-044785,2025-10-11,october,Dry Van,1981.9,3763.44,3737.6557594210212,3741.725282949295,3739.690521185158,23.74947881484195
TR-044786,2025-10-11,october,Dry Van,2721.3,4836.65,4777.074523615043,4905.65462569899,4841.364574657016,4.714574657016783
TR-044787,2025-10-11,october,Dry Van,1415.2,2770.88,2797.0322798800216,2765.0658691721915,2781.049074526107,10.16907452610667
TR-044788,2025-10-11,october,Dry Van,609.9,1366.29,1343.740997540826,1344.0875902216342,1343.9142938812302,22.375706118769813
TR-044789,2025-10-11,october,Dry Van,2181.5,4022.24,3960.1220642048456,3945.7458177533763,3952.933940979111,69.30605902088882
TR-044790,2025-10-11,october,Dry Van,1641.8,3331.13,3304.672195681445,3283.39778271955,3294.0349892004974,37.09501079950269
TR-044791,2025-10-11,october,Dry Van,539.8,1225.76,1161.3272388805724,1153.8141441952375,1157.570691537905,68.18930846209491
TR-044792,2025-10-11,october,Dry Van,374.2,913.55,887.7322478060709,880.6680821752677,884.2001649906692,29.349835009330718
TR-044793,2025-10-11,october,Dry Van,2074.4,4235.01,4135.711996882463,4085.2966095106176,4110.50430319654,124.50569680346052
TR-044794,2025-10-11,october,Reefer,304.8,815.47,840.6054492976092,832.3695083023213,836.4874787999652,21.017478799965147
TR-044795,2025-10-11,october,Reefer,1237.2,2868.54,2864.792954428111,2898.202076581338,2881.4975155047246,12.957515504724597
TR-044796,2025-10-11,october,Reefer,308.5,843.59,889.4513190743598,867.7466412244801,878.59898014942,35.008980149419926
TR-044797,2025-10-11,october,Reefer,957.4,2296.11,2314.3166447394183,2296.4651054858396,2305.390875112629,9.280875112629019
TR-044798,2025-10-11,october,Dry Van,1447.6,2811.96,2780.8044656813245,2802.3182856982344,2791.561375689779,20.39862431022084
TR-044799,2025-10-11,october,Dry Van,1179.2,2415.75,2385.8789517091373,2343.344274252855,2364.611612980996,51.13838701900386
TR-044800,2025-10-11,october,Dry Van,1426.2,2823.06,2838.8822450069856,2783.7301454608,2811.306195233893,11.753804766106896
TR-044801,2025-10-11,october,Dry Van,310.9,745.09,772.8422643144215,739.3114583193469,756.0768613168842,10.986861316884188
TR-044802,2025-10-11,october,Dry Van,1012.6,2086.52,2071.748461412652,2038.4429665200435,2055.095713966348,31.42428603365215
TR-044803,2025-10-11,october,Dry Van,136.3,374.65,400.8081034975125,400.1505500097851,400.4793267536488,25.829326753648843
TR-044804,2025-10-11,october,Flatbed,1012.8,2215.66,2254.0024514288652,2212.1558550988634,2233.079153263864,17.419153263864246
TR-044805,2025-10-11,october,Reefer,1131.2,2603.08,2619.3574514940947,2635.1843035772504,2627.2708775356723,24.19087753567237
TR-044806,2025-10-11,october,Flatbed,750.1,1687.27,1693.3815341261488,1704.6733491543514,1699.0274416402501,11.757441640250136
TR-044807,2025-10-11,october,Dry Van,1076.8,2232.09,2255.3174574290942,2270.0107491490876,2262.664103289091,30.574103289091
TR-044808,2025-10-11,october,Reefer,2594.3,5298.97,5307.971876825163,5382.344235378549,5345.158056101856,46.18805610185609
TR-044809,2025-10-11,october,Reefer,1261.1,2749.99,2831.008479324586,2848.987626023443,2839.9980526740146,90.00805267401483
TR-044810,2025-10-11,october,Dry Van,402.3,954.62,941.9509710419079,945.9464613975251,943.9487162197165,10.671283780283488
TR-044811,2025-10-11,october,Flatbed,1454.8,2995.69,3069.6045858853104,3101.44211127814,3085.5233485817253,89.8333485817252
TR-044812,2025-10-11,october,Dry Van,1071.3,2266.03,2276.622352863614,2255.55394637377,2266.088149618692,0.05814961869191393
TR-044813,2025-10-11,october,Dry Van,547.0,1260.72,1267.3124198816615,1253.6442603304974,1260.4783401060795,0.24165989392054144
TR-044814,2025-10-11,october,Dry Van,760.0,1530.36,1536.6227126688877,1498.8579008127488,1517.7403067408181,12.619693259181759
TR-044815,2025-10-11,october,Flatbed,1331.7,2836.3,2939.744702015876,2877.884747733462,2908.814724874669,72.5147248746689
TR-044816,2025-10-11,october,Reefer,2136.4,4245.61,4501.96461323812,4514.101017247936,4508.032815243028,262.4228152430287
TR-044817,2025-10-11,october,Dry Van,683.3,1560.25,1512.921236773813,1501.3377751102157,1507.1295059420145,53.120494057985525
TR-044818,2025-10-11,october,Dry Van,502.5,1092.72,1132.1730597947155,1117.0693454418335,1124.6212026182745,31.90120261827451
TR-044819,2025-10-11,october,Reefer,791.3,1765.53,1743.66808626582,1761.881710532096,1752.774898398958,12.755101601042043
TR-044820,2025-10-11,october,Dry Van,1080.2,2297.87,2236.4937487783804,2218.967984294019,2227.7308665361998,70.13913346380014
TR-044821,2025-10-11,october,Dry Van,371.9,845.88,855.4541451840317,838.9307801079531,847.1924626459925,1.3124626459924684
TR-044822,2025-10-11,october,Dry Van,730.1,1429.24,1433.067210835595,1421.7487558580656,1427.4079833468304,1.8320166531696032
TR-044823,2025-10-11,october,Dry Van,1193.6,2375.68,2400.305322164285,2383.7877142039533,2392.046518184119,16.366518184119286
TR-044824,2025-10-11,october,Flatbed,730.2,1693.39,1735.164981981022,1730.0037049833904,1732.5843434822064,39.19434348220625
TR-044825,2025-10-11,october,Dry Van,329.2,850.11,845.0072920272428,832.4050523876986,838.7061722074707,11.403827792529341
TR-044826,2025-10-11,october,Flatbed,1190.0,2482.78,2588.128087931167,2533.9087359714076,2561.0184119512874,78.23841195128716
TR-044827,2025-10-11,october,Dry Van,2204.7,4042.27,4126.409370714511,4115.65650930291,4121.03294000871,78.7629400087103
TR-044828,2025-10-11,october,Dry Van,749.7,1656.01,1635.3366969691801,1645.6714529685519,1640.504074968866,15.505925031133984
TR-044829,2025-10-11,october,Dry Van,323.6,743.88,761.3265591930306,742.6099032555935,751.968231224312,8.08823122431204
TR-044830,2025-10-11,october,Dry Van,2734.6,4972.57,5071.822223165755,4965.61439295218,5018.7183080589675,46.148308058967814
TR-044831,2025-10-11,october,Reefer,1055.3,2476.8,2492.4897280237637,2463.5618934062127,2478.0258107149884,1.2258107149882562
TR-044832,2025-10-11,october,Flatbed,1056.0,2236.15,2355.306563922152,2297.6110918785134,2326.458827900333,90.30882790033274
TR-044833,2025-10-11,october,Dry Van,200.6,574.74,570.1851428897,579.0884115867932,574.6367772382466,0.1032227617533863
TR-044834,2025-10-11,october,Flatbed,802.3,1861.31,1965.0587856547181,1979.4809512039376,1972.2698684293277,110.9598684293278
TR-044835,2025-10-11,october,Reefer,694.5,1599.63,1707.6674010772706,1665.7003826139694,1686.68389184562,87.05389184562
TR-044836,2025-10-11,october,Dry Van,2296.4,4403.49,4427.413991520971,4453.6066852093745,4440.510338365173,37.0203383651733
TR-044837,2025-10-11,october,Dry Van,1430.1,2854.96,2972.840135038403,2922.854009375305,2947.847072206854,92.8870722068541
TR-044838,2025-10-11,october,Flatbed,355.4,931.92,1000.5752173179276,992.0918990819914,996.3335581999595,64.41355819995954
TR-044839,2025-10-11,october,Dry Van,1008.9,2033.84,1983.3893414704194,1963.0510530946942,1973.220197282557,60.61980271744301
TR-044840,2025-10-11,october,Dry Van,181.3,502.51,491.06889228436825,477.85855728159936,484.46372478298383,18.04627521701616
TR-044841,2025-10-11,october,Dry Van,978.0,1954.46,2018.9534456130166,1999.1347709860952,2009.0441082995558,54.58410829955574
TR-044842,2025-10-11,october,Dry Van,603.2,1326.6,1342.9134710316448,1332.1631377834528,1337.5383044075488,10.938304407548912
TR-044843,2025-10-11,october,Dry Van,428.0,1007.0,1010.1363507901211,985.8320432843127,997.984197037217,9.015802962783027
TR-044844,2025-10-11,october,Flatbed,239.2,692.79,708.0108465547452,733.4613686845487,720.7361076196469,27.94610761964691
TR-044845,2025-10-11,october,Flatbed,718.0,1611.87,1695.2704876392738,1656.3316174047025,1675.8010525219881,63.93105252198825
TR-044846,2025-10-11,october,Dry Van,549.8,1215.94,1203.7330406603803,1183.4207602644956,1193.576900462438,22.363099537561993
TR-044847,2025-10-11,october,Reefer,2374.8,5148.98,5080.171727582343,5118.06303809135,5099.117382836846,49.86261716315312
TR-044848,2025-10-11,october,Dry Van,1000.7,2077.18,2062.156111723015,2032.054129791485,2047.10512075725,30.07487924274983
TR-044849,2025-10-11,october,Dry Van,816.1,1808.89,1839.3139720132986,1782.2365927413557,1810.7752823773271,1.8852823773270302
TR-044850,2025-10-11,october,Dry Van,1994.0,4011.46,3935.079127314761,3883.8145922282065,3909.446859771484,102.01314022851602
TR-044851,2025-10-11,october,Dry Van,315.9,749.86,764.8459872201119,766.8856424936903,765.8658148569011,16.00581485690111
TR-044852,2025-10-11,october,Flatbed,431.3,1039.91,1079.4964206308955,1062.7782330769746,1071.137326853935,31.227326853934983
TR-044853,2025-10-11,october,Dry Van,559.0,1146.55,1141.3904583056922,1133.416142413018,1137.403300359355,9.14669964064501
TR-044854,2025-10-11,october,Dry Van,135.0,355.43,382.6688571181684,370.8326183534107,376.7507377357895,21.32073773578952
TR-044855,2025-10-11,october,Dry Van,1563.3,3116.69,3058.887691847413,3125.334456697178,3092.111074272296,24.578925727704245
TR-044856,2025-10-11,october,Dry Van,457.5,1097.0,1100.5782742305619,1102.8459261750581,1101.71210020281,4.7121002028100065
TR-044857,2025-10-11,october,Reefer,1598.5,3693.98,3602.7867830040877,3643.681671352597,3623.2342271783423,70.74577282165774
TR-044858,2025-10-11,october,Reefer,1353.2,3019.09,3078.8852263401463,3079.9831628721377,3079.4341946061422,60.34419460614208
TR-044859,2025-10-11,october,Flatbed,603.9,1376.4,1423.7586278288072,1433.7938691594277,1428.7762484941175,52.37624849411736
TR-044860,2025-10-11,october,Flatbed,369.8,938.27,1003.9749286302156,989.1173239626485,996.546126296432,58.27612629643204
TR-044861,2025-10-11,october,Dry Van,1407.7,2823.1,2803.1638398648565,2770.2702028793747,2786.7170213721156,36.38297862788431
TR-044862,2025-10-11,october,Dry Van,2209.0,3892.95,3943.402303702841,3904.648045483936,3924.0251745933883,31.07517459338851
TR-044863,2025-10-11,october,Reefer,1176.7,2514.31,2586.517821244781,2574.9664928040033,2580.7421570243923,66.43215702439238
TR-044864,2025-10-11,october,Dry Van,856.5,1722.2,1712.1783692463332,1721.670983453398,1716.9246763498656,5.275323650134396
TR-044865,2025-10-11,october,Flatbed,1646.5,3391.39,3439.581007217688,3451.5527325121298,3445.5668698649088,54.176869864908895
TR-044866,2025-10-11,october,Reefer,429.0,1201.66,1215.4928368935502,1190.4855925539234,1202.989214723737,1.329214723736868
TR-044867,2025-10-11,october,Dry Van,2798.8,4879.73,4995.002205851785,4920.929746790482,4957.965976321133,78.23597632113342
TR-044868,2025-10-11,october,Dry Van,619.8,1401.87,1390.0998950493956,1384.8450356677922,1387.472465358594,14.397534641405855
TR-044869,2025-10-11,october,Dry Van,750.3,1541.11,1512.961566652565,1523.793761644521,1518.3776641485429,22.732335851457037
TR-044870,2025-10-11,october,Dry Van,1230.6,2345.48,2301.253833850342,2295.426385083619,2298.3401094669807,47.1398905330193
TR-044871,2025-10-11,october,Reefer,1453.1,3189.26,3161.925911933142,3157.270990928186,3159.5984514306638,29.661548569336446
TR-044872,2025-10-11,october,Dry Van,751.3,1523.39,1546.5507476574578,1500.2208373080462,1523.385792482752,0.004207517248005388
TR-044873,2025-10-11,october,Reefer,983.5,2187.08,2274.2213318140443,2247.140337452156,2260.6808346331,73.60083463310002
TR-044874,2025-10-11,october,Flatbed,1409.1,2896.66,3073.3924640016157,3147.7537168813496,3110.5730904414827,213.91309044148284
TR-044875,2025-10-11,october,Flatbed,706.9,1585.01,1675.249353845459,1634.250236795288,1654.7497953203733,69.73979532037333
TR-044876,2025-10-12,october,Dry Van,506.5,1180.75,1160.030260325725,1154.602901994435,1157.31658116008,23.433418839920023
TR-044877,2025-10-12,october,Dry Van,803.1,1651.48,1640.4870678571108,1677.3305610768634,1658.9088144669872,7.428814466987205
TR-044878,2025-10-12,october,Dry Van,1366.6,2915.51,2832.889450439506,2797.169487505626,2815.029468972566,100.48053102743415
TR-044879,2025-10-12,october,Dry Van,2146.4,4106.96,4158.43458441609,4083.5414842283017,4120.988034322196,14.028034322195708
TR-044880,2025-10-12,october,Reefer,369.3,972.47,985.4576196837644,975.2554721141003,980.3565458989324,7.886545898932354
TR-044881,2025-10-12,october,Dry Van,951.7,1839.31,1878.6813471008284,1863.5188847712502,1871.1001159360394,31.790115936039456
TR-044882,2025-10-12,october,Reefer,1833.2,3962.35,4008.840695891101,3935.943947728675,3972.392321809888,10.042321809888108
TR-044883,2025-10-12,october,Flatbed,1195.8,2680.49,2728.95852130124,2757.0571695093968,2743.007845405318,62.51784540531844
TR-044884,2025-10-12,october,Dry Van,819.2,1681.22,1736.4400735815623,1726.1622463798817,1731.3011599807219,50.08115998072185
TR-044885,2025-10-12,october,Dry Van,610.2,1312.85,1309.1067878661902,1298.813738564002,1303.9602632150961,8.88973678490379
TR-044886,2025-10-12,october,Reefer,352.7,958.68,999.3779414252178,967.143325222534,983.2606333238759,24.580633323875986
TR-044887,2025-10-12,october,Dry Van,2144.2,3864.18,3876.04599322104,3907.697579204574,3891.871786212807,27.691786212807074
TR-044888,2025-10-12,october,Reefer,1854.4,3843.11,3927.6578971048275,3915.998834151898,3921.828365628363,78.71836562836279
TR-044889,2025-10-12,october,Dry Van,2755.5,4837.8,4930.524116998498,4759.001011149824,4844.762564074161,6.962564074160582
TR-044890,2025-10-12,october,Dry Van,1415.1,2799.64,2804.8738660536574,2783.464881091555,2794.169373572606,5.470626427393654
TR-044891,2025-10-12,october,Dry Van,546.7,432.52,1254.8014438703956,1266.7257903811246,1260.76361712576,828.24361712576
TR-044892,2025-10-12,october,Reefer,961.7,2329.16,2324.7239755697005,2300.470009268868,2312.596992419284,16.563007580715748
TR-044893,2025-10-12,october,Dry Van,1578.1,3231.04,3208.9708798687425,3180.7208637999906,3194.8458718343663,36.19412816563363
TR-044894,2025-10-12,october,Flatbed,621.0,1505.96,1581.1340242815418,1563.1361788998577,1572.1351015906998,66.1751015906998
TR-044895,2025-10-12,october,Reefer,505.3,1172.21,1246.4426517336492,1212.7750013724913,1229.6088265530702,57.398826553070194
TR-044896,2025-10-12,october,Flatbed,1907.0,3753.51,3921.942829296234,3909.434340775806,3915.68858503602,162.17858503601974
TR-044897,2025-10-12,october,Dry Van,638.6,1449.56,1440.5265717265595,1447.0540546010986,1443.790313163829,5.769686836170877
TR-044898,2025-10-12,october,Reefer,571.6,1316.22,1362.8796750880467,1345.4729196922017,1354.176297390124,37.956297390124064
TR-044899,2025-10-12,october,Reefer,684.5,1556.89,1613.8800284640076,1591.8407543005683,1602.860391382288,45.97039138228797
TR-044900,2025-10-12,october,Reefer,1329.5,3117.01,3127.121078495833,3115.151301450859,3121.136189973346,4.126189973345845
TR-044901,2025-10-12,october,Dry Van,852.8,1732.05,1743.8443313280704,1742.7343899671578,1743.289360647614,11.239360647614149
TR-044902,2025-10-12,october,Dry Van,1130.2,2452.86,2348.9517782274006,2362.1495249879945,2355.5506516076975,97.30934839230258
TR-044903,2025-10-12,october,Flatbed,544.6,1167.24,1262.8332732537322,1239.5679664169909,1251.2006198353615,83.96061983536151
TR-044904,2025-10-12,october,Dry Van,339.2,796.65,802.3746494946306,797.5543747347747,799.9645121147026,3.3145121147026657
TR-044905,2025-10-12,october,Dry Van,1806.9,3608.45,3564.7627622657296,3549.211098099525,3556.9869301826275,51.46306981737234
TR-044906,2025-10-12,october,Flatbed,769.1,1577.46,1680.5882247619709,1690.31827052916,1685.4532476455654,107.99324764556536
TR-044907,2025-10-12,october,Reefer,989.7,2122.59,2236.1410459286653,2210.903692135416,2223.522369032041,100.9323690320407
TR-044908,2025-10-12,october,Reefer,631.5,1620.62,1642.6198157894776,1634.763696686715,1638.6917562380963,18.07175623809644
TR-044909,2025-10-12,october,Dry Van,467.4,974.16,982.1810170440475,953.2898648875787,967.735440965813,6.424559034186927
TR-044910,2025-10-12,october,Reefer,2327.0,4812.85,4834.698399599938,4833.5344316482115,4834.116415624075,21.266415624074398
TR-044911,2025-10-12,october,Dry Van,2398.8,4265.2,4387.247832375503,4403.721978550248,4395.484905462876,130.28490546287594
TR-044912,2025-10-12,october,Dry Van,315.5,746.79,753.0987485421156,736.3900686957088,744.7444086189122,2.0455913810877746
TR-044913,2025-10-12,october,Reefer,1132.3,2585.31,2602.525584164708,2563.617509084287,2583.0715466244974,2.2384533755025586
TR-044914,2025-10-12,october,Reefer,803.8,1979.4,1965.9208862121839,1954.1263302830603,1960.0236082476222,19.376391752377913
TR-044915,2025-10-12,october,Dry Van,329.1,792.03,782.8436122998553,780.2495408633886,781.5465765816219,10.483423418378038
TR-044916,2025-10-12,october,Reefer,1721.1,3526.26,3708.560468679117,3560.2459041457005,3634.403186412409,108.1431864124088
TR-044917,2025-10-12,october,Flatbed,439.2,1101.8,1159.9422452055996,1162.9061245453074,1161.4241848754536,59.62418487545369
TR-044918,2025-10-12,october,Reefer,1977.2,4145.89,4240.64481470649,4262.472613449587,4251.558714078039,105.66871407803865
TR-044919,2025-10-12,october,Flatbed,1032.9,2252.88,2352.7686908010924,2346.4443139438663,2349.6065023724796,96.72650237247944
TR-044920,2025-10-12,october,Dry Van,583.3,1295.02,1288.9133343242886,1274.047153097303,1281.4802437107958,13.539756289204206
TR-044921,2025-10-12,october,Reefer,214.0,629.25,651.8154281117247,650.7781255364428,651.2967768240837,22.046776824083736
TR-044922,2025-10-12,october,Dry Van,346.6,766.12,798.8655318600564,791.631347039031,795.2484394495436,29.128439449543635
TR-044923,2025-10-12,october,Dry Van,1884.8,3712.11,3655.829511999844,3624.9155981976464,3640.372555098745,71.737444901255
TR-044924,2025-10-12,october,Reefer,2012.6,4374.85,4327.436136746377,4360.432663967764,4343.93440035707,30.91559964292992
TR-044925,2025-10-12,october,Dry Van,2007.3,3853.08,3816.404316570373,3839.0559546418426,3827.730135606108,25.34986439389195
TR-044926,2025-10-12,october,Reefer,1111.3,2593.74,2548.0160734093956,2554.426438023056,2551.2212557162256,42.51874428377414
TR-044927,2025-10-12,october,Reefer,774.5,1755.06,1811.776587984325,1765.0747356926292,1788.425661838477,33.36566183847708
TR-044928,2025-10-12,october,Dry Van,786.3,1604.81,1593.383232396659,1549.2560755067602,1571.3196539517096,33.49034604829035
TR-044929,2025-10-12,october,Reefer,873.7,2067.28,2073.150626195566,2058.9126675556563,2066.031646875611,1.2483531243892685
TR-044930,2025-10-12,october,Dry Van,1296.3,2429.12,2446.8039781612615,2446.0572857304105,2446.430631945836,17.31063194583612
TR-044931,2025-10-12,october,Dry Van,1491.6,2897.41,2959.6267476556054,2882.6649024152566,2921.145825035431,23.735825035430935
TR-044932,2025-10-12,october,Dry Van,963.2,2020.05,2061.8060955996098,2021.993280749785,2041.8996881746975,21.849688174697576
TR-044933,2025-10-12,october,Dry Van,580.2,1222.18,1232.5928866340732,1187.3880062039336,1209.9904464190035,12.189553580996517
TR-044934,2025-10-12,october,Flatbed,850.2,2026.79,2132.4604366354924,2089.8734752163596,2111.1669559259262,84.37695592592627
TR-044935,2025-10-12,october,Flatbed,874.3,1802.29,1916.2070249596802,1895.6378311071833,1905.9224280334317,103.63242803343178
TR-044936,2025-10-12,october,Dry Van,70.0,223.8,274.8570159446237,258.3962158175084,266.6266158810661,42.82661588106606
TR-044937,2025-10-12,october,Reefer,1168.4,2480.64,2570.396122123334,2497.73882494664,2534.0674735349867,53.4274735349868
TR-044938,2025-10-12,october,Dry Van,325.1,775.68,772.5520478440613,763.6543789846658,768.1032134143636,7.576786585636341
TR-044939,2025-10-12,october,Reefer,1196.6,2807.38,2815.4367993307337,2750.4057066457035,2782.921252988219,24.45874701178127
TR-044940,2025-10-12,october,Dry Van,935.2,1904.64,1878.125246465463,1838.004776301726,1858.0650113835945,46.57498861640556
TR-044941,2025-10-12,october,Dry Van,1245.4,2344.65,2360.6597292982624,2396.4666707356846,2378.5632000169735,33.913200016973406
TR-044942,2025-10-12,october,Dry Van,1240.3,2284.16,2273.085770451975,2250.4038904772724,2261.7448304646236,22.415169535376208
TR-044943,2025-10-12,october,Dry Van,1546.2,2859.94,2874.3998746968705,2873.663641392552,2874.0317580447113,14.091758044711241
TR-044944,2025-10-12,october,Dry Van,2366.7,4523.92,4451.001256242678,4458.196499868429,4454.5988780555535,69.32112194444653
TR-044945,2025-10-12,october,Dry Van,1880.4,3498.59,3627.372128793189,3545.735829915029,3586.5539793541093,87.96397935410914
TR-044946,2025-10-12,october,Flatbed,2516.0,4783.76,4861.997379735922,5000.256293863362,4931.126836799642,147.36683679964153
TR-044947,2025-10-12,october,Reefer,1555.5,3322.62,3465.4086773818854,3419.570079972337,3442.4893786771113,119.8693786771114
TR-044948,2025-10-12,october,Reefer,1011.9,2199.27,2279.475682234414,2230.9231649599005,2255.199423597157,55.92942359715698
TR-044949,2025-10-12,october,Reefer,938.8,2202.28,2233.889439733372,2224.3481632100033,2229.1188014716877,26.838801471687475
TR-044950,2025-10-12,october,Dry Van,2057.2,3819.25,3828.9605361229314,3765.3946886290405,3797.177612375986,22.072387624014027
TR-044951,2025-10-12,october,Dry Van,2411.9,4442.15,4303.641688418806,4353.4180251062035,4328.529856762505,113.62014323749463
TR-044952,2025-10-12,october,Reefer,644.1,1592.63,1609.4974224926596,1593.4097189631664,1601.4535707279128,8.823570727912738
TR-044953,2025-10-12,october,Reefer,557.5,1353.73,1362.732522505261,1387.222336442078,1374.9774294736694,21.2474294736694
TR-044954,2025-10-12,october,Flatbed,1344.7,3049.31,3024.186326149352,3022.2262630298874,3023.2062945896196,26.10370541038037
TR-044955,2025-10-12,october,Dry Van,970.6,2060.7,2041.4821482083184,2022.298943253778,2031.8905457310482,28.80945426895164
TR-044956,2025-10-12,october,Dry Van,501.8,1090.6,1099.8163769240346,1077.0277788146896,1088.422077869362,2.177922130637853
TR-044957,2025-10-12,october,Dry Van,779.1,1665.24,1627.865761988759,1630.4180649926036,1629.1419134906814,36.09808650931859
TR-044958,2025-10-12,october,Dry Van,2634.3,4609.39,4685.7148090208175,4732.99947214824,4709.357140584529,99.96714058452835
TR-044959,2025-10-12,october,Dry Van,700.4,1524.44,1540.37920041007,1503.2025471877873,1521.7908737989287,2.64912620107134
TR-044960,2025-10-12,october,Flatbed,647.5,1626.35,1701.4097509143055,1664.2530492682472,1682.8314000912765,56.481400091276555
TR-044961,2025-10-12,october,Flatbed,861.6,1981.41,2039.3150097254136,2011.0030549306712,2025.1590323280425,43.749032328042404
TR-044962,2025-10-12,october,Flatbed,179.4,502.61,520.8841663064007,543.8589121993323,532.3715392528666,29.761539252866555
TR-044963,2025-10-12,october,Dry Van,445.0,1050.72,1048.6469108341653,1006.3037918990592,1027.4753513666124,23.24464863338767
TR-044964,2025-10-12,october,Dry Van,2347.0,4121.83,4194.171639751757,4153.06966192895,4173.620650840354,51.79065084035392
TR-044965,2025-10-12,october,Dry Van,859.5,1868.9,1806.0098872915441,1814.846266312202,1810.428076801873,58.471923198127115
TR-044966,2025-10-12,october,Dry Van,1576.7,3120.57,3071.444134746655,3018.059725020878,3044.7519298837665,75.81807011623368
TR-044967,2025-10-12,october,Reefer,326.2,818.7,864.4740716521135,855.1173352394619,859.7957034457877,41.09570344578765
TR-044968,2025-10-12,october,Flatbed,668.0,1487.88,1574.9213169978598,1531.4147622907647,1553.168039644312,65.288039644312
TR-044969,2025-10-12,october,Flatbed,311.9,849.59,888.5840814881847,898.0367335443268,893.3104075162557,43.720407516255705
TR-044970,2025-10-12,october,Reefer,1608.0,3464.77,3542.0543496925375,3534.5442856473014,3538.299317669919,73.52931766991924
TR-044971,2025-10-12,october,Dry Van,1357.4,2384.04,2540.130006106017,2464.2211433325792,2502.1755747192983,118.13557471929835
TR-044972,2025-10-12,october,Dry Van,2666.9,4665.83,4740.866255771609,4665.762051518254,4703.314153644931,37.48415364493121
TR-044973,2025-10-12,october,Dry Van,2269.7,4210.88,4299.183047502936,4218.596984270679,4258.890015886807,48.010015886807196
TR-044974,2025-10-12,october,Flatbed,208.3,593.57,600.8382343133601,630.9550738376629,615.8966540755115,22.326654075511442
TR-044975,2025-10-12,october,Dry Van,2291.8,4123.49,4272.8114947906115,4305.55422282816,4289.182858809386,165.69285880938605
TR-044976,2025-10-12,october,Dry Van,322.1,786.08,798.7074725250899,793.8010389001033,796.2542557125967,10.174255712596619
TR-044977,2025-10-12,october,Dry Van,525.9,1089.89,1126.6191135264105,1138.01795022121,1132.3185318738101,42.428531873810016
TR-044978,2025-10-12,october,Dry Van,2052.3,3945.78,4049.4430055707076,3927.6926462475444,3988.567825909126,42.787825909125786
TR-044979,2025-10-12,october,Reefer,1598.2,3500.91,3498.097960975135,3506.7889389128477,3502.4434499439913,1.5334499439913998
TR-044980,2025-10-12,october,Dry Van,1019.8,2147.73,2085.72608422372,2070.1048407811236,2077.915462502422,69.81453749757793
TR-044981,2025-10-12,october,Dry Van,489.0,983.62,1009.8993137089136,1001.9389120975829,1005.9191129032483,22.29911290324833
TR-044982,2025-10-12,october,Reefer,948.6,2081.43,2194.578886054455,2166.9126099282666,2180.745747991361,99.31574799136115
TR-044983,2025-10-12,october,Reefer,612.5,313.05,1468.919085548947,1509.121039336821,1489.020062442884,1175.970062442884
TR-044984,2025-10-12,october,Reefer,560.4,1381.56,1381.7829445742102,1404.8331037833068,1393.3080241787584,11.748024178758442
TR-044985,2025-10-12,october,Dry Van,128.4,352.69,355.381990160621,355.98179211452134,355.68189113757114,2.9918911375711446
TR-044986,2025-10-12,october,Dry Van,921.1,1775.61,1837.0505036011486,1814.9969487775834,1826.023726189366,50.413726189366116
TR-044987,2025-10-12,october,Dry Van,1385.1,2815.42,2823.5539987769967,2752.7725100070575,2788.163254392027,27.256745607973244
TR-044988,2025-10-12,october,Dry Van,1184.3,2413.61,2279.085224929479,2311.9722763558216,2295.5287506426503,118.08124935734986
TR-044989,2025-10-12,october,Dry Van,809.7,1658.07,1627.8406562293364,1659.726585999318,1643.7836211143272,14.286378885672775
TR-044990,2025-10-12,october,Flatbed,850.6,1805.16,1925.4603611945142,1928.1412941121196,1926.800827653317,121.64082765331682
TR-044991,2025-10-12,october,Reefer,1044.0,2588.9,2515.5880923691657,2522.5167741433434,2519.0524332562545,69.84756674374557
TR-044992,2025-10-12,october,Dry Van,1272.4,2366.64,2342.5090034466457,2401.302131328251,2371.905567387448,5.2655673874483
TR-044993,2025-10-12,october,Dry Van,686.5,1431.36,1426.5724435396337,1420.0091733613149,1423.2908084504743,8.069191549525613
TR-044994,2025-10-12,october,Reefer,350.6,864.2,915.854390116551,876.3002202812381,896.0773051988946,31.877305198894533
TR-044995,2025-10-12,october,Dry Van,523.5,1150.82,1143.2931019438604,1122.3919439970732,1132.8425229704667,17.977477029533247
TR-044996,2025-10-12,october,Flatbed,2571.0,4984.52,5076.469061418746,5146.028582909012,5111.248822163879,126.72882216387825
TR-044997,2025-10-12,october,Reefer,1497.1,3322.65,3304.0406802150746,3233.1551521554256,3268.59791618525,54.05208381474995
TR-044998,2025-10-12,october,Dry Van,456.0,1079.12,1065.7756076876678,1068.7763934957557,1067.2760005917116,11.843999408288255
TR-044999,2025-10-12,october,Reefer,1812.2,3867.4,3985.338368496221,4001.6948416980968,3993.516605097159,126.11660509715875
TR-045000,2025-10-12,october,Reefer,334.0,945.35,935.401474788774,930.3525184612868,932.8769966250304,12.473003374969608
TR-045001,2025-10-12,october,Flatbed,2879.7,5730.73,5715.309508841084,5895.743239149626,5805.526373995355,74.79637399535568
TR-045002,2025-10-12,october,Reefer,1041.5,2294.83,2370.093429053767,2379.505116056536,2374.799272555151,79.96927255515129
TR-045003,2025-10-12,october,Dry Van,648.8,1383.94,1395.7139026540979,1368.877100567104,1382.295501610601,1.644498389399132
TR-045004,2025-10-12,october,Dry Van,1620.9,3086.31,3070.1316261494294,3161.363051084299,3115.747338616864,29.437338616864054
TR-045005,2025-10-12,october,Reefer,1103.4,2404.85,2501.5628708932845,2445.2871538225745,2473.4250123579295,68.57501235792961
TR-045006,2025-10-12,october,Dry Van,423.7,986.83,998.8630009667284,975.8171761386409,987.3400885526846,0.5100885526845786
TR-045007,2025-10-12,october,Reefer,2015.4,4289.52,4371.976599474523,4441.608066905577,4406.79233319005,117.27233319004972
TR-045008,2025-10-12,october,Reefer,295.8,841.8,863.7940214014349,849.2881522102382,856.5410868058366,14.74108680583663
TR-045009,2025-10-12,october,Dry Van,766.3,1618.21,1630.1468181958815,1633.132651652615,1631.6397349242484,13.42973492424835
TR-045010,2025-10-12,october,Dry Van,315.4,754.57,749.8788618454215,742.0735312910315,745.9761965682264,8.593803431773608
TR-045011,2025-10-12,october,Dry Van,2007.3,3683.59,3726.2908226241066,3661.734011172731,3694.0124168984185,10.422416898418305
TR-045012,2025-10-12,october,Dry Van,471.7,1055.09,1037.663166994194,1045.0003675314665,1041.3317672628302,13.758232737169692
TR-045013,2025-10-12,october,Dry Van,1547.1,2762.18,2806.0058390741083,2807.41264398117,2806.7092415276393,44.52924152763944
TR-045014,2025-10-12,october,Reefer,863.8,2187.12,2221.6178696522693,2144.435779044013,2183.0268243481414,4.093175651858473
TR-045015,2025-10-12,october,Dry Van,1230.9,2335.28,2345.8162418646593,2330.1295763339363,2337.972909099298,2.6929090992975944
TR-045016,2025-10-12,october,Dry Van,1244.3,2617.89,2561.9446182390034,2580.7847389240815,2571.3646785815426,46.525321418457224
TR-045017,2025-10-12,october,Flatbed,839.3,1872.51,1970.6644576617412,1955.0606724950453,1962.8625650783933,90.35256507839335
TR-045018,2025-10-12,october,Dry Van,1172.6,2281.0,2361.127763350116,2323.4330001122757,2342.280381731196,61.28038173119603
TR-045019,2025-10-12,october,Dry Van,1553.7,3022.71,2965.4920307402367,2971.8088217034397,2968.650426221838,54.05957377816185
TR-045020,2025-10-12,october,Reefer,1091.3,2392.62,2498.9784270512127,2484.3617945713822,2491.6701108112975,99.0501108112976
TR-045021,2025-10-12,october,Dry Van,828.4,1658.02,1679.8236620226169,1684.250860528458,1682.0372612755373,24.017261275537294
TR-045022,2025-10-12,october,Flatbed,2304.8,1384.9,4625.916468930345,4787.121811429402,4706.519140179874,3321.6191401798737
TR-045023,2025-10-12,october,Flatbed,1670.1,3319.48,3486.8642710533804,3506.6531594326498,3496.758715243015,177.27871524301509
TR-045024,2025-10-12,october,Reefer,433.4,3362.18,1171.5912291034176,1167.5028281090522,1169.547028606235,2192.632971393765
TR-045025,2025-10-12,october,Dry Van,492.9,1067.05,1063.1052840820112,1046.2688675690993,1054.6870758255552,12.362924174444743
TR-045026,2025-10-12,october,Reefer,1675.4,3341.53,3484.2190618813465,3427.649723982714,3455.9343929320303,114.40439293203008
TR-045027,2025-10-12,october,Reefer,1246.6,2778.71,2843.0112786934274,2786.5780398438906,2814.794659268659,36.084659268658925
TR-045028,2025-10-12,october,Dry Van,763.0,1565.85,1558.3064669818648,1515.1117148251287,1536.7090909034969,29.140909096503037
TR-045029,2025-10-12,october,Dry Van,1349.9,2688.28,2659.056148353222,2613.130729051818,2636.09343870252,52.18656129748024
TR-045030,2025-10-12,october,Flatbed,563.3,1216.24,1218.1952507118037,1245.7636653067084,1231.9794580092562,15.739458009256168
TR-045031,2025-10-12,october,Dry Van,1221.9,2555.23,2550.2692174010076,2531.238682229276,2540.753949815142,14.476050184858195
TR-045032,2025-10-13,october,Dry Van,3062.2,5345.38,5411.612811441984,5315.8844300922,5363.748620767092,18.36862076709167
TR-045033,2025-10-13,october,Reefer,1029.6,2284.89,2385.6626249965384,2388.2235152317235,2386.943070114131,102.05307011413106
TR-045034,2025-10-13,october,Dry Van,204.2,514.9,526.1367636041239,521.5007224750614,523.8187430395926,8.918743039592641
TR-045035,2025-10-13,october,Dry Van,1312.8,2543.97,2512.2830421423746,2521.1251528063995,2516.704097474387,27.265902525613
TR-045036,2025-10-13,october,Flatbed,633.1,1451.04,1467.4323718897829,1488.8155790403248,1478.1239754650537,27.083975465053754
TR-045037,2025-10-13,october,Reefer,556.7,1369.27,1371.1278575407384,1376.2093702520015,1373.66861389637,4.39861389637008
TR-045038,2025-10-13,october,Dry Van,1367.9,2571.86,2628.0584360164994,2572.247766668039,2600.153101342269,28.293101342268983
TR-045039,2025-10-13,october,Dry Van,2180.1,3988.55,4021.8292858973837,3940.6882992744377,3981.2587925859107,7.291207414089513
TR-045040,2025-10-13,october,Dry Van,268.3,638.18,646.4887216780654,623.7755378573663,635.1321297677159,3.0478702322840263
TR-045041,2025-10-13,october,Dry Van,1765.1,3640.18,3564.962655731826,3468.6669766742293,3516.8148162030275,123.36518379697236
TR-045042,2025-10-13,october,Flatbed,534.2,1355.62,1420.7846500785743,1398.8007018434455,1409.79267596101,54.1726759610101
TR-045043,2025-10-13,october,Flatbed,1878.1,3927.57,4010.2708311184565,3941.019540459063,3975.6451857887596,48.07518578875943
TR-045044,2025-10-13,october,Dry Van,2311.7,4503.52,4461.161639815423,4429.773705596546,4445.467672705985,58.05232729401541
TR-045045,2025-10-13,october,Flatbed,826.2,1849.17,1919.9828317392587,1907.7008520454478,1913.8418418923534,64.67184189235331
TR-045046,2025-10-13,october,Flatbed,2471.3,4879.94,4895.041092426176,4991.320475986183,4943.180784206179,63.24078420617934
TR-045047,2025-10-13,october,Dry Van,1299.7,2605.57,2668.7106177236064,2602.070970370166,2635.390794046886,29.82079404688602
TR-045048,2025-10-13,october,Reefer,1119.3,2474.28,2552.8804611724427,2462.734693602589,2507.8075773875157,33.52757738751552
TR-045049,2025-10-13,october,Dry Van,1401.3,2777.82,2686.79207057278,2725.2145046673854,2706.003287620083,71.81671237991713
TR-045050,2025-10-13,october,Dry Van,2086.2,3819.0,3821.0283773882734,3774.7332330700137,3797.8808052291433,21.119194770856666
TR-045051,2025-10-13,october,Reefer,1828.1,3824.2,4004.986978325789,4029.3707328588825,4017.178855592336,192.978855592336
TR-045052,2025-10-13,october,Reefer,2442.4,4974.03,5036.375633881122,5126.106626100607,5081.2411299908645,107.21112999086472
TR-045053,2025-10-13,october,Reefer,229.4,700.87,707.1403611460215,729.0872754483473,718.1138182971845,17.243818297184475
TR-045054,2025-10-13,october,Dry Van,1214.7,2315.28,2330.3395148505924,2323.1052361429993,2326.722375496796,11.442375496795648
TR-045055,2025-10-13,october,Dry Van,898.1,1829.25,1782.398736560312,1762.085201988633,1772.2419692744725,57.00803072552753
TR-045056,2025-10-13,october,Dry Van,1602.4,3162.14,3101.820727870239,3117.000399910011,3109.4105638901246,52.72943610987522
TR-045057,2025-10-13,october,Dry Van,496.9,1143.08,1133.7467871689594,1126.8827975450158,1130.3147923569877,12.765207643012218
TR-045058,2025-10-13,october,Dry Van,199.9,519.54,536.4134116125854,535.71104390193,536.0622277572577,16.522227757257724
TR-045059,2025-10-13,october,Dry Van,1450.0,3007.71,2986.946877652885,2964.7923208328107,2975.869599242848,31.84040075715211
TR-045060,2025-10-13,october,Reefer,420.9,183.77,1063.203834414903,1076.865500987809,1070.0346677013558,886.2646677013558
TR-045061,2025-10-13,october,Reefer,220.1,627.77,667.8145527925733,663.2769709856548,665.545761889114,37.77576188911405
TR-045062,2025-10-13,october,Dry Van,741.5,1637.63,1597.277920543844,1606.3376171897946,1601.8077688668193,35.82223113318082
TR-045063,2025-10-13,october,Reefer,214.6,614.9,652.1737259436662,641.4139428770154,646.7938344103409,31.8938344103409
TR-045064,2025-10-13,october,Dry Van,317.0,742.08,760.4500824095026,750.5933870590013,755.5217347342519,13.441734734251895
TR-045065,2025-10-13,october,Dry Van,1932.6,3874.45,3811.340657541147,3787.3648010601605,3799.3527293006537,75.09727069934615
TR-045066,2025-10-13,october,Dry Van,2869.2,5162.77,5220.815887406508,5145.304332222527,5183.060109814518,20.290109814517564
TR-045067,2025-10-13,october,Dry Van,751.7,1471.76,1523.0689179472256,1484.0708956657531,1503.5699068064894,31.80990680648938
TR-045068,2025-10-13,october,Dry Van,168.4,477.88,494.99377097351123,478.08381401062366,486.53879249206744,8.658792492067448
TR-045069,2025-10-13,october,Flatbed,431.5,1067.9,1119.158553332753,1122.472508983324,1120.8155311580385,52.91553115803845
TR-045070,2025-10-13,october,Dry Van,1600.5,3050.52,3064.1998391466805,2997.7511773682386,3030.9755082574593,19.544491742540686
TR-045071,2025-10-13,october,Dry Van,1297.6,2695.24,2688.3103766372096,2644.810709974401,2666.5605433058054,28.679456694194414
TR-045072,2025-10-13,october,Dry Van,1161.0,2331.4,2310.1508192888436,2282.3010514342564,2296.22593536155,35.17406463845009
TR-045073,2025-10-13,october,Dry Van,321.9,778.13,796.9762613684002,765.8753791541433,781.4258202612717,3.2958202612717287
TR-045074,2025-10-13,october,Dry Van,1205.1,2334.39,2380.0993199808336,2355.643347432016,2367.8713337064246,33.48133370642472
TR-045075,2025-10-13,october,Dry Van,254.7,679.14,657.7293419389574,644.413621130471,651.0714815347142,28.06851846528582
TR-045076,2025-10-13,october,Flatbed,522.6,1291.98,1371.1274369518076,1330.6424132856464,1350.884925118727,58.90492511872708
TR-045077,2025-10-13,october,Dry Van,783.8,1628.59,1617.9628851168784,1637.245322154882,1627.6041036358802,0.9858963641197533
TR-045078,2025-10-13,october,Reefer,2947.1,5863.45,5886.1412900298,5975.899098050486,5931.020194040143,67.57019404014318
TR-045079,2025-10-13,october,Dry Van,619.7,1337.68,1384.4814804690814,1385.4059983028073,1384.9437393859444,47.26373938594429
TR-045080,2025-10-13,october,Flatbed,394.7,931.92,969.9585494763712,978.802090449127,974.3803199627491,42.46031996274917
TR-045081,2025-10-13,october,Reefer,1859.8,4140.0,4118.138989070982,4112.935646642388,4115.537317856684,24.46268214331576
TR-045082,2025-10-13,october,Reefer,1597.1,3580.57,3633.2522769621423,3666.837298714926,3650.044787838534,69.47478783853376
TR-045083,2025-10-13,october,Dry Van,936.9,2047.91,1978.2391451536853,1981.372710109655,1979.80592763167,68.10407236832998
TR-045084,2025-10-13,october,Dry Van,1183.2,2338.47,2379.7956374582473,2376.751419755349,2378.273528606798,39.80352860679841
TR-045085,2025-10-13,october,Reefer,113.9,372.04,385.3675730309748,413.3186595957252,399.34311631335004,27.303116313350017
TR-045086,2025-10-13,october,Flatbed,2183.1,4530.94,4517.206348607411,4584.1445826067675,4550.67546560709,19.73546560709019
TR-045087,2025-10-13,october,Reefer,307.6,861.67,893.3196514284425,888.500068873984,890.9098601512133,29.239860151213293
TR-045088,2025-10-13,october,Flatbed,2440.7,4729.73,4832.874280892995,4915.022629479695,4873.948455186344,144.21845518634473
TR-045089,2025-10-13,october,Dry Van,2104.6,3758.58,3798.407838286068,3798.798840432541,3798.6033393593043,40.02333935930437
TR-045090,2025-10-13,october,Reefer,1177.9,2652.84,2693.8642572306676,2706.744531422819,2700.304394326743,47.46439432674288
TR-045091,2025-10-13,october,Dry Van,184.1,507.81,492.5035546066748,481.01303757693245,486.75829609180363,21.051703908196373
TR-045092,2025-10-13,october,Reefer,2075.6,4601.77,4513.687824223026,4519.8415163552,4516.7646702891125,85.00532971088796
TR-045093,2025-10-13,october,Dry Van,442.2,1045.18,1031.7698103624552,1043.656772388993,1037.713291375724,7.466708624275952
TR-045094,2025-10-13,october,Reefer,1032.2,2337.81,2408.2342715219725,2423.8249442090982,2416.0296078655356,78.21960786553564
TR-045095,2025-10-13,october,Dry Van,1758.3,3264.47,3226.0455086321713,3183.1408751387116,3204.5931918854412,59.87680811455857
TR-045096,2025-10-13,october,Dry Van,1950.6,3551.29,3571.481096754876,3582.759212860368,3577.120154807622,25.830154807621966
TR-045097,2025-10-13,october,Dry Van,523.4,1176.17,1179.8124259591505,1165.480190535975,1172.6463082475627,3.523691752437344
TR-045098,2025-10-13,october,Dry Van,2173.4,3810.77,3912.269427765489,3853.7175321705863,3882.9934799680377,72.22347996803774
TR-045099,2025-10-13,october,Dry Van,475.1,1086.76,1078.9384132921698,1072.7137577673684,1075.826085529769,10.933914470231002
TR-045100,2025-10-13,october,Dry Van,706.5,1564.31,1544.2793812659643,1531.824146703875,1538.0517639849195,26.258236015080456
TR-045101,2025-10-13,october,Dry Van,2305.2,4398.08,4394.981741808809,4442.4335283534765,4418.707635081142,20.627635081142216
TR-045102,2025-10-13,october,Dry Van,1364.1,2582.85,2540.6838075441347,2538.0038904307476,2539.343848987441,43.5061510125588
TR-045103,2025-10-13,october,Dry Van,830.3,1736.01,1729.9919704773877,1679.9380300284452,1704.9650002529165,31.044999747083466
TR-045104,2025-10-13,october,Reefer,1704.1,3530.07,3597.021702701367,3636.3107320867157,3616.6662173940413,86.5962173940411
TR-045105,2025-10-13,october,Dry Van,937.9,1887.2,1864.975520334777,1828.142499548668,1846.5590099417225,40.640990058277566
TR-045106,2025-10-13,october,Dry Van,1015.5,2038.66,2024.6948436312516,2043.7247532102424,2034.2097984207471,4.450201579252962
TR-045107,2025-10-13,october,Dry Van,558.6,1147.88,1148.3545108267583,1171.6837976476336,1160.0191542371958,12.139154237195726
TR-045108,2025-10-13,october,Reefer,1241.1,2699.37,2781.5253326000716,2733.5963414290545,2757.560837014563,58.19083701456293
TR-045109,2025-10-13,october,Reefer,2296.3,4629.26,4659.57714883561,4733.680037902372,4696.628593368991,67.36859336899033
TR-045110,2025-10-13,october,Flatbed,911.4,1925.69,2056.346704640755,2083.6940264590135,2070.0203655498844,144.3303655498844
TR-045111,2025-10-13,october,Dry Van,1327.6,2573.36,2573.214061814613,2510.4415421837793,2541.8278019991963,31.532198000803874
TR-045112,2025-10-13,october,Reefer,1038.1,2479.0,2553.1819170742965,2529.591197792246,2541.3865574332713,62.386557433271264
TR-045113,2025-10-13,october,Dry Van,589.9,1408.07,1392.629016151183,1400.8122376735105,1396.7206269123467,11.349373087653248
TR-045114,2025-10-13,october,Dry Van,3011.9,5515.8,5561.513936622297,5533.599649848829,5547.5567932355625,31.756793235562327
TR-045115,2025-10-13,october,Reefer,2487.1,4991.89,5154.969876330218,5137.981320727733,5146.475598528976,154.58559852897542
TR-045116,2025-10-13,october,Dry Van,2690.8,4805.58,4795.893830268954,4747.430694284652,4771.662262276803,33.917737723197206
TR-045117,2025-10-13,october,Dry Van,1425.4,2895.96,2888.4768973382224,2833.933394742045,2861.2051460401335,34.75485395986652
TR-045118,2025-10-13,october,Reefer,602.2,1542.88,1538.775625333642,1546.4356854404994,1542.6056553870708,0.2743446129293261
TR-045119,2025-10-13,october,Reefer,380.2,928.48,964.1630713401408,975.2276162304593,969.6953437853001,41.21534378530009
TR-045120,2025-10-13,october,Dry Van,790.6,1624.97,1632.528117680787,1626.0289539428095,1629.2785358117983,4.308535811798265
TR-045121,2025-10-13,october,Reefer,769.0,1854.11,1910.4656646397561,1881.4293139156257,1895.947489277691,41.83748927769102
TR-045122,2025-10-13,october,Dry Van,1979.1,3627.39,3619.4339289073987,3589.555121429573,3604.494525168486,22.895474831514093
TR-045123,2025-10-13,october,Flatbed,1482.9,2959.16,3064.2125719983824,3086.655993046699,3075.434282522541,116.27428252254094
TR-045124,2025-10-13,october,Reefer,1057.2,2495.79,2524.0991049062377,2523.863174450641,2523.9811396784394,28.191139678439413
TR-045125,2025-10-13,october,Reefer,443.2,1162.83,1193.7057979417193,1195.300313843425,1194.5030558925723,31.673055892572393
TR-045126,2025-10-13,october,Flatbed,753.5,1607.11,1707.3002230981388,1700.8659294080217,1704.0830762530802,96.97307625308031
TR-045127,2025-10-13,october,Dry Van,1806.8,3303.37,3316.8855290459624,3273.569584197003,3295.227556621483,8.142443378516873
TR-045128,2025-10-13,october,Flatbed,467.5,1117.74,1157.8595162247632,1159.200787887677,1158.5301520562202,40.79015205622022
TR-045129,2025-10-13,october,Flatbed,1839.1,3823.1,3972.628143013463,3975.3843572744636,3974.0062501439634,150.90625014396346
TR-045130,2025-10-13,october,Reefer,483.9,1153.36,1174.8750136859708,1177.628682773965,1176.251848229968,22.89184822996799
TR-045131,2025-10-13,october,Flatbed,3189.1,6251.85,6216.760342059296,6444.020326663764,6330.390334361529,78.54033436152895
TR-045132,2025-10-13,october,Dry Van,1521.5,3069.85,3081.6269475211734,3098.635008490821,3090.1309780059973,20.28097800599744
TR-045133,2025-10-13,october,Reefer,1188.3,2719.91,2650.0914521661603,2628.3625185606766,2639.2269853634184,80.68301463658145
TR-045134,2025-10-13,october,Flatbed,360.1,944.34,993.6874624187454,983.8137195006673,988.7505909597064,44.41059095970638
TR-045135,2025-10-13,october,Reefer,1358.6,3009.58,3068.901543192222,3084.457218320239,3076.679380756231,67.09938075623086
TR-045136,2025-10-13,october,Dry Van,953.5,2065.35,2062.224345973521,2050.483021433847,2056.353683703684,8.996316296315854
TR-045137,2025-10-13,october,Flatbed,818.2,1701.25,1805.932446012904,1808.0165498771848,1806.9744979450443,105.72449794504428
TR-045138,2025-10-13,october,Dry Van,239.7,589.41,619.1011599787298,609.0907594219232,614.0959597003265,24.68595970032652
TR-045139,2025-10-13,october,Flatbed,1950.8,4187.86,4155.430478469433,4229.137112029615,4192.283795249525,4.423795249525028
TR-045140,2025-10-13,october,Dry Van,1841.1,3426.52,3361.8693284358665,3399.679474348345,3380.7744013921056,45.74559860789441
TR-045141,2025-10-13,october,Dry Van,416.4,1003.29,1018.4346960442977,1026.677227917372,1022.5559619808348,19.265961980834845
TR-045142,2025-10-13,october,Dry Van,395.0,949.32,924.1503722320772,921.6736174267976,922.9119948294374,26.40800517056266
TR-045143,2025-10-13,october,Dry Van,384.6,908.3,925.7004351085956,901.6254951218687,913.662965115232,5.3629651152321
TR-045144,2025-10-13,october,Dry Van,702.7,1653.52,1575.057017554628,1562.6282150617126,1568.8426163081704,84.67738369182962
TR-045145,2025-10-13,october,Dry Van,2181.6,3991.15,3978.5800738313073,3910.1207035219595,3944.3503886766334,46.79961132336666
TR-045146,2025-10-13,october,Dry Van,502.3,1210.01,1233.414958206088,1200.8446808501756,1217.1298195281317,7.119819528131757
TR-045147,2025-10-13,october,Flatbed,1278.3,2705.75,2725.603194575012,2827.264312130332,2776.4337533526723,70.68375335267228
TR-045148,2025-10-13,october,Flatbed,2057.2,4211.86,4251.765789042967,4415.128607141509,4333.447198092238,121.5871980922384
TR-045149,2025-10-13,october,Dry Van,1947.8,3885.41,3770.232783523208,3734.517104237996,3752.374943880602,133.03505611939772
TR-045150,2025-10-13,october,Dry Van,2729.1,4872.9,4909.195473217802,4761.932667435818,4835.56407032681,37.33592967318964
TR-045151,2025-10-13,october,Dry Van,804.1,1557.7,1554.1855122634797,1536.8116990383373,1545.4986056509085,12.201394349091515
TR-045152,2025-10-13,october,Reefer,983.8,2345.5,2352.9347406002203,2361.5494070574973,2357.242073828859,11.742073828858793
TR-045153,2025-10-13,october,Reefer,788.7,1810.54,1870.9284774052117,1810.9009839486253,1840.9147306769185,30.37473067691849
TR-045154,2025-10-13,october,Dry Van,1496.3,2950.89,3000.845615553548,2975.893654716556,2988.369635135052,37.47963513505192
TR-045155,2025-10-13,october,Dry Van,521.8,1109.09,1112.7574881110697,1121.5832094772322,1117.1703487941509,8.08034879415095
TR-045156,2025-10-13,october,Dry Van,2648.2,5016.22,4914.2375361505265,4961.233816356194,4937.73567625336,78.48432374664026
TR-045157,2025-10-13,october,Dry Van,302.1,718.33,738.3507791545942,727.6334746246328,732.9921268896135,14.662126889613432
TR-045158,2025-10-13,october,Dry Van,1060.0,2128.49,2029.9944430121743,2009.2888255026803,2019.6416342574273,108.84836574257247
TR-045159,2025-10-13,october,Flatbed,719.4,1654.44,1726.1895481237887,1699.8597390120274,1713.024643567908,58.58464356790796
TR-045160,2025-10-13,october,Reefer,1683.0,3596.69,3721.96146587889,3745.8367664772436,3733.899116178067,137.20911617806678
TR-045161,2025-10-13,october,Dry Van,999.8,1892.28,1904.0484559271251,1899.856732230496,1901.9525940788105,9.672594078810562
TR-045162,2025-10-13,october,Dry Van,742.3,1498.67,1486.1305258563998,1481.698766481882,1483.914646169141,14.755353830859121
TR-045163,2025-10-13,october,Dry Van,739.8,1447.88,1489.9464772385418,1494.2384237765657,1492.0924505075536,44.21245050755351
TR-045164,2025-10-13,october,Dry Van,939.5,1947.82,1883.9459350933384,1868.565495121501,1876.2557151074197,71.56428489258019
TR-045165,2025-10-13,october,Dry Van,866.0,1811.29,1836.5157461818715,1823.5482949629763,1830.0320205724238,18.742020572423826
TR-045166,2025-10-13,october,Dry Van,279.8,696.61,708.1014131564872,700.3195975192516,704.2105053378693,7.600505337869322
TR-045167,2025-10-13,october,Flatbed,878.4,1829.6,1939.6446441367652,1953.896038691222,1946.7703414139937,117.17034141399381
TR-045168,2025-10-13,october,Dry Van,217.6,531.39,531.5541631809584,519.7799137175839,525.6670384492711,5.722961550728883
TR-045169,2025-10-13,october,Dry Van,669.1,1498.22,1505.189090160498,1485.1398547052943,1495.1644724328962,3.055527567103809
TR-045170,2025-10-13,october,Dry Van,2297.0,4134.92,4158.553713805038,4117.241481429344,4137.897597617191,2.97759761719135
TR-045171,2025-10-13,october,Dry Van,1214.1,2469.17,2513.0006628860124,2477.9752881661334,2495.4879755260727,26.317975526072587
TR-045172,2025-10-13,october,Reefer,449.2,1165.84,1169.8749954595628,1177.7842114539103,1173.8296034567365,7.989603456736631
TR-045173,2025-10-13,october,Dry Van,1172.1,2342.66,2334.596102667009,2343.736438348083,2339.166270507546,3.4937294924538946
TR-045174,2025-10-13,october,Dry Van,832.1,7004.3,1836.1953321027308,1810.9495972710201,1823.5724646868755,5180.7275353131245
TR-045175,2025-10-13,october,Reefer,590.4,1481.4,1581.8439731892545,1535.004679454986,1558.4243263221201,77.02432632212003
TR-045176,2025-10-13,october,Flatbed,839.3,1803.73,1873.7364237001923,1883.9612261846946,1878.8488249424436,75.11882494244355
TR-045177,2025-10-13,october,Flatbed,720.9,1619.19,1741.1741032946445,1729.8746213954828,1735.5243623450638,116.33436234506371
TR-045178,2025-10-13,october,Flatbed,682.2,1540.17,1628.6682609515947,1571.4046675516297,1600.0364642516122,59.866464251612115
TR-045179,2025-10-13,october,Dry Van,858.0,1688.42,1691.3641961023745,1664.9827034245004,1678.1734497634375,10.246550236562598
TR-045180,2025-10-13,october,Dry Van,1458.9,2903.7,2961.2020184869607,2933.3171612786136,2947.259589882787,43.55958988278735
TR-045181,2025-10-13,october,Dry Van,1199.0,2351.62,2417.6804097905174,2360.930488633563,2389.30544921204,37.68544921204011
TR-045182,2025-10-13,october,Dry Van,95.5,275.01,276.60192842307265,318.11589961145455,297.3589140172636,22.34891401726361
TR-045183,2025-10-13,october,Reefer,2818.8,5708.0,5500.856005136142,5707.915224236942,5604.385614686542,103.61438531345811
TR-045184,2025-10-13,october,Dry Van,138.6,388.7,388.05405125571747,398.95185942745957,393.5029553415885,4.802955341588529
TR-045185,2025-10-13,october,Reefer,810.5,2101.26,2066.729168101461,2062.8201216543653,2064.774644877913,36.485355122087185
TR-045186,2025-10-13,october,Dry Van,2091.2,3914.01,3915.4193664575337,3873.6714355408067,3894.54540099917,19.464599000830276
TR-045187,2025-10-13,october,Dry Van,476.7,1027.96,1053.403080275836,1051.3734802787667,1052.3882802773014,24.428280277301383
TR-045188,2025-10-13,october,Dry Van,802.7,1649.6,1632.7841442511078,1670.0372843892987,1651.4107143202032,1.8107143202032603
TR-045189,2025-10-13,october,Flatbed,450.5,1181.37,1228.0454808397717,1211.7340793935077,1219.8897801166397,38.51978011663982
TR-045190,2025-10-14,october,Reefer,1200.7,2777.11,2819.349444814745,2722.3151684173367,2770.832306616041,6.277693383959104
TR-045191,2025-10-14,october,Reefer,751.7,1786.77,1835.499878987931,1823.7232039161597,1829.6115414520455,42.841541452045476
TR-045192,2025-10-14,october,Dry Van,556.5,1211.92,1223.3373258740658,1208.8909085299774,1216.1141172020216,4.194117202021516
TR-045193,2025-10-14,october,Dry Van,898.9,1880.41,1896.6292062722987,1857.6773551350118,1877.1532807036551,3.2567192963449543
TR-045194,2025-10-14,october,Reefer,1149.3,2469.79,2603.0471446373167,2545.033626422811,2574.0403855300638,104.2503855300638
TR-045195,2025-10-14,october,Dry Van,1257.7,2463.58,2490.675543982489,2438.0764662702454,2464.376005126367,0.796005126367163
TR-045196,2025-10-14,october,Dry Van,395.5,839.33,849.0668516841423,855.4415362981886,852.2541939911655,12.924193991165453
TR-045197,2025-10-14,october,Reefer,207.9,603.72,629.4850975978857,657.3386813198417,643.4118894588637,39.69188945886367
TR-045198,2025-10-14,october,Reefer,1005.2,2240.31,2360.4291787038496,2347.8869887051933,2354.1580837045212,113.84808370452129
TR-045199,2025-10-14,october,Reefer,2563.3,5388.1,5425.129082961403,5563.501814722946,5494.315448842174,106.21544884217383
TR-045200,2025-10-14,october,Dry Van,452.9,1046.59,1044.18269699333,1026.2329591881294,1035.2078280907297,11.382171909270255
TR-045201,2025-10-14,october,Dry Van,1498.1,3073.46,3045.2012342225175,3065.1657515981533,3055.183492910335,18.276507089664847
TR-045202,2025-10-14,october,Dry Van,671.9,1475.73,1488.0660046468531,1473.6595355184845,1480.8627700826687,5.132770082668685
TR-045203,2025-10-14,october,Flatbed,1218.3,2723.01,2762.3734253207535,2794.9935281591825,2778.683476739968,55.673476739967555
TR-045204,2025-10-14,october,Dry Van,1359.3,2826.14,2734.2240094402136,2712.088797249689,2723.1564033449513,102.98359665504859
TR-045205,2025-10-14,october,Dry Van,1115.9,2164.07,2169.316992398987,2132.5921182013417,2150.9545553001644,13.115444699835734
TR-045206,2025-10-14,october,Dry Van,1446.5,2844.66,2833.434783156335,2777.607949384459,2805.5213662703973,39.13863372960259
TR-045207,2025-10-14,october,Flatbed,2910.9,5648.65,5591.198714965873,5836.671498605362,5713.935106785617,65.28510678561724
TR-045208,2025-10-14,october,Dry Van,1598.5,2990.4,3099.195890881975,2985.0036766294334,3042.0997837557043,51.699783755704175
TR-045209,2025-10-14,october,Dry Van,431.7,924.87,950.7381535538707,927.085008395032,938.9115809744513,14.041580974451335
TR-045210,2025-10-14,october,Reefer,444.6,1277.01,1282.1325881386565,1263.2448366487106,1272.6887123936835,4.321287606316446
TR-045211,2025-10-14,october,Dry Van,1805.5,3408.35,3377.0082467977986,3390.8140167249403,3383.9111317613697,24.43886823863022
TR-045212,2025-10-14,october,Flatbed,523.1,1262.44,1358.853939492535,1308.6088373729785,1333.7313884327568,71.29138843275678
TR-045213,2025-10-14,october,Flatbed,856.1,2066.58,2132.52009788502,2109.097713141727,2120.8089055133732,54.22890551337332
TR-045214,2025-10-14,october,Reefer,1957.0,4318.52,4292.6019674982035,4331.110628917391,4311.856298207797,6.663701792203028
TR-045215,2025-10-14,october,Reefer,746.2,1743.83,1763.4614570069934,1761.2851011506764,1762.373279078835,18.543279078834985
TR-045216,2025-10-14,october,Dry Van,758.9,1511.26,1539.964034114518,1531.426639866365,1535.6953369904413,24.43533699044133
TR-045217,2025-10-14,october,Dry Van,583.0,1343.75,1372.76478936966,1341.1388384257646,1356.9518138977123,13.201813897712327
TR-045218,2025-10-14,october,Dry Van,613.4,1285.24,1301.095965518659,1284.4745062097982,1292.7852358642285,7.545235864228516
TR-045219,2025-10-14,october,Reefer,1869.2,4291.19,4193.054717028988,4179.39562163056,4186.225169329774,104.96483067022564
TR-045220,2025-10-14,october,Reefer,1926.1,4115.08,4177.659490865674,4105.3439600401925,4141.501725452934,26.42172545293397
TR-045221,2025-10-14,october,Dry Van,1732.1,3166.71,3201.4110525799065,3186.5385939775597,3193.9748232787333,27.264823278733274
TR-045222,2025-10-14,october,Reefer,560.3,1432.87,1416.8173568945285,1429.544210027334,1423.1807834609313,9.689216539068639
TR-045223,2025-10-14,october,Flatbed,2698.0,5133.96,5267.365798529488,5317.701022527778,5292.533410528633,158.57341052863285
TR-045224,2025-10-14,october,Dry Van,1610.8,3217.94,3180.0274633042436,3126.2675991024075,3153.1475312033253,64.79246879667471
TR-045225,2025-10-14,october,Reefer,2232.9,4875.19,4883.591389413104,4912.672074402991,4898.131731908047,22.941731908047586
TR-045226,2025-10-14,october,Reefer,1028.8,2435.4,2432.159235935537,2461.2313907953294,2446.6953133654333,11.29531336543323
TR-045227,2025-10-14,october,Dry Van,1611.3,3280.86,3251.0828862933645,3295.0955133601155,3273.08919982674,7.770800173260341
TR-045228,2025-10-14,october,Dry Van,842.2,1645.01,1670.581316230641,1670.4912523881528,1670.536284309397,25.526284309396942
TR-045229,2025-10-14,october,Dry Van,882.3,1846.41,1826.5045715251165,1783.7227929319629,1805.1136822285398,41.29631777146028
TR-045230,2025-10-14,october,Reefer,310.2,868.43,890.0884645081445,892.1535611832403,891.1210128456923,22.6910128456924
TR-045231,2025-10-14,october,Flatbed,2022.1,4145.97,4166.45629572311,4257.409987368901,4211.933141546006,65.96314154600532
TR-045232,2025-10-14,october,Dry Van,129.6,342.29,349.501302110874,366.20152717757696,357.8514146442255,15.561414644225465
TR-045233,2025-10-14,october,Dry Van,429.3,944.78,941.39977278714,924.3079902650595,932.8538815260997,11.92611847390026
TR-045234,2025-10-14,october,Dry Van,165.5,432.81,454.5383798830359,429.93407483995793,442.2362273614969,9.426227361496899
TR-045235,2025-10-14,october,Reefer,884.0,2100.38,2210.998957202672,2200.6820155393743,2205.840486371023,105.46048637102285
TR-045236,2025-10-14,october,Reefer,805.9,1913.71,2015.691034538982,2012.8739306813784,2014.28248261018,100.57248261018003
TR-045237,2025-10-14,october,Reefer,2141.8,4637.6,4525.233808973321,4538.900914995735,4532.067361984527,105.53263801547291
TR-045238,2025-10-14,october,Flatbed,1973.7,3959.08,4098.596337743986,4137.627269652873,4118.11180369843,159.03180369842994
TR-045239,2025-10-14,october,Flatbed,117.0,335.52,360.5932444850205,362.94387816783524,361.76856132642786,26.248561326427875
TR-045240,2025-10-14,october,Dry Van,365.0,876.72,862.9922760427337,863.450596052209,863.2214360474713,13.498563952528684
TR-045241,2025-10-14,october,Dry Van,334.0,834.23,815.43121753159,813.3125904142073,814.3719039728987,19.858096027101283
TR-045242,2025-10-14,october,Dry Van,421.8,976.69,948.1025377063853,947.8434391799021,947.9729884431438,28.717011556856278
TR-045243,2025-10-14,october,Dry Van,1224.7,2517.9,2483.5670802783698,2474.550631470885,2479.0588558746276,38.841144125372466
TR-045244,2025-10-14,october,Dry Van,1468.8,2900.96,2906.3997516104323,2829.6495737668447,2868.0246626886383,32.935337311361764
TR-045245,2025-10-14,october,Flatbed,1066.4,2291.8,2333.7593892280865,2305.1735863537865,2319.4664877909363,27.666487790936117
TR-045246,2025-10-14,october,Dry Van,510.7,1109.5,1116.6749262176904,1119.849405614897,1118.2621659162937,8.762165916293725
TR-045247,2025-10-14,october,Flatbed,584.1,1404.53,1474.073241199875,1440.975896153659,1457.524568676767,52.99456867676713
TR-045248,2025-10-14,october,Reefer,744.5,1778.9,1795.609971533623,1820.1555721961104,1807.8827718648668,28.982771864866663
TR-045249,2025-10-14,october,Dry Van,279.6,672.87,687.3814537788274,668.5968735940082,677.9891636864179,5.119163686417892
TR-045250,2025-10-14,october,Dry Van,2435.3,4492.99,4487.694269462063,4447.883434156176,4467.7888518091195,25.201148190880303
TR-045251,2025-10-14,october,Dry Van,2058.7,3691.68,3699.586089382119,3659.869349600383,3679.7277194912513,11.952280508748572
TR-045252,2025-10-14,october,Reefer,1947.0,4106.78,4155.7573095157595,4141.687330851457,4148.722320183608,41.94232018360799
TR-045253,2025-10-14,october,Flatbed,1126.2,2400.42,2472.6969079091004,2394.424075700925,2433.560491805013,33.14049180501297
TR-045254,2025-10-14,october,Dry Van,1443.3,2829.54,2762.3608323163485,2796.445818393041,2779.403325354695,50.13667464530499
TR-045255,2025-10-14,october,Dry Van,450.9,1016.38,1019.7482904283065,1006.6284621467184,1013.1883762875125,3.1916237124875124
TR-045256,2025-10-14,october,Dry Van,940.2,2068.54,1992.2618224830114,1991.8739011096975,1992.0678617963545,76.4721382036455
TR-045257,2025-10-14,october,Dry Van,985.0,1985.13,1985.6994687719218,1955.9185210830344,1970.8089949274781,14.321005072521984
TR-045258,2025-10-14,october,Dry Van,1566.2,1068.71,3026.7622199144103,3073.772034761543,3050.2671273379765,1981.5571273379765
TR-045259,2025-10-14,october,Flatbed,1778.0,3810.51,3747.990400969182,3843.877143951805,3795.9337724604934,14.576227539506817
TR-045260,2025-10-14,october,Reefer,1274.6,2759.01,2836.501746011206,2805.279268766923,2820.8905073890646,61.880507389064405
TR-045261,2025-10-14,october,Dry Van,2638.3,4823.0,4774.55195277975,4723.147849921275,4748.8499013505125,74.15009864948752
TR-045262,2025-10-14,october,Flatbed,1479.3,3276.21,3275.5418352091165,3285.996938679591,3280.7693869443538,4.559386944353719
TR-045263,2025-10-14,october,Dry Van,1273.3,2572.11,2553.6810640766357,2574.3786635213855,2564.029863799011,8.080136200989273
TR-045264,2025-10-14,october,Dry Van,814.7,1654.43,1652.9172148479538,1658.428456433426,1655.6728356406898,1.242835640689691
TR-045265,2025-10-14,october,Dry Van,963.9,1917.02,1977.1209723078318,1957.1668152887848,1967.1438937983085,50.12389379830847
TR-045266,2025-10-14,october,Dry Van,531.8,1283.37,1255.225786967249,1276.2270501010198,1265.7264185341344,17.64358146586551
TR-045267,2025-10-14,october,Dry Van,924.0,1880.86,1862.3252826150901,1833.101167912091,1847.7132252635906,33.14677473640927
TR-045268,2025-10-14,october,Dry Van,529.6,1237.67,1205.7188043029212,1180.925953364627,1193.322378833774,44.34762116622596
TR-045269,2025-10-14,october,Reefer,797.5,1905.9,1959.9910442358555,1929.0455572395529,1944.518300737704,38.618300737703976
TR-045270,2025-10-14,october,Flatbed,646.9,1394.17,1442.5559184073493,1476.9014892820392,1459.7287038446943,65.55870384469426
TR-045271,2025-10-14,october,Dry Van,1905.1,3737.58,3749.255460425959,3757.727541270553,3753.491500848256,15.911500848255855
TR-045272,2025-10-14,october,Reefer,330.1,870.04,888.2951817252332,882.0014525624799,885.1483171438565,15.108317143856539
TR-045273,2025-10-14,october,Dry Van,1951.0,3980.47,3892.0028250597156,3856.052198153393,3874.027511606554,106.44248839344573
TR-045274,2025-10-14,october,Flatbed,1963.8,4071.09,4153.223999040355,4214.936287813225,4184.0801434267905,112.99014342679038
TR-045275,2025-10-14,october,Reefer,821.2,1882.03,1927.8752269128559,1910.594959604912,1919.2350932588838,37.205093258883835
TR-045276,2025-10-14,october,Dry Van,553.9,1209.75,1214.8439143289927,1228.5277784605296,1221.685846394761,11.935846394761029
TR-045277,2025-10-14,october,Dry Van,308.2,767.46,780.6108647947515,771.92443296528,776.2676488800157,8.807648880015677
TR-045278,2025-10-14,october,Reefer,761.0,1889.66,1893.191082259836,1857.6443892046345,1875.4177357322353,14.242264267764767
TR-045279,2025-10-14,october,Reefer,2658.5,5580.26,5463.2384618800725,5582.083675517086,5522.661068698579,57.598931301421544
TR-045280,2025-10-14,october,Dry Van,418.8,968.58,992.4113155001044,953.9364953491477,973.173905424626,4.593905424625973
TR-045281,2025-10-14,october,Dry Van,310.7,770.73,789.7009604523892,760.5862137648942,775.1435871086417,4.41358710864165
TR-045282,2025-10-14,october,Dry Van,837.0,1672.5,1676.4887953297882,1701.1611709959275,1688.8249831628577,16.324983162857734
TR-045283,2025-10-14,october,Flatbed,1648.6,3460.38,3449.7590049952482,3593.5589527685597,3521.6589788819037,61.27897888190364
TR-045284,2025-10-14,october,Dry Van,2237.7,4118.79,4199.0559246644225,4126.302733135439,4162.679328899931,43.88932889993066
TR-045285,2025-10-14,october,Dry Van,803.3,1817.69,1817.6332449606216,1797.4709734420512,1807.5521092013364,10.137890798663648
TR-045286,2025-10-14,october,Dry Van,1590.7,9208.2,3162.868930260175,3109.3184925597025,3136.093711409939,6072.106288590062
TR-045287,2025-10-14,october,Reefer,1552.1,3437.7,3505.5104458432247,3462.3882222911634,3483.9493340671943,46.24933406719447
TR-045288,2025-10-14,october,Dry Van,1275.1,2495.56,2541.3745834315973,2553.251984276077,2547.313283853837,51.753283853837274
TR-045289,2025-10-14,october,Dry Van,448.6,994.05,990.8117274978428,977.5809399408265,984.1963337193347,9.853666280665266
TR-045290,2025-10-14,october,Dry Van,685.1,1550.66,1538.708712598372,1518.18538094103,1528.447046769701,22.212953230299036
TR-045291,2025-10-14,october,Reefer,1021.7,2390.2,2430.6585052423334,2389.402576358213,2410.0305408002732,19.83054080027341
TR-045292,2025-10-14,october,Reefer,1253.9,2761.78,2880.1936937969986,2865.185770852478,2872.6897323247385,110.90973232473834
TR-045293,2025-10-14,october,Dry Van,2155.1,4010.82,4105.316361115912,4089.167459752513,4097.2419104342125,86.42191043421235
TR-045294,2025-10-14,october,Reefer,862.2,2036.02,2031.640569737489,2031.10112358295,2031.3708466602195,4.649153339780469
TR-045295,2025-10-14,october,Dry Van,891.0,1705.04,1768.8704912641053,1769.3304895344916,1769.1004903992985,64.06049039929849
TR-045296,2025-10-14,october,Dry Van,2400.5,4648.25,4500.704139955866,4526.404141097837,4513.554140526851,134.69585947314863
TR-045297,2025-10-14,october,Flatbed,307.6,796.77,850.3925921191834,841.3788098248888,845.8857009720361,49.115700972036166
TR-045298,2025-10-14,october,Dry Van,2375.4,4085.68,4277.481329579996,4230.715416058272,4254.098372819134,168.41837281913422
TR-045299,2025-10-14,october,Flatbed,667.3,1438.66,1523.8051441790446,1487.4966914192983,1505.6509177991716,66.99091779917148
TR-045300,2025-10-14,october,Dry Van,1122.5,2203.15,2258.106387453215,2160.27745204559,2209.1919197494026,6.041919749402496
TR-045301,2025-10-14,october,Reefer,1956.2,4441.37,4392.566330669845,4409.044868271625,4400.805599470736,40.564400529264276
TR-045302,2025-10-14,october,Reefer,1146.3,2615.32,2630.1443412042113,2586.719267408407,2608.4318043063095,6.8881956936907045
TR-045303,2025-10-14,october,Dry Van,796.6,1653.73,1682.594941531249,1655.910792050569,1669.2528667909091,15.52286679090912
TR-045304,2025-10-14,october,Reefer,2045.1,4599.84,4472.074374098872,4520.582982910988,4496.3286785049295,103.51132149507066
TR-045305,2025-10-14,october,Flatbed,1081.7,2241.93,2358.1435429882645,2361.9514900660497,2360.0475165271573,118.11751652715748
TR-045306,2025-10-14,october,Dry Van,557.7,1162.93,1170.3879835981577,1178.162609555402,1174.27529657678,11.345296576779901
TR-045307,2025-10-14,october,Flatbed,1837.8,3923.5,3890.7170354123136,3944.282424359305,3917.4997298858093,6.000270114190698
TR-045308,2025-10-14,october,Reefer,571.0,1356.86,1397.276760402814,1407.9439160696793,1402.6103382362467,45.75033823624676
TR-045309,2025-10-14,october,Dry Van,70.0,211.65,262.3585652381845,263.71339741355087,263.0359813258677,51.385981325867675
TR-045310,2025-10-14,october,Dry Van,1017.7,2034.11,2107.6987116635373,2064.366709223657,2086.0327104435974,51.92271044359745
TR-045311,2025-10-14,october,Reefer,706.8,1752.33,1792.8629943530666,1757.8956093564448,1775.3793018547558,23.049301854755868
TR-045312,2025-10-14,october,Flatbed,1488.0,3322.69,3337.499059079152,3406.8984942416328,3372.1987766603925,49.508776660392414
TR-045313,2025-10-14,october,Dry Van,1113.0,2466.99,2433.756188213053,2354.4446731656294,2394.100430689341,72.88956931065877
TR-045314,2025-10-14,october,Dry Van,830.3,1718.44,1706.4128927337918,1698.9226418083726,1702.667767271082,15.77223272891797
TR-045315,2025-10-14,october,Flatbed,1045.7,2108.3,2314.484633225657,2256.304743248668,2285.3946882371624,177.09468823716225
TR-045316,2025-10-14,october,Flatbed,2042.4,4190.59,4278.226690797031,4389.864986879267,4334.0458388381485,143.45583883814834
TR-045317,2025-10-14,october,Dry Van,1295.7,2555.1,2526.4976605366596,2532.0005296891304,2529.249095112895,25.850904887105116
TR-045318,2025-10-14,october,Dry Van,2140.7,3988.15,4080.7150441775316,3996.8832417618787,4038.799142969705,50.649142969704826
TR-045319,2025-10-14,october,Reefer,1045.9,2282.3,2369.6366868255054,2343.9131486904053,2356.7749177579553,74.47491775795515
TR-045320,2025-10-14,october,Dry Van,948.2,1864.02,1913.0762035475545,1911.1051533184861,1912.0906784330205,48.070678433020475
TR-045321,2025-10-14,october,Dry Van,2281.8,4309.49,4298.36529085469,4299.217122424321,4298.791206639506,10.698793360494165
TR-045322,2025-10-14,october,Dry Van,906.4,1945.1,1887.635659531196,1877.3813496780035,1882.5085046045997,62.591495395400216
TR-045323,2025-10-14,october,Reefer,2671.5,5493.16,5456.688587851074,5550.328020510682,5503.5083041808775,10.348304180877676
TR-045324,2025-10-14,october,Dry Van,910.2,1952.91,1933.3968630330228,1916.5232964066774,1924.96007971985,27.94992028015008
TR-045325,2025-10-14,october,Dry Van,1527.6,2834.36,2826.8955309978755,2891.6305577508547,2859.263044374365,24.90304437436498
TR-045326,2025-10-14,october,Flatbed,490.4,1281.05,1330.5709460369894,1332.1434008476745,1331.357173442332,50.30717344233199
TR-045327,2025-10-14,october,Reefer,288.5,788.0,843.317706147466,847.3672136006901,845.342459874078,57.34245987407803
TR-045328,2025-10-14,october,Dry Van,950.2,1874.94,1848.793519927805,1821.544417036465,1835.168968482135,39.77103151786514
TR-045329,2025-10-14,october,Dry Van,995.8,2027.7,2052.120738726878,2028.6058418602993,2040.3632902935885,12.663290293588489
TR-045330,2025-10-14,october,Dry Van,1715.0,3071.43,3106.1927111337477,3146.4267238781003,3126.309717505924,54.87971750592396
TR-045331,2025-10-14,october,Flatbed,1593.9,3532.28,3474.9127707723696,3529.780156230816,3502.3464635015926,29.933536498407648
TR-045332,2025-10-14,october,Reefer,291.6,753.38,794.0179974824872,803.8845587208912,798.9512781016892,45.571278101689245
TR-045333,2025-10-14,october,Dry Van,1614.3,3193.71,3230.0257077898123,3259.0911976412845,3244.5584527155484,50.84845271554832
TR-045334,2025-10-14,october,Dry Van,1722.7,3520.42,3504.8299738848655,3478.397878979469,3491.6139264321673,28.806073567832755
TR-045335,2025-10-14,october,Dry Van,666.3,1464.04,1427.0124475882815,1418.1244939964804,1422.568470792381,41.471529207618914
TR-045336,2025-10-14,october,Reefer,2864.4,5606.16,5642.670552894415,5726.9820085218635,5684.826280708139,78.66628070813931
TR-045337,2025-10-14,october,Reefer,3084.8,6049.66,6021.903189067417,6119.730661506152,6070.816925286785,21.156925286784826
TR-045338,2025-10-14,october,Dry Van,1492.6,3055.38,3011.950821493898,2970.804541732562,2991.37768161323,64.00231838677018
TR-045339,2025-10-14,october,Dry Van,427.2,913.33,949.1046675430368,918.7552633503915,933.9299654467142,20.599965446714123
TR-045340,2025-10-14,october,Reefer,213.4,616.61,656.7749365043319,640.0956578649291,648.4352971846305,31.82529718463047
TR-045341,2025-10-14,october,Flatbed,2761.9,5064.85,5174.6406305488335,5260.814589922567,5217.727610235701,152.87761023570056
TR-045342,2025-10-14,october,Dry Van,520.8,1176.84,1130.483912482805,1127.0879278580967,1128.785920170451,48.05407982954898
TR-045343,2025-10-14,october,Reefer,1344.2,3065.85,3084.543446929509,3119.7069758442685,3102.1252113868886,36.275211386888714
TR-045344,2025-10-14,october,Dry Van,1678.5,3328.78,3281.116523374659,3303.0547709984294,3292.0856471865445,36.69435281345568
TR-045345,2025-10-14,october,Dry Van,342.5,804.05,802.3642081566337,808.8295337984221,805.5968709775279,1.5468709775279876
TR-045346,2025-10-14,october,Dry Van,889.0,1987.31,1945.0913565964263,1930.8023727398263,1937.9468646681262,49.363135331873764
TR-045347,2025-10-14,october,Dry Van,1285.7,2500.22,2520.1221519103333,2488.2948533993617,2504.2085026548475,3.988502654847707
TR-045348,2025-10-14,october,Flatbed,1949.8,4179.65,4091.2253885218283,4147.851488530545,4119.538438526187,60.1115614738128
TR-045349,2025-10-15,october,Dry Van,844.3,1914.6,1897.391465577804,1904.3164926006652,1900.8539790892346,13.74602091076531
TR-045350,2025-10-15,october,Flatbed,619.5,1450.77,1546.1187763032638,1523.8245743627037,1534.9716753329838,84.20167533298377
TR-045351,2025-10-15,october,Dry Van,975.0,2136.84,2134.5789399784744,2123.310224284204,2128.9445821313393,7.895417868660843
TR-045352,2025-10-15,october,Dry Van,904.1,1822.83,1788.8173042844608,1773.5140720913969,1781.165688187929,41.66431181207099
TR-045353,2025-10-15,october,Dry Van,441.5,932.17,960.5806111504528,936.2113396829432,948.395975416698,16.22597541669802
TR-045354,2025-10-15,october,Dry Van,525.4,1251.37,1227.3097108464929,1234.150330317808,1230.7300205821505,20.639979417849418
TR-045355,2025-10-15,october,Dry Van,1247.0,2684.76,2663.679119646132,2578.937257481533,2621.3081885638326,63.451811436167645
TR-045356,2025-10-15,october,Dry Van,487.7,1123.71,1126.7924693738544,1118.8747389178598,1122.833604145857,0.8763958541430839
TR-045357,2025-10-15,october,Flatbed,333.8,881.42,929.9230421105341,915.6635050346088,922.7932735725715,41.37327357257152
TR-045358,2025-10-15,october,Reefer,516.9,1355.77,1377.4157637011524,1356.2355039719023,1366.8256338365272,11.05563383652725
TR-045359,2025-10-15,october,Dry Van,526.0,1204.07,1203.8606019557958,1197.3732742572204,1200.616938106508,3.4530618934918493
TR-045360,2025-10-15,october,Dry Van,366.1,861.53,887.6716298580128,881.0420671996542,884.3568485288336,22.82684852883358
TR-045361,2025-10-15,october,Flatbed,473.2,1178.27,1199.796903306665,1216.3129285635105,1208.0549159350876,29.78491593508761
TR-045362,2025-10-15,october,Reefer,324.0,961.45,960.5997942891098,956.6084886403073,958.6041414647086,2.845858535291427
TR-045363,2025-10-15,october,Reefer,1412.1,3272.45,3302.3097846953697,3371.189638388082,3336.749711541726,64.29971154172608
TR-045364,2025-10-15,october,Reefer,2731.0,5462.43,5541.62550734394,5707.0830538329365,5624.354280588438,161.9242805884378
TR-045365,2025-10-15,october,Dry Van,2680.5,5007.73,5011.83894595697,4989.650296920669,5000.744621438819,6.985378561180369
TR-045366,2025-10-15,october,Flatbed,716.2,1699.95,1714.9928561070114,1712.4146930028685,1713.70377455494,13.753774554940037
TR-045367,2025-10-15,october,Dry Van,327.9,779.9,776.2817825383154,775.4824151963905,775.882098867353,4.017901132647012
TR-045368,2025-10-15,october,Reefer,1180.2,2716.26,2687.5806100082523,2670.323625196054,2678.952117602153,37.30788239784715
TR-045369,2025-10-15,october,Dry Van,2506.4,4877.5,4715.516425115215,4729.8975798767015,4722.707002495958,154.79299750404243
TR-045370,2025-10-15,october,Dry Van,2886.1,5287.91,5220.783380324006,5234.015111324212,5227.399245824109,60.510754175890725
TR-045371,2025-10-15,october,Flatbed,372.1,1009.32,1057.3816375605431,1035.6341667603438,1046.5079021604433,37.18790216044329
TR-045372,2025-10-15,october,Flatbed,1763.5,3554.36,3641.508133250107,3780.0462314616316,3710.7771823558696,156.4171823558695
TR-045373,2025-10-15,october,Reefer,1598.8,3644.6,3664.927506338093,3674.2784128808935,3669.602959609493,25.002959609493246
TR-045374,2025-10-15,october,Reefer,2596.3,5404.21,5306.5062480069755,5393.749713938805,5350.12798097289,54.08201902710971
TR-045375,2025-10-15,october,Dry Van,745.8,1655.51,1583.6000181779793,1567.387339280324,1575.4936787291517,80.01632127084827
TR-045376,2025-10-15,october,Dry Van,550.4,1309.36,1260.3440936929494,1250.9767436166153,1255.6604186547825,53.69958134521744
TR-045377,2025-10-15,october,Dry Van,2294.0,4165.83,4117.659411949782,4092.5144233535284,4105.086917651655,60.743082348344615
TR-045378,2025-10-15,october,Dry Van,2171.2,4006.28,4032.293464766759,4031.6525326868796,4031.9729987268192,25.69299872681904
TR-045379,2025-10-15,october,Dry Van,450.9,1061.61,1077.99804312638,1069.098157090937,1073.5481001086587,11.938100108658773
TR-045380,2025-10-15,october,Flatbed,1984.4,4242.9,4304.173743877313,4339.5862680730115,4321.880005975163,78.9800059751633
TR-045381,2025-10-15,october,Dry Van,940.5,1951.97,1942.9870776224036,1915.093757555485,1929.0404175889444,22.929582411055662
TR-045382,2025-10-15,october,Flatbed,119.6,348.2,370.0791816615319,398.361037565782,384.220109613657,36.020109613656984
TR-045383,2025-10-15,october,Reefer,324.7,834.92,859.2880460134331,828.1192978780468,843.70367194574,8.783671945740025
TR-045384,2025-10-15,october,Dry Van,2336.4,4519.53,4386.3330662682565,4309.021325817772,4347.677196043014,171.85280395698555
TR-045385,2025-10-15,october,Reefer,684.3,1659.11,1658.0510553230704,1642.4261072929319,1650.2385813080011,8.87141869199877
TR-045386,2025-10-15,october,Dry Van,570.4,1214.48,1227.6558720131698,1208.9804664374046,1218.3181692252872,3.8381692252871744
TR-045387,2025-10-15,october,Reefer,1006.6,2442.56,2404.953089985336,2369.5455206525085,2387.2493053189223,55.31069468107762
TR-045388,2025-10-15,october,Dry Van,1519.0,2936.44,2914.89244327108,2942.1928342725773,2928.542638771829,7.897361228171121
TR-045389,2025-10-15,october,Dry Van,402.2,864.31,881.3549918602635,888.3381981758653,884.8465950180644,20.536595018064418
TR-045390,2025-10-15,october,Dry Van,1877.7,3734.02,3716.308559308339,3620.239309726758,3668.2739345175487,65.74606548245129
TR-045391,2025-10-15,october,Dry Van,2038.4,3996.08,4059.3455058011286,3977.2852524742957,4018.315379137712,22.235379137712243
TR-045392,2025-10-15,october,Reefer,673.9,1501.44,1553.9163716004964,1527.1850191734502,1540.5506953869733,39.11069538697325
TR-045393,2025-10-15,october,Dry Van,1845.6,3618.32,3653.3687341472996,3707.1362237483077,3680.252478947804,61.9324789478037
TR-045394,2025-10-15,october,Dry Van,232.1,600.5,623.1769525830532,623.1461429718931,623.1615477774732,22.661547777473174
TR-045395,2025-10-15,october,Dry Van,1172.7,2508.4,2412.579211576912,2426.6683992566727,2419.6238054167925,88.7761945832076
TR-045396,2025-10-15,october,Reefer,1136.6,2661.47,2685.3600418175924,2676.777325048974,2681.0686834332832,19.59868343328344
TR-045397,2025-10-15,october,Reefer,692.7,1813.6,1829.970568637185,1810.869293400318,1820.4199310187514,6.819931018751504
TR-045398,2025-10-15,october,Dry Van,434.5,1056.38,1029.4788401782744,1035.5837985761523,1032.5313193772133,23.848680622786787
TR-045399,2025-10-15,october,Reefer,70.0,216.75,218.74724148101782,262.69544980915157,240.72134564508468,23.971345645084682
TR-045400,2025-10-15,october,Dry Van,911.1,1788.8,1814.6341954562968,1794.1999048950918,1804.4170501756944,15.61705017569443
TR-045401,2025-10-15,october,Dry Van,580.0,1232.16,1265.1466452536288,1243.658695925776,1254.4026705897024,22.242670589702357
TR-045402,2025-10-15,october,Dry Van,338.5,853.57,876.6220651826985,841.7377269533526,859.1798960680255,5.609896068025478
TR-045403,2025-10-15,october,Dry Van,688.2,1564.33,1552.5510072961208,1574.8678772966082,1563.7094422963646,0.6205577036353134
TR-045404,2025-10-15,october,Reefer,537.2,1378.98,1370.423868568088,1352.502210620697,1361.4630395943925,17.516960405607506
TR-045405,2025-10-15,october,Flatbed,2289.8,4506.19,4451.4156759936395,4594.561678436419,4522.988677215029,16.798677215029784
TR-045406,2025-10-15,october,Flatbed,663.2,1653.47,1720.6280127018192,1693.8745256588381,1707.2512691803286,53.781269180328536
TR-045407,2025-10-15,october,Dry Van,458.9,1038.39,1037.5997582321947,1030.3671966312372,1033.983477431716,4.406522568284117
TR-045408,2025-10-15,october,Flatbed,2094.4,4400.24,4403.311528429549,4524.91279706559,4464.1121627475695,63.872162747569746
TR-045409,2025-10-15,october,Dry Van,883.5,1876.83,1862.7715361165071,1844.771697508216,1853.7716168123616,23.058383187638356
TR-045410,2025-10-15,october,Reefer,411.2,1089.43,1114.4854242314627,1104.319761133898,1109.4025926826803,19.972592682680215
TR-045411,2025-10-15,october,Flatbed,536.9,1332.19,1360.4564241501143,1351.2933328667723,1355.8748785084433,23.684878508443262
TR-045412,2025-10-15,october,Dry Van,496.6,1053.6,1069.1528297466384,1067.550840108263,1068.3518349274507,14.751834927450773
TR-045413,2025-10-15,october,Dry Van,500.9,1152.67,1112.1652727375147,1132.9978185963173,1122.581545666916,30.088454333083973
TR-045414,2025-10-15,october,Reefer,3058.2,6475.22,6272.933528690221,6482.0236828440475,6377.478605767134,97.7413942328667
TR-045415,2025-10-15,october,Flatbed,748.9,1605.1,1672.6724360413466,1708.2491414292724,1690.4607887353095,85.3607887353096
TR-045416,2025-10-15,october,Dry Van,1572.5,3212.24,3234.9462438884784,3193.4510535166746,3214.1986487025765,1.9586487025767383
TR-045417,2025-10-15,october,Dry Van,158.6,436.33,435.32796860371104,435.0983493681997,435.2131589859554,1.11684101404461
TR-045418,2025-10-15,october,Reefer,1248.0,2740.89,2784.7108565016915,2774.0683633886592,2779.3896099451754,38.49960994517551
TR-045419,2025-10-15,october,Reefer,566.1,4350.23,1440.1609431151974,1396.3330228510297,1418.2469829831134,2931.983017016886
TR-045420,2025-10-15,october,Dry Van,398.6,944.01,934.4976626362107,902.1141736681045,918.3059181521576,25.704081847842417
TR-045421,2025-10-15,october,Flatbed,1685.1,3563.89,3591.669493567798,3569.013648019358,3580.341570793578,16.451570793577957
TR-045422,2025-10-15,october,Dry Van,599.1,1255.95,1270.0535277625784,1249.9705212143424,1260.0120244884604,4.062024488460338
TR-045423,2025-10-15,october,Reefer,871.3,2041.12,2028.2205240838166,2087.627655051037,2057.9240895674266,16.804089567426672
TR-045424,2025-10-15,october,Reefer,521.2,1346.17,1350.9153780568797,1316.4457386450345,1333.6805583509572,12.489441649042874
TR-045425,2025-10-15,october,Flatbed,1402.1,568.26,3102.437576133393,3148.910260145543,3125.673918139468,2557.4139181394676
TR-045426,2025-10-15,october,Flatbed,1320.8,2903.57,2976.589631952012,3020.8422884550437,2998.715960203528,95.14596020352792
TR-045427,2025-10-15,october,Dry Van,2289.1,4389.3,4325.734950292404,4297.347237053007,4311.541093672706,77.75890632729443
TR-045428,2025-10-15,october,Dry Van,1242.2,2617.61,2608.9478444065194,2603.506161227061,2606.2270028167904,11.382997183209682
TR-045429,2025-10-15,october,Dry Van,631.0,1498.27,1454.8729610071903,1456.0516365595724,1455.4622987833814,42.807701216618625
TR-045430,2025-10-15,october,Dry Van,1463.8,2985.02,2927.2819384972217,2887.319831131127,2907.3008848141744,77.71911518582556
TR-045431,2025-10-15,october,Reefer,810.0,1930.62,1965.5641710881907,1948.4629333068588,1957.0135521975249,26.39355219752497
TR-045432,2025-10-15,october,Dry Van,1224.5,2661.22,2614.323435441699,2596.1200534806794,2605.2217444611892,55.998255538810554
TR-045433,2025-10-15,october,Flatbed,926.4,2045.72,2087.6113972608064,2109.0426628564096,2098.327030058608,52.60703005860819
TR-045434,2025-10-15,october,Reefer,316.1,842.96,868.0540362184621,858.5592338528829,863.3066350356726,20.346635035672534
TR-045435,2025-10-15,october,Dry Van,1038.7,2152.99,2225.552366129944,2165.8165668085962,2195.68446646927,42.69446646927008
TR-045436,2025-10-15,october,Flatbed,755.9,1744.7,1874.9493740320988,1838.8184027978466,1856.8838884149727,112.18388841497267
TR-045437,2025-10-15,october,Flatbed,891.0,2181.82,2179.362357636964,2187.787874396048,2183.5751160165064,1.7551160165062356
TR-045438,2025-10-15,october,Dry Van,896.8,1907.86,1884.7336421025018,1851.8950648710102,1868.3143534867559,39.54564651324404
TR-045439,2025-10-15,october,Dry Van,1654.7,3295.14,3349.9943437419724,3367.9973408267256,3358.9958422843492,63.855842284349364
TR-045440,2025-10-15,october,Reefer,559.3,1364.09,1367.1254689044479,1368.4282826694584,1367.776875786953,3.6868757869531237
TR-045441,2025-10-15,october,Reefer,904.7,2087.79,2102.701148187732,2118.5635891273323,2110.6323686575324,22.84236865753246
TR-045442,2025-10-15,october,Reefer,630.7,1556.11,1566.9482872513463,1575.3389897575962,1571.1436385044713,15.033638504471355
TR-045443,2025-10-15,october,Flatbed,798.2,1944.75,2038.060190492509,1981.7203011052748,2009.890245798892,65.14024579889201
TR-045444,2025-10-15,october,Dry Van,661.9,1512.28,1506.3285459349893,1493.1280287714205,1499.728287353205,12.551712646795067
TR-045445,2025-10-15,october,Dry Van,2079.7,3926.13,3823.124792412375,3860.712141872512,3841.9184671424437,84.21153285755645
TR-045446,2025-10-15,october,Dry Van,194.8,483.85,520.6271227440498,502.13270391345895,511.37991332875436,27.529913328754333
TR-045447,2025-10-15,october,Reefer,467.6,1165.76,1198.3694294586405,1174.427585069422,1186.3985072640312,20.638507264031205
TR-045448,2025-10-15,october,Dry Van,704.4,1438.61,1461.6589802919716,1431.8067494227862,1446.732864857379,8.122864857379
TR-045449,2025-10-15,october,Reefer,775.0,1692.84,1732.3705221931116,1736.9975092028212,1734.6840156979665,41.8440156979666
TR-045450,2025-10-15,october,Dry Van,282.3,754.63,724.6008077681759,730.5003642345862,727.550586001381,27.079413998618975
TR-045451,2025-10-15,october,Dry Van,431.1,1004.61,1020.5781612864952,1003.7058705133581,1012.1420158999267,7.532015899926705
TR-045452,2025-10-15,october,Flatbed,912.0,2234.84,2189.3561982592896,2172.5862328947865,2180.971215577038,53.86878442296211
TR-045453,2025-10-15,october,Dry Van,1508.6,2952.3,2914.8470001146434,2780.0447131349856,2847.4458566248145,104.85414337518569
TR-045454,2025-10-15,october,Dry Van,769.8,1533.52,1557.2455800360706,1534.9442562237934,1546.094918129932,12.57491812993203
TR-045455,2025-10-15,october,Flatbed,2729.6,5166.25,5222.954316779777,5363.923308172034,5293.438812475906,127.18881247590616
TR-045456,2025-10-15,october,Reefer,1424.0,3281.89,3261.4448476741595,3327.328256054342,3294.3865518642506,12.496551864250705
TR-045457,2025-10-15,october,Flatbed,527.0,1269.99,1359.7393932446198,1342.7619497389123,1351.250671491766,81.26067149176606
TR-045458,2025-10-15,october,Dry Van,2321.9,4306.25,4220.903470345299,4214.995336947797,4217.949403646548,88.30059635345242
TR-045459,2025-10-15,october,Dry Van,1244.3,2476.61,2373.1104142096387,2429.954907673508,2401.5326609415733,75.07733905842679
TR-045460,2025-10-15,october,Dry Van,2016.4,3778.62,3608.3292633550213,3635.2956206172853,3621.8124419861533,156.80755801384657
TR-045461,2025-10-15,october,Flatbed,1611.3,3385.62,3424.814869804378,3464.6591694635076,3444.7370196339425,59.11701963394262
TR-045462,2025-10-15,october,Reefer,738.9,1681.07,1696.8149919361624,1705.5230111407188,1701.1690015384406,20.09900153844069
TR-045463,2025-10-15,october,Dry Van,2235.8,4294.8,4227.589977039236,4194.872677897234,4211.231327468235,83.56867253176551
TR-045464,2025-10-15,october,Reefer,1033.8,2564.43,2509.34976188358,2579.0670384757727,2544.2084001796766,20.221599820323263
TR-045465,2025-10-15,october,Dry Van,200.7,501.67,527.5030803932464,496.39053922296966,511.946809808108,10.276809808107998
TR-045466,2025-10-15,october,Flatbed,948.3,2247.19,2248.6992486470754,2238.6038537239306,2243.651551185503,3.53844881449686
TR-045467,2025-10-15,october,Reefer,2046.4,4562.17,4447.751457959,4515.097420513014,4481.424439236007,80.74556076399313
TR-045468,2025-10-15,october,Flatbed,1440.1,3238.99,3281.8153473180423,3519.6208365142493,3400.7180919161456,161.7280919161458
TR-045469,2025-10-15,october,Dry Van,654.2,1493.13,1499.1140529601466,1515.8884590566672,1507.501256008407,14.371256008406817
TR-045470,2025-10-15,october,Dry Van,753.4,1602.83,1628.590871746515,1611.5229705253216,1620.0569211359184,17.226921135918474
TR-045471,2025-10-15,october,Dry Van,384.9,928.05,910.5836655676861,897.6145947821894,904.0991301749377,23.950869825062227
TR-045472,2025-10-15,october,Dry Van,2077.4,3913.99,3891.529918042745,3932.743236254695,3912.13657714872,1.8534228512799018
TR-045473,2025-10-15,october,Dry Van,1544.3,2990.47,2939.094595649618,2947.363506733176,2943.229051191397,47.24094880860275
TR-045474,2025-10-15,october,Reefer,996.1,2214.62,2286.4456217381426,2275.2042789420993,2280.824950340121,66.20495034012129
TR-045475,2025-10-15,october,Dry Van,626.6,1323.68,1340.41712784963,1324.347518232429,1332.3823230410294,8.70232304102933
TR-045476,2025-10-15,october,Reefer,720.2,1844.13,1927.978357607455,1861.0759245398658,1894.5271410736605,50.39714107366035
TR-045477,2025-10-15,october,Dry Van,412.5,932.44,966.2862765082591,971.5309990045821,968.9086377564206,36.46863775642055
TR-045478,2025-10-15,october,Dry Van,181.2,474.27,489.3150246274304,467.5652580428971,478.44014133516373,4.170141335163748
TR-045479,2025-10-15,october,Dry Van,1063.2,2227.05,2230.3568866051596,2170.6468667212953,2200.5018766632274,26.548123336772733
TR-045480,2025-10-15,october,Reefer,851.5,2089.72,2138.2329908441675,2094.1412577330834,2116.1871242886255,26.467124288625655
TR-045481,2025-10-15,october,Dry Van,2900.2,5134.16,5169.4975453532925,5056.953104562012,5113.225324957652,20.934675042347408
TR-045482,2025-10-15,october,Flatbed,983.6,2193.66,2246.9829191283416,2278.2546773453555,2262.6187982368483,68.95879823684845
TR-045483,2025-10-15,october,Dry Van,361.6,794.02,814.168573310784,823.6745418820606,818.9215575964223,24.90155759642232
TR-045484,2025-10-15,october,Dry Van,153.8,1971.21,418.9502688196236,411.63833559339696,415.2943022065103,1555.9156977934897
TR-045485,2025-10-15,october,Reefer,1670.1,3702.06,3726.889329659371,3729.7412249819754,3728.315277320673,26.25527732067303
TR-045486,2025-10-15,october,Dry Van,422.8,999.32,1012.2367164950819,999.13695238998,1005.6868344425309,6.3668344425308305
TR-045487,2025-10-15,october,Dry Van,2051.9,4097.51,3979.3465444110698,3940.1203986630853,3959.7334715370775,137.77652846292267
TR-045488,2025-10-15,october,Flatbed,2100.3,4235.68,4223.730475875332,4278.893991624045,4251.312233749688,15.632233749687657
TR-045489,2025-10-15,october,Dry Van,1353.0,2724.75,2723.417203767266,2639.4950113554296,2681.456107561348,43.293892438652165
TR-045490,2025-10-15,october,Dry Van,1088.1,2087.54,2003.7934108519073,2066.618309668422,2035.2058602601646,52.33413973983534
TR-045491,2025-10-15,october,Flatbed,486.5,1258.93,1312.227138213161,1329.3018470405486,1320.764492626855,61.83449262685485
TR-045492,2025-10-15,october,Dry Van,1186.3,2343.06,2336.152725244289,2330.296592531107,2333.224658887698,9.835341112302103
TR-045493,2025-10-15,october,Dry Van,2320.9,4341.53,4353.8114636512055,4375.964289632455,4364.88787664183,23.357876641830444
TR-045494,2025-10-15,october,Flatbed,1554.1,3346.88,3426.9622561414385,3400.6159421895577,3413.789099165498,66.90909916549799
TR-045495,2025-10-15,october,Dry Van,504.1,1193.64,1194.3973105132832,1207.275839565964,1200.8365750396235,7.19657503962344
TR-045496,2025-10-16,october,Reefer,1203.0,2724.36,2752.9479387040947,2681.9780484417806,2717.4629935729376,6.897006427062479
TR-045497,2025-10-16,october,Flatbed,1137.4,2533.06,2513.852735920792,2516.774714384131,2515.3137251524613,17.746274847538643
TR-045498,2025-10-16,october,Flatbed,706.4,1699.44,1775.454897436833,1750.682447867709,1763.068672652271,63.62867265227101
TR-045499,2025-10-16,october,Reefer,2067.5,4527.85,4404.32570201251,4461.872429239782,4433.099065626146,94.75093437385476
TR-045500,2025-10-16,october,Dry Van,1366.9,2720.36,2741.460425755508,2670.9741883414927,2706.2173070485005,14.142692951499612
TR-045501,2025-10-16,october,Flatbed,1859.0,3737.89,3882.1968051232475,3899.1460970691755,3890.6714510962115,152.78145109621164
TR-045502,2025-10-16,october,Dry Van,427.6,1006.55,1012.7501291877695,991.0347735043824,1001.892451346076,4.657548653923982
TR-045503,2025-10-16,october,Flatbed,2874.0,5553.58,5635.527783077812,5744.39864222795,5689.963212652881,136.3832126528814
TR-045504,2025-10-16,october,Dry Van,457.7,1047.23,1029.3226811842799,1029.1133506821438,1029.218015933212,18.011984066788045
TR-045505,2025-10-16,october,Dry Van,1773.3,3512.86,3505.0618858003345,3439.4110966718836,3472.236491236109,40.623508763891095
TR-045506,2025-10-16,october,Dry Van,327.2,834.1,831.2513912660626,809.9081079962982,820.5797496311804,13.520250368819575
TR-045507,2025-10-16,october,Dry Van,1452.3,2978.65,2964.289100279862,2961.129409557392,2962.7092549186273,15.940745081372825
TR-045508,2025-10-16,october,Dry Van,2053.3,3902.46,3917.3270293963915,3823.1146145082275,3870.2208219523095,32.23917804769053
TR-045509,2025-10-16,october,Dry Van,2367.0,4696.7,4513.559080568713,4526.327225793821,4519.943153181267,176.7568468187328
TR-045510,2025-10-16,october,Dry Van,299.4,757.49,726.7924766442247,742.1407847990931,734.4666307216589,23.02336927834108
TR-045511,2025-10-16,october,Reefer,693.7,1651.0,1667.6461452148374,1668.7885713815447,1668.217358298191,17.217358298190902
TR-045512,2025-10-16,october,Dry Van,774.6,1655.06,1619.1752233940617,1626.4292633906311,1622.8022433923466,32.25775660765339
TR-045513,2025-10-16,october,Reefer,310.2,871.81,885.5555100840432,889.2781606347321,887.4168353593877,15.606835359387787
TR-045514,2025-10-16,october,Dry Van,655.6,1474.93,1487.1757922015456,1486.0509556760596,1486.6133739388026,11.68337393880256
TR-045515,2025-10-16,october,Flatbed,852.4,1932.3,2059.449371343542,2051.0058735010866,2055.227622422314,122.92762242231424
TR-045516,2025-10-16,october,Dry Van,333.0,781.07,804.788109384618,799.9640100502297,802.3760597174239,21.306059717423864
TR-045517,2025-10-16,october,Dry Van,419.5,902.18,913.1618113426098,925.3608052367474,919.2613082896786,17.081308289678645
TR-045518,2025-10-16,october,Dry Van,188.1,522.2,506.49417180949956,498.3287766776291,502.4114742435643,19.788525756435718
TR-045519,2025-10-16,october,Dry Van,2716.3,4781.19,4723.318968713432,4713.757851992848,4718.53841035314,62.651589646859975
TR-045520,2025-10-16,october,Flatbed,432.4,1034.64,1068.6476149057457,1062.041223345696,1065.3444191257208,30.704419125720733
TR-045521,2025-10-16,october,Flatbed,2146.2,4263.76,4400.313734709833,4437.561251975652,4418.9374933427425,155.1774933427423
TR-045522,2025-10-16,october,Flatbed,365.9,904.52,978.4144786207293,979.8888940111617,979.1516863159454,74.63168631594544
TR-045523,2025-10-16,october,Dry Van,667.8,1512.16,1488.8045195534482,1445.9317437982343,1467.3681316758411,44.79186832415894
TR-045524,2025-10-16,october,Flatbed,1917.5,4033.83,4058.0068634218187,4147.3649575728705,4102.685910497345,68.85591049734467
TR-045525,2025-10-16,october,Dry Van,1073.5,2238.22,2302.304666309772,2296.4026146861484,2299.3536404979604,61.13364049796064
TR-045526,2025-10-16,october,Dry Van,1542.0,3178.27,3184.9491184454682,3181.4927350419675,3183.220926743718,4.9509267437179005
TR-045527,2025-10-16,october,Dry Van,798.3,1768.37,1781.7499246450511,1778.1365065727605,1779.9432156089058,11.573215608905912
TR-045528,2025-10-16,october,Reefer,2879.8,5890.2,5757.651314055066,5906.314519517695,5831.982916786381,58.217083213618935
TR-045529,2025-10-16,october,Flatbed,914.1,2132.59,2191.617073254,2177.6476925655456,2184.632382909773,52.04238290977264
TR-045530,2025-10-16,october,Dry Van,1004.3,1979.76,1965.918563926663,1974.8280350867317,1970.3732995066973,9.38670049330267
TR-045531,2025-10-16,october,Flatbed,524.5,1198.94,1272.8087744722202,1224.4117049096171,1248.6102396909187,49.670239690918606
TR-045532,2025-10-16,october,Reefer,1301.7,3017.53,3065.3916059933945,3105.308805807251,3085.3502059003226,67.82020590032243
TR-045533,2025-10-16,october,Reefer,724.7,1736.07,1783.6374228462464,1763.2696104546283,1773.4535166504375,37.383516650437514
TR-045534,2025-10-16,october,Dry Van,783.8,1646.4,1657.938133191903,1668.2961936192564,1663.1171634055797,16.71716340557964
TR-045535,2025-10-16,october,Dry Van,126.7,362.78,361.897289286755,359.43934675855235,360.6683180226537,2.1116819773462794
TR-045536,2025-10-16,october,Dry Van,440.5,1030.67,1014.5046165589955,1015.9560826743473,1015.2303496166714,15.439650383328626
TR-045537,2025-10-16,october,Reefer,774.0,1786.04,1820.2093561686138,1811.1216823247314,1815.6655192466726,29.62551924667264
TR-045538,2025-10-16,october,Reefer,710.3,1759.89,1771.9376392624208,1774.443452404646,1773.1905458335334,13.300545833533306
TR-045539,2025-10-16,october,Reefer,600.9,1623.7,1624.3742639917793,1576.915158572187,1600.6447112819833,23.055288718016755
TR-045540,2025-10-16,october,Flatbed,652.0,1515.83,1559.753227967389,1533.449252730837,1546.6012403491131,30.771240349113214
TR-045541,2025-10-16,october,Dry Van,1483.7,3051.79,2928.708684858439,2797.7685159732105,2863.2386004158247,188.55139958417521
TR-045542,2025-10-16,october,Dry Van,71.7,200.56,209.7624481322581,223.62380197600578,216.69312505413194,16.133125054131938
TR-045543,2025-10-16,october,Dry Van,1131.1,2253.61,2220.812344652373,2235.434147086254,2228.123245869314,25.486754130686222
TR-045544,2025-10-16,october,Dry Van,347.0,869.02,894.7633147285462,858.9599997131038,876.861657220825,7.841657220825027
TR-045545,2025-10-16,october,Reefer,845.1,2114.08,2131.2473940793857,2083.570360271122,2107.408877175254,6.671122824745908
TR-045546,2025-10-16,october,Dry Van,224.3,588.86,591.9229718686271,587.7633248718134,589.8431483702202,0.9831483702201922
TR-045547,2025-10-16,october,Dry Van,783.1,1695.48,1690.339590415645,1703.9527780095357,1697.1461842125905,1.6661842125904514
TR-045548,2025-10-16,october,Dry Van,730.5,1501.55,1476.6518072371352,1481.8611034880096,1479.2564553625725,22.29354463742743
TR-045549,2025-10-16,october,Flatbed,1332.8,2850.38,2936.1531466210176,2985.5522140822795,2960.852680351649,110.4726803516487
TR-045550,2025-10-16,october,Dry Van,1846.1,3389.94,3454.897037058778,3424.766533217731,3439.8317851382544,49.89178513825436
TR-045551,2025-10-16,october,Dry Van,442.1,1049.3,1038.320282718866,1044.4334038454103,1041.3768432821382,7.92315671786173
TR-045552,2025-10-16,october,Flatbed,376.6,937.25,994.0606266926566,968.7072084155379,981.3839175540973,44.13391755409725
TR-045553,2025-10-16,october,Reefer,2024.6,4304.74,4293.558964443662,4234.704513347959,4264.1317388958105,40.608261104189296
TR-045554,2025-10-16,october,Flatbed,2289.8,4584.79,4586.746780770564,4688.264782300344,4637.505781535454,52.71578153545397
TR-045555,2025-10-16,october,Dry Van,2294.2,1687.37,4156.125895732441,4158.4105178538275,4157.268206793135,2469.8982067931347
TR-045556,2025-10-16,october,Reefer,301.7,867.44,881.5006653016419,865.5398318649179,873.5202485832799,6.080248583279854
TR-045557,2025-10-16,october,Flatbed,1317.0,2794.83,2878.965949773523,2919.940234499169,2899.4530921363457,104.6230921363458
TR-045558,2025-10-16,october,Reefer,255.1,718.12,733.8478728475048,707.1514456352872,720.4996592413961,2.379659241396098
TR-045559,2025-10-16,october,Reefer,733.2,1702.69,1696.3959423076055,1715.3873374919642,1705.8916398997849,3.2016398997848228
TR-045560,2025-10-16,october,Dry Van,544.7,1235.7,1249.2487763462004,1247.5964770937117,1248.422626719956,12.722626719955997
TR-045561,2025-10-16,october,Dry Van,534.0,1069.53,1101.9202730332445,1116.661926063598,1109.2910995484212,39.76109954842127
TR-045562,2025-10-16,october,Reefer,1411.7,3294.55,3245.536347253271,3235.619407126247,3240.577877189759,53.97212281024122
TR-045563,2025-10-16,october,Dry Van,632.3,1301.45,1322.8189205544106,1310.5552927767026,1316.6871066655567,15.237106665556666
TR-045564,2025-10-16,october,Dry Van,1329.8,2804.49,2683.0376567732374,2580.06792365081,2631.552790212024,172.93720978797592
TR-045565,2025-10-16,october,Dry Van,300.2,775.09,775.6051113553218,765.6382193895654,770.6216653724437,4.468334627556374
TR-045566,2025-10-16,october,Flatbed,877.7,2038.75,2137.2111396789105,2094.4751748785643,2115.8431572787376,77.09315727873764
TR-045567,2025-10-16,october,Flatbed,926.8,2112.34,2175.1967498796034,2183.3313987958277,2179.2640743377156,66.92407433771541
TR-045568,2025-10-16,october,Dry Van,341.6,844.26,861.5726613188812,855.6141415222578,858.5934014205695,14.333401420569544
TR-045569,2025-10-16,october,Dry Van,2331.5,4419.63,4378.009844307026,4383.780494848756,4380.895169577891,38.73483042210955
TR-045570,2025-10-16,october,Dry Van,323.2,824.68,827.8695424828314,813.439048022132,820.6542952524817,4.025704747518262
TR-045571,2025-10-16,october,Dry Van,322.8,744.62,752.2790562016693,750.9758098315706,751.62743301662,7.007433016619984
TR-045572,2025-10-16,october,Dry Van,1963.6,4012.16,3854.5757720930183,3871.2067769275945,3862.891274510306,149.26872548969368
TR-045573,2025-10-16,october,Dry Van,124.5,346.4,365.06574547428085,349.4141877576185,357.2399666159497,10.83996661594972
TR-045574,2025-10-16,october,Dry Van,888.7,1766.71,1827.261502488035,1789.6336498012665,1808.4475761446506,41.737576144650575
TR-045575,2025-10-16,october,Dry Van,2308.6,4234.65,4210.069848477172,4236.238111492386,4223.15397998478,11.496020015219983
TR-045576,2025-10-16,october,Dry Van,3162.5,5590.92,5622.265422050305,5569.684777436223,5595.975099743264,5.055099743263781
TR-045577,2025-10-16,october,Dry Van,1303.5,2634.88,2627.0289051020864,2647.5065657253044,2637.2677354136954,2.3877354136952817
TR-045578,2025-10-16,october,Dry Van,1120.9,2230.38,2129.173571538468,2200.76308909765,2164.968330318059,65.41166968194102
TR-045579,2025-10-16,october,Dry Van,1088.7,2199.79,2237.954015314769,2205.2585838327436,2221.6062995737566,21.816299573756623
TR-045580,2025-10-16,october,Dry Van,1149.1,2405.29,2382.849068459633,2377.115243947118,2379.982156203376,25.307843796624184
TR-045581,2025-10-16,october,Flatbed,652.5,1577.84,1636.745213808994,1608.9038862001269,1622.8245500045605,44.98455000456056
TR-045582,2025-10-16,october,Dry Van,850.4,1712.65,1776.516678178339,1748.7203652377143,1762.6185217080265,49.9685217080264
TR-045583,2025-10-16,october,Reefer,2203.7,4672.68,4678.482054196086,4767.680483405688,4723.081268800887,50.40126880088701
TR-045584,2025-10-16,october,Dry Van,1629.3,3402.06,3344.1371940880317,3321.880230089522,3333.0087120887765,69.05128791122343
TR-045585,2025-10-16,october,Flatbed,422.2,982.74,1014.8082450128927,1021.4164686461584,1018.1123568295255,35.37235682952553
TR-045586,2025-10-16,october,Dry Van,1983.2,3907.67,3784.6723626576054,3811.272758859531,3797.9725607585683,109.69743924143177
TR-045587,2025-10-16,october,Dry Van,1833.0,3578.71,3500.9952776773753,3529.3684736866744,3515.181875682025,63.5281243179752
TR-045588,2025-10-16,october,Dry Van,211.0,526.8,547.8317573768646,537.8954116174662,542.8635844971654,16.063584497165493
TR-045589,2025-10-16,october,Dry Van,1090.9,2240.17,2262.4359059874314,2259.8881481425606,2261.162027064996,20.99202706499591
TR-045590,2025-10-16,october,Reefer,323.5,894.4,901.9345789752356,886.7467231090291,894.3406510421323,0.05934895786765537
TR-045591,2025-10-16,october,Reefer,568.3,1466.32,1443.540155278611,1426.9734585119782,1435.2568068952946,31.063193104705306
TR-045592,2025-10-16,october,Reefer,1270.1,2998.13,2991.310695386995,3006.445256817812,2998.8779761024034,0.7479761024032996
TR-045593,2025-10-16,october,Dry Van,1684.1,3282.86,3319.9427703599335,3269.612573335813,3294.7776718478735,11.917671847873407
TR-045594,2025-10-16,october,Reefer,665.2,1565.23,1602.6910500170575,1577.8131567118403,1590.2521033644489,25.022103364448867
TR-045595,2025-10-16,october,Reefer,465.9,1293.67,1307.9152300883109,1299.360783963019,1303.638007025665,9.968007025664974
TR-045596,2025-10-16,october,Dry Van,1097.6,2280.97,2286.81559592066,2254.0094242575883,2270.412510089124,10.557489910875574
TR-045597,2025-10-16,october,Reefer,1789.2,4050.73,4029.798336286316,4100.201716318544,4065.00002630243,14.27002630242987
TR-045598,2025-10-16,october,Dry Van,900.8,1943.56,1896.7226163001412,1896.101639603047,1896.4121279515941,47.147872048405816
TR-045599,2025-10-16,october,Reefer,1108.4,2508.13,2641.6791525858534,2544.473480503648,2593.0763165447506,84.94631654475052
TR-045600,2025-10-16,october,Flatbed,1179.6,2645.34,2701.5775734069357,2716.7062419082276,2709.1419076575817,63.80190765758152
TR-045601,2025-10-16,october,Dry Van,600.1,1373.58,1365.5670989586733,1354.1543082154908,1359.860703587082,13.719296412917856
TR-045602,2025-10-16,october,Dry Van,2107.1,4123.96,4078.3240457820616,4125.013681769756,4101.668863775909,22.291136224091133
TR-045603,2025-10-16,october,Dry Van,1460.0,2908.31,2941.3360619298073,2949.255598951765,2945.295830440786,36.98583044078623
TR-045604,2025-10-16,october,Dry Van,3081.7,5943.04,5703.740908799599,5758.518435925329,5731.129672362464,211.91032763753628
TR-045605,2025-10-16,october,Dry Van,657.1,1439.58,1401.417831933268,1398.8454222645078,1400.1316270988877,39.44837290111218
TR-045606,2025-10-16,october,Dry Van,1719.1,3399.37,3390.9849186485194,3360.070684565444,3375.5278016069815,23.842198393018407
TR-045607,2025-10-16,october,Dry Van,1797.3,3365.36,3357.2867856592575,3365.1999542438707,3361.243369951564,4.116630048436036
TR-045608,2025-10-16,october,Dry Van,932.3,1831.06,1843.5024766211022,1839.4349458764239,1841.4687112487632,10.408711248763211
TR-045609,2025-10-16,october,Dry Van,1383.8,2872.8,2851.843219041604,2702.3152532182953,2777.0792361299495,95.72076387005063
TR-045610,2025-10-16,october,Flatbed,682.3,1702.65,1770.1734345120906,1711.3912976608838,1740.7823660864872,38.13236608648708
TR-045611,2025-10-16,october,Reefer,3174.1,6537.96,6333.4552743531085,6612.185173087815,6472.820223720462,65.13977627953773
TR-045612,2025-10-16,october,Dry Van,1145.4,2422.06,2375.7760019281072,2308.9450753426618,2342.3605386353847,79.69946136461522
TR-045613,2025-10-16,october,Dry Van,2481.7,4957.77,4793.728472517581,4748.040080415399,4770.88427646649,186.88572353351083
TR-045614,2025-10-16,october,Dry Van,180.9,493.78,502.36897614129055,493.8697034544132,498.11933979785186,4.339339797851892
TR-045615,2025-10-16,october,Dry Van,207.7,593.16,579.1818431527784,569.4405517334601,574.3111974431192,18.84880255688074
TR-045616,2025-10-16,october,Dry Van,1476.4,3170.07,3086.721858656925,2966.6282870091068,3026.675072833016,143.39492716698396
TR-045617,2025-10-16,october,Reefer,2959.4,5957.95,5858.596478849573,6047.1634476218405,5952.879963235707,5.070036764293036
TR-045618,2025-10-16,october,Dry Van,926.6,1935.21,1954.3181025414576,1924.5947556064518,1939.4564290739547,4.246429073954687
TR-045619,2025-10-16,october,Reefer,891.2,2060.21,2151.752310641448,2142.7621549677597,2147.2572328046035,87.04723280460348
TR-045620,2025-10-16,october,Dry Van,684.4,1420.06,1423.6895946182237,1423.179265036093,1423.4344298271585,3.374429827158565
TR-045621,2025-10-16,october,Flatbed,186.1,490.27,554.1644293991101,546.2755538684773,550.2199916337937,59.94999163379373
TR-045622,2025-10-16,october,Dry Van,2119.9,4207.76,4064.8678858471444,4035.365114084617,4050.1164999658804,157.64350003411982
TR-045623,2025-10-16,october,Dry Van,385.3,866.23,897.7132888876318,862.5863765902209,880.1498327389263,13.919832738926289
TR-045624,2025-10-16,october,Dry Van,1208.4,2427.7,2412.890935630438,2401.6905184065054,2407.2907270184714,20.409272981528375
TR-045625,2025-10-16,october,Flatbed,682.8,1659.56,1782.4352923703516,1731.4715452928417,1756.9534188315965,97.39341883159659
TR-045626,2025-10-16,october,Reefer,1560.9,3476.97,3490.5811326072862,3447.4804958269806,3469.0308142171334,7.939185782866389
TR-045627,2025-10-16,october,Dry Van,1456.2,2795.92,2821.4069656466504,2789.60501121834,2805.5059884324955,9.58598843249547
TR-045628,2025-10-16,october,Reefer,167.8,575.03,579.8340202504112,546.3488599472983,563.0914400988547,11.938559901145254
TR-045629,2025-10-16,october,Reefer,1014.7,2501.49,2434.32312826169,2423.7033443577525,2429.013236309721,72.47676369027886
TR-045630,2025-10-16,october,Dry Van,1175.3,2283.52,2228.788623709447,2292.458617543036,2260.6236206262415,22.896379373758464
TR-045631,2025-10-16,october,Flatbed,745.3,1698.24,1764.0902499385977,1728.583921670618,1746.3370858046078,48.09708580460779
TR-045632,2025-10-16,october,Reefer,838.6,2002.19,2003.9188692944097,2013.7794025808203,2008.8491359376148,6.659135937614792
TR-045633,2025-10-16,october,Flatbed,352.3,872.98,932.1763644540022,896.8855381586914,914.5309513063468,41.55095130634675
TR-045634,2025-10-16,october,Dry Van,2128.5,4021.52,3995.1972286644864,3986.8745794155975,3991.0359040400417,30.484095959958267
TR-045635,2025-10-16,october,Dry Van,925.7,1937.24,1988.5769564256927,1953.940035499591,1971.258495962642,34.018495962641964
TR-045636,2025-10-16,october,Dry Van,2882.9,5322.9,5394.040431284161,5197.880598519254,5295.960514901708,26.939485098291698
TR-045637,2025-10-17,october,Dry Van,1491.1,2934.77,2967.0664556060215,2722.9254483600544,2844.995951983038,89.77404801696184
TR-045638,2025-10-17,october,Reefer,434.2,1157.63,1160.1725070237574,1182.9220508952783,1171.5472789595178,13.917278959517716
TR-045639,2025-10-17,october,Reefer,816.1,1745.48,1872.601104960646,1834.2168315482177,1853.4089682544318,107.92896825443177
TR-045640,2025-10-17,october,Dry Van,438.7,1076.4,1039.276614421984,1050.3348748890542,1044.805744655519,31.5942553444811
TR-045641,2025-10-17,october,Reefer,1433.0,3352.03,3270.821928362197,3397.5535344928785,3334.187731427538,17.842268572462217
TR-045642,2025-10-17,october,Dry Van,274.4,648.83,671.0364886179669,650.0391624313354,660.5378255246512,11.707825524651184
TR-045643,2025-10-17,october,Reefer,572.9,1447.57,1475.598143471996,1463.6984531476537,1469.648298309825,22.07829830982496
TR-045644,2025-10-17,october,Dry Van,201.4,541.72,508.5679049552631,534.2045313182657,521.3862181367645,20.333781863235572
TR-045645,2025-10-17,october,Reefer,2644.9,5577.71,5393.61942143286,5572.734046460357,5483.176733946608,94.53326605339225
TR-045646,2025-10-17,october,Dry Van,1535.9,2834.23,2893.546591209655,2829.619682572781,2861.583136891218,27.353136891218128
TR-045647,2025-10-17,october,Dry Van,1204.6,2376.9,2369.801386212217,2383.4663318629387,2376.633859037578,0.2661409624220141
TR-045648,2025-10-17,october,Dry Van,1278.7,2509.96,2423.092084696893,2456.526774988247,2439.80942984257,70.15057015743014
TR-045649,2025-10-17,october,Reefer,479.5,1269.3,1299.9885913087992,1285.5449914543156,1292.7667913815574,23.466791381557414
TR-045650,2025-10-17,october,Dry Van,1130.8,2140.85,2093.007096216129,2167.345901436917,2130.176498826523,10.67350117347678
TR-045651,2025-10-17,october,Dry Van,984.2,2165.47,2132.428753689311,2110.891978677272,2121.6603661832914,43.809633816708356
TR-045652,2025-10-17,october,Dry Van,1440.0,2842.26,2789.4037565841268,2774.782099606567,2782.092928095347,60.16707190465331
TR-045653,2025-10-17,october,Reefer,1802.3,4069.8,4103.347665604002,4101.082629352528,4102.215147478265,32.41514747826477
TR-045654,2025-10-17,october,Dry Van,1212.0,2598.14,2596.3997552869023,2570.489776611439,2583.4447659491707,14.695234050829185
TR-045655,2025-10-17,october,Flatbed,946.9,2221.49,2227.2198049047247,2239.974207675063,2233.597006289894,12.107006289894343
TR-045656,2025-10-17,october,Dry Van,467.7,963.31,974.1313023903167,953.5872041995278,963.8592532949223,0.5492532949223232
TR-045657,2025-10-17,october,Reefer,1210.5,2654.3,2686.5312796536705,2711.8536189902416,2699.192449321956,44.89244932195561
TR-045658,2025-10-17,october,Reefer,306.7,879.55,906.9221059203418,879.9908923267687,893.4564991235552,13.90649912355525
TR-045659,2025-10-17,october,Flatbed,124.9,386.46,397.5839693789409,434.13563928275425,415.85980433084757,29.399804330847587
TR-045660,2025-10-17,october,Dry Van,130.8,364.34,382.8614661631591,396.00644858398346,389.4339573735713,25.0939573735713
TR-045661,2025-10-17,october,Dry Van,539.2,1237.58,1256.3629416394188,1243.8640488684644,1250.1134952539414,12.53349525394151
TR-045662,2025-10-17,october,Dry Van,1309.8,2734.03,2790.6653701497175,2717.6924322813147,2754.178901215516,20.148901215515707
TR-045663,2025-10-17,october,Dry Van,772.0,1625.19,1612.8193142762732,1632.4614598321243,1622.6403870541988,2.5496129458013
TR-045664,2025-10-17,october,Flatbed,2242.2,4336.71,4417.300714784547,4468.162943818872,4442.73182930171,106.02182930170966
TR-045665,2025-10-17,october,Flatbed,2764.2,5312.61,5234.033314700989,5403.974131784477,5319.003723242733,6.393723242733358
TR-045666,2025-10-17,october,Dry Van,74.7,202.77,213.70426857657102,222.92312439896136,218.3136964877662,15.543696487766198
TR-045667,2025-10-17,october,Dry Van,454.1,999.21,987.8756560058939,1001.2847179287653,994.5801869673296,4.629813032670427
TR-045668,2025-10-17,october,Dry Van,2898.8,5050.06,5267.299068491476,5126.052807279893,5196.675937885684,146.6159378856837
TR-045669,2025-10-17,october,Dry Van,1446.0,2865.83,2845.137749908409,2820.072254689069,2832.6050022987392,33.22499770126069
TR-045670,2025-10-17,october,Reefer,2794.8,5504.19,5442.319147159973,5491.470031670313,5466.894589415143,37.295410584856654
TR-045671,2025-10-17,october,Reefer,295.0,865.48,888.5600399946308,876.9551519678657,882.7575959812482,17.27759598124817
TR-045672,2025-10-17,october,Reefer,879.6,2109.8,2205.644999145367,2151.447524840069,2178.546261992718,68.74626199271779
TR-045673,2025-10-17,october,Dry Van,1261.6,2696.52,2590.4411447814696,2594.001291055002,2592.221217918236,104.29878208176387
TR-045674,2025-10-17,october,Dry Van,2280.8,4273.32,4296.37602341133,4214.280773015403,4255.328398213366,17.99160178663351
TR-045675,2025-10-17,october,Flatbed,1203.6,2457.47,2619.5592828504687,2647.058744040549,2633.3090134455088,175.83901344550895
TR-045676,2025-10-17,october,Dry Van,1456.3,3051.07,3008.871014547628,2992.9954976827544,3000.9332561151914,50.136743884808766
TR-045677,2025-10-17,october,Flatbed,2059.4,3982.98,3977.630039687498,4145.447070176424,4061.538554931961,78.55855493196077
TR-045678,2025-10-17,october,Dry Van,676.8,1498.32,1464.0668991932203,1461.407480760649,1462.7371899769346,35.58281002306535
TR-045679,2025-10-17,october,Dry Van,207.7,547.06,540.2658251677634,550.6133885915317,545.4396068796475,1.6203931203524462
TR-045680,2025-10-17,october,Reefer,926.6,2254.76,2298.665928663395,2254.57962177276,2276.6227752180775,21.86277521807733
TR-045681,2025-10-17,october,Dry Van,1033.2,2056.91,1967.4180850825355,2009.8139719344508,1988.6160285084932,68.29397149150668
TR-045682,2025-10-17,october,Dry Van,2223.7,4336.63,4247.0006284050605,4283.366793374622,4265.183710889842,71.44628911015843
TR-045683,2025-10-17,october,Reefer,2040.2,4383.55,4407.098397865035,4439.952943344366,4423.5256706047,39.9756706047001
TR-045684,2025-10-17,october,Dry Van,1808.5,3472.23,3521.54369407647,3472.0993769816987,3496.821535529084,24.591535529084013
TR-045685,2025-10-17,october,Dry Van,325.9,809.61,832.0409631744322,823.7052747738321,827.8731189741322,18.263118974132226
TR-045686,2025-10-17,october,Dry Van,342.7,827.55,842.4128965014064,843.6128978084619,843.0128971549341,15.462897154934126
TR-045687,2025-10-17,october,Dry Van,2311.9,4128.64,4093.736561934244,4130.009614221055,4111.873088077649,16.766911922351028
TR-045688,2025-10-17,october,Dry Van,176.7,464.57,473.4771386626143,445.96527345572554,459.72120605916996,4.848793940830035
TR-045689,2025-10-17,october,Reefer,612.5,1598.45,1602.0937329814267,1605.1381915008994,1603.615962241163,5.165962241163015
TR-045690,2025-10-17,october,Reefer,985.6,2284.08,2300.593461028841,2319.980242854348,2310.2868519415943,26.206851941594323
TR-045691,2025-10-17,october,Dry Van,1601.8,3177.81,3155.2624988605207,3079.1793003072953,3117.2208995839082,60.589100416091696
TR-045692,2025-10-17,october,Dry Van,2399.1,4681.46,4539.112507006977,4580.774391385046,4559.943449196011,121.51655080398905
TR-045693,2025-10-17,october,Reefer,405.9,1113.75,1135.337902891152,1123.181679749403,1129.2597913202776,15.5097913202776
TR-045694,2025-10-17,october,Dry Van,341.1,822.84,833.188131647505,832.1257751149515,832.6569533812283,9.816953381228245
TR-045695,2025-10-17,october,Dry Van,882.1,1929.6,1934.7385676556637,1946.0353066226905,1940.386937139177,10.786937139177098
TR-045696,2025-10-17,october,Reefer,1033.1,2504.83,2486.3659989999724,2527.7562932745336,2507.0611461372528,2.2311461372528356
TR-045697,2025-10-17,october,Reefer,377.4,1012.02,1020.2247421697489,1027.8557837755015,1024.0402629726252,12.020262972625233
TR-045698,2025-10-17,october,Flatbed,520.1,1308.89,1351.4500167314166,1333.7474676318338,1342.5987421816253,33.70874218162521
TR-045699,2025-10-17,october,Dry Van,677.9,1386.72,1407.1756847867978,1376.4866658817696,1391.8311753342837,5.111175334283644
TR-045700,2025-10-17,october,Dry Van,2250.7,4231.34,4158.55331272747,4126.407292235078,4142.480302481274,88.85969751872653
TR-045701,2025-10-17,october,Reefer,3308.4,6710.48,6343.050974077639,6480.8575734569,6411.954273767269,298.52572623273045
TR-045702,2025-10-17,october,Flatbed,748.7,1752.03,1762.132965707656,1763.3650418726309,1762.7490037901434,10.71900379014346
TR-045703,2025-10-17,october,Dry Van,1730.2,3486.21,3418.4880185200414,3385.6898312765416,3402.088924898291,84.12107510170881
TR-045704,2025-10-17,october,Flatbed,1072.2,2490.63,2528.649441702777,2557.5068128653893,2543.078127284083,52.44812728408306
TR-045705,2025-10-17,october,Dry Van,267.6,680.72,692.1760829263968,671.9022084130459,682.0391456697214,1.3191456697213653
TR-045706,2025-10-17,october,Reefer,1737.2,3870.41,3888.400341127031,3919.0515344436412,3903.725937785336,33.315937785336246
TR-045707,2025-10-17,october,Dry Van,623.8,1335.72,1325.7239563964201,1307.8090019855679,1316.766479190994,18.953520809006022
TR-045708,2025-10-17,october,Dry Van,2243.8,4001.14,3989.859830509241,4003.795138229172,3996.8274843692066,4.312515630793314
TR-045709,2025-10-17,october,Dry Van,1029.4,1977.36,1963.2154105590657,2019.3938883739218,1991.3046494664936,13.944649466493729
TR-045710,2025-10-17,october,Dry Van,1897.6,3725.37,3629.020282296729,3623.897243130241,3626.458762713485,98.91123728651473
TR-045711,2025-10-17,october,Dry Van,384.9,903.02,929.6941007028713,893.0912463196778,911.3926735112746,8.37267351127457
TR-045712,2025-10-17,october,Dry Van,1455.7,2771.19,2726.649174663125,2759.3929780106428,2743.021076336884,28.168923663115947
TR-045713,2025-10-17,october,Dry Van,1874.9,3449.99,3497.8297430868647,3553.497004496109,3525.663373791487,75.67337379148739
TR-045714,2025-10-17,october,Dry Van,226.7,630.36,620.3853477665517,614.3463965377252,617.3658721521385,12.994127847861478
TR-045715,2025-10-17,october,Flatbed,193.4,553.35,596.0980897249859,625.6773812098854,610.8877354674357,57.53773546743571
TR-045716,2025-10-17,october,Dry Van,560.6,1231.89,1227.8011398443566,1263.0853856100298,1245.443262727193,13.553262727192987
TR-045717,2025-10-17,october,Flatbed,1072.1,2460.65,2526.344424736961,2554.564883199795,2540.454653968378,79.8046539683778
TR-045718,2025-10-17,october,Dry Van,2342.8,4374.08,4432.855236854385,4392.472453100978,4412.663844977682,38.58384497768202
TR-045719,2025-10-17,october,Reefer,601.4,1464.75,1499.2047384239704,1501.0617125158778,1500.1332254699241,35.38322546992413
TR-045720,2025-10-17,october,Dry Van,540.7,1088.41,1089.6646668568026,1070.2294767246697,1079.9470717907361,8.462928209263964
TR-045721,2025-10-17,october,Dry Van,1994.0,3828.5,3806.190026395498,3770.6859202544733,3788.4379733249857,40.062026675014295
TR-045722,2025-10-17,october,Flatbed,2089.6,4531.93,4413.338172434889,4520.4060566748385,4466.872114554864,65.05788544513598
TR-045723,2025-10-17,october,Dry Van,1805.1,3694.07,3637.854003438929,3594.44319177831,3616.1485976086196,77.92140239138052
TR-045724,2025-10-17,october,Dry Van,443.5,1079.1,1041.1233337213628,1039.2388017260805,1040.1810677237218,38.918932276278156
TR-045725,2025-10-17,october,Reefer,904.4,2126.09,2157.765964837694,2093.4465091166635,2125.606236977179,0.48376302282122197
TR-045726,2025-10-17,october,Dry Van,585.2,1340.2,1342.1077434498093,1350.665255751765,1346.3864996007871,6.186499600787101
TR-045727,2025-10-17,october,Dry Van,1678.4,3342.36,3301.0694476331537,3302.9250273764947,3301.997237504824,40.36276249517596
TR-045728,2025-10-17,october,Flatbed,306.3,807.25,871.3687910688054,856.7018128043146,864.03530193656,56.78530193656002
TR-045729,2025-10-17,october,Dry Van,782.4,1711.02,1650.1675050938202,1650.2999166058785,1650.2337108498493,60.78628915015065
TR-045730,2025-10-17,october,Dry Van,2176.4,4029.11,4075.328180585433,4073.5203955749103,4074.4242880801717,45.314288080171536
TR-045731,2025-10-17,october,Dry Van,845.8,1821.47,1758.3132663234915,1783.9406071454832,1771.1269367344873,50.34306326551268
TR-045732,2025-10-17,october,Dry Van,1236.1,2502.01,2408.6251770576196,2454.742876521941,2431.6840267897805,70.32597321021967
TR-045733,2025-10-17,october,Reefer,3093.5,6390.2,6291.941721591187,6392.524749158881,6342.2332353750335,47.966764624966345
TR-045734,2025-10-17,october,Reefer,1061.9,2466.55,2504.687962707855,2481.3862402579803,2493.037101482918,26.48710148291775
TR-045735,2025-10-17,october,Dry Van,2670.8,4829.39,4784.5159957718815,4811.157813395062,4797.836904583472,31.553095416528777
TR-045736,2025-10-17,october,Reefer,2451.0,5275.11,5078.845610062424,5230.646581545794,5154.746095804109,120.36390419589043
TR-045737,2025-10-17,october,Reefer,113.8,362.78,367.4351097995741,402.1314860895909,384.7832979445825,22.003297944582528
TR-045738,2025-10-17,october,Reefer,2427.9,5336.8,5185.8274623105945,5230.447928989668,5208.137695650132,128.66230434986846
TR-045739,2025-10-17,october,Reefer,468.7,1324.44,1315.9518059613702,1295.07983695858,1305.515821459975,18.92417854002497
TR-045740,2025-10-17,october,Dry Van,1048.6,2204.45,2157.873424901527,2162.319262985224,2160.0963439433754,44.35365605662446
TR-045741,2025-10-17,october,Dry Van,977.1,2015.32,1979.775139899749,1965.753263530301,1972.7642017150251,42.5557982849748
TR-045742,2025-10-17,october,Flatbed,393.5,1034.75,1090.8461660271057,1085.947780281775,1088.3969731544403,53.646973154440275
TR-045743,2025-10-17,october,Dry Van,2014.8,3770.27,3818.455386531062,3802.8357109492745,3810.645548740168,40.37554874016814
TR-045744,2025-10-17,october,Dry Van,2017.1,3934.36,3926.16440883748,3973.0829951518226,3949.623701994651,15.263701994651
TR-045745,2025-10-17,october,Dry Van,420.3,947.22,922.5304502146829,926.2079054158094,924.3691778152461,22.85082218475395
TR-045746,2025-10-17,october,Flatbed,392.0,972.26,1018.289411096271,1001.8476014174289,1010.06850625685,37.80850625685002
TR-045747,2025-10-17,october,Dry Van,543.9,1170.45,1167.348605230321,1141.7141245210569,1154.531364875689,15.918635124311095
TR-045748,2025-10-17,october,Dry Van,833.6,1779.6,1777.5216401208531,1738.2650785109943,1757.8933593159236,21.70664068407632
TR-045749,2025-10-17,october,Dry Van,1962.3,3910.77,3936.7804721754405,3884.199613306554,3910.4900427409975,0.27995725900245816
TR-045750,2025-10-17,october,Dry Van,1467.7,2935.66,2910.6750824626097,2846.8489117184413,2878.7619970905253,56.8980029094746
TR-045751,2025-10-17,october,Dry Van,268.9,698.47,697.4072247365914,696.3551686552462,696.8811966959188,1.5888033040812388
TR-045752,2025-10-17,october,Dry Van,513.9,1033.08,1089.1628254646953,1097.6691007548905,1093.4159631097928,60.33596310979283
TR-045753,2025-10-17,october,Dry Van,556.0,1237.01,1204.8560324479063,1224.0393215256804,1214.4476769867933,22.56232301320665
TR-045754,2025-10-17,october,Dry Van,511.5,1137.75,1125.501728087038,1115.3638850365517,1120.4328065617947,17.317193438205322
TR-045755,2025-10-17,october,Reefer,2027.8,4525.16,4405.3314998670585,4380.020381175784,4392.675940521422,132.48405947857827
TR-045756,2025-10-17,october,Dry Van,70.0,227.6,277.2581682513474,269.4274439393921,273.3428060953697,45.74280609536973
TR-045757,2025-10-17,october,Flatbed,403.8,996.46,1041.7890869060702,1039.6398047611938,1040.714445833632,44.25444583363196
TR-045758,2025-10-17,october,Flatbed,647.7,1476.89,1585.0477693082662,1536.2178329386902,1560.6328011234782,83.7428011234781
TR-045759,2025-10-17,october,Reefer,817.7,1844.12,1883.766945594534,1848.3910182760758,1866.078981935305,21.95898193530502
TR-045760,2025-10-17,october,Dry Van,1252.4,2537.26,2521.924390715073,2508.5091141094317,2515.2167524122524,22.043247587747828
TR-045761,2025-10-17,october,Dry Van,584.5,1209.72,1218.8684479817707,1188.7099280224343,1203.7891880021025,5.9308119978975355
TR-045762,2025-10-17,october,Dry Van,932.0,2009.57,2047.396098831002,2018.3666305593897,2032.8813646951958,23.311364695195834
TR-045763,2025-10-17,october,Flatbed,1680.8,3517.71,3509.4153245802668,3516.0315658313093,3512.7234452057883,4.98655479421177
TR-045764,2025-10-17,october,Dry Van,2024.8,3777.92,3702.4753871034677,3706.4420502685043,3704.4587186859862,73.46128131401383
TR-045765,2025-10-17,october,Dry Van,1003.0,1909.16,1948.5498180487916,1907.342219599438,1927.9460188241148,18.786018824114763
TR-045766,2025-10-17,october,Reefer,1089.8,2410.85,2461.0208759407697,2430.9883269258444,2446.004601433307,35.15460143330711
TR-045767,2025-10-17,october,Dry Van,2621.0,4640.16,4729.1216406949,4608.773087728719,4668.947364211809,28.78736421180929
TR-045768,2025-10-17,october,Reefer,1025.6,2209.46,2261.3402902408257,2256.8731244081196,2259.1067073244726,49.64670732447257
TR-045769,2025-10-17,october,Dry Van,462.7,1045.45,1044.235646663225,1010.601136711692,1027.4183916874586,18.031608312541493
TR-045770,2025-10-17,october,Dry Van,623.4,1320.24,1315.1157201651642,1341.2158081778248,1328.1657641714946,7.92576417149462
TR-045771,2025-10-17,october,Reefer,550.1,1344.65,1373.2627760281584,1351.8736456726842,1362.5682108504213,17.918210850421247
TR-045772,2025-10-17,october,Dry Van,924.5,1947.07,1935.1971163760968,1900.2003406886897,1917.6987285323933,29.371271467606675
TR-045773,2025-10-17,october,Dry Van,2816.5,5009.39,5197.701016007327,5197.580121707271,5197.6405688572995,188.25056885729919
TR-045774,2025-10-17,october,Dry Van,466.3,2389.43,1044.6499908320015,1041.8275888396497,1043.2387898358256,1346.1912101641742
TR-045775,2025-10-17,october,Dry Van,647.3,1500.92,1490.2419600227238,1461.4015783589477,1475.8217691908358,25.098230809164306
TR-045776,2025-10-17,october,Dry Van,351.6,813.53,864.1775087285307,812.9463086750998,838.5619087018152,25.03190870181527
TR-045777,2025-10-17,october,Reefer,506.8,1257.8,1289.1340813014262,1265.7594638979103,1277.4467725996683,19.64677259966834
TR-045778,2025-10-17,october,Flatbed,752.9,1759.5,1825.371564884834,1817.4492999567783,1821.410432420806,61.910432420806046
TR-045779,2025-10-17,october,Dry Van,692.4,1533.53,1525.6644139331265,1532.9180257187481,1529.2912198259373,4.23878017406264
TR-045780,2025-10-17,october,Dry Van,70.0,210.54,281.35884935748544,249.01434340628884,265.18659638188717,54.64659638188718
TR-045781,2025-10-17,october,Flatbed,603.0,1509.14,1567.84224065707,1569.9037769463844,1568.8730088017273,59.73300880172724
TR-045782,2025-10-17,october,Dry Van,496.3,1061.38,1070.3233562368182,1052.9992850952824,1061.6613206660504,0.2813206660503056
TR-045783,2025-10-17,october,Flatbed,1790.6,3602.47,3688.8481291741878,3722.8986874516704,3705.8734083129293,103.40340831292951
TR-045784,2025-10-17,october,Flatbed,2236.6,4410.79,4459.694358390277,4503.887138117321,4481.790748253799,71.00074825379943
TR-045785,2025-10-17,october,Dry Van,623.5,1367.68,1394.7489748068358,1352.6991432081227,1373.7240590074794,6.044059007479291
TR-045786,2025-10-17,october,Reefer,2693.9,5467.05,5508.07341737325,5527.333799679147,5517.703608526199,50.653608526198695
TR-045787,2025-10-17,october,Dry Van,2161.4,3826.18,3934.632188057738,3889.1060610175923,3911.869124537665,85.68912453766507
TR-045788,2025-10-17,october,Reefer,495.2,1300.9,1361.570382667085,1345.7822428031977,1353.6763127351414,52.776312735141346
TR-045789,2025-10-17,october,Reefer,2016.7,4254.3,4211.662248317238,4210.726889514,4211.194568915618,43.10543108438196
TR-045790,2025-10-17,october,Reefer,1171.5,2751.34,2763.4535191124746,2741.1488307391123,2752.3011749257935,0.9611749257933297
TR-045791,2025-10-17,october,Flatbed,1828.2,3973.88,4039.0920339090176,4041.5147070357298,4040.303370472374,66.42337047237379
TR-045792,2025-10-17,october,Flatbed,811.5,1761.45,1798.2858095041574,1822.0910413485626,1810.18842542636,48.73842542635998
TR-045793,2025-10-17,october,Flatbed,1018.0,2279.98,2312.9744005293824,2281.1191447788347,2297.0467726541083,17.066772654108263
TR-045794,2025-10-17,october,Reefer,906.5,2139.64,2201.8139625675763,2156.0530314195503,2178.9334969935635,39.29349699356362
TR-045795,2025-10-17,october,Reefer,1334.9,3055.6,3084.2711227189902,3065.125523860201,3074.6983232895955,19.098323289595555
TR-045796,2025-10-17,october,Flatbed,1305.7,2697.72,2823.646495885783,2837.011755839825,2830.329125862804,132.60912586280438
TR-045797,2025-10-17,october,Dry Van,759.6,1495.93,1492.4565142535898,1480.3629616294506,1486.4097379415202,9.52026205847983
TR-045798,2025-10-17,october,Dry Van,1172.3,2362.74,2325.8018963932227,2315.3589300613694,2320.580413227296,42.15958677270373
TR-045799,2025-10-17,october,Dry Van,1398.2,2626.92,2635.612648887099,2671.983472248843,2653.7980605679713,26.87806056797126
TR-045800,2025-10-17,october,Dry Van,1385.9,2855.35,2851.800391418802,2856.9065534055044,2854.353472412153,0.9965275878466855
TR-045801,2025-10-17,october,Reefer,1215.0,2661.21,2743.715516755589,2704.935054635616,2724.3252856956024,63.115285695602324
TR-045802,2025-10-17,october,Dry Van,1969.5,3838.53,3751.2608191707463,3756.4443732449768,3753.8525962078616,84.67740379213865
TR-045803,2025-10-17,october,Reefer,1388.4,3144.54,3234.351074131242,3134.6109678675093,3184.4810209993757,39.94102099937572
TR-045804,2025-10-17,october,Flatbed,505.8,1270.25,1328.9472409720681,1296.0803391797751,1312.5137900759216,42.263790075921634
TR-045805,2025-10-17,october,Dry Van,2594.9,4970.65,4912.236044683318,4903.882127786343,4908.059086234831,62.59091376516881
TR-045806,2025-10-17,october,Dry Van,344.7,859.09,878.500032345625,852.4713155840452,865.4856739648351,6.395673964835055
TR-045807,2025-10-17,october,Dry Van,552.4,1274.46,1237.0651073703568,1248.2267664241085,1242.6459368972328,31.81406310276725
TR-045808,2025-10-17,october,Flatbed,1015.7,2301.55,2382.2628797662305,2353.166034619656,2367.714457192943,66.16445719294279
TR-045809,2025-10-17,october,Dry Van,550.3,1243.9,1237.39936001952,1213.5220286839915,1225.4606943517556,18.4393056482445
TR-045810,2025-10-17,october,Dry Van,605.8,1302.32,1289.372449199196,1294.5618159462742,1291.967132572735,10.352867427264982
TR-045811,2025-10-17,october,Reefer,811.9,2040.75,2051.524430509701,2055.2588809673202,2053.3916557385105,12.641655738510508
TR-045812,2025-10-17,october,Dry Van,912.8,1921.54,1860.4253949679128,1843.6159622866383,1852.0206786272756,69.51932137272433
TR-045813,2025-10-17,october,Dry Van,2239.7,4167.75,4146.717883094028,4179.771109017852,4163.2444960559405,4.5055039440594555
TR-045814,2025-10-17,october,Dry Van,446.0,1124.2,1115.5371556486382,1084.3916130660728,1099.9643843573554,24.23561564264469
TR-045815,2025-10-17,october,Dry Van,998.3,2067.51,2163.647568282301,2126.837793216656,2145.2426807494785,77.73268074947828
TR-045816,2025-10-17,october,Flatbed,377.9,932.49,965.7425874001644,950.8809427338274,958.3117650669959,25.82176506699591
TR-045817,2025-10-17,october,Dry Van,2033.0,3953.94,3990.790555817192,3977.8119023165405,3984.301229066866,30.361229066866144
TR-045818,2025-10-18,october,Reefer,2425.4,4999.35,5099.014671763915,5043.803918081934,5071.409294922925,72.05929492292489
TR-045819,2025-10-18,october,Dry Van,360.1,829.78,825.1812092433794,810.622180698922,817.9016949711506,11.878305028849354
TR-045820,2025-10-18,october,Dry Van,940.4,9522.01,1910.4936727922764,1890.5392147316627,1900.5164437619696,7621.493556238031
TR-045821,2025-10-18,october,Reefer,524.6,1375.14,1422.8414255831085,1386.9860325725074,1404.913729077808,29.773729077807957
TR-045822,2025-10-18,october,Flatbed,474.0,1133.66,1153.0195196843044,1145.5410397782193,1149.280279731262,15.620279731261917
TR-045823,2025-10-18,october,Reefer,2359.9,4705.33,4777.866246221866,4763.064492340599,4770.465369281233,65.13536928123267
TR-045824,2025-10-18,october,Dry Van,426.5,958.53,939.7710278811915,928.5739941465431,934.1725110138673,24.357488986132694
TR-045825,2025-10-18,october,Flatbed,679.1,1543.23,1589.3274351991552,1542.622287811755,1565.974861505455,22.744861505454992
TR-045826,2025-10-18,october,Dry Van,2325.3,4131.85,4204.945777526711,4121.031593777368,4162.988685652039,31.138685652038475
TR-045827,2025-10-18,october,Dry Van,743.7,1552.35,1531.9950104508289,1546.6685802161805,1539.3317953335047,13.018204666495194
TR-045828,2025-10-18,october,Dry Van,898.7,1810.99,1780.654787529198,1800.1276092211547,1790.3911983751764,20.598801624823636
TR-045829,2025-10-18,october,Reefer,1679.7,3685.75,3706.8014280644384,3651.2006773747603,3679.001052719599,6.748947280400898
TR-045830,2025-10-18,october,Flatbed,912.8,1859.19,1944.953630206726,1929.9029739361838,1937.428302071455,78.23830207145488
TR-045831,2025-10-18,october,Dry Van,440.7,989.63,994.8748747403173,983.7141167140599,989.2944957271886,0.3355042728113631
TR-045832,2025-10-18,october,Dry Van,123.7,349.49,358.98422205124746,350.21493414207816,354.5995780966628,5.109578096662801
TR-045833,2025-10-18,october,Dry Van,217.2,574.16,575.3380384809408,570.147117546067,572.7425780135038,1.4174219864961515
TR-045834,2025-10-18,october,Reefer,1478.5,700.21,3198.2726433617,3199.649812935179,3198.9612281484397,2498.7512281484396
TR-045835,2025-10-18,october,Dry Van,693.9,1631.71,1551.8148769154075,1516.8049968899345,1534.3099369026709,97.40006309732917
TR-045836,2025-10-18,october,Flatbed,1124.7,2362.92,2459.989037264478,2394.162072624855,2427.0755549446667,64.15555494466662
TR-045837,2025-10-18,october,Dry Van,1503.4,2972.51,3016.7943087472513,2943.7229757864666,2980.258642266859,7.748642266858951
TR-045838,2025-10-18,october,Dry Van,1267.9,2699.51,2635.146358017415,2634.2146259375763,2634.680491977496,64.82950802250434
TR-045839,2025-10-18,october,Flatbed,752.7,1862.45,1899.8082496854797,1837.8714085347788,1868.8398291101294,6.3898291101293125
TR-045840,2025-10-18,october,Dry Van,1721.3,3476.91,3430.624538143934,3404.4758505535656,3417.5501943487498,59.3598056512501
TR-045841,2025-10-18,october,Reefer,847.0,1989.36,2002.653441299409,2012.377022729222,2007.5152320143156,18.155232014315743
TR-045842,2025-10-18,october,Reefer,1629.1,3523.42,3622.837275127521,3670.086826917833,3646.462051022677,123.04205102267679
TR-045843,2025-10-18,october,Dry Van,2796.1,5068.46,5131.76190696509,5062.757721156543,5097.259814060817,28.79981406081697
TR-045844,2025-10-18,october,Dry Van,1688.5,3163.53,3231.214559234535,3199.372823328755,3215.293691281645,51.7636912816447
TR-045845,2025-10-18,october,Dry Van,436.9,988.77,1010.1528072827679,1005.4860911718376,1007.8194492273028,19.04944922730283
TR-045846,2025-10-18,october,Flatbed,759.9,1695.2,1718.718387988586,1684.8422064206006,1701.7802972045934,6.5802972045933075
TR-045847,2025-10-18,october,Dry Van,1525.2,3057.31,2894.534871765168,2920.161212272488,2907.348042018828,149.96195798117196
TR-045848,2025-10-18,october,Reefer,2786.4,5815.43,5800.03362568573,5861.397065588024,5830.715345636877,15.285345636876627
TR-045849,2025-10-18,october,Flatbed,246.8,606.41,659.9325249884844,640.3996210222913,650.1660730053878,43.75607300538786
TR-045850,2025-10-18,october,Reefer,2337.9,5044.57,4994.012661625932,5062.239921417007,5028.12629152147,16.443708478529516
TR-045851,2025-10-18,october,Reefer,1928.0,3991.46,4117.763848642089,4048.210083460958,4082.9869660515233,91.52696605152323
TR-045852,2025-10-18,october,Flatbed,1416.0,3036.3,3124.3086513587923,3162.9947163810994,3143.651683869946,107.35168386994565
TR-045853,2025-10-18,october,Flatbed,786.5,1812.84,1845.7921765288486,1801.7488718018606,1823.7705241653546,10.930524165354655
TR-045854,2025-10-18,october,Dry Van,975.4,2071.63,2054.65771530548,2026.7909207785322,2040.724318042006,30.905681957994148
TR-045855,2025-10-18,october,Dry Van,2515.3,4768.65,4567.352196778062,4694.544658378432,4630.948427578247,137.70157242175264
TR-045856,2025-10-18,october,Reefer,345.7,932.39,993.1637453004959,952.8247391001421,972.9942422003189,40.604242200318936
TR-045857,2025-10-18,october,Flatbed,410.3,1012.6,1109.053695171257,1089.7546809572966,1099.4041880642767,86.80418806427667
TR-045858,2025-10-18,october,Dry Van,1316.2,2550.35,2591.967586011201,2565.2576937924373,2578.6126399018194,28.26263990181951
TR-045859,2025-10-18,october,Reefer,900.2,2116.33,2113.2095760831817,2100.8710691311576,2107.0403226071694,9.289677392830527
TR-045860,2025-10-18,october,Reefer,892.4,1990.99,2089.4696416808188,2073.736455488995,2081.603048584907,90.61304858490689
TR-045861,2025-10-18,october,Dry Van,2832.7,5111.47,5097.571519916119,5064.720654072633,5081.146086994376,30.32391300562449
TR-045862,2025-10-18,october,Flatbed,2156.6,4486.54,4442.627136968999,4350.481562923156,4396.554349946078,89.98565005392174
TR-045863,2025-10-18,october,Dry Van,1975.9,3787.48,3637.2349246423073,3607.3121401967437,3622.2735324195255,165.2064675804745
TR-045864,2025-10-18,october,Dry Van,520.9,1244.28,1224.9117933281616,1219.599752052949,1222.2557726905552,22.02422730944477
TR-045865,2025-10-18,october,Dry Van,537.6,1140.72,1157.999066827391,1140.5843059115941,1149.2916863694927,8.571686369492681
TR-045866,2025-10-18,october,Dry Van,899.2,1743.16,1770.634656077758,1745.3826097667143,1758.0086329222363,14.84863292223622
TR-045867,2025-10-18,october,Dry Van,1748.3,3491.03,3438.9399191035973,3478.772872532685,3458.856395818141,32.17360418185899
TR-045868,2025-10-18,october,Reefer,367.5,1006.04,1024.1708332306619,986.9751118337315,1005.5729725321967,0.4670274678032911
TR-045869,2025-10-18,october,Dry Van,520.6,1170.58,1181.8340492634575,1150.3425804655737,1166.0883148645157,4.491685135484204
TR-045870,2025-10-18,october,Dry Van,2709.0,4885.38,4798.195981555184,4865.367589835618,4831.781785695401,53.59821430459942
TR-045871,2025-10-18,october,Dry Van,661.2,1386.64,1428.644187221218,1413.6321516695805,1421.1381694453994,34.4981694453993
TR-045872,2025-10-18,october,Reefer,483.5,1225.41,1239.6603205464182,1234.2625693386678,1236.961444942543,11.551444942542958
TR-045873,2025-10-18,october,Dry Van,862.5,1781.79,1797.8381354033118,1777.2837156182893,1787.5609255108006,5.77092551080068
TR-045874,2025-10-18,october,Flatbed,1254.9,2723.7,2772.666412171213,2814.2821569064076,2793.47428453881,69.7742845388102
TR-045875,2025-10-18,october,Reefer,1524.8,3299.18,3365.170627997984,3374.0283076198325,3369.5994678089082,70.4194678089084
TR-045876,2025-10-18,october,Reefer,269.5,786.48,779.4552846565265,782.9352374110983,781.1952610338124,5.2847389661876605
TR-045877,2025-10-18,october,Reefer,545.3,1410.96,1468.4994432034746,1456.9946356683936,1462.747039435934,51.78703943593405
TR-045878,2025-10-18,october,Flatbed,564.7,1219.83,1245.7422613154893,1256.3581075821257,1251.0501844488076,31.220184448807686
TR-045879,2025-10-18,october,Reefer,1266.9,2913.25,2874.9112571492083,2914.9856197572867,2894.9484384532475,18.30156154675251
TR-045880,2025-10-18,october,Dry Van,714.4,1561.35,1497.529712440234,1508.5306501445061,1503.0301812923701,58.31981870762979
TR-045881,2025-10-18,october,Dry Van,2086.2,3892.16,3811.017971428497,3749.0686463407046,3780.0433088846007,112.11669111539914
TR-045882,2025-10-18,october,Dry Van,682.7,1400.28,1415.099215673542,1389.5284772410362,1402.313846457289,2.0338464572889734
TR-045883,2025-10-18,october,Dry Van,678.7,1461.81,1404.1470854557017,1404.6430435361617,1404.3950644959318,57.414935504068126
TR-045884,2025-10-18,october,Dry Van,1623.1,3182.56,3202.9458233379246,3213.09123143954,3208.0185273887323,25.458527388732364
TR-045885,2025-10-18,october,Dry Van,1058.8,2144.76,2160.213603384123,2111.3313149177848,2135.772459150954,8.987540849046127
TR-045886,2025-10-18,october,Dry Van,260.9,650.01,653.9469393380446,624.5354584257304,639.2411988818875,10.768801118112492
TR-045887,2025-10-18,october,Flatbed,408.9,968.51,1009.5520389400896,1008.8347237714626,1009.1933813557761,40.68338135577608
TR-045888,2025-10-18,october,Reefer,668.9,1647.1,1650.4312759899638,1599.84356684006,1625.1374214150119,21.962578584988023
TR-045889,2025-10-18,october,Dry Van,1348.5,2729.1,2631.5208331562226,2616.342081215104,2623.931457185663,105.16854281433689
TR-045890,2025-10-18,october,Reefer,2037.5,4494.77,4440.455904393256,4446.971164399697,4443.7135343964765,51.056465603523975
TR-045891,2025-10-18,october,Dry Van,733.5,1634.18,1612.3232701830862,1613.5047368080714,1612.9140034955788,21.26599650442131
TR-045892,2025-10-18,october,Reefer,764.9,1963.55,2012.2416888121743,1953.7216029175056,1982.98164586484,19.431645864839993
TR-045893,2025-10-18,october,Dry Van,1688.6,3401.76,3392.047320994638,3360.831589243322,3376.43945511898,25.320544881020396
TR-045894,2025-10-18,october,Dry Van,1862.5,3600.17,3541.7108196206136,3589.5459050032637,3565.628362311939,34.5416376880612
TR-045895,2025-10-18,october,Reefer,855.3,2059.94,2079.7723394863297,2028.605390298973,2054.1888648926515,5.751135107348546
TR-045896,2025-10-18,october,Dry Van,793.1,1499.02,1553.7026753136386,1543.9211404937346,1548.8119079036865,49.79190790368648
TR-045897,2025-10-18,october,Flatbed,467.3,1106.0,1161.6408141070312,1134.8154477814896,1148.2281309442606,42.228130944260556
TR-045898,2025-10-18,october,Reefer,620.0,1415.97,1456.2272838252472,1448.5153370595394,1452.3713104423932,36.401310442393196
TR-045899,2025-10-18,october,Flatbed,1560.8,3079.84,3254.255545162267,3230.7069478630187,3242.481246512643,162.64124651264274
TR-045900,2025-10-18,october,Dry Van,724.5,1455.53,1459.2894840415536,1443.7884069640174,1451.5389455027855,3.9910544972144635
TR-045901,2025-10-18,october,Flatbed,958.7,2133.85,2212.5233088555947,2223.03655329754,2217.7799310765677,83.92993107656775
TR-045902,2025-10-18,october,Dry Van,1879.1,3664.1,3655.8427621349083,3563.0947200628043,3609.4687410988563,54.63125890114361
TR-045903,2025-10-18,october,Reefer,1019.1,2356.83,2424.613413065874,2353.9928767594056,2389.3031449126397,32.47314491263978
TR-045904,2025-10-18,october,Flatbed,907.1,2087.83,2132.956383827685,2114.6019567008952,2123.77917026429,35.94917026428993
TR-045905,2025-10-18,october,Flatbed,744.4,1627.5,1658.7431777536751,1666.716356162798,1662.7297669582367,35.22976695823672
TR-045906,2025-10-18,october,Reefer,2007.6,4440.83,4400.15788717086,4495.283570772608,4447.7207289717335,6.890728971733552
TR-045907,2025-10-18,october,Flatbed,2534.5,5015.77,5033.035923920577,5155.903956963771,5094.4699404421735,78.6999404421731
TR-045908,2025-10-18,october,Reefer,1869.2,4003.05,4081.8396565265216,4105.052137393441,4093.445896959981,90.39589695998075
TR-045909,2025-10-18,october,Dry Van,583.0,1290.15,1310.834001169045,1289.8147333219526,1300.3243672454987,10.174367245498615
TR-045910,2025-10-18,october,Flatbed,2612.2,5205.32,5178.218038172791,5221.422811840998,5199.820425006895,5.499574993104943
TR-045911,2025-10-18,october,Reefer,421.2,1126.1,1140.997939560416,1153.466067938621,1147.2320037495185,21.132003749518617
TR-045912,2025-10-18,october,Flatbed,487.7,1183.6,1238.2334068928453,1231.0948268068796,1234.6641168498625,51.06411684986256
TR-045913,2025-10-18,october,Dry Van,959.8,2001.86,2055.0235576736936,2035.3800453478532,2045.2018015107733,43.341801510773394
TR-045914,2025-10-18,october,Reefer,1973.3,4242.61,4245.824919636189,4181.531501435489,4213.67821053584,28.93178946415992
TR-045915,2025-10-18,october,Dry Van,882.0,1766.47,1730.9269906374857,1698.0903112019378,1714.5086509197117,51.9613490802883
TR-045916,2025-10-18,october,Reefer,2435.0,4890.94,4791.410600301452,5024.194055827933,4907.802328064692,16.86232806469252
TR-045917,2025-10-18,october,Dry Van,142.2,404.69,385.2770731445167,406.85628294108005,396.06667804279834,8.623321957201654
TR-045918,2025-10-18,october,Dry Van,2115.6,4181.96,4081.445499239286,4136.629700954358,4109.037600096822,72.9223999031783
TR-045919,2025-10-18,october,Dry Van,1348.8,2687.53,2691.5245286861345,2611.186644095504,2651.3555863908196,36.17441360918065
TR-045920,2025-10-18,october,Dry Van,1146.8,2449.64,2276.4163893936184,2337.44470868799,2306.930549040804,142.7094509591957
TR-045921,2025-10-18,october,Dry Van,2152.4,3835.85,3852.7794438702226,3762.6149692246427,3807.697206547433,28.15279345256704
TR-045922,2025-10-18,october,Reefer,1580.0,3331.57,3367.550919833123,3278.892665163634,3323.2217924983784,8.3482075016218
TR-045923,2025-10-18,october,Dry Van,2031.2,3840.4,3905.0066679490774,3887.2720661130124,3896.139367031045,55.73936703104482
TR-045924,2025-10-18,october,Dry Van,1161.6,2397.45,2466.9623832771376,2429.834418090626,2448.398400683882,50.94840068388203
TR-045925,2025-10-18,october,Dry Van,887.7,1849.8,1792.4615662677206,1772.0350706857348,1782.2483184767277,67.55168152327224
TR-045926,2025-10-18,october,Dry Van,812.6,1833.94,1783.815269851438,1802.3715111267602,1793.093390489099,40.84660951090109
TR-045927,2025-10-18,october,Dry Van,623.0,1415.02,1391.7577508060474,1387.1319527122214,1389.4448517591345,25.575148240865474
TR-045928,2025-10-18,october,Dry Van,749.0,1653.6,1641.9075251035256,1655.7822868928997,1648.8449059982127,4.755094001787256
TR-045929,2025-10-18,october,Flatbed,991.8,2269.87,2277.522155473999,2317.0656830732837,2297.293919273641,27.42391927364133
TR-045930,2025-10-18,october,Dry Van,1183.8,2343.36,2307.4918142348542,2350.9842531703703,2329.2380337026125,14.121966297387644
TR-045931,2025-10-18,october,Dry Van,500.6,1155.88,1152.1665171810214,1158.1689926068184,1155.16775489392,0.7122451060802177
TR-045932,2025-10-18,october,Reefer,1151.0,2734.13,2693.190604707868,2730.7460258963292,2711.9683153020987,22.161684697901364
TR-045933,2025-10-18,october,Reefer,180.2,542.83,567.6544042486939,554.1696333088767,560.9120187787853,18.082018778785255
TR-045934,2025-10-18,october,Flatbed,1527.7,3338.28,3381.4008051009682,3447.5413029509054,3414.4710540259366,76.19105402593641
TR-045935,2025-10-18,october,Reefer,1121.8,2496.0,2541.43200912984,2490.5092816580445,2515.9706453939425,19.970645393942505
TR-045936,2025-10-18,october,Reefer,1300.2,2966.05,2997.7334597748677,3052.0339012923946,3024.8836805336314,58.833680533631195
TR-045937,2025-10-18,october,Flatbed,2908.1,5663.94,5680.890444490272,5847.673131853495,5764.281788171884,100.34178817188422
TR-045938,2025-10-18,october,Flatbed,1964.6,3967.69,4057.711788508749,4125.955553179816,4091.8336708442826,124.1436708442825
TR-045939,2025-10-18,october,Reefer,946.7,2107.87,2122.8469118251533,2135.185305287973,2129.0161085565633,21.146108556563377
TR-045940,2025-10-18,october,Dry Van,333.9,753.48,762.9535055868299,763.1326834052566,763.0430944960433,9.563094496043277
TR-045941,2025-10-18,october,Dry Van,380.8,876.11,868.3983736252959,864.0853689596463,866.2418712924712,9.868128707528854
TR-045942,2025-10-18,october,Reefer,360.5,959.64,979.5394210806189,953.4613216593832,966.5003713700011,6.860371370001076
TR-045943,2025-10-18,october,Dry Van,1091.4,2122.57,2031.4038104075967,2099.8369209274806,2065.620365667539,56.9496343324613
TR-045944,2025-10-18,october,Reefer,2218.6,4530.44,4565.7622044319305,4673.012622447444,4619.387413439687,88.94741343968781
TR-045945,2025-10-18,october,Dry Van,1716.4,3356.21,3409.5134817925623,3391.2927765853547,3400.4031291889587,44.193129188958665
TR-045946,2025-10-18,october,Dry Van,722.2,1551.53,1550.4888807471866,1552.7487437787822,1551.6188122629844,0.08881226298444744
TR-045947,2025-10-18,october,Dry Van,1688.7,3348.56,3282.659787142219,3299.3542399361886,3291.007013539204,57.55298646079609
TR-045948,2025-10-18,october,Reefer,797.4,1845.61,1891.5398064333283,1869.0136586142546,1880.2767325237915,34.66673252379155
TR-045949,2025-10-18,october,Dry Van,975.1,2135.27,2143.3511018672684,2113.2469021895913,2128.2990020284296,6.970997971570341
TR-045950,2025-10-18,october,Reefer,646.9,1619.21,1657.5865771570925,1652.9523308463527,1655.2694540017226,36.05945400172254
TR-045951,2025-10-18,october,Dry Van,1797.5,3564.95,3513.4603105020756,3514.295872061918,3513.8780912819966,51.071908718003215
TR-045952,2025-10-18,october,Reefer,819.0,2072.92,2137.8770666663727,2069.247579877462,2103.562323271917,30.64232327191712
TR-045953,2025-10-18,october,Dry Van,199.3,514.26,521.6711411661548,488.8368040825278,505.2539726243413,9.006027375658675
TR-045954,2025-10-18,october,Flatbed,637.5,1466.63,1542.3235833530966,1516.294254103418,1529.3089187282574,62.67891872825726
TR-045955,2025-10-18,october,Flatbed,1978.6,4032.78,4085.581741607253,4106.511858223648,4096.046799915451,63.26679991545052
TR-045956,2025-10-18,october,Dry Van,270.1,651.51,657.1842370931485,637.3868894992452,647.2855632961969,4.224436703803121
TR-045957,2025-10-18,october,Dry Van,1114.8,2273.63,2149.4929159644457,2193.9386934105783,2171.715804687512,101.91419531248812
TR-045958,2025-10-18,october,Dry Van,1031.8,2089.43,2074.0239196141156,2114.1266817672335,2094.0753006906743,4.645300690674503
TR-045959,2025-10-18,october,Dry Van,2534.1,4496.35,4583.72139548402,4451.543056980122,4517.632226232071,21.28222623207057
TR-045960,2025-10-18,october,Dry Van,888.8,1880.12,1862.2459543253233,1854.86819958175,1858.5570769535366,21.56292304646331
TR-045961,2025-10-18,october,Dry Van,485.6,1120.66,1097.2012623424496,1102.2124009088516,1099.7068316256505,20.953168374349616
TR-045962,2025-10-18,october,Reefer,1175.9,2688.36,2698.535631745749,2677.5066500772446,2688.021140911497,0.3388590885033409
TR-045963,2025-10-18,october,Reefer,1128.3,2534.73,2575.4003657673006,2507.233441155939,2541.31690346162,6.5869034616198405
TR-045964,2025-10-18,october,Dry Van,668.5,1341.22,1364.8387211048005,1325.2992680929283,1345.0689945988643,3.8489945988642376
TR-045965,2025-10-18,october,Dry Van,1530.0,2975.08,3019.8681978859,3000.85888080302,3010.36353934446,35.28353934446022
TR-045966,2025-10-18,october,Dry Van,430.9,991.62,1027.6800090938698,1008.0918823181526,1017.8859457060112,26.265945706011166
TR-045967,2025-10-18,october,Dry Van,1138.5,2298.17,2261.4502618737297,2307.3911071665557,2284.4206845201425,13.749315479857614
TR-045968,2025-10-18,october,Dry Van,252.0,593.11,608.4445615280624,596.4487871906208,602.4466743593416,9.3366743593416
TR-045969,2025-10-18,october,Reefer,663.4,1711.11,1728.199195955523,1718.0439736715384,1723.1215848135307,12.011584813530817
TR-045970,2025-10-18,october,Reefer,186.9,529.66,554.4625036290707,518.6932947214048,536.5778991752377,6.9178991752377215
TR-045971,2025-10-18,october,Dry Van,364.2,879.77,885.1460980831088,869.0241426759524,877.0851203795305,2.6848796204694736
TR-045972,2025-10-18,october,Dry Van,328.1,767.1,769.9040901755333,761.4727495871975,765.6884198813655,1.4115801186345607
TR-045973,2025-10-18,october,Dry Van,1267.3,2530.36,2503.0918153999833,2528.5965869458587,2515.844201172921,14.515798827078925
TR-045974,2025-10-18,october,Dry Van,1820.5,3559.92,3479.5739443213333,3482.1498115797494,3480.8618779505414,79.05812204945869
TR-045975,2025-10-18,october,Flatbed,1115.5,2350.04,2395.511414717879,2389.4408634534047,2392.476139085642,42.436139085642026
TR-045976,2025-10-18,october,Dry Van,637.1,1394.61,1406.6962192800477,1413.4021862831019,1410.0492027815749,15.439202781574977
TR-045977,2025-10-18,october,Dry Van,1404.6,2791.89,2829.14941472505,2791.3547646465263,2810.252089685788,18.362089685788305
TR-045978,2025-10-18,october,Reefer,75.1,232.99,222.83182775442577,273.070123313016,247.95097553372088,14.96097553372087
TR-045979,2025-10-18,october,Dry Van,935.5,1938.75,1934.2805444355693,1908.9640214298852,1921.622282932727,17.127717067272897
TR-045980,2025-10-18,october,Dry Van,654.9,1434.58,1432.2324613325509,1426.1425534996047,1429.1875074160778,5.392492583922149
TR-045981,2025-10-18,october,Dry Van,1860.0,3447.98,3473.0741518581267,3420.795511852076,3446.934831855101,1.0451681448989802
TR-045982,2025-10-18,october,Dry Van,1689.0,3196.73,3123.1766258398675,3142.4704319426864,3132.823528891277,63.90647110872305
TR-045983,2025-10-18,october,Dry Van,379.2,831.63,832.8710223069129,812.235654122276,822.5533382145944,9.076661785405577
TR-045984,2025-10-18,october,Flatbed,544.8,1194.13,1286.4819921856993,1272.723372394162,1279.6026822899307,85.47268228993062
TR-045985,2025-10-19,october,Dry Van,1443.5,2972.9,2946.4595613443066,2931.4244003441627,2938.9419808442344,33.95801915576567
TR-045986,2025-10-19,october,Flatbed,1766.5,3692.68,3820.9040563028034,3807.3873344987614,3814.1456954007826,121.4656954007828
TR-045987,2025-10-19,october,Dry Van,253.1,577.78,589.2614974798975,581.9782161387061,585.6198568093018,7.839856809301864
TR-045988,2025-10-19,october,Flatbed,832.2,5308.55,1892.8800614281693,1846.672199925093,1869.776130676631,3438.773869323369
TR-045989,2025-10-19,october,Reefer,813.5,1946.12,1924.6500825572668,1923.6960442115671,1924.173063384417,21.9469366155829
TR-045990,2025-10-19,october,Reefer,645.9,1497.97,1556.2848546935522,1572.0097019682753,1564.1472783309137,66.17727833091362
TR-045991,2025-10-19,october,Dry Van,2176.5,4009.74,4009.238139916917,3966.737473371533,3987.987806644225,21.75219335577458
TR-045992,2025-10-19,october,Dry Van,243.8,203.4,611.2898825771938,578.9564379319461,595.1231602545699,391.72316025456996
TR-045993,2025-10-19,october,Reefer,1822.1,3823.32,3928.5387344075407,3849.6224370152313,3889.080585711386,65.76058571138583
TR-045994,2025-10-19,october,Dry Van,678.2,1448.26,1429.7500712657693,1429.6361944371415,1429.6931328514554,18.56686714854459
TR-045995,2025-10-19,october,Dry Van,554.8,1275.97,1212.2600800072717,1204.1049464049916,1208.1825132061317,67.78748679386831
TR-045996,2025-10-19,october,Dry Van,1989.5,3808.34,3794.2084834748694,3739.270478706273,3766.739481090571,41.600518909428956
TR-045997,2025-10-19,october,Dry Van,436.5,1009.93,1003.0098126430903,1016.978867444665,1009.9943400438776,0.064340043877678
TR-045998,2025-10-19,october,Dry Van,1092.3,2297.59,2297.786238519602,2270.170029300518,2283.97813391006,13.611866089940122
TR-045999,2025-10-19,october,Dry Van,599.9,1380.6,1356.1904074256113,1365.575393562026,1360.8829004938186,19.717099506181285
TR-046000,2025-10-19,october,Reefer,429.9,1216.79,1195.754560386616,1197.1703335584389,1196.4624469725275,20.327553027472504
TR-046001,2025-10-19,october,Reefer,1293.2,2834.77,2845.526401181128,2865.6395261233047,2855.5829636522167,20.812963652216695
TR-046002,2025-10-19,october,Dry Van,892.0,1837.35,1800.0209533550026,1804.9881238444925,1802.5045385997475,34.84546140025236
TR-046003,2025-10-19,october,Reefer,1280.6,2738.58,2829.4878474892676,2797.5188398034616,2813.5033436463646,74.92334364636463
TR-046004,2025-10-19,october,Reefer,2253.0,4711.99,4712.719404653818,4735.597380591685,4724.158392622751,12.168392622751526
TR-046005,2025-10-19,october,Dry Van,467.3,1046.58,1004.2253870398101,987.7878319342201,996.0066094870151,50.573390512984815
TR-046006,2025-10-19,october,Dry Van,558.9,1310.53,1234.0736581124893,1277.7722833870166,1255.922970749753,54.607029250247024
TR-046007,2025-10-19,october,Dry Van,1033.7,2036.13,2000.2331023067027,2024.9327743376957,2012.5829383221992,23.54706167780091
TR-046008,2025-10-19,october,Dry Van,786.0,1668.7,1637.298621450407,1613.1528245246234,1625.2257229875152,43.47427701248489
TR-046009,2025-10-19,october,Dry Van,818.5,1690.83,1764.828777838633,1743.3088957024493,1754.068836770541,63.238836770541184
TR-046010,2025-10-19,october,Reefer,1627.7,3493.39,3605.257137214746,3598.7438423513468,3602.0004897830463,108.61048978304643
TR-046011,2025-10-19,october,Dry Van,871.5,1820.83,1794.58226116591,1773.2220293009686,1783.9021452334393,36.927854766560586
TR-046012,2025-10-19,october,Dry Van,2228.1,4232.87,4216.777085377632,4210.957552402155,4213.867318889894,19.002681110106096
TR-046013,2025-10-19,october,Reefer,318.5,808.29,828.7592270121219,828.7786868567684,828.7689569344452,20.47895693444525
TR-046014,2025-10-19,october,Dry Van,2567.4,4654.64,4719.984159456217,4724.890714783962,4722.437437120089,67.79743712008894
TR-046015,2025-10-19,october,Reefer,1051.5,2316.06,2431.5453677201785,2430.7283652951983,2431.1368665076884,115.07686650768846
TR-046016,2025-10-19,october,Reefer,435.9,1117.41,1163.2708088913491,1178.4108678274788,1170.840838359414,53.43083835941388
TR-046017,2025-10-19,october,Reefer,674.0,1566.31,1614.2158478475544,1584.7439962198655,1599.47992203371,33.16992203371001
TR-046018,2025-10-19,october,Reefer,827.0,1961.67,2010.6142873108697,1961.8318846764844,1986.2230859936772,24.553085993677087
TR-046019,2025-10-19,october,Reefer,1212.1,2755.15,2734.9207979906064,2741.0092566237768,2737.9650273071916,17.184972692808515
TR-046020,2025-10-19,october,Dry Van,264.6,624.02,629.2568828288207,638.9845849511021,634.1207338899615,10.100733889961475
TR-046021,2025-10-19,october,Dry Van,819.0,1671.31,1677.2097002716828,1664.5775953188581,1670.8936477952705,0.41635220472949186
TR-046022,2025-10-19,october,Dry Van,498.9,1104.74,1093.5780512826616,1101.883313570861,1097.7306824267612,7.009317573238832
TR-046023,2025-10-19,october,Flatbed,813.0,1790.74,1845.2025148723721,1848.8234069191622,1847.0129608957673,56.272960895767255
TR-046024,2025-10-19,october,Dry Van,1401.9,2793.65,2721.0982770324767,2721.0550774994153,2721.0766772659463,72.57332273405382
TR-046025,2025-10-19,october,Dry Van,733.8,1581.9,1565.622659714503,1575.076690664401,1570.349675189452,11.55032481054809
TR-046026,2025-10-19,october,Dry Van,2018.9,3786.01,3898.1060861250235,3777.2372567365837,3837.6716714308036,51.66167143080338
TR-046027,2025-10-19,october,Dry Van,2118.5,3922.14,3964.5841659475186,4007.0349635901475,3985.8095647688333,63.669564768833425
TR-046028,2025-10-19,october,Dry Van,388.7,865.79,851.7609591245231,843.7579736779255,847.7594664012242,18.03053359877572
TR-046029,2025-10-19,october,Dry Van,1710.0,3232.85,3189.071851098068,3185.663482849687,3187.3676669738775,45.48233302612243
TR-046030,2025-10-19,october,Dry Van,1086.7,2073.63,1990.6840822874815,2055.4538264451717,2023.0689543663266,50.56104563367353
TR-046031,2025-10-19,october,Dry Van,148.1,418.53,437.97795924841387,417.9565584565787,427.9672588524963,9.437258852496313
TR-046032,2025-10-19,october,Dry Van,1266.4,2477.44,2448.2080252915603,2440.097226376627,2444.1526258340937,33.287374165906385
TR-046033,2025-10-19,october,Flatbed,301.5,814.05,858.3754981913606,868.020599143056,863.1980486672082,49.148048667208286
TR-046034,2025-10-19,october,Flatbed,1582.8,3458.16,3470.9153502062813,3476.395931725283,3473.6556409657824,15.495640965782513
TR-046035,2025-10-19,october,Flatbed,826.4,1931.36,1938.702447118821,1887.5396207663441,1913.1210339425825,18.23896605741743
TR-046036,2025-10-19,october,Dry Van,1999.2,3959.29,3912.6725567066173,3850.766529243947,3881.719542975282,77.57045702471805
TR-046037,2025-10-19,october,Reefer,367.2,938.56,957.6291316892572,967.5746977896504,962.6019147394538,24.041914739453887
TR-046038,2025-10-19,october,Reefer,2403.9,5088.62,4997.128669794416,5007.307532839943,5002.218101317179,86.4018986828205
TR-046039,2025-10-19,october,Dry Van,392.8,869.11,869.1350168885963,864.5285978132233,866.8318073509098,2.278192649090215
TR-046040,2025-10-19,october,Reefer,2717.9,5387.61,5499.446675178412,5569.610441926091,5534.5285585522515,146.91855855225185
TR-046041,2025-10-19,october,Flatbed,1240.2,2733.64,2747.879565162009,2798.5386987217653,2773.209131941887,39.56913194188701
TR-046042,2025-10-19,october,Flatbed,1152.4,2519.16,2658.216879520535,2665.04776007311,2661.6323197968222,142.47231979682238
TR-046043,2025-10-19,october,Flatbed,1245.1,2553.28,2663.4850587616925,2647.947055939286,2655.7160573504893,102.43605735048914
TR-046044,2025-10-19,october,Dry Van,3067.3,5467.46,5466.265952034577,5381.255703425864,5423.760827730221,43.69917226977941
TR-046045,2025-10-19,october,Dry Van,1684.7,3192.96,3131.9398014050307,3139.992085524809,3135.96594346492,56.994056535079835
TR-046046,2025-10-19,october,Reefer,1780.2,3736.86,3773.505302497039,3751.3522133272018,3762.42875791212,25.568757912119963
TR-046047,2025-10-19,october,Dry Van,652.1,1365.36,1357.4063382467264,1345.7287452600826,1351.5675417534044,13.792458246595515
TR-046048,2025-10-19,october,Flatbed,792.6,1714.72,1761.4141711544298,1738.4839192879904,1749.94904522121,35.22904522121007
TR-046049,2025-10-19,october,Flatbed,423.7,1071.09,1143.024847599043,1123.160254510145,1133.092551054594,62.00255105459405
TR-046050,2025-10-19,october,Dry Van,448.3,1093.07,1076.3920460974612,1062.405229168324,1069.3986376328926,23.67136236710735
TR-046051,2025-10-19,october,Dry Van,464.3,1103.5,1071.9335496559656,1039.5364528687237,1055.7350012623447,47.76499873765533
TR-046052,2025-10-19,october,Dry Van,1730.4,3489.16,3433.365279740531,3392.361958863205,3412.8636193018683,76.29638069813154
TR-046053,2025-10-19,october,Dry Van,555.2,1184.35,1156.875407766063,1166.8564440081918,1161.8659258871276,22.48407411287235
TR-046054,2025-10-19,october,Dry Van,285.3,664.86,658.9877201674611,664.1406831868717,661.5642016771665,3.295798322833548
TR-046055,2025-10-19,october,Reefer,1804.1,3849.6,4021.8140666488584,4011.875755531894,4016.844911090376,167.24491109037626
TR-046056,2025-10-19,october,Flatbed,527.7,1221.83,1286.0320817895704,1240.6191961370014,1263.3256389632859,41.495638963285955
TR-046057,2025-10-19,october,Dry Van,588.2,1200.2,1238.7784683238638,1229.4497372252488,1234.1141027745562,33.91410277455611
TR-046058,2025-10-19,october,Flatbed,656.4,1477.99,1540.9166910007596,1514.2109238130506,1527.5638074069052,49.57380740690519
TR-046059,2025-10-19,october,Dry Van,779.7,1532.71,1542.7873920786485,1508.4067000454827,1525.5970460620656,7.112953937934435
TR-046060,2025-10-19,october,Dry Van,70.0,209.86,280.1173787103327,237.05582628966636,258.5866024999995,48.7266024999995
TR-046061,2025-10-19,october,Dry Van,775.8,1643.8,1645.8984278460546,1628.38143138206,1637.1399296140573,6.660070385942618
TR-046062,2025-10-19,october,Flatbed,1218.1,2579.5,2646.404536301222,2706.9442188961225,2676.6743775986724,97.17437759867244
TR-046063,2025-10-19,october,Reefer,273.9,166.3,789.1352110031431,759.1930675360275,774.1641392695853,607.8641392695854
TR-046064,2025-10-19,october,Dry Van,1240.7,2537.25,2522.1965386283114,2498.4021147334565,2510.299326680884,26.95067331911605
TR-046065,2025-10-19,october,Dry Van,990.6,1975.87,1910.8010088966853,1936.489853500436,1923.6454311985608,52.22456880143909
TR-046066,2025-10-19,october,Dry Van,1235.7,2517.98,2504.6319379168012,2449.675902611846,2477.1539202643235,40.82607973567656
TR-046067,2025-10-19,october,Dry Van,626.7,1375.57,1379.6006617731734,1348.9258148705771,1364.2632383218752,11.306761678124758
TR-046068,2025-10-19,october,Flatbed,965.9,2025.27,2065.284692022233,2077.502596739696,2071.3936443809644,46.12364438096438
TR-046069,2025-10-19,october,Dry Van,1721.2,3283.73,3221.246842526379,3159.3105148967534,3190.2786787115665,93.45132128843352
TR-046070,2025-10-19,october,Reefer,797.2,1952.05,1994.3720093333595,1974.7910859106184,1984.581547621989,32.53154762198915
TR-046071,2025-10-19,october,Reefer,989.4,2152.52,2210.3253518238002,2172.3415100149077,2191.333430919354,38.81343091935423
TR-046072,2025-10-19,october,Reefer,1678.9,3506.58,3592.8515203799825,3619.927314630261,3606.389417505122,99.80941750512193
TR-046073,2025-10-19,october,Dry Van,917.8,1834.32,1868.851462857475,1849.6302702836672,1859.2408665705711,24.920866570571206
TR-046074,2025-10-19,october,Flatbed,614.5,1386.17,1442.9492536046594,1433.784547996221,1438.3669008004401,52.19690080044006
TR-046075,2025-10-19,october,Flatbed,3218.4,6311.76,6317.717561031464,6409.971642607448,6363.844601819456,52.08460181945611
TR-046076,2025-10-19,october,Dry Van,1663.8,3193.54,3238.6160256153057,3216.685689679367,3227.650857647336,34.11085764733616
TR-046077,2025-10-19,october,Dry Van,1035.9,2138.43,2106.4218121643257,2096.8944903102647,2101.658151237295,36.77184876270485
TR-046078,2025-10-19,october,Dry Van,684.6,1502.48,1526.5686660952283,1516.6775294809586,1521.6230977880934,19.143097788093428
TR-046079,2025-10-19,october,Reefer,359.9,914.91,944.6385073187241,936.1007978157506,940.3696525672374,25.459652567237413
TR-046080,2025-10-19,october,Flatbed,890.4,1903.41,1954.2478827012224,1954.7975690648652,1954.5227258830437,51.112725883043595
TR-046081,2025-10-19,october,Dry Van,1547.4,3032.86,2965.227636039311,2943.387191107767,2954.307413573539,78.55258642646095
TR-046082,2025-10-19,october,Reefer,1807.8,3811.86,3859.8103920079297,3821.62829691754,3840.7193444627346,28.859344462734498
TR-046083,2025-10-19,october,Dry Van,1037.9,1914.61,1998.8117719798347,1961.4737662881728,1980.1427691340036,65.53276913400373
TR-046084,2025-10-19,october,Flatbed,2693.8,5434.56,5329.857928538548,5443.021930545751,5386.43992954215,48.12007045785049
TR-046085,2025-10-19,october,Reefer,1547.5,3428.65,3425.3644093996677,3402.7275427325076,3414.045976066088,14.60402393391223
TR-046086,2025-10-19,october,Flatbed,1215.2,2580.89,2675.362675113301,2685.815506318956,2680.5890907161283,99.69909071612847
TR-046087,2025-10-19,october,Dry Van,170.3,429.61,449.7151012407955,425.68536557457855,437.70023340768705,8.090233407687037
TR-046088,2025-10-19,october,Dry Van,1440.5,2916.04,2882.249520652809,2844.903591369986,2863.5765560113978,52.463443988602194
TR-046089,2025-10-19,october,Reefer,827.8,1955.92,2020.0726584979811,1938.0663184149885,1979.0694884564848,23.149488456484733
TR-046090,2025-10-19,october,Dry Van,191.3,506.13,498.0537594445758,459.60177312613655,478.8277662853562,27.30223371464382
TR-046091,2025-10-19,october,Dry Van,834.3,1823.82,1787.0266210582995,1782.364850230388,1784.6957356443436,39.12426435565635
TR-046092,2025-10-19,october,Flatbed,427.2,1013.06,1083.092142070234,1060.0012270315854,1071.5466845509097,58.486684550909786
TR-046093,2025-10-19,october,Dry Van,1744.3,3521.99,3443.944436121034,3419.506343055517,3431.7253895882754,90.26461041172433
TR-046094,2025-10-19,october,Reefer,1386.6,3087.82,3167.414044572427,3051.27543948922,3109.3447420308235,21.52474203082329
TR-046095,2025-10-19,october,Dry Van,1536.9,3197.41,3081.637797855991,3041.033484034816,3061.3356409454036,136.07435905459624
TR-046096,2025-10-19,october,Dry Van,1063.5,2038.75,2025.359812691243,1986.4767333625616,2005.9182730269022,32.83172697309783
TR-046097,2025-10-19,october,Reefer,697.3,1784.15,1833.9488950213502,1760.1032855906558,1797.026090306003,12.87609030600288
TR-046098,2025-10-19,october,Reefer,1034.1,2309.56,2338.1793480676356,2326.023730357275,2332.1015392124555,22.54153921245552
TR-046099,2025-10-19,october,Dry Van,1488.6,2927.76,2896.4044718094983,2812.586406320551,2854.4954390650246,73.26456093497563
TR-046100,2025-10-19,october,Dry Van,707.7,1478.71,1481.9863682214354,1497.3615776963352,1489.6739729588853,10.963972958885279
TR-046101,2025-10-19,october,Flatbed,1275.5,2838.14,2812.7456608808484,2782.2097682582753,2797.4777145695616,40.66228543043826
TR-046102,2025-10-19,october,Dry Van,458.2,1052.13,1043.8322880185437,1032.987043512188,1038.4096657653658,13.720334234634265
TR-046103,2025-10-19,october,Dry Van,616.1,1314.12,1278.1165573809149,1252.0237532623992,1265.070155321657,49.04984467834288
TR-046104,2025-10-19,october,Dry Van,2321.9,4264.23,4231.673696485893,4225.734617383625,4228.704156934758,35.52584306524113
TR-046105,2025-10-19,october,Reefer,1739.0,3861.12,3870.5719938809007,3898.9001302322386,3884.7360620565696,23.616062056569717
TR-046106,2025-10-19,october,Dry Van,341.1,813.92,790.7296008954736,805.9021756624197,798.3158882789467,15.6041117210533
TR-046107,2025-10-19,october,Flatbed,2560.2,4785.48,4920.594372629395,5051.856422573279,4986.225397601337,200.74539760133757
TR-046108,2025-10-19,october,Flatbed,294.5,743.51,807.5531382737488,806.5946189802858,807.0738786270173,63.56387862701729
TR-046109,2025-10-19,october,Dry Van,846.7,1722.44,1701.779638022545,1716.1140637021113,1708.9468508623281,13.493149137671935
TR-046110,2025-10-19,october,Reefer,2742.9,5409.7,5447.117756424175,5466.32170738051,5456.719731902343,47.019731902342755
TR-046111,2025-10-19,october,Dry Van,497.7,1180.89,1161.3428485691682,1167.5676235849344,1164.4552360770513,16.434763922948832
TR-046112,2025-10-19,october,Flatbed,330.3,850.95,884.8123804030503,889.519636174713,887.1660082888816,36.21600828888154
TR-046113,2025-10-19,october,Dry Van,625.1,1457.78,1436.6695127651044,1443.2580620991343,1439.9637874321193,17.81621256788071
TR-046114,2025-10-19,october,Dry Van,395.3,934.94,931.2850866614017,921.2509423461433,926.2680145037725,8.671985496227535
TR-046115,2025-10-19,october,Reefer,1049.7,2563.17,2530.694357833751,2525.8802119506845,2528.287284892218,34.88271510778213
TR-046116,2025-10-19,october,Dry Van,479.2,1103.2,1101.736167973845,1108.1085257710083,1104.9223468724267,1.7223468724266695
TR-046117,2025-10-19,october,Dry Van,2173.1,3858.33,3887.646536670202,3902.848854838651,3895.2476957544263,36.917695754426404
TR-046118,2025-10-19,october,Flatbed,300.9,811.8,864.8304330606901,875.1875707776371,870.0090019191637,58.20900191916371
TR-046119,2025-10-19,october,Reefer,237.9,694.21,714.2159379313447,686.1167547882583,700.1663463598015,5.9563463598015005
TR-046120,2025-10-19,october,Dry Van,2298.9,4276.51,4272.460445261833,4261.942015848747,4267.201230555291,9.308769444709469
TR-046121,2025-10-19,october,Dry Van,622.7,1329.1,1317.7404317815758,1344.5830400273949,1331.1617359044853,2.061735904485431
TR-046122,2025-10-19,october,Reefer,787.3,1824.99,1908.079670039222,1874.1307010652888,1891.1051855522555,66.11518555225553
TR-046123,2025-10-19,october,Dry Van,1266.4,2615.77,2619.201140217159,2648.7837129380514,2633.9924265776053,18.222426577605347
TR-046124,2025-10-19,october,Flatbed,815.1,1894.04,1979.0720271247815,1979.4457737978216,1979.2589004613014,85.21890046130147
TR-046125,2025-10-19,october,Reefer,2242.1,4763.57,4815.057751075625,4812.840986894147,4813.949368984886,50.37936898488624
TR-046126,2025-10-19,october,Reefer,1340.0,3106.0,3071.8531079595678,2972.625903371107,3022.2395056653377,83.76049433466233
TR-046127,2025-10-19,october,Flatbed,1065.5,2282.79,2385.595390783818,2303.111220331518,2344.353305557668,61.56330555766817
TR-046128,2025-10-19,october,Dry Van,804.4,1703.71,1677.4439669693622,1697.276208774403,1687.3600878718826,16.349912128117467
TR-046129,2025-10-19,october,Dry Van,936.6,1827.34,1868.9954171792297,1836.8438761250375,1852.9196466521335,25.579646652133533
TR-046130,2025-10-19,october,Dry Van,2396.2,4196.79,4285.076383058355,4221.1114982372255,4253.09394064779,56.303940647790114
TR-046131,2025-10-19,october,Reefer,519.5,1285.74,1347.5815535372421,1317.6172126021645,1332.5993830697034,46.859383069703426
TR-046132,2025-10-19,october,Reefer,2303.1,4933.39,4861.356546020894,4922.38728332384,4891.871914672367,41.518085327633344
TR-046133,2025-10-19,october,Reefer,762.4,1785.49,1840.981644536937,1753.1513060246566,1797.0664752807968,11.576475280796785
TR-046134,2025-10-20,october,Reefer,1082.7,2564.55,2618.5270812144795,2625.3538100408955,2621.9404456276875,57.39044562768731
TR-046135,2025-10-20,october,Dry Van,966.1,2035.32,1990.8846261476347,1968.3999306373528,1979.6422783924936,55.67772160750633
TR-046136,2025-10-20,october,Reefer,671.0,1579.19,1632.7790393251505,1615.8776837059243,1624.3283615155374,45.138361515537326
TR-046137,2025-10-20,october,Dry Van,1164.5,2395.54,2305.8612973033632,2344.2314118817885,2325.046354592576,70.49364540742408
TR-046138,2025-10-20,october,Flatbed,427.9,1045.84,1079.5020806031318,1058.6891918044328,1069.0956362037823,23.255636203782387
TR-046139,2025-10-20,october,Dry Van,686.5,1404.54,1373.4239241613368,1378.7217205831005,1376.0728223722185,28.46717762778144
TR-046140,2025-10-20,october,Dry Van,848.8,1697.02,1687.6033345068925,1687.8138418088877,1687.70858815789,9.31141184210992
TR-046141,2025-10-20,october,Dry Van,567.3,1219.35,1224.5726185810188,1187.0930442546287,1205.8328314178239,13.517168582176055
TR-046142,2025-10-20,october,Reefer,939.7,752.15,2303.0985688952605,2276.5558156724496,2289.827192283855,1537.6771922838548
TR-046143,2025-10-20,october,Dry Van,418.0,1006.1,1010.4166696751018,974.0833048937939,992.2499872844478,13.850012715552225
TR-046144,2025-10-20,october,Flatbed,1420.7,3102.66,3115.728043890265,3181.0160124972854,3148.372028193775,45.71202819377504
TR-046145,2025-10-20,october,Reefer,958.5,2242.82,2256.8658578633244,2276.382191077704,2266.624024470514,23.804024470513923
TR-046146,2025-10-20,october,Dry Van,999.5,2031.75,2102.9110685494084,2026.371552797269,2064.641310673339,32.89131067333892
TR-046147,2025-10-20,october,Dry Van,1461.4,2920.58,2909.063781761342,2859.8432721950053,2884.4535269781736,36.126473021826314
TR-046148,2025-10-20,october,Dry Van,683.9,1431.46,1455.4581212833018,1451.6414750720526,1453.549798177677,22.08979817767704
TR-046149,2025-10-20,october,Dry Van,1124.5,2304.5,2200.78376504325,2161.76775415855,2181.2757596008996,123.22424039910038
TR-046150,2025-10-20,october,Reefer,221.0,642.59,679.0114868209992,665.5352992805679,672.2733930507835,29.68339305078348
TR-046151,2025-10-20,october,Dry Van,999.9,2082.87,2039.5254986091581,2003.4909154710178,2021.508207040088,61.36179295991178
TR-046152,2025-10-20,october,Reefer,2029.8,4400.83,4401.010073519983,4395.87555097899,4398.442812249486,2.387187750513476
TR-046153,2025-10-20,october,Reefer,751.2,1768.13,1807.69099626432,1775.478987648666,1791.584991956493,23.454991956492904
TR-046154,2025-10-20,october,Flatbed,912.4,2004.74,2053.8964927466805,2069.8248904590487,2061.860691602865,57.12069160286478
TR-046155,2025-10-20,october,Dry Van,1017.4,2072.48,2041.316778237716,2003.5698353701207,2022.4433068039184,50.036693196081615
TR-046156,2025-10-20,october,Flatbed,741.0,1697.36,1760.6771370298602,1752.6315115939176,1756.654324311889,59.29432431188911
TR-046157,2025-10-20,october,Dry Van,709.1,1501.82,1512.5349009353006,1544.6883901556396,1528.61164554547,26.791645545470146
TR-046158,2025-10-20,october,Reefer,1371.3,2901.18,3049.8521811523146,3075.3898240990875,3062.6210026257013,161.44100262570146
TR-046159,2025-10-20,october,Flatbed,791.3,1745.83,1833.7663308151602,1804.3469781225338,1819.056654468847,73.22665446884707
TR-046160,2025-10-20,october,Dry Van,755.2,1685.45,1664.1381787833081,1620.8476822886978,1642.4929305360029,42.957069463997186
TR-046161,2025-10-20,october,Reefer,1252.3,2878.12,2907.487187299363,2862.909137460214,2885.1981623797883,7.0781623797884095
TR-046162,2025-10-20,october,Dry Van,530.0,1168.91,1160.9515092716042,1138.0186052676913,1149.4850572696478,19.424942730352313
TR-046163,2025-10-20,october,Dry Van,124.3,332.78,330.5948481178356,307.6396633440256,319.11725573093065,13.662744269069321
TR-046164,2025-10-20,october,Reefer,813.7,1992.45,2048.02810421963,2032.4589607233186,2040.2435324714743,47.793532471474236
TR-046165,2025-10-20,october,Dry Van,1084.6,2112.63,2035.54751660399,2068.7851013908917,2052.166308997441,60.463691002559244
TR-046166,2025-10-20,october,Flatbed,330.6,855.72,902.6594894406297,902.9695811124657,902.8145352765478,47.09453527654773
TR-046167,2025-10-20,october,Dry Van,1001.9,2086.28,2041.5175815551947,2035.7829605973122,2038.6502710762534,47.629728923746825
TR-046168,2025-10-20,october,Flatbed,817.5,1866.42,1964.1459110556,1930.6419686462004,1947.3939398509,80.97393985090002
TR-046169,2025-10-20,october,Dry Van,783.6,1611.06,1564.895243658165,1584.0925093795922,1574.4938765188786,36.566123481121394
TR-046170,2025-10-20,october,Dry Van,666.4,1445.43,1448.619475015194,1431.0563588335376,1439.8379169243658,5.592083075634264
TR-046171,2025-10-20,october,Reefer,202.2,639.17,634.2270826607281,644.9382808762957,639.582681768512,0.4126817685120159
TR-046172,2025-10-20,october,Flatbed,1702.2,3505.44,3668.983792908727,3652.606270641778,3660.7950317752525,155.35503177525243
TR-046173,2025-10-20,october,Flatbed,2011.2,4057.31,4101.592659350721,4057.2941739671924,4079.4434166589567,22.133416658956776
TR-046174,2025-10-20,october,Dry Van,2490.9,880.13,4516.4363856710215,4417.5793957927835,4467.007890731902,3586.877890731902
TR-046175,2025-10-20,october,Flatbed,1936.8,3739.53,3787.5380039856886,3780.748320620894,3784.1431623032913,44.61316230329112
TR-046176,2025-10-20,october,Reefer,1311.4,2821.23,2936.617430856765,2888.216982912275,2912.41720688452,91.18720688452004
TR-046177,2025-10-20,october,Flatbed,929.9,1805.43,1957.9865922809693,1951.6804941691819,1954.8335432250756,149.4035432250755
TR-046178,2025-10-20,october,Reefer,1506.5,3140.88,3265.924404720842,3156.0248434760406,3210.9746240984414,70.09462409844127
TR-046179,2025-10-20,october,Dry Van,1589.7,643.58,3158.406640737011,3109.8257209853373,3134.116180861174,2490.536180861174
TR-046180,2025-10-20,october,Flatbed,308.4,863.53,895.8237376946921,891.0386803662823,893.4312090304873,29.90120903048728
TR-046181,2025-10-20,october,Dry Van,378.0,870.15,837.3939811383534,847.5394551017282,842.4667181200408,27.683281879959168
TR-046182,2025-10-20,october,Flatbed,547.5,1308.78,1357.6744081685026,1332.9657359871171,1345.32007207781,36.54007207781001
TR-046183,2025-10-20,october,Dry Van,1464.9,2957.72,3005.6041624699287,2957.407640812899,2981.505901641414,23.785901641414057
TR-046184,2025-10-20,october,Dry Van,639.7,1330.65,1320.125265412682,1330.9594879338306,1325.5423766732563,5.107623326743806
TR-046185,2025-10-20,october,Dry Van,1651.1,3113.18,3082.997545629319,3159.570335812913,3121.283940721116,8.103940721116032
TR-046186,2025-10-20,october,Dry Van,279.4,670.27,659.2514222173992,641.5218539109576,650.3866380641784,19.88336193582154
TR-046187,2025-10-20,october,Dry Van,946.5,1839.62,1823.8997117651263,1824.069360598955,1823.9845361820408,15.635463817959135
TR-046188,2025-10-20,october,Reefer,1032.5,2320.32,2386.5021855933737,2403.2963101777873,2394.8992478855807,74.57924788558057
TR-046189,2025-10-20,october,Flatbed,1791.2,3781.31,3839.82931820549,3937.5090936488896,3888.66920592719,107.35920592719003
TR-046190,2025-10-20,october,Dry Van,1760.3,3502.7,3396.883322862989,3404.173816361492,3400.5285696122405,102.1714303877593
TR-046191,2025-10-20,october,Dry Van,1052.7,2120.92,2105.986333982133,2064.8475911248356,2085.416962553484,35.50303744651592
TR-046192,2025-10-20,october,Reefer,1679.7,3533.69,3600.6052008113716,3599.4520329524885,3600.0286168819302,66.3386168819302
TR-046193,2025-10-20,october,Dry Van,687.7,1466.97,1445.021500596377,1453.2355827215554,1449.1285416589662,17.841458341033785
TR-046194,2025-10-20,october,Dry Van,1476.0,2790.85,2790.289445436506,2821.2178828936703,2805.753664165088,14.90366416508823
TR-046195,2025-10-20,october,Dry Van,1034.3,2088.92,2039.2412322547445,2046.6017064570012,2042.921469355873,45.998530644127186
TR-046196,2025-10-20,october,Reefer,458.9,1246.26,1268.4913849935701,1253.6770773116589,1261.0842311526144,14.824231152614402
TR-046197,2025-10-20,october,Flatbed,1515.6,3141.33,3262.1186977214015,3340.9944216845906,3301.5565597029963,160.22655970299638
TR-046198,2025-10-20,october,Reefer,621.8,1529.35,1580.4152251876928,1560.7554238218704,1570.5853245047815,41.2353245047816
TR-046199,2025-10-20,october,Dry Van,2296.7,4278.23,4205.355282023905,4173.539607752468,4189.4474448881865,88.78255511181305
TR-046200,2025-10-20,october,Dry Van,837.8,1631.08,1685.2496663701859,1658.3630294607105,1671.8063479154482,40.72634791544829
TR-046201,2025-10-20,october,Reefer,923.8,2174.48,2209.352122732268,2181.871080444806,2195.6116015885373,21.13160158853725
TR-046202,2025-10-20,october,Flatbed,2278.3,4503.27,4497.208513156231,4574.797614650951,4536.00306390359,32.73306390358994
TR-046203,2025-10-20,october,Dry Van,1990.6,3701.77,3749.6012955777846,3642.610397371787,3696.1058464747857,5.66415352521426
TR-046204,2025-10-20,october,Reefer,2823.9,5496.55,5507.489716278034,5468.426712590851,5487.958214434442,8.591785565557984
TR-046205,2025-10-20,october,Dry Van,464.2,1028.64,1017.5198535228878,988.1477223365014,1002.8337879296946,25.80621207030549
TR-046206,2025-10-20,october,Dry Van,2215.9,4063.51,4063.4709293928913,4025.92363000732,4044.6972797001054,18.812720299894863
TR-046207,2025-10-20,october,Flatbed,1099.9,2347.37,2491.2301730069507,2429.6891640765384,2460.4596685417446,113.08966854174469
TR-046208,2025-10-20,october,Dry Van,2324.2,4332.59,4222.51168838884,4157.9984058978725,4190.255047143357,142.3349528566432
TR-046209,2025-10-20,october,Dry Van,1731.2,3252.55,3334.3113352119353,3225.895232212053,3280.103283711994,27.553283711994027
TR-046210,2025-10-20,october,Dry Van,407.6,908.37,929.4524670119395,913.045029979241,921.2487484955902,12.87874849559023
TR-046211,2025-10-20,october,Flatbed,375.8,970.39,976.1438264409128,984.8781600584061,980.5109932496595,10.120993249659477
TR-046212,2025-10-20,october,Dry Van,735.4,1558.89,1566.3380811199252,1576.7767234671192,1571.557402293522,12.667402293521945
TR-046213,2025-10-20,october,Flatbed,454.9,1149.12,1203.555816002213,1178.5880058428588,1191.071910922536,41.95191092253617
TR-046214,2025-10-20,october,Flatbed,2023.4,17893.17,4247.13594694596,4320.495318723586,4283.815632834773,13609.354367165226
TR-046215,2025-10-20,october,Reefer,1078.4,2487.72,2518.5573347202253,2512.377237826644,2515.4672862734346,27.747286273434838
TR-046216,2025-10-20,october,Reefer,1469.0,3335.74,3391.344878417407,3399.7942230260123,3395.5695507217097,59.82955072170989
TR-046217,2025-10-20,october,Dry Van,631.7,1412.73,1370.5819878997613,1396.3365549772373,1383.4592714384994,29.27072856150062
TR-046218,2025-10-20,october,Flatbed,1300.5,2712.93,2871.076071235964,2880.488748998888,2875.7824101174256,162.85241011742573
TR-046219,2025-10-20,october,Flatbed,2987.6,6093.6,5832.786249942572,6115.832142466876,5974.309196204724,119.29080379527659
TR-046220,2025-10-20,october,Reefer,816.4,1868.59,1954.0359680742163,1887.9824131501318,1921.009190612174,52.419190612174134
TR-046221,2025-10-20,october,Dry Van,522.1,1202.95,1201.0087334622785,1191.6526607460519,1196.3306971041652,6.619302895834835
TR-046222,2025-10-20,october,Dry Van,828.0,1604.74,1640.1661158442266,1607.4732481243302,1623.8196819842783,19.079681984278295
TR-046223,2025-10-20,october,Reefer,274.0,793.55,814.1446586239933,798.9653013786722,806.5549800013328,13.004980001332797
TR-046224,2025-10-20,october,Reefer,1348.4,3115.6,3126.845584500335,3106.2628174486617,3116.5542009744986,0.9542009744986899
TR-046225,2025-10-20,october,Flatbed,438.0,997.17,1087.6455123751082,1077.7094845760175,1082.677498475563,85.50749847556301
TR-046226,2025-10-20,october,Dry Van,753.5,1617.98,1627.5789644736142,1610.3419536272502,1618.9604590504323,0.9804590504322732
TR-046227,2025-10-20,october,Dry Van,179.2,463.0,482.5792369933068,464.9332983694594,473.75626768138306,10.756267681383065
TR-046228,2025-10-20,october,Reefer,257.6,701.71,727.0626758870329,719.2491605395892,723.155918213311,21.44591821331096
TR-046229,2025-10-20,october,Reefer,2688.6,5490.26,5502.860341887142,5504.288689105417,5503.574515496279,13.314515496278545
TR-046230,2025-10-20,october,Reefer,3163.4,6302.46,6262.655566063392,6469.908508532855,6366.282037298124,63.82203729812409
TR-046231,2025-10-20,october,Dry Van,559.5,1213.94,1204.244402814383,1197.3753068436,1200.8098548289913,13.130145171008735
TR-046232,2025-10-20,october,Dry Van,617.5,1349.39,1330.6400830192308,1318.4779381585531,1324.5590105888919,24.83098941110825
TR-046233,2025-10-20,october,Reefer,355.9,951.71,986.5791254510308,967.6551017851643,977.1171136180976,25.407113618097583
TR-046234,2025-10-20,october,Dry Van,542.1,1143.94,1159.356971399504,1153.6582920243118,1156.5076317119078,12.56763171190778
TR-046235,2025-10-20,october,Dry Van,1539.4,2796.13,2844.7203885041927,2845.1282355317817,2844.924312017987,48.79431201798707
TR-046236,2025-10-20,october,Flatbed,1021.9,2108.65,2261.9002168069105,2214.0603612826594,2237.980289044785,129.33028904478488
TR-046237,2025-10-20,october,Dry Van,1448.9,2942.78,2903.591650097768,2933.350954790877,2918.4713024443226,24.308697555677554
TR-046238,2025-10-20,october,Reefer,2876.1,5652.74,5576.114370791664,5691.1348714020105,5633.6246210968375,19.11537890316231
TR-046239,2025-10-20,october,Dry Van,540.4,1153.25,1145.4136209255378,1129.7143164093118,1137.563968667425,15.686031332575112
TR-046240,2025-10-20,october,Flatbed,1201.7,2403.82,2586.249417863391,2534.364732932397,2560.307075397894,156.48707539789393
TR-046241,2025-10-20,october,Dry Van,564.0,1205.46,1188.958467114862,1205.360536059296,1197.159501587079,8.300498412921115
TR-046242,2025-10-20,october,Reefer,529.1,1314.3,1339.4426918997606,1302.744996632724,1321.0938442662423,6.793844266242331
TR-046243,2025-10-20,october,Dry Van,760.5,1570.88,1608.9762235746764,1564.978344447077,1586.9772840108767,16.097284010876592
TR-046244,2025-10-20,october,Reefer,559.8,1391.18,1386.9005108710596,1403.7012049542645,1395.3008579126622,4.120857912662132
TR-046245,2025-10-20,october,Dry Van,1761.1,3513.88,3451.441740282168,3465.219695395971,3458.3307178390696,55.54928216093049
TR-046246,2025-10-20,october,Dry Van,838.2,1768.2,1768.4951333593158,1768.3257613866479,1768.4104473729817,0.21044737298166183
TR-046247,2025-10-20,october,Reefer,470.1,1140.79,1204.4205798693004,1176.4360114764668,1190.4282956728835,49.63829567288349
TR-046248,2025-10-20,october,Flatbed,1674.4,3582.0,3664.1555828679243,3711.1325621663145,3687.6440725171196,105.64407251711964
TR-046249,2025-10-20,october,Flatbed,2260.5,4426.12,4487.430127486438,4577.452659216842,4532.441393351641,106.32139335164084
TR-046250,2025-10-20,october,Reefer,335.2,846.98,870.8099282808848,867.9992293836676,869.4045788322762,22.42457883227621
TR-046251,2025-10-20,october,Dry Van,1743.3,3262.37,3237.017512654807,3157.0201075063737,3197.0188100805904,65.35118991940953
TR-046252,2025-10-20,october,Reefer,1962.8,4354.23,4342.922922825838,4327.878119332154,4335.4005210789965,18.8294789210031
TR-046253,2025-10-20,october,Dry Van,2501.2,4758.16,4705.284225296874,4678.07392912537,4691.679077211122,66.48092278887816
TR-046254,2025-10-20,october,Flatbed,630.0,1497.92,1535.2039359157172,1523.0192498854904,1529.1115929006037,31.19159290060361
TR-046255,2025-10-20,october,Dry Van,1538.4,2976.78,2985.852993875,2952.9964131003535,2969.4247034876767,7.355296512323548
TR-046256,2025-10-20,october,Flatbed,2151.1,4264.03,4408.781777842517,4427.872149294246,4418.326963568381,154.29696356838122
TR-046257,2025-10-20,october,Dry Van,71.6,205.02,219.59867286208677,249.8588094689817,234.72874116553425,29.708741165534235
TR-046258,2025-10-20,october,Reefer,2661.8,5651.99,5537.112973349485,5632.131491227821,5584.622232288653,67.36776771134646
TR-046259,2025-10-20,october,Flatbed,2618.3,5131.79,5187.221848193712,5277.917393264892,5232.569620729302,100.77962072930222
TR-046260,2025-10-20,october,Dry Van,829.2,352.82,1687.2260138755714,1663.6811090625342,1675.4535614690528,1322.633561469053
TR-046261,2025-10-20,october,Dry Van,1544.3,3052.75,3038.7477318371903,2914.8119598911953,2976.779845864193,75.9701541358072
TR-046262,2025-10-20,october,Reefer,1046.4,2457.69,2505.40945805709,2480.407767051319,2492.9086125542044,35.218612554204356
TR-046263,2025-10-20,october,Flatbed,626.7,1367.22,1420.40185879975,1422.317151156184,1421.359504977967,54.13950497796691
TR-046264,2025-10-20,october,Dry Van,327.9,778.67,769.1965277268952,759.8286580268862,764.5125928768907,14.157407123109238
TR-046265,2025-10-20,october,Dry Van,547.8,1166.08,1169.282184491032,1219.6260214150402,1194.454102953036,28.374102953036072
TR-046266,2025-10-20,october,Reefer,832.9,1893.57,1963.2915996674258,1908.8908217624507,1936.0912107149384,42.521210714938434
TR-046267,2025-10-20,october,Reefer,1945.4,3891.99,4010.440671852489,3990.6253511874074,4000.533011519948,108.54301151994832
TR-046268,2025-10-20,october,Dry Van,739.3,1579.23,1563.620080211272,1580.1499555055057,1571.885017858389,7.344982141611126
TR-046269,2025-10-20,october,Dry Van,1414.7,2759.83,2634.12549250597,2713.762950563812,2673.944221534891,85.88577846510907
TR-046270,2025-10-20,october,Reefer,439.3,1146.7,1176.265135479074,1167.6241163671132,1171.9446259230936,25.24462592309351
TR-046271,2025-10-20,october,Flatbed,632.4,1488.97,1532.1751442729997,1516.8792643594438,1524.5272043162217,35.557204316221714
TR-046272,2025-10-20,october,Flatbed,2890.4,5647.19,5632.212749238196,5788.71540367333,5710.464076455763,63.27407645576295
TR-046273,2025-10-20,october,Dry Van,1679.4,3202.7,3296.5970058737953,3272.2216785263236,3284.4093422000597,81.70934220005984
TR-046274,2025-10-20,october,Dry Van,343.1,822.46,842.7864106876027,852.0434399965775,847.4149253420901,24.954925342090064
TR-046275,2025-10-20,october,Reefer,1764.4,3652.13,3759.1424929122545,3716.75355852531,3737.9480257187824,85.81802571878234
TR-046276,2025-10-20,october,Dry Van,1045.8,2099.75,2092.6025108659915,2067.1778240304866,2079.890167448239,19.859832551760974
TR-046277,2025-10-20,october,Dry Van,1972.3,3852.49,3811.6802041390847,3802.7095602294276,3807.194882184256,45.29511781574365
TR-046278,2025-10-20,october,Reefer,2233.7,4740.97,4669.36276852602,4678.880224330986,4674.121496428503,66.84850357149753
TR-046279,2025-10-20,october,Dry Van,710.3,1435.86,1455.998186608223,1476.7888969385513,1466.3935417733871,30.533541773387242
TR-046280,2025-10-20,october,Reefer,1775.4,3776.77,3869.4600071490586,3808.292434608543,3838.8762208788007,62.10622087880074
TR-046281,2025-10-20,october,Dry Van,517.7,1114.5,1113.8404542343415,1092.7403543810094,1103.2904043076755,11.209595692324456
TR-046282,2025-10-20,october,Dry Van,935.6,1885.05,1858.1809362247145,1841.678810419549,1849.9298733221317,35.12012667786826
TR-046283,2025-10-20,october,Dry Van,530.0,1108.88,1115.1014415106024,1113.264039763018,1114.1827406368102,5.302740636810086
TR-046284,2025-10-20,october,Flatbed,74.8,236.51,234.47358914078592,278.4068346645777,256.44021190268177,19.930211902681776
TR-046285,2025-10-20,october,Reefer,1190.0,2782.84,2786.5470868350208,2759.558084281911,2773.0525855584656,9.787414441534565
TR-046286,2025-10-20,october,Flatbed,338.8,906.58,919.5023653997581,913.829194319406,916.665779859582,10.085779859581976
TR-046287,2025-10-20,october,Dry Van,1370.1,2757.06,2698.3660518448114,2607.854823461848,2653.1104376533294,103.94956234667052
TR-046288,2025-10-20,october,Dry Van,453.6,1024.01,1031.45448994029,1009.7114525474228,1020.5829712438564,3.4270287561436135
TR-046289,2025-10-20,october,Dry Van,1314.7,2577.82,2581.6405648871573,2561.4224156394703,2571.5314902633136,6.288509736686592
TR-046290,2025-10-20,october,Reefer,1039.6,2378.1,2495.181337756549,2475.564435866458,2485.3728868115036,107.27288681150367
TR-046291,2025-10-20,october,Dry Van,1867.2,3382.5,3458.939322777665,3367.0969766260064,3413.0181497018357,30.518149701835682
TR-046292,2025-10-20,october,Dry Van,847.3,1836.09,1798.053158086325,1787.557797103399,1792.8054775948622,43.28452240513775
TR-046293,2025-10-20,october,Flatbed,1997.9,4000.03,4079.8297544342886,4069.5443902290936,4074.687072331691,74.65707233169087
TR-046294,2025-10-20,october,Dry Van,344.1,809.92,804.3049687136762,817.9220144439532,811.1134915788148,1.1934915788148146
TR-046295,2025-10-20,october,Reefer,517.6,1291.54,1319.272875555452,1323.9708737767396,1321.6218746660957,30.0818746660957
TR-046296,2025-10-20,october,Flatbed,1275.8,2571.24,2649.194902554883,2625.6221186594144,2637.408510607149,66.16851060714907
TR-046297,2025-10-20,october,Reefer,304.8,861.44,887.3506732629463,859.6356199798381,873.4931466213923,12.053146621392216
TR-046298,2025-10-20,october,Flatbed,1721.5,3261.52,3467.714093791726,3422.5713894036926,3445.1427415977096,183.6227415977096
TR-046299,2025-10-20,october,Dry Van,1826.5,3466.18,3511.9084524059144,3536.3582455647306,3524.1333489853223,57.953348985322464
TR-046300,2025-10-20,october,Reefer,941.6,2155.31,2241.7740374623613,2212.5734864541637,2227.1737619582627,71.86376195826278
TR-046301,2025-10-20,october,Reefer,2815.7,5782.14,5741.438585990729,5742.638868861704,5742.038727426217,40.10127257378372
TR-046302,2025-10-20,october,Reefer,2340.2,4846.66,4927.577379344796,4906.135607566001,4916.856493455399,70.19649345539892
TR-046303,2025-10-20,october,Reefer,1238.9,2839.88,2870.5950775368115,2861.6399670020355,2866.1175222694237,26.237522269423607
TR-046304,2025-10-20,october,Dry Van,459.6,1014.97,1029.5247363829997,1011.9405703293635,1020.7326533561816,5.762653356181545
TR-046305,2025-10-20,october,Dry Van,1056.9,2054.25,2089.958105587377,2097.488836525791,2093.723471056584,39.473471056584
TR-046306,2025-10-20,october,Reefer,1543.2,3441.52,3519.974244718022,3491.9428067321287,3505.9585257250756,64.43852572507558
TR-046307,2025-10-20,october,Reefer,1049.0,2326.16,2374.3352211044376,2333.8351032470237,2354.0851621757306,27.925162175730748
TR-046308,2025-10-20,october,Reefer,1174.6,2543.87,2648.2621538954822,2640.543669269634,2644.402911582558,100.53291158255797
TR-046309,2025-10-20,october,Dry Van,78.6,217.22,270.39395340279515,226.22289707019627,248.3084252364957,31.08842523649571
TR-046310,2025-10-21,october,Reefer,2350.2,4765.0,4711.245150883215,4757.281069164982,4734.263110024098,30.73688997590216
TR-046311,2025-10-21,october,Dry Van,1685.1,3339.97,3345.576143306769,3290.5063253633516,3318.0412343350604,21.92876566493942
TR-046312,2025-10-21,october,Dry Van,465.5,993.99,985.8251974904412,975.5171224920446,980.6711599912428,13.318840008757206
TR-046313,2025-10-21,october,Dry Van,2892.2,5297.75,5317.32208729186,5231.957634422095,5274.639860856978,23.110139143022025
TR-046314,2025-10-21,october,Dry Van,774.5,1519.48,1545.657007491161,1523.267162823504,1534.4620851573325,14.982085157332449
TR-046315,2025-10-21,october,Dry Van,760.0,1564.5,1575.807695659459,1546.134441422313,1560.9710685408859,3.528931459114119
TR-046316,2025-10-21,october,Dry Van,1646.2,3197.15,3296.933467943665,3186.78644711572,3241.8599575296926,44.709957529692474
TR-046317,2025-10-21,october,Flatbed,325.3,856.63,903.787861990389,891.2551928236919,897.5215274070405,40.891527407040485
TR-046318,2025-10-21,october,Dry Van,253.9,661.49,654.5582771926624,639.4738882754455,647.016082734054,14.473917265946056
TR-046319,2025-10-21,october,Reefer,3005.0,5920.98,6023.860962186697,6100.4705496625265,6062.165755924612,141.18575592461275
TR-046320,2025-10-21,october,Dry Van,865.5,1842.89,1824.242377391072,1786.2136643352242,1805.2280208631482,37.66197913685187
TR-046321,2025-10-21,october,Reefer,2130.7,4230.45,4317.870455952634,4409.064064634647,4363.467260293641,133.0172602936409
TR-046322,2025-10-21,october,Reefer,261.2,679.64,688.7903743503083,677.8701257777509,683.3302500640295,3.6902500640295557
TR-046323,2025-10-21,october,Reefer,574.5,1350.69,1369.2720174600163,1346.884321787291,1358.0781696236536,7.388169623653539
TR-046324,2025-10-21,october,Dry Van,1008.4,2179.9,2174.2829812803134,2161.0678733416767,2167.675427310995,12.224572689005072
TR-046325,2025-10-21,october,Dry Van,251.9,650.05,643.8173930058485,637.3769172119053,640.5971551088769,9.45284489112305
TR-046326,2025-10-21,october,Dry Van,555.9,1164.1,1141.1036453072104,1136.6141346358152,1138.8588899715128,25.241110028487128
TR-046327,2025-10-21,october,Dry Van,396.3,894.69,901.8002415616655,881.2885018069474,891.5443716843065,3.145628315693557
TR-046328,2025-10-21,october,Reefer,443.3,1093.01,1142.3548969154278,1110.5590589989756,1126.4569779572016,33.446977957201625
TR-046329,2025-10-21,october,Dry Van,399.6,924.22,948.6677027285565,934.0690139430183,941.3683583357874,17.148358335787407
TR-046330,2025-10-21,october,Flatbed,340.1,882.1,942.3458618276986,927.7671025218565,935.0564821747776,52.956482174777534
TR-046331,2025-10-21,october,Reefer,481.8,1330.32,1335.37557171574,1327.3001481497226,1331.3378599327314,1.017859932731426
TR-046332,2025-10-21,october,Flatbed,888.3,2065.63,2117.3969368502303,2091.5034800125404,2104.4502084313854,38.820208431385254
TR-046333,2025-10-21,october,Flatbed,399.5,960.84,995.5593216950243,995.1780714517115,995.368696573368,34.52869657336794
TR-046334,2025-10-21,october,Dry Van,1168.2,2291.87,2385.140239511196,2320.386825666301,2352.7635325887486,60.89353258874871
TR-046335,2025-10-21,october,Reefer,1404.8,3093.85,3091.376218385778,3103.8220824549708,3097.5991504203744,3.7491504203744626
TR-046336,2025-10-21,october,Flatbed,596.1,1412.82,1438.5095676663277,1451.1455615263374,1444.8275645963326,32.00756459633271
TR-046337,2025-10-21,october,Flatbed,428.0,1023.6,1100.0775255642288,1079.155744500148,1089.6166350321885,66.01663503218845
TR-046338,2025-10-21,october,Dry Van,103.9,279.98,307.1697107426506,315.4273492921045,311.2985300173775,31.318530017377498
TR-046339,2025-10-21,october,Dry Van,2248.6,4390.62,4387.043681654294,4309.7287811603455,4348.386231407319,42.23376859268046
TR-046340,2025-10-21,october,Dry Van,1205.3,2552.75,2522.685880169023,2470.9425203815695,2496.8142002752966,55.93579972470343
TR-046341,2025-10-21,october,Dry Van,1085.7,2199.41,2205.7046490001158,2140.5172059035244,2173.1109274518203,26.299072548179538
TR-046342,2025-10-21,october,Dry Van,1457.5,2786.26,2748.646119872415,2741.6109079374082,2745.1285139049114,41.1314860950888
TR-046343,2025-10-21,october,Dry Van,1468.4,2759.26,2735.4233651280256,2787.6676585239975,2761.5455118260115,2.285511826011316
TR-046344,2025-10-21,october,Dry Van,612.2,1399.28,1375.2155273771548,1383.3516739027891,1379.283600639972,19.996399360027908
TR-046345,2025-10-21,october,Reefer,2792.1,5735.76,5675.1008757361915,5696.22734616057,5685.664110948381,50.09588905161945
TR-046346,2025-10-21,october,Dry Van,1440.9,2905.85,2920.4890340766665,2899.239255040167,2909.8641445584167,4.014144558416774
TR-046347,2025-10-21,october,Dry Van,355.3,873.69,898.7736969249702,877.894631030845,888.3341639779076,14.64416397790751
TR-046348,2025-10-21,october,Flatbed,1118.1,2606.58,2549.063519281222,2527.574137134581,2538.318828207902,68.26117179209814
TR-046349,2025-10-21,october,Flatbed,594.7,1449.76,1534.4548919146253,1520.8814324799855,1527.6681621973053,77.90816219730527
TR-046350,2025-10-21,october,Reefer,749.7,1768.41,1769.3614001617889,1780.5134739522566,1774.9374370570226,6.527437057022553
TR-046351,2025-10-21,october,Flatbed,265.5,691.16,735.1592437629397,712.3264056391674,723.7428247010536,32.582824701053596
TR-046352,2025-10-21,october,Dry Van,3024.9,5460.56,5675.766305543848,5485.366987813648,5580.566646678748,120.00664667874753
TR-046353,2025-10-21,october,Flatbed,204.1,560.6,590.9687923976666,588.3153984277851,589.6420954127259,29.04209541272587
TR-046354,2025-10-21,october,Reefer,1572.4,3315.73,3512.304827583646,3477.8409941090786,3495.072910846362,179.34291084636197
TR-046355,2025-10-21,october,Flatbed,1103.7,2407.3,2476.498151653115,2455.2668827405682,2465.882517196842,58.58251719684176
TR-046356,2025-10-21,october,Dry Van,1377.3,2650.84,2603.424836826465,2541.738791474052,2572.5818141502587,78.2581858497415
TR-046357,2025-10-21,october,Dry Van,696.4,1512.06,1491.7019674920662,1498.276169439448,1494.989068465757,17.070931534242845
TR-046358,2025-10-21,october,Flatbed,604.7,1388.84,1391.7071242215366,1402.177193180658,1396.9421587010972,8.102158701097324
TR-046359,2025-10-21,october,Dry Van,1055.8,2063.13,1994.2732824112954,2018.0516231092772,2006.1624527602862,56.967547239713895
TR-046360,2025-10-21,october,Flatbed,1682.5,3377.12,3533.7884452412636,3543.0489767071012,3538.4187109741824,161.29871097418254
TR-046361,2025-10-21,october,Dry Van,1320.4,2542.36,2551.739804108964,2508.6621918723313,2530.200997990648,12.159002009352207
TR-046362,2025-10-21,october,Dry Van,3075.3,5786.64,5656.443699114212,5728.135035181563,5692.289367147887,94.35063285211345
TR-046363,2025-10-21,october,Dry Van,1988.2,4013.23,3969.454058296713,3911.675014722009,3940.564536509361,72.66546349063901
TR-046364,2025-10-21,october,Flatbed,480.8,1182.77,1226.6567113209212,1224.446546574311,1225.551628947616,42.78162894761613
TR-046365,2025-10-21,october,Dry Van,1091.9,2264.85,2299.2321957800823,2219.671657607738,2259.45192669391,5.398073306089827
TR-046366,2025-10-21,october,Reefer,1141.0,2624.82,2658.187787508301,2602.2025513822828,2630.195169445292,5.375169445291704
TR-046367,2025-10-21,october,Dry Van,2251.9,14403.14,4387.580066934624,4304.721365023799,4346.150715979211,10056.989284020789
TR-046368,2025-10-21,october,Dry Van,1891.3,3615.45,3632.2025589268737,3614.64426863697,3623.423413781922,7.973413781922318
TR-046369,2025-10-21,october,Dry Van,1289.1,2619.84,2623.7488070122627,2538.019380001343,2580.884093506803,38.95590649319729
TR-046370,2025-10-21,october,Flatbed,462.3,1068.05,1118.1404211509519,1083.9099236869706,1101.0251724189611,32.975172418961165
TR-046371,2025-10-21,october,Dry Van,1827.4,3466.53,3423.2144988408822,3407.904484005879,3415.5594914233807,50.97050857661952
TR-046372,2025-10-21,october,Dry Van,702.1,1505.31,1487.1564777304784,1484.420212393161,1485.7883450618197,19.52165493818029
TR-046373,2025-10-21,october,Dry Van,716.6,1579.25,1552.9293982041988,1572.5923036628728,1562.760850933536,16.48914906646405
TR-046374,2025-10-21,october,Reefer,1986.2,4247.13,4271.39926064464,4265.4072677641125,4268.403264204377,21.273264204376574
TR-046375,2025-10-21,october,Flatbed,1079.9,2177.46,2353.136240985286,2278.613181730267,2315.8747113577765,138.41471135777647
TR-046376,2025-10-21,october,Dry Van,416.7,913.89,936.3330650942817,916.4665142931321,926.3997896937069,12.50978969370692
TR-046377,2025-10-21,october,Flatbed,993.8,2220.12,2331.1084429878306,2313.81981070279,2322.4641268453106,102.34412684531071
TR-046378,2025-10-21,october,Reefer,885.0,2065.94,2093.456611665306,2081.441278559632,2087.448945112469,21.508945112469064
TR-046379,2025-10-21,october,Flatbed,1507.0,3139.19,3205.6304938768853,3649.066741323722,3427.3486176003034,288.1586176003034
TR-046380,2025-10-21,october,Dry Van,115.6,350.21,369.76988492827064,372.30940143070416,371.03964317948737,20.82964317948739
TR-046381,2025-10-21,october,Dry Van,886.6,1969.61,1929.79611912065,1916.769320797324,1923.282719958987,46.327280041012955
TR-046382,2025-10-21,october,Flatbed,720.5,1734.62,1832.9210984316887,1789.2355227261787,1811.0783105789337,76.45831057893383
TR-046383,2025-10-21,october,Dry Van,1694.8,3348.55,3235.066569862345,3259.115468492812,3247.0910191775783,101.45898082242184
TR-046384,2025-10-21,october,Dry Van,510.2,1207.14,1208.5792891585459,1171.2666314858634,1189.9229603222047,17.217039677795356
TR-046385,2025-10-21,october,Dry Van,1127.1,2235.95,2219.240964732798,2213.913332075569,2216.5771484041834,19.372851595816428
TR-046386,2025-10-21,october,Reefer,1273.3,2726.46,2743.171083744954,2680.0948712127292,2711.632977478842,14.827022521158142
TR-046387,2025-10-21,october,Flatbed,522.3,1165.49,1263.4884215413283,1224.9451297434853,1244.216775642407,78.72677564240689
TR-046388,2025-10-21,october,Dry Van,1140.6,2383.0,2297.1726519926456,2334.2442259583127,2315.708438975479,67.29156102452089
TR-046389,2025-10-21,october,Dry Van,286.7,642.65,659.9925556367976,657.6567991549391,658.8246773958683,16.174677395868343
TR-046390,2025-10-21,october,Dry Van,1555.1,3106.83,3054.7545390210967,3031.4004106195016,3043.0774748202994,63.75252517970057
TR-046391,2025-10-21,october,Dry Van,319.0,793.99,775.3354611583677,771.6363533716146,773.4859072649912,20.50409273500884
TR-046392,2025-10-21,october,Dry Van,1271.2,2652.98,2578.9326890794673,2575.684284584352,2577.3084868319097,75.67151316809031
TR-046393,2025-10-21,october,Reefer,126.6,395.97,399.6535454100352,411.8011718180803,405.7273586140577,9.757358614057694
TR-046394,2025-10-21,october,Flatbed,2034.6,4351.68,4348.83358603589,4422.193221785701,4385.513403910796,33.83340391079582
TR-046395,2025-10-21,october,Dry Van,2766.2,4900.65,4898.076240899278,4840.423598773661,4869.249919836469,31.40008016353022
TR-046396,2025-10-21,october,Dry Van,343.2,806.79,811.009422631588,809.5075323145818,810.2584774730849,3.4684774730849313
TR-046397,2025-10-21,october,Dry Van,1003.4,1983.68,1964.1476670864556,1948.1028180574856,1956.1252425719706,27.55475742802946
TR-046398,2025-10-21,october,Dry Van,534.1,1251.21,1232.2109163478453,1241.6937033169752,1236.9523098324103,14.257690167589772
TR-046399,2025-10-21,october,Flatbed,984.1,2168.35,2237.840969654495,2234.0392118667282,2235.9400907606114,67.59009076061147
TR-046400,2025-10-21,october,Dry Van,276.6,123.32,691.0011162535917,689.3017499030539,690.1514330783227,566.8314330783228
TR-046401,2025-10-21,october,Dry Van,541.3,1202.82,1186.21823536402,1194.9105369742806,1190.5643861691503,12.255613830849597
TR-046402,2025-10-21,october,Dry Van,1274.9,2559.32,2495.3674297246243,2524.492894381901,2509.9301620532624,49.38983794673777
TR-046403,2025-10-21,october,Reefer,1903.5,4021.92,4052.3566685700794,4040.454639242037,4046.4056539060584,24.48565390605836
TR-046404,2025-10-21,october,Dry Van,1373.7,2681.19,2654.031557491947,2686.9481235158364,2670.4898405038916,10.700159496108427
TR-046405,2025-10-21,october,Flatbed,531.5,1214.87,1284.6439837305797,1237.2365417325398,1260.9402627315599,46.07026273155998
TR-046406,2025-10-21,october,Dry Van,329.2,802.46,825.435627624215,810.7856176559221,818.1106226400686,15.650622640068605
TR-046407,2025-10-21,october,Dry Van,1089.3,2216.38,2249.2521063411455,2192.9488701095306,2221.1004882253383,4.720488225338158
TR-046408,2025-10-21,october,Reefer,1258.7,2832.47,2876.1047713594226,2858.223679355013,2867.1642253572177,34.694225357217874
TR-046409,2025-10-21,october,Dry Van,673.8,1331.75,1356.4070107501634,1328.7623791537824,1342.5846949519728,10.834694951972779
TR-046410,2025-10-21,october,Flatbed,2263.4,4764.41,4562.41142516646,4651.88250491798,4607.1469650422205,157.26303495777938
TR-046411,2025-10-21,october,Reefer,1204.5,2618.04,2690.9420411040123,2723.4180128899575,2707.180026996985,89.14002699698494
TR-046412,2025-10-21,october,Dry Van,833.7,1687.86,1690.2131742834094,1647.8689798968956,1669.0410770901526,18.818922909847288
TR-046413,2025-10-21,october,Dry Van,2058.6,4184.37,4036.2534648852456,3959.8110286363926,3998.0322467608194,186.33775323918053
TR-046414,2025-10-21,october,Dry Van,906.8,2011.67,1962.3153784023705,1954.0081316765277,1958.161755039449,53.50824496055111
TR-046415,2025-10-21,october,Reefer,2407.5,4893.47,4949.003941342438,4867.241731758237,4908.1228365503375,14.65283655033727
TR-046416,2025-10-21,october,Dry Van,1363.3,2747.92,2693.359317226892,2677.9090447833805,2685.6341810051363,62.2858189948638
TR-046417,2025-10-21,october,Dry Van,1686.0,3304.22,3263.7392465985267,3264.8804495619484,3264.3098480802373,39.910151919762484
TR-046418,2025-10-21,october,Flatbed,753.6,1742.78,1803.9992252873935,1748.9997820223557,1776.4995036548746,33.71950365487464
TR-046419,2025-10-21,october,Dry Van,2299.5,4480.53,4346.883145350456,4389.686728974514,4368.284937162485,112.24506283751452
TR-046420,2025-10-21,october,Dry Van,2436.8,4119.27,4361.687258952739,4253.991123146152,4307.839191049446,188.56919104944518
TR-046421,2025-10-21,october,Dry Van,710.3,1618.05,1618.8040070042011,1624.8476576538415,1621.8258323290213,3.775832329021341
TR-046422,2025-10-21,october,Dry Van,2346.2,4173.85,4196.203930374241,4131.703366236281,4163.953648305262,9.896351694738769
TR-046423,2025-10-21,october,Reefer,791.7,1981.96,2041.0399337637969,1926.3729060538856,1983.7064199088413,1.7464199088412897
TR-046424,2025-10-21,october,Dry Van,2489.1,4446.89,4626.015505645396,4383.553566930588,4504.7845362879925,57.894536287992196
TR-046425,2025-10-21,october,Dry Van,475.9,1085.97,1086.8889480039252,1070.589778190015,1078.73936309697,7.2306369030300175
TR-046426,2025-10-21,october,Dry Van,417.8,2970.76,958.9728345649572,959.1411051220477,959.0569698435024,2011.7030301564978
TR-046427,2025-10-21,october,Dry Van,406.8,900.96,907.5157280121141,899.9980551743263,903.7568915932202,2.7968915932201526
TR-046428,2025-10-21,october,Flatbed,325.4,886.73,914.3173084445091,918.0827821801324,916.2000453123208,29.470045312320735
TR-046429,2025-10-21,october,Dry Van,1933.4,3790.58,3846.46783721974,3765.2312427740426,3805.8495399968915,15.26953999689158
TR-046430,2025-10-21,october,Reefer,634.8,1548.2,1550.092325273534,1586.8869970995067,1568.4896611865204,20.289661186520334
TR-046431,2025-10-21,october,Dry Van,1059.5,2085.41,2061.2861683768806,2040.6183800446054,2050.952274210743,34.45772578925698
TR-046432,2025-10-21,october,Reefer,758.4,1793.53,1858.9060951230524,1820.3550333906796,1839.630564256866,46.10056425686594
TR-046433,2025-10-21,october,Reefer,604.0,1428.25,1454.2994891297171,1440.537490310172,1447.4184897199445,19.168489719944546
TR-046434,2025-10-21,october,Flatbed,1057.1,2269.47,2312.112223162236,2233.437867414569,2272.775045288403,3.3050452884031074
TR-046435,2025-10-21,october,Dry Van,2130.0,3921.97,3932.6564422886577,3880.1965403880404,3906.426491338349,15.543508661650776
TR-046436,2025-10-21,october,Dry Van,200.0,521.48,529.4917616595884,522.0350561312505,525.7634088954194,4.28340889541937
TR-046437,2025-10-21,october,Flatbed,397.6,1046.26,1111.026139142912,1101.5123785681087,1106.2692588555103,60.009258855510325
TR-046438,2025-10-21,october,Flatbed,658.2,1497.97,1530.7031858872087,1543.2960524478012,1536.999619167505,39.02961916750496
TR-046439,2025-10-21,october,Dry Van,440.6,971.46,981.9968579499293,967.0102518594042,974.5035549046668,3.0435549046667347
TR-046440,2025-10-21,october,Dry Van,2041.5,3965.03,3967.8171953221863,3925.585765268331,3946.701480295259,18.32851970474121
TR-046441,2025-10-21,october,Dry Van,689.7,1476.03,1466.708442398251,1481.3852226356082,1474.0468325169295,1.9831674830704742
TR-046442,2025-10-21,october,Flatbed,1548.0,3213.37,3286.595257040709,3256.9221054505947,3271.758681245652,58.38868124565215
TR-046443,2025-10-21,october,Flatbed,872.9,1882.4,1904.2948288232492,1925.3043615991442,1914.7995952111967,32.39959521119658
TR-046444,2025-10-21,october,Reefer,996.8,2276.2,2281.704166678849,2251.3027128221484,2266.5034397504987,9.69656024950109
TR-046445,2025-10-21,october,Dry Van,1555.5,3191.38,3167.1293424532096,3083.2107070609136,3125.1700247570616,66.20997524293853
TR-046446,2025-10-21,october,Dry Van,1194.8,2435.41,2426.562059966948,2415.583870607264,2421.072965287106,14.33703471289391
TR-046447,2025-10-21,october,Dry Van,503.2,1046.13,1059.7924002305415,1054.596551437429,1057.1944758339853,11.06447583398517
TR-046448,2025-10-21,october,Flatbed,1021.4,2198.38,2312.9273353136477,2257.7272261278013,2285.3272807207245,86.9472807207244
TR-046449,2025-10-21,october,Reefer,2874.3,5545.41,5459.323628597506,5594.230615323302,5526.777121960404,18.632878039596108
TR-046450,2025-10-21,october,Reefer,2135.1,4186.26,4431.920667568484,4495.012422194457,4463.46654488147,277.2065448814701
TR-046451,2025-10-21,october,Reefer,419.3,978.93,1014.4581430644257,1013.6081399200689,1014.0331414922473,35.103141492247346
TR-046452,2025-10-21,october,Dry Van,282.5,693.04,674.9404449518374,680.2706901917213,677.6055675717794,15.434432428220589
TR-046453,2025-10-21,october,Dry Van,536.3,1110.26,1118.9144285010304,1113.7876594556897,1116.35104397836,6.091043978359949
TR-046454,2025-10-21,october,Dry Van,2380.3,4600.85,4475.586958987599,4470.646282915233,4473.116620951416,127.73337904858454
TR-046455,2025-10-21,october,Reefer,1663.3,3850.44,3842.441239653688,3838.447090458435,3840.4441650560616,9.995834943938462
TR-046456,2025-10-21,october,Reefer,1704.3,3724.61,3691.979982298055,3698.4382026192657,3695.20909245866,29.400907541340075
TR-046457,2025-10-21,october,Dry Van,997.5,1986.47,2035.9610862342215,2013.256421675666,2024.6087539549437,38.138753954943695
TR-046458,2025-10-21,october,Dry Van,999.4,2088.18,2100.1702360422983,2070.308092480111,2085.2391642612047,2.9408357387951582
TR-046459,2025-10-21,october,Dry Van,814.0,1708.45,1629.3833996051085,1650.4757145469418,1639.929557076025,68.520442923975
TR-046460,2025-10-21,october,Dry Van,218.0,530.1,542.4918301442045,511.4729459752168,526.9823880597107,3.1176119402892937
TR-046461,2025-10-21,october,Dry Van,3096.8,5947.51,5802.840873693151,5821.23653911262,5812.0387064028855,135.4712935971147
TR-046462,2025-10-21,october,Reefer,1622.3,3570.86,3664.730625643515,3729.6012550582723,3697.165940350894,126.3059403508937
TR-046463,2025-10-21,october,Flatbed,568.6,1307.4,1388.7903122514704,1358.7290134099987,1373.7596628307347,66.35966283073458
TR-046464,2025-10-21,october,Dry Van,991.0,1953.16,1944.7812713926767,1931.508116830764,1938.1446941117204,15.015305888279727
TR-046465,2025-10-22,october,Flatbed,745.2,1663.21,1732.7669371171644,1728.1168329704522,1730.4418850438083,67.23188504380823
TR-046466,2025-10-22,october,Dry Van,2864.2,5004.7,4900.451282908164,5023.530834496981,4961.991058702572,42.70894129742737
TR-046467,2025-10-22,october,Dry Van,1700.2,3356.83,3238.842884678273,3169.5107014842065,3204.17679308124,152.65320691876013
TR-046468,2025-10-22,october,Dry Van,833.1,1721.07,1749.9224715011874,1705.6029750021855,1727.7627232516866,6.69272325168663
TR-046469,2025-10-22,october,Dry Van,458.5,1102.33,1080.0812909504718,1079.7084465413,1079.894868745886,22.435131254113912
TR-046470,2025-10-22,october,Flatbed,1301.6,3000.82,2996.8404374577353,3032.3164781014857,3014.5784577796103,13.758457779610126
TR-046471,2025-10-22,october,Reefer,1553.8,3408.71,3431.7695630907297,3422.170765231206,3426.970164160968,18.26016416096809
TR-046472,2025-10-22,october,Dry Van,102.4,301.74,318.65823545064313,328.787860158837,323.7230478047401,21.983047804740067
TR-046473,2025-10-22,october,Flatbed,1491.3,3371.82,3317.754551355189,3248.2465032874,3283.0005273212946,88.81947267870555
TR-046474,2025-10-22,october,Dry Van,91.6,258.37,320.94679984915336,303.7441737688198,312.3454868089866,53.9754868089866
TR-046475,2025-10-22,october,Dry Van,525.8,1236.06,1227.357905485015,1196.4583986427103,1211.9081520638626,24.1518479361373
TR-046476,2025-10-22,october,Reefer,2228.1,4921.06,4882.999531903005,4931.167207819199,4907.083369861102,13.976630138898145
TR-046477,2025-10-22,october,Dry Van,2314.9,4096.07,4046.5354523222227,4109.369138166871,4077.952295244547,18.117704755452905
TR-046478,2025-10-22,october,Reefer,3049.9,6303.7,6058.302850653234,6169.310265736247,6113.80655819474,189.8934418052595
TR-046479,2025-10-22,october,Reefer,859.1,1930.36,1997.3921539925448,1997.5895605991677,1997.4908572958561,67.13085729585623
TR-046480,2025-10-22,october,Reefer,2018.7,3892.0,3908.89337518434,3990.3187739164932,3949.6060745504165,57.60607455041645
TR-046481,2025-10-22,october,Dry Van,296.2,712.44,729.4532594274286,727.1314666444976,728.292363035963,15.85236303596298
TR-046482,2025-10-22,october,Reefer,2139.9,4318.34,4430.27590852261,4435.587686764895,4432.931797643752,114.59179764375222
TR-046483,2025-10-22,october,Flatbed,1046.6,2411.85,2405.7173348850124,2386.316038926146,2396.0166869055793,15.833313094420646
TR-046484,2025-10-22,october,Flatbed,838.8,1988.26,2100.5585724184834,2063.0453190175126,2081.801945717998,93.54194571799803
TR-046485,2025-10-22,october,Reefer,1257.8,2760.03,2868.751009199956,2848.7770105514114,2858.7640098756838,98.73400987568357
TR-046486,2025-10-22,october,Flatbed,1187.3,2644.84,2724.2757895463424,2688.32205023266,2706.298919889501,61.458919889500976
TR-046487,2025-10-22,october,Flatbed,418.4,1058.45,1074.5204675652933,1059.3265789032685,1066.9235232342808,8.47352323428072
TR-046488,2025-10-22,october,Dry Van,1985.8,3678.77,3621.586766293676,3543.143270044104,3582.36501816889,96.40498183111004
TR-046489,2025-10-22,october,Dry Van,2105.9,3868.49,3821.9285210238554,3817.9663657567,3819.947443390278,48.54255660972194
TR-046490,2025-10-22,october,Flatbed,532.0,1309.84,1405.15151992797,1374.8370059613433,1389.9942629446566,80.1542629446567
TR-046491,2025-10-22,october,Dry Van,330.2,775.99,799.3813228622255,787.3548435742559,793.3680832182407,17.378083218240704
TR-046492,2025-10-22,october,Reefer,912.5,2155.11,2139.070527407795,2137.707254293334,2138.388890850564,16.72110914943596
TR-046493,2025-10-22,october,Flatbed,1025.6,2146.27,2250.15874805066,2225.2068606223615,2237.682804336511,91.41280433651082
TR-046494,2025-10-22,october,Flatbed,1661.1,3629.61,3659.481286518638,3600.8905397095077,3630.1859131140727,0.5759131140725913
TR-046495,2025-10-22,october,Dry Van,756.3,1742.47,1700.8238614101792,1701.823002739041,1701.32343207461,41.146567925389945
TR-046496,2025-10-22,october,Reefer,2161.3,4523.99,4597.563467052655,4544.061493900961,4570.812480476809,46.82248047680878
TR-046497,2025-10-22,october,Reefer,2051.7,4220.16,4299.436512806677,4280.030008788612,4289.733260797644,69.57326079764425
TR-046498,2025-10-22,october,Dry Van,231.1,664.29,635.6764128461,648.5893942566909,642.1329035513954,22.157096448604534
TR-046499,2025-10-22,october,Reefer,507.2,1347.83,1346.4907852815068,1315.956619603246,1331.2237024423764,16.60629755762352
TR-046500,2025-10-22,october,Dry Van,2958.2,5551.03,5380.947375462931,5441.083670779904,5411.015523121418,140.01447687858217
TR-046501,2025-10-22,october,Dry Van,811.1,1691.2,1707.0159377973164,1694.3451713075497,1700.680554552433,9.480554552432977
TR-046502,2025-10-22,october,Dry Van,504.1,1144.41,1150.1017167231691,1123.8266079435514,1136.9641623333603,7.445837666639818
TR-046503,2025-10-22,october,Flatbed,132.8,407.52,411.0682199041706,464.0162828975135,437.542251400842,30.022251400842038
TR-046504,2025-10-22,october,Dry Van,696.5,1455.6,1474.3446825781425,1439.4273217358984,1456.8860021570204,1.286002157020448
TR-046505,2025-10-22,october,Dry Van,1015.6,2043.47,1995.574901612177,2045.8485335306882,2020.7117175714325,22.758282428567554
TR-046506,2025-10-22,october,Reefer,2460.4,4995.47,4983.025569209593,5012.3503299972435,4997.687949603418,2.2179496034177646
TR-046507,2025-10-22,october,Dry Van,446.5,1049.62,1045.4326712781456,1042.6458049421187,1044.0392381101321,5.580761889867745
TR-046508,2025-10-22,october,Flatbed,1136.5,2624.53,2613.563565857547,2604.0994807245042,2608.8315232910254,15.698476708974795
TR-046509,2025-10-22,october,Flatbed,987.9,2138.6,2258.944392751364,2261.689613983958,2260.317003367661,121.71700336766116
TR-046510,2025-10-22,october,Dry Van,983.1,2022.03,2036.279773307057,2036.9830409476008,2036.6314071273289,14.601407127328912
TR-046511,2025-10-22,october,Dry Van,305.9,780.71,787.5810494100633,783.5973991848755,785.5892242974694,4.879224297469364
TR-046512,2025-10-22,october,Dry Van,601.4,1385.85,1418.7481976832964,1420.627968153542,1419.6880829184192,33.83808291841933
TR-046513,2025-10-22,october,Reefer,412.3,1025.05,1084.2156770541808,1083.017114064809,1083.6163955594948,58.56639555949482
TR-046514,2025-10-22,october,Dry Van,2444.4,4544.18,4495.257130651101,4518.892595178877,4507.074862914989,37.10513708501094
TR-046515,2025-10-22,october,Dry Van,1471.7,2853.82,2795.995009621405,2755.174138891826,2775.5845742566153,78.2354257433849
TR-046516,2025-10-22,october,Reefer,1325.5,2863.43,2920.8434579115115,2839.9888617807637,2880.416159846138,16.98615984613798
TR-046517,2025-10-22,october,Reefer,1684.3,14784.38,3726.3701355567505,3649.526234045951,3687.9481848013506,11096.431815198648
TR-046518,2025-10-22,october,Dry Van,451.0,1045.82,1011.7155932511497,1036.4329011824234,1024.0742472167865,21.745752783213447
TR-046519,2025-10-22,october,Reefer,3059.5,6452.47,6265.948335414182,6366.923350773266,6316.4358430937245,136.0341569062757
TR-046520,2025-10-22,october,Dry Van,755.0,1636.03,1625.5601354866603,1599.4718360580164,1612.5159857723384,23.51401422766162
TR-046521,2025-10-22,october,Flatbed,1105.1,2357.26,2458.307789554066,2443.5664016028654,2450.9370955784657,93.67709557846547
TR-046522,2025-10-22,october,Flatbed,582.4,1354.85,1431.8670305416388,1392.4032572872106,1412.1351439144246,57.28514391442468
TR-046523,2025-10-22,october,Flatbed,908.1,2044.87,2113.513589893525,2084.2582660893418,2098.885927991433,54.01592799143327
TR-046524,2025-10-22,october,Dry Van,695.0,1441.9,1454.6287476422353,1429.0658452517705,1441.847296447003,0.052703552997172665
TR-046525,2025-10-22,october,Reefer,2324.6,4770.79,4877.286940269724,4903.653703696276,4890.470321983001,119.6803219830008
TR-046526,2025-10-22,october,Reefer,512.2,1328.25,1382.6110883065671,1343.1295976163005,1362.8703429614338,34.620342961433835
TR-046527,2025-10-22,october,Reefer,1826.3,3980.59,4040.6652183099236,4040.7251169850447,4040.695167647484,60.105167647483995
TR-046528,2025-10-22,october,Dry Van,391.8,871.19,882.5648740782888,857.6882659592804,870.1265700187846,1.0634299812154495
TR-046529,2025-10-22,october,Dry Van,2219.9,4028.2,4026.2694477319505,4015.724159407975,4020.996803569963,7.203196430036769
TR-046530,2025-10-22,october,Reefer,1016.8,2551.19,2496.7025163974636,2462.621932775977,2479.66222458672,71.52777541327987
TR-046531,2025-10-22,october,Reefer,1211.0,2642.91,2702.346372553055,2664.7484374105597,2683.5474049818076,40.63740498180778
TR-046532,2025-10-22,october,Dry Van,1018.1,2143.64,2091.459646995096,2073.089101317596,2082.2743741563463,61.36562584365356
TR-046533,2025-10-22,october,Dry Van,1694.9,3494.61,3470.033012327884,3370.206651809071,3420.1198320684775,74.49016793152259
TR-046534,2025-10-22,october,Flatbed,192.8,542.56,575.477691063338,570.9342540807681,573.205972572053,30.645972572053097
TR-046535,2025-10-22,october,Flatbed,1110.1,2533.72,2620.508358554004,2603.2296159220614,2611.868987238033,78.14898723803299
TR-046536,2025-10-22,october,Dry Van,2873.2,5232.81,5308.263194165295,5194.018319180783,5251.1407566730395,18.330756673039104
TR-046537,2025-10-22,october,Reefer,505.4,1309.66,1363.6103186080782,1346.858591610592,1355.2344551093352,45.57445510933508
TR-046538,2025-10-22,october,Flatbed,2417.8,5006.3,4935.75288881106,5024.974086686378,4980.363487748718,25.936512251281783
TR-046539,2025-10-22,october,Dry Van,826.8,1748.43,1723.3683974386406,1679.9856330955254,1701.6770152670829,46.752984732917184
TR-046540,2025-10-22,october,Reefer,793.2,1983.25,2035.625759863468,1981.0803486964364,2008.3530542799522,25.103054279952175
TR-046541,2025-10-22,october,Flatbed,2772.4,5723.31,5537.71342738638,5663.782890703644,5600.748159045012,122.56184095498884
TR-046542,2025-10-22,october,Flatbed,727.5,1560.71,1650.2757579219654,1658.791069501915,1654.5334137119403,93.82341371194025
TR-046543,2025-10-22,october,Dry Van,1146.0,2335.15,2272.3515682397965,2368.4948801719806,2320.423224205889,14.72677579411129
TR-046544,2025-10-22,october,Dry Van,463.9,1011.88,1008.8200014309442,986.4738162954318,997.646908863188,14.23309113681205
TR-046545,2025-10-22,october,Flatbed,537.7,1238.84,1331.9832571188917,1289.4051423491424,1310.694199734017,71.85419973401713
TR-046546,2025-10-22,october,Dry Van,2402.2,4584.52,4545.832806953681,4599.1788432459725,4572.505825099826,12.014174900174112
TR-046547,2025-10-22,october,Dry Van,1435.8,2942.45,2923.5434578566073,2905.859681891832,2914.70156987422,27.748430125780033
TR-046548,2025-10-22,october,Dry Van,772.9,1604.29,1563.2035543442028,1543.633605251091,1553.418579797647,50.871420202352965
TR-046549,2025-10-22,october,Dry Van,1990.6,3721.16,3789.449315685435,3726.6616055324075,3758.0554606089213,36.89546060892144
TR-046550,2025-10-22,october,Flatbed,500.0,1185.29,1209.752527054748,1209.12097466765,1209.436750861199,24.146750861199052
TR-046551,2025-10-22,october,Flatbed,778.3,1726.53,1756.5118961271776,1734.3020865370731,1745.4069913321255,18.8769913321255
TR-046552,2025-10-22,october,Dry Van,1161.5,2301.62,2346.146314271364,2327.979154018584,2337.062734144974,35.44273414497411
TR-046553,2025-10-22,october,Reefer,706.0,1660.06,1688.0340984424774,1679.4760320263201,1683.755065234399,23.695065234398953
TR-046554,2025-10-22,october,Dry Van,522.9,1141.94,1166.974472948032,1137.2179212918768,1152.0961971199545,10.156197119954413
TR-046555,2025-10-22,october,Dry Van,487.9,1060.19,1046.486176691165,1038.992301051311,1042.7392388712378,17.450761128762224
TR-046556,2025-10-22,october,Dry Van,2037.3,3839.75,3874.695299565499,3835.1646434824543,3854.9299715239767,15.179971523976747
TR-046557,2025-10-22,october,Flatbed,663.7,1530.79,1644.0625096356273,1598.5829729407492,1621.3227412881884,90.53274128818839
TR-046558,2025-10-22,october,Reefer,1745.0,3652.95,3725.1434986506233,3826.005216973853,3775.5743578122383,122.62435781223849
TR-046559,2025-10-22,october,Dry Van,1343.3,2699.39,2741.7051095546467,2706.9230989809575,2724.314104267802,24.92410426780225
TR-046560,2025-10-22,october,Reefer,1376.3,3332.52,3268.747355154987,3285.826603299869,3277.2869792274278,55.23302077257222
TR-046561,2025-10-22,october,Dry Van,326.9,780.38,782.0805728843583,764.8593543571214,773.4699636207399,6.910036379260077
TR-046562,2025-10-22,october,Flatbed,1705.9,3557.23,3629.5261490853563,3649.0471278437126,3639.2866384645345,82.05663846453444
TR-046563,2025-10-22,october,Reefer,2833.0,5851.62,5779.100484561928,5747.340949845957,5763.2207172039425,88.39928279605738
TR-046564,2025-10-22,october,Dry Van,274.0,651.91,670.2593865643848,652.6277084137284,661.4435474890566,9.533547489056673
TR-046565,2025-10-22,october,Flatbed,1124.0,2381.33,2391.211683566837,2323.340840790688,2357.2762621787624,24.05373782123752
TR-046566,2025-10-22,october,Reefer,1355.9,3104.16,3137.261507661039,3086.1982964954077,3111.7299020782234,7.569902078223549
TR-046567,2025-10-22,october,Flatbed,1266.8,2614.42,2762.4087276031323,2756.520349500389,2759.4645385517606,145.04453855176052
TR-046568,2025-10-22,october,Dry Van,593.1,1229.26,1265.377964859739,1265.782550792523,1265.580257826131,36.320257826130955
TR-046569,2025-10-22,october,Dry Van,475.0,1144.34,1114.3423866305413,1105.292703057019,1109.81754484378,34.52245515621985
TR-046570,2025-10-22,october,Reefer,603.1,1590.58,1621.08683695747,1600.2916587289642,1610.6892478432171,20.10924784321719
TR-046571,2025-10-22,october,Reefer,2204.7,4717.8,4783.785332599211,4813.810098429527,4798.797715514369,80.99771551436879
TR-046572,2025-10-22,october,Reefer,2934.5,6053.36,5964.876919582772,5994.009623261113,5979.443271421942,73.9167285780577
TR-046573,2025-10-22,october,Reefer,656.3,1631.66,1620.274182429353,1627.8655749811091,1624.069878705231,7.5901212947690055
TR-046574,2025-10-22,october,Reefer,1363.5,2989.44,3004.3217574543432,2966.364718550826,2985.3432380025847,4.096761997415342
TR-046575,2025-10-22,october,Dry Van,948.6,1851.21,1894.4362969290025,1860.8752090141115,1877.655752971557,26.445752971556885
TR-046576,2025-10-22,october,Reefer,2451.3,5316.93,5245.485892084595,5381.167008594527,5313.326450339561,3.6035496604390573
TR-046577,2025-10-22,october,Dry Van,2646.8,4696.47,4663.9983808549505,4636.198988965043,4650.098684909997,46.37131509000301
TR-046578,2025-10-22,october,Dry Van,2232.0,4048.34,4035.043202372697,4046.926667281714,4040.9849348272055,7.355065172794639
TR-046579,2025-10-22,october,Dry Van,352.3,807.53,811.2284571948493,793.4360101621294,802.3322336784893,5.197766321510699
TR-046580,2025-10-22,october,Dry Van,759.3,1628.52,1587.107326504744,1581.9634742934018,1584.5354003990728,43.98459960092714
TR-046581,2025-10-22,october,Dry Van,1868.2,3859.48,3763.9900340939107,3724.035644685727,3744.012839389819,115.46716061018105
TR-046582,2025-10-22,october,Dry Van,1505.8,2912.89,2892.734126139073,2703.3543675890396,2798.0442468640563,114.8457531359436
TR-046583,2025-10-22,october,Reefer,645.1,4892.72,1568.1894859338558,1569.4809288433714,1568.8352073886135,3323.8847926113867
TR-046584,2025-10-22,october,Dry Van,2250.8,4314.84,4316.703332422249,4251.551601075342,4284.127466748796,30.71253325120415
TR-046585,2025-10-22,october,Dry Van,582.0,1322.8,1353.5554759874067,1338.3297738557785,1345.9426249215926,23.142624921592642
TR-046586,2025-10-22,october,Reefer,184.5,612.12,600.5022024942444,607.23855220719,603.8703773507173,8.249622649282742
TR-046587,2025-10-22,october,Dry Van,2019.5,3585.07,3629.6510601380937,3576.7508924389385,3603.2009762885164,18.130976288516194
TR-046588,2025-10-22,october,Dry Van,956.4,1959.85,1946.5258458107362,1898.891565563901,1922.7087056873186,37.14129431268134
TR-046589,2025-10-22,october,Reefer,902.8,2105.22,2075.640469887049,2042.5956072842419,2059.1180385856455,46.101961414354264
TR-046590,2025-10-22,october,Flatbed,277.2,726.82,747.3868242261991,741.5290185426745,744.4579213844368,17.63792138443671
TR-046591,2025-10-22,october,Dry Van,470.7,1132.13,1143.9609424839355,1133.2547696653542,1138.6078560746448,6.477856074644706
TR-046592,2025-10-22,october,Dry Van,1216.6,2583.27,2575.224318832767,2537.817735440042,2556.5210271364044,26.748972863595554
TR-046593,2025-10-22,october,Flatbed,349.7,873.47,940.478493203179,922.5190863508471,931.4987897770131,58.02878977701312
TR-046594,2025-10-22,october,Flatbed,131.1,394.73,412.72965569720316,451.26966545627465,431.9996605767389,37.269660576738886
TR-046595,2025-10-22,october,Dry Van,581.4,1211.67,1212.623734554101,1194.935723494813,1203.779729024457,7.89027097554299
TR-046596,2025-10-22,october,Dry Van,596.7,1225.8,1258.3986871614832,1250.2871457750944,1254.3429164682889,28.542916468288922
TR-046597,2025-10-22,october,Flatbed,692.2,1670.77,1734.9352950459124,1701.5483398238248,1718.2418174348686,47.471817434868626
TR-046598,2025-10-22,october,Dry Van,684.5,1376.74,1379.6274096443713,1379.6554865502085,1379.6414480972899,2.901448097289858
TR-046599,2025-10-22,october,Flatbed,180.6,513.66,539.8836539580088,546.8815633251036,543.3826086415562,29.722608641556235
TR-046600,2025-10-22,october,Reefer,626.1,1525.01,1518.6413089239384,1516.6447991293692,1517.6430540266538,7.366945973346219
TR-046601,2025-10-22,october,Dry Van,1015.4,2052.74,1991.6328216325992,2004.3662396479394,1997.9995306402693,54.74046935973047
TR-046602,2025-10-22,october,Flatbed,794.5,1720.26,1763.131700929791,1764.2116840141139,1763.6716924719524,43.41169247195239
TR-046603,2025-10-22,october,Dry Van,1154.7,2343.8,2308.77786468012,2348.1560179630087,2328.4669413215643,15.333058678435918
TR-046604,2025-10-22,october,Flatbed,795.8,1926.44,1982.7105690681142,1957.3952479944694,1970.052908531292,43.61290853129185
TR-046605,2025-10-22,october,Dry Van,956.6,2037.74,2020.6263987683658,2023.6327027784316,2022.1295507733987,15.610449226601304
TR-046606,2025-10-22,october,Dry Van,1556.2,2916.59,2965.949114106905,2940.889631993525,2953.419373050215,36.829373050215054
TR-046607,2025-10-22,october,Reefer,820.1,2022.85,2088.7246107134188,2019.0533294129689,2053.888970063194,31.03897006319403
TR-046608,2025-10-22,october,Reefer,2797.6,5664.3,5550.0454268270405,5621.097898959613,5585.571662893327,78.72833710667328
TR-046609,2025-10-22,october,Reefer,789.1,1881.48,1995.8359654939782,1898.2518221789785,1947.0438938364782,65.5638938364782
TR-046610,2025-10-22,october,Dry Van,543.5,1164.69,1175.1982418375035,1143.8376121960741,1159.5179270167887,5.172072983211365
TR-046611,2025-10-22,october,Reefer,290.9,804.22,830.7343621260914,811.410734965114,821.0725485456027,16.852548545602644
TR-046612,2025-10-23,october,Reefer,825.9,1942.88,2058.705975415285,1983.578238192519,2021.1421068039022,78.26210680390204
TR-046613,2025-10-23,october,Dry Van,176.7,474.38,467.90804236851443,435.75000819272236,451.8290252806184,22.5509747193816
TR-046614,2025-10-23,october,Flatbed,1038.6,7151.41,2316.5717136105945,2251.322808376295,2283.9472609934446,4867.462739006555
TR-046615,2025-10-23,october,Flatbed,2824.2,5187.81,5492.833715587172,5583.690211308695,5538.261963447934,350.45196344793385
TR-046616,2025-10-23,october,Dry Van,531.6,1237.21,1248.3294107397687,1229.2503549010453,1238.789882820407,1.579882820406965
TR-046617,2025-10-23,october,Dry Van,2116.9,4052.55,4023.986846409491,3974.4836732984722,3999.235259853982,53.314740146018266
TR-046618,2025-10-23,october,Dry Van,917.0,1794.23,1830.8812548060685,1806.5725363990764,1818.7268956025723,24.496895602572295
TR-046619,2025-10-23,october,Flatbed,2310.1,4903.84,4695.172818678754,4914.0554397274445,4804.614129203099,99.22587079690129
TR-046620,2025-10-23,october,Flatbed,1149.9,2588.61,2650.0343118068618,2680.685114990083,2665.359713398472,76.74971339847207
TR-046621,2025-10-23,october,Flatbed,409.6,1006.81,1080.8908905237383,1070.5351382617723,1075.7130143927552,68.90301439275527
TR-046622,2025-10-23,october,Reefer,908.9,2132.94,2165.969196354527,2093.812785927095,2129.890991140811,3.0490088591891435
TR-046623,2025-10-23,october,Reefer,1130.0,2449.96,2486.1397689010205,2417.103632052188,2451.621700476604,1.6617004766039827
TR-046624,2025-10-23,october,Dry Van,689.6,1644.47,1589.0958233994768,1603.172012251036,1596.1339178252565,48.336082174743524
TR-046625,2025-10-23,october,Dry Van,2299.0,4481.13,4403.344201946921,4374.471458427728,4388.907830187325,92.22216981267502
TR-046626,2025-10-23,october,Dry Van,1991.7,4032.37,3948.089982676079,3914.42029132173,3931.2551369989046,101.11486300109527
TR-046627,2025-10-23,october,Dry Van,2139.9,4170.26,4181.597812995831,4178.7634619600285,4180.18063747793,9.920637477929631
TR-046628,2025-10-23,october,Dry Van,467.8,1009.38,1010.8196113080099,989.5925299155958,1000.2060706118029,9.173929388197053
TR-046629,2025-10-23,october,Dry Van,2256.4,4048.53,4050.6325468866617,3974.1873719626838,4012.4099594246727,36.120040575327494
TR-046630,2025-10-23,october,Dry Van,843.5,1971.47,1905.4680751573665,1897.3265901397751,1901.3973326485707,70.07266735142935
TR-046631,2025-10-23,october,Reefer,396.1,1011.13,1053.0956429320854,1033.032915344581,1043.0642791383332,31.93427913833318
TR-046632,2025-10-23,october,Reefer,909.9,2157.52,2178.3886192337955,2167.863777865898,2173.126198549847,15.606198549846795
TR-046633,2025-10-23,october,Dry Van,1845.8,3353.42,3332.2758841248724,3383.2641031421954,3357.769993633534,4.349993633533813
TR-046634,2025-10-23,october,Reefer,1000.9,2241.31,2305.452471624758,2228.5148863357053,2266.9836789802316,25.67367898023167
TR-046635,2025-10-23,october,Reefer,835.2,1890.04,1960.980704107975,1959.6238696303888,1960.302286869182,70.26228686918193
TR-046636,2025-10-23,october,Reefer,428.9,1191.43,1190.6481317447237,1169.2228768871787,1179.9355043159512,11.494495684048843
TR-046637,2025-10-23,october,Dry Van,150.9,380.11,404.3970965991922,381.5213879513158,392.959242275254,12.849242275253971
TR-046638,2025-10-23,october,Reefer,465.4,1158.68,1213.7409192546227,1184.8322279117917,1199.2865735832072,40.60657358320714
TR-046639,2025-10-23,october,Dry Van,897.3,1884.25,1834.8152735966917,1837.3693077265448,1836.0922906616183,48.157709338381665
TR-046640,2025-10-23,october,Dry Van,1006.0,2046.68,2020.4400594562062,2009.8810095680283,2015.1605345121172,31.519465487882826
TR-046641,2025-10-23,october,Dry Van,2637.6,5011.38,4807.266634326522,4824.838406918487,4816.052520622505,195.32747937749537
TR-046642,2025-10-23,october,Reefer,2343.7,5139.92,5091.014060184669,5199.234230668792,5145.124145426731,5.204145426730975
TR-046643,2025-10-23,october,Reefer,523.3,1342.34,1374.1690011310625,1338.9032966448258,1356.5361488879441,14.196148887944219
TR-046644,2025-10-23,october,Reefer,2416.0,5367.21,5170.4025949425295,5251.578048987722,5210.990321965126,156.21967803487405
TR-046645,2025-10-23,october,Dry Van,2474.7,4407.32,4484.527847925885,4383.025192318566,4433.7765201222255,26.45652012222581
TR-046646,2025-10-23,october,Dry Van,398.6,910.72,922.8010245832071,916.1647116087026,919.4828680959549,8.7628680959549
TR-046647,2025-10-23,october,Reefer,748.4,1780.1,1823.5166408264072,1837.1669771542051,1830.3418089903062,50.241808990306254
TR-046648,2025-10-23,october,Flatbed,381.7,1003.47,1039.9413031782642,1028.872568258397,1034.4069357183307,30.936935718330687
TR-046649,2025-10-23,october,Dry Van,847.2,1667.28,1697.1053864544797,1680.2112727335375,1688.6583295940086,21.37832959400862
TR-046650,2025-10-23,october,Dry Van,498.1,1159.83,1124.550653394301,1118.6993745246486,1121.625013959475,38.204986040525
TR-046651,2025-10-23,october,Dry Van,2517.9,4641.2,4610.538519400633,4609.831785002954,4610.185152201793,31.014847798206574
TR-046652,2025-10-23,october,Flatbed,994.2,2204.92,2284.983732356765,2227.5782658155176,2256.2809990861415,51.36099908614142
TR-046653,2025-10-23,october,Dry Van,529.6,1142.58,1142.246227591786,1135.4155948776188,1138.8309112347024,3.749088765297529
TR-046654,2025-10-23,october,Dry Van,1550.1,3071.49,3135.437900141308,3121.8870036464104,3128.6624518938593,57.17245189385949
TR-046655,2025-10-23,october,Dry Van,134.5,363.25,377.8242312063867,370.03145296251773,373.9278420844522,10.677842084452209
TR-046656,2025-10-23,october,Dry Van,485.6,1041.25,1052.3901575367263,1038.5688230372643,1045.4794902869953,4.229490286995315
TR-046657,2025-10-23,october,Dry Van,70.0,206.33,224.10647753107523,234.85619947565738,229.48133850336632,23.151338503366304
TR-046658,2025-10-23,october,Flatbed,713.8,1676.94,1763.3016006544826,1755.9279948999235,1759.614797777203,82.67479777720291
TR-046659,2025-10-23,october,Dry Van,813.3,1745.14,1718.3943894268234,1755.4856749947273,1736.9400322107754,8.19996778922473
TR-046660,2025-10-23,october,Dry Van,415.3,859.39,883.2811085824292,881.6691300477335,882.4751193150813,23.08511931508133
TR-046661,2025-10-23,october,Reefer,864.1,2021.14,2026.6570646336168,2016.5981531017324,2021.6276088676746,0.487608867674453
TR-046662,2025-10-23,october,Flatbed,638.0,1470.99,1502.8703696356142,1475.0841048868224,1488.9772372612183,17.987237261218297
TR-046663,2025-10-23,october,Dry Van,484.5,1089.06,1094.8246130226528,1090.0755455003846,1092.4500792615186,3.390079261518622
TR-046664,2025-10-23,october,Flatbed,1285.7,2824.36,2858.42683606026,2839.911606259334,2849.169221159797,24.809221159796834
TR-046665,2025-10-23,october,Reefer,499.8,1336.62,1352.3322757651022,1346.0161883049263,1349.1742320350143,12.554232035014365
TR-046666,2025-10-23,october,Flatbed,1202.1,2595.2,2711.185046790162,2602.510140995637,2656.8475938928996,61.64759389289975
TR-046667,2025-10-23,october,Reefer,1735.6,3908.33,3892.50511946008,3913.003844598923,3902.7544820295016,5.5755179704983675
TR-046668,2025-10-23,october,Dry Van,1643.6,9305.14,3037.127817348468,3106.7620459360646,3071.944931642266,6233.195068357733
TR-046669,2025-10-23,october,Dry Van,1109.2,2133.09,2061.7055340154557,2130.75812211127,2096.2318280633626,36.85817193663752
TR-046670,2025-10-23,october,Flatbed,913.5,2152.1,2127.11222437992,2111.1843353083723,2119.148279844146,32.951720155853764
TR-046671,2025-10-23,october,Dry Van,2021.2,849.97,3940.193855213295,3834.599531926475,3887.396693569885,3037.426693569885
TR-046672,2025-10-23,october,Reefer,1292.7,2949.86,2992.445848134546,2993.435458854445,2992.9406534944956,43.08065349449544
TR-046673,2025-10-23,october,Reefer,366.6,969.41,966.3896616304925,943.9368052323166,955.1632334314045,14.24676656859549
TR-046674,2025-10-23,october,Reefer,100.5,321.41,297.2061654743875,350.8559194491188,324.03104246175315,2.6210424617531203
TR-046675,2025-10-23,october,Dry Van,2161.9,4139.61,4092.708369192658,4012.131997945945,4052.4201835693016,87.1898164306981
TR-046676,2025-10-23,october,Dry Van,1591.9,3197.79,3142.560886331832,3094.2378817204444,3118.3993840261383,79.39061597386171
TR-046677,2025-10-23,october,Dry Van,745.4,1596.29,1567.0021883236413,1566.8725397224534,1566.9373640230474,29.35263597695257
TR-046678,2025-10-23,october,Reefer,958.0,2167.17,2263.9029123156733,2225.6935250758297,2244.7982186957515,77.62821869575146
TR-046679,2025-10-23,october,Flatbed,560.2,1306.45,1336.8174172301776,1350.1802297651748,1343.4988234976763,37.04882349767627
TR-046680,2025-10-23,october,Dry Van,506.5,1080.08,1070.3534919363665,1033.637576217708,1051.9955340770373,28.084465922962636
TR-046681,2025-10-23,october,Flatbed,755.3,1786.5,1845.2173491325955,1792.4896308169455,1818.8534899747706,32.35348997477058
TR-046682,2025-10-23,october,Reefer,1999.9,4514.59,4479.788905103914,4446.209402101436,4462.9991536026755,51.59084639732464
TR-046683,2025-10-23,october,Dry Van,833.7,1693.15,1696.2791047282387,1681.329404952357,1688.8042548402977,4.345745159702346
TR-046684,2025-10-23,october,Flatbed,588.2,1431.47,1523.9566321594625,1504.532636911355,1514.2446345354087,82.77463453540872
TR-046685,2025-10-23,october,Dry Van,688.7,1443.55,1416.5248462141687,1426.4959617082975,1421.5104039612331,22.03959603876683
TR-046686,2025-10-23,october,Dry Van,197.2,546.54,536.4394169256278,531.7881384115788,534.1137776686032,12.42622233139673
TR-046687,2025-10-23,october,Reefer,580.2,1462.18,1495.6973841064414,1445.073922739059,1470.3856534227502,8.205653422750174
TR-046688,2025-10-23,october,Dry Van,633.4,1377.08,1351.8321247999336,1357.3482277228536,1354.5901762613935,22.489823738606447
TR-046689,2025-10-23,october,Flatbed,2732.4,5099.7,5068.285585516384,5254.296759518691,5161.291172517538,61.591172517538325
TR-046690,2025-10-23,october,Dry Van,2513.6,4880.25,4709.084570266023,4695.710090830015,4702.397330548019,177.85266945198055
TR-046691,2025-10-23,october,Reefer,1480.5,3442.11,3465.395945101589,3311.507136649303,3388.451540875446,53.658459124554156
TR-046692,2025-10-23,october,Dry Van,1664.5,3305.45,3232.693286669036,3191.1990999362138,3211.946193302625,93.50380669737478
TR-046693,2025-10-23,october,Dry Van,1148.2,2266.92,2230.0750851643984,2242.6832985353108,2236.3791918498546,30.540808150145494
TR-046694,2025-10-23,october,Flatbed,1184.5,2714.72,2736.188380826118,2790.017811816993,2763.1030963215553,48.38309632155551
TR-046695,2025-10-23,october,Dry Van,532.0,1242.06,1238.8643969166203,1225.663798739864,1232.264097828242,9.795902171757916
TR-046696,2025-10-23,october,Dry Van,837.5,1845.46,1843.5700092478642,1849.3374097857518,1846.453709516808,0.9937095168079395
TR-046697,2025-10-23,october,Reefer,1092.5,2500.44,2522.2857093671482,2467.1056694890062,2494.6956894280775,5.744310571922597
TR-046698,2025-10-23,october,Dry Van,160.0,413.84,427.7168528979639,419.3795300823051,423.5481914901345,9.708191490134539
TR-046699,2025-10-23,october,Reefer,665.5,1587.93,1632.288992954597,1584.2284364013303,1608.2587146779638,20.328714677963717
TR-046700,2025-10-23,october,Flatbed,491.9,1253.74,1318.9381383464788,1292.9083980367382,1305.9232681916085,52.18326819160848
TR-046701,2025-10-23,october,Flatbed,1629.8,3568.3,3579.3178663387766,3576.3526133295845,3577.8352398341804,9.535239834180175
TR-046702,2025-10-23,october,Dry Van,1508.0,3088.52,3003.2651743096612,2888.040404781278,2945.6527895454697,142.86721045453032
TR-046703,2025-10-23,october,Dry Van,517.2,1125.09,1097.417446921896,1091.5208612892304,1094.4691541055631,30.620845894436798
TR-046704,2025-10-23,october,Dry Van,887.0,2035.6,1967.9131501822742,1955.7462828429802,1961.8297165126273,73.77028348737258
TR-046705,2025-10-23,october,Dry Van,542.3,1169.61,1168.285151244896,1141.5372463000683,1154.9111987724823,14.698801227517606
TR-046706,2025-10-23,october,Dry Van,2027.0,3717.95,3739.737907932449,3636.899174429358,3688.3185411809036,29.631458819096224
TR-046707,2025-10-23,october,Dry Van,2004.4,3829.0,3726.7608419350495,3748.5119105520453,3737.6363762435476,91.3636237564524
TR-046708,2025-10-23,october,Dry Van,451.2,1075.14,1074.7399706306762,1060.6176781629754,1067.6788243968258,7.461175603174297
TR-046709,2025-10-23,october,Dry Van,2120.3,4018.27,4113.578692677614,4087.9780653986604,4100.778379038137,82.50837903813726
TR-046710,2025-10-23,october,Dry Van,622.1,1428.98,1396.2049728664283,1378.429004311613,1387.3169885890206,41.66301141097938
TR-046711,2025-10-23,october,Dry Van,2168.0,4100.18,4012.0360657493984,3996.6666459382077,4004.351355843803,95.82864415619724
TR-046712,2025-10-23,october,Reefer,1209.1,2780.68,2802.8888232780314,2769.4938419893633,2786.191332633697,5.511332633697293
TR-046713,2025-10-23,october,Dry Van,677.2,1518.72,1506.470811823168,1472.590406515314,1489.530609169241,29.189390830759066
TR-046714,2025-10-23,october,Reefer,948.2,2200.86,2192.4830676141264,2204.613277743759,2198.548172678943,2.3118273210570806
TR-046715,2025-10-23,october,Dry Van,1038.4,2308.44,2277.6584666041986,2265.000138303816,2271.329302454007,37.110697545992934
TR-046716,2025-10-23,october,Flatbed,410.9,1109.65,1117.202652980842,1119.1647045381696,1118.1836787595057,8.53367875950562
TR-046717,2025-10-23,october,Dry Van,2845.4,5354.03,5243.858006509238,5223.9759632298355,5233.9169848695365,120.11301513046328
TR-046718,2025-10-23,october,Dry Van,439.1,972.57,983.6814264942772,972.7873120329007,978.2343692635889,5.66436926358881
TR-046719,2025-10-23,october,Dry Van,277.5,722.84,709.0040839488777,691.3458170558438,700.1749505023607,22.665049497639302
TR-046720,2025-10-23,october,Flatbed,616.7,572.98,1465.075192162325,1446.9615498244752,1456.0183709934001,883.0383709934001
TR-046721,2025-10-23,october,Flatbed,348.2,921.11,985.1127800141614,982.7486461467611,983.9307130804613,62.820713080461246
TR-046722,2025-10-23,october,Dry Van,2100.1,4135.5,4054.104370102862,4002.6211956946427,4028.3627828987524,107.13721710124764
TR-046723,2025-10-23,october,Dry Van,2980.2,5618.27,5431.7535146454375,5411.531001498627,5421.642258072032,196.6277419279686
TR-046724,2025-10-23,october,Dry Van,230.8,612.01,594.0547736127997,582.675866446335,588.3653200295673,23.644679970432662
TR-046725,2025-10-23,october,Flatbed,599.8,1371.1,1442.4507991110934,1422.4637864144147,1432.4572927627542,61.35729276275424
TR-046726,2025-10-23,october,Dry Van,509.1,1230.04,1228.440728135115,1231.3559868769687,1229.898357506042,0.14164249395798834
TR-046727,2025-10-23,october,Flatbed,661.5,1563.23,1610.7418471327774,1568.2812166507952,1589.5115318917863,26.281531891786244
TR-046728,2025-10-23,october,Dry Van,2436.5,4268.73,4409.600622011869,4302.327299055848,4355.963960533858,87.23396053385841
TR-046729,2025-10-23,october,Reefer,955.2,2114.63,2210.599124503416,2186.237585369536,2198.418354936476,83.78835493647603
TR-046730,2025-10-23,october,Dry Van,447.5,990.67,1008.7600696421111,980.026694480975,994.3933820615431,3.723382061543134
TR-046731,2025-10-23,october,Dry Van,479.3,4635.85,1132.133260108451,1113.090743759291,1122.612001933871,3513.2379980661294
TR-046732,2025-10-23,october,Dry Van,1190.0,2393.29,2325.1422699425907,2316.1321616910764,2320.6372158168333,72.65278418316666
TR-046733,2025-10-23,october,Flatbed,2310.6,4605.7,4503.025658234684,4630.321331811958,4566.67349502332,39.02650497667946
TR-046734,2025-10-23,october,Reefer,2415.1,4970.7,4936.987414857384,4943.82559009972,4940.406502478552,30.293497521447534
TR-046735,2025-10-23,october,Dry Van,586.3,1245.2,1251.1418598452858,1227.6819729346566,1239.4119163899713,5.788083610028707
TR-046736,2025-10-23,october,Flatbed,2367.8,4815.53,4820.700338177547,4904.333707539667,4862.517022858607,46.987022858606906
TR-046737,2025-10-23,october,Dry Van,790.3,1624.97,1641.9217161674808,1600.3322684310767,1621.1269922992788,3.843007700721273
TR-046738,2025-10-23,october,Dry Van,2799.4,5035.02,5047.018115569049,4973.990214776379,5010.504165172713,24.515834827287108
TR-046739,2025-10-23,october,Dry Van,940.3,1853.8,1893.3490506808391,1870.8588594552293,1882.1039550680343,28.303955068034384
TR-046740,2025-10-23,october,Dry Van,2003.5,3895.0,3879.658316770091,3824.910130398208,3852.2842235841495,42.71577641585054
TR-046741,2025-10-23,october,Flatbed,2451.1,5150.17,5040.24282566129,5269.090422321519,5154.666623991405,4.496623991404704
TR-046742,2025-10-23,october,Flatbed,500.4,1112.23,1164.81161140282,1158.5639518338373,1161.6877816183287,49.45778161832868
TR-046743,2025-10-23,october,Dry Van,275.2,654.13,668.151902878875,649.1282397364437,658.6400713076594,4.510071307659359
TR-046744,2025-10-23,october,Dry Van,219.1,583.45,566.9790911504139,570.198487798443,568.5887894744285,14.86121052557155
TR-046745,2025-10-23,october,Reefer,695.5,1596.84,1650.7470710736125,1636.859795402434,1643.8034332380232,46.9634332380233
TR-046746,2025-10-23,october,Reefer,1681.0,3731.56,3693.759999724351,3651.0735849295515,3672.4167923269515,59.14320767304844
TR-046747,2025-10-23,october,Dry Van,364.3,863.63,870.7580372744158,866.9677192259005,868.8628782501581,5.232878250158137
TR-046748,2025-10-23,october,Dry Van,2049.1,3944.99,3908.3436871814856,3781.6637709301085,3845.003729055797,99.98627094420272
TR-046749,2025-10-23,october,Dry Van,1113.4,2142.57,2119.719494850264,2100.049542765313,2109.8845188077885,32.68548119221168
TR-046750,2025-10-23,october,Dry Van,383.7,924.83,925.953229810714,923.1416068012768,924.5474183059954,0.28258169400464794
TR-046751,2025-10-23,october,Reefer,929.1,2187.86,2217.4027793367654,2217.250679105717,2217.3267292212413,29.466729221241167
TR-046752,2025-10-23,october,Dry Van,2433.2,4645.48,4538.936866175914,4479.789192651777,4509.363029413846,136.1169705861539
TR-046753,2025-10-23,october,Dry Van,687.4,1480.07,1439.692464647934,1431.5398342879516,1435.6161494679427,44.45385053205723
TR-046754,2025-10-23,october,Dry Van,785.0,1706.94,1701.5638295712968,1701.2431474427253,1701.403488507011,5.536511492989121
TR-046755,2025-10-23,october,Dry Van,1876.2,3748.08,3801.2659742169412,3736.7426896591865,3769.004331938064,20.924331938063915
TR-046756,2025-10-23,october,Dry Van,866.3,1852.24,1812.7202891605004,1798.125222111125,1805.4227556358128,46.81724436418722
TR-046757,2025-10-23,october,Dry Van,1235.4,2619.79,2594.309030143864,2559.563147381942,2576.936088762903,42.85391123709678
TR-046758,2025-10-23,october,Reefer,374.3,939.94,960.8811408030349,974.3949646147166,967.6380527088758,27.698052708875707
TR-046759,2025-10-23,october,Dry Van,434.4,1062.75,1061.987738990348,1078.0436884858177,1070.015713738083,7.265713738082923
TR-046760,2025-10-23,october,Dry Van,465.8,1153.14,1149.8877501086276,1138.7270074721264,1144.307378790377,8.832621209623085
TR-046761,2025-10-23,october,Flatbed,1771.3,3789.36,3854.6772910289483,3845.667274164377,3850.1722825966626,60.8122825966625
TR-046762,2025-10-23,october,Reefer,185.8,596.86,596.8834982587167,590.0426303341819,593.4630642964494,3.396935703550639
TR-046763,2025-10-23,october,Dry Van,1490.2,3084.04,3067.9978314972273,2856.266998557675,2962.1324150274513,121.90758497254865
TR-046764,2025-10-23,october,Dry Van,508.3,1255.82,1229.5092189077666,1197.8546568554593,1213.681937881613,42.13806211838687
TR-046765,2025-10-23,october,Flatbed,693.2,1761.27,1833.8155979658245,1747.1032543657136,1790.459426165769,29.189426165768964
TR-046766,2025-10-23,october,Reefer,916.9,2288.92,2331.654369175526,2258.063292213252,2294.8588306943893,5.938830694389253
TR-046767,2025-10-23,october,Dry Van,1066.2,2211.88,2263.0319981764474,2184.216081840186,2223.6240400083166,11.74404000831646
TR-046768,2025-10-24,october,Dry Van,1451.4,3003.33,2977.5076174462442,2959.542469686438,2968.525043566341,34.804956433658845
TR-046769,2025-10-24,october,Flatbed,1612.3,3553.74,3514.4755474305994,3487.9683386218685,3501.221943026234,52.51805697376585
TR-046770,2025-10-24,october,Dry Van,1054.4,2133.6,2161.557478422064,2145.393211173073,2153.475344797568,19.875344797568232
TR-046771,2025-10-24,october,Dry Van,1087.7,2137.08,2072.9425492597525,2134.0609394621347,2103.5017443609436,33.57825563905635
TR-046772,2025-10-24,october,Dry Van,376.5,882.15,879.5530933608308,890.8201422903121,885.1866178255714,3.0366178255713976
TR-046773,2025-10-24,october,Dry Van,207.0,568.79,572.7752802609009,560.4601802544819,566.6177302576914,2.172269742308572
TR-046774,2025-10-24,october,Flatbed,2586.1,5267.14,5088.9956679549405,5084.913626551735,5086.954647253338,180.18535274666192
TR-046775,2025-10-24,october,Flatbed,2632.8,5090.24,5139.981615370851,5336.159918180344,5238.070766775598,147.83076677559802
TR-046776,2025-10-24,october,Dry Van,345.9,842.01,850.3940889217104,841.0159508465874,845.7050198841489,3.6950198841489055
TR-046777,2025-10-24,october,Dry Van,615.8,1398.76,1406.627960350604,1376.0725606414426,1391.3502604960233,7.4097395039766525
TR-046778,2025-10-24,october,Dry Van,1001.8,537.57,2075.0172622160076,2070.867379110294,2072.942320663151,1535.3723206631507
TR-046779,2025-10-24,october,Dry Van,1832.4,3574.44,3630.459169383273,3569.594439718825,3600.0268045510493,25.586804551049227
TR-046780,2025-10-24,october,Reefer,818.5,1894.78,1959.7101121654005,1935.307822796856,1947.5089674811284,52.72896748112839
TR-046781,2025-10-24,october,Dry Van,435.1,1015.18,1011.5302838098005,1037.871009364145,1024.7006465869727,9.520646586972703
TR-046782,2025-10-24,october,Reefer,836.0,2059.56,2133.4784080049317,2102.7246439749156,2118.1015259899236,58.541525989923684
TR-046783,2025-10-24,october,Dry Van,201.7,526.96,554.203677625181,552.6564283027124,553.4300529639467,26.470052963946614
TR-046784,2025-10-24,october,Reefer,726.1,1841.3,1816.5403267952722,1797.7674319945918,1807.1538793949321,34.146120605067836
TR-046785,2025-10-24,october,Dry Van,572.4,1316.74,1360.360729912542,1338.6887097491017,1349.5247198308218,32.784719830821814
TR-046786,2025-10-24,october,Reefer,721.5,1620.85,1649.5070328501854,1638.2135000901353,1643.8602664701602,23.01026647016033
TR-046787,2025-10-24,october,Reefer,654.4,1602.69,1663.3093082117286,1652.278138796371,1657.79372350405,55.10372350404987
TR-046788,2025-10-24,october,Dry Van,725.4,1542.94,1533.5219198316775,1509.9260944314237,1521.7240071315505,21.215992868449575
TR-046789,2025-10-24,october,Dry Van,444.8,1030.9,1046.7482991656059,1023.6829524954585,1035.2156258305322,4.315625830532099
TR-046790,2025-10-24,october,Dry Van,334.9,848.27,852.2040137864836,848.585435488892,850.3947246376879,2.1247246376879048
TR-046791,2025-10-24,october,Reefer,859.7,1942.11,2026.26625611639,2021.976902036964,2024.1215790766769,82.01157907667698
TR-046792,2025-10-24,october,Dry Van,449.4,1080.16,1096.805431950582,1076.3593016976956,1086.5823668241387,6.422366824138635
TR-046793,2025-10-24,october,Dry Van,201.1,539.01,551.5225922032802,550.0184662698409,550.7705292365606,11.760529236560615
TR-046794,2025-10-24,october,Dry Van,732.2,1612.83,1566.1925757474085,1585.5969129926195,1575.894744370014,36.93525562998593
TR-046795,2025-10-24,october,Dry Van,580.7,1313.54,1288.140513903422,1274.2831068253809,1281.2118103644016,32.32818963559839
TR-046796,2025-10-24,october,Dry Van,1148.2,2270.13,2327.341165689819,2303.103375075296,2315.2222703825573,45.09227038255722
TR-046797,2025-10-24,october,Dry Van,3071.2,5919.08,5669.820236182423,5794.915113298486,5732.367674740455,186.71232525954474
TR-046798,2025-10-24,october,Flatbed,611.9,1522.89,1519.8856470246467,1513.2291781315812,1516.557412578114,6.332587421886046
TR-046799,2025-10-24,october,Dry Van,2097.2,4063.42,4097.725966518955,4140.083979799064,4118.904973159009,55.484973159009314
TR-046800,2025-10-24,october,Reefer,811.1,2003.53,2005.2596561696205,1979.9722492873325,1992.6159527284765,10.914047271523486
TR-046801,2025-10-24,october,Dry Van,1204.1,2485.6,2528.8988984096563,2473.1643820463864,2501.0316402280214,15.431640228021479
TR-046802,2025-10-24,october,Dry Van,2800.4,4817.06,5005.844832368927,4774.325843076313,4890.085337722619,73.02533772261904
TR-046803,2025-10-24,october,Reefer,2776.7,5560.64,5619.575012465537,5548.161230931131,5583.868121698334,23.22812169833378
TR-046804,2025-10-24,october,Dry Van,341.2,786.95,800.2811980068636,784.5423330611372,792.4117655340004,5.461765534000392
TR-046805,2025-10-24,october,Dry Van,334.7,831.97,858.7317408628592,855.8836738799423,857.3077073714007,25.33770737140071
TR-046806,2025-10-24,october,Dry Van,1158.2,2488.38,2451.540599753418,2379.4413456954403,2415.4909727244294,72.8890272755707
TR-046807,2025-10-24,october,Reefer,1579.0,3544.56,3500.120418191616,3430.217742384614,3465.169080288115,79.39091971188509
TR-046808,2025-10-24,october,Dry Van,744.7,1578.16,1557.5539509879623,1585.964951273469,1571.7594511307157,6.400548869284421
TR-046809,2025-10-24,october,Reefer,2946.0,6105.86,5776.228882365084,5846.781513023974,5811.505197694529,294.3548023054709
TR-046810,2025-10-24,october,Dry Van,2235.7,4422.7,4310.15881164347,4249.299778801274,4279.7292952223725,142.97070477762736
TR-046811,2025-10-24,october,Reefer,820.2,2020.54,2026.6548006447647,1932.0460014329242,1979.3504010388444,41.189598961155525
TR-046812,2025-10-24,october,Reefer,2713.3,5842.97,5573.458454955585,5584.175606753761,5578.817030854672,264.1529691453279
TR-046813,2025-10-24,october,Dry Van,1455.9,2829.31,2852.9476465225607,2850.094256309522,2851.5209514160415,22.210951416041553
TR-046814,2025-10-24,october,Dry Van,1994.1,4112.14,4041.794218382257,3984.4777226985248,4013.135970540391,99.00402945960923
TR-046815,2025-10-24,october,Dry Van,1650.7,3326.87,3337.335602934384,3312.8985754826126,3325.1170892084983,1.752910791501563
TR-046816,2025-10-24,october,Flatbed,1143.1,2364.43,2425.7679510648727,2382.71555387237,2404.2417524686216,39.81175246862176
TR-046817,2025-10-24,october,Reefer,132.4,410.84,414.2835801239421,439.19199065583507,426.7377853898886,15.897785389888611
TR-046818,2025-10-24,october,Dry Van,567.9,1273.33,1223.4614068555106,1213.625828597343,1218.5436177264269,54.786382273573054
TR-046819,2025-10-24,october,Reefer,1019.9,2496.4,2407.585266325878,2345.9699956695645,2376.777630997721,119.6223690022789
TR-046820,2025-10-24,october,Dry Van,977.6,1930.19,1921.4961021273648,1924.0856148412718,1922.7908584843183,7.399141515681777
TR-046821,2025-10-24,october,Dry Van,1166.0,2322.58,2310.33123422785,2335.0129297020735,2322.6720819649618,0.09208196496183518
TR-046822,2025-10-24,october,Reefer,1295.4,2919.45,3026.019553423325,3019.0933724902343,3022.55646295678,103.10646295677998
TR-046823,2025-10-24,october,Reefer,405.6,1032.25,1069.2427545165676,1059.9910555425633,1064.6169050295655,32.36690502956549
TR-046824,2025-10-24,october,Dry Van,331.8,781.04,779.2389159734956,781.9729596195816,780.6059377965387,0.43406220346128066
TR-046825,2025-10-24,october,Dry Van,387.9,856.78,875.0038085943047,850.2355652816227,862.6196869379637,5.839686937963734
TR-046826,2025-10-24,october,Flatbed,976.0,2152.48,2211.4515119818425,2227.939081901576,2219.6952969417093,67.21529694170931
TR-046827,2025-10-24,october,Reefer,371.7,914.61,931.873921668705,907.815848200901,919.844884934803,5.234884934802949
TR-046828,2025-10-24,october,Dry Van,1717.1,3218.52,3262.2502470669792,3225.688687666152,3243.9694673665654,25.449467366565386
TR-046829,2025-10-24,october,Dry Van,481.2,1056.33,1061.5639072639915,1063.7511475772449,1062.6575274206182,6.327527420618253
TR-046830,2025-10-24,october,Dry Van,94.1,247.16,273.88916376216804,277.991973188633,275.9405684754005,28.780568475400486
TR-046831,2025-10-24,october,Reefer,445.6,1241.29,1250.8237999442974,1225.730591665531,1238.2771958049143,3.012804195085664
TR-046832,2025-10-24,october,Dry Van,1666.9,3273.81,3319.639687100526,3276.3225829154258,3297.981135007976,24.171135007975863
TR-046833,2025-10-24,october,Dry Van,1057.7,2064.72,2059.0333673207483,2009.5892571505894,2034.311312235669,30.408687764330807
TR-046834,2025-10-24,october,Dry Van,623.0,1351.0,1354.2692063768693,1368.3230928928958,1361.2961496348826,10.296149634882568
TR-046835,2025-10-24,october,Dry Van,1169.9,2366.54,2393.1843001962447,2398.228352988831,2395.706326592538,29.1663265925381
TR-046836,2025-10-24,october,Dry Van,721.5,1549.05,1555.1539134184816,1537.4013578610543,1546.277635639768,2.7723643602319044
TR-046837,2025-10-24,october,Dry Van,901.2,1963.48,1922.343795299104,1904.5452671813778,1913.4445312402408,50.03546875975917
TR-046838,2025-10-24,october,Reefer,981.1,2183.37,2227.2008974906325,2218.2393047937,2222.720101142166,39.350101142166295
TR-046839,2025-10-24,october,Dry Van,2328.4,4612.68,4462.313450011328,4273.191529298145,4367.752489654737,244.92751034526373
TR-046840,2025-10-24,october,Reefer,446.8,1146.4,1180.9501792345084,1171.2440201091767,1176.0970996718424,29.697099671842352
TR-046841,2025-10-24,october,Dry Van,2873.6,5041.36,5088.472888857808,5023.951252057403,5056.2120704576055,14.852070457605805
TR-046842,2025-10-24,october,Dry Van,2481.8,4460.36,4521.469067543131,4552.978495273452,4537.223781408291,76.86378140829129
TR-046843,2025-10-24,october,Flatbed,875.0,2027.34,2047.7877864047723,2043.7926298756356,2045.790208140204,18.45020814020404
TR-046844,2025-10-24,october,Reefer,347.0,906.44,936.1422041730051,889.1679576531062,912.6550809130556,6.215080913055544
TR-046845,2025-10-24,october,Reefer,2333.7,5016.76,5052.794371783876,5104.883363988745,5078.83886788631,62.078867886310036
TR-046846,2025-10-24,october,Reefer,1801.3,3947.41,4019.136373955325,4007.120562084325,4013.128468019825,65.7184680198252
TR-046847,2025-10-24,october,Reefer,105.2,347.45,366.3760890074363,366.5490372408035,366.4625631241199,19.012563124119936
TR-046848,2025-10-24,october,Dry Van,722.9,1544.49,1525.1460885668296,1526.4902500967346,1525.818169331782,18.671830668218035
TR-046849,2025-10-24,october,Reefer,1295.1,2957.02,2907.3132770328684,2924.2411831538157,2915.777230093342,41.24276990665794
TR-046850,2025-10-24,october,Dry Van,1021.1,2004.06,1924.4649606595012,1924.5866557195097,1924.5258081895054,79.53419181049458
TR-046851,2025-10-24,october,Dry Van,2770.4,5197.41,5141.885060547864,5141.24290355945,5141.563982053656,55.846017946343636
TR-046852,2025-10-24,october,Dry Van,484.7,1037.31,1016.868284832337,1030.893279420627,1023.880782126482,13.429217873517928
TR-046853,2025-10-24,october,Dry Van,2573.2,4484.15,4701.840796084951,4621.16336318757,4661.5020796362605,177.3520796362609
TR-046854,2025-10-24,october,Dry Van,1093.0,2182.45,2147.5800016559597,2193.3631648692467,2170.4715832626034,11.978416737396401
TR-046855,2025-10-24,october,Flatbed,810.9,1961.82,2008.491345750357,1988.4199700697106,1998.4556579100338,36.63565791003384
TR-046856,2025-10-24,october,Dry Van,792.9,1764.57,1773.3934492209046,1764.7754674161686,1769.0844583185367,4.514458318536754
TR-046857,2025-10-24,october,Dry Van,2091.6,3778.16,3799.1046830586997,3759.482595835367,3779.2936394470335,1.1336394470336018
TR-046858,2025-10-24,october,Reefer,2048.7,4545.43,4519.757971442436,4550.511917238488,4535.134944340462,10.295055659537866
TR-046859,2025-10-24,october,Dry Van,1429.4,2828.93,2933.6753688634512,2841.1394745570215,2887.407421710236,58.477421710236285
TR-046860,2025-10-24,october,Dry Van,1186.7,2500.76,2423.157331111844,2421.8727894152244,2422.515060263534,78.24493973646622
TR-046861,2025-10-24,october,Dry Van,1831.3,3571.42,3581.722968977751,3494.2456874800214,3537.984328228886,33.4356717711139
TR-046862,2025-10-24,october,Flatbed,472.6,1177.33,1221.2328892150988,1236.8099804135738,1229.0214348143363,51.69143481433639
TR-046863,2025-10-24,october,Flatbed,874.8,2040.47,2077.7930857103456,2043.350915502422,2060.572000606384,20.102000606383854
TR-046864,2025-10-24,october,Dry Van,973.0,2075.72,2071.382156911424,2049.0761425151436,2060.2291497132837,15.490850286716068
TR-046865,2025-10-24,october,Reefer,1554.5,3351.21,3466.851716427138,3392.2473376296903,3429.549527028414,78.33952702841407
TR-046866,2025-10-24,october,Dry Van,1746.4,3446.99,3559.802911113789,3495.108862628827,3527.455886871308,80.46588687130816
TR-046867,2025-10-24,october,Dry Van,444.2,1019.9,1033.009282888158,1036.3548490227467,1034.6820659554523,14.782065955452367
TR-046868,2025-10-24,october,Flatbed,271.9,691.24,738.6269852990441,728.2461547353571,733.4365700172007,42.196570017200656
TR-046869,2025-10-24,october,Dry Van,293.7,721.17,738.3309390215082,743.0056535688402,740.6682962951743,19.498296295174327
TR-046870,2025-10-24,october,Flatbed,2060.1,4280.56,4366.28628996147,4370.382727656997,4368.334508809234,87.77450880923334
TR-046871,2025-10-24,october,Dry Van,2184.0,4269.87,4191.400724541251,4209.993101477687,4200.696913009469,69.17308699053046
TR-046872,2025-10-24,october,Reefer,428.0,1132.72,1176.3533722589418,1132.9966567321662,1154.675014495554,21.955014495553996
TR-046873,2025-10-24,october,Reefer,1127.2,2543.19,2517.760806170836,2492.2352283816526,2504.9980172762444,38.1919827237557
TR-046874,2025-10-24,october,Dry Van,2709.4,5106.94,4894.255576272786,4885.276205208529,4889.765890740658,217.174109259342
TR-046875,2025-10-24,october,Flatbed,440.5,1206.29,1247.2006624827716,1233.578749741485,1240.3897061121284,34.09970611212839
TR-046876,2025-10-24,october,Dry Van,238.1,611.2,625.3599861749335,619.3593819945611,622.3596840847473,11.159684084747255
TR-046877,2025-10-24,october,Flatbed,751.4,1821.59,1900.9295032465218,1844.5578407329285,1872.743671989725,51.153671989725126
TR-046878,2025-10-24,october,Reefer,547.1,1352.69,1335.6555913592413,1291.704973890162,1313.6802826247017,39.00971737529835
TR-046879,2025-10-24,october,Dry Van,918.9,1817.19,1904.1711150205651,1844.6554876426956,1874.4133013316305,57.22330133163041
TR-046880,2025-10-24,october,Dry Van,1189.4,2391.6,2365.4677642072434,2370.8477842129437,2368.1577742100935,23.442225789906388
TR-046881,2025-10-24,october,Dry Van,747.3,1508.97,1527.5221315764745,1505.6406353521993,1516.5813834643368,7.611383464336768
TR-046882,2025-10-24,october,Reefer,1230.5,2706.87,2782.5060551089605,2711.119618850809,2746.8128369798847,39.94283697988476
TR-046883,2025-10-24,october,Dry Van,930.8,1930.36,1919.6211418985968,1910.2878701292404,1914.9545060139185,15.40549398608141
TR-046884,2025-10-24,october,Dry Van,366.9,877.06,890.9722700608048,862.1194122801091,876.5458411704569,0.5141588295430211
TR-046885,2025-10-24,october,Dry Van,863.1,1760.68,1773.8406527019752,1782.6922641341187,1778.266458418047,17.58645841804696
TR-046886,2025-10-24,october,Dry Van,767.1,1657.13,1664.9440888009553,1638.3852506398416,1651.6646697203985,5.4653302796016305
TR-046887,2025-10-24,october,Dry Van,1829.7,3536.49,3514.209492468625,3515.3070614047874,3514.7582769367064,21.73172306329343
TR-046888,2025-10-24,october,Dry Van,848.8,1843.39,1828.018888682024,1790.266046101521,1809.1424673917725,34.24753260822763
TR-046889,2025-10-24,october,Reefer,1176.1,2850.6,2843.9001101168046,2772.40267786025,2808.151393988527,42.44860601147275
TR-046890,2025-10-24,october,Dry Van,914.2,1834.67,1807.3006639505402,1756.5707329471202,1781.9356984488302,52.73430155116989
TR-046891,2025-10-24,october,Dry Van,1340.7,2720.09,2676.5677799430546,2596.1589728768067,2636.3633764099304,83.72662359006972
TR-046892,2025-10-24,october,Flatbed,2109.7,4049.7,4224.062519150562,4210.039377804074,4217.050948477318,167.35094847731852
TR-046893,2025-10-25,october,Flatbed,992.6,2168.46,2223.943254113694,2201.75445360264,2212.848853858167,44.38885385816684
TR-046894,2025-10-25,october,Dry Van,335.1,824.89,830.4382371326438,817.9985063872914,824.2183717599676,0.6716282400324189
TR-046895,2025-10-25,october,Dry Van,1935.0,3542.49,3503.6244067357657,3540.2750084516583,3521.949707593712,20.54029240628779
TR-046896,2025-10-25,october,Flatbed,1164.2,2423.51,2519.7534698803843,2493.1115450649286,2506.4325074726567,82.92250747265643
TR-046897,2025-10-25,october,Dry Van,421.8,1054.99,1066.6609794687708,1041.7498913978689,1054.20543543332,0.7845645666800465
TR-046898,2025-10-25,october,Flatbed,588.4,1499.88,1568.5571113926624,1527.7001618649845,1548.1286366288234,48.248636628823306
TR-046899,2025-10-25,october,Dry Van,817.9,1700.4,1700.1834638712478,1686.9977620839818,1693.590612977615,6.809387022385181
TR-046900,2025-10-25,october,Dry Van,140.3,394.21,385.9175296624064,385.5614051271202,385.7394673947633,8.470532605236656
TR-046901,2025-10-25,october,Dry Van,628.7,1338.77,1316.765911167646,1313.2852484015673,1315.0255797846066,23.744420215393347
TR-046902,2025-10-25,october,Dry Van,180.4,519.46,496.7792305271935,512.5362248871359,504.65772770716467,14.802272292835369
TR-046903,2025-10-25,october,Flatbed,196.8,506.74,539.0132036639706,535.9961225681707,537.5046631160706,30.76466311607055
TR-046904,2025-10-25,october,Dry Van,2817.6,5194.25,5125.318661094338,5202.098296086966,5163.708478590652,30.541521409348206
TR-046905,2025-10-25,october,Dry Van,1752.8,3421.33,3440.372439705065,3383.4363086565118,3411.904374180788,9.425625819211746
TR-046906,2025-10-25,october,Reefer,1042.0,2192.85,2327.615063451541,2297.337541245707,2312.476302348624,119.626302348624
TR-046907,2025-10-25,october,Dry Van,1476.1,2772.67,2750.2725733991797,2731.578235869567,2740.925404634373,31.744595365626992
TR-046908,2025-10-25,october,Flatbed,298.7,858.95,890.3022108431862,889.0840892342351,889.6931500387107,30.74315003871061
TR-046909,2025-10-25,october,Flatbed,1651.4,3442.24,3490.368531435034,3493.4166868807433,3491.8926091578887,49.652609157888946
TR-046910,2025-10-25,october,Dry Van,2176.1,4007.86,4016.1795462140126,4034.6566922009088,4025.4181192074607,17.55811920746055
TR-046911,2025-10-25,october,Dry Van,1861.0,3533.47,3528.4089305818898,3528.2999184130495,3528.3544244974696,5.115575502530191
TR-046912,2025-10-25,october,Dry Van,2803.2,5124.21,5201.673705219998,5171.741394898007,5186.707550059002,62.497550059001696
TR-046913,2025-10-25,october,Dry Van,2175.5,4082.26,4049.3076389108764,3921.3837877456326,3985.3457133282545,96.91428667174569
TR-046914,2025-10-25,october,Dry Van,135.0,361.46,368.14699510502004,363.936910566551,366.04195283578554,4.5819528357855575
TR-046915,2025-10-25,october,Dry Van,864.4,1753.15,1758.8087808654132,1750.9628725016087,1754.885826683511,1.7358266835108225
TR-046916,2025-10-25,october,Flatbed,274.4,193.34,734.3104187203871,721.6461941738125,727.9783064470998,534.6383064470998
TR-046917,2025-10-25,october,Dry Van,664.1,1519.81,1494.2898358973123,1483.5825342593353,1488.936185078324,30.873814921676058
TR-046918,2025-10-25,october,Dry Van,1259.0,2580.8,2539.0692453309116,2549.9223716934994,2544.4958085122053,36.304191487794924
TR-046919,2025-10-25,october,Dry Van,2206.8,4092.76,4109.537762537487,4132.916611506099,4121.227187021793,28.467187021792597
TR-046920,2025-10-25,october,Dry Van,997.6,2131.5,2172.574554659956,2119.4268216331825,2146.0006881465692,14.500688146569246
TR-046921,2025-10-25,october,Dry Van,2233.8,3939.01,4035.6871902591697,3961.249573836544,3998.4683820478567,59.4583820478565
TR-046922,2025-10-25,october,Reefer,962.3,2286.05,2246.7302377661817,2227.6123064069416,2237.1712720865617,48.878727913438524
TR-046923,2025-10-25,october,Dry Van,566.4,1223.1,1229.9095366253962,1186.064547436217,1207.9870420308066,15.112957969193303
TR-046924,2025-10-25,october,Dry Van,1054.3,2033.55,1984.675583558008,2014.870576298435,1999.7730799282215,33.77692007177848
TR-046925,2025-10-25,october,Dry Van,762.6,1547.7,1565.4474259749456,1519.1466125393488,1542.2970192571472,5.402980742852833
TR-046926,2025-10-25,october,Flatbed,1334.9,2775.97,2850.1284406328186,2877.095582204842,2863.61201141883,87.6420114188304
TR-046927,2025-10-25,october,Flatbed,1090.4,2267.05,2374.568312416591,2353.0640482331005,2363.816180324846,96.76618032484566
TR-046928,2025-10-25,october,Dry Van,1239.7,2285.95,2350.06639473955,2309.4763312514738,2329.771362995512,43.82136299551212
TR-046929,2025-10-25,october,Flatbed,832.9,1934.56,1993.0894083551184,1904.1136463067908,1948.6015273309545,14.041527330954523
TR-046930,2025-10-25,october,Dry Van,437.4,960.9,980.8245087412298,963.4776660868972,972.1510874140636,11.25108741406359
TR-046931,2025-10-25,october,Reefer,1603.0,3321.85,3400.3462340816577,3358.7994375597614,3379.5728358207098,57.72283582070986
TR-046932,2025-10-25,october,Dry Van,1041.5,2138.88,2158.733898775281,2102.5165270632815,2130.6252129192812,8.25478708071887
TR-046933,2025-10-25,october,Reefer,950.2,2064.59,2115.7950002841108,2105.3817308361254,2110.5883655601183,45.998365560118145
TR-046934,2025-10-25,october,Flatbed,2677.0,5088.39,5084.819833562769,5112.070004851109,5098.444919206939,10.054919206938393
TR-046935,2025-10-25,october,Reefer,490.7,1120.58,1195.021280766466,1175.9239402328133,1185.4726104996396,64.89261049963966
TR-046936,2025-10-25,october,Dry Van,1906.2,3792.49,3768.3373208355074,3769.2981786529244,3768.8177497442157,23.672250255784093
TR-046937,2025-10-25,october,Dry Van,1071.4,2333.64,2312.147503873818,2319.6895960014917,2315.918549937655,17.721450062344957
TR-046938,2025-10-25,october,Reefer,701.2,1505.32,1577.9644098689996,1551.298517508214,1564.6314636886068,59.311463688606864
TR-046939,2025-10-25,october,Flatbed,1390.1,2956.38,2992.0039594197133,2927.559627159154,2959.7817932894336,3.401793289433499
TR-046940,2025-10-25,october,Dry Van,802.6,1714.9,1711.7446181766718,1723.2813456806666,1717.5129819286692,2.6129819286691145
TR-046941,2025-10-25,october,Flatbed,1980.9,4096.18,4084.905791792435,4184.433381870234,4134.6695868313345,38.489586831334236
TR-046942,2025-10-25,october,Dry Van,905.0,1983.74,1932.3272900076436,1921.5079113360646,1926.917600671854,56.82239932814605
TR-046943,2025-10-25,october,Flatbed,1371.7,3072.03,3044.90646567309,3037.3203496675856,3041.113407670338,30.916592329662308
TR-046944,2025-10-25,october,Reefer,116.1,353.74,352.26382530669724,387.84290728461883,370.05336629565807,16.313366295658057
TR-046945,2025-10-25,october,Dry Van,2179.5,4059.09,4005.588274750905,3998.879630729608,4002.2339527402564,56.85604725974372
TR-046946,2025-10-25,october,Dry Van,265.5,680.55,678.7476964835541,689.7666725367942,684.2571845101742,3.7071845101742156
TR-046947,2025-10-25,october,Dry Van,333.4,887.53,860.9128818306241,840.9539451333196,850.9334134819719,36.59658651802806
TR-046948,2025-10-25,october,Reefer,232.3,714.42,740.5847032897781,722.0352969329481,731.310000111363,16.890000111363065
TR-046949,2025-10-25,october,Dry Van,776.1,1673.57,1666.0538914507974,1669.2667144154261,1667.6603029331118,5.909697066888157
TR-046950,2025-10-25,october,Dry Van,303.0,751.87,776.1001744091129,736.6700768364417,756.3851256227773,4.515125622777305
TR-046951,2025-10-25,october,Dry Van,652.4,1492.31,1487.210007109807,1458.424232106419,1472.817119608113,19.492880391886956
TR-046952,2025-10-25,october,Dry Van,466.5,1059.77,1060.1997743975487,1036.8464770220307,1048.5231257097898,11.246874290210144
TR-046953,2025-10-25,october,Dry Van,626.3,1370.51,1345.6403757686141,1334.8486812971946,1340.2445285329045,30.265471467095495
TR-046954,2025-10-25,october,Reefer,949.5,2252.81,2302.153851605335,2271.0701581723274,2286.6120048888315,33.80200488883156
TR-046955,2025-10-25,october,Dry Van,1148.7,2196.46,2187.210532892605,2186.1770114232622,2186.6937721579334,9.766227842066655
TR-046956,2025-10-25,october,Reefer,3117.1,6393.87,6220.430088535608,6387.083682544013,6303.75688553981,90.11311446018954
TR-046957,2025-10-25,october,Dry Van,612.6,1279.85,1282.944461695512,1302.831774688343,1292.8881181919276,13.038118191927651
TR-046958,2025-10-25,october,Dry Van,1738.1,3198.68,3256.3635533134825,3259.4118087628476,3257.8876810381653,59.20768103816545
TR-046959,2025-10-25,october,Dry Van,1509.1,2844.94,2847.045455032421,2781.180089995565,2814.112772513993,30.827227486006905
TR-046960,2025-10-25,october,Reefer,1152.9,2515.87,2564.857019713367,2512.7062315199064,2538.781625616637,22.91162561663714
TR-046961,2025-10-25,october,Reefer,1179.4,2616.17,2664.5375658814614,2658.1264549379994,2661.33201040973,45.1620104097301
TR-046962,2025-10-25,october,Reefer,947.3,2227.13,2207.4318638769105,2188.8566301303877,2198.144247003649,28.98575299635104
TR-046963,2025-10-25,october,Flatbed,2786.4,5362.45,5390.263981400528,5453.951279675177,5422.107630537852,59.65763053785213
TR-046964,2025-10-25,october,Dry Van,689.3,1397.89,1409.8761627626113,1402.2564026417838,1406.0662827021974,8.17628270219734
TR-046965,2025-10-25,october,Flatbed,356.6,876.75,943.7498852727309,897.1178523554479,920.4338688140895,43.683868814089465
TR-046966,2025-10-25,october,Reefer,1282.4,2865.13,2896.647765086905,2762.7586171883418,2829.7031911376234,35.426808862376674
TR-046967,2025-10-25,october,Dry Van,1747.6,3264.18,3252.0132276805657,3253.988998311197,3253.001112995881,11.178887004118678
TR-046968,2025-10-25,october,Dry Van,2118.9,3843.33,3899.268172451495,3802.4715274393866,3850.869849945441,7.539849945440892
TR-046969,2025-10-25,october,Flatbed,807.3,1834.44,1945.820067860115,1930.793082052844,1938.3065749564794,103.86657495647933
TR-046970,2025-10-25,october,Dry Van,741.1,1668.77,1612.0666660154336,1601.8092024077464,1606.93793421159,61.83206578841009
TR-046971,2025-10-25,october,Dry Van,916.0,1873.64,1905.1236564910148,1851.2210780260407,1878.1723672585276,4.532367258527529
TR-046972,2025-10-25,october,Reefer,855.9,1896.67,1921.0414337730265,1895.7553049834207,1908.3983693782236,11.728369378223533
TR-046973,2025-10-25,october,Dry Van,1427.0,2854.8,2908.724257943131,2793.2213009317566,2850.972779437444,3.827220562556249
TR-046974,2025-10-25,october,Reefer,984.2,2317.04,2324.809254491882,2333.2200487635414,2329.014651627712,11.974651627711864
TR-046975,2025-10-25,october,Dry Van,623.2,1347.61,1330.9796758041412,1306.096021209831,1318.537848506986,29.072151493013962
TR-046976,2025-10-25,october,Dry Van,976.5,2020.36,2051.9433213079783,1981.8835776336743,2016.9134494708264,3.4465505291734644
TR-046977,2025-10-25,october,Reefer,2618.5,5504.73,5429.124836074855,5532.778805937025,5480.95182100594,23.77817899406
TR-046978,2025-10-25,october,Dry Van,294.5,729.69,750.9835662047959,741.6253487547838,746.3044574797898,16.614457479789735
TR-046979,2025-10-25,october,Reefer,85.5,287.65,264.5751876115284,292.57793122939324,278.57655942046085,9.073440579539124
TR-046980,2025-10-25,october,Reefer,2242.7,1955.15,4515.338145634623,4479.890711783849,4497.614428709236,2542.4644287092356
TR-046981,2025-10-25,october,Dry Van,1045.6,2232.83,2271.141295455954,2221.0318586406293,2246.0865770482915,13.256577048291547
TR-046982,2025-10-25,october,Reefer,2308.4,4704.57,4771.9756612517385,4801.377456822971,4786.676559037354,82.1065590373546
TR-046983,2025-10-25,october,Dry Van,373.0,882.19,876.6469671709918,870.1205413914231,873.3837542812075,8.806245718792525
TR-046984,2025-10-25,october,Dry Van,418.2,927.8,911.0517632899887,897.8719002298683,904.4618317599285,23.338168240071468
TR-046985,2025-10-25,october,Dry Van,572.2,1228.72,1228.6279827932424,1203.1034381509949,1215.8657104721187,12.854289527881292
TR-046986,2025-10-25,october,Reefer,1379.7,2975.48,3077.37403261059,2938.5405489121404,3007.957290761365,32.47729076136511
TR-046987,2025-10-25,october,Dry Van,1496.1,3145.82,3071.381224335574,3057.1780609567186,3064.2796426461464,81.54035735385378
TR-046988,2025-10-25,october,Dry Van,1008.6,2111.77,2044.5023765171861,2041.1692017002179,2042.835789108702,68.93421089129788
TR-046989,2025-10-25,october,Reefer,364.9,999.58,1028.7583225407784,1010.1767602745484,1019.4675414076635,19.887541407663434
TR-046990,2025-10-25,october,Dry Van,2396.6,4468.02,4487.833020294278,4555.5731629159345,4521.703091605106,53.6830916051058
TR-046991,2025-10-25,october,Reefer,1226.0,2834.71,2842.9354557910924,2801.7018771600156,2822.318666475554,12.391333524446054
TR-046992,2025-10-25,october,Flatbed,1863.3,3645.57,3883.2289511534645,3771.3798616629656,3827.304406408215,181.7344064082149
TR-046993,2025-10-25,october,Dry Van,1054.6,2165.8,2164.4474038290323,2116.748376962822,2140.597890395927,25.20210960407303
TR-046994,2025-10-25,october,Dry Van,1074.2,2232.43,2168.243080125046,2176.0123293770753,2172.1277047510607,60.30229524893912
TR-046995,2025-10-25,october,Dry Van,1262.3,2607.9,2547.3115271555716,2557.4280121670863,2552.369769661329,55.53023033867112
TR-046996,2025-10-25,october,Dry Van,558.8,1177.69,1162.9411942421962,1163.4548289137706,1163.1980115779834,14.491988422016675
TR-046997,2025-10-25,october,Dry Van,397.4,908.07,895.2387853656647,890.3508414841058,892.7948134248852,15.275186575114844
TR-046998,2025-10-25,october,Reefer,947.8,2156.17,2195.015155350344,2163.327421989196,2179.1712886697696,23.001288669769565
TR-046999,2025-10-25,october,Dry Van,337.0,768.23,777.1163014117716,778.6823687238707,777.8993350678211,9.669335067821066
TR-047000,2025-10-25,october,Dry Van,444.1,1000.2,995.0497304307769,984.8001692281734,989.9249498294752,10.275050170524878
TR-047001,2025-10-25,october,Dry Van,907.2,2022.55,2006.1348603094889,1982.4654019824727,1994.3001311459807,28.24986885401927
TR-047002,2025-10-25,october,Dry Van,223.4,232.16,579.2746892014197,550.5391524988142,564.906920850117,332.746920850117
TR-047003,2025-10-25,october,Reefer,676.9,1712.44,1741.6653870812077,1680.7979156240417,1711.2316513526248,1.20834864737526
TR-047004,2025-10-25,october,Dry Van,691.7,1638.62,1607.3726582943837,1585.1330728801947,1596.2528655872893,42.367134412710584
TR-047005,2025-10-25,october,Flatbed,2789.2,5783.94,5517.389377182109,5635.987746382325,5576.688561782217,207.25143821778238
TR-047006,2025-10-25,october,Reefer,2065.3,4325.87,4371.665521804013,4329.6044913459245,4350.635006574968,24.765006574968538
TR-047007,2025-10-25,october,Flatbed,2147.4,4102.43,4248.26566039075,4210.057414674907,4229.161537532828,126.73153753282804
TR-047008,2025-10-25,october,Flatbed,964.5,2084.15,2190.46858605561,2167.915582259535,2179.1920841575725,95.04208415757239
TR-047009,2025-10-25,october,Dry Van,1017.3,2062.62,2047.0030469347512,2003.4038723504887,2025.20345964262,37.41654035737997
TR-047010,2025-10-25,october,Flatbed,648.9,1514.16,1607.6345261844874,1570.1399831198244,1588.887254652156,74.7272546521558
TR-047011,2025-10-25,october,Dry Van,2426.3,4488.55,4482.186927392651,4442.27918237035,4462.233054881501,26.31694511849946
TR-047012,2025-10-25,october,Flatbed,2084.1,4502.22,4427.21419400775,4438.822369191475,4433.018281599612,69.20171840038802
TR-047013,2025-10-25,october,Reefer,493.4,1148.13,1210.8275860354386,1200.1171524804918,1205.472369257965,57.34236925796495
TR-047014,2025-10-25,october,Reefer,557.8,1550.93,1498.475729962617,1512.3713419064643,1505.4235359345407,45.50646406545934
TR-047015,2025-10-25,october,Dry Van,242.0,621.03,633.7906541990332,633.4687992496206,633.6297267243269,12.599726724326956
TR-047016,2025-10-25,october,Reefer,704.1,1630.48,1639.2536788811071,1603.4324068206618,1621.3430428508846,9.13695714911546
TR-047017,2025-10-25,october,Dry Van,194.9,503.56,508.1332152155198,504.85581525555654,506.4945152355382,2.9345152355381856
TR-047018,2025-10-25,october,Flatbed,1798.4,3910.78,3949.378958548337,3946.992630215904,3948.1857943821205,37.40579438212035
TR-047019,2025-10-25,october,Dry Van,1758.7,3313.8,3346.943549061636,3353.6999200958744,3350.3217345787552,36.52173457875506
TR-047020,2025-10-25,october,Dry Van,301.8,705.41,720.8232057349172,713.0520573054785,716.9376315201978,11.527631520197815
TR-047021,2025-10-25,october,Dry Van,1965.1,3831.16,3756.6647127253786,3766.9360266306103,3761.8003696779942,69.35963032200561
TR-047022,2025-10-25,october,Dry Van,1945.9,3677.44,3616.731528080194,3578.201896692933,3597.466712386564,79.97328761343624
TR-047023,2025-10-25,october,Dry Van,1611.8,3306.69,3250.001847964014,3243.331400401874,3246.666624182944,60.02337581705615
TR-047024,2025-10-25,october,Flatbed,462.7,1086.2,1149.6373394553682,1128.4431163703143,1139.0402279128411,52.8402279128411
TR-047025,2025-10-25,october,Dry Van,337.2,809.72,835.694396567825,818.9082149448884,827.3013057563567,17.58130575635664
TR-047026,2025-10-25,october,Dry Van,825.7,1850.22,1830.959914186588,1822.0675587804235,1826.513736483506,23.70626351649412
TR-047027,2025-10-25,october,Flatbed,1735.7,3629.01,3782.709583432963,3827.587088838699,3805.148336135831,176.13833613583074
TR-047028,2025-10-25,october,Dry Van,850.3,1753.44,1755.4954833996424,1753.9308714864799,1754.713177443061,1.2731774430610585
TR-047029,2025-10-25,october,Reefer,2076.0,4322.72,4402.681418484184,4306.747779594047,4354.7145990391155,31.9945990391152
TR-047030,2025-10-25,october,Reefer,1090.2,2545.72,2575.976250506396,2530.4722438240383,2553.224247165217,7.5042471652172935
TR-047031,2025-10-25,october,Flatbed,851.3,1831.3,1856.626610056809,1864.4233384678262,1860.5249742623178,29.2249742623178
TR-047032,2025-10-25,october,Dry Van,1296.4,2527.94,2490.707138242947,2547.0406504515568,2518.8738943472517,9.06610565274832
TR-047033,2025-10-25,october,Flatbed,1241.6,2811.06,2843.01330853858,2801.376772078085,2822.195040308333,11.135040308332918
TR-047034,2025-10-25,october,Dry Van,1013.5,2014.89,2025.0415730800112,2010.1377265623012,2017.5896498211562,2.699649821156072
TR-047035,2025-10-25,october,Reefer,1218.5,2753.01,2795.250924999248,2714.587445291853,2754.9191851455507,1.9091851455505093
TR-047036,2025-10-25,october,Reefer,233.1,638.47,666.4589754185799,642.5728527980436,654.5159141083118,16.045914108311763
TR-047037,2025-10-25,october,Dry Van,778.2,1552.97,1579.095336221106,1582.7729583159853,1580.9341472685455,27.964147268545503
TR-047038,2025-10-25,october,Flatbed,1362.5,2860.54,2918.359755226836,2833.3970243872013,2875.8783898070187,15.338389807018757
TR-047039,2025-10-25,october,Dry Van,405.0,1000.42,969.7138137523781,973.7591100578859,971.736461905132,28.683538094867913
TR-047040,2025-10-25,october,Reefer,591.9,1423.75,1493.2742250216568,1471.3473469927126,1482.3107860071846,58.56078600718456
TR-047041,2025-10-25,october,Flatbed,204.0,550.15,608.4563100785558,622.199138636222,615.3277243573889,65.17772435738891
TR-047042,2025-10-25,october,Dry Van,1856.4,3613.02,3597.157342384331,3575.03946475492,3586.0984035696256,26.921596430374393
TR-047043,2025-10-25,october,Dry Van,2010.2,3992.29,3964.3495980278817,3924.2068864871835,3944.278242257533,48.011757742467125
TR-047044,2025-10-25,october,Dry Van,352.5,820.69,837.4542704272247,798.3831907016329,817.9187305644289,2.7712694355711847
TR-047045,2025-10-25,october,Dry Van,542.6,1142.57,1164.2259831136496,1153.2974554809516,1158.7617192973007,16.19171929730078
TR-047046,2025-10-25,october,Dry Van,708.9,1583.21,1559.2621676859317,1560.749170942529,1560.0056693142303,23.20433068576972
TR-047047,2025-10-25,october,Dry Van,368.1,904.35,903.0357934340716,882.8796670732581,892.9577302536649,11.39226974633516
TR-047048,2025-10-25,october,Dry Van,354.2,856.49,850.768179985214,832.3063280693286,841.5372540272713,14.952745972728735
TR-047049,2025-10-25,october,Dry Van,1878.6,3438.35,3470.86817474957,3464.1698503144253,3467.5190125319978,29.16901253199785
TR-047050,2025-10-25,october,Reefer,394.7,999.99,1009.2604176985387,1012.7278707151875,1010.9941442068631,11.004144206863089
TR-047051,2025-10-25,october,Reefer,2191.9,4391.4,4503.875738520223,4472.41235163061,4488.144045075416,96.74404507541658
TR-047052,2025-10-25,october,Dry Van,779.2,1713.46,1681.5356172345364,1662.21234781572,1671.8739825251282,41.586017474871824
TR-047053,2025-10-25,october,Reefer,2490.5,4830.23,5094.439700349034,5017.234248426916,5055.836974387975,225.60697438797524
TR-047054,2025-10-25,october,Dry Van,2047.0,3839.87,3781.8710633904966,3651.369069020442,3716.6200662054694,123.24993379453053
TR-047055,2025-10-25,october,Dry Van,242.7,562.6,574.5123412355459,559.1669150685757,566.8396281520609,4.239628152060845
TR-047056,2025-10-25,october,Dry Van,983.1,1876.18,1899.650321474089,1877.796781521786,1888.7235514979375,12.543551497937415
TR-047057,2025-10-26,october,Dry Van,489.2,1075.78,1096.224702370516,1077.4414646032062,1086.8330834868611,11.05308348686117
TR-047058,2025-10-26,october,Flatbed,196.8,467.14,506.4872404754834,521.4969400541745,513.9920902648289,46.85209026482892
TR-047059,2025-10-26,october,Dry Van,1359.3,2669.92,2611.0557658787525,2597.158084979704,2604.1069254292283,65.81307457077173
TR-047060,2025-10-26,october,Reefer,1188.2,2629.73,2713.521928685516,2707.2135112273663,2710.367719956441,80.63771995644083
TR-047061,2025-10-26,october,Dry Van,1414.2,2729.68,2771.645872423447,2746.820799741349,2759.233336082398,29.553336082398346
TR-047062,2025-10-26,october,Reefer,1218.8,2785.11,2805.237618353224,2791.5424271507927,2798.3900227520085,13.280022752008335
TR-047063,2025-10-26,october,Reefer,914.5,1877.18,1966.557943178181,1915.9016965084504,1941.2298198433157,64.04981984331562
TR-047064,2025-10-26,october,Dry Van,576.1,1208.17,1221.3252067799742,1180.123355176161,1200.7242809780678,7.445719021932291
TR-047065,2025-10-26,october,Dry Van,1320.9,2493.38,2486.3977453904863,2511.891649355057,2499.1446973727716,5.764697372771479
TR-047066,2025-10-26,october,Flatbed,958.0,2134.04,2215.636993619337,2209.9448998474227,2212.7909467333798,78.7509467333798
TR-047067,2025-10-26,october,Reefer,3190.3,5961.73,6012.377766501922,6103.611944431521,6057.994855466722,96.26485546672211
TR-047068,2025-10-26,october,Dry Van,449.8,1043.04,1026.4842083736658,1023.6851915281928,1025.0846999509292,17.95530004907073
TR-047069,2025-10-26,october,Dry Van,785.3,1604.57,1559.9785070920111,1564.4943711876617,1562.2364391398364,42.333560860163516
TR-047070,2025-10-26,october,Dry Van,1117.5,2177.93,2143.986912641807,2099.1409040584276,2121.5639083501173,56.36609164988249
TR-047071,2025-10-26,october,Dry Van,1337.6,2723.05,2661.6814490804436,2617.0302577964594,2639.3558534384515,83.69414656154868
TR-047072,2025-10-26,october,Dry Van,1142.7,2322.67,2302.9284186330847,2334.856742034301,2318.892580333693,3.777419666307196
TR-047073,2025-10-26,october,Reefer,99.6,316.19,363.07777863342255,335.1101014415717,349.09394003749713,32.90394003749714
TR-047074,2025-10-26,october,Dry Van,782.5,1538.13,1528.1865115314267,1507.739645948865,1517.9630787401459,20.166921259854234
TR-047075,2025-10-26,october,Reefer,959.3,2218.04,2268.138889585478,2203.873000411637,2236.0059449985574,17.96594499855746
TR-047076,2025-10-26,october,Flatbed,989.1,2165.46,2173.5598419019425,2137.898290996671,2155.7290664493066,9.730933550693408
TR-047077,2025-10-26,october,Dry Van,363.0,796.48,807.7389961197149,810.8656767612222,809.3023364404685,12.822336440468462
TR-047078,2025-10-26,october,Flatbed,407.8,1035.14,1084.2897684361872,1080.8831755289762,1082.5864719825818,47.44647198258167
TR-047079,2025-10-26,october,Reefer,1934.6,4339.62,4256.800873983214,4275.831756527286,4266.31631525525,73.30368474475017
TR-047080,2025-10-26,october,Reefer,475.5,1204.52,1228.979205023128,1176.2915590686002,1202.6353820458642,1.8846179541358197
TR-047081,2025-10-26,october,Dry Van,569.8,1202.43,1181.2192484602897,1187.9180910206783,1184.568669740484,17.86133025951608
TR-047082,2025-10-26,october,Reefer,2121.7,4601.72,4479.532000213168,4518.987687610832,4499.259843912,102.46015608800008
TR-047083,2025-10-26,october,Reefer,1355.5,3094.01,3093.759634774838,3005.351786679202,3049.55571072702,44.45428927298008
TR-047084,2025-10-26,october,Dry Van,1865.1,3508.16,3499.3578292989328,3490.2574537037117,3494.807641501322,13.352358498677859
TR-047085,2025-10-26,october,Dry Van,497.2,1173.87,1141.150190329297,1151.2446781564481,1146.1974342428725,27.67256575712736
TR-047086,2025-10-26,october,Flatbed,1470.0,2992.98,3129.749102028703,3096.047812385895,3112.898457207299,119.91845720729907
TR-047087,2025-10-26,october,Reefer,489.3,1221.18,1233.626213862054,1221.3123186668122,1227.4692662644331,6.289266264433081
TR-047088,2025-10-26,october,Dry Van,1814.6,3365.79,3355.8844698230673,3404.573635237219,3380.2290525301432,14.439052530143272
TR-047089,2025-10-26,october,Dry Van,423.9,999.35,1038.960265405251,1002.2267841028793,1020.5935247540651,21.243524754065106
TR-047090,2025-10-26,october,Dry Van,297.2,716.5,718.217397397655,720.0178170503218,719.1176072239884,2.6176072239884434
TR-047091,2025-10-26,october,Dry Van,1824.0,3386.88,3334.46875878376,3341.4977169596195,3337.98323787169,48.89676212831
TR-047092,2025-10-26,october,Reefer,2211.8,4523.93,4582.156924234869,4602.971715376126,4592.564319805497,68.63431980549649
TR-047093,2025-10-26,october,Dry Van,770.8,1609.02,1576.7935944822068,1587.3908405612904,1582.0922175217486,26.9277824782514
TR-047094,2025-10-26,october,Flatbed,736.1,1624.53,1725.194744006526,1683.4417108934772,1704.3182274500016,79.78822745000161
TR-047095,2025-10-26,october,Flatbed,514.8,1310.28,1340.4887336233567,1287.2484834024,1313.8686085128784,3.588608512878409
TR-047096,2025-10-26,october,Dry Van,242.6,576.36,591.5871776765719,568.3553974789909,579.9712875777814,3.6112875777813542
TR-047097,2025-10-26,october,Dry Van,2007.8,3738.72,3714.2309754873845,3672.534408959741,3693.382692223563,45.337307776436774
TR-047098,2025-10-26,october,Dry Van,538.0,1184.51,1197.8541218898667,1190.5000822380212,1194.177102063944,9.667102063943958
TR-047099,2025-10-26,october,Dry Van,387.2,903.88,909.9025724558177,912.4361113229447,911.1693418893813,7.289341889381262
TR-047100,2025-10-26,october,Dry Van,689.2,1480.21,1489.9255796910754,1476.6057111834925,1483.265645437284,3.0556454372840562
TR-047101,2025-10-26,october,Dry Van,925.0,1939.16,1893.5164622230104,1869.0135803836101,1881.2650213033103,57.894978696689805
TR-047102,2025-10-26,october,Dry Van,746.3,1586.46,1556.06709735205,1566.4702910996102,1561.2686942258301,25.191305774169905
TR-047103,2025-10-26,october,Flatbed,192.4,525.86,553.5106233723121,522.9162366645271,538.2134300184196,12.353430018419544
TR-047104,2025-10-26,october,Dry Van,522.2,1096.6,1129.7968136337138,1100.8048696927308,1115.3008416632224,18.70084166322249
TR-047105,2025-10-26,october,Dry Van,416.9,897.24,913.6185975997522,914.008809549867,913.8137035748096,16.573703574809542
TR-047106,2025-10-26,october,Flatbed,2052.8,3777.14,3943.3776193194512,3991.12435996759,3967.2509896435204,190.1109896435205
TR-047107,2025-10-26,october,Dry Van,862.2,1747.26,1716.1132097708366,1729.0109586769668,1722.5620842239018,24.69791577609817
TR-047108,2025-10-26,october,Dry Van,2058.0,3631.71,3682.6955483253573,3617.2391952381713,3649.967371781764,18.25737178176405
TR-047109,2025-10-26,october,Dry Van,302.6,750.84,755.8955027355622,736.5249292184608,746.2102159770116,4.629784022988474
TR-047110,2025-10-26,october,Flatbed,886.7,1947.04,2020.4148250899866,2013.0526727754154,2016.733748932701,69.69374893270106
TR-047111,2025-10-26,october,Dry Van,1641.5,3150.87,3220.7352071857754,3111.6178246664213,3166.1765159260985,15.306515926098655
TR-047112,2025-10-26,october,Flatbed,1086.0,2372.96,2445.6160538181625,2444.042117268609,2444.829085543386,71.86908554338606
TR-047113,2025-10-26,october,Reefer,641.7,1601.61,1631.949959980228,1618.2719023513682,1625.110931165798,23.500931165798193
TR-047114,2025-10-26,october,Dry Van,1692.9,3251.97,3210.402135125405,3183.823552777917,3197.112843951661,54.857156048338766
TR-047115,2025-10-26,october,Dry Van,681.0,1375.7,1382.0166117734839,1310.9706326198943,1346.493622196689,29.206377803310943
TR-047116,2025-10-26,october,Dry Van,2358.6,4391.77,4413.196886500882,4382.981056616993,4398.088971558937,6.318971558936937
TR-047117,2025-10-26,october,Reefer,219.8,610.81,657.0031744115715,643.7198558907194,650.3615151511455,39.55151515114551
TR-047118,2025-10-26,october,Dry Van,995.3,1954.43,1915.6381789467964,1900.3088456373357,1907.973512292066,46.456487707934
TR-047119,2025-10-26,october,Dry Van,138.4,363.75,374.6313232012726,365.34229492810755,369.9868090646901,6.236809064690078
TR-047120,2025-10-26,october,Dry Van,750.5,1581.12,1561.0469750150394,1523.1013398708287,1542.074157442934,39.04584255706595
TR-047121,2025-10-26,october,Dry Van,1534.4,2855.03,2896.5056819162196,2838.660303318725,2867.582992617472,12.552992617471773
TR-047122,2025-10-26,october,Dry Van,1178.1,2315.97,2273.0407111417353,2255.6541870271717,2264.3474490844537,51.62255091554607
TR-047123,2025-10-26,october,Flatbed,417.7,1039.88,1088.5196196976403,1070.5702717472564,1079.5449457224483,39.66494572244824
TR-047124,2025-10-26,october,Flatbed,832.9,1768.74,1839.6505913945052,1782.3944266804833,1811.0225090374943,42.282509037494265
TR-047125,2025-10-26,october,Dry Van,2005.5,4009.09,3909.2829645976262,3947.4000129820306,3928.3414887898284,80.74851121017173
TR-047126,2025-10-26,october,Reefer,572.7,1435.58,1484.2862064780309,1474.0234168499076,1479.1548116639692,43.574811663969285
TR-047127,2025-10-26,october,Flatbed,1071.8,2449.02,2494.9900236516496,2496.1787088320043,2495.584366241827,46.564366241826974
TR-047128,2025-10-26,october,Dry Van,1631.1,3162.5,3155.337622633005,3171.267888702394,3163.3027556677,0.8027556676997847
TR-047129,2025-10-26,october,Reefer,552.4,1419.17,1395.8171973886965,1382.0938605461295,1388.955528967413,30.21447103258697
TR-047130,2025-10-26,october,Dry Van,696.2,1514.44,1487.6611471853948,1468.9453663064887,1478.3032567459418,36.136743254058274
TR-047131,2025-10-26,october,Dry Van,873.9,1809.27,1833.8206248481529,1808.3986540837022,1821.1096394659276,11.839639465927576
TR-047132,2025-10-26,october,Flatbed,2264.7,4673.35,4622.477065172077,4733.909136489338,4678.193100830707,4.843100830707044
TR-047133,2025-10-26,october,Dry Van,76.2,204.65,246.1768156972844,246.99232530064432,246.58457049896435,41.93457049896435
TR-047134,2025-10-26,october,Flatbed,1929.8,3786.22,3940.4962508609337,3998.1987647462456,3969.34750780359,183.1275078035901
TR-047135,2025-10-26,october,Dry Van,1451.2,2924.77,2985.324149965291,2945.507662628229,2965.41590629676,40.64590629676013
TR-047136,2025-10-26,october,Flatbed,2232.7,4470.57,4547.217336337259,4588.020813055457,4567.619074696358,97.04907469635873
TR-047137,2025-10-26,october,Reefer,941.7,2093.28,2187.285010974601,2163.4891170568544,2175.3870640157274,82.10706401572725
TR-047138,2025-10-26,october,Dry Van,312.5,804.46,797.4489092659592,801.8703779803377,799.6596436231484,4.800356376851596
TR-047139,2025-10-26,october,Dry Van,612.6,1283.69,1263.4082867378593,1280.1038492070104,1271.7560679724347,11.933932027565334
TR-047140,2025-10-26,october,Reefer,940.6,2333.08,2300.5654770927576,2273.1683254959066,2286.866901294332,46.21309870566802
TR-047141,2025-10-26,october,Flatbed,1253.5,2746.68,2782.819342783662,2720.9168276802825,2751.868085231972,5.188085231972309
TR-047142,2025-10-26,october,Reefer,338.0,832.66,885.6119622927588,879.7934407342775,882.7027015135182,50.04270151351818
TR-047143,2025-10-26,october,Dry Van,2913.9,5189.37,5407.761093810556,5349.257479590563,5378.50928670056,189.13928670055975
TR-047144,2025-10-26,october,Reefer,919.2,2265.6,2228.7319704678303,2163.288600445241,2196.0102854565357,69.5897145434642
TR-047145,2025-10-26,october,Dry Van,515.2,1134.75,1151.3265050802854,1126.4626380588957,1138.8945715695904,4.1445715695904255
TR-047146,2025-10-26,october,Flatbed,1155.4,2539.5,2592.4000377441007,2587.4787419413724,2589.9393898427365,50.439389842736546
TR-047147,2025-10-26,october,Dry Van,559.8,1265.17,1223.8371517117453,1233.5903951807168,1228.713773446231,36.456226553769056
TR-047148,2025-10-26,october,Dry Van,1299.9,2443.52,2387.1009083392805,2421.151809772917,2404.126359056099,39.39364094390112
TR-047149,2025-10-26,october,Dry Van,450.5,936.09,941.3455599965008,917.4590523719403,929.4023061842206,6.687693815779426
TR-047150,2025-10-26,october,Reefer,2451.0,4903.27,4911.6613107501225,4970.513385682234,4941.087348216179,37.81734821617829
TR-047151,2025-10-26,october,Dry Van,2618.1,4915.66,4838.286140967123,4833.768567713298,4836.027354340211,79.63264565978898
TR-047152,2025-10-26,october,Dry Van,294.7,690.82,708.2889213935758,705.0303363820635,706.6596288878197,15.839628887819686
TR-047153,2025-10-26,october,Dry Van,1699.5,3352.24,3404.2209004626066,3333.0593586013656,3368.640129531986,16.400129531986295
TR-047154,2025-10-26,october,Reefer,1949.9,4219.08,4189.068698649464,4184.406343500903,4186.737521075183,32.34247892481653
TR-047155,2025-10-26,october,Dry Van,766.1,1518.42,1526.0425492293036,1495.1850623376308,1510.6138057834673,7.806194216532731
TR-047156,2025-10-26,october,Dry Van,1063.3,2197.26,2120.0500496813142,2080.4400841034235,2100.245066892369,97.01493310763135
TR-047157,2025-10-26,october,Reefer,1022.1,2318.07,2432.73418334787,2397.685630212144,2415.2099067800073,97.1399067800071
TR-047158,2025-10-26,october,Flatbed,1120.6,2344.86,2428.492012284064,2301.834049308266,2365.163030796165,20.303030796164876
TR-047159,2025-10-26,october,Flatbed,827.8,1832.09,1938.700503161603,1878.748070331763,1908.724286746683,76.63428674668307
TR-047160,2025-10-26,october,Flatbed,1040.5,2110.46,2268.853926186696,2212.0793182397097,2240.4666222132028,130.00662221320272
TR-047161,2025-10-26,october,Dry Van,1447.0,2966.79,2950.5069896175896,2907.5109484427785,2929.008969030184,37.78103096981613
TR-047162,2025-10-26,october,Dry Van,567.5,1199.79,1198.3993262095764,1166.2865437365117,1182.342934973044,17.447065026955897
TR-047163,2025-10-26,october,Dry Van,946.9,1790.95,1808.5649121262245,1798.6754433191397,1803.620177722682,12.670177722681956
TR-047164,2025-10-26,october,Dry Van,2126.6,4273.4,4121.464184875766,4155.908333398804,4138.686259137285,134.71374086271499
TR-047165,2025-10-26,october,Reefer,853.9,1994.42,2038.145860982655,2018.1077394210497,2028.1268002018523,33.706800201852275
TR-047166,2025-10-26,october,Reefer,1007.7,2375.65,2344.6702508578014,2323.4969689587965,2334.083609908299,41.56639009170112
TR-047167,2025-10-26,october,Dry Van,85.2,229.4,265.79549716690036,224.92394524983592,245.35972120836814,15.959721208368137
TR-047168,2025-10-26,october,Dry Van,975.7,1825.29,1854.8345577068244,1853.3177317832917,1854.0761447450582,28.78614474505821
TR-047169,2025-10-26,october,Flatbed,456.1,1150.95,1162.0270242859865,1153.3775901068866,1157.7023071964365,6.7523071964365045
TR-047170,2025-10-26,october,Dry Van,1071.8,2146.33,2147.445984190125,2166.8776482898384,2157.161816239982,10.83181623998189
TR-047171,2025-10-26,october,Dry Van,316.4,754.81,755.1164261145369,741.8319112059546,748.4741686602458,6.335831339754122
TR-047172,2025-10-26,october,Dry Van,202.3,490.24,506.73468273903165,500.42985209975586,503.58226741939376,13.34226741939375
TR-047173,2025-10-26,october,Flatbed,2580.8,5270.27,5176.0758967261845,5285.905924604736,5230.99091066546,39.279089334540004
TR-047174,2025-10-26,october,Dry Van,660.3,1464.49,1417.782584000753,1391.4449799280114,1404.6137819643823,59.87621803561774
TR-047175,2025-10-26,october,Dry Van,1012.0,2065.37,2093.6947860080013,2018.2266173912985,2055.9607016996497,9.409298300350201
TR-047176,2025-10-26,october,Flatbed,797.4,1798.36,1880.2457827798705,1825.8579286750314,1853.0518557274509,54.69185572745096
TR-047177,2025-10-26,october,Dry Van,238.2,628.05,620.3737453078511,604.4883144646569,612.431029886254,15.618970113745945
TR-047178,2025-10-26,october,Dry Van,1026.0,2205.02,2166.1615085077574,2098.837245856467,2132.499377182112,72.52062281788812
TR-047179,2025-10-26,october,Reefer,791.0,1831.61,1865.5573650840245,1831.9289665976323,1848.7431658408284,17.133165840828497
TR-047180,2025-10-26,october,Flatbed,1026.1,2346.99,2400.9350280871295,2348.2674888549654,2374.6012584710475,27.611258471047677
TR-047181,2025-10-26,october,Reefer,1236.2,2915.38,2923.4385742139793,2944.888084318177,2934.163329266078,18.783329266078
TR-047182,2025-10-26,october,Reefer,260.2,658.0,697.7868279068624,681.9845637126382,689.8856958097504,31.88569580975036
TR-047183,2025-10-26,october,Dry Van,2607.7,4472.38,4640.26520158925,4496.500267041894,4568.382734315572,96.00273431557162
TR-047184,2025-10-26,october,Reefer,942.9,2212.41,2237.1387027683973,2193.3994015560984,2215.269052162248,2.85905216224819
TR-047185,2025-10-26,october,Dry Van,459.3,1003.07,1002.4824939471149,991.6468255548514,997.0646597509831,6.005340249016967
TR-047186,2025-10-26,october,Flatbed,1203.8,2525.13,2553.5030538744004,2595.2458371713847,2574.3744455228925,49.24444552289242
TR-047187,2025-10-26,october,Flatbed,459.7,1105.06,1138.1376634090325,1105.6360857827503,1121.8868745958914,16.826874595891468
TR-047188,2025-10-26,october,Flatbed,612.1,1316.35,1347.3372035777934,1360.2780981641258,1353.8076508709596,37.4576508709597
TR-047189,2025-10-26,october,Flatbed,2603.8,5248.45,5219.891808227329,5337.47221445007,5278.6820113387,30.23201133870043
TR-047190,2025-10-26,october,Dry Van,480.8,1069.29,1059.6061860009802,1052.2731200939486,1055.9396530474644,13.350346952535574
TR-047191,2025-10-26,october,Dry Van,1171.6,2366.62,2270.3614848534494,2274.4977986489334,2272.4296417511914,94.19035824880848
TR-047192,2025-10-26,october,Dry Van,930.1,1946.38,2019.5009101302164,1977.7163320277464,1998.6086210789813,52.22862107898118
TR-047193,2025-10-26,october,Reefer,1232.7,2925.5,2916.681592311427,2847.2483237491674,2881.964958030297,43.53504196970289
TR-047194,2025-10-26,october,Dry Van,1151.0,2284.63,2263.9579131969645,2249.0813575833304,2256.5196353901474,28.110364609852695
TR-047195,2025-10-26,october,Dry Van,663.2,1422.5,1414.0231741897276,1383.9397972937327,1398.98148574173,23.518514258269988
TR-047196,2025-10-26,october,Flatbed,1190.9,2401.67,2512.884555732898,2458.7622971556766,2485.823426444287,84.1534264442871
TR-047197,2025-10-26,october,Dry Van,124.9,327.17,355.49376988015337,336.1017767712749,345.79777332571416,18.627773325714145
TR-047198,2025-10-26,october,Dry Van,655.1,1329.96,1345.0200685327993,1326.1808090291752,1335.6004387809871,5.640438780987097
TR-047199,2025-10-26,october,Reefer,352.7,1020.81,1025.22775376072,999.9549793412491,1012.5913665509845,8.218633449015442
TR-047200,2025-10-26,october,Flatbed,1693.1,3684.06,3724.162793666401,3720.4131362760345,3722.2879649712177,38.227964971217716
TR-047201,2025-10-26,october,Reefer,626.5,1470.86,1483.2224199787593,1464.3063543255917,1473.7643871521755,2.904387152175559
TR-047202,2025-10-26,october,Dry Van,1569.2,2831.48,2993.392559144972,2921.991470015901,2957.6920145804365,126.21201458043652
TR-047203,2025-10-26,october,Dry Van,2255.2,4296.46,4225.764048317221,4178.574883373825,4202.1694658455235,94.29053415447652
TR-047204,2025-10-26,october,Flatbed,1653.3,3567.75,3633.350298506898,3696.333936120871,3664.8421173138845,97.0921173138845
TR-047205,2025-10-27,october,Dry Van,991.5,2119.21,2149.568812715815,2107.7342698072075,2128.6515412615113,9.441541261511247
TR-047206,2025-10-27,october,Flatbed,714.6,1584.08,1693.2590546017184,1665.618640852422,1679.4388477270702,95.35884772707027
TR-047207,2025-10-27,october,Dry Van,1580.8,3084.43,3070.203888013913,3070.1926983794797,3070.1982931966963,14.231706803303496
TR-047208,2025-10-27,october,Dry Van,1555.6,3030.94,3084.6796726110792,3018.9975157138515,3051.8385941624656,20.898594162465542
TR-047209,2025-10-27,october,Reefer,592.1,1576.31,1579.6231308870117,1577.703333827106,1578.6632323570589,2.353232357058914
TR-047210,2025-10-27,october,Dry Van,1873.0,3628.01,3648.205278117414,3638.6802958750777,3643.4427869962456,15.43278699624534
TR-047211,2025-10-27,october,Dry Van,1179.1,2322.3,2313.528311356486,2297.0274976164887,2305.2779044864874,17.022095513512795
TR-047212,2025-10-27,october,Dry Van,1285.2,2454.04,2450.464998033395,2447.7873142212893,2449.1261561273423,4.913843872657708
TR-047213,2025-10-27,october,Dry Van,2265.4,4056.14,4105.957977295373,4027.423344167903,4066.6906607316378,10.55066073163789
TR-047214,2025-10-27,october,Flatbed,799.2,1807.01,1864.478401804188,1842.2029030912763,1853.3406524477323,46.33065244773229
TR-047215,2025-10-27,october,Flatbed,1789.6,3782.13,3842.430965626279,3812.9874097007314,3827.709187663505,45.579187663504854
TR-047216,2025-10-27,october,Flatbed,809.3,1723.55,1724.2246455704637,1725.8256844426144,1725.025165006539,1.4751650065391004
TR-047217,2025-10-27,october,Reefer,2065.1,3953.78,4100.715925291441,4046.5878487131617,4073.651887002301,119.87188700230081
TR-047218,2025-10-27,october,Flatbed,712.2,1711.52,1729.3501475639887,1688.8719126222902,1709.1110300931396,2.4089699068604205
TR-047219,2025-10-27,october,Flatbed,145.2,420.2,469.32807909623386,466.5204451497659,467.9242621229999,47.7242621229999
TR-047220,2025-10-27,october,Dry Van,275.6,610.07,636.2073035431196,602.1116955917687,619.1594995674441,9.089499567444022
TR-047221,2025-10-27,october,Reefer,1034.6,2265.35,2293.1658904245564,2282.02839935767,2287.597144891113,22.247144891113294
TR-047222,2025-10-27,october,Reefer,903.0,2055.67,2049.64782377239,2045.572911212237,2047.6103674923133,8.059632507686729
TR-047223,2025-10-27,october,Flatbed,323.2,841.61,904.4507404500343,872.1866486248682,888.3186945374513,46.708694537451265
TR-047224,2025-10-27,october,Dry Van,1729.8,3190.69,3193.8462523864455,3132.226884579446,3163.0365684829458,27.653431517054287
TR-047225,2025-10-27,october,Dry Van,1296.4,2582.43,2553.611767222955,2524.7418338383277,2539.1768005306412,43.253199469358606
TR-047226,2025-10-27,october,Dry Van,2542.2,4550.45,4644.51465132108,4545.512160113767,4595.013405717424,44.56340571742385
TR-047227,2025-10-27,october,Dry Van,514.6,1076.88,1086.184913291989,1074.6558034577815,1080.4203583748854,3.5403583748852725
TR-047228,2025-10-27,october,Dry Van,166.4,422.77,459.5957075688265,427.5678606333338,443.5817841010802,20.811784101080207
TR-047229,2025-10-27,october,Flatbed,900.0,2037.77,2115.3239089826898,2094.537099899585,2104.9305044411376,67.16050444113762
TR-047230,2025-10-27,october,Reefer,455.2,1126.61,1146.3562405883654,1145.9936395176442,1146.1749400530048,19.564940053004875
TR-047231,2025-10-27,october,Dry Van,612.6,1358.41,1338.8260919245486,1364.7103734598243,1351.7682326921863,6.6417673078137796
TR-047232,2025-10-27,october,Dry Van,620.0,1427.86,1441.6486076100655,1440.990941575436,1441.3197745927507,13.459774592750819
TR-047233,2025-10-27,october,Dry Van,367.4,812.38,834.53295198072,843.5243336633944,839.0286428220572,26.64864282205724
TR-047234,2025-10-27,october,Dry Van,336.8,788.83,800.7453973695585,801.1311849271192,800.9382911483389,12.108291148338822
TR-047235,2025-10-27,october,Dry Van,1529.9,3078.27,3055.9519969399566,3006.5600552064006,3031.256026073179,47.01397392682111
TR-047236,2025-10-27,october,Reefer,117.3,344.85,363.495680383249,354.8664732492414,359.1810768162452,14.331076816245172
TR-047237,2025-10-27,october,Dry Van,1515.8,2930.32,2899.266781025623,2953.0106358367216,2926.1387084311723,4.181291568827874
TR-047238,2025-10-27,october,Dry Van,314.3,777.61,781.4176194414595,767.5133753839114,774.4654974126854,3.144502587314605
TR-047239,2025-10-27,october,Dry Van,764.4,1493.29,1516.907132883639,1519.5486391576223,1518.2278860206306,24.937886020630685
TR-047240,2025-10-27,october,Reefer,1341.3,2918.22,2925.571284208478,2868.3213069868425,2896.9462955976605,21.273704402339263
TR-047241,2025-10-27,october,Flatbed,1058.9,2144.64,2290.989571420263,2194.9887035977977,2242.98913750903,98.34913750903024
TR-047242,2025-10-27,october,Dry Van,392.7,892.17,893.3537621774575,887.0927649980279,890.2232635877426,1.9467364122573372
TR-047243,2025-10-27,october,Reefer,1252.9,2709.66,2794.832040616087,2730.574467456216,2762.7032540361515,53.043254036151666
TR-047244,2025-10-27,october,Dry Van,1138.2,2232.87,2294.658515157731,2259.290748080753,2276.9746316192422,44.104631619242355
TR-047245,2025-10-27,october,Reefer,180.5,570.97,574.4554306340566,567.0000388791159,570.7277347565862,0.24226524341383993
TR-047246,2025-10-27,october,Dry Van,438.9,956.7,974.5564616346434,968.4498062869052,971.5031339607742,14.803133960774176
TR-047247,2025-10-27,october,Dry Van,1186.4,2367.47,2415.2465841000144,2350.2176998943874,2382.732141997201,15.26214199720107
TR-047248,2025-10-27,october,Flatbed,929.3,1881.5,1976.5015835633706,1952.59668755417,1964.5491355587703,83.04913555877033
TR-047249,2025-10-27,october,Reefer,446.3,1101.36,1154.9386734965028,1129.6196556746395,1142.2791645855712,40.91916458557125
TR-047250,2025-10-27,october,Dry Van,1655.3,3281.87,3247.659557836596,3232.718081916113,3240.1888198763545,41.68118012364539
TR-047251,2025-10-27,october,Dry Van,1598.9,3285.09,3224.1937259448073,3192.8747415828293,3208.5342337638185,76.55576623618163
TR-047252,2025-10-27,october,Dry Van,763.4,1487.21,1522.217541290633,1467.2347949627872,1494.72616812671,7.516168126709999
TR-047253,2025-10-27,october,Reefer,788.0,1979.85,2075.979736930105,1933.0813268974268,2004.530531913766,24.680531913766117
TR-047254,2025-10-27,october,Dry Van,1317.4,2463.55,2451.592655252995,2411.2675587587355,2431.4301070058655,32.119892994134716
TR-047255,2025-10-27,october,Reefer,1275.0,2865.84,2935.4257616149625,2912.6007378679806,2924.0132497414716,58.17324974147141
TR-047256,2025-10-27,october,Reefer,927.8,2200.08,2278.8592126589424,2246.3667246956898,2262.612968677316,62.53296867731615
TR-047257,2025-10-27,october,Dry Van,2144.5,4098.55,4103.74988145904,4039.7500444904917,4071.749962974766,26.80003702523436
TR-047258,2025-10-27,october,Dry Van,276.9,713.13,709.3540336998201,692.1472093848579,700.750621542339,12.379378457661005
TR-047259,2025-10-27,october,Reefer,615.6,1493.65,1568.0091946602495,1541.8234171490426,1554.916305904646,61.26630590464583
TR-047260,2025-10-27,october,Flatbed,2191.0,4291.12,4376.578562480285,4375.30337079843,4375.940966639357,84.82096663935681
TR-047261,2025-10-27,october,Reefer,2616.0,5450.63,5498.224829034024,5435.138786957801,5466.681807995912,16.051807995911986
TR-047262,2025-10-27,october,Flatbed,1636.0,3452.83,3540.97966436131,3624.3519109224085,3582.6657876418594,129.8357876418595
TR-047263,2025-10-27,october,Dry Van,922.8,1992.41,2006.2091937208218,1937.9070581858641,1972.0581259533428,20.351874046657258
TR-047264,2025-10-27,october,Dry Van,319.7,781.27,783.4219452977528,776.1312385593551,779.7765919285539,1.4934080714460833
TR-047265,2025-10-27,october,Dry Van,710.8,1559.38,1550.7527827497584,1563.6135977392023,1557.1831902444803,2.19680975551978
TR-047266,2025-10-27,october,Dry Van,1535.2,3012.34,3095.573290633849,3020.8864284846322,3058.2298595592406,45.88985955924045
TR-047267,2025-10-27,october,Dry Van,969.4,2001.79,2000.47734969594,1981.5495880893377,1991.0134688926387,10.77653110736128
TR-047268,2025-10-27,october,Dry Van,2213.4,4180.37,4147.638853351849,4134.0823947156,4140.860624033725,39.509375966275
TR-047269,2025-10-27,october,Flatbed,430.4,1008.7,1085.500902294207,1065.8280568515647,1075.6644795728857,66.9644795728857
TR-047270,2025-10-27,october,Dry Van,477.1,1119.83,1085.5177154373287,1075.2212197853173,1080.369467611323,39.46053238867694
TR-047271,2025-10-27,october,Flatbed,2621.1,5029.22,5090.37925390034,5121.036304417793,5105.707779159066,76.48777915906612
TR-047272,2025-10-27,october,Dry Van,193.6,485.95,512.2071277423198,486.661490298422,499.4343090203709,13.484309020370915
TR-047273,2025-10-27,october,Dry Van,463.4,1165.7,1121.7040734722943,1107.4090496685774,1114.5565615704359,51.143438429564185
TR-047274,2025-10-27,october,Dry Van,1039.1,2037.11,1984.480248830146,1982.7096092135223,1983.594929021834,53.515070978165795
TR-047275,2025-10-27,october,Reefer,2520.1,5264.57,5248.861166954294,5214.417693351914,5231.639430153104,32.930569846896105
TR-047276,2025-10-27,october,Reefer,768.7,1992.37,2011.1679788204756,1977.3470471825306,1994.257513001503,1.8875130015030663
TR-047277,2025-10-27,october,Dry Van,219.4,614.66,588.6182684040858,609.6066763124982,599.112472358292,15.547527641707916
TR-047278,2025-10-27,october,Reefer,1987.7,4113.53,4139.4291842124585,4091.6758405075016,4115.55251235998,2.022512359980283
TR-047279,2025-10-27,october,Reefer,2196.7,4347.35,4580.962240083691,4599.306510103121,4590.134375093406,242.7843750934053
TR-047280,2025-10-27,october,Dry Van,957.4,1962.23,1978.4313667215285,1958.3127332176357,1968.3720499695821,6.142049969582104
TR-047281,2025-10-27,october,Dry Van,570.4,1179.2,1180.7007236159895,1164.2577436095103,1172.4792336127498,6.720766387250251
TR-047282,2025-10-27,october,Dry Van,207.2,517.3,526.337840107661,500.7047867619949,513.521313434828,3.778686565171938
TR-047283,2025-10-27,october,Dry Van,2175.4,3901.87,3985.382477268296,3915.0585648687907,3950.2205210685433,48.35052106854346
TR-047284,2025-10-27,october,Flatbed,310.9,783.99,831.3523748407846,799.1244192385518,815.2383970396681,31.248397039668134
TR-047285,2025-10-27,october,Dry Van,772.6,1658.47,1631.1772886714527,1635.8492260935375,1633.513257382495,24.956742617504915
TR-047286,2025-10-27,october,Dry Van,1588.3,2984.09,2941.632636430542,2904.670093001587,2923.1513647160646,60.93863528393558
TR-047287,2025-10-27,october,Dry Van,103.8,292.09,284.7409189460264,289.60339400722205,287.1721564766242,4.91784352337578
TR-047288,2025-10-27,october,Dry Van,1211.3,2375.88,2493.147840929482,2441.287888004964,2467.217864467223,91.33786446722297
TR-047289,2025-10-27,october,Flatbed,2256.6,4115.51,4379.648383214425,4321.120233073991,4350.384308144208,234.87430814420804
TR-047290,2025-10-27,october,Dry Van,1334.2,2571.32,2510.42966959239,2437.681603967474,2474.055636779932,97.26436322006839
TR-047291,2025-10-27,october,Flatbed,425.5,1138.74,1162.2384295704485,1144.9676711903262,1153.6030503803872,14.863050380387222
TR-047292,2025-10-27,october,Flatbed,1477.0,2899.76,3113.1544112810743,3057.011409052894,3085.082910166984,185.322910166984
TR-047293,2025-10-27,october,Reefer,2801.9,5327.47,5503.137648417002,5336.4085827628505,5419.773115589926,92.30311558992616
TR-047294,2025-10-27,october,Flatbed,807.2,1662.74,1702.1660445797909,1743.2419244236978,1722.7039845017443,59.963984501744335
TR-047295,2025-10-27,october,Dry Van,750.2,1535.64,1523.9981190214457,1559.8168293097938,1541.9074741656198,6.26747416561966
TR-047296,2025-10-27,october,Flatbed,1225.5,2740.37,2775.1138933875473,2761.431919931148,2768.2729066593474,27.902906659347536
TR-047297,2025-10-27,october,Reefer,1467.2,3171.33,3257.4542498115907,3150.397574814925,3203.925912313258,32.59591231325794
TR-047298,2025-10-27,october,Flatbed,776.1,1657.15,1713.3378969795108,1695.2244401734479,1704.2811685764793,47.13116857647924
TR-047299,2025-10-27,october,Reefer,2979.1,19110.3,6065.007281398319,6092.7310110492035,6078.869146223761,13031.430853776237
TR-047300,2025-10-27,october,Dry Van,411.7,1042.31,1016.6196103903558,1013.0894954258421,1014.8545529080989,27.45544709190108
TR-047301,2025-10-27,october,Flatbed,2312.6,4466.18,4532.79207423392,4683.7614377355085,4608.276755984714,142.09675598471404
TR-047302,2025-10-27,october,Flatbed,1715.6,3304.3,3518.2659386508303,3470.031113107965,3494.1485258793978,189.84852587939758
TR-047303,2025-10-27,october,Dry Van,2936.3,5149.54,5179.9640786362515,5229.583175831129,5204.77362723369,55.23362723368973
TR-047304,2025-10-27,october,Reefer,1953.2,4210.91,4332.159687625321,4382.547638090318,4357.3536628578195,146.44366285781962
TR-047305,2025-10-27,october,Dry Van,2365.4,4473.29,4490.464521391391,4466.2333663480185,4478.348943869705,5.058943869705217
TR-047306,2025-10-27,october,Dry Van,930.0,1837.59,1853.0280282998037,1844.4959342978004,1848.761981298802,11.171981298802166
TR-047307,2025-10-27,october,Dry Van,1167.3,2456.79,2402.976831634462,2380.0081866251603,2391.492509129811,65.297490870189
TR-047308,2025-10-27,october,Reefer,1257.1,2818.51,2915.3828627478038,2945.883191360422,2930.633027054113,112.12302705411275
TR-047309,2025-10-27,october,Flatbed,2019.7,3911.92,4118.169486683454,4092.4456669407996,4105.307576812127,193.387576812127
TR-047310,2025-10-27,october,Flatbed,2139.9,4311.77,4353.224767881655,4390.990522088381,4372.107644985018,60.337644985017505
TR-047311,2025-10-27,october,Flatbed,728.4,1608.17,1700.576827171829,1687.9557604517022,1694.2662938117655,86.09629381176546
TR-047312,2025-10-27,october,Reefer,2786.7,5637.98,5658.499616647385,5655.66662987858,5657.083123262983,19.10312326298299
TR-047313,2025-10-27,october,Dry Van,879.9,1728.39,1734.1789474373095,1716.6493208061108,1725.41413412171,2.975865878290051
TR-047314,2025-10-27,october,Reefer,835.3,2008.6,2043.8191568548186,2015.2619615357064,2029.5405591952626,20.940559195262722
TR-047315,2025-10-27,october,Dry Van,719.1,1564.16,1541.2941826470285,1528.1342058764985,1534.7141942617636,29.44580573823646
TR-047316,2025-10-27,october,Dry Van,614.9,1320.45,1328.9617265584106,1308.033563248523,1318.4976449034668,1.9523550965332106
TR-047317,2025-10-27,october,Flatbed,1741.4,3409.07,3671.939971643983,3580.565763987837,3626.2528678159097,217.1828678159095
TR-047318,2025-10-27,october,Dry Van,1693.3,3084.87,3168.1035749802645,3113.0253334161716,3140.5644541982183,55.69445419821841
TR-047319,2025-10-27,october,Flatbed,1356.1,2904.7,3013.518424790485,2995.6177510862785,3004.5680879383817,99.8680879383819
TR-047320,2025-10-27,october,Dry Van,658.3,1355.05,1383.9307789196846,1362.996664357392,1373.4637216385383,18.41372163853839
TR-047321,2025-10-27,october,Dry Van,417.0,968.23,984.6392856960772,966.9745223040161,975.8069040000466,7.576904000046625
TR-047322,2025-10-27,october,Dry Van,1258.0,2451.68,2424.9989930773177,2448.4545870529714,2436.7267900651445,14.953209934855295
TR-047323,2025-10-27,october,Dry Van,485.4,1040.5,1040.6022582024857,1060.682021121041,1050.6421396617634,10.142139661763395
TR-047324,2025-10-27,october,Reefer,784.5,1729.69,1761.9170477459736,1781.0751599113723,1771.4961038286729,41.8061038286728
TR-047325,2025-10-27,october,Dry Van,1209.6,2546.21,2540.231487247142,2482.8320104742074,2511.5317488606747,34.67825113932531
TR-047326,2025-10-27,october,Dry Van,544.3,1149.91,1119.2241955976065,1139.984064571183,1129.6041300843947,20.3058699156054
TR-047327,2025-10-27,october,Dry Van,493.2,1124.24,1093.3262944641408,1090.534455011229,1091.9303747376848,32.309625262315194
TR-047328,2025-10-27,october,Dry Van,457.1,1078.91,1075.51491272597,1077.9194874474892,1076.7172000867295,2.192799913270619
TR-047329,2025-10-27,october,Flatbed,470.1,1082.86,1158.7488622302733,1125.4832055413476,1142.1160338858103,59.25603388581044
TR-047330,2025-10-27,october,Dry Van,288.3,754.18,769.1655269530789,744.3151097674406,756.7403183602598,2.5603183602598847
TR-047331,2025-10-27,october,Dry Van,586.4,1260.1,1288.542113627874,1301.2285122646085,1294.8853129462414,34.78531294624145
TR-047332,2025-10-27,october,Reefer,1219.1,2947.21,2889.5872166422814,2884.0020622260536,2886.7946394341675,60.41536056583254
TR-047333,2025-10-27,october,Dry Van,169.0,467.71,485.79198048874775,463.1538748230462,474.47292765589697,6.762927655896988
TR-047334,2025-10-27,october,Flatbed,886.2,1963.72,1995.903602346235,1961.9994792438276,1978.9515407950312,15.231540795031151
TR-047335,2025-10-27,october,Dry Van,2440.9,4254.89,4386.904607442995,4354.068138092189,4370.486372767592,115.59637276759167
TR-047336,2025-10-27,october,Flatbed,926.2,2173.71,2219.725950792031,2197.2446274739423,2208.4852891329865,34.77528913298647
TR-047337,2025-10-27,october,Flatbed,3097.3,5916.65,5926.527695768571,6182.892107313054,6054.709901540813,138.05990154081337
TR-047338,2025-10-27,october,Dry Van,1032.8,2248.82,2218.758212100373,2180.3733625769146,2199.5657873386435,49.25421266135663
TR-047339,2025-10-27,october,Reefer,820.9,1837.42,1919.5957479526664,1874.3387264606267,1896.9672372066466,59.547237206646514
TR-047340,2025-10-27,october,Dry Van,922.8,1909.42,1923.702670535383,1904.0085922627716,1913.8556313990773,4.435631399077238
TR-047341,2025-10-27,october,Dry Van,382.9,969.54,945.360113397206,951.3011112170943,948.3306123071502,21.20938769284976
TR-047342,2025-10-27,october,Flatbed,437.1,1081.86,1129.6080748347354,1130.028618320551,1129.8183465776433,47.9583465776434
TR-047343,2025-10-27,october,Dry Van,355.7,880.2,862.6409608416266,841.3451093891426,851.9930351153846,28.206964884615445
TR-047344,2025-10-27,october,Flatbed,366.4,910.03,976.1385136767909,930.1849060639429,953.1617098703668,43.131709870366876
TR-047345,2025-10-27,october,Dry Van,2596.2,4879.54,4786.753746459028,4750.8204016160435,4768.787074037536,110.75292596246436
TR-047346,2025-10-27,october,Dry Van,3173.4,5653.31,5594.32696790576,5580.630287535425,5587.478627720593,65.83137227940733
TR-047347,2025-10-27,october,Dry Van,699.3,1481.77,1488.9553861343284,1490.706229453233,1489.8308077937807,8.060807793780668
TR-047348,2025-10-27,october,Reefer,202.9,600.37,620.8781904619261,624.8158645054839,622.847027483705,22.477027483705
TR-047349,2025-10-27,october,Dry Van,552.6,1181.66,1186.8554698664657,1207.7734219688523,1197.314445917659,15.654445917658904
TR-047350,2025-10-27,october,Reefer,1320.9,3020.37,3082.3381664070284,3076.374063423593,3079.3561149153106,58.986114915310736
TR-047351,2025-10-27,october,Dry Van,1067.6,1953.54,1986.7188646310844,2013.874666999323,2000.2967658152038,46.756765815203835
TR-047352,2025-10-27,october,Dry Van,1262.8,2506.68,2510.2779838761057,2527.97209109371,2519.125037484908,12.44503748490797
TR-047353,2025-10-28,october,Flatbed,715.7,1575.97,1619.316261710003,1648.706792488972,1634.0115270994875,58.04152709948744
TR-047354,2025-10-28,october,Dry Van,324.2,696.47,718.0727075410705,724.1190087895566,721.0958581653135,24.625858165313502
TR-047355,2025-10-28,october,Reefer,831.6,2128.96,2116.655505031583,2035.9689389378334,2076.3122219847082,52.647778015291806
TR-047356,2025-10-28,october,Dry Van,198.6,504.28,497.3609168093234,481.1294929700557,489.24520488968955,15.034795110310426
TR-047357,2025-10-28,october,Dry Van,1954.9,3847.37,3720.4376977871966,3698.4414207072405,3709.4395592472183,137.93044075278158
TR-047358,2025-10-28,october,Flatbed,2384.7,5009.28,4947.988801353154,5071.47291675361,5009.730859053381,0.45085905338146404
TR-047359,2025-10-28,october,Reefer,1233.6,2709.64,2829.808227315806,2765.1677192269494,2797.487973271378,87.84797327137812
TR-047360,2025-10-28,october,Dry Van,1743.9,3458.39,3497.0279319177753,3488.1865189673126,3492.607225442544,34.21722544254408
TR-047361,2025-10-28,october,Dry Van,770.4,1718.9,1702.7705197852085,1700.9137301140654,1701.8421249496369,17.057875050363236
TR-047362,2025-10-28,october,Dry Van,705.6,1468.62,1460.4881325404444,1452.7558676836861,1456.6220001120653,11.997999887934611
TR-047363,2025-10-28,october,Flatbed,225.6,618.21,666.7195597227732,653.7680320168276,660.2437958698004,42.033795869800315
TR-047364,2025-10-28,october,Flatbed,487.6,1285.55,1297.4480059190619,1312.1981241382382,1304.82306502865,19.27306502865008
TR-047365,2025-10-28,october,Reefer,529.9,1391.52,1455.6290168414682,1398.7524025126954,1427.190709677082,35.67070967708196
TR-047366,2025-10-28,october,Flatbed,818.8,1832.71,1884.262905454428,1890.90196422682,1887.582434840624,54.87243484062401
TR-047367,2025-10-28,october,Dry Van,967.4,2095.3,2076.4223405916123,2053.937202928258,2065.179771759935,30.12022824006499
TR-047368,2025-10-28,october,Flatbed,442.0,1044.28,1077.271992116692,1056.6015315937939,1066.9367618552428,22.65676185524285
TR-047369,2025-10-28,october,Dry Van,975.4,2093.14,2071.799674231991,2044.7568337857658,2058.2782540088783,34.86174599112155
TR-047370,2025-10-28,october,Reefer,314.8,888.73,929.0415765469212,955.9351039070048,942.4883402269629,53.7583402269629
TR-047371,2025-10-28,october,Dry Van,2183.5,3924.86,3952.184913614761,3889.484786168334,3920.8348498915475,4.025150108452635
TR-047372,2025-10-28,october,Reefer,1198.9,2569.09,2683.241978113274,2525.0065385784897,2604.1242583458816,35.034258345881426
TR-047373,2025-10-28,october,Reefer,848.6,1998.58,2067.2489211514226,2067.716605328068,2067.4827632397455,68.90276323974558
TR-047374,2025-10-28,october,Dry Van,533.8,1234.58,1195.1866703946582,1190.3437725162976,1192.7652214554778,41.81477854452214
TR-047375,2025-10-28,october,Reefer,863.3,2035.9,2092.107889188032,2066.092210796616,2079.100049992324,43.200049992323784
TR-047376,2025-10-28,october,Dry Van,1886.6,3597.23,3545.4907596953553,3529.2130545484742,3537.351907121915,59.878092878085226
TR-047377,2025-10-28,october,Dry Van,1139.4,2321.27,2225.225108322955,2234.263700871217,2229.744404597086,91.52559540291395
TR-047378,2025-10-28,october,Dry Van,1672.1,3163.93,3193.9374894875923,3164.360246280483,3179.148867884038,15.21886788403799
TR-047379,2025-10-28,october,Flatbed,884.5,1939.15,1958.4079154277604,1996.9300286509751,1977.6689720393679,38.51897203936778
TR-047380,2025-10-28,october,Dry Van,361.0,856.65,862.0223630663213,872.8710770002115,867.4467200332664,10.79672003326641
TR-047381,2025-10-28,october,Reefer,2035.1,4463.62,4464.129217299183,4501.025672617117,4482.57744495815,18.957444958150518
TR-047382,2025-10-28,october,Flatbed,2040.7,4338.95,4290.616534670345,4370.103000008119,4330.359767339232,8.59023266076747
TR-047383,2025-10-28,october,Dry Van,685.8,1498.89,1497.0989130855785,1508.3333902548757,1502.7161516702272,3.826151670227091
TR-047384,2025-10-28,october,Reefer,634.2,1571.22,1572.133977593568,1589.3912387255284,1580.762608159548,9.542608159548081
TR-047385,2025-10-28,october,Dry Van,2338.2,4355.11,4460.164828453534,4418.766663405621,4439.465745929578,84.355745929578
TR-047386,2025-10-28,october,Flatbed,1049.3,2270.1,2388.564776322819,2328.2738293057373,2358.419302814278,88.31930281427822
TR-047387,2025-10-28,october,Flatbed,458.9,1042.46,1106.6931021053817,1061.8154120092609,1084.2542570573214,41.794257057321374
TR-047388,2025-10-28,october,Dry Van,2095.1,3678.26,3827.8324801874232,3696.4997125422074,3762.1660963648155,83.90609636481531
TR-047389,2025-10-28,october,Dry Van,679.8,1425.24,1406.984597624245,1382.2469106697272,1394.615754146986,30.624245853013917
TR-047390,2025-10-28,october,Dry Van,2531.1,4745.33,4616.567202573554,4599.81670750915,4608.191955041351,137.1380449586486
TR-047391,2025-10-28,october,Reefer,598.2,1405.42,1444.5470829883018,1464.9767117506744,1454.761897369488,49.341897369487924
TR-047392,2025-10-28,october,Reefer,435.0,1120.77,1124.6161798764929,1136.52637072636,1130.5712753014263,9.801275301426358
TR-047393,2025-10-28,october,Dry Van,428.0,941.6,946.9284947710436,930.0119298776913,938.4702123243674,3.129787675632656
TR-047394,2025-10-28,october,Flatbed,2306.4,4749.79,4652.193662636725,4836.658271931137,4744.425967283931,5.364032716069232
TR-047395,2025-10-28,october,Dry Van,1652.5,3187.5,3134.8055718314017,3180.7422595698395,3157.773915700621,29.72608429937918
TR-047396,2025-10-28,october,Flatbed,1413.1,3189.23,3185.8916582119923,3240.004785828043,3212.948222020018,23.718222020017947
TR-047397,2025-10-28,october,Dry Van,248.3,656.46,639.9463485789502,662.698552541742,651.322450560346,5.137549439653981
TR-047398,2025-10-28,october,Reefer,1151.6,2465.88,2594.6909133849704,2553.2218409378083,2573.9563771613894,108.07637716138925
TR-047399,2025-10-28,october,Reefer,909.5,2112.89,2142.600337556214,2108.1293294003494,2125.364833478282,12.474833478282108
TR-047400,2025-10-28,october,Dry Van,637.7,1354.66,1368.4832732480795,1359.6706435233823,1364.076958385731,9.416958385730823
TR-047401,2025-10-28,october,Reefer,356.8,1019.77,1030.6234284385264,993.9465309069228,1012.2849796727246,7.485020327275379
TR-047402,2025-10-28,october,Dry Van,1442.5,2754.21,2874.443386726692,2837.1396341925733,2855.7915104596327,101.58151045963268
TR-047403,2025-10-28,october,Flatbed,2829.3,5681.27,5576.667161889162,5757.503967685068,5667.085564787116,14.184435212884637
TR-047404,2025-10-28,october,Reefer,2355.5,4655.6,4771.745533264067,4691.761815829882,4731.753674546974,76.15367454697389
TR-047405,2025-10-28,october,Dry Van,468.7,1077.64,1068.4636502637054,1065.0048135748216,1066.7342319192635,10.905768080736607
TR-047406,2025-10-28,october,Dry Van,1249.0,2642.51,2645.6710481125037,2571.660053056472,2608.665550584488,33.84444941551237
TR-047407,2025-10-28,october,Dry Van,1611.3,3069.81,3055.3215010704967,3069.3415573176317,3062.3315291940644,7.478470805935558
TR-047408,2025-10-28,october,Dry Van,2026.7,3993.34,3971.0838202211626,3834.208405065009,3902.646112643086,90.69388735691427
TR-047409,2025-10-28,october,Dry Van,723.9,1605.8,1579.0062282451709,1572.5579166315183,1575.7820724383446,30.01792756165537
TR-047410,2025-10-28,october,Dry Van,1500.2,3021.1,3020.788953551862,2985.1208445024304,3002.954899027146,18.145100972853925
TR-047411,2025-10-28,october,Flatbed,1197.4,2578.04,2657.249896542874,2618.707565122956,2637.978730832915,59.9387308329151
TR-047412,2025-10-28,october,Dry Van,1852.0,3556.61,3634.850641225006,3567.664482942661,3601.2575620838334,44.647562083833236
TR-047413,2025-10-28,october,Dry Van,596.6,1183.25,1212.9269609973057,1208.7375064547953,1210.8322337260506,27.582233726050617
TR-047414,2025-10-28,october,Reefer,428.5,1176.14,1167.4907852837255,1134.7316416508945,1151.1112134673099,25.02878653269022
TR-047415,2025-10-28,october,Flatbed,2587.3,5096.63,5121.368339728942,5240.433422317283,5180.900881023113,84.27088102311245
TR-047416,2025-10-28,october,Dry Van,769.0,1591.65,1627.2496898489308,1604.2177799449526,1615.7337348969418,24.083734896941678
TR-047417,2025-10-28,october,Dry Van,1149.8,2284.94,2266.4663744945055,2302.368552352912,2284.417463423709,0.5225365762912588
TR-047418,2025-10-28,october,Dry Van,2187.1,4063.92,4011.541681391721,3994.1144048002825,4002.8280430960017,61.09195690399838
TR-047419,2025-10-28,october,Reefer,421.9,1091.27,1113.837333478799,1131.9368516440077,1122.8870925614033,31.617092561403297
TR-047420,2025-10-28,october,Dry Van,1650.6,3212.28,3126.8731437861743,3174.1155226879555,3150.494333237065,61.78566676293531
TR-047421,2025-10-28,october,Dry Van,2190.8,4325.34,4150.424909268907,4125.422796195275,4137.92385273209,187.41614726790976
TR-047422,2025-10-28,october,Flatbed,404.4,1022.33,1082.6781185138902,1084.1386046232597,1083.408361568575,61.078361568574906
TR-047423,2025-10-28,october,Flatbed,658.0,1600.71,1661.4654959039215,1645.240462152239,1653.3529790280802,52.64297902808016
TR-047424,2025-10-28,october,Reefer,2896.1,5972.82,5751.348187571615,5800.670488065226,5776.009337818421,196.81066218157866
TR-047425,2025-10-28,october,Dry Van,2544.0,4709.46,4768.87294878696,4714.238111783182,4741.555530285071,32.09553028507071
TR-047426,2025-10-28,october,Flatbed,1639.3,3365.06,3493.692587368322,3484.271436002517,3488.98201168542,123.92201168541987
TR-047427,2025-10-28,october,Reefer,1148.9,2540.54,2653.1091646213117,2633.392845413844,2643.251005017578,102.71100501757792
TR-047428,2025-10-28,october,Dry Van,419.1,993.52,994.211837555669,990.5068766169954,992.3593570863322,1.1606429136677434
TR-047429,2025-10-28,october,Dry Van,272.6,692.88,704.8584595087734,711.1931825555562,708.0258210321648,15.145821032164804
TR-047430,2025-10-28,october,Reefer,783.7,1841.61,1876.8213020882285,1861.0006913086643,1868.9109966984465,27.300996698446625
TR-047431,2025-10-28,october,Dry Van,926.5,1806.26,1814.781040004034,1747.0484311788189,1780.9147355914265,25.345264408573485
TR-047432,2025-10-28,october,Flatbed,1978.6,4295.45,4161.524692607061,4234.354463595479,4197.93957810127,97.51042189872987
TR-047433,2025-10-28,october,Reefer,664.6,1613.18,1703.889705685455,1650.958786202158,1677.4242459438065,64.24424594380639
TR-047434,2025-10-28,october,Dry Van,1096.5,2271.94,2256.087018038597,2232.421073987779,2244.2540460131877,27.685953986812365
TR-047435,2025-10-28,october,Dry Van,928.7,2060.68,2009.432718894293,1991.4496696400297,2000.4411942671613,60.2388057328385
TR-047436,2025-10-28,october,Flatbed,650.4,1447.73,1497.3397018332948,1455.4678719005956,1476.4037868669452,28.673786866945193
TR-047437,2025-10-28,october,Reefer,527.7,1373.08,1443.7462364648452,1408.3687703252674,1426.0575033950563,52.977503395056374
TR-047438,2025-10-28,october,Flatbed,1867.0,3974.95,4059.959557782762,4061.090324944429,4060.5249413635956,85.57494136359583
TR-047439,2025-10-28,october,Reefer,1186.8,2686.94,2726.1968664574965,2723.744230123407,2724.970548290452,38.03054829045186
TR-047440,2025-10-28,october,Dry Van,1242.8,2579.09,2518.857398119626,2519.140778318273,2518.9990882189495,60.090911781050636
TR-047441,2025-10-28,october,Flatbed,1458.4,3125.81,3127.662230184973,3233.2827137601157,3180.4724719725446,54.66247197254461
TR-047442,2025-10-28,october,Reefer,738.3,1760.31,1800.7141329851531,1788.479677675566,1794.5969053303597,34.28690533035979
TR-047443,2025-10-28,october,Flatbed,1287.2,2912.71,2892.062452751944,2881.328428204898,2886.695440478421,26.01455952157903
TR-047444,2025-10-28,october,Dry Van,3024.7,5224.85,5256.992383856487,5224.67484691891,5240.833615387699,15.983615387698592
TR-047445,2025-10-28,october,Dry Van,443.2,985.67,987.0516242879152,961.7729628666166,974.4122935772659,11.257706422734032
TR-047446,2025-10-28,october,Dry Van,735.8,1465.33,1461.8211024203456,1444.842340495128,1453.3317214577369,11.998278542263051
TR-047447,2025-10-28,october,Dry Van,1882.9,3575.15,3547.030920505792,3523.187913794821,3535.1094171503064,40.04058284969369
TR-047448,2025-10-28,october,Dry Van,1495.0,3023.55,3034.6338816683615,2972.844257971933,3003.739069820147,19.81093017985313
TR-047449,2025-10-28,october,Dry Van,737.2,1474.64,1462.2113709542014,1455.5336285542026,1458.872499754202,15.767500245798146
TR-047450,2025-10-28,october,Reefer,920.4,2197.71,2210.6407075867687,2167.123590470603,2188.882149028686,8.827850971314092
TR-047451,2025-10-28,october,Dry Van,850.0,1698.45,1699.105720116309,1670.1728286607877,1684.6392743885483,13.810725611451744
TR-047452,2025-10-28,october,Reefer,623.3,1540.06,1590.167553349476,1532.6065756827081,1561.387064516092,21.32706451609215
TR-047453,2025-10-28,october,Dry Van,2091.9,3650.16,3561.849704334816,3673.5381224935854,3617.693913414201,32.466086585799076
TR-047454,2025-10-28,october,Dry Van,2376.2,4413.94,4316.022281604162,4296.705085616679,4306.363683610421,107.576316389579
TR-047455,2025-10-28,october,Dry Van,932.1,1871.9,1885.4208600786235,1880.0824604960815,1882.7516602873525,10.851660287352388
TR-047456,2025-10-28,october,Flatbed,1708.0,3295.02,3475.7762533461428,3437.796906424641,3456.786579885392,161.76657988539182
TR-047457,2025-10-28,october,Reefer,958.0,2174.2,2205.6427680619263,2180.285259980223,2192.964014021075,18.764014021075127
TR-047458,2025-10-28,october,Dry Van,2267.2,4308.62,4342.701608687426,4293.240646597864,4317.971127642645,9.351127642645224
TR-047459,2025-10-28,october,Reefer,490.2,1258.82,1327.5713176681106,1290.1280255969436,1308.8496716325271,50.0296716325272
TR-047460,2025-10-28,october,Dry Van,549.0,1200.85,1179.5475860037918,1164.0679545817443,1171.807770292768,29.042229707231854
TR-047461,2025-10-28,october,Reefer,987.4,2207.48,2322.0484079853604,2274.5388857304465,2298.2936468579037,90.81364685790368
TR-047462,2025-10-28,october,Flatbed,2069.7,3936.26,4071.0428612966293,4146.233452937822,4108.638157117226,172.37815711722578
TR-047463,2025-10-28,october,Reefer,1640.8,3628.24,3725.803102456986,3728.6487356623265,3727.225919059656,98.98591905965623
TR-047464,2025-10-28,october,Flatbed,2642.2,5167.12,5255.13285811277,5377.966665757456,5316.549761935114,149.42976193511367
TR-047465,2025-10-28,october,Dry Van,807.5,1696.9,1622.0540875844877,1633.4242695252206,1627.739178554854,69.16082144514598
TR-047466,2025-10-28,october,Dry Van,541.3,1179.5,1162.1424327939774,1180.9179362628283,1171.530184528403,7.96981547159703
TR-047467,2025-10-28,october,Dry Van,507.6,1083.36,1098.0398770117606,1072.2359563134987,1085.1379166626298,1.7779166626298775
TR-047468,2025-10-28,october,Dry Van,746.6,1641.29,1625.4869488667098,1617.2206914499593,1621.3538201583347,19.936179841665307
TR-047469,2025-10-28,october,Dry Van,624.4,1458.78,1453.1109732202913,1449.3853800800136,1451.2481766501523,7.5318233498476275
TR-047470,2025-10-28,october,Reefer,534.0,1330.5,1348.0159491958177,1326.3967702425673,1337.2063597191925,6.7063597191925055
TR-047471,2025-10-28,october,Flatbed,1766.6,3611.22,3823.157277662141,3703.3648751360734,3763.261076399107,152.04107639910717
TR-047472,2025-10-28,october,Dry Van,235.1,595.09,603.4454477482116,592.5192040769036,597.9823259125576,2.892325912557567
TR-047473,2025-10-28,october,Dry Van,2465.2,4372.61,4455.209233682364,4364.123997864226,4409.666615773295,37.05661577329556
TR-047474,2025-10-28,october,Flatbed,774.0,1745.58,1781.3077176732957,1729.8376103373164,1755.572664005306,9.992664005306096
TR-047475,2025-10-28,october,Reefer,548.7,1307.46,1351.5208607243,1314.9610989320354,1333.2409798281678,25.7809798281678
TR-047476,2025-10-28,october,Reefer,282.3,751.16,788.7013388210453,785.782847599909,787.2420932104772,36.08209321047718
TR-047477,2025-10-28,october,Dry Van,383.6,916.19,926.1036153395944,910.3511547832934,918.2273850614439,2.0373850614438425
TR-047478,2025-10-28,october,Flatbed,1408.6,2860.24,3023.7081488205595,3051.594701338116,3037.651425079338,177.4114250793382
TR-047479,2025-10-28,october,Dry Van,2101.8,4115.49,4074.4596854079227,3898.427667077298,3986.4436762426103,129.04632375738947
TR-047480,2025-10-28,october,Dry Van,1473.1,2873.82,2892.422089236927,2874.463196400285,2883.442642818606,9.622642818605982
TR-047481,2025-10-28,october,Dry Van,108.5,283.17,283.3136624412495,279.240640381257,281.27715141125327,1.8928485887467446
TR-047482,2025-10-28,october,Dry Van,1040.7,2125.82,2208.4797019962116,2104.2969488165722,2156.388325406392,30.568325406391978
TR-047483,2025-10-28,october,Dry Van,975.2,1976.8,1932.7176714229051,1905.2013226493132,1918.959497036109,57.84050296389091
TR-047484,2025-10-29,october,Reefer,1518.9,3370.38,3359.8138290940287,3381.575478784326,3370.6946539391774,0.3146539391773331
TR-047485,2025-10-29,october,Dry Van,823.5,1870.23,1852.8066428474776,1788.1587082873816,1820.4826755674296,49.747324432570394
TR-047486,2025-10-29,october,Reefer,152.1,484.6,484.9848478243103,483.28747019485013,484.1361590095802,0.4638409904198397
TR-047487,2025-10-29,october,Dry Van,490.5,1121.9,1127.6523031186957,1097.2573766857472,1112.4548399022215,9.445160097778626
TR-047488,2025-10-29,october,Reefer,1014.5,2270.61,2278.2224385928716,2226.1813231958686,2252.2018808943703,18.408119105629794
TR-047489,2025-10-29,october,Dry Van,1602.4,2892.34,2968.4525036748278,2892.3962768877677,2930.4243902812977,38.0843902812976
TR-047490,2025-10-29,october,Flatbed,1283.9,2747.48,2820.4233574883274,2729.1514367854347,2774.787397136881,27.30739713688081
TR-047491,2025-10-29,october,Reefer,556.8,1363.85,1371.1096512632334,1380.9735729426068,1376.0416121029202,12.191612102920317
TR-047492,2025-10-29,october,Dry Van,1737.9,3559.43,3503.357011947587,3490.4587519774414,3496.9078819625142,62.5221180374856
TR-047493,2025-10-29,october,Dry Van,1066.8,2250.61,2190.690898364545,2210.8428656690453,2200.766882016795,49.84311798320505
TR-047494,2025-10-29,october,Dry Van,327.0,731.72,743.6051081682652,745.7431725600336,744.6741403641495,12.954140364149453
TR-047495,2025-10-29,october,Flatbed,341.3,888.94,941.3569688234717,920.6698905981928,931.0134297108323,42.073429710832215
TR-047496,2025-10-29,october,Dry Van,1743.6,3390.51,3320.3382556611678,3337.26792946382,3328.803092562494,61.70690743750629
TR-047497,2025-10-29,october,Flatbed,169.4,500.4,536.3910091293509,550.3276775590907,543.3593433442209,42.95934334422088
TR-047498,2025-10-29,october,Dry Van,731.6,1606.79,1569.8684737121578,1605.106038617656,1587.4872561649067,19.302743835093224
TR-047499,2025-10-29,october,Dry Van,1796.7,3778.61,3559.626106643737,3619.004058487353,3589.315082565545,189.29491743445533
TR-047500,2025-10-29,october,Dry Van,2319.7,4190.67,4266.88565038763,4260.956916041107,4263.921283214369,73.25128321436932
TR-047501,2025-10-29,october,Reefer,790.2,1783.42,1746.539129496366,1748.6015952368816,1747.5703623666238,35.84963763337623
TR-047502,2025-10-29,october,Flatbed,299.5,846.81,858.6016662172766,870.6616574113903,864.6316618143335,17.821661814333538
TR-047503,2025-10-29,october,Reefer,1674.0,3685.43,3732.188348200375,3682.240340986237,3707.214344593306,21.784344593306287
TR-047504,2025-10-29,october,Reefer,2063.5,880.04,4321.526790766193,4321.520026385983,4321.523408576088,3441.4834085760876
TR-047505,2025-10-29,october,Reefer,1691.5,3606.92,3613.7897241021387,3639.347277494835,3626.5685007984866,19.648500798486566
TR-047506,2025-10-29,october,Dry Van,1112.3,2312.14,2269.043586599475,2246.6810951666494,2257.862340883062,54.277659116937684
TR-047507,2025-10-29,october,Reefer,2454.6,5152.2,5136.146319647849,5178.656304505579,5157.401312076714,5.201312076714203
TR-047508,2025-10-29,october,Dry Van,290.9,766.56,776.5262054889934,769.9148794188561,773.2205424539247,6.660542453924791
TR-047509,2025-10-29,october,Dry Van,160.3,446.16,426.30542214323503,419.8758430941775,423.0906326187063,23.069367381293716
TR-047510,2025-10-29,october,Flatbed,959.7,2272.15,2299.024407368428,2309.946956026725,2304.485681697576,32.33568169757609
TR-047511,2025-10-29,october,Dry Van,1398.3,2651.73,2661.227719938713,2648.6602441688683,2654.943982053791,3.2139820537909145
TR-047512,2025-10-29,october,Dry Van,2002.3,3767.08,3658.494930337077,3707.0965699588187,3682.7957501479477,84.2842498520522
TR-047513,2025-10-29,october,Flatbed,2399.3,4946.8,4869.6249654508065,5029.466118149642,4949.545541800224,2.745541800223691
TR-047514,2025-10-29,october,Dry Van,450.4,994.65,983.4511994998138,992.3619848454687,987.9065921726412,6.7434078273587374
TR-047515,2025-10-29,october,Flatbed,944.0,2144.48,2107.69999703673,2150.8476489283166,2129.2738229825236,15.20617701747642
TR-047516,2025-10-29,october,Dry Van,856.3,1957.2,1920.0640938426327,1899.0528208562964,1909.5584573494646,47.641542650535484
TR-047517,2025-10-29,october,Dry Van,564.1,1357.67,1318.3388041565709,1318.8986481980048,1318.618726177288,39.05127382271212
TR-047518,2025-10-29,october,Reefer,749.1,1760.13,1796.5584283521368,1779.3101318108736,1787.9342800815052,27.804280081505112
TR-047519,2025-10-29,october,Dry Van,689.0,1602.83,1532.3359851940309,1556.743108006843,1544.539546600437,58.29045339956292
TR-047520,2025-10-29,october,Reefer,484.8,1269.47,1265.0645806698,1289.2890099273995,1277.1767952985997,7.706795298599673
TR-047521,2025-10-29,october,Dry Van,697.9,1527.82,1512.5112698259227,1505.0421008195854,1508.776685322754,19.043314677245917
TR-047522,2025-10-29,october,Dry Van,286.4,757.91,735.7258291256818,747.7136694096775,741.7197492676796,16.19025073232035
TR-047523,2025-10-29,october,Reefer,433.5,1174.09,1193.4300348940158,1194.1755912008805,1193.8028130474481,19.712813047448208
TR-047524,2025-10-29,october,Flatbed,675.2,1547.03,1588.2553780830694,1571.3001469207554,1579.7777625019125,32.747762501912575
TR-047525,2025-10-29,october,Dry Van,2321.5,4199.93,4163.544109647837,4142.10050238793,4152.822306017883,47.10769398211687
TR-047526,2025-10-29,october,Dry Van,692.5,1434.93,1463.408042625311,1407.0801139529347,1435.2440782891229,0.31407828912279
TR-047527,2025-10-29,october,Dry Van,1469.7,2909.37,2822.315909861186,2844.2744209923703,2833.295165426778,76.07483457322178
TR-047528,2025-10-29,october,Flatbed,93.0,299.74,335.32954802763203,352.9899740220885,344.15976102486025,44.419761024860236
TR-047529,2025-10-29,october,Dry Van,453.6,996.52,984.0585817309734,985.306494248945,984.6825379899592,11.837462010040781
TR-047530,2025-10-29,october,Dry Van,424.6,1043.66,1031.0632277696159,1043.203246457169,1037.1332371133924,6.526762886607685
TR-047531,2025-10-29,october,Dry Van,2037.1,3939.96,3933.106619672228,3970.5074483495036,3951.807034010866,11.847034010866082
TR-047532,2025-10-29,october,Dry Van,1562.2,3087.48,3131.471486620537,3120.820610664532,3126.1460486425344,38.666048642534406
TR-047533,2025-10-29,october,Reefer,831.6,2012.77,2076.919102649739,2056.781440078593,2066.850271364166,54.08027136416604
TR-047534,2025-10-29,october,Flatbed,686.7,1537.05,1579.444928118367,1591.4343842376625,1585.4396561780147,48.389656178014775
TR-047535,2025-10-29,october,Dry Van,1357.2,2731.05,2719.6212040854084,2742.6466025735454,2731.133903329477,0.08390332947692514
TR-047536,2025-10-29,october,Dry Van,734.7,1532.23,1529.8197915819062,1525.5768929673359,1527.6983422746212,4.531657725378864
TR-047537,2025-10-29,october,Dry Van,2782.4,15003.55,4955.661208146234,4917.97054554273,4936.815876844482,10066.734123155518
TR-047538,2025-10-29,october,Dry Van,2847.6,5253.36,5275.200529686746,5285.3318913619105,5280.266210524329,26.906210524329254
TR-047539,2025-10-29,october,Dry Van,1041.1,472.91,1979.503789665046,2004.340305687659,1991.9220476763526,1519.0120476763525
TR-047540,2025-10-29,october,Dry Van,596.3,1301.4,1291.7127379363465,1287.4554646089236,1289.584101272635,11.815898727365038
TR-047541,2025-10-29,october,Flatbed,405.4,1028.05,1053.3634004921016,1066.884948188695,1060.1241743403984,32.074174340398486
TR-047542,2025-10-29,october,Dry Van,1129.3,2245.8,2159.7399811643677,2198.434197338332,2179.08708925135,66.7129107486503
TR-047543,2025-10-29,october,Dry Van,1579.2,3160.91,3189.137764170231,3146.975428866079,3168.056596518155,7.146596518155093
TR-047544,2025-10-29,october,Dry Van,1291.1,2737.09,2670.1048394197123,2603.5358135966817,2636.820326508197,100.26967349180313
TR-047545,2025-10-29,october,Flatbed,1881.2,4073.56,4100.891719958866,4092.7494882064784,4096.820604082672,23.26060408267176
TR-047546,2025-10-29,october,Dry Van,1367.0,2729.05,2765.1533036524156,2619.3069257432944,2692.2301146978552,36.81988530214494
TR-047547,2025-10-29,october,Dry Van,1091.3,2164.35,2095.136669275554,2109.57935873719,2102.3580140063723,61.99198599362762
TR-047548,2025-10-29,october,Dry Van,716.4,1457.56,1437.5810186551234,1449.3040348446507,1443.442526749887,14.11747325011288
TR-047549,2025-10-29,october,Reefer,1650.7,3814.07,3733.6794313573514,3764.5563636364323,3749.1178974968916,64.95210250310856
TR-047550,2025-10-29,october,Dry Van,406.9,934.1,929.4682214077109,930.3364831564954,929.9023522821032,4.197647717896871
TR-047551,2025-10-29,october,Dry Van,491.2,1173.54,1155.8883943318858,1151.2965457682637,1153.5924700500748,19.947529949925183
TR-047552,2025-10-29,october,Flatbed,2283.8,4781.72,4777.154852518791,4958.786667037932,4867.970759778362,86.2507597783615
TR-047553,2025-10-29,october,Dry Van,672.2,1576.9,1532.3874148018467,1517.0454541718204,1524.7164344868336,52.18356551316651
TR-047554,2025-10-29,october,Reefer,1471.7,3164.95,3292.9906326124715,3179.0818986470663,3236.036265629769,71.08626562976906
TR-047555,2025-10-29,october,Dry Van,513.7,1121.82,1128.780781552549,1107.6141599345065,1118.1974707435277,3.622529256472262
TR-047556,2025-10-29,october,Dry Van,937.4,2021.99,1986.272923104308,1943.9536224599372,1965.1132727821225,56.87672721787749
TR-047557,2025-10-29,october,Dry Van,844.9,1802.15,1788.3871334573855,1793.8686692044498,1791.1279013309177,11.022098669082425
TR-047558,2025-10-29,october,Dry Van,1054.5,2256.25,2174.8139463970615,2165.0520275914782,2169.93298699427,86.31701300573013
TR-047559,2025-10-29,october,Reefer,276.0,751.56,781.950209119984,758.7535500616843,770.3518795908342,18.79187959083424
TR-047560,2025-10-29,october,Reefer,2107.5,4370.07,4368.309123794853,4370.9822194223425,4369.645671608598,0.42432839140201395
TR-047561,2025-10-29,october,Dry Van,737.8,1661.68,1662.3046409144438,1622.210709527953,1642.2576752211985,19.422324778801567
TR-047562,2025-10-29,october,Dry Van,1173.4,2324.37,2188.3402808744845,2233.64346713108,2210.9918740027824,113.37812599721747
TR-047563,2025-10-29,october,Reefer,2159.5,4417.81,4515.930584010075,4504.295710850851,4510.113147430463,92.30314743046256
TR-047564,2025-10-29,october,Reefer,1023.1,2238.49,2328.2571175753615,2266.045961061842,2297.151539318602,58.66153931860208
TR-047565,2025-10-29,october,Dry Van,910.8,1859.53,1867.3930376691205,1831.8557166792048,1849.6243771741626,9.905622825837327
TR-047566,2025-10-29,october,Reefer,841.8,2168.55,2136.259960472893,2118.605670162195,2127.432815317544,41.117184682456354
TR-047567,2025-10-29,october,Dry Van,225.5,555.65,548.7861956209518,547.7237153793992,548.2549555001756,7.395044499824394
TR-047568,2025-10-29,october,Flatbed,105.9,327.27,364.5335849007536,374.31371029356546,369.4236475971595,42.153647597159534
TR-047569,2025-10-29,october,Flatbed,693.1,1633.65,1732.6844358059348,1699.4425344241504,1716.0634851150426,82.41348511504248
TR-047570,2025-10-29,october,Dry Van,467.2,1086.62,1078.3147001945163,1064.9417179564193,1071.6282090754678,14.991790924532097
TR-047571,2025-10-29,october,Flatbed,263.2,748.27,763.7059303463527,745.5363885415697,754.6211594439612,6.351159443961251
TR-047572,2025-10-29,october,Dry Van,594.9,1375.77,1317.6181738236053,1319.2281749625008,1318.4231743930532,57.34682560694682
TR-047573,2025-10-29,october,Dry Van,805.6,1783.98,1755.67125285571,1767.512487945403,1761.5918704005567,22.388129599443346
TR-047574,2025-10-29,october,Flatbed,467.7,1187.99,1197.5500190066048,1183.4729412399997,1190.5114801233021,2.5214801233021262
TR-047575,2025-10-29,october,Dry Van,842.9,1710.9,1716.5183863526688,1712.7579663833526,1714.6381763680106,3.7381763680104996
TR-047576,2025-10-29,october,Dry Van,944.2,1943.9,1893.4033339018083,1889.697998354894,1891.5506661283512,52.34933387164892
TR-047577,2025-10-29,october,Reefer,337.2,966.33,974.5046122044048,980.0056013896976,977.2551067970512,10.925106797051171
TR-047578,2025-10-29,october,Dry Van,431.4,1018.54,1040.430732264191,1000.6177111887725,1020.5242217264818,1.9842217264817918
TR-047579,2025-10-29,october,Flatbed,387.8,980.92,1046.7808645859423,1022.2325419999397,1034.506703292941,53.586703292941024
TR-047580,2025-10-29,october,Dry Van,1374.0,2600.37,2545.412306080342,2569.2171878631007,2557.3147469717214,43.05525302827846
TR-047581,2025-10-29,october,Reefer,2337.1,4798.37,4743.619749713492,4771.9867112512875,4757.80323048239,40.56676951760983
TR-047582,2025-10-29,october,Dry Van,371.2,820.66,831.7180252558665,806.5641779183331,819.1411015870998,1.518898412900171
TR-047583,2025-10-29,october,Flatbed,1852.6,3789.3,3785.1664967446263,3758.1688548625825,3771.6676758036047,17.63232419639553
TR-047584,2025-10-29,october,Dry Van,214.0,558.82,559.6920510528876,547.9486484691779,553.8203497610327,4.99965023896732
TR-047585,2025-10-29,october,Dry Van,1394.4,2854.93,2787.1416601791516,2784.390700067521,2785.766180123336,69.16381987666364
TR-047586,2025-10-29,october,Dry Van,1140.7,2215.0,2154.484055058652,2213.143258591013,2183.8136568248324,31.18634317516762
TR-047587,2025-10-29,october,Flatbed,1383.3,11596.28,2978.5045805858927,2961.7750732436093,2970.139826914751,8626.140173085249
TR-047588,2025-10-29,october,Dry Van,631.7,1390.99,1382.1179390221437,1377.7059877236345,1379.9119633728892,11.078036627110805
TR-047589,2025-10-29,october,Reefer,746.7,1834.12,1777.6735520296613,1764.887150291106,1771.2803511603838,62.839648839616075
TR-047590,2025-10-29,october,Dry Van,2719.2,4873.36,4902.359877152803,4765.676124550508,4834.018000851655,39.34199914834426
TR-047591,2025-10-29,october,Dry Van,832.3,1774.21,1723.4674285779397,1709.661914507966,1716.564671542953,57.64532845704707
TR-047592,2025-10-29,october,Dry Van,325.4,754.97,764.4600259343486,757.9783274670065,761.2191767006775,6.249176700677481
TR-047593,2025-10-29,october,Reefer,1197.4,2991.48,2901.591572045219,2836.6645293895454,2869.1280507173824,122.35194928261762
TR-047594,2025-10-29,october,Dry Van,518.3,1191.82,1163.5209415892732,1148.6981145563402,1156.1095280728068,35.71047192719311
TR-047595,2025-10-29,october,Reefer,308.4,927.59,920.3764344204124,920.7080340199525,920.5422342201824,7.04776577981761
TR-047596,2025-10-29,october,Reefer,416.2,1161.51,1179.6397138845828,1195.3983681571021,1187.5190410208425,26.00904102084246
TR-047597,2025-10-29,october,Dry Van,979.8,2108.62,2070.802825565009,2053.1463462471656,2061.974585906087,46.64541409391268
TR-047598,2025-10-29,october,Reefer,535.7,1375.06,1398.1153896265025,1407.6493184981598,1402.8823540623312,27.822354062331215
TR-047599,2025-10-29,october,Reefer,1151.6,2611.37,2716.181060784614,2692.7604865118797,2704.470773648247,93.10077364824701
TR-047600,2025-10-29,october,Dry Van,1006.7,1993.97,2034.9411908512172,2047.4131054361987,2041.177148143708,47.20714814370808
TR-047601,2025-10-29,october,Dry Van,940.9,1948.36,1956.3472370317522,1928.146791629762,1942.247014330757,6.112985669242789
TR-047602,2025-10-29,october,Flatbed,1145.7,2421.4,2474.3973498325627,2505.6189087835455,2490.008129308054,68.60812930805378
TR-047603,2025-10-29,october,Flatbed,270.6,699.65,746.0454453595879,726.1132278322495,736.0793365959187,36.4293365959187
TR-047604,2025-10-29,october,Flatbed,1922.3,3920.05,4019.1974635346864,4055.5533293833532,4037.3753964590196,117.32539645901943
TR-047605,2025-10-29,october,Dry Van,2815.5,5026.75,5000.269069010232,4878.187382676763,4939.228225843497,87.52177415650294
TR-047606,2025-10-29,october,Reefer,1395.2,3122.21,3111.434771442012,3144.429876333624,3127.932323887818,5.722323887817765
TR-047607,2025-10-29,october,Flatbed,2132.7,4301.42,4412.908019426777,4445.810414389027,4429.359216907902,127.93921690790194
TR-047608,2025-10-29,october,Dry Van,2339.5,4614.73,4498.501000386687,4485.060200814105,4491.780600600396,122.94939939960386
TR-047609,2025-10-29,october,Reefer,1557.7,3294.52,3427.9409966026315,3370.7189825365185,3399.329989569575,104.80998956957501
TR-047610,2025-10-29,october,Flatbed,1080.6,2559.98,2544.724478553977,2577.9911650689864,2561.3578218114817,1.377821811481681
TR-047611,2025-10-29,october,Reefer,233.7,660.61,673.1005361766743,654.9642561207811,664.0323961487277,3.422396148727671
TR-047612,2025-10-29,october,Reefer,1911.1,4203.68,4218.36760370559,4243.732897761745,4231.050250733668,27.37025073366749
TR-047613,2025-10-29,october,Dry Van,144.8,403.88,443.4322295311922,430.72983358044235,437.0810315558173,33.20103155581728
TR-047614,2025-10-29,october,Reefer,1396.3,3243.76,3235.6635545771446,3242.3183096068624,3238.9909320920033,4.769067907996941
TR-047615,2025-10-29,october,Dry Van,463.8,1073.46,1088.9586543997245,1055.8572331749433,1072.4079437873338,1.0520562126662298
TR-047616,2025-10-29,october,Flatbed,1912.3,4092.42,4079.7538523556145,4125.292521074189,4102.523186714901,10.103186714901312
TR-047617,2025-10-29,october,Dry Van,2609.2,4874.2,4849.792876318548,4845.214378003411,4847.50362716098,26.696372839020114
TR-047618,2025-10-29,october,Reefer,1569.1,3464.06,3497.671780255514,3418.0659413899707,3457.868860822742,6.19113917725781
TR-047619,2025-10-29,october,Dry Van,1723.4,3399.68,3391.5746977181298,3366.665376232422,3379.120036975276,20.559963024723857
TR-047620,2025-10-29,october,Flatbed,182.8,539.46,567.9409508997953,563.3931660386829,565.6670584692391,26.207058469239087
TR-047621,2025-10-29,october,Dry Van,1527.8,3160.75,3080.7372634600692,3055.9674978903317,3068.3523806752005,92.3976193247995
TR-047622,2025-10-29,october,Reefer,758.8,1856.54,1903.951928917328,1867.6926184998097,1885.822273708569,29.282273708568937
TR-047623,2025-10-29,october,Dry Van,910.4,2012.18,1957.455419594535,1931.1378200047704,1944.2966197996527,67.88338020034735
TR-047624,2025-10-29,october,Dry Van,1225.8,2564.63,2504.4617574266563,2511.3637507667954,2507.9127540967256,56.71724590327449
TR-047625,2025-10-29,october,Reefer,2070.0,4277.21,4322.670577381875,4327.923875760453,4325.297226571163,48.08722657116323
TR-047626,2025-10-29,october,Dry Van,138.3,385.1,380.7751814591137,392.99628793458146,386.8857346968476,1.7857346968475554
TR-047627,2025-10-29,october,Dry Van,1238.6,2471.08,2410.1137073971945,2421.6191874339606,2415.8664474155776,55.21355258442236
TR-047628,2025-10-29,october,Dry Van,310.5,688.18,697.7877180560372,695.936183197839,696.8619506269381,8.681950626938146
TR-047629,2025-10-29,october,Dry Van,1667.7,3398.73,3365.490128370895,3324.8403917605483,3345.1652600657217,53.56473993427835
TR-047630,2025-10-29,october,Reefer,1248.2,2907.44,2882.29821675404,2927.12300068799,2904.710608721015,2.7293912789850765
TR-047631,2025-10-29,october,Flatbed,3092.4,5797.06,5703.271996784826,5939.454935624895,5821.363466204861,24.303466204860342
TR-047632,2025-10-29,october,Dry Van,707.8,1385.22,1418.5410550066056,1431.586298805868,1425.0636769062367,39.843676906236624
TR-047633,2025-10-29,october,Dry Van,2260.1,4146.93,4052.879691340106,4006.6703355037725,4029.7750134219395,117.15498657806074
TR-047634,2025-10-29,october,Dry Van,997.8,2093.42,2108.003064134751,2089.2357953041314,2098.6194297194415,5.1994297194414685
TR-047635,2025-10-29,october,Dry Van,2424.6,4355.51,4314.014451818718,4362.960484969433,4338.487468394076,17.022531605924087
TR-047636,2025-10-29,october,Dry Van,925.1,1774.25,1805.8408225963005,1737.516057443563,1771.6784400199317,2.5715599800682867
TR-047637,2025-10-29,october,Flatbed,657.5,1606.38,1644.0022588854222,1595.643063256451,1619.8226610709366,13.442661070936538
TR-047638,2025-10-29,october,Dry Van,968.5,2087.61,2115.620316657853,2094.9973299054795,2105.3088232816663,17.698823281666137
TR-047639,2025-10-29,october,Dry Van,961.3,2068.13,1995.7524951776281,1980.1795052302982,1987.9660002039632,80.16399979603693
TR-047640,2025-10-29,october,Dry Van,697.8,1393.76,1439.54071899218,1417.7373267726862,1428.639022882433,34.87902288243299
TR-047641,2025-10-29,october,Dry Van,1202.4,2581.13,2640.0448874850536,2514.7082618977074,2577.3765746913805,3.753425308619626
TR-047642,2025-10-29,october,Flatbed,592.5,1378.94,1419.9743113060558,1409.884876444782,1414.929593875419,35.989593875418905
TR-047643,2025-10-29,october,Dry Van,2671.6,5279.51,5086.5598600245685,5100.609322707842,5093.584591366205,185.9254086337951
TR-047644,2025-10-29,october,Dry Van,1836.2,3453.76,3403.3235323104204,3382.2767144076606,3392.8001233590403,60.95987664095992
TR-047645,2025-10-29,october,Dry Van,2512.9,4502.62,4482.740313178464,4529.793006346119,4506.266659762292,3.6466597622920744
TR-047646,2025-10-29,october,Flatbed,1835.1,4087.37,4057.2182119480044,4116.870230894171,4087.044221421088,0.3257785789119225
TR-047647,2025-10-29,october,Reefer,668.5,1532.92,1545.175862457412,1499.5418721885035,1522.3588673229578,10.561132677042224
TR-047648,2025-10-30,october,Dry Van,724.1,1647.93,1647.9555793449745,1644.3287586772972,1646.1421690111358,1.7878309888642434
TR-047649,2025-10-30,october,Dry Van,2500.5,4892.67,4673.507784997666,4705.276675887784,4689.392230442725,203.27776955727495
TR-047650,2025-10-30,october,Flatbed,206.5,601.03,627.6971719646799,621.6764842931416,624.6868281289107,23.656828128910774
TR-047651,2025-10-30,october,Dry Van,1738.4,3349.82,3214.484982979015,3279.170408620058,3246.8276957995367,102.99230420046342
TR-047652,2025-10-30,october,Reefer,768.6,1898.3,1893.62357735739,1889.3607617999232,1891.4921695786566,6.807830421343397
TR-047653,2025-10-30,october,Dry Van,868.7,1840.18,1836.4356083413463,1824.189809674492,1830.3127090079192,9.867290992080825
TR-047654,2025-10-30,october,Dry Van,765.2,1635.87,1617.6899543175218,1592.3417406398744,1605.015847478698,30.854152521301785
TR-047655,2025-10-30,october,Dry Van,794.9,1709.94,1667.3869387820148,1673.9532114247413,1670.6700751033782,39.26992489662189
TR-047656,2025-10-30,october,Reefer,1178.2,2658.31,2656.2387687306455,2624.2201891650725,2640.229478947859,18.08052105214074
TR-047657,2025-10-30,october,Reefer,1125.7,552.14,2527.7014252305357,2478.499288120496,2503.100356675516,1950.9603566755163
TR-047658,2025-10-30,october,Dry Van,246.5,602.47,605.6482927105436,579.5179545607459,592.5831236356448,9.886876364355203
TR-047659,2025-10-30,october,Dry Van,2087.6,4068.07,3865.0812642335204,3894.4596689332666,3879.7704665833935,188.29953341660666
TR-047660,2025-10-30,october,Dry Van,1580.2,3247.49,3186.482976792,3138.9230634743417,3162.703020133171,84.78697986682891
TR-047661,2025-10-30,october,Dry Van,328.1,864.68,853.6740453088248,830.2395843628219,841.9568148358234,22.723185164176584
TR-047662,2025-10-30,october,Dry Van,1261.3,8276.0,2661.5555834757556,2639.149467048304,2650.3525252620298,5625.647474737971
TR-047663,2025-10-30,october,Reefer,1107.4,2573.87,2591.3106819219533,2541.2385234144267,2566.27460266819,7.595397331810091
TR-047664,2025-10-30,october,Dry Van,3104.8,5530.61,5494.439797153771,5464.875321169666,5479.657559161718,50.95244083828129
TR-047665,2025-10-30,october,Dry Van,1113.4,2292.7,2246.678376429537,2248.6062876971814,2247.6423320633594,45.05766793664043
TR-047666,2025-10-30,october,Reefer,446.9,1110.85,1139.4179282838318,1126.1628564510675,1132.7903923674496,21.940392367449704
TR-047667,2025-10-30,october,Dry Van,646.4,1352.21,1317.2076970046148,1331.8055557941757,1324.5066263993954,27.703373600604664
TR-047668,2025-10-30,october,Dry Van,824.9,1856.57,1822.863216281301,1794.5609634051398,1808.7120898432204,47.85791015677955
TR-047669,2025-10-30,october,Flatbed,551.2,1369.62,1410.1368277899328,1382.6073717246288,1396.372099757281,26.75209975728103
TR-047670,2025-10-30,october,Dry Van,776.6,1781.06,1749.0728412237659,1743.6388217844558,1746.355831504111,34.70416849588901
TR-047671,2025-10-30,october,Flatbed,793.5,1756.84,1837.774459498563,1859.2033434241948,1848.4889014613789,91.64890146137895
TR-047672,2025-10-30,october,Reefer,183.4,535.76,559.7857242020666,536.7930152421827,548.2893697221247,12.52936972212467
TR-047673,2025-10-30,october,Dry Van,822.7,1799.38,1748.8110758783687,1733.5242911692842,1741.1676835238263,58.21231647617378
TR-047674,2025-10-30,october,Reefer,284.2,822.11,827.0035378088228,815.9400879813784,821.4718128951006,0.6381871048994299
TR-047675,2025-10-30,october,Flatbed,2592.4,5216.72,5142.253942603053,5232.437777423062,5187.345860013057,29.37413998694319
TR-047676,2025-10-30,october,Reefer,1935.7,4313.84,4291.3550788262855,4324.193821594756,4307.774450210521,6.065549789479519
TR-047677,2025-10-30,october,Dry Van,447.5,1055.51,1049.1201687985047,1047.799722814244,1048.4599458063744,7.050054193625556
TR-047678,2025-10-30,october,Reefer,2151.8,4646.88,4675.819682995152,4749.808311174074,4712.813997084613,65.93399708461311
TR-047679,2025-10-30,october,Dry Van,1417.6,2993.39,2901.21225670609,2901.4306958894167,2901.321476297753,92.0685237022467
TR-047680,2025-10-30,october,Dry Van,1175.7,2374.26,2332.7614885182793,2376.6185735002505,2354.690031009265,19.569968990735106
TR-047681,2025-10-30,october,Dry Van,778.2,1670.64,1626.3573034905469,1608.0779733553638,1617.2176384229554,53.42236157704474
TR-047682,2025-10-30,october,Flatbed,1530.9,3188.2,3257.1835240579453,3244.618016998822,3250.900770528384,62.700770528384055
TR-047683,2025-10-30,october,Dry Van,1696.3,3388.71,3399.430612379068,3364.6043663365776,3382.017489357823,6.69251064217724
TR-047684,2025-10-30,october,Dry Van,1311.1,2595.54,2640.084057475872,2612.8452953554233,2626.464676415648,30.92467641564781
TR-047685,2025-10-30,october,Reefer,497.4,1173.21,1186.2506247365297,1180.9406411398513,1183.5956329381906,10.38563293819061
TR-047686,2025-10-30,october,Reefer,2523.5,5443.58,5361.039599749741,5449.998335290324,5405.518967520033,38.06103247996725
TR-047687,2025-10-30,october,Dry Van,842.1,1735.58,1675.1859615879882,1671.4631942376968,1673.3245779128424,62.25542208715751
TR-047688,2025-10-30,october,Reefer,1184.3,2720.24,2758.1148491501413,2770.53071561409,2764.3227823821153,44.08278238211551
TR-047689,2025-10-30,october,Dry Van,461.9,1102.45,1085.9539789502371,1066.420412515423,1076.18719573283,26.26280426716994
TR-047690,2025-10-30,october,Reefer,288.2,811.26,852.577664098845,835.9192637728631,844.248463935854,32.98846393585404
TR-047691,2025-10-30,october,Dry Van,2851.8,5264.69,5175.819801649415,5153.668790977715,5164.744296313565,99.94570368643417
TR-047692,2025-10-30,october,Dry Van,900.4,1822.65,1813.2117036765255,1825.76326295112,1819.4874833138228,3.1625166861772414
TR-047693,2025-10-30,october,Flatbed,672.6,1566.62,1571.664082508317,1564.8285386881757,1568.2463105982465,1.6263105982466186
TR-047694,2025-10-30,october,Dry Van,2240.8,4492.79,4371.3482142598195,4361.533363381475,4366.440788820648,126.3492111793521
TR-047695,2025-10-30,october,Dry Van,619.3,1375.3,1372.7757771118208,1376.5507272639952,1374.663252187908,0.6367478120919259
TR-047696,2025-10-30,october,Dry Van,1582.9,3265.76,3186.654187384272,3137.802741998735,3162.2284646915036,103.53153530849659
TR-047697,2025-10-30,october,Flatbed,1210.4,2802.67,2844.7846994984143,2870.6262770821363,2857.7054882902753,55.035488290275225
TR-047698,2025-10-30,october,Dry Van,789.8,1773.38,1727.6660148660785,1726.2806482122949,1726.9733315391868,46.40666846081331
TR-047699,2025-10-30,october,Dry Van,464.1,1114.11,1104.6692194280172,1050.9294555503152,1077.7993374891662,36.31066251083371
TR-047700,2025-10-30,october,Flatbed,409.2,1134.89,1156.196529068281,1165.5064132015714,1160.8514711349262,25.961471134926114
TR-047701,2025-10-30,october,Dry Van,570.8,1262.99,1303.1436427543988,1247.7815718075678,1275.4626072809833,12.472607280983311
TR-047702,2025-10-30,october,Flatbed,670.3,370.24,1535.0869307205544,1506.025255407119,1520.5560930638367,1150.3160930638367
TR-047703,2025-10-30,october,Flatbed,78.2,246.59,232.3509457254035,287.9187656451488,260.1348556852762,13.54485568527619
TR-047704,2025-10-30,october,Reefer,1307.3,3005.3,3020.2841006632934,2994.0753065443714,3007.1797036038324,1.8797036038322403
TR-047705,2025-10-30,october,Flatbed,418.8,1154.41,1177.4149282279163,1161.7922540515451,1169.6035911397307,15.193591139730643
TR-047706,2025-10-30,october,Dry Van,432.2,1009.87,1001.8570034545186,988.2637434577903,995.0603734561544,14.809626543845638
TR-047707,2025-10-30,october,Dry Van,579.2,1327.71,1333.9508047148902,1290.8483387839742,1312.3995717494322,15.310428250567838
TR-047708,2025-10-30,october,Reefer,369.6,1000.75,1031.0482519371956,984.8118518941449,1007.9300519156702,7.180051915670219
TR-047709,2025-10-30,october,Dry Van,2979.0,5532.34,5426.188272536936,5446.146481431024,5436.16737698398,96.17262301602022
TR-047710,2025-10-30,october,Dry Van,1190.3,2247.46,2311.30408646205,2311.364608700722,2311.334347581386,63.87434758138579
TR-047711,2025-10-30,october,Dry Van,1728.6,3451.23,3367.062488092813,3333.281765770243,3350.172126931528,101.05787306847196
TR-047712,2025-10-30,october,Dry Van,862.6,1851.58,1810.5996713931834,1810.916903224242,1810.7582873087126,40.8217126912873
TR-047713,2025-10-30,october,Dry Van,500.7,1212.03,1153.89085229927,1182.3320331004006,1168.1114426998352,43.91855730016482
TR-047714,2025-10-30,october,Dry Van,542.9,1197.57,1206.5737618205499,1184.0294362319978,1195.3015990262738,2.268400973726102
TR-047715,2025-10-30,october,Reefer,363.5,958.18,959.3347573516346,975.6328566126429,967.4838069821387,9.30380698213878
TR-047716,2025-10-30,october,Reefer,1500.1,3469.99,3466.907425903989,3219.3238823058373,3343.115654104913,126.87434589508666
TR-047717,2025-10-30,october,Reefer,1994.0,4434.45,4366.486610242817,4393.3299007856085,4379.908255514212,54.5417444857876
TR-047718,2025-10-30,october,Dry Van,699.6,1591.71,1588.0968043761793,1540.8924015553528,1564.494602965766,27.215397034234
TR-047719,2025-10-30,october,Reefer,306.2,859.86,884.2969818578457,906.7473570764696,895.5221694671577,35.662169467157696
TR-047720,2025-10-30,october,Dry Van,1142.3,2463.27,2384.264942651625,2321.7091686027925,2352.987055627209,110.28294437279101
TR-047721,2025-10-30,october,Dry Van,465.5,1022.08,1015.2210324072663,1009.9207739440699,1012.570903175668,9.509096824332005
TR-047722,2025-10-30,october,Dry Van,1524.9,3134.03,3098.893423592072,3065.122644961628,3082.0080342768497,52.021965723150515
TR-047723,2025-10-30,october,Dry Van,370.3,864.61,853.610473224555,844.2232860690804,848.9168796468177,15.69312035318228
TR-047724,2025-10-30,october,Reefer,1183.7,2620.82,2674.077938790441,2602.354565555817,2638.216252173129,17.396252173128687
TR-047725,2025-10-30,october,Dry Van,2129.3,4171.25,4058.133589260871,4165.1528941838405,4111.643241722356,59.606758277644076
TR-047726,2025-10-30,october,Dry Van,1194.3,2395.25,2329.0127312936083,2336.4673692856322,2332.7400502896203,62.509949710379715
TR-047727,2025-10-30,october,Dry Van,1148.3,2551.54,2459.2097971377207,2441.0856191834055,2450.147708160563,101.3922918394369
TR-047728,2025-10-30,october,Dry Van,2456.1,4757.71,4618.295075466289,4585.61072556754,4601.952900516914,155.75709948308577
TR-047729,2025-10-30,october,Dry Van,226.1,598.72,593.2081348701912,586.326323772257,589.767229321224,8.952770678776005
TR-047730,2025-10-30,october,Dry Van,1514.9,3021.06,3012.0554931106226,3007.3340053839474,3009.694749247285,11.365250752714928
TR-047731,2025-10-30,october,Dry Van,658.0,1477.27,1437.3777714979053,1418.21058080976,1427.7941761538327,49.47582384616726
TR-047732,2025-10-30,october,Dry Van,201.6,541.2,532.7016436630751,531.1845587261541,531.9431011946147,9.25689880538539
TR-047733,2025-10-30,october,Reefer,392.2,987.59,985.548682881102,961.1590281779268,973.3538555295144,14.23614447048567
TR-047734,2025-10-30,october,Flatbed,2008.7,4243.72,4274.619016600664,4296.439448357009,4285.529232478836,41.80923247883584
TR-047735,2025-10-30,october,Reefer,1221.1,2664.27,2706.288709765016,2697.016803682387,2701.6527567237017,37.38275672370173
TR-047736,2025-10-30,october,Reefer,1689.1,3933.12,3813.151727696731,3770.0731933954303,3791.612460546081,141.50753945391898
TR-047737,2025-10-30,october,Reefer,839.9,1857.61,1896.1326970324387,1911.2798738449615,1903.7062854387,46.09628543870008
TR-047738,2025-10-30,october,Dry Van,1633.8,3134.32,3024.0059938836457,3014.491418213829,3019.2487060487374,115.07129395126276
TR-047739,2025-10-30,october,Dry Van,1149.2,2388.37,2269.2963674025423,2305.450866271452,2287.373616836997,100.99638316300297
TR-047740,2025-10-30,october,Flatbed,2116.3,4577.61,4504.578627032744,4632.726741420223,4568.652684226484,8.957315773515802
TR-047741,2025-10-30,october,Dry Van,446.0,1091.78,1082.1040116775575,1056.0127207565386,1069.058366217048,22.72163378295204
TR-047742,2025-10-30,october,Reefer,2161.5,4815.8,4710.3385438564055,4670.379607870589,4690.359075863497,125.44092413650287
TR-047743,2025-10-30,october,Reefer,136.8,104.38,437.41829636761616,468.2712525053098,452.844774436463,348.464774436463
TR-047744,2025-10-30,october,Dry Van,915.4,1834.95,1830.2669129268618,1751.1335851160302,1790.7002490214459,44.249750978554175
TR-047745,2025-10-30,october,Dry Van,2619.5,4610.22,4748.000628094732,4685.1211743908625,4716.560901242798,106.34090124279737
TR-047746,2025-10-30,october,Reefer,2408.8,5077.85,5045.467248090462,5057.160043401591,5051.313645746026,26.536354253974423
TR-047747,2025-10-30,october,Dry Van,946.8,1871.61,1837.904048023792,1866.0124786102758,1851.958263317034,19.651736682965975
TR-047748,2025-10-30,october,Dry Van,651.2,1281.55,1294.1404788250306,1298.4344044036134,1296.287441614322,14.737441614322051
TR-047749,2025-10-30,october,Dry Van,467.6,998.55,1026.0617632055573,1009.6526995111292,1017.8572313583433,19.3072313583433
TR-047750,2025-10-30,october,Dry Van,2058.6,4007.09,3904.558525964161,3898.8304629385175,3901.6944944513393,105.39550554866082
TR-047751,2025-10-30,october,Reefer,1752.5,3863.28,3908.860222239426,3906.47253019465,3907.6663762170383,44.386376217038105
TR-047752,2025-10-30,october,Reefer,471.5,1317.88,1299.3078782022367,1315.889838585758,1307.5988583939975,10.28114160600262
TR-047753,2025-10-30,october,Dry Van,878.1,1839.63,1807.5381223668755,1802.1213563948932,1804.8297393808843,34.80026061911576
TR-047754,2025-10-30,october,Flatbed,1131.3,2338.56,2434.1491830860573,2392.4109007664097,2413.2800419262335,74.72004192623353
TR-047755,2025-10-30,october,Reefer,982.4,2331.19,2321.124634292219,2298.3774350844983,2309.7510346883587,21.43896531164137
TR-047756,2025-10-30,october,Reefer,2449.0,5356.55,5251.133592997627,5316.535742436308,5283.8346677169675,72.7153322830327
TR-047757,2025-10-30,october,Reefer,2735.6,5369.38,5359.8406386844,5414.364705495926,5387.102672090163,17.722672090162632
TR-047758,2025-10-30,october,Reefer,1012.2,2288.61,2364.269257448848,2344.5542904150616,2354.4117739319545,65.80177393195436
TR-047759,2025-10-30,october,Dry Van,347.5,858.63,857.9620358140039,826.4133114565789,842.1876736352914,16.442326364708606
TR-047760,2025-10-30,october,Reefer,858.1,2020.71,2042.8193804218604,2008.0023510723863,2025.4108657471234,4.700865747123316
TR-047761,2025-10-30,october,Reefer,1230.4,2982.91,2954.9190169714348,2923.0395216547254,2938.9792693130803,43.93073068691956
TR-047762,2025-10-30,october,Dry Van,2768.3,5281.62,5296.752454710122,5295.559158949259,5296.155806829691,14.535806829690955
TR-047763,2025-10-30,october,Reefer,986.6,2309.11,2321.6025698032945,2301.30290153945,2311.4527356713725,2.3427356713723384
TR-047764,2025-10-30,october,Reefer,856.0,2099.94,2144.400623097287,2125.975014026959,2135.1878185621226,35.247818562122575
TR-047765,2025-10-30,october,Dry Van,1900.7,3771.54,3696.249532222021,3739.4135566465543,3717.831544434288,53.70845556571203
TR-047766,2025-10-30,october,Dry Van,2190.0,4121.98,4013.8633434861395,4077.2585137190463,4045.560928602593,76.4190713974067
TR-047767,2025-10-30,october,Reefer,113.4,371.98,379.94970965933015,340.88473231462376,360.417220986977,11.562779013023032
TR-047768,2025-10-30,october,Flatbed,1151.3,2543.77,2576.7760369274106,2545.3229268669443,2561.0494818971774,17.279481897177448
TR-047769,2025-10-30,october,Dry Van,839.3,1651.48,1684.8011668822755,1699.2787956277143,1692.039981254995,40.55998125499491
TR-047770,2025-10-30,october,Flatbed,397.6,947.08,1003.3981737574906,985.513867804943,994.4560207812167,47.37602078121665
TR-047771,2025-10-30,october,Flatbed,1986.6,4036.76,4193.252929139484,4253.436452651287,4223.344690895386,186.5846908953854
TR-047772,2025-10-30,october,Reefer,530.2,1362.09,1388.481918123438,1375.4618047471292,1381.9718614352837,19.88186143528378
TR-047773,2025-10-30,october,Reefer,480.5,1137.26,1175.4196233026644,1149.4826961743001,1162.4511597384821,25.191159738482156
TR-047774,2025-10-30,october,Dry Van,1704.6,3282.64,3196.897397728491,3239.3007732025444,3218.0990854655174,64.54091453448245
TR-047775,2025-10-30,october,Dry Van,692.5,1449.52,1454.6373368462957,1409.5502892526056,1432.0938130494505,17.426186950549436
TR-047776,2025-10-30,october,Dry Van,1196.3,2360.09,2319.4835145633033,2275.1769261921017,2297.3302203777025,62.75977962229763
TR-047777,2025-10-30,october,Flatbed,3094.9,6393.83,5986.499337467689,6302.286859184866,6144.393098326278,249.43690167372188
TR-047778,2025-10-30,october,Dry Van,457.0,1120.44,1102.2389458854452,1079.7264868382185,1090.982716361832,29.457283638168064
TR-047779,2025-10-30,october,Flatbed,919.6,1973.74,1957.1017969308616,1987.4112298889909,1972.2565134099264,1.4834865900736531
TR-047780,2025-10-30,october,Flatbed,396.9,1009.07,1055.6270083583076,1047.5263458806294,1051.5766771194685,42.50667711946846
TR-047781,2025-10-30,october,Dry Van,1122.2,2420.89,2404.6445089015688,2336.709889729079,2370.677199315324,50.21280068467604
TR-047782,2025-10-30,october,Dry Van,2558.4,4697.23,4616.846728506387,4718.700819728254,4667.7737741173205,29.456225882679064
TR-047783,2025-10-30,october,Dry Van,1225.6,2639.31,2600.3391418906695,2536.7736956073554,2568.5564187490127,70.75358125098728
TR-047784,2025-10-30,october,Flatbed,479.5,1199.51,1247.8533810174304,1245.0237029155426,1246.4385419664864,46.928541966486364
TR-047785,2025-10-30,october,Reefer,363.1,975.31,1012.0685706626145,996.9752552805749,1004.5219129715947,29.211912971594757
TR-047786,2025-10-30,october,Dry Van,2007.6,4067.77,3899.5667874443666,3981.015600900939,3940.2911941726525,127.47880582734751
TR-047787,2025-10-30,october,Reefer,511.7,1296.79,1345.9425356351176,1317.2327128333898,1331.5876242342538,34.79762423425382
TR-047788,2025-10-30,october,Dry Van,2464.2,4760.41,4635.466253880516,4706.574281121668,4671.020267501091,89.38973249890842
TR-047789,2025-10-30,october,Dry Van,672.1,1544.73,1544.2740470710025,1518.8777450031607,1531.5758960370817,13.15410396291827
TR-047790,2025-10-30,october,Reefer,786.1,1814.99,1845.8674083818075,1821.9999440319502,1833.9336762068788,18.943676206878763
TR-047791,2025-10-30,october,Dry Van,305.8,734.35,745.0535036094661,743.1318495657872,744.0926765876267,9.742676587626647
TR-047792,2025-10-30,october,Dry Van,717.5,1613.34,1586.8377117245611,1616.1193951890962,1601.4785534568286,11.861446543171269
TR-047793,2025-10-30,october,Flatbed,970.7,2255.27,2307.4802712267197,2328.888956213491,2318.1846137201055,62.914613720105535
TR-047794,2025-10-30,october,Dry Van,1881.6,3558.09,3544.9815017431793,3506.067533973848,3525.5245178585137,32.56548214148643
TR-047795,2025-10-30,october,Reefer,741.1,1782.82,1745.134930459336,1752.4012112771475,1748.7680708682417,34.05192913175824
TR-047796,2025-10-30,october,Flatbed,239.2,227.15,704.3020300182885,707.0603318262793,705.6811809222838,478.53118092228385
TR-047797,2025-10-30,october,Dry Van,711.6,1677.55,1666.7126437371273,1653.6728539922715,1660.1927488646993,17.357251135300658
TR-047798,2025-10-30,october,Dry Van,1240.0,2600.14,2563.793845231818,2545.5937951238666,2554.693820177842,45.446179822157774
TR-047799,2025-10-30,october,Dry Van,631.4,1440.59,1410.9179934788792,1411.737615138099,1411.3278043084892,29.26219569151067
TR-047800,2025-10-30,october,Flatbed,2145.7,4466.72,4557.492252955604,4605.5291680016035,4581.510710478604,114.79071047860361
TR-047801,2025-10-30,october,Dry Van,675.7,1518.01,1494.2397044450227,1495.6285642407577,1494.93413434289,23.075865657109944
TR-047802,2025-10-30,october,Dry Van,849.4,1753.32,1781.4641590912602,1721.8589437569508,1751.6615514241055,1.6584485758944538
TR-047803,2025-10-30,october,Flatbed,459.3,1163.6,1223.8220511684772,1222.1191380827117,1222.9705946255945,59.37059462559455
TR-047804,2025-10-30,october,Reefer,2139.6,4403.34,4364.837457081462,4424.596440768408,4394.716948924935,8.623051075064723
TR-047805,2025-10-30,october,Reefer,855.8,2043.4,2088.5341617465197,2051.736680890249,2070.135421318384,26.735421318383942
TR-047806,2025-10-30,october,Dry Van,2250.4,4158.35,4106.315191874355,4095.8144947147207,4101.064843294538,57.285156705462214
TR-047807,2025-10-30,october,Dry Van,1311.1,2463.2,2513.1224574805233,2495.961829031529,2504.542143256026,41.34214325602625
TR-047808,2025-10-30,october,Reefer,1084.1,2390.13,2462.041530713928,2448.565916188802,2455.303723451365,65.17372345136482
TR-047809,2025-10-30,october,Dry Van,908.7,1819.36,1868.2435209510893,1831.7936176195863,1850.018569285338,30.65856928533799
TR-047810,2025-10-30,october,Dry Van,2041.1,3985.1,4004.3080412036425,3876.0751379163885,3940.1915895600155,44.908410439984436
TR-047811,2025-10-30,october,Dry Van,811.8,1612.1,1627.0666589447378,1639.8800572371997,1633.4733580909688,21.37335809096885
TR-047812,2025-10-30,october,Dry Van,323.5,766.77,762.4963668175358,744.0791510778668,753.2877589477013,13.482241052298718
TR-047813,2025-10-30,october,Dry Van,278.0,673.77,672.2681414755052,651.2439760945126,661.7560587850089,12.013941214991064
TR-047814,2025-10-30,october,Reefer,890.4,1927.01,1990.5079160306364,2001.8934915782054,1996.2007038044208,69.19070380442076
TR-047815,2025-10-30,october,Reefer,196.7,611.85,620.2894868687137,626.1830529801259,623.2362699244197,11.386269924419707
TR-047816,2025-10-30,october,Dry Van,1732.4,3137.04,3199.1286282706683,3211.065324967624,3205.096976619146,68.0569766191461
TR-047817,2025-10-30,october,Reefer,1481.0,3474.52,3444.52969407889,3282.1867604490717,3363.3582272639806,111.16177273601943
TR-047818,2025-10-30,october,Dry Van,668.3,1465.84,1474.3576313553533,1434.0045852032313,1454.1811082792924,11.658891720707516
TR-047819,2025-10-30,october,Dry Van,1730.4,3234.9,3195.1062152627123,3177.555877423373,3186.3310463430425,48.56895365695755
TR-047820,2025-10-30,october,Flatbed,409.9,1037.63,1108.2858498708272,1102.5808633853073,1105.4333566280673,67.80335662806715
TR-047821,2025-10-30,october,Reefer,1722.4,9939.89,3955.7340023397514,3939.182934228152,3947.458468283952,5992.431531716047
TR-047822,2025-10-30,october,Flatbed,1046.0,2533.96,2507.068268865409,2497.2113882005165,2502.139828532963,31.8201714670372
TR-047823,2025-10-30,october,Reefer,2536.4,5043.29,5067.583390811788,5101.011534858664,5084.297462835226,41.00746283522585
TR-047824,2025-10-30,october,Dry Van,451.6,1019.9,1005.5534299280844,1007.805391458903,1006.6794106934938,13.220589306506213
TR-047825,2025-10-31,october,Dry Van,992.1,2182.09,2165.0508200262757,2147.9053005359,2156.478060281088,25.611939718912254
TR-047826,2025-10-31,october,Dry Van,594.5,1312.38,1286.8277537340407,1267.1763208669117,1277.0020373004763,35.37796269952378
TR-047827,2025-10-31,october,Dry Van,386.6,863.6,860.9263495432328,866.5965629146065,863.7614562289197,0.16145622891963285
TR-047828,2025-10-31,october,Dry Van,1088.0,2233.22,2235.063459479496,2217.9183500911754,2226.4909047853357,6.729095214664085
TR-047829,2025-10-31,october,Flatbed,894.5,1987.95,2016.405222120343,1991.2628050191513,2003.8340135697472,15.88401356974714
TR-047830,2025-10-31,october,Flatbed,1405.0,2865.04,3001.755808517459,3051.810969207861,3026.78338886266,161.74338886266014
TR-047831,2025-10-31,october,Dry Van,2958.8,5261.3,5204.517539329204,5215.544705055665,5210.031122192435,51.26887780756533
TR-047832,2025-10-31,october,Dry Van,969.9,1956.59,1939.038248339864,1953.160927249988,1946.0995877949258,10.490412205074108
TR-047833,2025-10-31,october,Flatbed,281.0,718.63,785.9415507339079,758.4823267810132,772.2119387574605,53.581938757460534
TR-047834,2025-10-31,october,Dry Van,2639.4,5079.05,4919.228700252189,4938.5708450574,4928.899772654795,150.15022734520517
TR-047835,2025-10-31,october,Dry Van,185.1,477.89,484.2174738384263,487.981650947474,486.09956239295013,8.209562392950147
TR-047836,2025-10-31,october,Dry Van,1220.6,2529.12,2460.0137252010213,2496.2977495898917,2478.1557373954565,50.964262604543364
TR-047837,2025-10-31,october,Flatbed,1829.0,3755.65,3926.79846126782,3891.446688616694,3909.122574942257,153.47257494225687
TR-047838,2025-10-31,october,Reefer,1188.3,2813.02,2772.686887431539,2774.3695555937506,2773.528221512645,39.49177848735508
TR-047839,2025-10-31,october,Flatbed,316.5,798.38,857.8163022587286,837.7378065958228,847.7770544272757,49.39705442727575
TR-047840,2025-10-31,october,Dry Van,1139.5,772.61,2352.8219124354473,2320.7603061813306,2336.791109308389,1564.1811093083888
TR-047841,2025-10-31,october,Dry Van,706.5,1628.64,1614.377676422798,1608.360112047197,1611.3688942349975,17.27110576500263
TR-047842,2025-10-31,october,Dry Van,451.6,1037.85,1021.7865401650749,1021.1049403050403,1021.4457402350577,16.404259764942253
TR-047843,2025-10-31,october,Reefer,1232.0,3006.47,2930.8711795462636,2824.096743425393,2877.4839614858283,128.98603851417147
TR-047844,2025-10-31,october,Dry Van,470.7,1162.01,1149.3876380955796,1127.369073937839,1138.3783560167094,23.631643983290587
TR-047845,2025-10-31,october,Dry Van,855.0,1648.06,1705.067001910299,1683.2386331423725,1694.1528175263356,46.09281752633569
TR-047846,2025-10-31,october,Dry Van,284.4,734.99,726.1071498503222,711.0810611650254,718.5941055076738,16.395894492326192
TR-047847,2025-10-31,october,Dry Van,488.1,1236.93,1206.7143066291942,1195.7029120873174,1201.2086093582557,35.72139064174439
TR-047848,2025-10-31,october,Dry Van,2013.7,3562.85,3613.8287706445594,3649.4035081616785,3631.6161394031187,68.76613940311881
TR-047849,2025-10-31,october,Flatbed,614.2,1502.63,1555.2857584395683,1512.3527115103439,1533.819234974956,31.18923497495598
TR-047850,2025-10-31,october,Dry Van,2139.5,3933.98,3949.9936091314826,3922.627980492214,3936.3107948118486,2.330794811848591
TR-047851,2025-10-31,october,Dry Van,538.3,1191.61,1210.6813411132669,1215.3785465650571,1213.0299438391621,21.419943839162215
TR-047852,2025-10-31,october,Reefer,1150.4,2620.28,2620.629700747617,2593.210192195468,2606.9199464715425,13.360053528457684
TR-047853,2025-10-31,october,Dry Van,451.4,997.09,1005.0210550388539,979.0618978342682,992.041476436561,5.048523563439062
TR-047854,2025-10-31,october,Flatbed,257.2,739.26,775.9568779114389,779.2522414622731,777.604559686856,38.34455968685597
TR-047855,2025-10-31,october,Dry Van,546.6,1152.24,1162.5536351484122,1161.495875512359,1162.0247553303857,9.784755330385678
TR-047856,2025-10-31,october,Dry Van,1115.4,2145.81,2052.86301815925,2064.4506231694886,2058.656820664369,87.15317933563074
TR-047857,2025-10-31,october,Dry Van,1215.3,2506.8,2460.491307900798,2430.5033065725515,2445.4973072366747,61.30269276332547
TR-047858,2025-10-31,october,Dry Van,308.7,703.44,711.178397284524,699.0116435058785,705.0950203952012,1.655020395201177
TR-047859,2025-10-31,october,Reefer,1035.4,2371.11,2366.5645689067246,2347.1632403029143,2356.8639046048193,14.246095395180873
TR-047860,2025-10-31,october,Dry Van,904.6,1782.08,1777.903791214016,1776.6950769243572,1777.2994340691866,4.780565930813282
TR-047861,2025-10-31,october,Flatbed,759.7,1711.56,1778.2959393805154,1739.2242281880367,1758.760083784276,47.2000837842761
TR-047862,2025-10-31,october,Dry Van,131.1,355.88,357.3738069261517,345.1100799171959,351.2419434216738,4.6380565783262
TR-047863,2025-10-31,october,Dry Van,242.2,577.77,587.3110280403781,592.6435978850827,589.9773129627304,12.207312962730384
TR-047864,2025-10-31,october,Flatbed,1533.1,3135.27,3241.120239200068,3244.0882979046037,3242.604268552336,107.3342685523362
TR-047865,2025-10-31,october,Dry Van,2085.8,3874.49,3853.3282256887933,3838.688015884927,3846.00812078686,28.481879213139564
TR-047866,2025-10-31,october,Flatbed,298.3,746.12,807.069096296487,789.2284296927699,798.1487629946284,52.02876299462844
TR-047867,2025-10-31,october,Flatbed,744.3,1646.65,1728.2597423179923,1750.1235230230798,1739.191632670536,92.54163267053582
TR-047868,2025-10-31,october,Reefer,1547.4,3529.14,3512.230154558946,3495.2339754628247,3503.7320650108854,25.407934989114437
TR-047869,2025-10-31,october,Flatbed,835.6,1892.15,1926.4796651900097,1946.8547841830507,1936.66722468653,44.51722468652997
TR-047870,2025-10-31,october,Dry Van,989.7,2033.55,2065.3581372944095,2051.318221994366,2058.3381796443878,24.78817964438781
TR-047871,2025-10-31,october,Flatbed,329.6,854.46,894.5197981823788,888.2931544995001,891.4064763409394,36.9464763409394
TR-047872,2025-10-31,october,Dry Van,1204.2,2493.55,2530.5004409849334,2461.1582763387564,2495.8293586618447,2.279358661844526
TR-047873,2025-10-31,october,Reefer,1181.8,2766.59,2733.864198578558,2739.4926481308157,2736.678423354687,29.91157664531329
TR-047874,2025-10-31,october,Reefer,1264.6,2787.97,2786.5633863362177,2800.5981979901626,2793.5807921631904,5.610792163190581
TR-047875,2025-10-31,october,Dry Van,749.0,1565.76,1566.8985995611972,1552.3139972200513,1559.6062983906243,6.15370160937573
TR-047876,2025-10-31,october,Dry Van,1083.1,2282.64,2293.953474632759,2229.981169703895,2261.967322168327,20.6726778316729
TR-047877,2025-10-31,october,Dry Van,305.4,788.83,762.2879606150195,762.6305349087074,762.4592477618635,26.37075223813656
TR-047878,2025-10-31,october,Dry Van,887.6,1716.52,1712.6905652706014,1701.9133171422068,1707.301941206404,9.218058793595901
TR-047879,2025-10-31,october,Dry Van,413.0,888.23,904.9204875642426,878.5963017445581,891.7583946544004,3.5283946544003584
TR-047880,2025-10-31,october,Dry Van,565.4,1264.64,1258.714073291089,1233.296096278404,1246.0050847847465,18.634915215253613
TR-047881,2025-10-31,october,Reefer,2548.0,5507.65,5348.347380414753,5478.921705167264,5413.634542791009,94.01545720899048
TR-047882,2025-10-31,october,Dry Van,2093.9,4049.65,3922.8406418846885,3962.541975686102,3942.6913087853954,106.95869121460464
TR-047883,2025-10-31,october,Flatbed,853.9,1756.24,1848.3818025465494,1874.6141955172802,1861.4979990319148,105.25799903191478
TR-047884,2025-10-31,october,Dry Van,764.9,1596.37,1617.9125061292696,1611.8804125931124,1614.8964593611909,18.526459361190973
TR-047885,2025-10-31,october,Reefer,656.8,1454.79,1479.2495797941897,1476.4323249341048,1477.8409523641471,23.05095236414718
TR-047886,2025-10-31,october,Flatbed,271.0,760.7,764.039419711917,763.1996438378653,763.6195317748911,2.919531774891084
TR-047887,2025-10-31,october,Dry Van,450.0,1078.09,1078.3379230464354,1064.3643673772272,1071.3511452118314,6.73885478816851
TR-047888,2025-10-31,october,Flatbed,184.1,525.91,560.1588956141118,516.7141818650234,538.4365387395676,12.526538739567627
TR-047889,2025-10-31,october,Flatbed,635.4,1536.02,1550.7160670139067,1568.726185688431,1559.721126351169,23.701126351169023
TR-047890,2025-10-31,october,Dry Van,196.3,561.02,559.7436902301712,561.6364007087279,560.6900454694496,0.32995453055036705
TR-047891,2025-10-31,october,Dry Van,199.4,552.6,559.3750005428237,538.8339551965873,549.1044778697055,3.495522130294489
TR-047892,2025-10-31,october,Reefer,477.0,1254.05,1281.9670495814673,1270.632364023797,1276.299706802632,22.24970680263209
TR-047893,2025-10-31,october,Dry Van,3090.5,5877.77,5827.60490644297,5764.259919758701,5795.932413100835,81.83758689916522
TR-047894,2025-10-31,october,Dry Van,142.6,406.71,399.6205365499848,400.81800120667344,400.2192688783291,6.490731121670876
TR-047895,2025-10-31,october,Flatbed,878.9,1803.86,1920.3565408451182,1897.807386752895,1909.0819637990066,105.22196379900674
TR-047896,2025-10-31,october,Flatbed,677.9,1484.36,1486.5450945787834,1484.3220397612517,1485.4335671700176,1.073567170017668
TR-047897,2025-10-31,october,Dry Van,967.2,1920.32,1933.5874976777445,1949.8826117466078,1941.7350547121762,21.415054712176243
TR-047898,2025-10-31,october,Dry Van,965.5,1935.63,1929.4526078123668,1935.8976518489442,1932.6751298306554,2.9548701693447583
TR-047899,2025-10-31,october,Dry Van,559.2,389.18,1184.8753845998183,1200.0314967250101,1192.4534406624143,803.2734406624143
TR-047900,2025-10-31,october,Reefer,864.1,1936.26,1909.0498553231075,1949.102309179727,1929.0760822514171,7.183917748582871
TR-047901,2025-10-31,october,Dry Van,183.2,498.57,500.6087714491572,480.3651246376876,490.4869480434224,8.083051956577606
TR-047902,2025-10-31,october,Dry Van,566.3,1298.84,1295.859633746578,1251.9458029604734,1273.9027183535259,24.937281646474048
TR-047903,2025-10-31,october,Reefer,1517.0,3544.7,3598.3191336740697,3570.8420949465353,3584.5806143103027,39.88061431030292
TR-047904,2025-10-31,october,Dry Van,1584.9,3014.39,2980.7963622882467,2979.998215936239,2980.397289112243,33.99271088775686
TR-047905,2025-10-31,october,Flatbed,443.1,1193.87,1246.7748440944345,1220.798981249225,1233.7869126718297,39.91691267182978
TR-047906,2025-10-31,october,Dry Van,1529.9,2972.61,2870.8621590311386,2894.586539883898,2882.724349457518,89.88565054248193
TR-047907,2025-10-31,october,Dry Van,386.0,889.76,884.1631931544827,872.8553205653543,878.5092568599184,11.250743140081568
TR-047908,2025-10-31,october,Reefer,999.7,2196.67,2289.7288415408166,2292.4773727683123,2291.1031071545644,94.43310715456437
TR-047909,2025-10-31,october,Dry Van,1831.9,3726.44,3489.036486540613,3498.0489128566933,3493.5426996986535,232.8973003013466
TR-047910,2025-10-31,october,Dry Van,1904.2,3806.72,3639.7224592872244,3694.5778255916603,3667.1501424394423,139.56985756055747
TR-047911,2025-10-31,october,Dry Van,2182.6,4081.47,3967.1822572233214,4036.71418164219,4001.9482194327556,79.52178056724415
TR-047912,2025-10-31,october,Dry Van,844.4,1776.62,1785.443266175618,1793.1682449413527,1789.3057555584853,12.685755558485425
TR-047913,2025-10-31,october,Flatbed,72.8,225.89,298.46223837161335,294.8906672041885,296.6764527879009,70.78645278790094
TR-047914,2025-10-31,october,Dry Van,638.3,1428.79,1434.3243209673037,1430.9150834245766,1432.6197021959401,3.829702195940172
TR-047915,2025-10-31,october,Dry Van,700.0,1520.95,1468.4686005673814,1469.4718369517159,1468.9702187595485,51.97978124045153
TR-047916,2025-10-31,october,Dry Van,889.2,1964.56,1931.4007737145294,1895.3149265432169,1913.357850128873,51.20214987112695
TR-047917,2025-10-31,october,Reefer,2147.8,4747.86,4617.618648375172,4662.426143091747,4640.022395733459,107.83760426654044
TR-047918,2025-10-31,october,Dry Van,626.4,1423.65,1422.950640307006,1397.8350889090395,1410.3928646080228,13.257135391977272
TR-047919,2025-10-31,october,Dry Van,2115.8,4047.69,3988.1662391758055,4027.6822686031032,4007.924253889454,39.76574611054593
TR-047920,2025-10-31,october,Dry Van,1986.1,3750.58,3798.332485087824,3750.3201563032844,3774.3263206955544,23.74632069555446
TR-047921,2025-10-31,october,Dry Van,1005.3,2241.06,2146.974558729568,2163.92422053073,2155.449389630149,85.61061036985075
TR-047922,2025-10-31,october,Flatbed,831.9,1862.13,1937.1567342378405,1912.3895628986324,1924.7731485682366,62.643148568236484
TR-047923,2025-10-31,october,Flatbed,615.7,1487.72,1558.4500910745674,1495.817643963939,1527.1338675192533,39.413867519253245
TR-047924,2025-10-31,october,Dry Van,1334.7,2781.65,2711.5794108164664,2674.109420209883,2692.8444155131747,88.80558448682541
TR-047925,2025-10-31,october,Dry Van,1501.7,3013.52,2943.6329638819584,2783.841277746914,2863.737120814436,149.78287918556407
TR-047926,2025-10-31,october,Dry Van,705.2,1624.99,1586.4619062705397,1568.2497755167335,1577.3558408936365,47.63415910636354
TR-047927,2025-10-31,october,Flatbed,367.0,928.29,969.1238168565181,934.005233658175,951.5645252573465,23.274525257346568
TR-047928,2025-10-31,october,Dry Van,177.0,464.45,471.14161681534534,444.90577947576,458.02369814555266,6.426301854447331
TR-047929,2025-10-31,october,Dry Van,1139.1,2419.63,2310.4021204188416,2293.0931032754747,2301.747611847158,117.88238815284194
TR-047930,2025-10-31,october,Dry Van,564.5,1245.87,1224.7615321755413,1241.7982057113877,1233.2798689434644,12.590131056535483
TR-047931,2025-10-31,october,Dry Van,1008.1,2083.49,2138.8079260308605,2115.630079829014,2127.2190029299372,43.72900292993745
TR-047932,2025-10-31,october,Dry Van,916.6,2105.01,2020.3160995430026,1974.8262428712292,1997.5711712071159,107.43882879288435
TR-047933,2025-10-31,october,Dry Van,2412.3,4779.53,4476.842377978769,4528.831397199428,4502.836887589098,276.69311241090145
TR-047934,2025-10-31,october,Flatbed,798.8,1694.68,1789.8344640718053,1788.163959484583,1788.9992117781942,94.31921177819413
TR-047935,2025-10-31,october,Dry Van,330.2,757.39,773.5141693373416,751.0232817407602,762.2687255390509,4.878725539050947
TR-047936,2025-10-31,october,Dry Van,2016.8,4018.5,3880.0742825797124,3859.9762111432565,3870.0252468614844,148.47475313851555
TR-047937,2025-10-31,october,Flatbed,388.8,914.89,949.4145778222279,937.0813830020063,943.2479804121172,28.357980412117172
TR-047938,2025-10-31,october,Dry Van,451.9,1148.08,1104.1015220352622,1105.6281456869579,1104.8648338611101,43.2151661388898
TR-047939,2025-10-31,october,Dry Van,3003.7,5543.53,5412.85437547773,5382.628654901827,5397.7415151897785,145.78848481022123
TR-047940,2025-10-31,october,Dry Van,863.3,1865.96,1824.521230778578,1836.6428902769937,1830.5820605277859,35.377939472214166
TR-047941,2025-10-31,october,Dry Van,399.1,920.97,976.1669927323051,958.2649146166907,967.2159536744979,46.245953674497855
TR-047942,2025-10-31,october,Reefer,939.9,2285.41,2257.41710688488,2237.3447175192464,2247.380912202063,38.02908779793688
TR-047943,2025-10-31,october,Dry Van,1857.4,3381.99,3352.414343848768,3429.722547248697,3391.0684455487326,9.078445548732816
TR-047944,2025-10-31,october,Reefer,1350.6,3118.76,3146.230509544657,3037.7481559206353,3091.9893327326463,26.77066726735393
TR-047945,2025-10-31,october,Reefer,2261.2,5091.54,4882.430126005646,4907.757170699813,4895.093648352729,196.4463516472706
TR-047946,2025-10-31,october,Flatbed,646.1,1509.1,1509.911251784305,1527.0154596531415,1518.4633557187233,9.36335571872337
TR-047947,2025-10-31,october,Flatbed,1014.4,2269.05,2349.031883473169,2303.875337126647,2326.453610299908,57.403610299907996
TR-047948,2025-10-31,october,Dry Van,2641.9,4788.74,4702.435039057868,4639.05401528055,4670.744527169209,117.99547283079119
TR-047949,2025-10-31,october,Dry Van,121.8,337.43,356.9553664291867,341.2400197536492,349.09769309141797,11.66769309141796
TR-047950,2025-10-31,october,Dry Van,2075.2,4091.21,3919.202161103798,3993.2742533503742,3956.238207227086,134.9717927729139
TR-047951,2025-10-31,october,Dry Van,830.8,1803.63,1799.3838619817752,1768.5800983185536,1783.9819801501644,19.64801984983569
TR-047952,2025-10-31,october,Dry Van,908.1,1832.95,1849.8810953939237,1828.579591258731,1839.2303433263273,6.280343326327284
TR-047953,2025-10-31,october,Dry Van,873.0,1872.97,1845.7260321832396,1804.6720496585756,1825.1990409209075,47.77095907909256
TR-047954,2025-10-31,october,Dry Van,1173.6,2435.84,2464.688276217386,2446.786969205533,2455.737622711459,19.897622711459007
TR-047955,2025-10-31,october,Dry Van,1953.3,4018.16,3838.918980726752,3844.2149511797006,3841.5669659532264,176.59303404677348
TR-047956,2025-10-31,october,Reefer,964.6,2252.0,2279.1264943629103,2245.656818622303,2262.3916564926067,10.391656492606671
TR-047957,2025-10-31,october,Dry Van,1569.9,3142.24,3152.2258678779076,3161.512892628932,3156.86938025342,14.629380253420095
TR-047958,2025-10-31,october,Dry Van,2314.4,4321.21,4181.691446742218,4280.255642410069,4230.9735445761435,90.23645542385657
TR-047959,2025-10-31,october,Dry Van,184.3,486.72,487.3139774447728,480.5497385838639,483.9318580143183,2.7881419856817047
TR-047960,2025-10-31,october,Dry Van,1574.5,3166.71,3184.8323832008264,3134.1136520380705,3159.4730176194485,7.236982380551581
TR-047961,2025-10-31,october,Dry Van,1788.8,3440.82,3394.4889124701135,3397.094191572019,3395.7915520210663,45.028447978933855
TR-047962,2025-10-31,october,Reefer,70.0,241.41,250.1453713316868,297.38913813133445,273.7672547315106,32.35725473151061
TR-047963,2025-10-31,october,Reefer,1731.7,3897.49,3864.2573134391114,3824.212905367035,3844.2351094030732,53.25489059692654
TR-047964,2025-10-31,october,Reefer,750.6,1730.14,1791.7534096225647,1770.2844727594606,1781.0189411910128,50.8789411910127
TR-047965,2025-10-31,october,Dry Van,1232.6,2612.25,2619.85634610322,2543.6385962967993,2581.7474712000094,30.502528799990614
TR-047966,2025-10-31,october,Dry Van,1031.2,2131.84,2079.1575537355398,2111.8360242596045,2095.4967889975724,36.34321100242778
TR-047967,2025-10-31,october,Reefer,1868.5,4242.21,4223.983507599702,4244.407992141421,4234.1957498705615,8.014250129438551
TR-047968,2025-10-31,october,Dry Van,2029.5,4143.03,3927.597801867267,3980.010361455425,3953.804081661346,189.22591833865363
TR-047969,2025-10-31,october,Flatbed,1320.8,2756.18,2779.256475772531,2716.4844553164994,2747.8704655445154,8.309534455484481
TR-047970,2025-10-31,october,Flatbed,1160.2,2578.62,2576.434881937785,2558.617398958244,2567.5261404480143,11.093859551985588
TR-047971,2025-10-31,october,Reefer,414.4,1140.1,1139.5961552687968,1133.1630477719564,1136.3796015203766,3.720398479623327
TR-047972,2025-10-31,october,Reefer,816.3,1856.36,1892.0962627923702,1832.8164598898293,1862.4563613410996,6.096361341099737
TR-047973,2025-10-31,october,Reefer,283.3,780.73,775.9371773409746,783.4614509842218,779.6993141625982,1.0306858374018475
TR-047974,2025-10-31,october,Dry Van,238.9,575.35,576.9652035018601,592.8749338056452,584.9200686537527,9.570068653752628
TR-047975,2025-10-31,october,Dry Van,1605.1,3168.5,3272.0308764847396,3255.623144378568,3263.827010431654,95.32701043165389
TR-047976,2025-10-31,october,Dry Van,1306.0,2373.86,2459.1675476453274,2451.4709120501525,2455.3192298477397,81.4592298477396
TR-047977,2025-10-31,october,Dry Van,132.4,361.79,373.43383126413886,383.4426912930312,378.43826127858506,16.64826127858504
TR-047978,2025-10-31,october,Flatbed,858.6,1861.13,1899.3603872442898,1896.2971863690716,1897.8287868066807,36.69878680668057
TR-047979,2025-10-31,october,Dry Van,80.1,210.91,263.83746423444654,229.09488111941187,246.4661726769292,35.55617267692921
TR-047980,2025-10-31,october,Reefer,2784.4,5609.53,5654.279432232457,5584.29025233587,5619.2848422841635,9.754842284163715
TR-047981,2025-10-31,october,Dry Van,1588.9,3381.74,3276.9818901182084,3218.800812722371,3247.8913514202895,133.84864857971024
TR-047982,2025-10-31,october,Dry Van,2144.0,3993.28,3956.667759625002,3935.660192404641,3946.1639760148214,47.1160239851788
TR-047983,2025-10-31,october,Dry Van,337.5,890.41,870.142150503424,880.8696947719661,875.505922637695,14.904077362304974
TR-047984,2025-10-31,october,Reefer,1890.3,4368.15,4305.567561794638,4283.563817665463,4294.5656897300505,73.58431026994913
TR-047985,2025-10-31,october,Dry Van,3396.6,6482.04,5989.5461174360935,6062.037487090608,6025.791802263351,456.24819773664876
TR-047986,2025-10-31,october,Dry Van,1101.8,2257.13,2207.4897837303047,2217.3431322451956,2212.41645798775,44.713542012249945
TR-047987,2025-10-31,october,Reefer,303.4,863.24,890.7837716511615,904.1766534605397,897.4802125558506,34.240212555850576
TR-047988,2025-10-31,october,Dry Van,325.2,809.92,816.072861225595,823.1458399409887,819.6093505832919,9.689350583291912
TR-047989,2025-10-31,october,Dry Van,1951.5,3792.58,3718.810040879015,3708.413295369699,3713.611668124357,78.96833187564289
TR-047990,2025-10-31,october,Reefer,314.9,855.05,884.0359687974803,876.1033647190025,880.0696667582414,25.019666758241442
TR-047991,2025-10-31,october,Reefer,681.1,1703.72,1692.1356908037496,1679.4596444748158,1685.7976676392827,17.92233236071729
TR-047992,2025-10-31,october,Flatbed,1788.3,3804.9,3893.6477667198064,3904.4194590736106,3899.0336128967083,94.1336128967082
TR-047993,2025-10-31,october,Reefer,457.0,5561.19,1234.2298983201035,1220.020046186504,1227.124972253304,4334.065027746696
TR-047994,2025-10-31,october,Dry Van,2295.2,4371.59,4230.209347017594,4261.461873895292,4245.835610456443,125.75438954355741
TR-047995,2025-10-31,october,Dry Van,1297.5,2682.29,2625.878102202115,2583.691237846656,2604.7846700243854,77.50532997561459
TR-047996,2025-10-31,october,Flatbed,1830.9,3787.32,3888.5761484850295,3840.022193382769,3864.2991709338994,76.97917093389924
TR-047997,2025-10-31,october,Reefer,445.8,1171.93,1221.7879825135105,1202.083708191993,1211.9358453527518,40.00584535275175
TR-047998,2025-10-31,october,Flatbed,267.9,713.36,757.3552630285848,715.2277423935584,736.2915027110716,22.93150271107163
TR-047999,2025-10-31,october,Flatbed,1901.3,3987.46,4071.041295421842,4046.970875903236,4059.0060856625387,71.54608566253864
TR-048000,2025-10-31,october,Dry Van,2860.4,5264.84,5256.871798600947,5120.6983103042185,5188.785054452583,76.05494554741745
