load_id,date,fold,equipment,distance,actual_rate,lightgbm_prediction,catboost_prediction,ensemble_prediction,absolute_error
TR-033719,2025-08-01,august,Dry Van,366.2,867.62,877.885747677736,877.3421745531507,877.6139611154433,9.993961115443312
TR-033720,2025-08-01,august,Flatbed,777.4,1789.0,1749.8425688642626,1755.2959728960632,1752.569270880163,36.430729119837
TR-033721,2025-08-01,august,Dry Van,1170.2,2403.16,2378.915316075819,2391.126416514404,2385.020866295112,18.13913370488808
TR-033722,2025-08-01,august,Dry Van,2634.1,4722.42,4826.236641817991,4891.929582718262,4859.083112268127,136.6631122681265
TR-033723,2025-08-01,august,Dry Van,108.2,276.48,272.78949417908603,344.5256695365413,308.6575818578136,32.17758185781361
TR-033724,2025-08-01,august,Reefer,502.5,1243.65,1198.2490895478306,1234.0772460345215,1216.163167791176,27.486832208824126
TR-033725,2025-08-01,august,Reefer,742.0,1664.84,1713.7269849104232,1673.7897397207898,1693.7583623156065,28.9183623156066
TR-033726,2025-08-01,august,Dry Van,570.0,1286.77,1251.1535032413094,1278.3173328035655,1264.7354180224374,22.03458197756254
TR-033727,2025-08-01,august,Dry Van,1917.0,3475.19,3455.8437997183387,3491.4402065078175,3473.6420031130783,1.5479968869217373
TR-033728,2025-08-01,august,Dry Van,2080.9,4007.13,4095.9433336123006,4102.768799556454,4099.356066584377,92.2260665843769
TR-033729,2025-08-01,august,Reefer,1124.0,2507.97,2527.631884636297,2362.283221192407,2444.957552914352,63.012447085647636
TR-033730,2025-08-01,august,Reefer,327.4,917.05,862.1130849340616,925.9823997057231,894.0477423198923,23.00225768010762
TR-033731,2025-08-01,august,Dry Van,1916.0,3562.11,3598.7124115969054,3733.4816057497214,3666.097008673313,103.98700867331308
TR-033732,2025-08-01,august,Flatbed,979.2,2197.15,2188.783906796278,2108.633975338825,2148.7089410675517,48.44105893244841
TR-033733,2025-08-01,august,Flatbed,270.4,747.57,689.4149295425002,757.4668106230458,723.440870082773,24.129129917227033
TR-033734,2025-08-01,august,Reefer,1148.6,2511.03,2617.813768470381,2562.2792403763196,2590.0465044233506,79.0165044233504
TR-033735,2025-08-01,august,Reefer,396.2,1092.22,1008.7464564176545,1067.106406370011,1037.9264313938327,54.293568606167355
TR-033736,2025-08-01,august,Dry Van,638.0,1331.9,1305.5571494442158,1311.3003042730556,1308.4287268586359,23.471273141364236
TR-033737,2025-08-01,august,Dry Van,1969.6,3634.84,3830.923227647505,3782.9948495475737,3806.9590385975393,172.1190385975392
TR-033738,2025-08-01,august,Dry Van,260.0,606.35,606.9814029687824,614.1903816375163,610.5858923031494,4.235892303149399
TR-033739,2025-08-01,august,Dry Van,2071.8,3822.64,4066.057888447181,4034.4395800143207,4050.248734230751,227.608734230751
TR-033740,2025-08-01,august,Dry Van,336.7,830.35,790.5614410432701,832.470521449354,811.5159812463121,18.83401875368793
TR-033741,2025-08-01,august,Dry Van,1414.8,2525.75,2762.2113088033934,2731.1916932419567,2746.701501022675,220.95150102267507
TR-033742,2025-08-01,august,Flatbed,1627.7,3472.54,3382.4598626204324,3425.891496484075,3404.1756795522538,68.3643204477462
TR-033743,2025-08-01,august,Dry Van,1054.8,2215.04,2250.8293845484036,2261.1947097199527,2256.012047134178,40.972047134177956
TR-033744,2025-08-01,august,Reefer,2020.4,4279.06,4127.887382653914,4333.262732147146,4230.575057400531,48.48494259946983
TR-033745,2025-08-01,august,Reefer,434.7,1096.66,1087.4171933898224,1097.7565971478346,1092.5868952688284,4.073104731171725
TR-033746,2025-08-01,august,Dry Van,1047.5,2040.66,2043.996833903449,2090.1082374383527,2067.052535670901,26.39253567090077
TR-033747,2025-08-01,august,Dry Van,269.8,664.74,656.7022313107661,647.8757184451108,652.2889748779385,12.451025122061537
TR-033748,2025-08-01,august,Reefer,246.1,662.76,646.066886880759,666.8181510117763,656.4425189462677,6.317481053732308
TR-033749,2025-08-01,august,Flatbed,931.3,2008.68,2068.0335718792026,2080.235867400338,2074.13471963977,65.45471963977002
TR-033750,2025-08-01,august,Dry Van,1152.7,2234.64,2146.097081202008,2149.5265382201874,2147.811809711098,86.82819028890208
TR-033751,2025-08-01,august,Dry Van,1329.6,2537.62,2630.9476926612842,2644.1334611253214,2637.540576893303,99.92057689330295
TR-033752,2025-08-01,august,Reefer,1906.2,4258.1,4180.697904318713,4193.76732044631,4187.232612382511,70.86738761748893
TR-033753,2025-08-01,august,Dry Van,1267.7,2474.08,2408.0487982944924,2517.177354305947,2462.6130763002197,11.466923699780182
TR-033754,2025-08-01,august,Dry Van,809.3,1809.03,1731.4255638613377,1796.6274073387272,1764.0264856000324,45.00351439996757
TR-033755,2025-08-01,august,Reefer,1867.8,3799.11,3801.7580146428572,3950.8096806858694,3876.2838476643633,77.17384766436317
TR-033756,2025-08-01,august,Dry Van,412.2,856.65,901.764298423944,874.7888548455437,888.2765766347438,31.626576634743856
TR-033757,2025-08-01,august,Dry Van,1048.2,2136.44,2103.7111356706578,2055.98905746222,2079.850096566439,56.589903433561176
TR-033758,2025-08-01,august,Dry Van,2119.4,3853.87,3844.3371201991795,3954.6138735184168,3899.475496858798,45.60549685879823
TR-033759,2025-08-01,august,Dry Van,468.6,1090.79,1083.6826038791837,1077.0907024004982,1080.386653139841,10.40334686015899
TR-033760,2025-08-01,august,Reefer,2624.9,5143.64,5307.023684840611,5199.5477495860005,5253.285717213306,109.64571721330594
TR-033761,2025-08-01,august,Reefer,1903.8,3967.88,3990.0715190174255,3978.655153639971,3984.363336328698,16.483336328697987
TR-033762,2025-08-01,august,Reefer,887.5,2142.51,1991.8652510055717,1957.8749385253402,1974.870094765456,167.63990523454413
TR-033763,2025-08-01,august,Flatbed,1430.1,3074.49,3050.4396760668596,3081.5481092304167,3065.9938926486384,8.496107351361388
TR-033764,2025-08-01,august,Reefer,1070.2,2482.57,2412.9085209341156,2384.8912540199676,2398.8998874770414,83.67011252295879
TR-033765,2025-08-01,august,Dry Van,277.7,631.13,645.3151220111038,636.4908674184755,640.9029947147897,9.772994714789661
TR-033766,2025-08-01,august,Reefer,1808.8,4026.23,3948.6726954802307,3980.3325243309664,3964.5026099055985,61.72739009440147
TR-033767,2025-08-01,august,Dry Van,430.9,941.46,945.066231188792,958.353590586695,951.7099108877435,10.249910887743454
TR-033768,2025-08-01,august,Dry Van,726.9,1457.24,1544.661912136263,1561.1818305729976,1552.9218713546302,95.68187135463018
TR-033769,2025-08-01,august,Dry Van,1010.4,2057.39,2035.025250459616,2021.5601014525273,2028.2926759560717,29.09732404392821
TR-033770,2025-08-01,august,Reefer,265.3,236.48,664.2864307088336,715.3924161301288,689.8394234194811,453.3594234194811
TR-033771,2025-08-01,august,Dry Van,363.6,784.35,792.2703813794514,764.0107249025718,778.1405531410117,6.209446858988372
TR-033772,2025-08-01,august,Dry Van,811.0,1659.97,1636.9812215983166,1657.5918980906904,1647.2865598445035,12.683440155496555
TR-033773,2025-08-01,august,Dry Van,998.4,1971.17,1964.9120151140153,1986.7266449993722,1975.8193300566936,4.649330056693543
TR-033774,2025-08-01,august,Dry Van,711.5,1442.58,1397.833094751163,1428.4770802317505,1413.1550874914567,29.42491250854323
TR-033775,2025-08-01,august,Dry Van,1329.3,2610.45,2689.9268230489133,2622.624208399816,2656.2755157243646,45.82551572436478
TR-033776,2025-08-01,august,Flatbed,2256.5,4334.24,4532.160307176638,4461.444027015086,4496.802167095862,162.5621670958626
TR-033777,2025-08-01,august,Dry Van,2109.6,4004.31,4005.2405543817736,3982.700120652596,3993.970337517185,10.339662482815129
TR-033778,2025-08-01,august,Reefer,1419.6,3317.04,3295.2643667371067,3191.485095990414,3243.3747313637605,73.66526863623949
TR-033779,2025-08-01,august,Dry Van,1382.7,2746.34,2680.4114811884047,2758.5133404225235,2719.462410805464,26.877589194536085
TR-033780,2025-08-01,august,Reefer,615.2,1575.68,1516.4561020737603,1511.2901749487137,1513.873138511237,61.80686148876316
TR-033781,2025-08-01,august,Reefer,1638.6,3699.41,3644.435132650094,3677.8036197153806,3661.119376182737,38.29062381726271
TR-033782,2025-08-01,august,Reefer,475.0,1220.53,1220.0821960933267,1200.4437592233248,1210.2629776583258,10.267022341674192
TR-033783,2025-08-01,august,Dry Van,1446.8,2808.81,2833.098028319691,2759.094875248025,2796.096451783858,12.713548216142044
TR-033784,2025-08-01,august,Reefer,278.6,780.13,728.3827085512489,749.4010224335984,738.8918654924237,41.23813450757632
TR-033785,2025-08-01,august,Dry Van,625.9,1304.64,1332.3846568456925,1338.7237823747616,1335.554219610227,30.914219610226837
TR-033786,2025-08-01,august,Dry Van,943.4,1959.95,1935.132163984821,1944.2126602563098,1939.6724121205655,20.277587879434577
TR-033787,2025-08-01,august,Flatbed,193.9,539.38,528.8945824581772,620.50350312214,574.6990427901586,35.31904279015862
TR-033788,2025-08-01,august,Dry Van,2326.4,4168.16,4361.9649860128775,4328.171390632535,4345.068188322706,176.90818832270634
TR-033789,2025-08-01,august,Flatbed,534.2,1257.53,1226.0867981568515,1201.7055921864994,1213.8961951716756,43.6338048283244
TR-033790,2025-08-01,august,Flatbed,138.3,400.5,366.12551050568635,441.6685273122314,403.8970189089589,3.3970189089588985
TR-033791,2025-08-01,august,Dry Van,1004.2,2085.87,2094.6250110425967,2081.1905061255543,2087.9077585840755,2.0377585840756183
TR-033792,2025-08-01,august,Reefer,1320.8,3052.13,3006.4798405925444,2925.8701715934876,2966.1750060930162,85.95499390698387
TR-033793,2025-08-01,august,Dry Van,450.9,925.69,940.3392319106553,932.9201538827265,936.6296928966908,10.939692896690758
TR-033794,2025-08-01,august,Dry Van,2083.1,3801.15,3889.9181585326705,3960.6162545950683,3925.2672065638694,124.11720656386933
TR-033795,2025-08-01,august,Reefer,911.2,2124.89,2067.787161945653,2031.5182603277542,2049.6527111367036,75.23728886329627
TR-033796,2025-08-01,august,Dry Van,2131.1,3882.94,4076.5245160410605,3927.812075435456,4002.168295738258,119.22829573825811
TR-033797,2025-08-01,august,Flatbed,469.7,1166.72,1147.0715544776517,1128.72981256749,1137.900683522571,28.819316477429084
TR-033798,2025-08-01,august,Flatbed,1410.4,3282.16,3107.3693459090487,3125.8820615365184,3116.6257037227833,165.53429627721653
TR-033799,2025-08-01,august,Flatbed,981.6,2234.9,2214.441459855849,2168.4337576373505,2191.4376087466,43.462391253400256
TR-033800,2025-08-01,august,Dry Van,633.6,1326.02,1277.359762590674,1315.409510534096,1296.384636562385,29.63536343761507
TR-033801,2025-08-01,august,Flatbed,383.8,920.2,911.1401111534534,942.7481395652374,926.9441253593454,6.744125359345389
TR-033802,2025-08-01,august,Reefer,1947.9,3944.93,3982.6424326491697,4169.706300392098,4076.1743665206336,131.24436652063378
TR-033803,2025-08-01,august,Dry Van,2599.8,4835.29,4686.031997527001,4748.475182069093,4717.253589798047,118.036410201953
TR-033804,2025-08-01,august,Dry Van,1143.9,2202.97,2244.298917736032,2270.1532963608884,2257.22610704846,54.25610704846031
TR-033805,2025-08-01,august,Dry Van,1643.0,2969.53,3129.3952699755937,3042.103701324024,3085.749485649809,116.21948564980858
TR-033806,2025-08-01,august,Flatbed,1943.9,4057.04,4087.034441356787,4095.4933918129987,4091.2639165848927,34.22391658489278
TR-033807,2025-08-01,august,Reefer,2333.2,4766.29,4736.697321409247,4973.1792858945855,4854.938303651916,88.64830365191574
TR-033808,2025-08-01,august,Dry Van,566.1,1229.96,1244.3185549112027,1291.4729480644091,1267.895751487806,37.935751487805874
TR-033809,2025-08-01,august,Reefer,952.1,2260.24,2177.4490904562417,2123.2882582359243,2150.368674346083,109.87132565391676
TR-033810,2025-08-01,august,Dry Van,2040.7,3841.99,3824.194469687444,3890.811550921234,3857.503010304339,15.513010304339332
TR-033811,2025-08-01,august,Dry Van,782.5,1660.14,1708.6777164049013,1695.1900732273966,1701.933894816149,41.79389481614885
TR-033812,2025-08-01,august,Dry Van,1658.9,3193.75,3096.7800641706667,3184.238467682446,3140.5092659265565,53.24073407344349
TR-033813,2025-08-01,august,Dry Van,447.9,1044.84,1029.3329164754502,1076.5519872930374,1052.9424518842438,8.10245188424392
TR-033814,2025-08-01,august,Dry Van,888.1,1907.25,1891.5238392659571,1923.4140896298577,1907.4689644479074,0.21896444790741043
TR-033815,2025-08-01,august,Dry Van,1624.1,3001.06,3186.408492112972,3076.5583806630057,3131.483436387989,130.4234363879891
TR-033816,2025-08-01,august,Reefer,1166.8,2686.58,2731.7216280022935,2762.496603992564,2747.1091159974285,60.52911599742856
TR-033817,2025-08-01,august,Dry Van,1027.4,2140.85,2151.0855392082462,2115.055678739332,2133.070608973789,7.77939102621076
TR-033818,2025-08-01,august,Dry Van,2008.8,3702.88,3734.1876429894514,3783.606230811168,3758.89693690031,56.0169369003097
TR-033819,2025-08-01,august,Dry Van,769.5,1658.17,1622.666990361133,1657.694447622121,1640.1807189916271,17.989281008372927
TR-033820,2025-08-01,august,Reefer,796.4,1855.63,1833.5248246699757,1804.3186963419766,1818.9217605059762,36.70823949402393
TR-033821,2025-08-01,august,Dry Van,257.4,648.19,647.5591793115458,648.4011950103288,647.9801871609372,0.20981283906280623
TR-033822,2025-08-01,august,Dry Van,260.9,625.72,648.9425968042607,665.8965405625722,657.4195686834164,31.699568683416373
TR-033823,2025-08-01,august,Dry Van,329.7,772.01,766.772804293811,810.6343385199109,788.7035714068609,16.693571406860883
TR-033824,2025-08-01,august,Reefer,1734.8,3827.0,3780.034499642149,3777.6635048306125,3778.849002236381,48.150997763619216
TR-033825,2025-08-01,august,Reefer,2012.2,4059.57,4168.962444715256,4143.5981431085365,4156.2802939118965,96.71029391189631
TR-033826,2025-08-01,august,Flatbed,1168.2,2568.67,2495.4360508984983,2624.789310329747,2560.112680614123,8.557319385877236
TR-033827,2025-08-01,august,Reefer,1023.1,2463.37,2378.4419341850735,2408.0880077892407,2393.264970987157,70.1050290128428
TR-033828,2025-08-01,august,Dry Van,919.3,1930.71,1842.618698988359,1828.9562994994578,1835.7874992439083,94.92250075609172
TR-033829,2025-08-01,august,Dry Van,1146.9,2334.52,2411.701208943606,2375.637035928042,2393.669122435824,59.14912243582421
TR-033830,2025-08-01,august,Flatbed,1274.0,2795.59,2726.7006937384062,2774.4248729251417,2750.562783331774,45.027216668226174
TR-033831,2025-08-01,august,Reefer,1404.2,3130.89,3097.0724672787624,3034.7474214189315,3065.9099443488467,64.98005565115318
TR-033832,2025-08-01,august,Dry Van,1627.7,3156.54,3262.7721186566528,3257.0223047227555,3259.897211689704,103.35721168970395
TR-033833,2025-08-01,august,Dry Van,571.4,1141.69,1161.5867422046292,1130.691884416477,1146.139313310553,4.449313310552952
TR-033834,2025-08-01,august,Reefer,1620.4,3477.96,3521.384998874202,3470.552638944093,3495.9688189091476,18.00881890914752
TR-033835,2025-08-01,august,Reefer,702.0,1699.01,1665.708546449578,1647.5515386925017,1656.63004257104,42.3799574289601
TR-033836,2025-08-01,august,Flatbed,2198.6,4584.03,4548.349942308381,4489.541885268545,4518.945913788463,65.08408621153649
TR-033837,2025-08-01,august,Flatbed,1869.4,3884.75,3980.9831210226293,3940.710309276149,3960.846715149389,76.09671514938918
TR-033838,2025-08-01,august,Dry Van,366.6,804.18,797.6065172834573,824.7817995914825,811.1941584374699,7.014158437469973
TR-033839,2025-08-01,august,Dry Van,665.9,1414.94,1354.585001675347,1398.8656044774225,1376.7253030763848,38.21469692361529
TR-033840,2025-08-01,august,Reefer,589.7,1383.98,1368.0568239234003,1378.24351523779,1373.150169580595,10.82983041940497
TR-033841,2025-08-01,august,Reefer,759.8,1809.13,1801.103980655494,1832.960968795943,1817.0324747257187,7.902474725718548
TR-033842,2025-08-01,august,Dry Van,1866.1,3598.93,3643.266325928008,3696.979350889678,3670.1228384088427,71.19283840884282
TR-033843,2025-08-01,august,Flatbed,1402.6,2956.21,2981.4932925751286,2891.8254643258224,2936.6593784504757,19.550621549524294
TR-033844,2025-08-01,august,Dry Van,806.5,1653.71,1607.4424460162368,1646.640189810882,1627.0413179135594,26.66868208644064
TR-033845,2025-08-01,august,Dry Van,549.6,1171.55,1245.9334296641225,1159.1821898642825,1202.5578097642024,31.00780976420242
TR-033846,2025-08-01,august,Flatbed,1311.9,2896.69,2839.275301650411,2827.1850371987057,2833.2301694245584,63.45983057544163
TR-033847,2025-08-01,august,Dry Van,1271.3,2682.67,2617.5083568129444,2575.960864034631,2596.7346104237877,85.9353895762124
TR-033848,2025-08-01,august,Dry Van,1416.0,2852.82,2893.9564059019126,2747.327846066882,2820.6421259843974,32.17787401560281
TR-033849,2025-08-01,august,Reefer,494.2,1298.64,1254.521876007847,1221.6892446562897,1238.1055603320683,60.53443966793179
TR-033850,2025-08-01,august,Flatbed,744.8,1646.28,1673.1398920416507,1651.8714927961764,1662.5056924189134,16.225692418913468
TR-033851,2025-08-01,august,Dry Van,2205.1,4136.86,4236.909672298039,4205.847213001412,4221.378442649726,84.51844264972624
TR-033852,2025-08-01,august,Flatbed,1685.1,3533.04,3671.1274734946583,3589.214947559977,3630.1712105273177,97.13121052731776
TR-033853,2025-08-01,august,Dry Van,1819.6,3390.11,3383.047312384438,3434.372187353628,3408.7097498690327,18.59974986903262
TR-033854,2025-08-01,august,Flatbed,993.7,2165.69,2205.5075906529955,2192.7255580058404,2199.1165743294177,33.42657432941769
TR-033855,2025-08-01,august,Dry Van,1102.6,2207.7,2257.5076936795103,2173.921741620717,2215.714717650114,8.014717650114108
TR-033856,2025-08-01,august,Dry Van,1991.1,3894.65,3713.5011139193666,3866.1285598205923,3789.8148368699794,104.83516313002065
TR-033857,2025-08-01,august,Reefer,990.3,2203.67,2237.5285742134365,2176.606984989216,2207.067779601326,3.397779601325965
TR-033858,2025-08-01,august,Dry Van,840.7,1605.77,1629.0099423729919,1641.6751286128329,1635.3425354929122,29.572535492912266
TR-033859,2025-08-01,august,Reefer,2885.9,5226.07,5469.87391515688,5554.581549927685,5512.227732542282,286.15773254228225
TR-033860,2025-08-01,august,Flatbed,2992.0,5850.29,5640.581938639245,5728.639799769535,5684.61086920439,165.67913079561004
TR-033861,2025-08-01,august,Dry Van,858.3,1693.17,1690.0848811587002,1698.5290058736064,1694.3069435161533,1.1369435161532238
TR-033862,2025-08-01,august,Dry Van,2051.9,3470.83,3658.4421886777204,3802.730297247026,3730.586242962373,259.7562429623731
TR-033863,2025-08-01,august,Flatbed,2650.0,5152.02,5103.431004840743,5248.939803573146,5176.185404206944,24.165404206944004
TR-033864,2025-08-01,august,Reefer,523.3,1343.43,1278.0719958741543,1291.3017511061653,1284.6868734901598,58.743126509840295
TR-033865,2025-08-01,august,Dry Van,443.1,1038.63,1046.2413699001572,1089.572153250912,1067.9067615755346,29.276761575534465
TR-033866,2025-08-01,august,Dry Van,194.1,483.85,482.32139084885523,547.5239161182524,514.9226534835539,31.072653483553836
TR-033867,2025-08-02,august,Dry Van,1205.2,2394.85,2518.26108568115,2360.374528689862,2439.317807185506,44.46780718550599
TR-033868,2025-08-02,august,Dry Van,2997.7,5608.62,5382.485444930499,5645.518605134912,5514.002025032705,94.61797496729469
TR-033869,2025-08-02,august,Dry Van,419.4,907.17,893.1778138273405,886.9827789751591,890.0802964012498,17.089703598750134
TR-033870,2025-08-02,august,Flatbed,677.7,1593.7,1542.3203301798376,1527.8810728138114,1535.1007014968245,58.59929850317553
TR-033871,2025-08-02,august,Reefer,1365.0,3088.95,3011.9242039384294,3084.0563495487936,3047.9902767436115,40.959723256388315
TR-033872,2025-08-02,august,Dry Van,635.1,1383.73,1326.2627005668287,1322.973332146344,1324.6180163565864,59.11198364341362
TR-033873,2025-08-02,august,Flatbed,203.5,548.34,539.9167413284831,596.9417524547955,568.4292468916393,20.089246891639277
TR-033874,2025-08-02,august,Reefer,1951.3,4344.56,4183.188411148415,4252.042271284831,4217.615341216623,126.94465878337724
TR-033875,2025-08-02,august,Dry Van,398.1,926.33,880.0964675612286,905.6980088741536,892.8972382176911,33.432761782308944
TR-033876,2025-08-02,august,Dry Van,839.5,1778.67,1725.3893436383,1705.6299384713911,1715.5096410548456,63.160358945154485
TR-033877,2025-08-02,august,Dry Van,2230.6,4067.91,4203.882810319124,4065.1568542762734,4134.5198322976985,66.60983229769863
TR-033878,2025-08-02,august,Dry Van,732.2,1594.47,1586.9328059670013,1571.777961938872,1579.3553839529368,15.114616047063237
TR-033879,2025-08-02,august,Dry Van,485.3,1079.38,1075.4062181385445,1090.8795741513877,1083.142896144966,3.7628961449659073
TR-033880,2025-08-02,august,Reefer,836.5,1902.25,1910.0881380036965,1893.1645567657267,1901.6263473847116,0.6236526152883926
TR-033881,2025-08-02,august,Dry Van,347.6,804.32,777.1123380861893,809.411450300076,793.2618941931327,11.058105806867388
TR-033882,2025-08-02,august,Flatbed,195.9,524.83,508.3551322565672,536.2598619696353,522.3074971131012,2.522502886898792
TR-033883,2025-08-02,august,Flatbed,1381.6,2845.08,2946.1847815110023,2927.0011906218415,2936.592986066422,91.51298606642194
TR-033884,2025-08-02,august,Dry Van,982.8,1931.83,1898.2336013173353,1954.3703142682962,1926.3019577928158,5.528042207184171
TR-033885,2025-08-02,august,Dry Van,1991.8,3592.99,3857.8615265024523,3867.2535879224597,3862.5575572124562,269.56755721245645
TR-033886,2025-08-02,august,Flatbed,1963.7,3812.14,3839.906766416789,3878.781226230504,3859.343996323647,47.20399632364706
TR-033887,2025-08-02,august,Reefer,1791.7,3812.37,3823.219153480771,3815.332910589247,3819.276032035009,6.906032035009048
TR-033888,2025-08-02,august,Reefer,3162.4,6163.95,5927.241819540923,6100.436004731971,6013.838912136447,150.1110878635527
TR-033889,2025-08-02,august,Reefer,851.7,1908.53,1864.8352659732323,1838.8132768573355,1851.8242714152839,56.7057285847161
TR-033890,2025-08-02,august,Flatbed,840.3,1861.41,1777.0674176092286,1761.8845959897646,1769.4760067994966,91.93399320050344
TR-033891,2025-08-02,august,Dry Van,937.3,1822.01,1875.429261397765,1865.4031102679842,1870.4161858328746,48.4061858328746
TR-033892,2025-08-02,august,Reefer,1100.0,2553.25,2593.599056112016,2415.810761249132,2504.704908680574,48.545091319425865
TR-033893,2025-08-02,august,Reefer,2159.4,4532.85,4467.207093719492,4475.697271120135,4471.452182419814,61.39781758018671
TR-033894,2025-08-02,august,Flatbed,2040.0,3939.72,4053.5337617941277,4147.900141733559,4100.716951763843,160.9969517638433
TR-033895,2025-08-02,august,Dry Van,2485.7,4714.07,4715.765946611996,4854.4343115983565,4785.100129105176,71.03012910517646
TR-033896,2025-08-02,august,Dry Van,485.3,1056.64,1051.9163206289202,1065.3378775880042,1058.627099108462,1.9870991084619618
TR-033897,2025-08-02,august,Dry Van,955.8,1752.59,1839.6703552718304,1871.6232899634842,1855.6468226176573,103.05682261765742
TR-033898,2025-08-02,august,Reefer,631.9,1427.18,1431.2717821255007,1371.971476910258,1401.6216295178792,25.558370482120836
TR-033899,2025-08-02,august,Dry Van,882.7,1994.72,2029.8895165776478,1934.81891685501,1982.354216716329,12.365783283671135
TR-033900,2025-08-02,august,Flatbed,2017.7,3962.62,3729.561941764461,3951.546206009704,3840.5540738870823,122.06592611291762
TR-033901,2025-08-02,august,Flatbed,757.7,1702.25,1654.1192907157342,1628.9924339131962,1641.5558623144652,60.69413768553477
TR-033902,2025-08-02,august,Dry Van,1614.1,3031.99,3100.8079633882453,3147.0821429620155,3123.9450531751304,91.95505317513062
TR-033903,2025-08-02,august,Flatbed,698.1,1486.79,1523.761034819245,1545.2898414631727,1534.5254381412087,47.73543814120876
TR-033904,2025-08-02,august,Dry Van,931.1,1851.59,1880.6210132945462,1846.5980927192322,1863.6095530068892,12.019553006889282
TR-033905,2025-08-02,august,Reefer,2114.6,4161.02,3913.7827278180675,4272.854579031162,4093.3186534246147,67.70134657538574
TR-033906,2025-08-02,august,Dry Van,2857.1,4813.98,5000.713350888155,5060.766945338966,5030.74014811356,216.76014811356072
TR-033907,2025-08-02,august,Dry Van,356.3,803.92,791.469820871919,783.7740618749397,787.6219413734293,16.29805862657065
TR-033908,2025-08-02,august,Flatbed,653.0,1437.39,1420.9836702766618,1360.8182790690735,1390.9009746728675,46.489025327132595
TR-033909,2025-08-02,august,Reefer,1232.2,2690.82,2733.021612305499,2688.0659869737497,2710.543799639624,19.72379963962385
TR-033910,2025-08-02,august,Flatbed,1051.3,2281.95,2246.194284782008,2286.6193410939622,2266.406812937985,15.543187062015022
TR-033911,2025-08-02,august,Reefer,1126.9,2448.56,2376.3408600341168,2431.6998837525,2404.0203718933085,44.53962810669145
TR-033912,2025-08-02,august,Reefer,249.3,650.81,653.6804319104571,725.7620883118309,689.7212601111439,38.911260111143974
TR-033913,2025-08-02,august,Dry Van,1674.1,3234.68,3395.3746194089226,3302.2455368746787,3348.8100781418007,114.13007814180082
TR-033914,2025-08-02,august,Dry Van,2770.5,4871.74,5093.123797335806,5173.813213776857,5133.468505556331,261.7285055563316
TR-033915,2025-08-02,august,Dry Van,1161.7,2222.35,2311.096985391592,2242.36054707127,2276.728766231431,54.3787662314312
TR-033916,2025-08-02,august,Dry Van,520.0,1100.92,1145.9035879112882,1123.86296229259,1134.883275101939,33.96327510193896
TR-033917,2025-08-02,august,Dry Van,609.8,1394.76,1355.7320420227297,1319.620820806113,1337.6764314144214,57.08356858557863
TR-033918,2025-08-02,august,Reefer,1447.5,3205.6,3197.118223809605,3173.35264008366,3185.235431946632,20.364568053367748
TR-033919,2025-08-02,august,Flatbed,235.3,648.49,625.072292696922,653.7147808564262,639.3935367766741,9.09646322332594
TR-033920,2025-08-02,august,Flatbed,1822.2,3807.18,3786.123980794354,3840.470502555513,3813.2972416749335,6.117241674933666
TR-033921,2025-08-02,august,Dry Van,448.9,978.47,945.4872795259259,996.3791364338422,970.9332079798841,7.536792020115968
TR-033922,2025-08-02,august,Reefer,1484.3,3293.11,3292.9209555388375,3249.8439216151373,3271.3824385769876,21.727561423012503
TR-033923,2025-08-02,august,Reefer,776.1,1734.74,1712.4679806569284,1747.7223907504776,1730.095185703703,4.644814296297
TR-033924,2025-08-02,august,Reefer,872.8,1947.61,1992.2674955639225,1916.1503443494257,1954.208919956674,6.598919956674081
TR-033925,2025-08-02,august,Reefer,597.5,1559.92,1402.5057388091952,1458.8566239685165,1430.6811813888557,129.23881861114432
TR-033926,2025-08-02,august,Dry Van,878.3,1784.01,1741.883616352887,1786.355080080294,1764.1193482165904,19.890651783409567
TR-033927,2025-08-02,august,Flatbed,829.1,1771.45,1816.77173713147,1767.0320330861605,1791.9018851088153,20.451885108815304
TR-033928,2025-08-02,august,Dry Van,554.8,1171.35,1142.1595442470239,1114.8292214272294,1128.4943828371265,42.855617162873386
TR-033929,2025-08-02,august,Dry Van,89.9,252.2,222.89352078297603,341.4512566260571,282.17238870451655,29.97238870451656
TR-033930,2025-08-02,august,Reefer,918.1,2145.78,2224.6465103519326,2169.454625451541,2197.050567901737,51.27056790173674
TR-033931,2025-08-02,august,Reefer,1294.9,2912.64,2975.282615524215,2773.533270423795,2874.407942974005,38.23205702599489
TR-033932,2025-08-02,august,Dry Van,1151.2,2299.11,2341.435229172524,2275.98661436535,2308.7109217689367,9.600921768936587
TR-033933,2025-08-02,august,Dry Van,1727.0,3307.2,3451.222437428613,3406.9763097007954,3429.0993735647044,121.89937356470455
TR-033934,2025-08-02,august,Flatbed,1083.5,2475.56,2448.7493037242994,2380.4112341214714,2414.5802689228854,60.97973107711459
TR-033935,2025-08-02,august,Dry Van,2024.3,3940.26,4017.840758015184,3902.8745614141635,3960.357659714674,20.097659714673682
TR-033936,2025-08-02,august,Reefer,2994.7,5735.1,5666.531714513298,5789.932033451563,5728.23187398243,6.868126017569921
TR-033937,2025-08-02,august,Dry Van,1092.4,2324.69,2377.567659890136,2204.618430397189,2291.0930451436625,33.59695485633756
TR-033938,2025-08-02,august,Flatbed,976.9,2134.15,2115.094092778147,2155.650030143513,2135.37206146083,1.2220614608299911
TR-033939,2025-08-02,august,Dry Van,1651.6,3170.25,3223.3721021644947,3242.844482480047,3233.108292322271,62.858292322271154
TR-033940,2025-08-02,august,Dry Van,683.2,1416.92,1406.6255307557365,1454.9689417701254,1430.797236262931,13.877236262930865
TR-033941,2025-08-02,august,Reefer,800.4,1896.46,1847.6110849671975,1801.8611577155798,1824.7361213413888,71.72387865861128
TR-033942,2025-08-02,august,Flatbed,515.6,1198.58,1173.934140696598,1165.0287776628193,1169.4814591797085,29.09854082029142
TR-033943,2025-08-02,august,Dry Van,1021.5,2033.22,2028.8061347162748,2035.8723413409268,2032.339238028601,0.8807619713991244
TR-033944,2025-08-02,august,Reefer,1744.9,3740.02,3598.5883172622234,3653.4901839621293,3626.039250612176,113.98074938782383
TR-033945,2025-08-02,august,Dry Van,231.1,574.3,555.3955489340653,589.3744426530479,572.3849957935566,1.9150042064433137
TR-033946,2025-08-02,august,Dry Van,1204.6,2341.23,2306.995872884146,2399.2404899213207,2353.118181402733,11.888181402733153
TR-033947,2025-08-02,august,Reefer,2019.7,4210.03,4136.134467575725,4160.611444357043,4148.372955966384,61.65704403361542
TR-033948,2025-08-02,august,Dry Van,1360.8,2654.01,2667.4471214113246,2685.4184499366625,2676.4327856739937,22.42278567399353
TR-033949,2025-08-02,august,Dry Van,3114.5,5754.26,5455.935998673632,5735.108937652216,5595.522468162924,158.73753183707595
TR-033950,2025-08-02,august,Dry Van,1101.8,2267.14,2222.5169969862204,2256.2734004627673,2239.3951987244936,27.744801275506234
TR-033951,2025-08-02,august,Dry Van,2944.4,5227.69,5292.338145669162,5430.725532104781,5361.531838886972,133.84183888697225
TR-033952,2025-08-02,august,Dry Van,799.6,1642.52,1677.1629387939583,1657.339709134596,1667.2513239642772,24.73132396427718
TR-033953,2025-08-02,august,Dry Van,964.8,1933.41,1883.4687903349384,1947.7153092553092,1915.5920497951238,17.817950204876297
TR-033954,2025-08-02,august,Reefer,317.7,846.8,797.5070582526582,851.2071122747366,824.3570852636974,22.442914736302555
TR-033955,2025-08-02,august,Dry Van,1697.0,3164.8,3218.113429002484,3272.9670520629,3245.540240532692,80.74024053269204
TR-033956,2025-08-02,august,Dry Van,1985.7,3686.34,3338.284301492356,3668.16035502708,3503.222328259718,183.11767174028228
TR-033957,2025-08-02,august,Dry Van,932.0,1834.02,1826.5941069730718,1793.1270106821619,1809.8605588276168,24.15944117238314
TR-033958,2025-08-02,august,Flatbed,2626.8,5106.99,5068.495538283445,5260.505950940486,5164.500744611965,57.51074461196549
TR-033959,2025-08-02,august,Reefer,819.3,1777.75,1732.9145400347927,1710.6256018954416,1721.7700709651172,55.97992903488284
TR-033960,2025-08-02,august,Dry Van,984.9,1973.02,2041.2128343515085,2029.0835741005253,2035.1482042260168,62.128204226016805
TR-033961,2025-08-02,august,Dry Van,1444.5,2778.66,2794.6806178499983,2779.5114981761526,2787.0960580130754,8.43605801307558
TR-033962,2025-08-02,august,Flatbed,763.3,1551.83,1562.9644065066336,1528.2774835468645,1545.620945026749,6.209054973250886
TR-033963,2025-08-02,august,Dry Van,445.3,1011.11,980.5102826911084,993.113936728543,986.8121097098257,24.297890290174337
TR-033964,2025-08-02,august,Reefer,2574.4,5071.92,4982.001106727818,5153.456437077656,5067.728771902737,4.191228097262865
TR-033965,2025-08-02,august,Reefer,601.5,1496.05,1522.130991135883,1496.1640457500298,1509.1475184429564,13.09751844295647
TR-033966,2025-08-02,august,Flatbed,2183.4,4353.92,4323.482323113173,4302.351155723858,4312.916739418515,41.00326058148494
TR-033967,2025-08-02,august,Dry Van,353.2,837.63,847.7313950401997,888.3392656502631,868.0353303452314,30.40533034523139
TR-033968,2025-08-02,august,Dry Van,1290.2,2597.51,2659.731757257405,2663.0783421033093,2661.4050496803575,63.89504968035726
TR-033969,2025-08-02,august,Dry Van,1066.1,2084.14,2148.53750728263,2101.937017791315,2125.2372625369726,41.09726253697272
TR-033970,2025-08-02,august,Reefer,827.8,1924.28,1850.0219576194982,1773.4373165502825,1811.7296370848903,112.55036291510964
TR-033971,2025-08-02,august,Dry Van,1174.3,2285.31,2378.2761169283813,2265.734675683318,2322.00539630585,36.695396305849954
TR-033972,2025-08-02,august,Dry Van,1796.1,3325.75,3420.494283199415,3386.3498576981438,3403.4220704487793,77.67207044877932
TR-033973,2025-08-02,august,Dry Van,298.9,760.91,703.7219999246453,792.0221687358403,747.8720843302428,13.037915669757126
TR-033974,2025-08-02,august,Dry Van,1235.7,2362.67,2307.6064715131156,2360.8291330735115,2334.2178022933135,28.452197706686547
TR-033975,2025-08-02,august,Flatbed,1733.2,3556.89,3622.3749953990523,3595.7235213158883,3609.0492583574705,52.15925835747066
TR-033976,2025-08-02,august,Dry Van,3105.3,5709.31,5537.434630383502,5580.884927561889,5559.159778972695,150.15022102730563
TR-033977,2025-08-02,august,Dry Van,353.8,829.36,816.5844023047651,848.1494896913364,832.3669459980508,3.00694599805081
TR-033978,2025-08-02,august,Dry Van,341.4,785.23,786.2044348535101,823.4322436724945,804.8183392630023,19.58833926300224
TR-033979,2025-08-02,august,Reefer,640.2,1493.87,1493.3281812342216,1482.0518946164862,1487.6900379253539,6.179962074646028
TR-033980,2025-08-02,august,Dry Van,1197.4,2309.75,2267.956501941763,2433.8661087414494,2350.911305341606,41.16130534160584
TR-033981,2025-08-02,august,Dry Van,1216.7,2501.06,2493.084959749917,2468.6218561810438,2480.85340796548,20.206592034519872
TR-033982,2025-08-02,august,Flatbed,1074.7,2255.88,2309.854681362649,2282.8380103985564,2296.3463458806027,40.4663458806026
TR-033983,2025-08-02,august,Dry Van,964.0,1951.31,1947.9983218011168,2009.5476018210516,1978.7729618110843,27.46296181108437
TR-033984,2025-08-02,august,Dry Van,2336.1,4086.4,4186.880752216796,4194.863875936784,4190.872314076791,104.47231407679055
TR-033985,2025-08-02,august,Dry Van,494.1,1074.82,1045.4453149200199,1034.3269191400493,1039.8861170300347,34.933882969965225
TR-033986,2025-08-02,august,Reefer,1471.5,3146.66,2884.4216712425855,3372.239412936967,3128.330542089776,18.329457910223937
TR-033987,2025-08-02,august,Dry Van,1091.3,2079.64,2152.0353633899695,2114.7293697101713,2133.3823665500704,53.74236655007053
TR-033988,2025-08-02,august,Dry Van,989.4,2018.62,2063.6446547436294,2046.1999831523744,2054.9223189480017,36.30231894800181
TR-033989,2025-08-02,august,Dry Van,831.2,1562.72,1574.2740828130356,1566.7503129356592,1570.5121978743473,7.792197874347266
TR-033990,2025-08-02,august,Flatbed,1210.2,2505.44,2572.2546914873656,2569.890589304873,2571.0726403961194,65.63264039611931
TR-033991,2025-08-02,august,Flatbed,608.8,1328.04,1324.2947488901166,1246.5934040720745,1285.4440764810956,42.59592351890433
TR-033992,2025-08-02,august,Dry Van,1134.9,2125.37,2203.8197463794877,2295.507321609264,2249.663533994376,124.29353399437605
TR-033993,2025-08-02,august,Reefer,725.7,1665.9,1727.6745427292099,1634.2929267714603,1680.983734750335,15.083734750334997
TR-033994,2025-08-02,august,Reefer,436.0,1119.16,1087.0878387297694,1110.8557992398028,1098.971818984786,20.188181015214013
TR-033995,2025-08-02,august,Reefer,1237.4,2680.3,2739.6711465763615,3083.2300378201344,2911.450592198248,231.15059219824798
TR-033996,2025-08-02,august,Reefer,300.5,837.83,814.683717227828,853.4800540981623,834.0818856629951,3.7481143370049494
TR-033997,2025-08-02,august,Dry Van,1129.0,2346.96,2208.539053448082,2256.9449427803224,2232.741998114202,114.218001885798
TR-033998,2025-08-02,august,Dry Van,835.0,1634.34,1664.4405449246017,1677.2714426552345,1670.855993789918,36.515993789918184
TR-033999,2025-08-02,august,Dry Van,563.8,1126.45,1105.4821275520696,1140.8782099573893,1123.1801687547295,3.2698312452705522
TR-034000,2025-08-02,august,Dry Van,514.0,1183.3,1127.7576266808567,1133.2082470646249,1130.4829368727408,52.81706312725919
TR-034001,2025-08-02,august,Flatbed,1101.7,2320.25,2334.3288448241096,2294.8375433525075,2314.5831940883086,5.6668059116914264
TR-034002,2025-08-02,august,Reefer,112.0,317.01,300.39519439024036,309.9775605049622,305.1863774476013,11.823622552398717
TR-034003,2025-08-02,august,Dry Van,181.3,512.3,467.8079602111673,537.6555089187075,502.73173456493737,9.568265435062585
TR-034004,2025-08-02,august,Dry Van,377.0,919.74,892.483574340221,900.7718199108276,896.6276971255243,23.112302874475745
TR-034005,2025-08-02,august,Dry Van,680.0,1444.21,1405.471521460465,1423.3120579581646,1414.3917897093147,29.81821029068533
TR-034006,2025-08-02,august,Dry Van,406.4,948.25,945.5956785988677,945.4064216300224,945.501050114445,2.748949885555021
TR-034007,2025-08-02,august,Reefer,789.6,1827.37,1833.0337996824064,1730.717249845516,1781.8755247639613,45.494475236038625
TR-034008,2025-08-02,august,Reefer,312.8,817.95,810.6273058256347,853.7160811912158,832.1716935084253,14.221693508425233
TR-034009,2025-08-02,august,Reefer,903.6,2057.63,2004.6987226025235,1951.2340152077556,1977.9663689051395,79.66363109486065
TR-034010,2025-08-02,august,Reefer,1693.6,3609.07,3391.224213380552,3646.76844856103,3518.996330970791,90.07366902920921
TR-034011,2025-08-02,august,Dry Van,550.3,1239.71,1217.1348180142713,1197.403037789864,1207.2689279020676,32.44107209793242
TR-034012,2025-08-02,august,Dry Van,798.3,1603.87,1642.9584276860774,1618.1391001832617,1630.5487639346695,26.678763934669632
TR-034013,2025-08-02,august,Reefer,952.6,2125.75,2146.7343476762217,2150.562783216037,2148.6485654461294,22.898565446129396
TR-034014,2025-08-02,august,Dry Van,1045.1,1962.76,2046.1301839770906,2053.854435446133,2049.9923097116116,87.2323097116116
TR-034015,2025-08-02,august,Flatbed,425.0,1034.19,1058.0042212013202,1053.2821936095565,1055.6432074054383,21.453207405438206
TR-034016,2025-08-02,august,Dry Van,2821.5,5067.84,5022.425498094627,5008.901037360925,5015.663267727776,52.1767322722244
TR-034017,2025-08-02,august,Dry Van,895.8,1796.09,1771.0804892027668,1815.1053160110814,1793.092902606924,2.997097393075819
TR-034018,2025-08-02,august,Flatbed,860.7,1937.5,1874.2071144247923,1906.4748587071874,1890.3409865659899,47.15901343401015
TR-034019,2025-08-02,august,Dry Van,573.7,1244.72,1220.0271855498181,1227.6102046414285,1223.8186950956233,20.90130490437673
TR-034020,2025-08-02,august,Dry Van,464.2,1025.87,1041.0099422021349,1035.2599233421406,1038.1349327721377,12.264932772137854
TR-034021,2025-08-02,august,Dry Van,3147.5,5269.1,5490.145435928895,5524.105041643401,5507.125238786148,238.02523878614738
TR-034022,2025-08-02,august,Dry Van,1727.8,3420.72,3324.2127483536956,3359.280012820036,3341.7463805868656,78.9736194131342
TR-034023,2025-08-02,august,Dry Van,501.6,1134.01,1133.557829174929,1112.5966016658078,1123.0772154203685,10.932784579631516
TR-034024,2025-08-02,august,Dry Van,656.7,1406.7,1391.732582903753,1399.9757744588078,1395.8541786812802,10.8458213187198
TR-034025,2025-08-02,august,Dry Van,515.6,1152.47,1124.3108149316247,1101.3018761700296,1112.8063455508272,39.66365444917278
TR-034026,2025-08-02,august,Flatbed,2091.6,4159.38,4133.8739446714635,4082.700268764306,4108.287106717885,51.092893282115256
TR-034027,2025-08-02,august,Reefer,448.2,1076.58,1058.4138331857516,1081.9136141599324,1070.163723672842,6.416276327157902
TR-034028,2025-08-03,august,Dry Van,1452.5,2687.56,2845.3921680990884,2834.2085171415806,2839.8003426203345,152.24034262033456
TR-034029,2025-08-03,august,Dry Van,830.1,1707.58,1731.9673128694803,1648.2566194989768,1690.1119661842285,17.468033815771378
TR-034030,2025-08-03,august,Reefer,296.0,770.25,755.476660356343,819.4402140711852,787.4584372137641,17.208437213764114
TR-034031,2025-08-03,august,Reefer,328.8,863.58,837.013877131388,877.7437759066468,857.3788265190174,6.201173480982675
TR-034032,2025-08-03,august,Reefer,460.0,1139.44,1127.7334013273783,1112.6989932678493,1120.2161972976137,19.223802702386365
TR-034033,2025-08-03,august,Dry Van,2855.9,5041.03,4979.430288960488,5102.946367353146,5041.188328156817,0.15832815681733337
TR-034034,2025-08-03,august,Dry Van,2380.3,4407.53,3631.911993692328,4320.231257626697,3976.0716256595124,431.45837434048735
TR-034035,2025-08-03,august,Dry Van,2803.5,4795.74,4951.135015684886,5014.955967846323,4983.045491765604,187.30549176560453
TR-034036,2025-08-03,august,Dry Van,1879.7,3487.12,3601.9520348575275,3590.937774415178,3596.4449046363525,109.32490463635258
TR-034037,2025-08-03,august,Reefer,576.2,1346.16,1253.8478896035208,1271.092700666733,1262.470295135127,83.68970486487319
TR-034038,2025-08-03,august,Flatbed,290.7,800.76,750.7851201419596,845.5960513540906,798.1905857480251,2.5694142519748766
TR-034039,2025-08-03,august,Flatbed,1732.1,3689.84,3580.1555740961417,3571.6680924011753,3575.9118332486587,113.92816675134145
TR-034040,2025-08-03,august,Dry Van,2128.1,3897.88,4000.093911731986,4083.419582207603,4041.756746969794,143.8767469697941
TR-034041,2025-08-03,august,Dry Van,332.9,756.26,734.0011636864355,777.3774432090561,755.6893034477457,0.570696552254276
TR-034042,2025-08-03,august,Dry Van,1900.6,3359.43,3614.105173420634,3634.4064844900313,3624.2558289553326,264.8258289553328
TR-034043,2025-08-03,august,Dry Van,404.7,865.81,849.8335389502971,872.8857101922617,861.3596245712795,4.450375428720463
TR-034044,2025-08-03,august,Dry Van,624.9,1324.91,1326.8469531167013,1324.5311520564821,1325.6890525865917,0.7790525865916607
TR-034045,2025-08-03,august,Reefer,232.4,625.75,608.1901810707099,674.2931410176159,641.2416610441628,15.49166104416281
TR-034046,2025-08-03,august,Dry Van,1361.7,2592.04,2528.0170837697056,2716.512148228841,2622.2646159992732,30.224615999273283
TR-034047,2025-08-03,august,Reefer,977.9,2306.19,2189.9440503348883,2305.7944092330617,2247.8692297839752,58.32077021602481
TR-034048,2025-08-03,august,Dry Van,427.5,948.57,938.9362772210859,939.6493253629587,939.2928012920223,9.277198707977732
TR-034049,2025-08-03,august,Reefer,1606.4,3353.18,3385.4360604924373,3370.6214836748723,3378.028772083655,24.84877208365515
TR-034050,2025-08-03,august,Dry Van,2042.4,3952.31,3751.9907087744655,3959.5476815484108,3855.769195161438,96.54080483856205
TR-034051,2025-08-03,august,Dry Van,982.5,2007.18,1980.3851717123996,2054.958034706515,2017.6716032094573,10.491603209457253
TR-034052,2025-08-03,august,Flatbed,188.3,544.64,535.2355718284942,591.4956342328633,563.3656030306788,18.725603030678826
TR-034053,2025-08-03,august,Dry Van,332.7,722.17,705.9178521782515,701.5098660209783,703.7138590996149,18.456140900385094
TR-034054,2025-08-03,august,Dry Van,2079.5,3674.51,3188.057152414285,3589.689666588892,3388.873409501589,285.63659049841135
TR-034055,2025-08-03,august,Dry Van,1224.2,2447.73,2507.7187124388984,2534.7999604429106,2521.2593364409045,73.52933644090444
TR-034056,2025-08-03,august,Dry Van,272.9,656.28,641.2647588957846,697.0208712431308,669.1428150694577,12.862815069457724
TR-034057,2025-08-03,august,Dry Van,1985.8,3738.3,3761.5340906802726,3775.3617790450226,3768.4479348626473,30.147934862647162
TR-034058,2025-08-03,august,Reefer,478.6,238.78,1149.6764398376,1170.0745497514426,1159.8754947945213,921.0954947945213
TR-034059,2025-08-03,august,Reefer,395.0,981.12,951.3780165996845,1013.7153800885673,982.5466983441258,1.426698344125839
TR-034060,2025-08-03,august,Dry Van,638.3,1408.98,1389.030468441863,1353.3459847761935,1371.1882266090283,37.791773390971684
TR-034061,2025-08-03,august,Dry Van,645.9,1379.06,1417.678257707807,1357.580251624513,1387.62925466616,8.569254666160077
TR-034062,2025-08-03,august,Dry Van,527.5,1159.04,1158.3067934450073,1163.1148076346494,1160.7108005398284,1.6708005398284058
TR-034063,2025-08-03,august,Dry Van,2185.8,3950.06,3757.5821137062094,4031.0313165481675,3894.3067151271885,55.75328487281149
TR-034064,2025-08-03,august,Flatbed,627.2,1490.56,1474.7336742846135,1487.4462165659018,1481.0899454252576,9.470054574742335
TR-034065,2025-08-03,august,Dry Van,523.8,1157.76,1132.180101797915,1139.0826643930795,1135.6313830954973,22.128616904502678
TR-034066,2025-08-03,august,Reefer,471.3,1177.76,1178.6397558280555,1158.710593603133,1168.6751747155943,9.084825284405724
TR-034067,2025-08-03,august,Dry Van,2169.8,4004.92,4094.9961406515386,4035.207189468587,4065.1016650600627,60.18166506006264
TR-034068,2025-08-03,august,Reefer,1008.7,2402.34,2259.7587325572076,2349.1222405943604,2304.4404865757842,97.89951342421591
TR-034069,2025-08-03,august,Dry Van,2040.3,3703.6,3665.669824458477,3808.621223760245,3737.145524109361,33.54552410936094
TR-034070,2025-08-03,august,Flatbed,846.7,1816.14,1785.9586770989827,1824.125333229737,1805.0420051643598,11.097994835640293
TR-034071,2025-08-03,august,Reefer,1683.9,3423.45,3471.453865252859,3452.3263820474212,3461.89012365014,38.44012365014032
TR-034072,2025-08-03,august,Dry Van,740.1,1443.93,1425.076575767165,1456.2988599938878,1440.6877178805264,3.242282119473657
TR-034073,2025-08-03,august,Reefer,451.3,1146.37,1120.688548280905,1156.8920296007807,1138.7902889408429,7.5797110591570345
TR-034074,2025-08-03,august,Flatbed,148.4,406.42,392.2356547282045,479.95063823812075,436.0931464831626,29.67314648316261
TR-034075,2025-08-03,august,Reefer,2660.8,5278.88,5198.262137568112,5351.436206804198,5274.849172186156,4.030827813844553
TR-034076,2025-08-03,august,Reefer,843.1,1957.47,1973.0743303629783,1970.1981386373475,1971.636234500163,14.166234500163
TR-034077,2025-08-03,august,Dry Van,1078.2,2075.07,2120.9811466958677,2060.0519257211413,2090.5165362085045,15.446536208504313
TR-034078,2025-08-03,august,Dry Van,452.4,970.99,951.972755016248,979.3465837285135,965.6596693723807,5.3303306276193325
TR-034079,2025-08-03,august,Reefer,1963.8,3959.2,3950.491057719174,4028.6758640345315,3989.5834608768528,30.38346087685295
TR-034080,2025-08-03,august,Reefer,3013.0,6080.38,5870.222419070189,5971.608791846164,5920.915605458176,159.46439454182382
TR-034081,2025-08-03,august,Dry Van,1040.8,2107.48,2097.0996575489394,2152.5428705233485,2124.821264036144,17.34126403614391
TR-034082,2025-08-03,august,Reefer,1871.7,4196.12,4064.800527639082,4133.629608927549,4099.215068283315,96.90493171668459
TR-034083,2025-08-03,august,Reefer,493.0,1264.42,1198.5274394815149,1203.4980605771768,1201.0127500293459,63.40724997065422
TR-034084,2025-08-03,august,Flatbed,825.7,1954.35,1917.1315394821042,1837.0933273687194,1877.1124334254118,77.23756657458807
TR-034085,2025-08-03,august,Dry Van,547.9,1158.06,1141.8716107740834,1159.0406195702508,1150.456115172167,7.6038848278328715
TR-034086,2025-08-03,august,Dry Van,251.0,573.43,589.8799627475029,646.6211147101726,618.2505387288377,44.82053872883773
TR-034087,2025-08-03,august,Flatbed,1675.5,3270.79,3428.480797538252,3288.7188752519696,3358.5998363951107,87.80983639511078
TR-034088,2025-08-03,august,Dry Van,1773.2,3229.4,3306.422800638636,3195.2114332061583,3250.817116922397,21.417116922396872
TR-034089,2025-08-03,august,Reefer,796.8,1883.01,1813.1343717169505,1796.4461704587925,1804.7902710878716,78.2197289121284
TR-034090,2025-08-03,august,Reefer,1228.4,2766.02,2879.7729319248033,2853.6837273038345,2866.7283296143187,100.7083296143187
TR-034091,2025-08-03,august,Dry Van,1034.2,2134.55,2173.9335778013246,2170.1378418531317,2172.035709827228,37.485709827227765
TR-034092,2025-08-03,august,Dry Van,2951.7,4959.93,5083.1508636458775,5259.112299249969,5171.131581447923,211.20158144792276
TR-034093,2025-08-03,august,Flatbed,605.9,1335.54,1382.770427229683,1326.6484704152685,1354.7094488224757,19.169448822475715
TR-034094,2025-08-03,august,Flatbed,1054.3,2258.06,2252.2927731691543,2306.2573603185056,2279.27506674383,21.215066743829993
TR-034095,2025-08-03,august,Flatbed,700.7,1520.28,1518.9343518067221,1514.4791583740823,1516.706755090402,3.573244909597861
TR-034096,2025-08-03,august,Reefer,284.2,736.9,685.2870864627877,754.0138595846774,719.6504730237325,17.249526976267475
TR-034097,2025-08-03,august,Flatbed,1562.4,3201.46,3332.970793425832,3281.137451701031,3307.0541225634315,105.59412256343148
TR-034098,2025-08-03,august,Reefer,1790.0,3894.26,3731.6627649119,3862.037975083742,3796.850369997821,97.40963000217926
TR-034099,2025-08-03,august,Flatbed,1556.2,3088.09,3166.7971208060408,3128.829529954445,3147.813325380243,59.72332538024284
TR-034100,2025-08-03,august,Flatbed,566.6,1248.29,1222.4863701107347,1236.736159704331,1229.6112649075328,18.67873509246715
TR-034101,2025-08-03,august,Dry Van,629.2,1407.25,1362.867571076362,1388.1410113777847,1375.5042912270733,31.74570877292672
TR-034102,2025-08-03,august,Dry Van,320.8,728.46,702.9084271411573,720.0316566128347,711.470041876996,16.989958123004044
TR-034103,2025-08-03,august,Dry Van,386.0,942.37,901.8361552341263,977.1818677705169,939.5090115023215,2.860988497678477
TR-034104,2025-08-03,august,Dry Van,372.1,801.01,795.4079909750034,807.935862587306,801.6719267811548,0.6619267811547616
TR-034105,2025-08-03,august,Dry Van,484.9,1082.19,1067.782901674712,1062.884827239632,1065.333864457172,16.856135542828042
TR-034106,2025-08-03,august,Dry Van,2261.1,3891.19,4000.018895563532,4148.987849076377,4074.5033723199545,183.3133723199544
TR-034107,2025-08-03,august,Flatbed,2556.8,4872.27,4965.099038349058,4995.34111127547,4980.220074812264,107.95007481226367
TR-034108,2025-08-03,august,Flatbed,517.6,1219.42,1195.1446333722088,1201.816819833749,1198.4807266029788,20.939273397021225
TR-034109,2025-08-03,august,Dry Van,1191.1,2208.36,2332.3984937169316,2338.690938240434,2335.5447159786827,127.18471597868256
TR-034110,2025-08-03,august,Dry Van,809.2,1741.58,1742.6539135475123,1738.609948873016,1740.6319312102642,0.9480687897357711
TR-034111,2025-08-03,august,Flatbed,1315.8,2673.22,2808.623558981074,2743.2841563655707,2775.953857673322,102.73385767332229
TR-034112,2025-08-03,august,Dry Van,1245.3,2455.34,2477.3049542776553,2558.4692046715027,2517.887079474579,62.54707947457882
TR-034113,2025-08-03,august,Flatbed,1062.6,2314.64,2213.58093973177,2316.069292193938,2264.825115962854,49.81488403714593
TR-034114,2025-08-03,august,Reefer,2215.1,4551.32,4393.79783438864,4546.4383384676785,4470.11808642816,81.20191357184012
TR-034115,2025-08-03,august,Dry Van,419.4,944.68,924.7771070877923,997.1489210655295,960.9630140766609,16.283014076660947
TR-034116,2025-08-03,august,Reefer,668.1,1566.36,1520.0869261702644,1500.27953114926,1510.1832286597623,56.176771340237565
TR-034117,2025-08-03,august,Dry Van,256.0,610.64,591.5182549414093,677.4381631716562,634.4782090565327,23.83820905653272
TR-034118,2025-08-03,august,Dry Van,93.5,261.93,268.06296805022976,290.92554147680426,279.494254763517,17.564254763517
TR-034119,2025-08-03,august,Flatbed,211.6,601.04,590.4793632439943,670.6738794684993,630.5766213562467,29.53662135624677
TR-034120,2025-08-03,august,Flatbed,644.9,1426.84,1440.1529145249715,1441.6665860471921,1440.9097502860818,14.069750286081899
TR-034121,2025-08-03,august,Dry Van,681.6,1445.35,1459.0131583056248,1475.8396258423425,1467.4263920739836,22.076392073983698
TR-034122,2025-08-03,august,Dry Van,2055.9,3804.38,3962.1235243942137,3967.1236480536663,3964.62358622394,160.24358622393993
TR-034123,2025-08-03,august,Reefer,918.4,2125.75,2133.230349967025,2041.0344207221183,2087.132385344572,38.61761465542804
TR-034124,2025-08-03,august,Dry Van,1544.0,2911.04,3064.2793149414338,3056.5400590816894,3060.409687011562,149.36968701156184
TR-034125,2025-08-03,august,Dry Van,143.4,398.68,361.61953452850463,439.6886556154759,400.65409507199024,1.9740950719902344
TR-034126,2025-08-03,august,Reefer,638.4,1585.61,1518.4137724000504,1504.5162411238616,1511.465006761956,74.14499323804398
TR-034127,2025-08-03,august,Flatbed,773.0,1623.34,1608.715602112649,1616.516816642852,1612.6162093777507,10.723790622249226
TR-034128,2025-08-03,august,Dry Van,895.2,1762.27,1760.611666058772,1731.9915742322887,1746.3016201455303,15.968379854469731
TR-034129,2025-08-03,august,Flatbed,350.3,872.25,858.7739961262548,874.8303865523885,866.8021913393217,5.447808660678334
TR-034130,2025-08-03,august,Flatbed,2296.5,4625.7,4524.589855355647,4639.094023785513,4581.8419395705805,43.85806042941931
TR-034131,2025-08-03,august,Dry Van,161.7,451.9,409.7416977476684,485.67112395133927,447.70641084950387,4.193589150496109
TR-034132,2025-08-03,august,Dry Van,2707.0,4874.89,4503.707584341198,4859.920710645365,4681.814147493282,193.07585250671855
TR-034133,2025-08-03,august,Dry Van,1824.0,3297.77,3554.7437400889853,3474.4494642255277,3514.5966021572567,216.82660215725673
TR-034134,2025-08-03,august,Reefer,1930.6,4092.06,4074.2438975768837,4162.599215682772,4118.421556629828,26.3615566298281
TR-034135,2025-08-03,august,Dry Van,787.5,1550.87,1506.5782332964357,1513.124131438868,1509.8511823676517,41.018817632348146
TR-034136,2025-08-03,august,Dry Van,676.9,1471.63,1399.6453064471168,1415.8591281585825,1407.7522173028497,63.87778269715045
TR-034137,2025-08-03,august,Flatbed,70.0,232.27,260.53575177555894,287.2724426607492,273.9040972181541,41.634097218154096
TR-034138,2025-08-03,august,Dry Van,556.6,1193.71,1179.1589839908559,1210.4328226647576,1194.7959033278066,1.0859033278065908
TR-034139,2025-08-03,august,Reefer,525.8,1345.07,1332.3876254379552,1286.2921216156547,1309.339873526805,35.730126473195014
TR-034140,2025-08-03,august,Dry Van,324.7,704.33,701.8233200789704,693.3006540802207,697.5619870795956,6.768012920404431
TR-034141,2025-08-03,august,Dry Van,1744.2,3119.88,2889.345372590614,3077.6216350006125,2983.483503795613,136.39649620438695
TR-034142,2025-08-03,august,Dry Van,724.6,1566.66,1542.4774313332573,1515.5634789408332,1529.0204551370452,37.639544862954835
TR-034143,2025-08-03,august,Dry Van,1070.0,2211.72,2205.764593890929,2267.3036940116986,2236.534143951314,24.814143951314236
TR-034144,2025-08-03,august,Dry Van,430.2,994.23,994.6014035702018,967.9331661266581,981.2672848484299,12.962715151570137
TR-034145,2025-08-03,august,Reefer,1210.4,2630.37,2629.255312322078,2620.18852153366,2624.721916927869,5.648083072130703
TR-034146,2025-08-03,august,Flatbed,186.1,546.61,497.48025715434983,599.302334816696,548.3912959855229,1.7812959855228883
TR-034147,2025-08-03,august,Dry Van,255.4,657.56,637.3855436812539,677.189460991819,657.2875023365365,0.2724976634634686
TR-034148,2025-08-03,august,Reefer,923.5,2018.95,2020.6224310335813,2031.465864553143,2026.0441477933623,7.094147793362254
TR-034149,2025-08-03,august,Dry Van,336.2,784.88,745.4238910115079,827.4088116343546,786.4163513229312,1.536351322931182
TR-034150,2025-08-03,august,Dry Van,2826.1,4628.21,4942.091435776098,4768.497173568243,4855.29430467217,227.08430467217022
TR-034151,2025-08-03,august,Dry Van,2393.5,4443.29,4396.524348333181,4380.424521665643,4388.474434999412,54.81556500058832
TR-034152,2025-08-03,august,Dry Van,3220.7,5413.99,5661.201726386885,5763.440398279294,5712.321062333089,298.331062333089
TR-034153,2025-08-03,august,Flatbed,2084.5,4265.3,4288.616102588084,4207.287137915677,4247.951620251881,17.34837974811944
TR-034154,2025-08-03,august,Reefer,1062.8,2211.24,2299.523699486213,2215.300353985937,2257.412026736075,46.17202673607517
TR-034155,2025-08-03,august,Dry Van,664.5,1401.46,1342.089736779965,1319.5343482639173,1330.8120425219413,70.64795747805874
TR-034156,2025-08-03,august,Reefer,1779.5,3678.88,3607.759241609934,3735.010161204926,3671.38470140743,7.49529859257018
TR-034157,2025-08-03,august,Dry Van,818.1,1593.4,1585.8790775979585,1623.303526117426,1604.591301857692,11.191301857691997
TR-034158,2025-08-03,august,Reefer,2792.6,5486.34,5522.821772434351,5537.740883633823,5530.281328034087,43.94132803408684
TR-034159,2025-08-03,august,Flatbed,543.4,1263.75,1239.0653677241112,1239.6415890826106,1239.353478403361,24.396521596639104
TR-034160,2025-08-03,august,Dry Van,256.2,585.53,583.6299251483726,665.0012607946026,624.3155929714876,38.78559297148763
TR-034161,2025-08-03,august,Reefer,406.7,995.56,1013.0050714995407,1062.298081383732,1037.6515764416363,42.091576441636334
TR-034162,2025-08-03,august,Dry Van,2273.9,4191.23,4249.710284997265,4345.700293868829,4297.705289433047,106.47528943304769
TR-034163,2025-08-03,august,Dry Van,951.9,1989.32,2041.4092067768925,2043.4577098782859,2042.433458327589,53.113458327589115
TR-034164,2025-08-03,august,Flatbed,644.7,1491.46,1454.085842256751,1493.6636685720805,1473.8747554144156,17.585244585584405
TR-034165,2025-08-03,august,Reefer,2564.8,4970.98,5194.169133570841,5077.752510790098,5135.96082218047,164.98082218047057
TR-034166,2025-08-03,august,Dry Van,1296.5,2540.65,2534.4841992199817,2497.351533703063,2515.9178664615224,24.732133538477683
TR-034167,2025-08-03,august,Flatbed,700.7,1601.44,1570.9980384999578,1557.4870696192256,1564.2425540595918,37.197445940408215
TR-034168,2025-08-03,august,Reefer,784.7,1942.11,1854.8174853644405,1759.3963730602454,1807.106929212343,135.00307078765695
TR-034169,2025-08-03,august,Reefer,2861.8,5483.01,5513.913210128783,5570.728082295832,5542.320646212307,59.31064621230689
TR-034170,2025-08-03,august,Dry Van,1506.4,2853.29,2870.522776438167,2925.4613116017827,2897.992044019975,44.70204401997489
TR-034171,2025-08-03,august,Flatbed,1192.4,2426.63,2423.657902497455,2463.0665276514965,2443.362215074476,16.73221507447579
TR-034172,2025-08-03,august,Reefer,1180.1,2585.32,2545.6492981670553,2423.535880705434,2484.5925894362445,100.72741056375571
TR-034173,2025-08-03,august,Dry Van,765.4,1591.5,1498.8094185373325,1556.9719983335601,1527.8907084354464,63.60929156455359
TR-034174,2025-08-03,august,Reefer,877.8,1895.4,1944.729414484303,1921.424697412732,1933.0770559485177,37.67705594851759
TR-034175,2025-08-03,august,Dry Van,1942.2,3806.4,3832.9984552631418,3805.665492319966,3819.3319737915535,12.931973791553446
TR-034176,2025-08-03,august,Dry Van,1855.8,3303.15,3409.710704663476,3393.5717832533155,3401.6412439583955,98.49124395839544
TR-034177,2025-08-03,august,Flatbed,275.5,666.29,640.625468869221,705.6227345275388,673.12410169838,6.834101698379982
TR-034178,2025-08-03,august,Reefer,653.3,1447.17,1435.8727946895353,1373.0698385608075,1404.4713166251713,42.69868337482876
TR-034179,2025-08-03,august,Dry Van,282.5,708.77,685.8854744056337,698.6312482554476,692.2583613305407,16.51163866945933
TR-034180,2025-08-03,august,Flatbed,464.4,1114.64,1113.6250581306006,1137.514268192208,1125.5696631614042,10.92966316140405
TR-034181,2025-08-03,august,Reefer,1007.3,2235.33,2344.580293418618,2350.697435822905,2347.6388646207615,112.3088646207616
TR-034182,2025-08-03,august,Dry Van,1244.3,2499.42,2558.6506062595367,2344.368176165494,2451.5093912125153,47.91060878748476
TR-034183,2025-08-03,august,Flatbed,369.0,940.7,917.033807957067,959.1300276944266,938.0819178257468,2.6180821742532316
TR-034184,2025-08-03,august,Dry Van,792.4,1599.3,1641.4246226341254,1527.286692835937,1584.3556577350312,14.944342264968782
TR-034185,2025-08-03,august,Reefer,2059.8,3844.87,4200.321693716651,4057.8065839501105,4129.064138833381,284.19413883338075
TR-034186,2025-08-03,august,Flatbed,612.1,1496.87,1442.9021123293785,1382.595251630852,1412.7486819801152,84.12131801988471
TR-034187,2025-08-03,august,Flatbed,2249.0,4209.92,4250.298027035546,4333.555251201506,4291.926639118526,82.00663911852553
TR-034188,2025-08-03,august,Dry Van,1377.3,2630.14,2689.5190193339486,2694.5203214906846,2692.0196704123164,61.8796704123165
TR-034189,2025-08-03,august,Dry Van,758.0,1534.71,1484.4939634144378,1499.4287738539601,1491.961368634199,42.748631365800975
TR-034190,2025-08-03,august,Flatbed,2586.5,5108.51,4654.358418139744,5008.242929168873,4831.300673654308,277.2093263456918
TR-034191,2025-08-03,august,Flatbed,426.4,986.8,996.7789653373221,977.4297373430597,987.104351340191,0.30435134019103316
TR-034192,2025-08-03,august,Dry Van,1440.3,2780.68,2862.7827430052275,2804.5154167278165,2833.649079866522,52.96907986652195
TR-034193,2025-08-03,august,Dry Van,1794.3,3518.46,3238.3094916354207,3390.2792509740602,3314.2943713047407,204.16562869525933
TR-034194,2025-08-03,august,Reefer,2918.4,5849.97,5787.1361766952805,6006.0088621284285,5896.572519411855,46.6025194118547
TR-034195,2025-08-04,august,Flatbed,2333.4,4433.82,4591.090712337711,4558.465139037272,4574.777925687491,140.9579256874913
TR-034196,2025-08-04,august,Dry Van,512.6,1141.42,1113.4354919501593,1122.8465776020157,1118.1410347760875,23.278965223912564
TR-034197,2025-08-04,august,Dry Van,1478.4,2698.93,2716.5872521657493,2787.507827478531,2752.04753982214,53.117539822140316
TR-034198,2025-08-04,august,Dry Van,769.3,1693.78,1642.5847246352928,1608.5858670837001,1625.5852958594965,68.19470414050352
TR-034199,2025-08-04,august,Dry Van,840.9,1631.85,1618.8868704128245,1616.6412697458973,1617.7640700793609,14.085929920639046
TR-034200,2025-08-04,august,Dry Van,1108.3,2302.23,2150.5989739892075,2201.052705821342,2175.8258399052747,126.40416009472528
TR-034201,2025-08-04,august,Dry Van,565.3,1197.74,1140.8505186897119,1156.284876269559,1148.5676974796354,49.17230252036461
TR-034202,2025-08-04,august,Dry Van,797.7,1652.95,1629.7971288355193,1629.7894707334053,1629.7932997844623,23.15670021553774
TR-034203,2025-08-04,august,Reefer,2097.2,4173.58,3713.19550713013,4155.919894742379,3934.5577009362546,239.02229906374532
TR-034204,2025-08-04,august,Dry Van,206.0,544.52,517.351409832956,555.9156887894067,536.6335493111814,7.886450688818627
TR-034205,2025-08-04,august,Reefer,696.7,1714.21,1671.4285907444157,1652.9481535430718,1662.188372143744,52.021627856256146
TR-034206,2025-08-04,august,Reefer,837.4,2014.28,1921.071267399439,1917.6895471920564,1919.3804072957478,94.8995927042522
TR-034207,2025-08-04,august,Flatbed,2728.8,5205.12,5158.691828425643,5345.628202849907,5252.160015637775,47.04001563777547
TR-034208,2025-08-04,august,Reefer,2308.3,4555.64,4604.39804629148,4770.028215838271,4687.213131064875,131.57313106487436
TR-034209,2025-08-04,august,Flatbed,1376.3,2874.24,2945.679146363274,2974.939465704471,2960.3093060338724,86.06930603387264
TR-034210,2025-08-04,august,Flatbed,499.1,1124.02,1122.753286114005,1135.6261492376402,1129.1897176758225,5.16971767582254
TR-034211,2025-08-04,august,Dry Van,446.9,1058.85,1026.5628903013262,1044.4925557229772,1035.5277230121517,23.322276987848227
TR-034212,2025-08-04,august,Dry Van,1027.5,2021.46,1976.473010035585,2040.0511705933022,2008.2620903144436,13.197909685556397
TR-034213,2025-08-04,august,Flatbed,184.7,496.18,483.0995145636805,509.84470647011653,496.4721105168985,0.29211051689850365
TR-034214,2025-08-04,august,Dry Van,371.1,818.39,813.6145186757493,841.0837443008022,827.3491314882758,8.95913148827583
TR-034215,2025-08-04,august,Dry Van,3192.5,5739.34,5686.109852336177,5814.942546768238,5750.526199552207,11.186199552206745
TR-034216,2025-08-04,august,Reefer,539.2,1287.17,1247.734387667429,1271.0750893189634,1259.4047384931962,27.76526150680388
TR-034217,2025-08-04,august,Dry Van,2146.5,4069.8,4151.040551011239,4215.276217057997,4183.1583840346175,113.3583840346173
TR-034218,2025-08-04,august,Reefer,1077.3,2453.31,2404.089418554648,2258.0950067302865,2331.0922126424675,122.21778735753242
TR-034219,2025-08-04,august,Dry Van,596.1,1230.35,1182.6513728873954,1227.8319907772475,1205.2416818323213,25.10831816767859
TR-034220,2025-08-04,august,Dry Van,549.8,1174.26,1172.879767030468,1187.7951305018469,1180.3374487661574,6.077448766157431
TR-034221,2025-08-04,august,Dry Van,1279.3,2425.13,2459.644193476198,2463.939069024124,2461.791631250161,36.66163125016101
TR-034222,2025-08-04,august,Flatbed,206.9,555.03,529.1658920930761,619.4717469628906,574.3188195279834,19.288819527983378
TR-034223,2025-08-04,august,Dry Van,426.0,929.83,957.320510446228,935.512085008058,946.416297727143,16.586297727143005
TR-034224,2025-08-04,august,Dry Van,626.0,1405.3,1355.6903863016576,1378.7181367941407,1367.204261547899,38.09573845210093
TR-034225,2025-08-04,august,Dry Van,979.9,2042.92,2133.124049242788,2079.8361823424502,2106.480115792619,63.560115792618944
TR-034226,2025-08-04,august,Flatbed,382.0,914.06,862.9181753090581,914.1352191296739,888.526697219366,25.533302780633903
TR-034227,2025-08-04,august,Reefer,883.2,2065.84,1932.5171668427283,1939.0826159588264,1935.7998914007774,130.04010859922278
TR-034228,2025-08-04,august,Dry Van,870.3,1823.5,1937.977873708523,1887.5832478358475,1912.7805607721853,89.28056077218525
TR-034229,2025-08-04,august,Reefer,1777.1,3910.43,3891.3254665224226,3931.5847867416296,3911.455126632026,1.0251266320260584
TR-034230,2025-08-04,august,Dry Van,837.1,1842.54,1787.4829584893425,1812.8176578348339,1800.150308162088,42.38969183791187
TR-034231,2025-08-04,august,Dry Van,793.2,1603.2,1573.2847672243347,1599.0961227372175,1586.1904449807762,17.009555019223853
TR-034232,2025-08-04,august,Dry Van,1809.0,3369.66,3277.2981410426896,3331.3675088699692,3304.332824956329,65.32717504367065
TR-034233,2025-08-04,august,Flatbed,2270.2,4594.78,4487.417716939482,4611.32783281533,4549.372774877405,45.407225122594355
TR-034234,2025-08-04,august,Reefer,1253.4,2885.13,2758.0567092352994,2906.505636076434,2832.2811726558666,52.8488273441335
TR-034235,2025-08-04,august,Dry Van,911.3,1769.96,1726.4252264834734,1730.903778285217,1728.6645023843453,41.29549761565477
TR-034236,2025-08-04,august,Dry Van,1291.0,2419.31,2524.673497627347,2483.2223195176175,2503.9479085724824,84.6379085724825
TR-034237,2025-08-04,august,Flatbed,480.6,1220.66,1170.0410997238935,1192.4961306486919,1181.2686151862927,39.39138481370742
TR-034238,2025-08-04,august,Dry Van,2279.0,4257.67,4143.337656539846,4119.721469258047,4131.529562898946,126.14043710105398
TR-034239,2025-08-04,august,Reefer,873.8,2020.7,2020.1097750725396,2003.9795726532332,2012.0446738628864,8.655326137113661
TR-034240,2025-08-04,august,Dry Van,641.9,1360.52,1331.0704666784525,1349.2794015842671,1340.1749341313598,20.345065868640177
TR-034241,2025-08-04,august,Dry Van,1947.5,3775.48,3814.5174634820733,3792.231435208537,3803.374449345305,27.89444934530502
TR-034242,2025-08-04,august,Dry Van,765.7,1499.26,1456.356748614625,1502.5205179439658,1479.4386332792956,19.821366720704418
TR-034243,2025-08-04,august,Dry Van,994.6,2056.61,2037.822762590687,2071.914054121799,2054.868408356243,1.7415916437571468
TR-034244,2025-08-04,august,Dry Van,899.7,1755.85,1726.3434033378098,1705.4400500420857,1715.8917266899477,39.958273310052164
TR-034245,2025-08-04,august,Flatbed,2283.8,4268.13,4361.205847055622,4332.784359373358,4346.99510321449,78.86510321448986
TR-034246,2025-08-04,august,Flatbed,1450.7,3159.4,2954.0226378049992,3144.0881362587784,3049.055387031889,110.34461296811105
TR-034247,2025-08-04,august,Dry Van,689.4,1446.35,1433.0360999256068,1414.0171340070417,1423.5266169663241,22.823383033675782
TR-034248,2025-08-04,august,Dry Van,502.6,1062.41,1074.1942713086937,1059.4097969673871,1066.8020341380404,4.392034138040344
TR-034249,2025-08-04,august,Dry Van,627.4,1385.14,1321.0327905692625,1356.9452014292165,1338.9889959992395,46.15100400076062
TR-034250,2025-08-04,august,Reefer,439.6,1035.9,1035.0713410958426,1019.3380479083239,1027.2046945020834,8.695305497916706
TR-034251,2025-08-04,august,Dry Van,755.1,1628.37,1590.1125557593148,1604.215584143204,1597.1640699512595,31.205930048740356
TR-034252,2025-08-04,august,Dry Van,653.3,1360.36,1375.7365488066955,1373.88712750366,1374.8118381551776,14.451838155177711
TR-034253,2025-08-04,august,Flatbed,982.7,2183.5,2111.6306438830597,2170.023170783716,2140.8269073333877,42.67309266661232
TR-034254,2025-08-04,august,Flatbed,493.5,1201.83,1198.2766168653811,1171.7513193947448,1185.013968130063,16.816031869936978
TR-034255,2025-08-04,august,Reefer,704.8,1606.21,1566.4275065181996,1517.8822904471467,1542.1548984826732,64.05510151732688
TR-034256,2025-08-04,august,Reefer,2076.7,4299.9,4349.473828247322,4312.428625825285,4330.951227036303,31.051227036303317
TR-034257,2025-08-04,august,Dry Van,620.3,1327.57,1310.8613173388464,1283.2923941095155,1297.0768557241809,30.493144275819077
TR-034258,2025-08-04,august,Dry Van,559.4,1289.89,1228.1626441139301,1268.1244823356083,1248.1435632247692,41.746436775230904
TR-034259,2025-08-04,august,Dry Van,1770.0,3352.59,3601.8439940853004,3484.674955556075,3543.2594748206875,190.66947482068736
TR-034260,2025-08-04,august,Dry Van,285.6,641.88,632.0458537051072,659.6542995647021,645.8500766349047,3.9700766349046717
TR-034261,2025-08-04,august,Dry Van,747.2,1522.0,1779.2036211829438,1792.9531401567165,1786.07838066983,264.07838066983004
TR-034262,2025-08-04,august,Reefer,1067.8,2519.83,2424.0107126569114,2489.048125588772,2456.529419122842,63.300580877158154
TR-034263,2025-08-04,august,Dry Van,89.7,248.66,221.88317939780654,379.7729658753383,300.8280726365724,52.16807263657242
TR-034264,2025-08-04,august,Dry Van,437.6,1027.69,983.6834005419158,993.3127301703269,988.4980653561213,39.19193464387877
TR-034265,2025-08-04,august,Dry Van,2738.8,4711.58,4867.470974338322,4958.517729424164,4912.994351881243,201.41435188124342
TR-034266,2025-08-04,august,Dry Van,2726.7,4878.94,4778.1977410963755,4715.365823602166,4746.7817823492705,132.15821765072906
TR-034267,2025-08-04,august,Dry Van,2657.3,4529.6,4591.901058834533,4755.528874783555,4673.714966809044,144.11496680904384
TR-034268,2025-08-04,august,Dry Van,1079.9,2164.46,2157.667800961372,2105.1588348530154,2131.4133179071937,33.04668209280635
TR-034269,2025-08-04,august,Reefer,213.9,640.47,586.1910260706579,672.084050114682,629.13753809267,11.332461907330071
TR-034270,2025-08-04,august,Dry Van,189.7,505.89,502.33836289085497,538.6589674758952,520.4986651833751,14.608665183375138
TR-034271,2025-08-04,august,Dry Van,1877.6,3640.33,3645.175122060457,3594.410300965247,3619.7927115128523,20.537288487147634
TR-034272,2025-08-04,august,Reefer,2559.4,5176.26,5272.56266163549,5219.666958549966,5246.114810092728,69.85481009272735
TR-034273,2025-08-04,august,Dry Van,740.0,1518.94,1486.824450565575,1487.908331217065,1487.36639089132,31.573609108680103
TR-034274,2025-08-04,august,Dry Van,2553.9,4728.14,4545.04633563664,4548.7590422797475,4546.902688958194,181.2373110418066
TR-034275,2025-08-04,august,Flatbed,334.6,841.73,813.6347202914473,827.0523597170966,820.343540004272,21.386459995728046
TR-034276,2025-08-04,august,Dry Van,280.9,635.9,623.9096467767929,659.5991873998087,641.7544170883008,5.854417088300806
TR-034277,2025-08-04,august,Dry Van,2655.5,4559.79,4603.883773551421,4786.92050375252,4695.402138651971,135.61213865197078
TR-034278,2025-08-04,august,Dry Van,408.1,1004.28,998.1812780136739,994.207923492816,996.1946007532449,8.08539924675506
TR-034279,2025-08-04,august,Reefer,722.0,1833.6,1688.232960106521,1677.7945976907977,1683.0137788986594,150.58622110134047
TR-034280,2025-08-04,august,Dry Van,440.2,1038.09,1007.0286908160128,1012.0136591124567,1009.5211749642348,28.568825035765144
TR-034281,2025-08-04,august,Flatbed,280.8,740.9,696.3675765716749,763.1542550237602,729.7609157977176,11.139084202282334
TR-034282,2025-08-04,august,Flatbed,907.4,1789.47,1828.3684704355724,1778.0508060799798,1803.209638257776,13.73963825777605
TR-034283,2025-08-04,august,Dry Van,1241.0,2485.16,2596.3616255643046,2528.1440813329123,2562.252853448608,77.09285344860837
TR-034284,2025-08-04,august,Reefer,2931.1,6054.63,5789.145282815897,6031.451068605875,5910.298175710886,144.33182428911368
TR-034285,2025-08-04,august,Dry Van,2249.0,3966.47,4204.586443345744,4175.968135780135,4190.277289562939,223.80728956293888
TR-034286,2025-08-04,august,Dry Van,785.3,1510.89,1489.8303444949477,1483.6619448608408,1486.7461446778943,24.143855322105765
TR-034287,2025-08-04,august,Reefer,1918.1,4169.66,4058.27931269128,4167.279633419057,4112.779473055169,56.88052694483122
TR-034288,2025-08-04,august,Dry Van,992.4,9535.05,2117.3288652789847,2140.4878336507877,2128.908349464886,7406.1416505351135
TR-034289,2025-08-04,august,Reefer,1416.1,3026.98,3054.5235948262703,3021.3180505761793,3037.920822701225,10.940822701224988
TR-034290,2025-08-04,august,Reefer,513.5,1328.05,1251.2326123215034,1275.0106744469147,1263.1216433842092,64.92835661579079
TR-034291,2025-08-04,august,Dry Van,2266.2,4440.66,4312.605738275891,4424.017822524056,4368.311780399974,72.34821960002591
TR-034292,2025-08-04,august,Dry Van,891.4,1812.55,1822.1425879312394,1806.9958861022576,1814.5692370167485,2.019237016748548
TR-034293,2025-08-04,august,Flatbed,937.3,2055.41,2097.127177914531,2053.0299178267396,2075.0785478706352,19.668547870635393
TR-034294,2025-08-04,august,Flatbed,829.2,1849.82,1812.3679075578996,1824.7278380497783,1818.5478728038388,31.272127196161136
TR-034295,2025-08-04,august,Reefer,747.2,1657.43,1599.538167262476,1640.786288465052,1620.162227863764,37.26777213623609
TR-034296,2025-08-04,august,Dry Van,1058.4,2146.11,2152.020278473506,2144.652807931597,2148.3365432025516,2.226543202551511
TR-034297,2025-08-04,august,Reefer,1082.1,2410.89,2554.2551269783944,2442.5345765970214,2498.394851787708,87.50485178770805
TR-034298,2025-08-04,august,Reefer,1788.3,3727.79,3694.7963327424895,3784.762089307974,3739.7792110252317,11.989211025231725
TR-034299,2025-08-04,august,Flatbed,1087.5,2297.53,2191.6305481241197,2335.951971624821,2263.7912598744706,33.7387401255296
TR-034300,2025-08-04,august,Flatbed,656.9,1583.33,1525.7520315899303,1545.1841945262427,1535.4681130580866,47.861886941913326
TR-034301,2025-08-04,august,Dry Van,790.2,1634.34,1668.4952558286298,1571.3781128836326,1619.936684356131,14.403315643868837
TR-034302,2025-08-04,august,Reefer,2079.0,4028.12,4161.783486908882,4166.083942882895,4163.933714895888,135.81371489588855
TR-034303,2025-08-04,august,Dry Van,1383.8,2668.88,2741.1345300469798,2788.4088497571565,2764.771689902068,95.89168990206781
TR-034304,2025-08-04,august,Reefer,1873.6,3789.94,3910.3242992244395,3881.0253351534534,3895.6748171889467,105.73481718894664
TR-034305,2025-08-04,august,Reefer,769.8,1838.66,1719.3423137293107,1743.1080261118973,1731.225169920604,107.43483007939608
TR-034306,2025-08-04,august,Dry Van,1743.8,3284.95,3425.55029653535,3274.7597643331683,3350.155030434259,65.20503043425924
TR-034307,2025-08-04,august,Dry Van,1447.7,2766.64,2793.288722317208,2823.550852437469,2808.4197873773383,41.77978737733838
TR-034308,2025-08-04,august,Dry Van,934.1,1823.03,1886.4230803108085,1857.8661822943332,1872.1446313025708,49.11463130257084
TR-034309,2025-08-04,august,Dry Van,434.7,1044.58,1015.4718441795723,1056.000611597401,1035.7362278884866,8.843772111513317
TR-034310,2025-08-04,august,Dry Van,2412.9,4393.14,4414.722146486359,4532.953658790802,4473.837902638581,80.69790263858067
TR-034311,2025-08-04,august,Dry Van,699.4,1450.62,1424.8404991352995,1436.8057965589912,1430.8231478471453,19.796852152854626
TR-034312,2025-08-04,august,Flatbed,1014.4,2253.42,2254.4912256347307,2259.5552238948026,2257.0232247647664,3.60322476476631
TR-034313,2025-08-04,august,Dry Van,1824.8,3448.82,3221.1947272512025,3374.421250074114,3297.8079886626583,151.01201133734185
TR-034314,2025-08-04,august,Reefer,1643.2,3442.31,3450.8173141946645,3486.879421512407,3468.848367853536,26.538367853535874
TR-034315,2025-08-04,august,Dry Van,904.4,1820.23,1867.8138841533244,1840.832034530939,1854.3229593421315,34.09295934213151
TR-034316,2025-08-04,august,Dry Van,450.4,973.57,965.4994190237281,970.1017159754688,967.8005674995984,5.769432500401649
TR-034317,2025-08-04,august,Flatbed,2642.8,5239.8,5233.170038114208,5325.395211248261,5279.282624681235,39.48262468123448
TR-034318,2025-08-04,august,Flatbed,2047.6,4093.97,4113.101668131598,4216.846044021552,4164.9738560765745,71.00385607657472
TR-034319,2025-08-04,august,Dry Van,844.2,1613.39,1819.1761748098716,1759.442588880175,1789.3093818450234,175.91938184502328
TR-034320,2025-08-04,august,Reefer,2324.6,4606.36,4579.712883833429,4822.647264510168,4701.180074171798,94.8200741717983
TR-034321,2025-08-04,august,Dry Van,306.7,745.45,717.083505238002,770.5457216866457,743.8146134623239,1.6353865376761405
TR-034322,2025-08-04,august,Dry Van,1118.4,2229.87,2119.4136951797377,2137.391955194782,2128.4028251872596,101.46717481274027
TR-034323,2025-08-04,august,Dry Van,188.8,510.54,486.2975419121485,515.2016084375871,500.7495751748678,9.79042482513222
TR-034324,2025-08-04,august,Flatbed,313.1,812.25,768.7778764971495,840.5673174578515,804.6725969775005,7.577403022499539
TR-034325,2025-08-04,august,Dry Van,2519.9,4493.48,4651.363243214206,4780.75143098633,4716.057337100268,222.57733710026878
TR-034326,2025-08-04,august,Dry Van,1125.2,2353.03,2340.9835627523084,2331.9998617157316,2336.4917122340203,16.53828776597993
TR-034327,2025-08-04,august,Reefer,682.7,1513.03,1482.2021295491832,1461.281482810506,1471.7418061798446,41.28819382015536
TR-034328,2025-08-04,august,Dry Van,685.0,1388.9,1370.6716512625214,1387.2532040516855,1378.9624276571035,9.937572342896601
TR-034329,2025-08-04,august,Dry Van,922.6,1854.39,1839.711316943771,1830.6672687698865,1835.1892928568286,19.200707143171485
TR-034330,2025-08-04,august,Dry Van,1138.9,2229.01,2100.9562605748924,2153.7903838335733,2127.373322204233,101.63667779576735
TR-034331,2025-08-04,august,Dry Van,2647.9,4627.9,4733.392736531035,4902.288890236639,4817.840813383837,189.94081338383694
TR-034332,2025-08-04,august,Reefer,401.3,979.33,990.7164424925143,969.5316146195,980.1240285560071,0.7940285560071061
TR-034333,2025-08-04,august,Reefer,335.0,920.74,862.0466728291829,924.2187896043094,893.1327312167462,27.607268783253858
TR-034334,2025-08-04,august,Dry Van,1454.5,2873.26,2919.324007810783,2883.18306982152,2901.2535388161514,27.99353881615116
TR-034335,2025-08-04,august,Flatbed,1146.5,2465.47,2566.0454738521794,2370.8910539324693,2468.468263892324,2.998263892324303
TR-034336,2025-08-04,august,Reefer,672.8,1666.71,1578.4051964787814,1570.8276388386655,1574.6164176587235,92.09358234127649
TR-034337,2025-08-04,august,Reefer,1072.9,2475.46,2401.2588287985045,2471.584497246101,2436.4216630223027,39.03833697769733
TR-034338,2025-08-04,august,Dry Van,1400.7,2665.16,2785.11556054005,2700.6008571367365,2742.8582088383932,77.69820883839338
TR-034339,2025-08-04,august,Dry Van,689.1,1533.45,1468.6907802184335,1502.1301187640825,1485.410449491258,48.03955050874197
TR-034340,2025-08-04,august,Dry Van,1216.3,2263.51,2215.1831632757835,2299.314967444174,2257.249065359979,6.260934640021333
TR-034341,2025-08-04,august,Reefer,695.4,1592.43,1567.9610908785135,1591.0991050890511,1579.5300979837823,12.899902016217766
TR-034342,2025-08-04,august,Reefer,1255.4,2636.22,2679.284662163583,2746.3136169674735,2712.799139565528,76.5791395655283
TR-034343,2025-08-04,august,Reefer,2736.0,5367.45,5199.34963333744,5511.4777908174765,5355.413712077458,12.036287922542215
TR-034344,2025-08-04,august,Dry Van,70.0,82.38,233.89929491629795,346.6201750524858,290.2597349843919,207.87973498439192
TR-034345,2025-08-04,august,Reefer,865.6,1907.08,1882.5680661876024,1892.565530638256,1887.566798412929,19.513201587070853
TR-034346,2025-08-04,august,Dry Van,375.5,854.18,843.5989668451755,859.8480683173714,851.7235175812734,2.456482418726523
TR-034347,2025-08-04,august,Dry Van,781.1,1621.68,1604.8453891866848,1646.4257400517927,1625.6355646192387,3.9555646192386575
TR-034348,2025-08-04,august,Dry Van,658.0,1420.42,1358.3268918999545,1352.6521707135116,1355.4895313067332,64.9304686932669
TR-034349,2025-08-04,august,Dry Van,317.2,741.02,733.474246546092,759.7455706179276,746.6099085820098,5.589908582009798
TR-034350,2025-08-04,august,Reefer,1204.3,2748.76,2701.1130826240437,2825.443383562094,2763.2782330930686,14.518233093068375
TR-034351,2025-08-04,august,Flatbed,699.8,1467.12,1472.634205072353,1488.8387603295218,1480.7364827009374,13.616482700937468
TR-034352,2025-08-04,august,Reefer,208.9,608.22,545.2577623167954,652.1107007385283,598.6842315276618,9.53576847233819
TR-034353,2025-08-04,august,Dry Van,1184.7,2315.85,2384.248824858061,2278.294400309222,2331.2716125836414,15.42161258364149
TR-034354,2025-08-04,august,Dry Van,1083.4,1961.23,2100.580667027149,2075.8177547060736,2088.1992108666113,126.96921086661132
TR-034355,2025-08-04,august,Dry Van,1017.3,1926.33,1946.6183367092287,1987.1055380349874,1966.861937372108,40.53193737210813
TR-034356,2025-08-04,august,Reefer,486.4,1232.75,1165.9301144457713,1180.6798868162346,1173.305000631003,59.44499936899706
TR-034357,2025-08-04,august,Dry Van,750.6,1616.46,1685.8971133589316,1601.9814491702268,1643.9392812645792,27.479281264579186
TR-034358,2025-08-04,august,Reefer,260.4,700.54,683.5120059026958,773.4326280440898,728.4723169733928,27.932316973392858
TR-034359,2025-08-04,august,Dry Van,1054.3,1992.66,2015.5651422781777,2080.076097201386,2047.8206197397817,55.16061973978162
TR-034360,2025-08-04,august,Dry Van,589.9,1143.93,1142.001023415193,1141.4474253867145,1141.7242244009537,2.2057755990463193
TR-034361,2025-08-04,august,Dry Van,1347.5,2587.81,2680.7036695168263,2675.3067168007206,2678.005193158773,90.19519315877324
TR-034362,2025-08-04,august,Reefer,430.1,1025.42,989.4793895352456,995.5515769929636,992.5154832641047,32.90451673589541
TR-034363,2025-08-04,august,Reefer,1762.9,3641.08,3631.217861631165,3643.1558101489136,3637.186835890039,3.8931641099607077
TR-034364,2025-08-04,august,Reefer,1992.6,4015.52,4010.499123698463,4152.059760281079,4081.279441989771,65.75944198977095
TR-034365,2025-08-04,august,Dry Van,1999.4,3662.47,3683.894736423175,3720.888445330609,3702.391590876892,39.921590876892424
TR-034366,2025-08-04,august,Reefer,2735.2,5332.84,5330.025546752007,5498.8097613331465,5414.417654042577,81.5776540425768
TR-034367,2025-08-04,august,Flatbed,724.2,338.67,1675.1067359883734,1649.1221894112928,1662.114462699833,1323.444462699833
TR-034368,2025-08-04,august,Reefer,1128.2,2585.17,2529.785447498859,2433.4721938067164,2481.628820652788,103.54117934721216
TR-034369,2025-08-04,august,Dry Van,2116.2,4040.31,4173.766592399618,4219.46804681061,4196.617319605114,156.30731960511412
TR-034370,2025-08-05,august,Dry Van,1193.2,2410.27,2355.9972230360913,2468.65017071767,2412.3236968768806,2.053696876880622
TR-034371,2025-08-05,august,Flatbed,1164.6,2609.36,2676.1634650523674,2657.3339728559645,2666.748718954166,57.38871895416605
TR-034372,2025-08-05,august,Dry Van,1031.3,2077.72,2112.6816841903055,2009.6373696437086,2061.159526917007,16.560473082992758
TR-034373,2025-08-05,august,Reefer,2633.0,5393.67,5352.230391917659,5344.194572785233,5348.212482351446,45.45751764855413
TR-034374,2025-08-05,august,Dry Van,1444.5,7603.41,2827.3257339078295,2710.514295779056,2768.920014843443,4834.489985156557
TR-034375,2025-08-05,august,Dry Van,3111.3,5775.22,5670.157120457892,5885.694035951461,5777.925578204677,2.705578204676385
TR-034376,2025-08-05,august,Reefer,2136.0,4295.11,4292.382889544508,4442.3453359798295,4367.364112762169,72.25411276216892
TR-034377,2025-08-05,august,Dry Van,310.8,741.1,726.0133490213,755.3498737012037,740.6816113612518,0.41838863874818344
TR-034378,2025-08-05,august,Flatbed,3181.5,5948.94,6042.581092013331,6132.808467405229,6087.69477970928,138.75477970928023
TR-034379,2025-08-05,august,Flatbed,1523.1,3221.66,3174.5286906034653,3246.8002546657367,3210.664472634601,10.99552736539863
TR-034380,2025-08-05,august,Dry Van,1238.6,2535.21,2508.3912137527764,2555.201892659375,2531.7965532060757,3.4134467939243223
TR-034381,2025-08-05,august,Flatbed,1015.6,2264.45,2488.68463938846,2431.9278341723325,2460.306236780396,195.8562367803961
TR-034382,2025-08-05,august,Flatbed,367.9,929.32,933.2049742928959,944.5734743143516,938.8892243036238,9.569224303623741
TR-034383,2025-08-05,august,Dry Van,871.1,1684.17,1707.5725373439814,1750.7909984082266,1729.181767876104,45.01176787610393
TR-034384,2025-08-05,august,Dry Van,1224.4,2561.56,2612.8505466809684,2573.8111123568992,2593.3308295189336,31.770829518933624
TR-034385,2025-08-05,august,Flatbed,1204.2,2549.96,2724.8216606578026,2703.3367047710217,2714.079182714412,164.1191827144121
TR-034386,2025-08-05,august,Flatbed,330.7,865.02,799.9202455811308,876.0680178428272,837.994131711979,27.025868288021
TR-034387,2025-08-05,august,Dry Van,411.9,891.95,887.4662565375281,897.1689177807516,892.3175871591399,0.3675871591398163
TR-034388,2025-08-05,august,Reefer,2269.5,4647.65,4537.881590673825,4674.260870724518,4606.071230699172,41.578769300827844
TR-034389,2025-08-05,august,Dry Van,1304.8,2462.49,2567.228056580523,2547.3412130073966,2557.28463479396,94.79463479396009
TR-034390,2025-08-05,august,Reefer,765.1,1773.53,1737.9563375301548,1772.8623347070047,1755.4093361185796,18.12066388142034
TR-034391,2025-08-05,august,Flatbed,1458.2,3222.22,3131.276663543821,3131.5053071580205,3131.390985350921,90.829014649079
TR-034392,2025-08-05,august,Reefer,432.4,1067.27,1074.0185818640498,1061.1592032852093,1067.5888925746294,0.3188925746294444
TR-034393,2025-08-05,august,Reefer,940.8,2240.2,2196.6999964005936,2220.3542435472878,2208.527119973941,31.67288002605892
TR-034394,2025-08-05,august,Flatbed,1003.1,2341.02,2312.969173288345,2288.0208360037495,2300.495004646047,40.52499535395282
TR-034395,2025-08-05,august,Dry Van,184.2,489.57,464.34733941967727,522.2904773776897,493.3189083986835,3.7489083986835112
TR-034396,2025-08-05,august,Reefer,1086.6,2541.24,2536.5154627042184,2409.9732336927286,2473.2443481984737,67.99565180152604
TR-034397,2025-08-05,august,Dry Van,863.5,1707.9,1767.0112205096991,1759.990846413052,1763.5010334613755,55.60103346137544
TR-034398,2025-08-05,august,Dry Van,2538.2,4630.38,4043.523744152308,4624.713951035335,4334.118847593822,296.26115240617855
TR-034399,2025-08-05,august,Dry Van,876.5,1826.7,1774.063663771513,1822.6573392979033,1798.360501534708,28.33949846529208
TR-034400,2025-08-05,august,Dry Van,926.3,1936.01,1913.9770224449874,1890.7092667959143,1902.3431446204509,33.66685537954913
TR-034401,2025-08-05,august,Dry Van,782.9,1582.5,1666.5942848644468,1647.1825242931677,1656.8884045788072,74.38840457880724
TR-034402,2025-08-05,august,Dry Van,609.3,1297.18,1271.1887119628243,1259.6543927455978,1265.4215523542111,31.75844764578892
TR-034403,2025-08-05,august,Dry Van,583.8,1243.28,1199.5671811430016,1194.9184968263817,1197.2428389846916,46.03716101530836
TR-034404,2025-08-05,august,Reefer,470.3,1101.62,1047.8906397580906,1053.2499998363428,1050.5703197972166,51.04968020278329
TR-034405,2025-08-05,august,Flatbed,1158.1,2401.2,2507.7386800704408,2368.991982525305,2438.365331297873,37.16533129787331
TR-034406,2025-08-05,august,Dry Van,1576.1,2920.43,3006.3634167216533,3049.629484671002,3027.996450696328,107.56645069632805
TR-034407,2025-08-05,august,Flatbed,728.2,1581.08,1691.7469650155758,1614.0354469673816,1652.8912059914787,71.8112059914788
TR-034408,2025-08-05,august,Dry Van,763.5,1600.53,1731.8351520430108,1641.7091237956163,1686.7721379193135,86.24213791931356
TR-034409,2025-08-05,august,Dry Van,1114.1,2317.05,2315.3343257395327,2311.1312218352214,2313.232773787377,3.8172262126231544
TR-034410,2025-08-05,august,Dry Van,1005.6,2042.95,2019.0341047624602,2020.2546772223664,2019.6443909924133,23.30560900758678
TR-034411,2025-08-05,august,Dry Van,1593.9,3080.48,3238.68622251899,3157.4248713859342,3198.055546952462,117.57554695246199
TR-034412,2025-08-05,august,Reefer,1390.1,3217.56,3224.6666919465206,3232.1508791096066,3228.4087855280636,10.848785528063672
TR-034413,2025-08-05,august,Reefer,591.0,1378.3,1345.2087432915816,1390.8720032498259,1368.0403732707036,10.259626729296315
TR-034414,2025-08-05,august,Reefer,1500.0,3221.63,3234.535839738346,3191.1938447853554,3212.8648422618508,8.765157738149355
TR-034415,2025-08-05,august,Dry Van,914.5,1904.92,1913.9986727453304,1876.1139479288581,1895.0563103370941,9.863689662905927
TR-034416,2025-08-05,august,Reefer,1105.0,2562.63,2472.8817431795483,2441.8127664607987,2457.3472548201735,105.28274517982663
TR-034417,2025-08-05,august,Dry Van,1307.7,2596.53,2630.4441197456736,2594.614307392766,2612.52921356922,15.999213569219592
TR-034418,2025-08-05,august,Flatbed,650.8,349.06,1477.0501515912422,1436.2658853195462,1456.658018455394,1107.5980184553941
TR-034419,2025-08-05,august,Flatbed,1735.8,3354.77,3401.1042310874877,3456.0137332425625,3428.558982165025,73.78898216502512
TR-034420,2025-08-05,august,Reefer,861.2,2064.16,1981.2011853648105,1952.664335606228,1966.9327604855193,97.22723951448052
TR-034421,2025-08-05,august,Dry Van,686.9,1395.34,1373.3926473788442,1406.602045913939,1389.9973466463916,5.342653353608284
TR-034422,2025-08-05,august,Dry Van,801.0,1571.81,1545.8806598261754,1538.1515620549446,1542.0161109405599,29.793889059440062
TR-034423,2025-08-05,august,Flatbed,516.8,1186.51,1179.0102356705318,1158.3681255275806,1168.6891805990563,17.82081940094372
TR-034424,2025-08-05,august,Dry Van,2836.1,5192.12,5073.2115330283295,5323.211122938972,5198.21132798365,6.091327983650444
TR-034425,2025-08-05,august,Flatbed,606.8,1463.87,1439.9160163196666,1464.8616392378856,1452.388827778776,11.481172221223915
TR-034426,2025-08-05,august,Flatbed,893.0,2073.3,2111.389053135379,2047.3245350714008,2079.35679410339,6.05679410338962
TR-034427,2025-08-05,august,Reefer,1398.5,3183.27,3096.5903815907154,3259.264114499488,3177.927248045102,5.342751954898176
TR-034428,2025-08-05,august,Dry Van,957.6,2038.22,1953.2030993673338,1985.1932664408744,1969.1981829041042,69.02181709589581
TR-034429,2025-08-05,august,Dry Van,442.7,983.42,985.096200964073,982.1834319066377,983.6398164353553,0.21981643535536932
TR-034430,2025-08-05,august,Dry Van,679.3,1497.67,1456.171757135023,1478.438231539364,1467.3049943371934,30.365005662806652
TR-034431,2025-08-05,august,Flatbed,1415.9,2913.62,2992.9226213896563,2896.1435518445405,2944.5330866170984,30.913086617098543
TR-034432,2025-08-05,august,Dry Van,993.8,1938.59,1975.695882569871,1974.3871474357968,1975.0415150028339,36.45151500283396
TR-034433,2025-08-05,august,Reefer,424.0,1078.55,1115.4177124973387,1076.8960049306838,1096.1568587140114,17.606858714011423
TR-034434,2025-08-05,august,Reefer,279.0,792.34,739.866826494224,764.1053399272421,751.9860832107331,40.35391678926692
TR-034435,2025-08-05,august,Dry Van,2257.1,4163.41,4219.84660522709,4116.7475427591835,4168.297073993137,4.8870739931371645
TR-034436,2025-08-05,august,Flatbed,647.1,1475.54,1443.5816109237057,1409.093181304951,1426.3373961143284,49.20260388567158
TR-034437,2025-08-05,august,Flatbed,1099.3,2220.69,2329.6522618465647,2200.4908404624357,2265.0715511545004,44.38155115450036
TR-034438,2025-08-05,august,Dry Van,394.3,949.44,935.3150687478568,942.2215405904178,938.7683046691373,10.671695330862804
TR-034439,2025-08-05,august,Dry Van,749.2,1589.66,1499.1591876253526,1520.3930051400919,1509.7760963827222,79.88390361727784
TR-034440,2025-08-05,august,Dry Van,466.5,1024.25,1038.3323373070348,1029.154567666094,1033.7434524865644,9.493452486564365
TR-034441,2025-08-05,august,Reefer,123.1,366.28,335.2711934878917,437.49016069331697,386.3806770906043,20.100677090604336
TR-034442,2025-08-05,august,Reefer,297.3,764.88,766.3705268247289,834.834506215765,800.602516520247,35.72251652024704
TR-034443,2025-08-05,august,Dry Van,391.9,860.72,853.4120876240302,833.3556072308395,843.3838474274348,17.336152572565197
TR-034444,2025-08-05,august,Dry Van,177.8,477.32,439.34840613754045,519.986706083519,479.66755611052974,2.3475561105297515
TR-034445,2025-08-05,august,Reefer,2551.1,4848.75,4785.998371404911,5105.042217197522,4945.520294301217,96.77029430121729
TR-034446,2025-08-05,august,Dry Van,2339.2,4237.76,4241.099596456578,4247.916114778731,4244.507855617654,6.7478556176538405
TR-034447,2025-08-05,august,Dry Van,1927.4,3677.63,3774.6474768640696,3770.0827736468736,3772.365125255472,94.73512525547176
TR-034448,2025-08-05,august,Reefer,747.7,1930.97,1790.437568013476,1823.354578992979,1806.8960735032274,124.07392649677263
TR-034449,2025-08-05,august,Flatbed,1101.2,2321.74,2339.073644142923,2300.082588182363,2319.578116162643,2.1618838373569815
TR-034450,2025-08-05,august,Dry Van,2148.3,4024.05,4090.2351569218054,4059.769345078252,4075.002251000029,50.95225100002881
TR-034451,2025-08-05,august,Dry Van,233.1,561.29,540.4512443397972,571.508156591312,555.9797004655545,5.310299534445448
TR-034452,2025-08-05,august,Flatbed,1614.8,3449.99,3394.004592054198,3407.02354808564,3400.514070069919,49.47592993008084
TR-034453,2025-08-05,august,Dry Van,1023.3,2045.13,2055.6336559303895,2083.6557987203637,2069.6447273253766,24.514727325376498
TR-034454,2025-08-05,august,Dry Van,1218.9,2469.73,2519.9462523625693,2544.200557859937,2532.073405111253,62.343405111253105
TR-034455,2025-08-05,august,Reefer,164.0,534.28,463.15670199165896,550.7858781370394,506.9712900643492,27.308709935650768
TR-034456,2025-08-05,august,Dry Van,1865.3,3568.16,3596.3391061513116,3615.0076650103283,3605.6733855808197,37.513385580819886
TR-034457,2025-08-05,august,Flatbed,181.8,502.26,478.44613314575685,553.8537968608657,516.1499650033113,13.889965003311318
TR-034458,2025-08-05,august,Dry Van,731.5,1552.87,1633.7807689199262,1566.864716699054,1600.3227428094901,47.452742809490246
TR-034459,2025-08-05,august,Dry Van,181.7,438.64,596.6142944348817,487.32072188243296,541.9675081586573,103.32750815865734
TR-034460,2025-08-05,august,Dry Van,155.2,430.62,403.57230745836114,494.9163969989834,449.24435222867226,18.62435222867225
TR-034461,2025-08-05,august,Reefer,1308.3,2856.44,2888.582355949546,2858.0893503159255,2873.335853132736,16.895853132735738
TR-034462,2025-08-05,august,Reefer,747.2,1578.16,1613.5892561852531,1627.544188575453,1620.566722380353,42.4067223803529
TR-034463,2025-08-05,august,Dry Van,1389.5,2809.0,2821.6045639519834,2812.5999350853713,2817.102249518677,8.102249518677127
TR-034464,2025-08-05,august,Dry Van,307.8,738.95,738.7105346552424,768.718959720436,753.7147471878393,14.764747187839248
TR-034465,2025-08-05,august,Dry Van,1565.8,3050.77,2998.3738685819426,3134.6132234560864,3066.4935460190145,15.72354601901452
TR-034466,2025-08-05,august,Dry Van,1084.9,2161.55,2216.9239778695555,2160.075735048402,2188.4998564589787,26.949856458978502
TR-034467,2025-08-05,august,Flatbed,1520.7,3147.3,3175.213350949516,3202.8889274996454,3189.0511392245808,41.751139224580584
TR-034468,2025-08-05,august,Dry Van,2182.4,4379.71,4224.342828083571,4279.063317954044,4251.703073018807,128.00692698119292
TR-034469,2025-08-05,august,Dry Van,576.6,1210.94,1212.356460558954,1229.0971564084866,1220.7268084837203,9.786808483720279
TR-034470,2025-08-05,august,Dry Van,1839.1,3496.1,3394.972014672079,3497.909609657622,3446.4408121648503,49.65918783514962
TR-034471,2025-08-05,august,Dry Van,129.9,364.77,368.92159353245097,433.93227234433084,401.4269329383909,36.65693293839092
TR-034472,2025-08-05,august,Dry Van,2015.2,3702.59,3870.1858101925377,3740.4253659972496,3805.3055880948937,102.71558809489352
TR-034473,2025-08-05,august,Dry Van,1235.4,2476.29,2286.079582579914,2488.950801795803,2387.5151921878587,88.77480781214126
TR-034474,2025-08-05,august,Dry Van,1170.0,7436.41,2251.6395315398286,2276.026220213238,2263.8328758765333,5172.577124123467
TR-034475,2025-08-05,august,Dry Van,1002.3,1994.59,1992.9525266981238,2022.0479197772493,2007.5002232376864,12.910223237686523
TR-034476,2025-08-05,august,Reefer,1045.7,2463.96,2385.861489876158,2348.2655813120177,2367.0635355940876,96.89646440591241
TR-034477,2025-08-05,august,Flatbed,1275.8,2804.39,2903.4504765353427,2780.243673527122,2841.8470750312326,37.45707503123276
TR-034478,2025-08-05,august,Flatbed,1715.7,3466.51,3637.7809395826603,3531.0014749477605,3584.39120726521,117.88120726520992
TR-034479,2025-08-05,august,Dry Van,2625.3,4889.68,4854.641373529247,4866.362959413103,4860.502166471175,29.17783352882543
TR-034480,2025-08-05,august,Dry Van,460.0,1054.06,1084.2529934956387,1031.6339977011307,1057.9434955983847,3.8834955983847976
TR-034481,2025-08-05,august,Dry Van,786.6,1483.67,1528.9743484317773,1508.7950986528986,1518.884723542338,35.21472354233788
TR-034482,2025-08-05,august,Reefer,923.0,1979.01,2024.871047413074,2001.6505747743038,2013.260811093689,34.25081109368898
TR-034483,2025-08-05,august,Dry Van,792.6,1686.96,1697.4588424953286,1679.8782892716144,1688.6685658834715,1.708565883471465
TR-034484,2025-08-05,august,Dry Van,2248.1,4154.61,4251.09985930352,4182.249005444288,4216.674432373904,62.06443237390431
TR-034485,2025-08-05,august,Dry Van,911.7,1715.32,1747.1039540367246,1730.3359065771797,1738.7199303069522,23.39993030695223
TR-034486,2025-08-05,august,Dry Van,1043.0,2112.99,2086.538509880617,2099.87391796781,2093.2062139242134,19.783786075786338
TR-034487,2025-08-05,august,Flatbed,2664.4,4902.04,5103.206924971994,5108.75306262567,5105.979993798832,203.9399937988319
TR-034488,2025-08-05,august,Dry Van,458.1,1075.39,1066.1710276631811,1050.0336404855543,1058.1023340743677,17.287665925632382
TR-034489,2025-08-05,august,Flatbed,942.6,2042.33,2078.231394011239,2009.4351503430457,2043.8332721771424,1.5032721771424349
TR-034490,2025-08-05,august,Flatbed,1655.6,3375.52,3491.8874423424877,3436.7091694344053,3464.2983058884465,88.77830588844654
TR-034491,2025-08-05,august,Dry Van,85.0,219.45,219.66514404159628,284.70493991112585,252.18504197636105,32.73504197636106
TR-034492,2025-08-05,august,Dry Van,496.2,1098.32,1073.383687654008,1072.7745004213343,1073.0790940376712,25.240905962328725
TR-034493,2025-08-05,august,Reefer,187.2,544.54,516.2902485709369,601.3223258037683,558.8062871873526,14.266287187352646
TR-034494,2025-08-05,august,Dry Van,1470.7,2858.42,2965.948404590897,2915.435183764541,2940.691794177719,82.27179417771913
TR-034495,2025-08-05,august,Dry Van,1154.4,2338.98,2416.456510136799,2305.856203745398,2361.1563569410982,22.17635694109822
TR-034496,2025-08-05,august,Dry Van,1103.3,2178.59,2186.6735876163516,2056.8629045149837,2121.768246065668,56.821753934332264
TR-034497,2025-08-05,august,Dry Van,540.8,1164.54,1122.1084397643729,1121.0858201232495,1121.597129943811,42.942870056188895
TR-034498,2025-08-05,august,Dry Van,414.0,1022.04,975.870204733286,1028.1707187308589,1002.0204617320724,20.0195382679276
TR-034499,2025-08-05,august,Dry Van,1443.5,2788.14,2835.820615197651,2834.039134885721,2834.929875041686,46.78987504168617
TR-034500,2025-08-05,august,Dry Van,349.6,768.55,744.9469113929694,774.8023251510594,759.8746182720145,8.675381727985496
TR-034501,2025-08-05,august,Flatbed,557.3,1367.23,1370.7318058886242,1315.487685039478,1343.1097454640512,24.12025453594879
TR-034502,2025-08-05,august,Flatbed,1556.0,3276.94,3208.448577554844,3286.4260896680453,3247.437333611445,29.5026663885551
TR-034503,2025-08-05,august,Dry Van,2078.5,3687.08,3912.81609628386,3811.5039995091156,3862.160047896488,175.08004789648794
TR-034504,2025-08-05,august,Flatbed,2782.3,5329.83,5298.007178771226,5398.8644374273335,5348.43580809928,18.605808099279784
TR-034505,2025-08-05,august,Dry Van,1489.5,2819.99,2610.5167741828986,2809.9408617925405,2710.2288179877196,109.76118201228019
TR-034506,2025-08-05,august,Dry Van,669.4,1380.92,1386.7099547632047,1381.573162264629,1384.1415585139168,3.2215585139167615
TR-034507,2025-08-05,august,Dry Van,1985.1,3587.95,3652.162505397926,3676.0447409629955,3664.103623180461,76.15362318046118
TR-034508,2025-08-05,august,Reefer,491.5,1155.46,1110.320651004082,1113.1774414773226,1111.7490462407022,43.71095375929781
TR-034509,2025-08-05,august,Dry Van,1228.2,2390.22,2477.1854017931723,2478.7973350091434,2477.991368401158,87.77136840115827
TR-034510,2025-08-05,august,Dry Van,527.8,1277.45,1246.298949448408,1206.8478263773623,1226.5733879128852,50.876612087114836
TR-034511,2025-08-05,august,Flatbed,1015.2,2173.55,2177.109453650985,2227.937140970113,2202.523297310549,28.973297310548787
TR-034512,2025-08-05,august,Dry Van,1967.7,3790.87,3771.944548235138,3859.175323816439,3815.5599360257884,24.689936025788484
TR-034513,2025-08-05,august,Dry Van,619.8,1211.97,1241.073201192341,1190.7275241964876,1215.9003626944143,3.9303626944142707
TR-034514,2025-08-05,august,Dry Van,768.4,1527.78,1543.099113882692,1540.6074367020453,1541.8532752923688,14.073275292368862
TR-034515,2025-08-05,august,Dry Van,896.7,387.41,1777.9759440267335,1816.4716801813304,1797.2238121040318,1409.8138121040317
TR-034516,2025-08-05,august,Dry Van,591.3,1402.97,1306.1878377121031,1359.6000980938802,1332.8939679029918,70.07603209700824
TR-034517,2025-08-05,august,Dry Van,839.5,1758.01,1752.3261358474329,1737.7232255998267,1745.02468072363,12.985319276370092
TR-034518,2025-08-05,august,Dry Van,1376.3,2828.04,2852.187485075829,2880.5727837856994,2866.380134430764,38.34013443076401
TR-034519,2025-08-05,august,Dry Van,1954.3,3717.6,3787.590727657093,3689.929769346421,3738.760248501757,21.160248501756996
TR-034520,2025-08-05,august,Flatbed,207.9,546.05,535.9034195733395,596.7298805879248,566.3166500806321,20.26665008063219
TR-034521,2025-08-05,august,Reefer,1682.3,3651.95,3646.407323062668,3585.7470640143893,3616.0771935385287,35.8728064614711
TR-034522,2025-08-05,august,Flatbed,983.2,2115.78,2103.156852361907,2048.3011041758746,2075.728978268891,40.05102173110936
TR-034523,2025-08-05,august,Flatbed,1743.2,3417.7,3496.6333486388403,3509.8158770462765,3503.2246128425586,85.52461284255878
TR-034524,2025-08-05,august,Reefer,2749.0,5305.08,5435.041739168692,5255.893846056332,5345.467792612512,40.387792612512385
TR-034525,2025-08-05,august,Dry Van,424.4,1021.07,1045.3676893612903,1010.8614923042387,1028.1145908327644,7.0445908327643565
TR-034526,2025-08-05,august,Dry Van,2086.4,3708.46,3943.3281901824644,3879.9985304387988,3911.6633603106316,203.20336031063152
TR-034527,2025-08-05,august,Flatbed,2746.1,5148.89,5252.604613851068,5211.623461219877,5232.114037535473,83.22403753547223
TR-034528,2025-08-05,august,Flatbed,764.5,1643.71,1630.8570618567185,1671.6041053104595,1651.2305835835891,7.520583583589087
TR-034529,2025-08-05,august,Dry Van,976.6,1945.71,1957.856314454465,1988.6985691874715,1973.2774418209683,27.56744182096827
TR-034530,2025-08-05,august,Flatbed,2234.0,4329.1,4369.426179612559,4414.620582723598,4392.023381168079,62.92338116807878
TR-034531,2025-08-05,august,Dry Van,166.9,456.96,467.54662879092274,453.6523050546082,460.5994669227655,3.639466922765507
TR-034532,2025-08-05,august,Dry Van,402.6,811.53,812.3270229577813,849.2650407381532,830.7960318479672,19.26603184796727
TR-034533,2025-08-05,august,Reefer,2900.1,5489.51,5645.465230823919,5596.728894893698,5621.097062858809,131.58706285880908
TR-034534,2025-08-05,august,Dry Van,1476.0,3051.36,2999.056261454424,2990.6534047897017,2994.8548331220627,56.50516687793743
TR-034535,2025-08-05,august,Reefer,703.2,682.59,1604.1621535505612,1581.6667600273263,1592.9144567889439,910.3244567889438
TR-034536,2025-08-05,august,Reefer,463.7,1250.44,1210.2511914274369,1208.9915867920934,1209.621389109765,40.81861089023505
TR-034537,2025-08-05,august,Reefer,405.7,924.09,928.7008643173981,966.2690958235239,947.484980070461,23.394980070460974
TR-034538,2025-08-05,august,Reefer,2045.5,4035.65,4149.978339669022,4152.194854346773,4151.086597007898,115.43659700789749
TR-034539,2025-08-05,august,Dry Van,441.7,1039.31,1047.9648085214403,1066.2629015705907,1057.1138550460155,17.803855046015542
TR-034540,2025-08-05,august,Reefer,554.4,1385.45,1285.380577052894,1303.0287989856604,1294.2046880192772,91.24531198072282
TR-034541,2025-08-05,august,Dry Van,2139.0,3916.77,4122.059160082248,4025.462647482661,4073.7609037824545,156.99090378245455
TR-034542,2025-08-05,august,Dry Van,513.1,1086.12,1077.2999663681087,1077.3043098999842,1077.3021381340463,8.817861865953546
TR-034543,2025-08-05,august,Dry Van,303.8,772.01,743.2947958688148,775.1292351663142,759.2120155175645,12.797984482435481
TR-034544,2025-08-05,august,Dry Van,390.9,909.61,901.7035084180031,886.4753650832358,894.0894367506195,15.52056324938053
TR-034545,2025-08-05,august,Dry Van,1561.8,3098.87,3142.2126155924557,3155.349320725154,3148.780968158805,49.91096815880519
TR-034546,2025-08-05,august,Dry Van,1467.6,3110.36,2960.257859270281,2988.1888456796037,2974.2233524749427,136.13664752505747
TR-034547,2025-08-05,august,Reefer,627.9,1507.8,1489.428536651878,1478.4748785251027,1483.9517075884903,23.848292411509647
TR-034548,2025-08-06,august,Dry Van,1411.3,2874.2,2875.898433645256,2796.939947055491,2836.4191903503734,37.78080964962646
TR-034549,2025-08-06,august,Flatbed,546.7,1323.94,1285.1053782769097,1265.5661350851706,1275.33575668104,48.604243318960016
TR-034550,2025-08-06,august,Reefer,412.5,1118.31,1101.5465675265941,1098.334883978777,1099.9407257526855,18.36927424731448
TR-034551,2025-08-06,august,Reefer,980.1,2190.09,2167.75855235055,2125.1700514345157,2146.4643018925326,43.62569810746754
TR-034552,2025-08-06,august,Reefer,1766.3,3826.52,3757.2842492554933,3741.0671945105064,3749.175721883,77.34427811700016
TR-034553,2025-08-06,august,Flatbed,698.9,1555.48,1540.8774815522427,1502.616848567926,1521.7471650600842,33.73283493991585
TR-034554,2025-08-06,august,Dry Van,1923.9,3493.19,3691.752116480092,3630.510224149154,3661.131170314623,167.94117031462292
TR-034555,2025-08-06,august,Flatbed,697.4,1574.59,1549.803301429501,1593.333551412919,1571.56842642121,3.021573578789912
TR-034556,2025-08-06,august,Reefer,1236.6,2648.29,2703.9911731980083,2669.397627374262,2686.694400286135,38.404400286135115
TR-034557,2025-08-06,august,Dry Van,337.4,792.3,786.2585224556361,829.6556971360865,807.9571097958612,15.657109795861288
TR-034558,2025-08-06,august,Dry Van,2021.9,3796.08,3810.4301255225937,3702.419363466284,3756.4247444944385,39.6552555055614
TR-034559,2025-08-06,august,Reefer,445.3,1245.99,1201.5094802426208,1186.8513988478135,1194.1804395452173,51.80956045478274
TR-034560,2025-08-06,august,Flatbed,746.8,1732.96,1650.9425854694207,1669.9082370616322,1660.4254112655265,72.53458873447357
TR-034561,2025-08-06,august,Dry Van,743.1,1536.47,1513.9383554204135,1570.42925953443,1542.1838074774219,5.713807477421824
TR-034562,2025-08-06,august,Reefer,1483.6,3204.39,3280.9466974320994,3125.5993546527716,3203.2730260424355,1.116973957564369
TR-034563,2025-08-06,august,Dry Van,1792.2,3612.88,3382.874094500251,3484.3981704752387,3433.636132487745,179.2438675122553
TR-034564,2025-08-06,august,Dry Van,1005.7,2017.06,2002.844066942602,2010.4146678313236,2006.6293673869627,10.430632613037233
TR-034565,2025-08-06,august,Dry Van,367.9,836.56,830.747582729127,862.4813457621005,846.6144642456138,10.054464245613872
TR-034566,2025-08-06,august,Flatbed,3023.2,5558.87,5602.424045070696,5861.999791872862,5732.211918471779,173.34191847177954
TR-034567,2025-08-06,august,Dry Van,1928.8,3597.46,3810.62504983446,3691.8091769026546,3751.217113368557,153.75711336855693
TR-034568,2025-08-06,august,Dry Van,1554.9,3123.19,3140.719346944576,3073.6844902029275,3107.2019185737518,15.9880814262483
TR-034569,2025-08-06,august,Reefer,420.5,1122.6,1070.2827706396981,1080.5325142982892,1075.4076424689938,47.19235753100611
TR-034570,2025-08-06,august,Flatbed,908.9,1797.19,1985.466729426134,1931.3579814228488,1958.4123554244914,161.2223554244913
TR-034571,2025-08-06,august,Reefer,1696.7,3648.36,3637.6331282823585,3591.953868305182,3614.7934982937704,33.5665017062297
TR-034572,2025-08-06,august,Dry Van,1330.6,2617.72,2748.081392621582,2655.154492208103,2701.617942414842,83.89794241484242
TR-034573,2025-08-06,august,Reefer,568.0,1351.75,1350.0210252786756,1304.2492577231842,1327.1351415009299,24.614858499070124
TR-034574,2025-08-06,august,Dry Van,419.2,974.4,962.8625618201216,977.2296963726878,970.0461290964047,4.353870903595293
TR-034575,2025-08-06,august,Reefer,569.9,1383.85,1355.224972767776,1313.9182980308708,1334.5716353993234,49.27836460067647
TR-034576,2025-08-06,august,Dry Van,853.4,1788.18,1821.1296562988896,1784.3886994281381,1802.7591778635137,14.579177863513678
TR-034577,2025-08-06,august,Reefer,989.3,2257.8,2244.1085982804952,2225.0555037754825,2234.582051027989,23.217948972011072
TR-034578,2025-08-06,august,Dry Van,319.8,823.35,802.840515637652,849.509785544368,826.1751505910099,2.8251505910099013
TR-034579,2025-08-06,august,Dry Van,813.5,1651.8,1610.5822304635096,1625.7176330851341,1618.1499317743219,33.65006822567807
TR-034580,2025-08-06,august,Dry Van,1168.6,2450.38,2438.0319989202108,2437.5986638733334,2437.8153313967723,12.564668603227801
TR-034581,2025-08-06,august,Dry Van,2471.9,4765.59,4795.869910341584,4780.820611657315,4788.345260999449,22.755260999449092
TR-034582,2025-08-06,august,Flatbed,2234.7,4339.02,4449.140024975197,4469.246075377255,4459.193050176225,120.17305017622493
TR-034583,2025-08-06,august,Dry Van,1489.5,2975.48,2983.3493796576768,2997.3826729471425,2990.3660263024094,14.886026302409391
TR-034584,2025-08-06,august,Dry Van,2242.0,18972.15,4273.5265935274765,4410.871487305119,4342.199040416298,14629.950959583704
TR-034585,2025-08-06,august,Dry Van,2761.1,4874.2,4976.443249074996,4974.66361353539,4975.553431305193,101.35343130519323
TR-034586,2025-08-06,august,Dry Van,1182.0,2415.9,2428.0701588744623,2427.412976654987,2427.7415677647246,11.84156776472446
TR-034587,2025-08-06,august,Dry Van,93.6,254.59,247.38319352981864,304.3433602316352,275.8632768807269,21.27327688072691
TR-034588,2025-08-06,august,Dry Van,1775.5,3504.64,3318.7440760779937,3501.886874873262,3410.315475475628,94.32452452437201
TR-034589,2025-08-06,august,Dry Van,499.8,1080.16,1079.0101734697676,1064.5599826455668,1071.7850780576673,8.374921942332776
TR-034590,2025-08-06,august,Reefer,684.9,1697.58,1672.2334590066434,1674.89615246766,1673.5648057371518,24.015194262848127
TR-034591,2025-08-06,august,Dry Van,1747.3,3468.77,3320.534357066222,3417.7310759729694,3369.1327165195958,99.63728348040422
TR-034592,2025-08-06,august,Dry Van,1635.4,2976.57,3120.6375690606937,3118.3362681973076,3119.4869186290007,142.91691862900052
TR-034593,2025-08-06,august,Dry Van,605.6,1356.34,1357.2284748414406,1374.8700094535843,1366.0492421475124,9.709242147512441
TR-034594,2025-08-06,august,Dry Van,767.2,1549.55,1527.5405801180214,1549.5884059566324,1538.5644930373269,10.985506962673071
TR-034595,2025-08-06,august,Reefer,594.3,1503.85,1472.039409252391,1469.542881044145,1470.7911451482678,33.05885485173212
TR-034596,2025-08-06,august,Dry Van,2283.0,3988.76,4225.013254884657,4305.191532754633,4265.102393819645,276.3423938196447
TR-034597,2025-08-06,august,Dry Van,258.0,590.99,588.4355741439774,631.0966280808889,609.7661011124331,18.77610111243314
TR-034598,2025-08-06,august,Flatbed,910.6,1930.92,1950.7333013780915,1949.296824822714,1950.0150631004026,19.095063100402513
TR-034599,2025-08-06,august,Flatbed,364.3,887.81,923.9718514972843,937.2826309912132,930.6272412442488,42.81724124424886
TR-034600,2025-08-06,august,Dry Van,1220.4,2313.4,2380.4703750859103,2458.743287798988,2419.606831442449,106.20683144244913
TR-034601,2025-08-06,august,Dry Van,788.2,1754.24,1706.8220323296816,1670.3159770749094,1688.5690047022954,65.67099529770462
TR-034602,2025-08-06,august,Flatbed,803.4,1928.76,1849.988205680969,1832.6849782042875,1841.3365919426283,87.42340805737172
TR-034603,2025-08-06,august,Reefer,2300.7,4983.84,4802.011560012824,5011.241229019127,4906.626394515975,77.21360548402481
TR-034604,2025-08-06,august,Dry Van,202.8,504.48,500.2510312492437,552.3851032596224,526.318067254433,21.838067254432985
TR-034605,2025-08-06,august,Flatbed,2722.6,5514.42,5431.069160585006,5552.945537740983,5492.007349162995,22.412650837005458
TR-034606,2025-08-06,august,Dry Van,1325.3,2433.35,2615.9217520321436,2515.1813505175705,2565.551551274857,132.20155127485714
TR-034607,2025-08-06,august,Dry Van,772.9,1666.76,1619.7373688712948,1617.1970643564741,1618.4672166138844,48.292783386115616
TR-034608,2025-08-06,august,Dry Van,1224.8,2419.83,2458.794744071225,2440.2233336760123,2449.509038873619,29.679038873618993
TR-034609,2025-08-06,august,Dry Van,1206.7,2271.22,2333.4892385757507,2439.494307398478,2386.4917729871145,115.27177298711467
TR-034610,2025-08-06,august,Dry Van,872.5,1802.65,1813.0626238995533,1830.8427584912827,1821.952691195418,19.302691195417992
TR-034611,2025-08-06,august,Dry Van,727.3,1467.12,1582.603181677563,1498.4349727066783,1540.5190771921207,73.39907719212079
TR-034612,2025-08-06,august,Dry Van,768.2,1680.01,1663.0570700308558,1694.247828031334,1678.6524490310949,1.357550968905116
TR-034613,2025-08-06,august,Flatbed,1496.2,3112.32,3231.3869497101564,3155.421646043913,3193.404297877035,81.08429787703471
TR-034614,2025-08-06,august,Dry Van,678.5,1473.44,1431.0490271298816,1434.2174530553443,1432.633240092613,40.806759907387004
TR-034615,2025-08-06,august,Flatbed,1470.2,3159.65,3136.5752388073765,3171.796981243243,3154.18611002531,5.463889974690119
TR-034616,2025-08-06,august,Dry Van,207.0,501.52,496.0240447891544,495.39357124545904,495.70880801730675,5.811191982693231
TR-034617,2025-08-06,august,Flatbed,437.4,1028.59,1038.7066856100178,1056.4047664174577,1047.5557260137377,18.96572601373782
TR-034618,2025-08-06,august,Dry Van,695.0,1427.94,1515.7337051315578,1475.0107823800734,1495.3722437558156,67.43224375581553
TR-034619,2025-08-06,august,Reefer,775.4,1759.75,1760.2672307743999,1725.860595540767,1743.0639131575836,16.686086842416444
TR-034620,2025-08-06,august,Dry Van,1005.2,1981.5,1976.6274758329903,2008.5200987245855,1992.573787278788,11.073787278787904
TR-034621,2025-08-06,august,Flatbed,449.6,1027.01,1072.2791677284788,1047.2540154157389,1059.7665915721088,32.756591572108846
TR-034622,2025-08-06,august,Reefer,832.2,1986.63,1915.5391755378134,1888.1232391452622,1901.8312073415377,84.79879265846239
TR-034623,2025-08-06,august,Dry Van,640.3,1374.59,1354.366834258221,1378.599996375339,1366.4834153167799,8.106584683220035
TR-034624,2025-08-06,august,Dry Van,350.2,867.11,847.9321420402541,877.3837703973245,862.6579562187893,4.452043781210705
TR-034625,2025-08-06,august,Flatbed,770.4,1711.41,1710.4508706437796,1697.0061123385194,1703.7284914911495,7.681508508850584
TR-034626,2025-08-06,august,Dry Van,299.6,765.37,753.7997685970705,788.5085463456978,771.1541574713842,5.784157471384219
TR-034627,2025-08-06,august,Reefer,1350.9,3081.37,3164.9461382365353,3189.8657445279896,3177.4059413822624,96.03594138226254
TR-034628,2025-08-06,august,Flatbed,1795.0,3782.97,3731.7462999907525,3814.526722284003,3773.136511137378,9.833488862621834
TR-034629,2025-08-06,august,Flatbed,965.3,2132.39,2092.564314038946,2073.764729143328,2083.164521591137,49.22547840886273
TR-034630,2025-08-06,august,Flatbed,1495.9,3234.66,3240.16081598618,3158.854266641517,3199.5075413138484,35.152458686151476
TR-034631,2025-08-06,august,Reefer,2695.7,5133.07,5085.639931263481,5342.443807914196,5214.041869588838,80.97186958883867
TR-034632,2025-08-06,august,Flatbed,612.6,1481.05,1452.0223296842717,1398.943470287691,1425.4828999859815,55.56710001401848
TR-034633,2025-08-06,august,Flatbed,574.5,1256.1,1249.0957790024343,1225.958628598053,1237.5272038002436,18.57279619975634
TR-034634,2025-08-06,august,Dry Van,1548.8,2981.88,3077.776282303877,3030.8419200249905,3054.3091011644337,72.42910116443363
TR-034635,2025-08-06,august,Reefer,1320.0,2909.4,2930.833139945391,2837.1127538911574,2883.972946918274,25.42705308172617
TR-034636,2025-08-06,august,Reefer,2773.8,5602.35,5661.2781599976415,5695.783539637865,5678.530849817753,76.18084981775246
TR-034637,2025-08-06,august,Dry Van,443.9,1120.37,1062.5866744135014,1111.8439151126336,1087.2152947630675,33.15470523693239
TR-034638,2025-08-06,august,Dry Van,688.5,1448.63,1442.5700285388202,1480.9277348223254,1461.7488816805728,13.118881680572713
TR-034639,2025-08-06,august,Dry Van,1514.1,2838.46,2809.2260403591213,2912.124107375308,2860.6750738672145,22.215073867214414
TR-034640,2025-08-06,august,Reefer,946.0,2258.7,2231.37884654834,2246.5424012897683,2238.9606239190543,19.739376080945476
TR-034641,2025-08-06,august,Dry Van,439.0,972.05,979.4469596102213,973.1929082455936,976.3199339279074,4.269933927907459
TR-034642,2025-08-06,august,Dry Van,823.6,1772.78,1737.4899530373123,1743.1262526447135,1740.308102841013,32.471897158987076
TR-034643,2025-08-06,august,Dry Van,1132.9,2210.84,2271.6889328069824,2269.498372473986,2270.593652640484,59.75365264048378
TR-034644,2025-08-06,august,Dry Van,994.9,2014.36,1995.0817838040846,1968.9955659387904,1982.0386748714375,32.32132512856242
TR-034645,2025-08-06,august,Reefer,993.0,2408.12,2323.984251421921,2328.889311884731,2326.436781653326,81.68321834667404
TR-034646,2025-08-06,august,Flatbed,2699.1,5164.83,4776.207709368497,5294.377892709322,5035.29280103891,129.53719896109033
TR-034647,2025-08-06,august,Dry Van,551.1,1216.74,1202.5797351265824,1229.4544521443913,1216.0170936354868,0.7229063645131646
TR-034648,2025-08-06,august,Dry Van,313.3,777.88,783.5630505176873,780.4546487418718,782.0088496297795,4.128849629779552
TR-034649,2025-08-06,august,Reefer,1407.5,3143.47,3148.2279751888677,3045.4365234538777,3096.8322493213727,46.63775067862707
TR-034650,2025-08-06,august,Dry Van,1750.0,3395.56,3476.030629362122,3509.452315300865,3492.7414723314932,97.1814723314933
TR-034651,2025-08-06,august,Dry Van,797.5,1571.67,1574.2838125349708,1578.44946096427,1576.3666367496203,4.696636749620211
TR-034652,2025-08-06,august,Dry Van,2520.9,4468.11,4334.089461245987,4625.40999459816,4479.749727922073,11.63972792207369
TR-034653,2025-08-06,august,Flatbed,1332.9,2799.59,2989.1754314760033,2973.315154713314,2981.2452930946583,181.6552930946582
TR-034654,2025-08-06,august,Reefer,714.5,5683.71,1734.1293753587602,1763.5978976484716,1748.863636503616,3934.846363496384
TR-034655,2025-08-06,august,Dry Van,307.3,732.67,700.8605263931103,795.50118935874,748.1808578759251,15.510857875925126
TR-034656,2025-08-06,august,Dry Van,1826.1,3552.01,3382.814642401581,3441.6070771454715,3412.210859773526,139.79914022647426
TR-034657,2025-08-06,august,Dry Van,1188.5,2456.55,2455.029844524363,2438.706668106566,2446.8682563154644,9.681743684535832
TR-034658,2025-08-06,august,Dry Van,302.1,745.17,728.7100976690284,779.5677617022411,754.1389296856348,8.968929685634862
TR-034659,2025-08-06,august,Dry Van,643.8,1370.78,1318.1645501372177,1330.1728079930554,1324.1686790651365,46.61132093486344
TR-034660,2025-08-06,august,Flatbed,229.7,576.43,557.7596722845286,613.0280780462799,585.3938751654043,8.963875165404374
TR-034661,2025-08-06,august,Dry Van,418.8,991.38,971.0997194317911,981.3406277053548,976.2201735685729,15.159826431427064
TR-034662,2025-08-06,august,Reefer,984.9,2140.03,2193.235340817721,2192.7930267296624,2193.014183773692,52.98418377369171
TR-034663,2025-08-06,august,Dry Van,476.4,1018.23,990.1539824902682,1009.6591186948021,999.9065505925352,18.323449407464864
TR-034664,2025-08-06,august,Dry Van,2159.2,3826.35,4137.90303345124,4099.278036798767,4118.590535125004,292.24053512500404
TR-034665,2025-08-06,august,Dry Van,949.7,1948.77,1918.5130987789262,1962.2504206877265,1940.3817597333264,8.38824026667362
TR-034666,2025-08-06,august,Dry Van,1769.2,3259.7,3389.1996636249924,3433.811488036561,3411.5055758307767,151.8055758307769
TR-034667,2025-08-06,august,Reefer,156.6,475.52,423.6930657813801,522.2230907992664,472.9580782903232,2.561921709676767
TR-034668,2025-08-06,august,Reefer,127.6,404.45,351.68805091238846,441.7385885101669,396.7133197112777,7.736680288722312
TR-034669,2025-08-06,august,Reefer,865.0,1912.4,1945.114066430244,1934.1870081959219,1939.650537313083,27.250537313082987
TR-034670,2025-08-06,august,Flatbed,693.5,1673.13,1618.7673768209147,1574.038928022536,1596.4031524217253,76.72684757827483
TR-034671,2025-08-06,august,Dry Van,991.2,2062.25,2063.286339745162,2066.7314234203104,2065.008881582736,2.758881582736194
TR-034672,2025-08-06,august,Dry Van,546.8,1152.35,1167.3914648127272,1183.9871248984666,1175.689294855597,23.339294855597018
TR-034673,2025-08-06,august,Dry Van,607.7,1388.98,1339.5686444257456,1355.3242482578917,1347.4464463418185,41.53355365818152
TR-034674,2025-08-06,august,Dry Van,687.1,1575.96,1535.396444771964,1553.3228358468825,1544.3596403094234,31.600359690576624
TR-034675,2025-08-06,august,Dry Van,637.5,1360.35,1332.3817486062223,1355.9076072832477,1344.1446779447351,16.205322055264787
TR-034676,2025-08-06,august,Reefer,639.0,1542.96,1569.5281622314674,1559.8894148452027,1564.708788538335,21.74878853833502
TR-034677,2025-08-06,august,Dry Van,1950.1,3825.45,3826.95323776816,3808.834309717394,3817.893773742777,7.556226257222988
TR-034678,2025-08-06,august,Dry Van,1570.7,3065.8,3090.9644131224363,3085.454618608507,3088.209515865472,22.409515865471803
TR-034679,2025-08-06,august,Reefer,919.6,2180.15,2216.221583752427,2204.139152395843,2210.180368074135,30.030368074134913
TR-034680,2025-08-06,august,Reefer,860.7,2070.16,2048.4743751782353,2078.9969462358285,2063.735660707032,6.424339292967943
TR-034681,2025-08-06,august,Dry Van,395.5,829.37,823.995861578203,842.5216482771782,833.2587549276906,3.88875492769057
TR-034682,2025-08-06,august,Dry Van,1220.7,2268.62,2109.1764135597623,2024.1637607031923,2066.6700871314774,201.94991286852246
TR-034683,2025-08-06,august,Flatbed,2715.8,5199.14,5364.873099696194,5441.2275942048345,5403.050346950515,203.9103469505144
TR-034684,2025-08-06,august,Dry Van,802.0,1610.85,1597.0730094607839,1588.4631022966266,1592.7680558787051,18.081944121294782
TR-034685,2025-08-06,august,Flatbed,993.0,1987.7,2088.1519504451458,2033.3056180641659,2060.7287842546557,73.02878425465565
TR-034686,2025-08-06,august,Dry Van,972.7,1976.79,2008.039056038834,1989.526283163352,1998.782669601093,21.992669601092985
TR-034687,2025-08-06,august,Flatbed,1854.0,3825.29,3503.0369411118822,3806.825792068441,3654.931366590162,170.35863340983815
TR-034688,2025-08-06,august,Flatbed,1575.5,3317.38,3424.0106729268964,3341.839769433671,3382.9252211802836,65.54522118028353
TR-034689,2025-08-06,august,Dry Van,336.4,772.73,759.0206171750195,800.9180029213342,779.9693100481768,7.239310048176776
TR-034690,2025-08-06,august,Dry Van,211.7,540.33,556.5984969208516,572.8290108140247,564.7137538674382,24.383753867438145
TR-034691,2025-08-07,august,Flatbed,1448.3,2951.8,2952.485868176197,3019.795894165322,2986.1408811707597,34.34088117075953
TR-034692,2025-08-07,august,Dry Van,3092.5,5438.05,5519.760970333376,5458.939482015492,5489.350226174434,51.3002261744341
TR-034693,2025-08-07,august,Dry Van,1921.8,3723.07,3515.628258585801,3765.3737384689175,3640.500998527359,82.56900147264105
TR-034694,2025-08-07,august,Dry Van,1007.7,2054.95,2072.5991665485863,2054.991624569128,2063.7953955588573,8.84539555885749
TR-034695,2025-08-07,august,Reefer,2030.3,4541.48,4483.3892498936675,4501.403796347606,4492.396523120637,49.083476879362934
TR-034696,2025-08-07,august,Dry Van,1550.8,2927.05,2982.0958315235953,2917.715391264339,2949.905611393967,22.855611393966683
TR-034697,2025-08-07,august,Dry Van,693.6,1434.89,1432.372867063381,1460.7108861761578,1446.5418766197695,11.651876619769382
TR-034698,2025-08-07,august,Dry Van,199.8,500.91,500.82833038341414,543.717379646172,522.2728550147931,21.36285501479307
TR-034699,2025-08-07,august,Dry Van,653.9,1362.53,1328.9455298618204,1332.462227675757,1330.7038787687889,31.82612123121112
TR-034700,2025-08-07,august,Reefer,213.9,630.52,606.1489803671079,601.0549867403497,603.6019835537288,26.918016446271167
TR-034701,2025-08-07,august,Flatbed,992.1,2156.91,2188.656694913664,2134.9821670511815,2161.819430982423,4.909430982423146
TR-034702,2025-08-07,august,Dry Van,989.0,2064.49,2068.890986014521,2061.47879198212,2065.1848889983203,0.6948889983204936
TR-034703,2025-08-07,august,Reefer,861.8,2094.46,2037.3943532906894,2034.1076779511504,2035.75101562092,58.70898437907999
TR-034704,2025-08-07,august,Flatbed,935.9,2172.36,2166.9974194254137,2133.89319509402,2150.445307259717,21.914692740283044
TR-034705,2025-08-07,august,Dry Van,923.6,1884.75,1873.194843725084,1898.883446864694,1886.0391452948888,1.28914529488884
TR-034706,2025-08-07,august,Dry Van,346.5,801.56,802.2801771991966,804.6982160793823,803.4891966392895,1.9291966392895574
TR-034707,2025-08-07,august,Reefer,248.0,710.19,653.0562819882623,739.3570658033893,696.2066738958258,13.983326104174239
TR-034708,2025-08-07,august,Reefer,1033.7,2339.68,2316.151328355712,2263.341977994024,2289.746653174868,49.93334682513205
TR-034709,2025-08-07,august,Reefer,394.9,997.09,984.4372949310581,1010.2765726243377,997.3569337776979,0.2669337776978864
TR-034710,2025-08-07,august,Dry Van,390.2,854.23,841.6554300317525,835.0429246684432,838.3491773500979,15.880822649902143
TR-034711,2025-08-07,august,Dry Van,304.6,706.05,695.9312246654799,662.5796646993174,679.2554446823987,26.794555317601294
TR-034712,2025-08-07,august,Dry Van,1854.0,3430.8,3595.903913751001,3465.5065105469457,3530.7052121489733,99.90521214897308
TR-034713,2025-08-07,august,Reefer,1589.9,3569.91,3602.972172945283,3557.1443295408476,3580.0582512430656,10.148251243065715
TR-034714,2025-08-07,august,Reefer,2025.3,4404.33,4317.139580659329,4314.011858089161,4315.575719374245,88.7542806257552
TR-034715,2025-08-07,august,Flatbed,1304.7,2703.6,2732.7999661498047,2703.31907846669,2718.0595223082473,14.459522308247415
TR-034716,2025-08-07,august,Dry Van,526.4,1183.07,1162.2421172679,1184.302712368511,1173.2724148182056,9.797585181794375
TR-034717,2025-08-07,august,Dry Van,757.8,1574.83,1667.5321872082918,1634.8624262519872,1651.1973067301396,76.36730673013972
TR-034718,2025-08-07,august,Dry Van,349.5,870.68,866.5293653697331,862.0626285188398,864.2959969442865,6.384003055713492
TR-034719,2025-08-07,august,Reefer,638.2,1542.22,1499.5549756504815,1494.598649194268,1497.0768124223748,45.14318757762521
TR-034720,2025-08-07,august,Dry Van,312.2,786.43,757.2811133902144,833.0057279705959,795.1434206804051,8.713420680405193
TR-034721,2025-08-07,august,Flatbed,844.2,1894.3,1824.4681080422665,1832.8755244258405,1828.6718162340535,65.62818376594646
TR-034722,2025-08-07,august,Dry Van,538.0,1209.44,1243.3056534639084,1208.405395691083,1225.8555245774955,16.41552457749549
TR-034723,2025-08-07,august,Dry Van,643.7,1299.39,1321.0791688675347,1319.7003758269893,1320.389772347262,20.999772347261796
TR-034724,2025-08-07,august,Dry Van,1600.4,2897.77,3114.6344082944192,3002.609953037379,3058.622180665899,160.85218066589914
TR-034725,2025-08-07,august,Flatbed,1224.6,2611.62,2658.0428910647324,2557.5229379000525,2607.7829144823927,3.8370855176071927
TR-034726,2025-08-07,august,Flatbed,517.7,1236.71,1203.0253960029693,1212.8016363606207,1207.9135161817949,28.79648381820516
TR-034727,2025-08-07,august,Dry Van,153.7,401.93,399.25887282915653,433.19818662276657,416.22852972596155,14.298529725961544
TR-034728,2025-08-07,august,Flatbed,736.7,1736.07,1789.0371303875547,1744.7540124421607,1766.8955714148578,30.825571414857905
TR-034729,2025-08-07,august,Dry Van,198.2,565.79,558.7683944122666,557.7552206047048,558.2618075084857,7.528192491514233
TR-034730,2025-08-07,august,Dry Van,789.5,1611.58,1630.8612345790725,1637.7948737638355,1634.328054171454,22.748054171453987
TR-034731,2025-08-07,august,Dry Van,279.9,650.57,646.5153290354898,690.1290761240462,668.3222025797679,17.752202579767868
TR-034732,2025-08-07,august,Flatbed,1461.9,2870.53,3017.4924485740007,2949.2235257870993,2983.35798718055,112.82798718054983
TR-034733,2025-08-07,august,Dry Van,722.1,1578.01,1589.2486534872887,1580.9172571241165,1585.0829553057026,7.072955305702635
TR-034734,2025-08-07,august,Reefer,649.5,1521.52,1431.6462663315137,1403.2235761780544,1417.434921254784,104.08507874521592
TR-034735,2025-08-07,august,Dry Van,702.6,1514.86,1536.2695859316757,1531.182163058235,1533.7258744949554,18.865874494955506
TR-034736,2025-08-07,august,Dry Van,534.3,1174.07,1166.6376361002783,1182.9156225160225,1174.7766293081504,0.7066293081504682
TR-034737,2025-08-07,august,Dry Van,2144.0,4036.07,4130.681370271861,4066.402315543579,4098.54184290772,62.47184290771975
TR-034738,2025-08-07,august,Flatbed,1431.3,3048.49,2919.7895227680433,2937.9655109318883,2928.877516849966,119.61248315003377
TR-034739,2025-08-07,august,Dry Van,274.9,667.47,645.598024364431,660.6085668495293,653.1032956069802,14.366704393019859
TR-034740,2025-08-07,august,Flatbed,305.5,833.05,803.1332375246539,838.1576273182641,820.645432421459,12.404567578540991
TR-034741,2025-08-07,august,Flatbed,841.0,1964.78,1972.8875268213978,1930.96182794074,1951.924677381069,12.85532261893104
TR-034742,2025-08-07,august,Dry Van,868.5,1798.1,1825.395490757522,1786.1706795651871,1805.7830851613546,7.683085161354711
TR-034743,2025-08-07,august,Reefer,2225.5,4789.86,4574.112708386893,4784.566969543148,4679.339838965021,110.52016103497863
TR-034744,2025-08-07,august,Flatbed,294.5,784.66,768.1061218120421,835.7471060429275,801.9266139274848,17.266613927484855
TR-034745,2025-08-07,august,Dry Van,1772.1,3257.36,3414.625370094957,3398.1535657904633,3406.3894679427103,149.0294679427102
TR-034746,2025-08-07,august,Dry Van,115.4,349.58,347.95262046610895,389.5704642419346,368.7615423540218,19.181542354021815
TR-034747,2025-08-07,august,Dry Van,297.8,766.52,770.1594930555294,777.3135262798992,773.7365096677142,7.216509667714263
TR-034748,2025-08-07,august,Reefer,1240.3,2747.01,2843.1633974036085,2746.9235610024434,2795.043479203026,48.03347920302576
TR-034749,2025-08-07,august,Flatbed,2659.6,5176.59,5140.197473968935,5138.0461428593735,5139.121808414155,37.46819158584549
TR-034750,2025-08-07,august,Dry Van,2650.4,4690.81,4791.803848125663,4710.4042720248635,4751.104060075263,60.29406007526268
TR-034751,2025-08-07,august,Dry Van,1360.4,2633.37,2665.676654930775,2650.336575081954,2658.0066150063644,24.636615006364536
TR-034752,2025-08-07,august,Dry Van,957.1,2072.09,2040.5862281534119,2024.356105618072,2032.471166885742,39.61883311425822
TR-034753,2025-08-07,august,Reefer,2565.3,1830.62,5222.383640011156,5159.1716866150055,5190.777663313081,3360.157663313081
TR-034754,2025-08-07,august,Dry Van,1678.9,3372.04,3395.3111880184956,3452.793295593633,3424.0522418060646,52.012241806064594
TR-034755,2025-08-07,august,Dry Van,745.1,1656.95,1571.5850077582747,1602.981310661359,1587.2831592098169,69.66684079018319
TR-034756,2025-08-07,august,Reefer,88.5,284.34,251.1773217623012,316.4508202975753,283.81407102993825,0.5259289700617273
TR-034757,2025-08-07,august,Reefer,500.1,1261.03,1231.0000942565784,1178.8731617914236,1204.936628024001,56.093371975998934
TR-034758,2025-08-07,august,Dry Van,1853.9,3762.66,3736.877884541732,3703.1722774572613,3720.025080999497,42.63491900050303
TR-034759,2025-08-07,august,Dry Van,288.1,663.38,668.068562036131,663.8545983149472,665.9615801755391,2.581580175539102
TR-034760,2025-08-07,august,Flatbed,865.9,1942.6,1977.0310049482935,1964.1750469272383,1970.6030259377658,28.00302593776587
TR-034761,2025-08-07,august,Dry Van,203.8,495.86,500.4518769051888,584.5766104440008,542.5142436745948,46.654243674594795
TR-034762,2025-08-07,august,Dry Van,603.8,1408.45,1379.6479014371978,1363.32835505728,1371.4881282472388,36.961871752761226
TR-034763,2025-08-07,august,Reefer,1096.4,2485.18,2483.6881019101706,2490.7501217001777,2487.219111805174,2.0391118051743433
TR-034764,2025-08-07,august,Dry Van,966.3,1925.82,1900.7231528209554,1916.23238117005,1908.4777669955029,17.342233004497075
TR-034765,2025-08-07,august,Dry Van,2274.3,4237.04,4303.704909235241,4289.80612505883,4296.755517147036,59.715517147035825
TR-034766,2025-08-07,august,Dry Van,1649.0,3382.18,3254.9706452672795,3374.3961983169665,3314.683421792123,67.49657820787661
TR-034767,2025-08-07,august,Dry Van,1202.4,2487.08,2509.3632102468086,2387.6793451153153,2448.521277681062,38.558722318937726
TR-034768,2025-08-07,august,Dry Van,70.9,209.4,228.8403883717593,353.1332636151308,290.98682599344505,81.58682599344505
TR-034769,2025-08-07,august,Dry Van,1464.7,2954.76,3038.1619768167257,3040.394975132781,3039.2784759747533,84.51847597475307
TR-034770,2025-08-07,august,Reefer,652.0,1570.29,1511.065249258955,1457.3189496733744,1484.1920994661646,86.0979005338354
TR-034771,2025-08-07,august,Dry Van,1767.2,3184.03,3401.0644650592862,3273.99313245098,3337.528798755133,153.4987987551326
TR-034772,2025-08-07,august,Dry Van,754.2,1565.79,1532.05127794503,1525.7926278745585,1528.9219529097943,36.868047090205664
TR-034773,2025-08-07,august,Dry Van,963.6,1964.47,1941.4908195147318,1942.6806676726235,1942.0857435936778,22.384256406322265
TR-034774,2025-08-07,august,Reefer,1828.0,3690.06,3741.9579494182185,3798.9570407272413,3770.45749507273,80.39749507273018
TR-034775,2025-08-07,august,Reefer,280.3,792.21,755.8576965286394,760.8180575876252,758.3378770581323,33.8721229418677
TR-034776,2025-08-07,august,Dry Van,446.3,1090.99,1069.8154731628376,1096.6343785576698,1083.2249258602537,7.765074139746275
TR-034777,2025-08-07,august,Flatbed,786.2,1899.73,1858.1007808280958,1862.7026738036707,1860.4017273158834,39.328272684116655
TR-034778,2025-08-07,august,Reefer,806.2,1903.46,1843.062598412313,1846.965912504161,1845.0142554582371,58.445744541762906
TR-034779,2025-08-07,august,Reefer,524.1,1341.65,1275.6323435808436,1287.721613337626,1281.6769784592348,59.97302154076533
TR-034780,2025-08-07,august,Dry Van,1110.6,2158.03,2172.62072399624,2219.0671551217556,2195.8439395589976,37.81393955899739
TR-034781,2025-08-07,august,Dry Van,1156.3,2308.97,2197.95064802734,2303.0635538972606,2250.5071009623002,58.46289903769957
TR-034782,2025-08-07,august,Flatbed,1726.9,3719.44,3719.7189641700584,3704.7858260156468,3712.2523950928526,7.187604907147488
TR-034783,2025-08-07,august,Dry Van,1944.8,3625.95,3780.243908690999,3849.026722953993,3814.635315822496,188.68531582249625
TR-034784,2025-08-07,august,Dry Van,2315.7,4331.05,4431.899557823234,4565.636167297483,4498.7678625603585,167.7178625603583
TR-034785,2025-08-07,august,Dry Van,1637.2,2998.17,2993.4760795606467,2985.1304064177784,2989.303242989213,8.866757010787296
TR-034786,2025-08-07,august,Reefer,382.3,1003.91,964.0409823896812,967.3860679266304,965.7135251581558,38.19647484184418
TR-034787,2025-08-07,august,Reefer,586.3,1554.46,1504.0898809970004,1504.7569754605938,1504.423428228797,50.036571771202944
TR-034788,2025-08-07,august,Reefer,619.3,1579.46,1541.8913175609957,1544.5101376157538,1543.2007275883748,36.25927241162526
TR-034789,2025-08-07,august,Reefer,1491.2,3330.65,3381.45923769892,3272.0648941770905,3326.7620659380054,3.887934061994656
TR-034790,2025-08-07,august,Dry Van,1359.0,2820.72,2770.792071785498,2799.442993204598,2785.117532495048,35.60246750495162
TR-034791,2025-08-07,august,Reefer,184.0,562.57,521.6756972469245,604.5427868338006,563.1092420403626,0.5392420403625238
TR-034792,2025-08-07,august,Dry Van,1266.5,2533.07,2425.353056179644,2513.1396230705864,2469.246339625115,63.823660374885094
TR-034793,2025-08-07,august,Reefer,725.9,1751.03,1724.2897605799674,1609.8256421625827,1667.057701371275,83.97229862872496
TR-034794,2025-08-07,august,Reefer,1212.9,2740.8,2853.116726862097,2845.5621113637626,2849.33941911293,108.53941911292986
TR-034795,2025-08-07,august,Flatbed,645.4,1494.32,1531.2683342112093,1475.172114754891,1503.22022448305,8.900224483050124
TR-034796,2025-08-07,august,Flatbed,683.7,1579.37,1545.2387902684327,1560.4706393035178,1552.8547147859754,26.515285214024516
TR-034797,2025-08-07,august,Flatbed,1536.2,3384.67,3350.7278575078503,3333.5072530030297,3342.11755525544,42.552444744560034
TR-034798,2025-08-07,august,Flatbed,1626.3,3491.47,3497.760123613959,3544.809939582131,3521.285031598045,29.815031598045152
TR-034799,2025-08-07,august,Flatbed,334.2,774.15,782.4085423622696,824.8515702232046,803.6300562927371,29.480056292737117
TR-034800,2025-08-07,august,Dry Van,1001.9,2121.71,2108.785710110377,2135.3376174535038,2122.0616637819403,0.3516637819402604
TR-034801,2025-08-07,august,Dry Van,2236.8,4039.42,4084.57723240122,4062.0185171681896,4073.2978747847046,33.877874784704545
TR-034802,2025-08-07,august,Flatbed,3015.4,5955.45,5902.158262666523,6072.361605068454,5987.259933867488,31.809933867488326
TR-034803,2025-08-07,august,Reefer,1245.8,2808.51,2603.9796132391652,3041.6368926012797,2822.8082529202225,14.29825292022224
TR-034804,2025-08-07,august,Dry Van,1108.8,2278.63,2313.840750950404,2258.1431653555283,2285.991958152966,7.361958152966054
TR-034805,2025-08-07,august,Dry Van,466.4,1067.95,1091.451788567534,1081.5746244072102,1086.5132064873721,18.5632064873721
TR-034806,2025-08-07,august,Dry Van,485.5,1008.36,989.2756087528353,1001.0866464309979,995.1811275919166,13.178872408083407
TR-034807,2025-08-07,august,Dry Van,718.4,1422.9,1408.09740152422,1419.080411764781,1413.5889066445006,9.311093355499452
TR-034808,2025-08-07,august,Dry Van,2691.4,4991.17,4630.474909267523,4930.266073187779,4780.370491227651,210.79950877234933
TR-034809,2025-08-07,august,Dry Van,1157.6,2361.06,2375.342226130561,2348.962488942582,2362.1523575365713,1.0923575365713987
TR-034810,2025-08-07,august,Flatbed,1388.1,3002.98,3004.498518643671,3095.11647267663,3049.8074956601504,46.82749566015036
TR-034811,2025-08-07,august,Flatbed,562.7,1270.71,1258.2237954796626,1255.8280900028526,1257.0259427412575,13.684057258742541
TR-034812,2025-08-07,august,Dry Van,166.9,411.76,424.0922175170471,465.3051937594398,444.6987056382435,32.938705638243505
TR-034813,2025-08-07,august,Dry Van,406.0,958.54,943.7661423016597,956.945617582649,950.3558799421544,8.184120057845576
TR-034814,2025-08-07,august,Dry Van,2036.6,3809.42,4009.9628835030185,4052.0446679064553,4031.0037757047367,221.58377570473658
TR-034815,2025-08-07,august,Dry Van,308.7,741.22,745.6910765617258,767.5317874536061,756.6114320076659,15.391432007665912
TR-034816,2025-08-07,august,Flatbed,170.6,438.9,456.57492094037025,468.57306961514587,462.57399527775806,23.67399527775808
TR-034817,2025-08-07,august,Flatbed,1397.5,3086.9,3115.1684972772296,3150.8852213700548,3133.0268593236424,46.12685932364229
TR-034818,2025-08-07,august,Dry Van,1459.4,3074.72,2987.1685480410733,2995.6472371922277,2991.4078926166503,83.31210738334948
TR-034819,2025-08-07,august,Dry Van,2057.0,3945.58,4011.4625875061042,3940.0812147096594,3975.7719011078816,30.191901107881677
TR-034820,2025-08-07,august,Dry Van,714.6,1594.36,1560.672687085818,1585.1669730748886,1572.9198300803532,21.440169919646678
TR-034821,2025-08-07,august,Dry Van,439.6,957.66,953.3800273295705,973.538265614784,963.4591464721773,5.799146472177313
TR-034822,2025-08-07,august,Dry Van,487.7,1053.53,1074.7778611479998,1060.8087958438452,1067.7933284959227,14.263328495922678
TR-034823,2025-08-07,august,Reefer,699.8,1715.62,1706.328508702289,1661.7846041867717,1684.0565564445303,31.563443555469576
TR-034824,2025-08-07,august,Dry Van,241.2,587.61,576.8193324062274,654.187276350216,615.5033043782217,27.89330437822173
TR-034825,2025-08-07,august,Dry Van,1551.8,2927.36,2793.2363443916993,2889.8923943135683,2841.5643693526335,85.79563064736658
TR-034826,2025-08-07,august,Dry Van,829.0,1672.28,1667.349972546932,1650.2908774894931,1658.8204250182125,13.459574981787455
TR-034827,2025-08-07,august,Dry Van,972.2,1940.52,1998.7129975605142,1986.9275293007056,1992.8202634306099,52.3002634306099
TR-034828,2025-08-07,august,Dry Van,566.3,1279.7,1222.8647821818972,1282.3733530363174,1252.6190676091073,27.080932390892713
TR-034829,2025-08-07,august,Dry Van,2308.4,4220.82,4321.525494818799,4292.140763166648,4306.833128992724,86.01312899272398
TR-034830,2025-08-07,august,Dry Van,2454.1,4464.55,4438.26020699602,4403.1099287901625,4420.685067893091,43.86493210690878
TR-034831,2025-08-07,august,Reefer,698.7,1810.57,1688.8462511466423,1637.4802199417572,1663.1632355441998,147.40676445580016
TR-034832,2025-08-07,august,Dry Van,939.2,2032.18,1998.805879662343,2013.3026470491475,2006.0542633557452,26.125736644254857
TR-034833,2025-08-07,august,Dry Van,280.6,642.46,632.7228236892643,682.4492615060572,657.5860425976607,15.126042597660671
TR-034834,2025-08-07,august,Dry Van,645.8,1357.74,1354.9225278337,1364.1043842530537,1359.513456043377,1.773456043376882
TR-034835,2025-08-07,august,Dry Van,1166.9,2376.05,2438.2342662428155,2434.18132639326,2436.2077963180377,60.157796318037526
TR-034836,2025-08-07,august,Dry Van,354.9,782.28,803.6300045136065,825.6721810559341,814.6510927847703,32.371092784770326
TR-034837,2025-08-07,august,Flatbed,510.6,1173.83,1158.168658281618,1200.3574145865969,1179.2630364341076,5.433036434107635
TR-034838,2025-08-07,august,Dry Van,782.6,1670.44,1640.180957039415,1663.7584040422312,1651.969680540823,18.470319459177063
TR-034839,2025-08-07,august,Dry Van,549.6,1171.67,1184.3635257213439,1162.9362534195398,1173.6498895704417,1.9798895704416282
TR-034840,2025-08-07,august,Dry Van,115.9,304.19,304.1636119073715,337.7160457480329,320.9398288277022,16.749828827702174
TR-034841,2025-08-07,august,Dry Van,2716.8,4992.36,4965.22026214619,5147.926839941016,5056.5735510436025,64.21355104360282
TR-034842,2025-08-07,august,Flatbed,573.4,1391.2,1377.9231416028413,1336.798169780378,1357.3606556916097,33.83934430839031
TR-034843,2025-08-07,august,Dry Van,387.2,907.3,887.9043323686336,896.0530857519434,891.9787090602886,15.321290939711389
TR-034844,2025-08-07,august,Dry Van,459.0,1004.91,995.5617353010969,1034.5958086881164,1015.0787719946067,10.168771994606686
TR-034845,2025-08-08,august,Reefer,243.5,663.11,643.0308911481636,665.4405574773177,654.2357243127407,8.874275687259342
TR-034846,2025-08-08,august,Dry Van,3171.5,5705.66,5599.749062724579,5757.207841121335,5678.478451922957,27.181548077042862
TR-034847,2025-08-08,august,Dry Van,1025.1,2167.6,2146.7174377163797,2076.7926204318014,2111.7550290740905,55.844970925909365
TR-034848,2025-08-08,august,Reefer,337.4,864.72,844.8296974808479,870.3925874989773,857.6111424899126,7.108857510087432
TR-034849,2025-08-08,august,Dry Van,779.1,1684.04,1667.5290370269408,1663.2162040136373,1665.372620520289,18.667379479710917
TR-034850,2025-08-08,august,Dry Van,1010.4,1934.3,2001.9183295874802,2019.914878134465,2010.9166038609726,76.61660386097265
TR-034851,2025-08-08,august,Flatbed,491.7,1165.31,1149.7298373577346,1180.5780340236306,1165.1539356906826,0.15606430931734394
TR-034852,2025-08-08,august,Flatbed,726.0,1751.1,1795.5072890324086,1732.892272784108,1764.1997809082582,13.099780908258253
TR-034853,2025-08-08,august,Dry Van,1787.6,3540.37,3504.5613639850685,3563.6128274362004,3534.0870957106345,6.282904289365433
TR-034854,2025-08-08,august,Dry Van,1910.4,3570.31,3645.233763747782,3561.898409329283,3603.5660865385325,33.2560865385326
TR-034855,2025-08-08,august,Reefer,2289.2,4832.58,4684.243361293921,4817.348995438016,4750.796178365968,81.78382163403148
TR-034856,2025-08-08,august,Reefer,2374.4,4892.81,4576.94282010538,5013.894698761636,4795.418759433508,97.39124056649234
TR-034857,2025-08-08,august,Flatbed,744.8,1782.14,1755.5230871351564,1771.4052661648805,1763.4641766500185,18.675823349981556
TR-034858,2025-08-08,august,Dry Van,246.6,588.08,590.440664583558,617.0792507890803,603.7599576863192,15.679957686319199
TR-034859,2025-08-08,august,Dry Van,302.1,750.45,745.1242597368871,793.902384331934,769.5133220344105,19.063322034410476
TR-034860,2025-08-08,august,Reefer,1677.5,3670.29,3702.591588453568,3612.103283310439,3657.3474358820035,12.942564117996426
TR-034861,2025-08-08,august,Dry Van,614.3,1363.67,1334.499573963015,1340.932389535166,1337.7159817490906,25.954018250909485
TR-034862,2025-08-08,august,Flatbed,2661.2,5020.53,5308.782814066722,5261.094911199,5284.938862632861,264.4088626328612
TR-034863,2025-08-08,august,Dry Van,2117.4,3903.3,4118.065035403702,4104.114089632943,4111.089562518322,207.78956251832187
TR-034864,2025-08-08,august,Dry Van,824.2,1692.05,1670.9043484871547,1686.246978422209,1678.575663454682,13.47433654531801
TR-034865,2025-08-08,august,Flatbed,1921.1,3848.31,3800.3915356800426,3972.800179293941,3886.595857486992,38.28585748699197
TR-034866,2025-08-08,august,Flatbed,586.3,1317.98,1328.0885764590255,1307.75876124478,1317.9236688519027,0.05633114809734252
TR-034867,2025-08-08,august,Dry Van,193.3,517.57,519.4233884304575,509.4951762869714,514.4592823587145,3.1107176412855324
TR-034868,2025-08-08,august,Reefer,1780.5,3881.97,3879.908967739369,3872.7221004614294,3876.3155341003994,5.654465899600382
TR-034869,2025-08-08,august,Flatbed,1018.8,2220.75,2223.3160257929867,2177.1660779221165,2200.2410518575516,20.50894814244839
TR-034870,2025-08-08,august,Dry Van,476.0,1015.89,1010.4075086898139,1039.8507796455983,1025.129144167706,9.239144167706058
TR-034871,2025-08-08,august,Dry Van,1283.4,2470.57,2544.845644825961,2529.2955728774864,2537.0706088517236,66.50060885172343
TR-034872,2025-08-08,august,Flatbed,1770.5,3771.21,3783.2169115380134,3779.6198732529356,3781.4183923954743,10.20839239547422
TR-034873,2025-08-08,august,Flatbed,1190.3,2492.87,2493.935068011726,2515.640028837633,2504.7875484246797,11.917548424679808
TR-034874,2025-08-08,august,Reefer,1969.7,4326.19,4231.348545927704,4252.5167842904175,4241.932665109061,84.25733489093818
TR-034875,2025-08-08,august,Reefer,1746.1,3830.53,3842.304753804947,3838.7209989647135,3840.51287638483,9.982876384829979
TR-034876,2025-08-08,august,Flatbed,258.6,683.22,645.4689301139567,746.3805174944828,695.9247238042198,12.704723804219725
TR-034877,2025-08-08,august,Dry Van,584.1,1327.43,1306.6854001280803,1314.1225147686698,1310.403957448375,17.026042551625096
TR-034878,2025-08-08,august,Dry Van,636.9,1433.38,1403.9939273641874,1426.0494819165112,1415.0217046403493,18.35829535965081
TR-034879,2025-08-08,august,Reefer,1729.6,3823.46,3796.028820696161,3813.1563237018077,3804.5925721989843,18.867427801015765
TR-034880,2025-08-08,august,Reefer,1661.6,3773.14,3469.9638202433657,3638.014017145915,3553.9889186946402,219.15108130535964
TR-034881,2025-08-08,august,Flatbed,593.5,1465.1,1446.8523041368385,1461.4431420792089,1454.1477231080237,10.952276891976226
TR-034882,2025-08-08,august,Dry Van,424.8,966.22,986.6104041136128,980.8130399797558,983.7117220466844,17.491722046684345
TR-034883,2025-08-08,august,Flatbed,207.5,571.01,560.9777333467441,616.7666195965355,588.8721764716398,17.862176471639827
TR-034884,2025-08-08,august,Flatbed,2817.2,5570.67,5416.497295481403,5575.673279524983,5496.085287503192,74.5847124968077
TR-034885,2025-08-08,august,Reefer,2878.2,5674.2,5452.37838227462,5725.193276295058,5588.78582928484,85.41417071516025
TR-034886,2025-08-08,august,Dry Van,456.4,997.09,999.1315745050096,993.3556374181933,996.2436059616014,0.846394038398671
TR-034887,2025-08-08,august,Reefer,1911.0,4036.41,4154.144552662624,4105.2110864046035,4129.677819533614,93.26781953361387
TR-034888,2025-08-08,august,Dry Van,1429.9,2934.61,2880.2357164085097,2870.851009384919,2875.5433628967144,59.06663710328576
TR-034889,2025-08-08,august,Dry Van,667.0,1410.76,1391.3664902170538,1429.3070269345421,1410.3367585757978,0.4232414242021605
TR-034890,2025-08-08,august,Flatbed,738.2,1571.25,1590.8774864929542,1629.4457339391172,1610.1616102160356,38.91161021603557
TR-034891,2025-08-08,august,Reefer,2862.6,5720.06,5741.917953447792,5849.451900842819,5795.684927145305,75.62492714530435
TR-034892,2025-08-08,august,Reefer,894.6,2048.83,2001.8820146324747,1987.3602003066342,1994.6211074695543,54.20889253044561
TR-034893,2025-08-08,august,Dry Van,525.1,1161.43,1125.1211353904562,1142.0100251046565,1133.5655802475562,27.864419752443837
TR-034894,2025-08-08,august,Dry Van,1103.0,2316.1,2324.831986727567,2240.8830713649554,2282.8575290462613,33.242470953738575
TR-034895,2025-08-08,august,Dry Van,545.1,1267.82,1244.30258944935,1282.8347268514099,1263.56865815038,4.251341849619848
TR-034896,2025-08-08,august,Dry Van,966.9,2038.35,2048.1481939936957,2000.221479627624,2024.1848368106598,14.165163189340092
TR-034897,2025-08-08,august,Dry Van,886.0,1765.51,1727.1880988067105,1749.8092124460468,1738.4986556263786,27.01134437362134
TR-034898,2025-08-08,august,Flatbed,691.9,1551.07,1522.80466366664,1491.7118335022606,1507.2582485844503,43.81175141554968
TR-034899,2025-08-08,august,Flatbed,334.4,836.0,821.3665577994948,832.4222111775141,826.8943844885044,9.105615511495557
TR-034900,2025-08-08,august,Dry Van,977.0,2065.82,2077.105476356738,2031.1995612050341,2054.152518780886,11.667481219114052
TR-034901,2025-08-08,august,Dry Van,1276.5,2509.21,2561.4735082239736,2465.528943526967,2513.5012258754705,4.291225875470445
TR-034902,2025-08-08,august,Dry Van,435.0,995.76,988.9192946582295,1027.2056507307948,1008.0624726945122,12.302472694512176
TR-034903,2025-08-08,august,Dry Van,441.7,927.99,936.3779670878972,932.5076844870825,934.4428257874899,6.452825787489928
TR-034904,2025-08-08,august,Dry Van,1290.5,2658.24,2566.3508567924505,2636.7433652607087,2601.54711102658,56.69288897341994
TR-034905,2025-08-08,august,Reefer,2025.3,4294.76,3627.896552737519,4075.6317716081217,3851.7641621728203,442.9958378271799
TR-034906,2025-08-08,august,Dry Van,588.6,1346.29,1312.814933594006,1313.998128412468,1313.406531003237,32.883468996762986
TR-034907,2025-08-08,august,Flatbed,853.2,1945.82,1871.4809499502526,1853.4623847323105,1862.4716673412815,83.34833265871839
TR-034908,2025-08-08,august,Reefer,938.6,2234.7,2126.7094321444943,2171.417075654781,2149.063253899638,85.63674610036196
TR-034909,2025-08-08,august,Reefer,1465.4,2989.73,3152.6429011379123,3087.1530153241933,3119.897958231053,130.16795823105303
TR-034910,2025-08-08,august,Flatbed,1891.7,3733.6,3901.68330829035,3877.931856287232,3889.8075822887913,156.2075822887914
TR-034911,2025-08-08,august,Dry Van,1066.3,2194.45,2157.6906516857407,2126.507130535926,2142.0988911108334,52.351108889166426
TR-034912,2025-08-08,august,Dry Van,1174.4,2416.12,2330.3059293497954,2471.1680370771096,2400.7369832134527,15.38301678654716
TR-034913,2025-08-08,august,Dry Van,2809.6,5274.79,4881.776512391127,5271.196525370653,5076.48651888089,198.30348111911007
TR-034914,2025-08-08,august,Dry Van,2662.6,4829.09,4646.222211155063,4923.989886898304,4785.106049026683,43.983950973317405
TR-034915,2025-08-08,august,Flatbed,850.1,1778.27,1777.0685775485813,1821.934976503,1799.5017770257905,21.231777025790507
TR-034916,2025-08-08,august,Reefer,850.1,2128.43,1973.6655090350139,1967.0149606908108,1970.3402348629124,158.0897651370874
TR-034917,2025-08-08,august,Dry Van,699.3,1461.4,1455.0252335989073,1446.6583739092307,1450.8418037540691,10.558196245930958
TR-034918,2025-08-08,august,Dry Van,512.9,1215.61,1175.132361268259,1182.7841493733658,1178.9582553208124,36.65174467918746
TR-034919,2025-08-08,august,Dry Van,786.1,1681.32,1607.1497306982037,1585.5598925289019,1596.3548116135528,84.96518838644715
TR-034920,2025-08-08,august,Reefer,746.8,1833.6,1809.0067979920282,1765.0883906795311,1787.0475943357796,46.55240566422026
TR-034921,2025-08-08,august,Dry Van,467.1,1044.26,1068.3118753964693,1085.777529167503,1077.0447022819862,32.784702281986256
TR-034922,2025-08-08,august,Dry Van,399.1,897.12,889.5007317643472,906.37576291963,897.9382473419886,0.818247341988581
TR-034923,2025-08-08,august,Reefer,1661.6,3601.64,3672.3565999663356,3614.0785959011464,3643.2175979337408,41.57759793374089
TR-034924,2025-08-08,august,Dry Van,732.0,1592.58,1619.3238592770574,1655.432217307403,1637.3780382922303,44.79803829223033
TR-034925,2025-08-08,august,Reefer,1408.5,3258.23,3182.7381357936006,3118.850071415107,3150.794103604354,107.43589639564607
TR-034926,2025-08-08,august,Dry Van,2007.5,3779.79,3867.229555921706,3771.5314794597134,3819.38051769071,39.59051769070993
TR-034927,2025-08-08,august,Reefer,993.9,2108.66,2186.6701932432334,2164.2056858402593,2175.4379395417463,66.77793954174649
TR-034928,2025-08-08,august,Flatbed,794.7,1814.15,1820.5530017575818,1787.5715906966316,1804.0622962271068,10.087703772893292
TR-034929,2025-08-08,august,Dry Van,1790.4,3266.77,3455.6241757707076,3401.1445588230513,3428.3843672968796,161.61436729687966
TR-034930,2025-08-08,august,Dry Van,1363.5,2545.42,2584.0980001858425,2632.969387633968,2608.533693909905,63.11369390990512
TR-034931,2025-08-08,august,Reefer,2228.5,4419.87,4447.062551351811,4545.214376986706,4496.138464169258,76.26846416925855
TR-034932,2025-08-08,august,Dry Van,2322.6,4450.96,4445.431602204846,4464.011312185577,4454.721457195212,3.761457195211733
TR-034933,2025-08-08,august,Dry Van,668.2,1367.66,1317.655831012335,1350.096719562377,1333.876275287356,33.783724712644016
TR-034934,2025-08-08,august,Reefer,644.8,650.18,1610.3673677708214,1577.8744744289006,1594.1209210998609,943.9409210998609
TR-034935,2025-08-08,august,Dry Van,1932.4,3436.38,3485.5244408776275,3477.5956207378563,3481.560030807742,45.18003080774179
TR-034936,2025-08-08,august,Reefer,466.3,1187.34,1139.1946693386071,1158.1345080540527,1148.66458869633,38.67541130366999
TR-034937,2025-08-08,august,Dry Van,910.5,1905.67,1975.892003247677,1900.3749910418292,1938.1334971447532,32.46349714475309
TR-034938,2025-08-08,august,Reefer,1280.1,2900.29,2961.0314368169725,2946.3413766788426,2953.6864067479073,53.39640674790735
TR-034939,2025-08-08,august,Dry Van,1749.9,3414.47,3318.6421093147437,3484.045808769872,3401.3439590423077,13.126040957692112
TR-034940,2025-08-08,august,Dry Van,1027.7,2208.98,2210.6555949633025,2103.946503950976,2157.301049457139,51.678950542861
TR-034941,2025-08-08,august,Dry Van,654.6,337.03,1390.3971355177891,1408.3285834913208,1399.362859504555,1062.332859504555
TR-034942,2025-08-08,august,Reefer,128.8,385.5,347.3021156180813,406.8528202376817,377.0774679278815,8.422532072118486
TR-034943,2025-08-08,august,Reefer,1072.1,2293.39,2293.5793796115377,2278.962864798499,2286.2711222050184,7.118877794981472
TR-034944,2025-08-08,august,Dry Van,533.0,1207.71,1185.680349481431,1191.6887417119644,1188.6845455966977,19.02545440330232
TR-034945,2025-08-08,august,Dry Van,1342.9,2706.03,2679.643137795504,2804.9071378952367,2742.2751378453704,36.24513784537021
TR-034946,2025-08-08,august,Dry Van,2464.5,4146.94,4455.42577734893,4321.413147293275,4388.419462321102,241.4794623211028
TR-034947,2025-08-08,august,Reefer,1196.7,2704.44,2743.4859705137956,2727.18989627601,2735.337933394903,30.897933394902793
TR-034948,2025-08-08,august,Flatbed,1545.9,3210.97,3324.9021716349976,3317.566130757411,3321.234151196204,110.26415119620424
TR-034949,2025-08-08,august,Flatbed,545.6,1322.46,1278.7470628448282,1264.007118676528,1271.3770907606781,51.08290923932191
TR-034950,2025-08-08,august,Flatbed,1340.7,2766.03,2929.791782840994,2982.3145669390765,2956.0531748900353,190.02317489003508
TR-034951,2025-08-08,august,Flatbed,1277.5,2818.11,2785.809187142502,2782.6479050938074,2784.2285461181546,33.88145388184557
TR-034952,2025-08-08,august,Flatbed,2854.5,5823.64,5552.550881479726,5665.8205870283855,5609.185734254055,214.45426574594512
TR-034953,2025-08-08,august,Flatbed,1816.1,3571.55,3693.859580814043,3661.22384720641,3677.5417140102263,105.99171401022613
TR-034954,2025-08-08,august,Dry Van,378.9,859.46,849.1896435293642,878.2583952812815,863.7240194053229,4.26401940532287
TR-034955,2025-08-08,august,Reefer,1873.2,4179.39,4005.3324683863843,4219.832594546733,4112.582531466559,66.80746853344135
TR-034956,2025-08-08,august,Dry Van,387.9,965.42,953.2289574413134,972.7126713930547,962.9708144171841,2.4491855828158577
TR-034957,2025-08-08,august,Reefer,2213.5,4577.31,4822.426510577152,4733.614082118707,4778.02029634793,200.71029634792922
TR-034958,2025-08-08,august,Dry Van,2075.8,3612.69,3788.834961619565,3758.194781793716,3773.5148717066404,160.82487170664035
TR-034959,2025-08-08,august,Reefer,280.5,712.84,691.0916540510908,731.8671571551147,711.4794056031028,1.360594396897227
TR-034960,2025-08-08,august,Flatbed,1956.4,3655.8,3573.495813572208,3793.224729546343,3683.3602715592756,27.560271559275407
TR-034961,2025-08-08,august,Reefer,1142.3,2474.44,2511.7252785670653,2433.3036631506943,2472.5144708588796,1.925529141120478
TR-034962,2025-08-08,august,Dry Van,1393.1,2736.5,2672.9841641493904,2758.6499556954022,2715.8170599223963,20.68294007760369
TR-034963,2025-08-08,august,Dry Van,3164.1,5760.01,5867.895355505715,5946.63814845248,5907.2667519790975,147.25675197909732
TR-034964,2025-08-08,august,Flatbed,1366.1,2789.62,2846.416309703071,2812.4871027678873,2829.451706235479,39.83170623547903
TR-034965,2025-08-08,august,Dry Van,1116.1,2252.44,2238.75919498423,2170.0394434362474,2204.399319210239,48.040680789761154
TR-034966,2025-08-08,august,Flatbed,1438.6,3052.21,3254.733608450792,3127.9492535509057,3191.341431000849,139.1314310008488
TR-034967,2025-08-08,august,Flatbed,210.9,611.95,620.2201818567518,633.3850552758777,626.8026185663148,14.852618566314732
TR-034968,2025-08-08,august,Dry Van,1156.2,2322.08,2379.1231109068503,2234.180280510694,2306.6516957087724,15.428304291227505
TR-034969,2025-08-08,august,Reefer,670.6,1646.7,1588.3526335924366,1532.8214047119593,1560.587019152198,86.11298084780196
TR-034970,2025-08-08,august,Reefer,148.2,446.97,429.4099564372792,444.3666140077305,436.88828522250486,10.081714777495165
TR-034971,2025-08-08,august,Dry Van,2208.0,4059.94,4100.382483616374,4019.604121377657,4059.9933024970155,0.05330249701546563
TR-034972,2025-08-08,august,Flatbed,314.9,790.09,780.2140897165817,825.6384546649174,802.9262721907496,12.836272190749582
TR-034973,2025-08-08,august,Dry Van,1001.2,1944.03,1976.690375526268,1972.0871422439761,1974.3887588851221,30.358758885122143
TR-034974,2025-08-08,august,Dry Van,560.0,1201.16,1171.6782469952495,1197.2002403758502,1184.4392436855499,16.720756314450227
TR-034975,2025-08-08,august,Dry Van,945.4,1895.48,1910.5328552157248,1921.8463165898258,1916.1895859027754,20.709585902775416
TR-034976,2025-08-08,august,Dry Van,1509.9,2917.68,2784.0493937659376,2887.0938833156615,2835.5716385407995,82.1083614592003
TR-034977,2025-08-08,august,Dry Van,1350.6,2545.53,2429.133744264003,2676.842903033795,2552.988323648899,7.4583236488988405
TR-034978,2025-08-08,august,Reefer,1952.1,4195.98,4176.869366011711,4237.596886816145,4207.233126413928,11.25312641392884
TR-034979,2025-08-08,august,Dry Van,2764.9,4781.79,4931.062868103893,4968.207452972063,4949.635160537979,167.8451605379787
TR-034980,2025-08-08,august,Reefer,459.3,1098.67,1096.733370631436,1058.6593532553638,1077.6963619434,20.973638056600066
TR-034981,2025-08-08,august,Dry Van,589.6,1234.26,1265.949014801633,1256.296002532481,1261.122508667057,26.862508667057
TR-034982,2025-08-08,august,Flatbed,2180.1,4432.5,4416.339525159087,4576.985690144176,4496.662607651631,64.16260765163133
TR-034983,2025-08-08,august,Dry Van,2497.4,4725.92,4662.791198275708,4616.729838037562,4639.760518156635,86.15948184336503
TR-034984,2025-08-08,august,Dry Van,736.3,1579.67,1589.985805563186,1606.0067840333172,1597.9962947982517,18.326294798251638
TR-034985,2025-08-08,august,Flatbed,2916.7,5499.06,5500.580163212964,5493.997334045343,5497.288748629154,1.771251370846585
TR-034986,2025-08-08,august,Dry Van,610.6,1344.04,1337.851886167183,1328.8003683112622,1333.3261272392226,10.713872760777349
TR-034987,2025-08-09,august,Dry Van,450.9,1036.77,1022.9905106696389,1014.6840819745107,1018.8372963220747,17.932703677925247
TR-034988,2025-08-09,august,Dry Van,1146.1,2349.25,2333.771677810194,2213.8530220214725,2273.8123499158332,75.43765008416676
TR-034989,2025-08-09,august,Reefer,542.4,1251.03,1215.6011810917903,1258.9643406805853,1237.2827608861878,13.747239113812157
TR-034990,2025-08-09,august,Dry Van,575.0,1187.19,1148.714811375505,1186.492786038421,1167.603798706963,19.586201293036993
TR-034991,2025-08-09,august,Flatbed,1331.0,2651.6,2773.5833973376884,2653.450639657818,2713.5170184977533,61.91701849775336
TR-034992,2025-08-09,august,Dry Van,1067.3,2045.35,2013.896633846811,2003.7374182090384,2008.8170260279248,36.53297397207507
TR-034993,2025-08-09,august,Dry Van,2060.8,3935.62,3834.810015358918,4030.8812744095903,3932.8456448842544,2.774355115745493
TR-034994,2025-08-09,august,Dry Van,1072.4,2099.19,2163.016074274724,2139.8314252740497,2151.423749774387,52.23374977438698
TR-034995,2025-08-09,august,Dry Van,303.0,710.04,687.8997700551445,742.7027315275695,715.301250791357,5.2612507913570425
TR-034996,2025-08-09,august,Dry Van,527.4,1094.79,1093.4054965716714,1081.5621225653867,1087.483809568529,7.306190431470895
TR-034997,2025-08-09,august,Dry Van,2145.1,4026.88,4099.650629785552,3948.1925267329225,4023.9215782592373,2.9584217407627875
TR-034998,2025-08-09,august,Reefer,280.9,712.5,712.0028387649146,751.6284641287791,731.8156514468469,19.315651446846914
TR-034999,2025-08-09,august,Dry Van,2730.2,5031.67,4841.02632122673,4763.456432936993,4802.241377081862,229.428622918138
TR-035000,2025-08-09,august,Dry Van,1661.8,3164.39,3263.5783997872486,3185.3479244071204,3224.4631620971845,60.07316209718465
TR-035001,2025-08-09,august,Dry Van,521.5,1188.22,1157.3855900876194,1182.2588517773352,1169.8222209324772,18.397779067522833
TR-035002,2025-08-09,august,Reefer,506.6,1232.15,1204.4743220863988,1189.5936353061384,1197.0339786962686,35.116021303731486
TR-035003,2025-08-09,august,Flatbed,961.3,2077.35,2077.1126439295717,2156.139114349732,2116.625879139652,39.27587913965226
TR-035004,2025-08-09,august,Dry Van,1521.5,3016.77,3092.586701485742,3025.8287618574777,3059.20773167161,42.43773167160998
TR-035005,2025-08-09,august,Reefer,2460.6,4958.16,4779.969675797219,5099.060499107433,4939.515087452326,18.644912547673812
TR-035006,2025-08-09,august,Dry Van,1674.2,3288.81,3279.7596572049038,3321.8892229646453,3300.8244400847743,12.014440084774378
TR-035007,2025-08-09,august,Flatbed,1561.5,3013.8,3284.7866683124203,3237.907767196793,3261.3472177546064,247.5472177546062
TR-035008,2025-08-09,august,Dry Van,118.2,358.18,327.3048957268447,414.94141565840414,371.12315569262444,12.94315569262443
TR-035009,2025-08-09,august,Dry Van,890.5,1676.9,1800.1102792625338,1717.225673002853,1758.6679761326934,81.76797613269332
TR-035010,2025-08-09,august,Dry Van,2223.2,4139.48,4097.7279535820435,4140.26327243262,4118.9956130073315,20.484386992668078
TR-035011,2025-08-09,august,Flatbed,275.5,655.92,659.9919020955621,643.5270659543685,651.7594840249653,4.1605159750346274
TR-035012,2025-08-09,august,Dry Van,649.5,1414.15,1367.4805993549226,1390.3829271792679,1378.9317632670952,35.21823673290487
TR-035013,2025-08-09,august,Reefer,766.3,1790.35,1729.0272650864054,1729.176160480518,1729.1017127834616,61.2482872165383
TR-035014,2025-08-09,august,Dry Van,1470.8,2895.37,2889.7762801891154,2854.2358143694914,2872.0060472793034,23.36395272069649
TR-035015,2025-08-09,august,Flatbed,1638.5,1056.79,3453.919365225164,3455.000920582892,3454.4601429040276,2397.6701429040277
TR-035016,2025-08-09,august,Dry Van,401.0,916.51,933.3106767382632,901.51211873544,917.4113977368515,0.9013977368515498
TR-035017,2025-08-09,august,Dry Van,1683.1,2997.24,2885.403707740158,2973.4869134969226,2929.44531061854,67.79468938145965
TR-035018,2025-08-09,august,Dry Van,1014.6,2030.21,2025.1255995002948,2007.7089764864124,2016.4172879933535,13.792712006646525
TR-035019,2025-08-09,august,Dry Van,1196.3,2460.35,2490.1509151159353,2473.3629735463364,2481.756944331136,21.406944331135946
TR-035020,2025-08-09,august,Dry Van,319.9,727.6,710.3804381769895,780.6021573349003,745.491297755945,17.891297755944947
TR-035021,2025-08-09,august,Dry Van,741.1,1540.56,1485.4090129538654,1516.0056636947122,1500.7073383242887,39.85266167571126
TR-035022,2025-08-09,august,Dry Van,1670.4,3248.29,3269.9368355704455,3278.6170881141643,3274.276961842305,25.986961842304936
TR-035023,2025-08-09,august,Reefer,387.4,3901.56,945.1596024023155,989.0369463235998,967.0982743629577,2934.461725637042
TR-035024,2025-08-09,august,Dry Van,685.8,1556.08,1496.1419196042827,1511.8476166606526,1503.9947681324677,52.08523186753223
TR-035025,2025-08-09,august,Dry Van,623.2,1369.86,1368.7938476622107,1395.4843832269785,1382.1391154445946,12.279115444594709
TR-035026,2025-08-09,august,Dry Van,730.2,1460.21,1462.4903201281438,1487.1534000453764,1474.8218600867601,14.611860086760089
TR-035027,2025-08-09,august,Dry Van,712.3,1428.06,1402.9435919456062,1417.5244367845285,1410.2340143650672,17.82598563493275
TR-035028,2025-08-09,august,Reefer,928.4,2020.28,2006.9803786054176,1994.6567605431967,2000.8185695743073,19.461430425692697
TR-035029,2025-08-09,august,Reefer,776.1,1811.5,1793.6599877322772,1780.7270871487758,1787.1935374405266,24.306462559473403
TR-035030,2025-08-09,august,Flatbed,1995.1,3877.81,3621.066367377098,3834.9013320664144,3727.983849721756,149.82615027824386
TR-035031,2025-08-09,august,Dry Van,555.7,1176.42,1145.7203260624349,1157.123876519025,1151.42210129073,24.997898709269975
TR-035032,2025-08-09,august,Dry Van,785.0,1599.34,1579.7329792996018,1531.439566221189,1555.5862727603953,43.753727239604586
TR-035033,2025-08-09,august,Dry Van,715.8,1626.92,1530.1303735666042,1575.6656925794211,1552.8980330730128,74.02196692698726
TR-035034,2025-08-09,august,Dry Van,1810.8,3529.05,3163.1340158554644,3455.8225541183347,3309.4782849869,219.5717150131004
TR-035035,2025-08-09,august,Dry Van,675.1,1407.97,1380.8278860952644,1360.4217036585776,1370.624794876921,37.34520512307904
TR-035036,2025-08-09,august,Dry Van,2083.1,3958.79,3950.807632509159,3973.6586969743366,3962.2331647417477,3.4431647417477507
TR-035037,2025-08-09,august,Reefer,731.2,1777.94,1716.2860217438488,1688.253072171611,1702.2695469577297,75.67045304227031
TR-035038,2025-08-09,august,Reefer,484.6,1172.4,1134.9636535190216,1162.4706288791303,1148.717141199076,23.682858800924123
TR-035039,2025-08-09,august,Dry Van,894.7,1700.05,1712.4199252341489,1692.4993784909511,1702.45965186255,2.4096518625499357
TR-035040,2025-08-09,august,Reefer,1905.9,3860.28,3943.4475347104735,3973.0649113850095,3958.2562230477415,97.97622304774131
TR-035041,2025-08-09,august,Dry Van,865.7,1703.49,1700.5354766861976,1700.8094240454498,1700.6724503658238,2.8175496341762027
TR-035042,2025-08-09,august,Dry Van,2003.1,3806.09,3732.195790259913,3821.509415347781,3776.852602803847,29.237397196153324
TR-035043,2025-08-09,august,Dry Van,957.5,1940.32,1904.1027740880143,1963.356794646245,1933.7297843671295,6.590215632870468
TR-035044,2025-08-09,august,Reefer,245.1,659.78,634.4815305551128,706.7825107261297,670.6320206406212,10.852020640621276
TR-035045,2025-08-09,august,Dry Van,80.6,230.74,228.0858942629686,236.70116261883686,232.39352844090274,1.6535284409027327
TR-035046,2025-08-09,august,Dry Van,1367.9,2782.99,2706.045840956348,2804.5594198269773,2755.3026303916627,27.68736960833712
TR-035047,2025-08-09,august,Flatbed,1408.7,3003.62,2971.294959589895,3011.092633137414,2991.1937963636547,12.426203636345235
TR-035048,2025-08-09,august,Dry Van,1893.9,3572.6,3679.8422116827896,3638.545758372155,3659.193985027472,86.59398502747217
TR-035049,2025-08-09,august,Dry Van,250.9,617.77,611.584220464513,689.0865306555463,650.3353755600297,32.56537556002968
TR-035050,2025-08-09,august,Dry Van,725.9,1561.71,1543.291548747814,1532.182431650767,1537.7369901992906,23.973009800709406
TR-035051,2025-08-09,august,Dry Van,2574.9,4431.13,4433.94368265831,4476.927710511758,4455.435696585034,24.30569658503373
TR-035052,2025-08-09,august,Reefer,1216.7,2642.06,2661.718535212497,2635.441875262809,2648.580205237653,6.520205237653045
TR-035053,2025-08-09,august,Reefer,2297.3,4474.0,4464.16721382231,4627.564797979812,4545.866005901062,71.86600590106173
TR-035054,2025-08-09,august,Reefer,632.7,1528.76,1512.8276788486419,1490.6888296854115,1501.7582542670266,27.001745732973404
TR-035055,2025-08-09,august,Dry Van,2530.7,4333.26,3944.462260881673,4500.912689181982,4222.6874750318275,110.57252496817273
TR-035056,2025-08-09,august,Dry Van,2148.6,4006.7,3800.088706439276,4066.600286702538,3933.344496570907,73.355503429093
TR-035057,2025-08-09,august,Dry Van,1912.0,3615.67,3777.4419075227684,3724.355130133341,3750.898518828055,135.2285188280548
TR-035058,2025-08-09,august,Dry Van,407.8,920.29,912.150606382758,911.4048520949239,911.777729238841,8.512270761159016
TR-035059,2025-08-09,august,Flatbed,741.3,1547.03,1641.0043149461587,1591.0685858682007,1616.0364504071797,69.00645040717973
TR-035060,2025-08-09,august,Dry Van,420.5,1003.44,998.0151418117924,968.9693313920789,983.4922366019357,19.947763398064353
TR-035061,2025-08-09,august,Dry Van,2346.8,4236.94,4181.184721389069,4262.314283946464,4221.749502667766,15.190497332233463
TR-035062,2025-08-09,august,Dry Van,229.4,589.3,580.7321309776663,596.8678764987637,588.8000037382151,0.49999626178487233
TR-035063,2025-08-09,august,Reefer,594.1,1437.11,1383.9885822453646,1387.1354964813604,1385.5620393633626,51.5479606366373
TR-035064,2025-08-09,august,Dry Van,1487.3,2925.64,2911.9638398871157,2910.73374607618,2911.348792981648,14.291207018351997
TR-035065,2025-08-09,august,Reefer,463.7,1157.66,1193.3053734379946,1145.752988573563,1169.5291810057788,11.869181005778728
TR-035066,2025-08-09,august,Dry Van,1236.7,2442.54,2409.214884435897,2447.1907724913467,2428.2028284636217,14.337171536378264
TR-035067,2025-08-09,august,Reefer,1065.0,2302.4,2457.563699648823,2330.517284953968,2394.0404923013957,91.64049230139562
TR-035068,2025-08-09,august,Flatbed,686.5,1474.25,1450.42393103695,1448.1177224887151,1449.2708267628327,24.979173237167288
TR-035069,2025-08-09,august,Flatbed,442.5,1038.4,1057.743224928061,1097.750766017206,1077.7469954726334,39.34699547263335
TR-035070,2025-08-09,august,Reefer,645.2,1467.37,1457.2582473801233,1453.0231353616073,1455.1406913708652,12.22930862913472
TR-035071,2025-08-09,august,Dry Van,2060.1,3840.01,3856.418413673462,3818.153709213676,3837.286061443569,2.7239385564312215
TR-035072,2025-08-09,august,Dry Van,1275.0,2562.49,2672.7395120046904,2580.268347885779,2626.5039299452346,64.01392994523485
TR-035073,2025-08-09,august,Reefer,345.8,986.16,911.519303145006,976.5317939614026,944.0255485532043,42.13445144679565
TR-035074,2025-08-09,august,Flatbed,287.5,783.59,749.1397578344441,793.8034557773794,771.4716068059117,12.118393194088299
TR-035075,2025-08-09,august,Dry Van,292.8,780.79,734.3456319198516,740.3382548910988,737.3419434054751,43.448056594524814
TR-035076,2025-08-09,august,Dry Van,1874.1,3359.74,3222.5383978239106,3451.285506611658,3336.9119522177843,22.828047782215435
TR-035077,2025-08-09,august,Dry Van,414.3,991.31,972.4886984313616,991.620959572434,982.0548290018978,9.25517099810213
TR-035078,2025-08-09,august,Dry Van,752.7,1550.93,1498.3357252321289,1509.154057049324,1503.7448911407264,47.18510885927367
TR-035079,2025-08-09,august,Reefer,2130.3,4765.56,4568.441797509786,4492.95896106086,4530.700379285323,234.85962071467748
TR-035080,2025-08-09,august,Dry Van,1492.3,2898.12,2827.400845124672,2888.2772798771375,2857.8390625009047,40.28093749909522
TR-035081,2025-08-09,august,Dry Van,716.3,1639.52,1575.489614254011,1554.4301149861717,1564.9598646200914,74.56013537990862
TR-035082,2025-08-09,august,Reefer,359.0,908.2,885.2319993752441,899.5901901743566,892.4110947748004,15.788905225199642
TR-035083,2025-08-09,august,Dry Van,491.5,1128.95,1123.6575133051379,1133.7109263619932,1128.6842198335655,0.2657801664345243
TR-035084,2025-08-09,august,Dry Van,1364.7,2648.74,2661.363469955188,2777.249755693689,2719.3066128244386,70.56661282443883
TR-035085,2025-08-09,august,Reefer,1976.0,3987.01,3955.6580825573396,3999.5074937240415,3977.5827881406904,9.427211859309864
TR-035086,2025-08-09,august,Dry Van,1015.0,1882.9,1989.8724377081955,2012.1600673474475,2001.0162525278215,118.11625252782142
TR-035087,2025-08-09,august,Reefer,363.5,925.7,916.9516896276212,935.133402472534,926.0425460500776,0.34254605007754435
TR-035088,2025-08-09,august,Reefer,2019.9,4020.71,4165.345517932382,4213.796462023203,4189.570989977792,168.8609899777921
TR-035089,2025-08-09,august,Reefer,294.7,773.77,748.9456684874617,810.3227281086288,779.6341982980452,5.864198298045267
TR-035090,2025-08-09,august,Dry Van,2070.4,3640.82,3910.9886468980458,3811.9483780327,3861.468512465373,220.64851246537273
TR-035091,2025-08-09,august,Dry Van,835.0,1735.44,1732.6945333107133,1725.1162775414625,1728.9054054260878,6.534594573912273
TR-035092,2025-08-09,august,Reefer,1175.5,2580.12,2570.273744795111,2544.9148181512833,2557.594281473197,22.525718526802848
TR-035093,2025-08-09,august,Flatbed,1536.9,3265.54,3373.929394264523,3380.2259884899404,3377.0776913772315,111.53769137723157
TR-035094,2025-08-09,august,Dry Van,1918.4,3573.56,3690.4214530628296,3536.048263678579,3613.2348583707044,39.67485837070444
TR-035095,2025-08-09,august,Dry Van,898.1,1765.9,1753.455464893899,1747.8103285721638,1750.6328967330314,15.267103266968661
TR-035096,2025-08-09,august,Dry Van,1696.9,3398.64,3076.7692155958025,3308.381361493375,3192.575288544589,206.06471145541082
TR-035097,2025-08-09,august,Reefer,796.5,1859.26,1787.5660695853778,1821.2413637186974,1804.4037166520375,54.85628334796252
TR-035098,2025-08-09,august,Dry Van,939.2,1867.23,1873.0708213537969,1868.630008107475,1870.850414730636,3.6204147306359573
TR-035099,2025-08-09,august,Dry Van,701.0,1473.24,1462.4786923638774,1450.204795287686,1456.3417438257816,16.89825617421843
TR-035100,2025-08-09,august,Dry Van,681.5,1462.21,1417.5124009479027,1455.1383152864069,1436.3253581171548,25.884641882845244
TR-035101,2025-08-09,august,Dry Van,1022.3,2075.08,2135.235660611068,2067.7998410287987,2101.517750819933,26.43775081993317
TR-035102,2025-08-09,august,Reefer,326.8,875.03,850.6172592282551,871.5990945474396,861.1081768878473,13.921823112152651
TR-035103,2025-08-09,august,Dry Van,2052.0,795.36,4068.56250225993,4068.3943495030126,4068.4784258814716,3273.1184258814715
TR-035104,2025-08-09,august,Dry Van,573.2,1211.18,1163.5568898755046,1186.6834523165926,1175.1201710960486,36.059828903951484
TR-035105,2025-08-09,august,Dry Van,1456.0,2953.57,2879.814841821661,2943.0076649987814,2911.4112534102214,42.15874658977873
TR-035106,2025-08-09,august,Flatbed,1016.3,2188.21,2138.4468534488565,2217.313206105643,2177.8800297772495,10.32997022275049
TR-035107,2025-08-09,august,Reefer,2994.2,6146.72,5814.752053165215,6120.838317430216,5967.795185297716,178.9248147022845
TR-035108,2025-08-09,august,Dry Van,531.0,1126.53,1081.4147562074934,1115.0350197525788,1098.224887980036,28.30511201996387
TR-035109,2025-08-09,august,Dry Van,663.4,1328.61,1328.7956947228986,1358.1033963534555,1343.449545538177,14.839545538177163
TR-035110,2025-08-09,august,Dry Van,1487.3,2718.35,2828.6633071982565,2793.862642751962,2811.2629749751095,92.91297497510959
TR-035111,2025-08-09,august,Reefer,1826.3,3835.04,3763.678615704412,3788.8151263602467,3776.246871032329,58.79312896767078
TR-035112,2025-08-09,august,Dry Van,1554.0,2852.57,2705.836841612886,2850.948336420439,2778.3925890166624,74.17741098333772
TR-035113,2025-08-09,august,Flatbed,828.2,1693.89,1734.9087497077394,1734.773721297136,1734.8412355024377,40.95123550243761
TR-035114,2025-08-09,august,Dry Van,729.8,1489.42,1502.1867203346953,1500.180690480603,1501.183705407649,11.763705407649013
TR-035115,2025-08-09,august,Flatbed,438.3,1039.42,1034.775401085201,1037.3426923852016,1036.0590467352013,3.360953264798809
TR-035116,2025-08-09,august,Flatbed,365.0,884.21,862.0912738753249,873.0831431983352,867.5872085368301,16.62279146316996
TR-035117,2025-08-09,august,Dry Van,643.8,1385.87,1346.6582269948815,1354.3709833385592,1350.5146051667202,35.35539483327966
TR-035118,2025-08-09,august,Dry Van,1587.0,3121.41,3228.174155902002,3236.138730322261,3232.1564431121315,110.7464431121316
TR-035119,2025-08-09,august,Dry Van,776.0,1591.62,1525.6680899692615,1569.4368169053128,1547.552453437287,44.06754656271278
TR-035120,2025-08-09,august,Dry Van,447.9,992.49,989.3755162190135,991.1254556700667,990.2504859445401,2.2395140554599493
TR-035121,2025-08-09,august,Reefer,517.1,1335.98,1269.809840302797,1300.1772187389122,1284.9935295208547,50.98647047914528
TR-035122,2025-08-09,august,Flatbed,278.2,733.42,706.0241680605135,735.9255235466255,720.9748458035695,12.445154196430508
TR-035123,2025-08-09,august,Dry Van,521.7,1117.78,1164.4929318063362,1134.7227666211431,1149.6078492137397,31.827849213739682
TR-035124,2025-08-09,august,Dry Van,407.8,899.52,897.1498780766171,897.5416225517342,897.3457503141757,2.174249685824293
TR-035125,2025-08-09,august,Dry Van,497.7,1036.15,1057.2900032028733,1047.0246110865796,1052.1573071447265,16.007307144726383
TR-035126,2025-08-09,august,Dry Van,539.3,1202.29,1178.549995701291,1173.4807196708325,1176.0153576860616,26.27464231393833
TR-035127,2025-08-09,august,Reefer,1196.7,2519.36,2584.1629521665623,2611.4345367353876,2597.798744450975,78.43874445097481
TR-035128,2025-08-09,august,Dry Van,794.3,1642.55,1650.9376947585013,1684.8353131651547,1667.886503961828,25.336503961828157
TR-035129,2025-08-10,august,Dry Van,842.1,1776.04,1705.3967687364795,1784.634499428283,1745.0156340823814,31.024365917618525
TR-035130,2025-08-10,august,Dry Van,1113.3,2054.43,2154.219478040941,2042.7692329411234,2098.4943554910324,44.06435549103253
TR-035131,2025-08-10,august,Dry Van,650.3,1365.5,1339.1327820655706,1336.1001378000747,1337.6164599328226,27.883540067177364
TR-035132,2025-08-10,august,Flatbed,1819.1,3699.35,3673.9885309646743,3709.653633431633,3691.821082198154,7.528917801846092
TR-035133,2025-08-10,august,Dry Van,861.5,1795.06,1774.476986593498,1742.425828044035,1758.4514073187665,36.608592681233404
TR-035134,2025-08-10,august,Dry Van,286.2,632.38,625.5507854085885,637.1125261553359,631.3316557819621,1.0483442180378688
TR-035135,2025-08-10,august,Dry Van,439.1,1038.13,1039.8777621481504,1063.0430992445176,1051.460430696334,13.330430696333906
TR-035136,2025-08-10,august,Dry Van,686.7,1342.86,1340.4373232296123,1343.5673014260387,1342.0023123278256,0.8576876721742792
TR-035137,2025-08-10,august,Dry Van,984.6,1902.18,2000.3875737116,2002.4034879080307,2001.3955308098152,99.21553080981516
TR-035138,2025-08-10,august,Dry Van,582.4,1220.87,1263.4985026624947,1198.2339811358365,1230.8662418991657,9.996241899165852
TR-035139,2025-08-10,august,Dry Van,1273.4,2447.19,2532.64473513763,2411.200362871779,2471.9225490047047,24.73254900470465
TR-035140,2025-08-10,august,Dry Van,960.9,1909.85,2025.9520337263634,1939.767666573527,1982.8598501499453,73.00985014994535
TR-035141,2025-08-10,august,Reefer,1919.5,4106.44,4155.414416863048,4204.410821651736,4179.912619257392,73.47261925739258
TR-035142,2025-08-10,august,Dry Van,1844.5,3343.72,3337.0145726764667,3482.538028896329,3409.7763007863978,66.05630078639797
TR-035143,2025-08-10,august,Dry Van,1524.6,2854.8,2797.3069492948325,2931.7983795239807,2864.5526644094066,9.752664409406407
TR-035144,2025-08-10,august,Dry Van,2305.9,4216.16,4378.155851128504,4233.420779129387,4305.788315128945,89.62831512894536
TR-035145,2025-08-10,august,Flatbed,1595.8,3217.55,3266.0715186897055,3299.4755158113885,3282.7735172505472,65.22351725054705
TR-035146,2025-08-10,august,Dry Van,443.8,942.45,947.0476290622436,951.6603622419441,949.3539956520938,6.903995652093727
TR-035147,2025-08-10,august,Dry Van,1645.8,3190.13,3325.6808770827947,3257.3356992367867,3291.508288159791,101.37828815979083
TR-035148,2025-08-10,august,Dry Van,1665.0,3126.39,3300.0476995637932,3167.228076579234,3233.6378880715138,107.2478880715139
TR-035149,2025-08-10,august,Flatbed,1100.7,2284.93,2411.7826375025875,2290.7697453490373,2351.2761914258126,66.34619142581278
TR-035150,2025-08-10,august,Flatbed,634.9,1420.87,1381.7282034384157,1402.5885742333935,1392.1583888359046,28.711611164095302
TR-035151,2025-08-10,august,Reefer,582.6,1404.52,1357.1559147214284,1362.5299718700444,1359.8429432957364,44.67705670426358
TR-035152,2025-08-10,august,Dry Van,176.1,413.18,410.0178748778523,440.7539075565901,425.38589121722123,12.205891217221222
TR-035153,2025-08-10,august,Flatbed,598.9,1398.22,1337.2885036634657,1353.3433124659523,1345.315908064709,52.904091935291035
TR-035154,2025-08-10,august,Dry Van,448.8,960.36,1015.9136060775668,959.3201896654737,987.6168978715202,27.25689787152021
TR-035155,2025-08-10,august,Dry Van,435.6,1023.97,988.2398293636012,1042.6924878969603,1015.4661586302807,8.50384136971934
TR-035156,2025-08-10,august,Dry Van,404.8,928.24,936.6905519895195,940.9567704495419,938.8236612195307,10.583661219530654
TR-035157,2025-08-10,august,Dry Van,2143.8,4071.62,4168.565524841812,4131.815166410099,4150.190345625955,78.57034562595527
TR-035158,2025-08-10,august,Reefer,1672.6,3504.05,3380.2692794537797,3537.0504282184925,3458.659853836136,45.3901461638643
TR-035159,2025-08-10,august,Reefer,2128.6,4328.43,4137.58897733457,4301.098639796605,4219.343808565587,109.0861914344132
TR-035160,2025-08-10,august,Reefer,668.1,1553.55,1529.2180568545505,1491.0129542147165,1510.1155055346335,43.43449446536647
TR-035161,2025-08-10,august,Flatbed,1500.7,2905.53,3019.2387350644717,3038.323490444595,3028.7811127545333,123.2511127545331
TR-035162,2025-08-10,august,Reefer,874.0,1997.37,1913.4840227664415,1864.1249751592982,1888.8044989628697,108.56550103713016
TR-035163,2025-08-10,august,Dry Van,2087.6,3931.8,4018.187423293792,4061.612389914969,4039.8999066043807,108.09990660438052
TR-035164,2025-08-10,august,Dry Van,316.6,723.9,698.4050823422385,734.5972564170665,716.5011693796525,7.398830620347439
TR-035165,2025-08-10,august,Dry Van,112.4,329.37,300.70028958676414,387.6374805751582,344.16888508096116,14.798885080961156
TR-035166,2025-08-10,august,Flatbed,1972.5,3718.65,3959.787993470121,3835.1115329671284,3897.449763218625,178.79976321862478
TR-035167,2025-08-10,august,Reefer,1126.2,2454.42,2506.2172113122133,2482.7008571211372,2494.4590342166753,40.03903421667519
TR-035168,2025-08-10,august,Reefer,784.8,1859.54,1852.6325251343576,1771.9957856802575,1812.3141554073077,47.22584459269228
TR-035169,2025-08-10,august,Reefer,388.0,972.43,940.1154615748123,977.7049011222596,958.910181348536,13.519818651463993
TR-035170,2025-08-10,august,Reefer,569.3,1378.6,1313.9645101209671,1334.4353161506037,1324.1999131357854,54.40008686421447
TR-035171,2025-08-10,august,Dry Van,80.5,233.81,251.452433849283,262.46367648439605,256.95805516683953,23.148055166839526
TR-035172,2025-08-10,august,Dry Van,414.7,957.67,934.9676225994123,952.0834075155751,943.5255150574937,14.14448494250621
TR-035173,2025-08-10,august,Reefer,1269.6,2691.28,2733.678715523287,2953.92963586475,2843.8041756940183,152.52417569401814
TR-035174,2025-08-10,august,Dry Van,921.0,1828.07,1855.384487070219,1860.1884010420313,1857.7864440561252,29.716444056125283
TR-035175,2025-08-10,august,Dry Van,1995.3,3824.3,3873.945966134423,3744.8566062338004,3809.401286184112,14.898713815888186
TR-035176,2025-08-10,august,Dry Van,539.4,1164.15,1179.6788328382304,1155.6722859109345,1167.6755593745825,3.5255593745823717
TR-035177,2025-08-10,august,Dry Van,96.3,275.69,265.94049749465825,348.81794092537575,307.379219210017,31.68921921001703
TR-035178,2025-08-10,august,Reefer,1121.8,2426.85,2484.573004960529,2371.7203821848852,2428.146693572707,1.2966935727072268
TR-035179,2025-08-10,august,Dry Van,567.5,1204.81,1203.8798275033862,1145.2305030159537,1174.55516525967,30.254834740329898
TR-035180,2025-08-10,august,Dry Van,1709.7,3178.59,3153.955398053144,3214.718237251479,3184.3368176523118,5.74681765231162
TR-035181,2025-08-10,august,Flatbed,2279.7,4405.84,4349.113048361463,4352.998077954717,4351.05556315809,54.784436841910065
TR-035182,2025-08-10,august,Dry Van,2598.0,4611.27,4383.495656292995,4705.553968387437,4544.524812340216,66.74518765978428
TR-035183,2025-08-10,august,Flatbed,2273.3,4298.7,4274.045670861321,4379.0276875008785,4326.536679181099,27.8366791810995
TR-035184,2025-08-10,august,Reefer,347.1,851.58,818.124349816997,857.3686318840842,837.7464908505406,13.833509149459474
TR-035185,2025-08-10,august,Reefer,1533.3,3305.7,3148.1189661717863,3335.788076614037,3241.9535213929116,63.74647860708819
TR-035186,2025-08-10,august,Reefer,871.7,2085.7,1994.006655690293,2053.875210179205,2023.940932934749,61.75906706525075
TR-035187,2025-08-10,august,Dry Van,1080.7,2153.53,2030.3093725450012,2052.8188683009494,2041.5641204229753,111.96587957702491
TR-035188,2025-08-10,august,Dry Van,1749.7,3186.66,3439.890372990147,3292.8118001937282,3366.351086591938,179.69108659193807
TR-035189,2025-08-10,august,Dry Van,955.7,1832.56,1863.7799161559387,1915.4916502959247,1889.6357832259318,57.0757832259319
TR-035190,2025-08-10,august,Dry Van,220.5,550.36,540.9325905539586,628.7207012610193,584.8266459074889,34.466645907488896
TR-035191,2025-08-10,august,Dry Van,335.5,783.37,750.8144696318432,769.2284945428905,760.0214820873668,23.348517912633156
TR-035192,2025-08-10,august,Reefer,408.8,1047.55,1054.3688530516933,1077.5689894305629,1065.968921241128,18.418921241128146
TR-035193,2025-08-10,august,Dry Van,2800.1,5093.1,5138.763584238645,5272.226952349425,5205.495268294035,112.3952682940344
TR-035194,2025-08-10,august,Dry Van,1718.3,3093.54,3363.0805187959913,3226.4173266744483,3294.74892273522,201.20892273521986
TR-035195,2025-08-10,august,Flatbed,286.6,760.66,706.7284092410937,759.5009557997307,733.1146825204122,27.545317479587766
TR-035196,2025-08-10,august,Flatbed,1320.2,2792.14,2802.090555958849,2719.1490077454673,2760.619781852158,31.52021814784166
TR-035197,2025-08-10,august,Reefer,1031.1,5553.52,2310.988185152963,2282.4865098949367,2296.73734752395,3256.7826524760503
TR-035198,2025-08-10,august,Reefer,2158.4,4582.99,4517.447878001455,4487.345757309748,4502.396817655601,80.59318234439888
TR-035199,2025-08-10,august,Dry Van,2056.6,3857.29,3946.1501918137956,3823.8267131660155,3884.9884524899053,27.69845248990532
TR-035200,2025-08-10,august,Reefer,392.9,1001.11,949.7188701903934,1021.3929245380331,985.5558973642133,15.554102635786762
TR-035201,2025-08-10,august,Reefer,118.6,337.95,328.8550949466468,340.78286743702006,334.8189811918334,3.131018808166573
TR-035202,2025-08-10,august,Flatbed,2391.1,4656.79,4745.311464972799,4695.823165420858,4720.567315196828,63.77731519682766
TR-035203,2025-08-10,august,Dry Van,283.4,660.17,628.1965043099716,619.0424843539322,623.619494331952,36.550505668048004
TR-035204,2025-08-10,august,Dry Van,1998.4,3718.38,3814.106797858112,3688.660131494852,3751.3834646764817,33.0034646764816
TR-035205,2025-08-10,august,Dry Van,391.5,858.29,824.383593086496,855.7112201294976,840.0474066079969,18.242593392003073
TR-035206,2025-08-10,august,Reefer,366.7,888.26,869.9657432686015,913.7355044548144,891.850623861708,3.590623861707968
TR-035207,2025-08-10,august,Flatbed,1121.5,2380.21,2462.081367886067,2333.4737733047505,2397.7775705954086,17.567570595408597
TR-035208,2025-08-10,august,Dry Van,1441.8,2721.3,2858.715110929918,2794.3058742953863,2826.5104926126523,105.21049261265216
TR-035209,2025-08-10,august,Dry Van,649.3,3882.23,1329.901653025778,1296.792034910221,1313.3468439679996,2568.8831560320004
TR-035210,2025-08-10,august,Dry Van,270.5,649.19,637.0213855087082,670.0455074226768,653.5334464656926,4.343446465692523
TR-035211,2025-08-10,august,Dry Van,2476.5,4573.63,4645.1603085919405,4575.730909451795,4610.445609021868,36.81560902186811
TR-035212,2025-08-10,august,Dry Van,356.0,789.87,774.1287642149734,802.3133523320935,788.2210582735335,1.6489417264665462
TR-035213,2025-08-10,august,Reefer,609.3,1399.97,1375.727372796451,1396.1343531516552,1385.930862974053,14.039137025946957
TR-035214,2025-08-10,august,Dry Van,196.5,496.96,462.46903910260886,526.7995756437083,494.63430737315855,2.3256926268414304
TR-035215,2025-08-10,august,Dry Van,1754.4,3247.66,3283.876545211067,3294.5587807885254,3289.217662999796,41.55766299979632
TR-035216,2025-08-10,august,Dry Van,2106.7,3810.01,3964.3905797652615,3891.0003331454054,3927.6954564553334,117.68545645533322
TR-035217,2025-08-10,august,Dry Van,612.1,1204.71,1171.9600307746537,1204.6444571931715,1188.3022439839126,16.407756016087433
TR-035218,2025-08-10,august,Reefer,2459.4,4704.17,4795.83688493347,4900.651501774904,4848.244193354187,144.07419335418672
TR-035219,2025-08-10,august,Dry Van,339.0,791.45,783.3587245652427,813.2560873891673,798.307405977205,6.857405977204962
TR-035220,2025-08-10,august,Reefer,2067.5,4040.02,4145.8449255228625,3966.4423899099984,4056.1436577164304,16.123657716430444
TR-035221,2025-08-10,august,Dry Van,1595.0,2894.59,3118.2691735025433,3044.43068631649,3081.3499299095165,186.75992990951636
TR-035222,2025-08-10,august,Dry Van,805.2,1646.72,1634.0612217675011,1640.9669504336214,1637.5140861005611,9.205913899438883
TR-035223,2025-08-10,august,Dry Van,784.2,1513.5,1595.2359537605867,1505.2804800957329,1550.2582169281598,36.758216928159754
TR-035224,2025-08-10,august,Dry Van,798.2,1777.71,1756.4215341917654,1685.9956744302347,1721.208604311,56.50139568899999
TR-035225,2025-08-10,august,Dry Van,926.3,1878.82,1878.4685044175344,1882.0287009182005,1880.2486026678675,1.428602667867608
TR-035226,2025-08-10,august,Dry Van,1432.9,2769.66,2891.8208061218184,2822.027695339958,2856.924250730888,87.2642507308883
TR-035227,2025-08-10,august,Dry Van,595.7,1161.9,1196.7751895565466,1158.0974726520112,1177.436331104279,15.536331104278815
TR-035228,2025-08-10,august,Flatbed,564.7,268.64,1287.0483406956644,1308.5918644778428,1297.8201025867536,1029.1801025867535
TR-035229,2025-08-10,august,Dry Van,409.4,919.66,930.1332281119442,903.1354434724601,916.6343357922021,3.0256642077978313
TR-035230,2025-08-10,august,Reefer,79.1,262.01,259.33851288454946,294.74542876791725,277.04197082623335,15.031970826233362
TR-035231,2025-08-10,august,Dry Van,603.1,1197.41,1247.019233236723,1208.8786330672988,1227.9489331520108,30.538933152010713
TR-035232,2025-08-10,august,Dry Van,695.0,1389.13,1375.6506750907997,1418.7597657568117,1397.2052204238057,8.075220423805604
TR-035233,2025-08-10,august,Flatbed,2022.3,4036.21,4036.186153193782,3950.2400446199727,3993.2130989068773,42.99690109312269
TR-035234,2025-08-10,august,Dry Van,990.6,1841.89,1876.7482762167544,1922.7038052223259,1899.7260407195402,57.83604071954005
TR-035235,2025-08-10,august,Dry Van,347.7,791.5,738.485360765994,829.9683910374029,784.2268759016983,7.2731240983016505
TR-035236,2025-08-10,august,Reefer,2861.6,5414.37,5425.157305288169,5688.908736763464,5557.033021025816,142.6630210258163
TR-035237,2025-08-10,august,Reefer,425.7,1121.27,1073.4562012466888,1112.4883512747879,1092.9722762607385,28.297723739261528
TR-035238,2025-08-10,august,Reefer,301.9,826.9,818.4525459703962,859.1557840620583,838.8041650162272,11.904165016227239
TR-035239,2025-08-10,august,Reefer,3202.0,6481.38,6358.188255305699,6431.033406656558,6394.610830981129,86.76916901887125
TR-035240,2025-08-10,august,Dry Van,1324.3,2515.98,2591.693732791888,2411.949885337892,2501.8218090648897,14.15819093511027
TR-035241,2025-08-10,august,Reefer,1085.3,2327.19,2248.8640713231284,2330.449326295116,2289.656698809122,37.533301190877864
TR-035242,2025-08-10,august,Dry Van,1205.5,2412.94,2434.052858513658,2271.7822808591804,2352.9175696864195,60.02243031358057
TR-035243,2025-08-10,august,Flatbed,429.8,973.67,1001.2416953291462,992.8531625857142,997.0474289574302,23.377428957430197
TR-035244,2025-08-10,august,Reefer,541.3,1367.36,1301.4374350368246,1337.6401099752375,1319.538772506031,47.82122749396899
TR-035245,2025-08-10,august,Flatbed,3204.8,5749.81,5883.345726108121,5882.319151776432,5882.832438942276,133.02243894227558
TR-035246,2025-08-10,august,Dry Van,2209.7,4277.12,4231.322373985559,4046.00969966683,4138.666036826195,138.45396317380528
TR-035247,2025-08-10,august,Reefer,127.6,420.44,341.63889514989495,484.48722303782597,413.0630590938605,7.3769409061395095
TR-035248,2025-08-10,august,Reefer,566.2,1416.79,1316.2450360349837,1380.253014313736,1348.2490251743598,68.5409748256402
TR-035249,2025-08-10,august,Flatbed,1184.4,2495.11,2474.263807959313,2465.3130888510586,2469.7884484051856,25.321551594814537
TR-035250,2025-08-10,august,Reefer,829.4,1798.38,1768.226657603705,1765.839601196636,1767.0331294001705,31.346870599829572
TR-035251,2025-08-10,august,Dry Van,642.7,1335.27,1322.0149148043017,1375.2597591559286,1348.6373369801152,13.36733698011517
TR-035252,2025-08-10,august,Reefer,585.5,1418.91,1351.7579582394542,1369.3100318927882,1360.5339950661212,58.3760049338789
TR-035253,2025-08-10,august,Dry Van,707.0,1491.67,1462.6969564639585,1431.130622185361,1446.9137893246598,44.7562106753403
TR-035254,2025-08-10,august,Reefer,2181.0,4273.82,4297.182749497199,4431.343471736736,4364.263110616968,90.44311061696862
TR-035255,2025-08-10,august,Dry Van,2226.2,4088.63,4129.679549591623,4154.489764894627,4142.084657243126,53.45465724312544
TR-035256,2025-08-10,august,Dry Van,316.7,767.11,743.5134179824048,769.3181003986135,756.4157591905091,10.694240809490907
TR-035257,2025-08-10,august,Dry Van,2101.7,3958.37,4013.098592535921,4126.959060191682,4070.0288263638013,111.65882636380138
TR-035258,2025-08-10,august,Reefer,369.4,974.02,952.2327102598076,965.0125357309837,958.6226229953957,15.397377004604323
TR-035259,2025-08-10,august,Reefer,211.9,636.89,612.716792034442,681.4192524626928,647.0680222485674,10.178022248567459
TR-035260,2025-08-10,august,Dry Van,913.1,1831.93,1885.8398571440987,1821.8355577649024,1853.8377074545006,21.907707454500496
TR-035261,2025-08-10,august,Dry Van,311.2,761.53,728.388702292055,767.4112015797111,747.8999519358831,13.630048064116863
TR-035262,2025-08-11,august,Reefer,2238.1,4491.77,4409.186252772909,4521.688137113124,4465.437194943017,26.33280505698349
TR-035263,2025-08-11,august,Dry Van,741.2,1524.75,1515.5900344476718,1491.6629102576592,1503.6264723526656,21.123527647334413
TR-035264,2025-08-11,august,Reefer,219.4,625.37,574.9710397921921,690.4160997582526,632.6935697752224,7.323569775222381
TR-035265,2025-08-11,august,Dry Van,1885.8,3458.25,3501.512526036673,3624.0836676096874,3562.7980968231805,104.54809682318046
TR-035266,2025-08-11,august,Reefer,499.7,1279.49,1237.1683374472639,1254.4675257556246,1245.8179316014443,33.672068398555666
TR-035267,2025-08-11,august,Dry Van,427.3,907.19,926.7251901646578,919.572243388774,923.1487167767159,15.958716776715846
TR-035268,2025-08-11,august,Dry Van,1126.7,2209.07,2235.245915782373,2249.326620475087,2242.2862681287297,33.21626812872955
TR-035269,2025-08-11,august,Dry Van,425.8,953.88,955.6563503289311,998.4618049558158,977.0590776423735,23.1790776423735
TR-035270,2025-08-11,august,Dry Van,2195.9,4084.75,4200.367902813992,4137.252751739321,4168.810327276657,84.06032727665661
TR-035271,2025-08-11,august,Flatbed,849.5,1892.94,1850.6042611832845,1841.5019181954963,1846.0530896893904,46.886910310609665
TR-035272,2025-08-11,august,Dry Van,269.9,600.71,620.4241827170978,613.7034960451147,617.0638393811062,16.353839381106127
TR-035273,2025-08-11,august,Reefer,709.6,1576.18,1559.482192302465,1569.1358046633927,1564.308998482929,11.871001517071136
TR-035274,2025-08-11,august,Flatbed,1242.1,2599.39,2529.1188207817304,2608.876810001749,2568.99781539174,30.392184608259868
TR-035275,2025-08-11,august,Reefer,1206.9,2593.96,2558.7640764123207,2604.665943052485,2581.715009732403,12.244990267597132
TR-035276,2025-08-11,august,Dry Van,428.5,888.38,909.3267154767582,916.5354693292136,912.9310924029859,24.551092402985887
TR-035277,2025-08-11,august,Dry Van,2963.8,5270.78,5281.13573906167,5437.701348894486,5359.418543978078,88.6385439780779
TR-035278,2025-08-11,august,Dry Van,1508.5,2890.49,2820.6676397435267,2951.631407969773,2886.14952385665,4.340476143349861
TR-035279,2025-08-11,august,Dry Van,1697.2,3238.03,3364.559551169012,3279.822407764297,3322.1909794666544,84.16097946665423
TR-035280,2025-08-11,august,Flatbed,1794.1,3421.27,3495.351222830133,3478.62145361653,3486.9863382233316,65.7163382233316
TR-035281,2025-08-11,august,Flatbed,609.7,1334.25,1388.102823615097,1337.7655320841109,1362.9341778496039,28.684177849603884
TR-035282,2025-08-11,august,Flatbed,575.9,305.68,1300.5362652309063,1280.1657038542448,1290.3509845425756,984.6709845425755
TR-035283,2025-08-11,august,Dry Van,425.7,886.67,900.662813128028,861.5583159592331,881.1105645436305,5.559435456369442
TR-035284,2025-08-11,august,Dry Van,952.2,1872.3,1886.5813439341514,1894.0652286343684,1890.32328628426,18.02328628425994
TR-035285,2025-08-11,august,Reefer,1317.7,3017.51,2905.621037425867,2933.074332863733,2919.3476851448004,98.16231485519984
TR-035286,2025-08-11,august,Dry Van,2282.0,4309.28,4273.577978150165,4256.740003821849,4265.158990986007,44.12100901399299
TR-035287,2025-08-11,august,Dry Van,2081.3,3788.89,3858.8917978430577,3845.942431386773,3852.4171146149156,63.52711461491572
TR-035288,2025-08-11,august,Reefer,1987.0,4313.31,4099.285922432943,4233.465170171339,4166.375546302141,146.93445369785968
TR-035289,2025-08-11,august,Dry Van,653.1,1425.03,1368.8730343378606,1419.9239121160595,1394.39847322696,30.631526773039923
TR-035290,2025-08-11,august,Reefer,1183.4,2664.37,2519.972769554963,2768.2786732871637,2644.1257214210636,20.244278578936246
TR-035291,2025-08-11,august,Dry Van,351.0,795.95,778.6522221435033,837.69031574018,808.1712689418416,12.221268941841572
TR-035292,2025-08-11,august,Dry Van,1186.6,2334.57,2395.047197735353,2371.310437960333,2383.1788178478428,48.6088178478426
TR-035293,2025-08-11,august,Dry Van,768.5,1571.35,1527.9515953669377,1596.754646704665,1562.3531210358015,8.996878964198459
TR-035294,2025-08-11,august,Dry Van,1851.7,3296.51,3133.5946497006653,3304.421939950273,3219.0082948254694,77.5017051745308
TR-035295,2025-08-11,august,Dry Van,316.1,729.36,695.9935986792431,745.9700771052633,720.9818378922532,8.378162107746789
TR-035296,2025-08-11,august,Dry Van,318.0,747.24,714.3663757637299,746.1892812553212,730.2778285095255,16.962171490474475
TR-035297,2025-08-11,august,Dry Van,2220.0,3842.81,4182.535684120023,4108.405346463653,4145.470515291838,302.6605152918378
TR-035298,2025-08-11,august,Reefer,749.2,4651.57,1763.0495827189436,1712.5727839587855,1737.8111833388646,2913.758816661135
TR-035299,2025-08-11,august,Flatbed,1015.3,2191.92,2224.2938028453314,2190.8238263883686,2207.55881461685,15.63881461685014
TR-035300,2025-08-11,august,Dry Van,792.8,1529.59,1650.658900980814,1580.514476175729,1615.5866885782716,85.99668857827169
TR-035301,2025-08-11,august,Dry Van,1856.2,3495.32,3674.076291545792,3533.2613897695514,3603.668840657672,108.34884065767164
TR-035302,2025-08-11,august,Dry Van,944.9,1985.71,1989.6150026278995,1997.9462303341736,1993.7806164810365,8.070616481036495
TR-035303,2025-08-11,august,Dry Van,1910.8,3666.1,3671.737247913105,3701.816014864392,3686.7766313887487,20.676631388748774
TR-035304,2025-08-11,august,Reefer,973.3,2136.72,2132.767509022955,2197.0805927391066,2164.924050881031,28.20405088103098
TR-035305,2025-08-11,august,Reefer,1091.2,2581.99,2513.619459637447,2477.7963343513584,2495.7078969944027,86.28210300559704
TR-035306,2025-08-11,august,Flatbed,989.2,2234.66,2260.76093264195,2227.691626710948,2244.226279676449,9.566279676449085
TR-035307,2025-08-11,august,Dry Van,581.7,1340.58,1271.1794804055935,1296.4182682547003,1283.7988743301469,56.781125669853054
TR-035308,2025-08-11,august,Dry Van,1998.5,3461.55,3735.706135250617,3589.810193481077,3662.758164365847,201.20816436584664
TR-035309,2025-08-11,august,Dry Van,2302.7,4213.99,4293.7862479646665,4248.22621192017,4271.006229942418,57.01622994241825
TR-035310,2025-08-11,august,Flatbed,594.7,1395.03,1396.7500996087456,1331.597650639426,1364.173875124086,30.85612487591402
TR-035311,2025-08-11,august,Flatbed,450.2,1103.59,1110.2518094214824,1112.489141429314,1111.3704754253981,7.780475425398208
TR-035312,2025-08-11,august,Dry Van,1230.8,2388.35,2469.9858314590624,2341.4635272718656,2405.724679365464,17.37467936546409
TR-035313,2025-08-11,august,Flatbed,830.3,1901.97,1852.782172220807,1807.379195140458,1830.0806836806325,71.88931631936748
TR-035314,2025-08-11,august,Dry Van,242.6,566.28,569.2713378098932,582.719792419457,575.9955651146752,9.7155651146752
TR-035315,2025-08-11,august,Dry Van,1332.1,2606.73,2659.468847813477,2617.558316576138,2638.513582194808,31.783582194807877
TR-035316,2025-08-11,august,Dry Van,523.9,1138.47,1099.419184172796,1107.31587684656,1103.367530509678,35.10246949032194
TR-035317,2025-08-11,august,Reefer,1610.0,3401.27,3393.563276080802,3455.2373185371935,3424.400297308998,23.130297308997797
TR-035318,2025-08-11,august,Dry Van,818.5,1663.41,1666.8193930087855,1668.5368625442102,1667.6781277764978,4.268127776497749
TR-035319,2025-08-11,august,Dry Van,851.5,1796.52,1783.4324096959228,1809.1662415977191,1796.299325646821,0.22067435317899253
TR-035320,2025-08-11,august,Reefer,999.3,2254.77,2187.038263478173,2234.307103083388,2210.672683280781,44.09731671921918
TR-035321,2025-08-11,august,Flatbed,1888.5,3690.87,3837.302660323324,3673.1145523830173,3755.2086063531706,64.33860635317069
TR-035322,2025-08-11,august,Dry Van,957.1,1985.19,1972.1990991390346,1973.1403026950031,1972.6697009170189,12.520299082981182
TR-035323,2025-08-11,august,Reefer,827.2,1871.5,1866.4561204338854,1819.8838437330364,1843.169982083461,28.330017916538964
TR-035324,2025-08-11,august,Dry Van,108.6,304.31,276.10877553749026,349.9902433176967,313.0495094275935,8.739509427593475
TR-035325,2025-08-11,august,Dry Van,937.4,1917.59,1936.3854371742127,1949.385887872264,1942.8856625232384,25.295662523238434
TR-035326,2025-08-11,august,Dry Van,735.3,1497.97,1478.0265214360443,1457.3218282250216,1467.674174830533,30.29582516946698
TR-035327,2025-08-11,august,Flatbed,2427.2,4638.65,4534.648724001876,4644.971487226517,4589.810105614197,48.839894385802836
TR-035328,2025-08-11,august,Dry Van,1934.5,3709.66,3824.510439460333,3795.0415432615578,3809.775991360945,100.11599136094537
TR-035329,2025-08-11,august,Reefer,142.2,429.58,375.52780119285296,496.25336070126536,435.89058094705916,6.310580947059179
TR-035330,2025-08-11,august,Dry Van,287.9,733.71,685.9117690241128,773.2481233517185,729.5799461879157,4.130053812084384
TR-035331,2025-08-11,august,Reefer,910.1,2231.77,2033.2494655388318,2001.6323165956578,2017.4408910672448,214.32910893275516
TR-035332,2025-08-11,august,Reefer,794.9,1865.51,1780.9830380217943,1750.4371187473355,1765.710078384565,99.7999216154351
TR-035333,2025-08-11,august,Flatbed,840.7,1683.04,1712.2333780985396,1672.1857960202244,1692.209587059382,9.169587059382138
TR-035334,2025-08-11,august,Dry Van,1662.9,3304.34,3307.65318995685,3253.0601148417327,3280.3566523992913,23.98334760070884
TR-035335,2025-08-11,august,Dry Van,1686.4,3276.77,3449.467083739844,3266.792197282729,3358.129640511286,81.35964051128622
TR-035336,2025-08-11,august,Dry Van,234.2,568.95,585.2670799021299,583.7574989745117,584.5122894383207,15.562289438320704
TR-035337,2025-08-11,august,Reefer,1492.3,3444.01,3238.1595022834217,3314.029378857341,3276.0944405703813,167.91555942961895
TR-035338,2025-08-11,august,Reefer,567.0,1453.67,1361.7991713087113,1423.7077641166793,1392.7534677126953,60.91653228730479
TR-035339,2025-08-11,august,Reefer,1138.8,2430.57,2380.502254961882,2442.918278607952,2411.7102667849167,18.859733215083452
TR-035340,2025-08-11,august,Dry Van,636.4,1294.06,1320.687220824494,1284.6690299611407,1302.6781253928175,8.618125392817547
TR-035341,2025-08-11,august,Dry Van,1928.6,3617.96,3810.5657120745605,3746.691434956867,3778.6285735157135,160.66857351571343
TR-035342,2025-08-11,august,Reefer,523.1,1181.25,1191.9143422630812,1199.9647335603236,1195.9395379117022,14.689537911702246
TR-035343,2025-08-11,august,Reefer,607.3,1498.56,1486.102301179878,1414.118969321177,1450.1106352505276,48.44936474947235
TR-035344,2025-08-11,august,Flatbed,321.6,765.88,735.3002221391916,759.117226708009,747.2087244236003,18.671275576399694
TR-035345,2025-08-11,august,Flatbed,1301.1,2669.69,2795.6343392070426,2620.3866652209176,2708.01050221398,38.320502213980035
TR-035346,2025-08-11,august,Dry Van,787.3,1612.19,1600.0010818959074,1564.6591867275035,1582.3301343117055,29.859865688294576
TR-035347,2025-08-11,august,Dry Van,733.2,1492.87,1476.041903469513,1518.3135848332356,1497.1777441513743,4.307744151374436
TR-035348,2025-08-11,august,Dry Van,609.0,1386.4,1348.7991731650166,1312.447235072997,1330.623204119007,55.77679588099318
TR-035349,2025-08-11,august,Flatbed,723.7,1670.87,1644.9922971874055,1592.9892161711607,1618.990756679283,51.879243320716796
TR-035350,2025-08-11,august,Dry Van,886.1,1790.56,1795.745471353,1796.9951147488518,1796.370293050926,5.81029305092602
TR-035351,2025-08-11,august,Dry Van,1048.1,2142.78,2097.034307032666,2149.029941307175,2123.0321241699203,19.74787583007992
TR-035352,2025-08-11,august,Dry Van,766.9,1623.25,1625.619064608429,1605.0069365552722,1615.3130005818507,7.936999418149298
TR-035353,2025-08-11,august,Dry Van,1647.5,3352.96,3300.82076966312,3311.754352289877,3306.2875609764983,46.67243902350174
TR-035354,2025-08-11,august,Dry Van,3064.0,5452.45,5561.091191098714,5673.466452771954,5617.278821935334,164.82882193533442
TR-035355,2025-08-11,august,Reefer,1940.5,4119.36,4125.734934906874,4127.565989453586,4126.65046218023,7.290462180229952
TR-035356,2025-08-11,august,Reefer,1108.6,2659.28,2519.05727950119,2501.208623122366,2510.132951311778,149.14704868822218
TR-035357,2025-08-11,august,Flatbed,2474.1,4882.05,4821.265485029955,4759.727397203087,4790.496441116521,91.55355888347913
TR-035358,2025-08-11,august,Reefer,196.6,518.13,509.3359394094354,597.101990214443,553.2189648119393,35.08896481193926
TR-035359,2025-08-11,august,Dry Van,667.8,1430.63,1430.6112465010292,1423.0756854542922,1426.8434659776608,3.7865340223393105
TR-035360,2025-08-11,august,Reefer,300.8,831.87,834.5588930886843,840.4084320146919,837.4836625516881,5.613662551688094
TR-035361,2025-08-11,august,Dry Van,1606.1,3000.01,2881.080467400268,2924.1395101881644,2902.6099887942164,97.40001120578381
TR-035362,2025-08-11,august,Dry Van,745.1,1544.93,1466.6747945310783,1526.8106987545937,1496.742746642836,48.18725335716408
TR-035363,2025-08-11,august,Reefer,1028.6,2402.26,2449.4098571993113,2420.425835736108,2434.9178464677098,32.65784646770953
TR-035364,2025-08-11,august,Flatbed,1843.3,3810.04,3871.0750724147315,3815.8847042327798,3843.4798883237554,33.43988832375544
TR-035365,2025-08-11,august,Flatbed,2973.6,5972.5,5663.983299601628,5820.351778901257,5742.167539251443,230.33246074855742
TR-035366,2025-08-11,august,Dry Van,1245.0,2494.39,2349.0592334499106,2410.8626141926293,2379.9609238212697,114.42907617873016
TR-035367,2025-08-11,august,Reefer,888.2,1896.38,1974.1075003109916,1861.294364166828,1917.70093223891,21.32093223890979
TR-035368,2025-08-11,august,Dry Van,1120.1,2240.73,2352.431111116922,2232.9960760265003,2292.713593571711,51.983593571711026
TR-035369,2025-08-11,august,Reefer,860.6,1992.2,2015.8093846756879,1907.421186564713,1961.6152856202004,30.584714379799607
TR-035370,2025-08-11,august,Flatbed,390.5,934.02,898.9080930429619,917.377141639347,908.1426173411544,25.87738265884559
TR-035371,2025-08-11,august,Reefer,2513.0,5164.25,5045.2083352450745,5116.3816161123195,5080.794975678697,83.45502432130343
TR-035372,2025-08-11,august,Flatbed,593.1,6014.82,1281.498542543503,1315.2971615999982,1298.3978520717505,4716.42214792825
TR-035373,2025-08-11,august,Reefer,937.0,1999.18,1981.1435591534018,1977.122220543684,1979.132889848543,20.04711015145699
TR-035374,2025-08-11,august,Dry Van,612.2,1357.81,1312.130360985691,1347.481394209528,1329.8058775976094,28.00412240239052
TR-035375,2025-08-11,august,Dry Van,251.4,568.19,602.6299784872961,583.7059153424525,593.1679469148743,24.977946914874224
TR-035376,2025-08-11,august,Flatbed,775.0,1742.95,1726.2717378559441,1766.950695181788,1746.611216518866,3.661216518866013
TR-035377,2025-08-11,august,Dry Van,672.5,1367.57,1349.9143225613893,1328.6890126872108,1339.3016676243,28.268332375699856
TR-035378,2025-08-11,august,Flatbed,2038.2,3965.59,4031.1876950506758,3987.906742006525,4009.5472185286003,43.95721852860015
TR-035379,2025-08-11,august,Dry Van,2280.0,4264.24,4268.174752900196,4175.264870982419,4221.719811941308,42.52018805869193
TR-035380,2025-08-11,august,Reefer,275.6,758.85,715.2595941546404,739.0481479421949,727.1538710484176,31.69612895158241
TR-035381,2025-08-11,august,Dry Van,268.6,685.02,650.3388724351166,719.1856064355213,684.762239435319,0.25776056468100705
TR-035382,2025-08-11,august,Reefer,703.3,1579.0,1571.9088235688323,1565.1092648746899,1568.509044221761,10.490955778238913
TR-035383,2025-08-11,august,Dry Van,487.8,1033.19,994.5680606033118,1035.012044692342,1014.7900526478269,18.39994735217317
TR-035384,2025-08-11,august,Reefer,672.4,1554.74,1510.3290780741052,1512.9460354040255,1511.6375567390653,43.102443260934706
TR-035385,2025-08-11,august,Flatbed,1365.3,2934.63,3059.850366894623,3073.0377607919118,3066.4440638432675,131.81406384326738
TR-035386,2025-08-11,august,Dry Van,2171.4,3974.16,4059.479276585551,4141.7465121603955,4100.612894372973,126.45289437297288
TR-035387,2025-08-11,august,Flatbed,1091.5,2213.47,2183.472865515309,2335.939103341004,2259.7059844281566,46.235984428156826
TR-035388,2025-08-11,august,Flatbed,3034.8,6007.97,5676.272198306281,5919.536150434823,5797.904174370552,210.06582562944823
TR-035389,2025-08-12,august,Dry Van,2260.1,4173.86,4097.844117543219,4323.081663223041,4210.46289038313,36.602890383130216
TR-035390,2025-08-12,august,Reefer,825.5,2055.39,1939.3120620296822,1931.1716364119634,1935.2418492208228,120.14815077917706
TR-035391,2025-08-12,august,Dry Van,313.5,760.89,744.9419521480476,763.3257222837251,754.1338372158864,6.756162784113599
TR-035392,2025-08-12,august,Reefer,1462.4,3191.5,3109.6934692996797,3232.9294435751335,3171.3114564374064,20.188543562593622
TR-035393,2025-08-12,august,Reefer,1476.2,3137.2,3406.5084967672756,3407.9388340423093,3407.2236654047924,270.0236654047926
TR-035394,2025-08-12,august,Dry Van,1028.8,2247.29,2174.1486214222873,2125.2427531738617,2149.6956872980745,97.59431270192545
TR-035395,2025-08-12,august,Dry Van,780.5,1564.87,1583.1158702979371,1562.7580733690456,1572.9369718334915,8.066971833491607
TR-035396,2025-08-12,august,Dry Van,674.0,1355.11,1305.9370931447038,1290.0355884106311,1297.9863407776675,57.123659222332435
TR-035397,2025-08-12,august,Flatbed,704.3,1547.8,1606.1993523932013,1561.4789632486077,1583.8391578209043,36.03915782090439
TR-035398,2025-08-12,august,Dry Van,829.2,1764.71,1727.3536667209578,1654.489814898685,1690.9217408098214,73.78825919017868
TR-035399,2025-08-12,august,Dry Van,1261.4,2448.27,2430.1639682539517,2467.3481107005105,2448.756039477231,0.48603947723086094
TR-035400,2025-08-12,august,Dry Van,293.0,733.93,689.7385154786767,753.0034837739438,721.3709996263103,12.559000373689628
TR-035401,2025-08-12,august,Dry Van,1747.4,3274.68,3298.3957802352293,3242.692261576676,3270.5440209059525,4.135979094047343
TR-035402,2025-08-12,august,Reefer,467.7,1267.48,1182.736914699608,1208.7326133793713,1195.7347640394896,71.7452359605104
TR-035403,2025-08-12,august,Reefer,488.5,1129.75,1102.466956926297,1118.8639300464636,1110.6654434863804,19.084556513619646
TR-035404,2025-08-12,august,Reefer,559.5,1294.1,1189.3241929306182,1219.293755201996,1204.3089740663072,89.79102593369271
TR-035405,2025-08-12,august,Dry Van,813.1,1804.71,1718.2534185145296,1746.5170660484328,1732.3852422814812,72.32475771851887
TR-035406,2025-08-12,august,Reefer,1614.6,3418.29,3425.2618516477896,3474.851718320536,3450.0567849841627,31.76678498416277
TR-035407,2025-08-12,august,Dry Van,687.7,1418.4,1349.9488894329781,1408.8743407458614,1379.4116150894197,38.98838491058041
TR-035408,2025-08-12,august,Flatbed,3089.3,6117.19,5805.501879751412,6198.105717774241,6001.803798762827,115.38620123717283
TR-035409,2025-08-12,august,Dry Van,752.1,1555.07,1483.387661147694,1523.5199533730456,1503.4538072603698,51.61619273963015
TR-035410,2025-08-12,august,Dry Van,777.6,1580.51,1573.5038303212139,1575.2742204817596,1574.3890254014868,6.120974598513158
TR-035411,2025-08-12,august,Dry Van,338.5,817.61,768.4541101155822,884.0475970194334,826.2508535675079,8.640853567507861
TR-035412,2025-08-12,august,Dry Van,477.4,1120.36,1087.127136693038,1131.2955781943265,1109.2113574436821,11.148642556317782
TR-035413,2025-08-12,august,Reefer,1774.6,3874.7,3828.860425964035,3860.5754180230265,3844.7179219935306,29.982078006469237
TR-035414,2025-08-12,august,Dry Van,1485.7,2827.06,2793.400884477127,2809.963704143902,2801.6822943105144,25.377705689485538
TR-035415,2025-08-12,august,Reefer,1939.6,4015.75,4029.8091699431047,4122.745108734929,4076.2771393390167,60.527139339016685
TR-035416,2025-08-12,august,Dry Van,184.9,487.49,469.5174070448589,514.966799616815,492.2421033308369,4.752103330836917
TR-035417,2025-08-12,august,Dry Van,1703.5,3278.0,3367.631018735268,3308.4513199550747,3338.0411693451715,60.04116934517151
TR-035418,2025-08-12,august,Dry Van,189.5,490.96,480.12933228092646,555.4033022738859,517.7663172774062,26.806317277406208
TR-035419,2025-08-12,august,Dry Van,2819.7,4894.91,4975.062785448427,5059.431627555154,5017.24720650179,122.3372065017902
TR-035420,2025-08-12,august,Flatbed,1442.0,3058.8,3030.5113931413293,2949.5398212008513,2990.02560717109,68.7743928289101
TR-035421,2025-08-12,august,Reefer,374.5,1012.87,980.2563931663543,988.5731117905127,984.4147524784335,28.455247521566548
TR-035422,2025-08-12,august,Dry Van,287.9,719.03,677.4969846586858,749.6946841203785,713.5958343895322,5.434165610467744
TR-035423,2025-08-12,august,Reefer,459.4,1188.59,1143.383270528455,1153.9975964695795,1148.6904334990172,39.8995665009827
TR-035424,2025-08-12,august,Flatbed,1822.7,3800.8,3839.351835416989,3806.4548126204445,3822.903324018717,22.10332401871665
TR-035425,2025-08-12,august,Dry Van,851.7,1721.02,1739.536528314215,1751.2153927767613,1745.3759605454882,24.355960545488188
TR-035426,2025-08-12,august,Reefer,2325.4,4414.39,4623.401095487835,4723.334365037032,4673.367730262433,258.9777302624325
TR-035427,2025-08-12,august,Dry Van,2503.1,4433.82,4507.937574170537,4533.281498469834,4520.609536320186,86.78953632018602
TR-035428,2025-08-12,august,Dry Van,390.7,899.73,885.9251699188102,847.6951083746965,866.8101391467533,32.919860853246746
TR-035429,2025-08-12,august,Flatbed,1607.7,3180.76,3301.7734646367326,3296.5835739776376,3299.178519307185,118.41851930718485
TR-035430,2025-08-12,august,Dry Van,1204.7,2346.24,2435.9783544874062,2511.499915914236,2473.7391352008212,127.49913520082146
TR-035431,2025-08-12,august,Reefer,521.2,1320.13,1272.6956952699313,1256.0727588749444,1264.3842270724379,55.74577292756226
TR-035432,2025-08-12,august,Flatbed,2239.9,4222.33,4337.4472610877065,4284.731985339695,4311.0896232137,88.75962321370025
TR-035433,2025-08-12,august,Reefer,2216.5,4741.87,4767.899283786396,4680.411117786713,4724.155200786554,17.714799213445986
TR-035434,2025-08-12,august,Dry Van,73.2,222.13,248.5180623877463,298.36698882162796,273.44252560468715,51.31252560468715
TR-035435,2025-08-12,august,Dry Van,1226.4,2416.63,2516.0933733759675,2523.3942947301634,2519.7438340530653,103.11383405306515
TR-035436,2025-08-12,august,Dry Van,441.4,1033.95,1021.8451445086055,1015.8925987907974,1018.8688716497014,15.081128350298627
TR-035437,2025-08-12,august,Dry Van,2153.5,4163.04,4065.961374385962,4154.118653009831,4110.040013697897,52.999986302103025
TR-035438,2025-08-12,august,Dry Van,1644.1,2875.26,3072.5732170425495,3092.2326447346904,3082.40293088862,207.14293088861996
TR-035439,2025-08-12,august,Reefer,745.3,1835.64,1736.217206124748,1673.2698961658575,1704.7435511453027,130.89644885469738
TR-035440,2025-08-12,august,Reefer,635.5,1546.47,1499.5201718312721,1472.2261931617927,1485.8731824965325,60.59681750346749
TR-035441,2025-08-12,august,Dry Van,405.6,959.82,951.3443751162312,965.930673850351,958.6375244832911,1.1824755167089052
TR-035442,2025-08-12,august,Reefer,622.5,1542.4,1489.6097514010555,1425.1777470407474,1457.3937492209016,85.00625077909854
TR-035443,2025-08-12,august,Reefer,2069.9,4475.75,4375.560971299718,4406.206444397665,4390.883707848692,84.86629215130779
TR-035444,2025-08-12,august,Flatbed,1741.9,3716.68,3551.7182580288104,3700.5972331272483,3626.1577455780293,90.5222544219705
TR-035445,2025-08-12,august,Reefer,666.1,1513.38,1518.2691466663985,1515.9554585982,1517.1123026322994,3.732302632299252
TR-035446,2025-08-12,august,Dry Van,417.5,1007.71,964.6758230722216,983.3530820765081,974.0144525743649,33.69554742563514
TR-035447,2025-08-12,august,Dry Van,687.4,1407.86,1402.0147577526996,1455.1336381178526,1428.574197935276,20.71419793527616
TR-035448,2025-08-12,august,Flatbed,2615.5,4698.32,4923.618100927106,4878.942165932549,4901.280133429827,202.9601334298277
TR-035449,2025-08-12,august,Flatbed,1439.9,2878.99,2993.561420038836,2858.5807801126416,2926.0711000757387,47.08110007573896
TR-035450,2025-08-12,august,Dry Van,1343.8,753.64,2703.587690054974,2682.655782044975,2693.121736049974,1939.4817360499742
TR-035451,2025-08-12,august,Dry Van,1579.1,3030.24,3174.1915694835575,3108.195229808358,3141.1933996459575,110.95339964595769
TR-035452,2025-08-12,august,Dry Van,509.1,1073.62,1048.1585819095067,1010.8726214271626,1029.5156016683345,44.10439833166538
TR-035453,2025-08-12,august,Reefer,503.7,1280.53,1205.7671084802935,1199.3876579560651,1202.5773832181794,77.95261678182055
TR-035454,2025-08-12,august,Reefer,1169.8,2650.02,2614.4491119315503,2605.1571048540654,2609.803108392808,40.21689160719188
TR-035455,2025-08-12,august,Dry Van,1199.1,2350.23,2465.3129231827397,2473.9915692532923,2469.652246218016,119.42224621801597
TR-035456,2025-08-12,august,Dry Van,985.2,2090.34,2042.6263087507102,2041.5746960086237,2042.100502379667,48.23949762033317
TR-035457,2025-08-12,august,Flatbed,853.1,1833.04,1783.7712601335359,1761.4512510660988,1772.6112555998175,60.428744400182495
TR-035458,2025-08-12,august,Flatbed,1479.6,2984.48,3094.62037769329,3027.950767104876,3061.285572399083,76.80557239908285
TR-035459,2025-08-12,august,Reefer,2795.5,5417.7,5391.45279042231,5471.022506722487,5431.237648572398,13.537648572398211
TR-035460,2025-08-12,august,Dry Van,777.6,1502.08,1492.5682283623287,1486.38299970555,1489.4756140339393,12.60438596606059
TR-035461,2025-08-12,august,Reefer,1066.2,2498.65,2379.9425198011972,2327.173076980486,2353.5577983908415,145.09220160915856
TR-035462,2025-08-12,august,Dry Van,1110.0,2198.17,2120.081389916901,2143.7855299788002,2131.9334599478507,66.2365400521494
TR-035463,2025-08-12,august,Dry Van,1264.4,2467.43,2565.236691365292,2513.348088770447,2539.2923900678693,71.86239006786946
TR-035464,2025-08-12,august,Dry Van,1540.6,3079.37,3144.132041556835,3132.531320753834,3138.331681155334,58.96168115533419
TR-035465,2025-08-12,august,Dry Van,578.3,1192.7,1149.335319622116,1192.0440562209155,1170.6896879215158,22.010312078484276
TR-035466,2025-08-12,august,Reefer,1283.9,2707.75,2779.9973311427325,2674.53954574641,2727.268438444571,19.518438444571075
TR-035467,2025-08-12,august,Dry Van,1622.1,3128.98,3190.3460781555405,3192.770714077569,3191.558396116555,62.57839611655481
TR-035468,2025-08-12,august,Dry Van,998.5,1922.58,1974.807285402773,1968.9856766407106,1971.8964810217417,49.316481021741765
TR-035469,2025-08-12,august,Dry Van,2305.9,17742.34,4336.788876566984,4349.236645646241,4343.012761106613,13399.327238893387
TR-035470,2025-08-12,august,Dry Van,2448.0,4709.82,4554.884824667651,4764.374889403817,4659.629857035734,50.19014296426576
TR-035471,2025-08-12,august,Dry Van,225.8,531.16,542.9590799256408,550.5678918329893,546.7634858793151,15.603485879315144
TR-035472,2025-08-12,august,Reefer,233.6,713.31,654.702929423003,727.0092979258686,690.8561136744358,22.4538863255641
TR-035473,2025-08-12,august,Flatbed,465.1,1229.37,1191.280852417981,1194.0165829043808,1192.6487176611809,36.72128233881904
TR-035474,2025-08-12,august,Dry Van,1572.1,2903.46,3153.9419679567227,3082.374408611507,3118.1581882841147,214.69818828411462
TR-035475,2025-08-12,august,Flatbed,2320.6,4558.05,4445.792206779074,4549.532857239919,4497.662532009497,60.387467990502955
TR-035476,2025-08-12,august,Reefer,2832.5,1345.5,5604.022947232129,5620.5881867883845,5612.305567010257,4266.805567010257
TR-035477,2025-08-12,august,Dry Van,1068.9,2177.5,2147.9654816721472,2041.793764708564,2094.8796231903557,82.62037680964431
TR-035478,2025-08-12,august,Reefer,815.2,1850.03,1729.1921695961287,1724.7940370962997,1726.9931033462142,123.03689665378579
TR-035479,2025-08-12,august,Dry Van,2682.1,4914.03,4876.2265770355325,5040.806326354066,4958.516451694799,44.48645169479914
TR-035480,2025-08-12,august,Dry Van,2408.2,4241.98,4392.110651524183,4576.464838028971,4484.287744776577,242.30774477657724
TR-035481,2025-08-12,august,Flatbed,163.2,447.03,410.43533940375676,524.6312091834861,467.53327429362145,20.503274293621473
TR-035482,2025-08-12,august,Flatbed,1197.4,2631.33,2606.9345723368947,2560.0190285888766,2583.476800462886,47.85319953711405
TR-035483,2025-08-12,august,Dry Van,446.7,979.25,989.1066401823093,981.3586553860612,985.2326477841852,5.982647784185247
TR-035484,2025-08-12,august,Dry Van,1374.5,2717.02,2655.7874018311772,2796.9943187456192,2726.3908602883985,9.37086028839849
TR-035485,2025-08-12,august,Reefer,1585.4,3253.74,3423.3828843452893,3412.767221574929,3418.075052960109,164.33505296010935
TR-035486,2025-08-12,august,Dry Van,2070.0,3963.28,3920.4756986870493,3881.710099304103,3901.0928989955764,62.187101004423766
TR-035487,2025-08-12,august,Flatbed,930.2,1881.37,1921.613174116508,1880.138576041178,1900.875875078843,19.50587507884302
TR-035488,2025-08-12,august,Flatbed,298.8,817.86,764.0365533159795,825.8593307708229,794.9479420434012,22.9120579565988
TR-035489,2025-08-12,august,Dry Van,3167.5,5590.56,5632.228873665418,5760.95082303161,5696.589848348514,106.02984834851395
TR-035490,2025-08-12,august,Flatbed,668.9,1575.11,1558.3184578652533,1571.2011519022283,1564.7598048837408,10.350195116259101
TR-035491,2025-08-12,august,Dry Van,1176.3,2216.38,2238.438539762052,2242.8985889790138,2240.668564370533,24.288564370533095
TR-035492,2025-08-12,august,Dry Van,82.6,233.96,238.8592298086182,274.8669786839955,256.8631042463069,22.903104246306867
TR-035493,2025-08-12,august,Dry Van,429.6,1023.88,1007.9430837167612,1038.6516959527128,1023.297389834737,0.5826101652629632
TR-035494,2025-08-12,august,Reefer,3029.9,5942.84,5968.855701623742,6079.009476626057,6023.932589124899,81.09258912489895
TR-035495,2025-08-12,august,Reefer,690.6,1675.03,1574.5430486000523,1566.7672772724025,1570.6551629362275,104.37483706377247
TR-035496,2025-08-12,august,Dry Van,932.6,1768.75,1805.135272849892,1757.6847211049226,1781.4099969774074,12.659996977407445
TR-035497,2025-08-12,august,Dry Van,740.6,1523.87,1491.9207988458786,1510.6365689447948,1501.2786838953366,22.591316104663292
TR-035498,2025-08-12,august,Dry Van,558.8,1269.77,1216.7268167379602,1284.3795258654482,1250.5531713017042,19.216828698295785
TR-035499,2025-08-12,august,Reefer,667.5,1542.49,1516.7641000534545,1542.0453131428685,1529.4047065981615,13.085293401838499
TR-035500,2025-08-12,august,Flatbed,958.1,2010.8,1977.6842051020114,2045.298265797875,2011.4912354499434,0.6912354499434059
TR-035501,2025-08-12,august,Flatbed,920.8,1927.86,1969.8182111606914,1962.6063764614537,1966.2122938110724,38.352293811072514
TR-035502,2025-08-12,august,Dry Van,1997.6,3707.97,3628.354862526784,3688.812066066445,3658.5834642966147,49.38653570338511
TR-035503,2025-08-12,august,Flatbed,978.2,1932.14,2115.287888135401,2108.8032315485893,2112.045559841995,179.90555984199477
TR-035504,2025-08-12,august,Reefer,2054.5,3943.12,4180.747956390943,4135.2822048888665,4158.015080639905,214.89508063990525
TR-035505,2025-08-12,august,Reefer,765.1,1672.08,1733.3423957615469,1690.3430755465893,1711.842735654068,39.76273565406814
TR-035506,2025-08-12,august,Flatbed,950.7,2046.7,2043.996933497806,2080.13446420855,2062.065698853178,15.365698853178174
TR-035507,2025-08-12,august,Reefer,1870.7,3880.13,3857.761643552233,3891.7849561605235,3874.7732998563783,5.356700143621765
TR-035508,2025-08-12,august,Flatbed,1005.6,2172.33,2165.4568341411177,2198.8927580954355,2182.1747961182764,9.844796118276463
TR-035509,2025-08-12,august,Dry Van,1905.4,3677.1,3818.184054243899,3718.9729680201194,3768.578511132009,91.47851113200932
TR-035510,2025-08-12,august,Reefer,2788.0,5619.9,5648.0290155009325,5631.538981082778,5639.783998291856,19.883998291856187
TR-035511,2025-08-12,august,Reefer,653.6,1605.32,1553.491356923013,1461.682520740499,1507.586938831756,97.73306116824392
TR-035512,2025-08-12,august,Dry Van,425.7,942.11,943.7294810235118,930.7386084093666,937.2340447164393,4.8759552835607565
TR-035513,2025-08-12,august,Flatbed,1715.2,3378.16,3323.5224029036717,3480.4930105070925,3402.007706705382,23.84770670538228
TR-035514,2025-08-12,august,Reefer,368.8,1022.74,988.4944980979797,1035.0336007978653,1011.7640494479225,10.975950552077506
TR-035515,2025-08-12,august,Flatbed,2329.9,4776.8,4628.877640695726,4775.967774028317,4702.422707362021,74.37729263797883
TR-035516,2025-08-12,august,Dry Van,640.1,1376.52,1345.4613645223885,1373.9047097289244,1359.6830371256565,16.8369628743435
TR-035517,2025-08-12,august,Dry Van,2650.1,4728.39,4824.003180664036,4781.66231568954,4802.832748176788,74.44274817678797
TR-035518,2025-08-12,august,Reefer,385.3,1027.67,997.8896381355789,1067.8717314305518,1032.8806847830654,5.21068478306529
TR-035519,2025-08-12,august,Reefer,923.0,1936.23,1901.9849571849454,1931.6183450083188,1916.8016510966322,19.428348903367805
TR-035520,2025-08-12,august,Reefer,863.0,1953.3,1973.0563185215012,1928.346810675458,1950.7015645984798,2.5984354015201916
TR-035521,2025-08-12,august,Dry Van,2053.8,3869.9,3847.0523712380923,3953.0109526530605,3900.031661945576,30.13166194557607
TR-035522,2025-08-12,august,Dry Van,1804.2,3504.32,3377.1837917834146,3502.5159764362998,3439.849884109857,64.470115890143
TR-035523,2025-08-12,august,Dry Van,848.4,1728.42,1738.9943747802695,1725.7675004092794,1732.3809375947744,3.96093759477435
TR-035524,2025-08-12,august,Dry Van,1971.1,12284.47,3651.6300180328785,3705.8276987787735,3678.728858405826,8605.741141594173
TR-035525,2025-08-12,august,Dry Van,1612.1,3103.93,3172.075526046406,3174.011927037258,3173.0437265418323,69.11372654183242
TR-035526,2025-08-12,august,Dry Van,554.0,1240.54,1159.5877284653234,1167.064374782086,1163.3260516237046,77.21394837629532
TR-035527,2025-08-12,august,Dry Van,859.3,1800.36,1764.0782189887705,1750.2178393861138,1757.1480291874423,43.21197081255764
TR-035528,2025-08-12,august,Dry Van,455.7,1033.46,1047.664569721775,1033.1627755227532,1040.4136726222641,6.953672622264094
TR-035529,2025-08-12,august,Dry Van,2120.8,4059.2,4031.4306605175843,4069.974006789722,4050.702333653653,8.497666346346705
TR-035530,2025-08-12,august,Flatbed,724.6,1682.04,1657.2460211074458,1568.219184289594,1612.73260269852,69.30739730148002
TR-035531,2025-08-12,august,Dry Van,388.0,890.09,884.4596429195557,921.0308030239273,902.7452229717414,12.65522297174141
TR-035532,2025-08-12,august,Dry Van,1869.0,3393.28,3645.172844859016,3485.5931299943386,3565.3829874266776,172.10298742667737
TR-035533,2025-08-12,august,Dry Van,126.2,338.93,310.92037914412157,361.0678284628241,335.99410380347285,2.9358961965271533
TR-035534,2025-08-12,august,Flatbed,553.2,1324.37,1242.8379312005354,1231.902079705645,1237.3700054530902,86.99999454690965
TR-035535,2025-08-12,august,Reefer,2126.3,4232.5,4304.807287742996,4303.320600343199,4304.063944043097,71.56394404309685
TR-035536,2025-08-12,august,Dry Van,377.1,808.78,787.2196616902455,808.6385157882403,797.9290887392428,10.85091126075713
TR-035537,2025-08-12,august,Dry Van,3023.4,5172.18,5388.366288708595,5272.347695217437,5330.356991963015,158.1769919630151
TR-035538,2025-08-12,august,Dry Van,112.5,298.71,292.233523839413,306.395154731558,299.3143392854855,0.604339285485537
TR-035539,2025-08-12,august,Dry Van,484.3,1030.03,1017.7036234852345,1006.2449358031347,1011.9742796441847,18.05572035581531
TR-035540,2025-08-12,august,Dry Van,594.9,1361.82,1310.5146010122382,1329.1280109382978,1319.821305975268,41.998694024732
TR-035541,2025-08-12,august,Dry Van,874.2,1839.3,1809.9221988141674,1831.7933108714342,1820.8577548428007,18.442245157199295
TR-035542,2025-08-12,august,Dry Van,536.8,1178.19,1288.955848680867,1169.1056323911891,1229.0307405360281,50.84074053602808
TR-035543,2025-08-12,august,Dry Van,604.4,1260.69,1313.0948519298863,1300.998143597571,1307.0464977637287,46.35649776372861
TR-035544,2025-08-13,august,Reefer,1021.3,2552.52,2375.7568420185016,2396.346823088393,2386.0518325534476,166.46816744655234
TR-035545,2025-08-13,august,Dry Van,677.4,1419.2,1407.804949289695,1414.3897503289204,1411.0973498093076,8.10265019069243
TR-035546,2025-08-13,august,Dry Van,379.7,826.03,824.1906008604942,807.2190725617163,815.7048367111053,10.325163288894714
TR-035547,2025-08-13,august,Dry Van,688.8,1484.31,1571.0379762957637,1517.8362859082226,1544.4371311019931,60.1271311019932
TR-035548,2025-08-13,august,Dry Van,769.5,1666.06,1604.3466739173493,1643.130484200386,1623.7385790588678,42.321420941132146
TR-035549,2025-08-13,august,Dry Van,2154.4,3964.03,3964.675954321952,4206.024774336478,4085.350364329215,121.32036432921495
TR-035550,2025-08-13,august,Flatbed,2109.4,4176.33,4299.278272900471,4336.520986338959,4317.899629619715,141.56962961971476
TR-035551,2025-08-13,august,Reefer,617.3,1515.66,1491.4087913604576,1473.555640949242,1482.4822161548498,33.177783845150316
TR-035552,2025-08-13,august,Dry Van,741.0,1631.7,1580.265796101255,1560.029557848603,1570.147676974929,61.55232302507102
TR-035553,2025-08-13,august,Dry Van,1044.6,2224.17,2227.8026826056002,2208.4616155754993,2218.13214909055,6.037850909450299
TR-035554,2025-08-13,august,Dry Van,413.7,1029.13,1026.423140724884,1008.1644436276241,1017.2937921762541,11.836207823746008
TR-035555,2025-08-13,august,Dry Van,1079.8,2069.22,2096.321939195907,2065.6120275806334,2080.96698338827,11.74698338827011
TR-035556,2025-08-13,august,Dry Van,445.7,1009.14,1028.5299521805885,1048.3834362742064,1038.4566942273973,29.316694227397306
TR-035557,2025-08-13,august,Dry Van,864.9,1848.52,1930.7962107376231,1846.9107447142915,1888.8534777259574,40.33347772595744
TR-035558,2025-08-13,august,Dry Van,360.8,796.71,818.8394255310826,784.577474585958,801.7084500585204,4.998450058520348
TR-035559,2025-08-13,august,Dry Van,2326.6,4262.9,3960.5729497959296,4305.458296506698,4133.015623151314,129.88437684868586
TR-035560,2025-08-13,august,Dry Van,573.3,1210.29,1256.6104011801087,1268.5002275085121,1262.5553143443103,52.265314344310354
TR-035561,2025-08-13,august,Dry Van,880.6,1775.63,1785.5295262673571,1806.2199157214084,1795.8747209943826,20.244720994382533
TR-035562,2025-08-13,august,Reefer,2849.4,5690.1,5124.3172725178165,5664.889625161728,5394.603448839773,295.4965511602277
TR-035563,2025-08-13,august,Dry Van,632.3,1281.27,1337.7007254627842,1330.7081378791472,1334.2044316709657,52.93443167096575
TR-035564,2025-08-13,august,Flatbed,2787.9,5170.25,5349.156304559336,5325.73956012475,5337.447932342043,167.1979323420428
TR-035565,2025-08-13,august,Reefer,959.6,2052.87,2040.326517946696,2021.182007388293,2030.7542626674945,22.115737332505432
TR-035566,2025-08-13,august,Dry Van,2079.2,3910.47,3975.5793971121916,3904.2441001655116,3939.9117486388513,29.44174863885155
TR-035567,2025-08-13,august,Dry Van,732.0,1507.98,1517.5255816694112,1531.3338072600222,1524.4296944647167,16.449694464716686
TR-035568,2025-08-13,august,Dry Van,1966.4,3624.2,3724.2099517506103,3657.700864185683,3690.9554079681466,66.75540796814676
TR-035569,2025-08-13,august,Flatbed,1984.4,3890.34,3976.7631958286065,3901.5474824049834,3939.155339116795,48.8153391167948
TR-035570,2025-08-13,august,Dry Van,604.8,1267.81,1254.4432914883557,1261.6190801119028,1258.0311858001292,9.778814199870794
TR-035571,2025-08-13,august,Dry Van,1353.9,2743.85,2766.071080913039,2712.517532926581,2739.29430691981,4.55569308018994
TR-035572,2025-08-13,august,Dry Van,1262.3,2509.34,2469.0046046115917,2456.232275339929,2462.6184399757603,46.72156002423981
TR-035573,2025-08-13,august,Dry Van,1208.4,2255.21,2114.8819815951038,2236.5027495986956,2175.6923655968994,79.5176344031006
TR-035574,2025-08-13,august,Reefer,1166.5,2562.47,2451.446663247667,2789.626036895408,2620.5363500715375,58.06635007153773
TR-035575,2025-08-13,august,Dry Van,1219.1,2409.79,2438.128070047263,2446.2644273568408,2442.196248702052,32.406248702051926
TR-035576,2025-08-13,august,Flatbed,2906.6,5738.04,5500.218562059947,5722.82921497031,5611.523888515128,126.51611148487154
TR-035577,2025-08-13,august,Dry Van,1620.4,3004.32,3174.8496496695084,3139.934687492514,3157.392168581011,153.07216858101083
TR-035578,2025-08-13,august,Dry Van,1218.3,2237.22,2288.5183782314925,2329.858692697914,2309.1885354647034,71.96853546470356
TR-035579,2025-08-13,august,Dry Van,111.4,822.99,294.298629118214,300.7517280239256,297.5251785710698,525.4648214289302
TR-035580,2025-08-13,august,Reefer,343.7,913.22,882.4137907706661,899.7329583854223,891.0733745780442,22.146625421955832
TR-035581,2025-08-13,august,Reefer,2270.6,4926.46,4805.885732712233,4844.390295170606,4825.13801394142,101.32198605858048
TR-035582,2025-08-13,august,Reefer,863.7,1981.8,1939.838041298344,1982.6682406747348,1961.2531409865394,20.546859013460562
TR-035583,2025-08-13,august,Reefer,1058.1,2280.93,2405.787437564878,2356.2117708548794,2380.9996042098787,100.06960420987889
TR-035584,2025-08-13,august,Dry Van,1017.3,2131.94,2097.130965359541,2058.449878526617,2077.790421943079,54.1495780569212
TR-035585,2025-08-13,august,Dry Van,778.1,1522.31,1507.3028549117962,1520.9431973979495,1514.1230261548728,8.186973845127113
TR-035586,2025-08-13,august,Dry Van,132.0,355.65,356.3218881901884,369.6408638132368,362.98137600171265,7.33137600171267
TR-035587,2025-08-13,august,Reefer,842.1,1930.02,1876.6567378597533,1839.6315556606323,1858.1441467601928,71.87585323980716
TR-035588,2025-08-13,august,Dry Van,879.5,1888.96,1887.2403930558783,1846.075438926422,1866.6579159911503,22.30208400884976
TR-035589,2025-08-13,august,Flatbed,1871.6,3872.5,3554.7011902374156,3875.334983996356,3715.018087116886,157.4819128831141
TR-035590,2025-08-13,august,Dry Van,735.2,302.81,1628.7904370515291,1649.833277145838,1639.3118570986835,1336.5018570986836
TR-035591,2025-08-13,august,Flatbed,1003.2,2264.42,2302.776214386999,2238.843872306742,2270.8100433468708,6.390043346870698
TR-035592,2025-08-13,august,Flatbed,280.9,727.21,695.8137857917249,710.1204579324265,702.9671218620756,24.242878137924436
TR-035593,2025-08-13,august,Dry Van,396.3,884.52,863.4875946925544,886.2579387336314,874.8727667130929,9.647233286907067
TR-035594,2025-08-13,august,Dry Van,3019.4,5296.44,5396.939049416631,5488.800641035576,5442.869845226103,146.42984522610368
TR-035595,2025-08-13,august,Flatbed,302.0,759.64,762.7177432806396,758.4762767224781,760.5970100015588,0.9570100015588423
TR-035596,2025-08-13,august,Flatbed,2222.7,4554.85,4559.888302763679,4597.535766259849,4578.712034511764,23.86203451176334
TR-035597,2025-08-13,august,Dry Van,438.9,948.79,960.7919110756466,1008.7137290998083,984.7528200877275,35.96282008772755
TR-035598,2025-08-13,august,Reefer,1895.2,3905.64,3907.0990721987628,3955.9332466804717,3931.5161594396172,25.876159439617368
TR-035599,2025-08-13,august,Dry Van,2562.3,4684.95,4753.5544768755735,4747.8301303547705,4750.692303615172,65.7423036151722
TR-035600,2025-08-13,august,Dry Van,2110.5,3891.19,3986.3745373663064,3878.2037514332287,3932.289144399768,41.09914439976774
TR-035601,2025-08-13,august,Dry Van,1335.3,2593.66,2684.7123679832816,2675.551669128031,2680.132018555656,86.47201855565618
TR-035602,2025-08-13,august,Dry Van,925.3,1760.4,1799.130451908114,1845.2191475553263,1822.1747997317202,61.77479973172012
TR-035603,2025-08-13,august,Reefer,552.7,1395.09,1264.9763114483073,1275.8027381398188,1270.3895247940632,124.70047520593675
TR-035604,2025-08-13,august,Reefer,612.3,1420.13,1463.7573919299698,1399.3643261053403,1431.560859017655,11.430859017654939
TR-035605,2025-08-13,august,Flatbed,1589.7,3262.87,3415.2496757073177,3372.190986265691,3393.7203309865045,130.85033098650456
TR-035606,2025-08-13,august,Dry Van,588.4,1339.62,1366.9677786072452,1349.089913527488,1358.0288460673667,18.408846067366767
TR-035607,2025-08-13,august,Flatbed,531.6,1190.11,1205.5660632033582,1229.6488222094713,1217.6074427064148,27.49744270641486
TR-035608,2025-08-13,august,Dry Van,1055.2,2160.05,2219.3235199691458,2114.467998892838,2166.895759430992,6.84575943099162
TR-035609,2025-08-13,august,Dry Van,792.8,1608.46,1590.3427683663215,1560.4185690989225,1575.3806687326219,33.079331267378166
TR-035610,2025-08-13,august,Dry Van,971.2,1971.11,1965.5736307576622,1967.8499215836741,1966.7117761706681,4.398223829331755
TR-035611,2025-08-13,august,Dry Van,838.7,1684.44,1666.4456405489882,1725.7285363597512,1696.0870884543697,11.647088454369623
TR-035612,2025-08-13,august,Flatbed,1494.1,3163.22,3186.80978020274,3117.130238556056,3151.970009379398,11.249990620601693
TR-035613,2025-08-13,august,Dry Van,1189.8,2313.16,2379.234464980105,2478.4674164065655,2428.8509406933354,115.6909406933355
TR-035614,2025-08-13,august,Dry Van,772.2,1599.48,1596.4986014202798,1628.7419939849262,1612.620297702603,13.140297702602993
TR-035615,2025-08-13,august,Reefer,1424.6,3034.89,3228.6668396942173,3137.0713621856103,3182.8691009399136,147.97910093991368
TR-035616,2025-08-13,august,Dry Van,810.6,1756.55,1732.6114433969688,1728.8490267956834,1730.730235096326,25.819764903674013
TR-035617,2025-08-13,august,Reefer,2348.1,4927.52,4850.835326484498,4843.810756614868,4847.323041549684,80.19695845031674
TR-035618,2025-08-13,august,Dry Van,458.3,1012.15,1062.9219038226806,1025.8569056059973,1044.389404714339,32.239404714339
TR-035619,2025-08-13,august,Flatbed,2205.6,4546.93,4500.647626696322,4556.154944548956,4528.401285622639,18.52871437736121
TR-035620,2025-08-13,august,Flatbed,335.4,874.12,868.143411971769,900.4963625796067,884.3198872756878,10.199887275687843
TR-035621,2025-08-13,august,Dry Van,859.0,1871.38,1997.7792325400558,1917.6944433563492,1957.7368379482025,86.35683794820238
TR-035622,2025-08-13,august,Dry Van,1205.7,2556.82,2517.1457135051915,2579.2723187416273,2548.209016123409,8.610983876591035
TR-035623,2025-08-13,august,Reefer,653.5,1645.91,1554.5737295536599,1518.5984539818432,1536.5860917677514,109.32390823224864
TR-035624,2025-08-13,august,Dry Van,646.8,1357.84,1364.648622471468,1362.358616286871,1363.5036193791693,5.663619379169404
TR-035625,2025-08-13,august,Dry Van,1111.0,2096.07,2133.9181605033305,1974.7438627615588,2054.3310116324446,41.73898836755552
TR-035626,2025-08-13,august,Dry Van,1423.8,2795.68,2893.0228347758616,2816.867397522801,2854.9451161493316,59.26511614933179
TR-035627,2025-08-13,august,Dry Van,552.7,1268.28,1256.5604223042724,1281.6480441071442,1269.1042332057082,0.8242332057081967
TR-035628,2025-08-13,august,Dry Van,2082.6,3867.7,3903.9196845619595,3837.629228690469,3870.7744566262145,3.074456626214669
TR-035629,2025-08-13,august,Dry Van,444.6,1005.63,981.874370782955,1005.634238277329,993.754304530142,11.875695469857988
TR-035630,2025-08-13,august,Dry Van,265.9,630.43,624.8925256865547,655.1005099954864,639.9965178410205,9.566517841020527
TR-035631,2025-08-13,august,Dry Van,991.2,1968.99,2028.7549425988245,2032.7871457264705,2030.7710441626475,61.781044162647504
TR-035632,2025-08-13,august,Dry Van,739.6,1530.17,1510.7348804042913,1546.7125554721808,1528.723717938236,1.4462820617641228
TR-035633,2025-08-13,august,Dry Van,690.3,1454.54,1432.515571553746,1445.9149158459927,1439.2152436998695,15.324756300130502
TR-035634,2025-08-13,august,Reefer,748.2,1723.73,1760.4234190243226,1752.0965578692803,1756.2599884468013,32.529988446801326
TR-035635,2025-08-13,august,Dry Van,962.3,1925.19,1951.39840769689,1960.0578338846915,1955.7281207907909,30.5381207907908
TR-035636,2025-08-13,august,Flatbed,452.7,1098.27,1070.7559735740986,1084.8414095850308,1077.7986915795645,20.471308420435435
TR-035637,2025-08-13,august,Dry Van,191.8,470.28,498.7350329156679,483.4535320756572,491.0942824956626,20.81428249566261
TR-035638,2025-08-13,august,Flatbed,224.5,614.86,585.1860759716709,626.8946926595804,606.0403843156257,8.819615684374298
TR-035639,2025-08-13,august,Reefer,753.8,1762.98,1816.0860994193736,1802.259239767478,1809.1726695934258,46.19266959342576
TR-035640,2025-08-13,august,Reefer,1533.2,3283.74,3186.160108705054,3372.3801237542953,3279.2701162296744,4.469883770325396
TR-035641,2025-08-13,august,Dry Van,925.3,1976.0,1947.4184109725484,1931.2612124444142,1939.3398117084812,36.66018829151881
TR-035642,2025-08-13,august,Dry Van,2769.9,4820.41,5012.013376608935,5044.065560669918,5028.039468639427,207.6294686394267
TR-035643,2025-08-13,august,Reefer,785.0,1831.89,1808.5947052143129,1782.414671193503,1795.5046882039078,36.38531179609231
TR-035644,2025-08-13,august,Flatbed,409.2,948.0,961.7105736213649,950.3241658904244,956.0173697558946,8.017369755894606
TR-035645,2025-08-13,august,Reefer,1952.1,4394.74,4166.151193807179,4216.372111062228,4191.261652434703,203.47834756529664
TR-035646,2025-08-13,august,Flatbed,593.9,1318.27,1265.2803642637218,1258.3186509005013,1261.7995075821116,56.47049241788841
TR-035647,2025-08-13,august,Flatbed,566.2,1251.39,1216.7796571394188,1298.8351690115755,1257.8074130754972,6.417413075497052
TR-035648,2025-08-13,august,Dry Van,367.9,802.54,813.4933657270667,772.4307017365388,792.9620337318028,9.577966268197201
TR-035649,2025-08-13,august,Dry Van,1160.5,2304.56,2184.295021514635,2247.558408057198,2215.9267147859164,88.63328521408357
TR-035650,2025-08-13,august,Reefer,435.7,1117.83,1083.4079170502448,1082.5124387144851,1082.9601778823649,34.86982211763507
TR-035651,2025-08-13,august,Dry Van,1453.9,2890.03,2887.726386819458,2865.224477133286,2876.4754319763724,13.55456802362778
TR-035652,2025-08-13,august,Dry Van,939.4,1793.66,1837.7602372018746,1843.69137420071,1840.7258057012923,47.06580570129222
TR-035653,2025-08-13,august,Reefer,727.9,1743.89,1717.9798494153433,1632.7157312443028,1675.347790329823,68.54220967017704
TR-035654,2025-08-13,august,Flatbed,1084.0,2305.98,2437.2711581256426,2338.4559665380234,2387.8635623318332,81.88356233183322
TR-035655,2025-08-13,august,Dry Van,963.2,2038.96,2048.411904801311,2041.148767878935,2044.7803363401229,5.820336340122822
TR-035656,2025-08-13,august,Flatbed,745.7,1700.53,1686.115150330475,1718.8305026210153,1702.472826475745,1.9428264757450506
TR-035657,2025-08-13,august,Flatbed,839.1,1994.51,2004.1317487688468,2001.1020267154277,2002.6168877421374,8.10688774213736
TR-035658,2025-08-13,august,Reefer,445.8,1113.64,1110.1648181257522,1110.4703967014575,1110.317607413605,3.3223925863951536
TR-035659,2025-08-13,august,Dry Van,1074.5,2225.94,2243.6533225283247,2112.52016478552,2178.0867436569224,47.853256343077646
TR-035660,2025-08-13,august,Dry Van,236.7,587.21,616.1784699164975,700.8003351663772,658.4894025414374,71.27940254143732
TR-035661,2025-08-13,august,Dry Van,1153.4,2295.26,2328.051795216393,2349.2143753728064,2338.6330852946,43.373085294599605
TR-035662,2025-08-13,august,Dry Van,519.4,1196.61,1158.5430981820568,1130.2307875643414,1144.3869428731991,52.22305712680077
TR-035663,2025-08-13,august,Dry Van,294.3,676.49,679.337822552232,657.6121022977584,668.4749624249952,8.01503757500484
TR-035664,2025-08-13,august,Flatbed,195.5,580.17,545.230820514629,625.4286190895266,585.3297198020778,5.159719802077802
TR-035665,2025-08-13,august,Dry Van,2265.5,4025.07,4215.8838863348965,4208.219356956902,4212.051621645899,186.98162164589894
TR-035666,2025-08-13,august,Reefer,2141.8,4661.36,4477.185329321423,4594.322787655483,4535.754058488453,125.60594151154692
TR-035667,2025-08-13,august,Reefer,1022.0,2354.29,2310.840396973779,2308.1113278205326,2309.4758623971557,44.81413760284431
TR-035668,2025-08-13,august,Dry Van,2332.8,4620.01,4479.536668811843,4600.0113377352445,4539.774003273544,80.2359967264565
TR-035669,2025-08-13,august,Dry Van,427.7,968.25,955.6995421229367,969.3583784678826,962.5289602954097,5.721039704590339
TR-035670,2025-08-13,august,Flatbed,880.9,1918.8,1897.0383721635758,1836.4793883787133,1866.7588802711446,52.04111972885539
TR-035671,2025-08-13,august,Reefer,2573.9,5501.64,5441.616700015408,5256.970075477677,5349.293387746542,152.34661225345826
TR-035672,2025-08-13,august,Flatbed,178.9,483.01,480.9125349684948,545.7987965113093,513.3556657399021,30.345665739902074
TR-035673,2025-08-13,august,Reefer,1023.5,2454.32,2378.2677001790025,2385.030547396397,2381.6491237877,72.6708762123003
TR-035674,2025-08-13,august,Dry Van,868.1,1769.44,1902.6198719827787,1855.989890963783,1879.3048814732808,109.86488147328078
TR-035675,2025-08-13,august,Dry Van,829.9,1845.72,1828.0787400554723,1808.6249283940404,1818.3518342247562,27.368165775243824
TR-035676,2025-08-13,august,Reefer,529.7,1312.8,1260.1549205590409,1294.5660770857307,1277.3604988223858,35.43950117761415
TR-035677,2025-08-13,august,Dry Van,878.7,1694.66,1842.6034734699074,1766.5584262139487,1804.580949841928,109.92094984192795
TR-035678,2025-08-13,august,Dry Van,962.4,1809.36,1854.838684625962,1861.7165893314318,1858.277636978697,48.917636978697146
TR-035679,2025-08-13,august,Dry Van,919.0,1897.88,1989.7055272132511,1908.020355408756,1948.8629413110034,50.98294131100329
TR-035680,2025-08-13,august,Reefer,2116.0,4480.32,4417.917838578248,4396.352679845406,4407.135259211827,73.18474078817235
TR-035681,2025-08-13,august,Dry Van,865.2,1759.48,1887.169403956094,1807.638373134671,1847.4038885453824,87.9238885453824
TR-035682,2025-08-13,august,Reefer,1100.6,2512.99,2563.2725721545216,2537.6197537563885,2550.4461629554553,37.45616295545551
TR-035683,2025-08-13,august,Flatbed,1648.1,3552.86,3569.318847910598,3553.5506727935262,3561.434760352062,8.57476035206173
TR-035684,2025-08-13,august,Dry Van,1241.6,2570.44,2624.851305025982,2498.1403891768277,2561.495847101405,8.944152898594893
TR-035685,2025-08-13,august,Dry Van,613.7,1381.64,1340.5917714560196,1362.8687055555815,1351.7302385058006,29.90976149419953
TR-035686,2025-08-13,august,Reefer,1039.6,2320.32,2247.7399829860174,2273.6441476780687,2260.692065332043,59.627934667957106
TR-035687,2025-08-13,august,Reefer,617.6,1493.45,1494.2952130256147,1425.3720029408605,1459.8336079832375,33.616392016762575
TR-035688,2025-08-13,august,Dry Van,1157.8,2384.33,2421.3989860606644,2422.283553758007,2421.841269909336,37.51126990933608
TR-035689,2025-08-13,august,Reefer,1460.5,3374.69,3393.788879249355,3391.827143245222,3392.8080112472885,18.11801124728845
TR-035690,2025-08-13,august,Dry Van,2243.0,4291.28,4242.205701583988,4217.652933303496,4229.929317443743,61.3506825562572
TR-035691,2025-08-13,august,Flatbed,1105.6,2455.25,2462.7993933160433,2427.3971579893414,2445.0982756526923,10.151724347307663
TR-035692,2025-08-13,august,Dry Van,291.2,730.02,704.5277621260066,715.7125190704144,710.1201405982105,19.899859401789513
TR-035693,2025-08-13,august,Reefer,742.0,1794.44,1719.1060456643283,1674.7865775803075,1696.9463116223178,97.49368837768225
TR-035694,2025-08-13,august,Reefer,2529.6,4860.05,5076.268806354198,5021.03072164142,5048.64976399781,188.59976399780953
TR-035695,2025-08-13,august,Dry Van,1040.0,2245.67,2164.805864038017,2151.2579772385443,2158.0319206382806,87.63807936171952
TR-035696,2025-08-13,august,Dry Van,991.6,2018.63,2062.27280503071,1994.9779625946633,2028.6253838126868,9.995383812686669
TR-035697,2025-08-13,august,Reefer,860.5,2023.64,1964.8679830265999,1947.0245944351364,1955.9462887308682,67.69371126913188
TR-035698,2025-08-13,august,Reefer,731.3,1626.46,1639.110187928468,1662.8327494679238,1650.9714686981958,24.511468698195813
TR-035699,2025-08-13,august,Dry Van,847.4,1626.49,1650.5553521729987,1619.7567650827423,1635.1560586278706,8.666058627870598
TR-035700,2025-08-13,august,Reefer,481.9,1178.32,1176.371634776565,1167.516707876154,1171.9441713263595,6.375828673640399
TR-035701,2025-08-13,august,Reefer,1367.7,3061.21,3078.8523757598014,3171.7197607320886,3125.286068245945,64.07606824594495
TR-035702,2025-08-13,august,Flatbed,761.3,1901.31,1887.7154986327039,1843.576603086491,1865.6460508595974,35.663949140402565
TR-035703,2025-08-14,august,Reefer,2367.8,4919.05,4883.010930513758,4930.94797578166,4906.979453147709,12.070546852291045
TR-035704,2025-08-14,august,Dry Van,239.3,555.29,546.1580079536567,568.9543522503905,557.5561801020235,2.2661801020235544
TR-035705,2025-08-14,august,Dry Van,1069.5,2184.73,2221.352430298742,2127.4888467022765,2174.420638500509,10.309361499490933
TR-035706,2025-08-14,august,Dry Van,1955.5,3680.0,3795.1819479278965,3660.3679977097427,3727.7749728188196,47.774972818819606
TR-035707,2025-08-14,august,Reefer,688.1,1646.85,1592.3505491546102,1590.8141886725343,1591.5823689135723,55.26763108642763
TR-035708,2025-08-14,august,Dry Van,2291.2,4275.68,4336.456982208513,4439.0474677864,4387.752224997457,112.07222499745694
TR-035709,2025-08-14,august,Dry Van,2069.8,3728.88,3841.182394097362,3795.4338064090243,3818.308100253193,89.42810025319295
TR-035710,2025-08-14,august,Dry Van,2340.1,4175.17,4219.469560341338,4233.286118647484,4226.377839494411,51.20783949441102
TR-035711,2025-08-14,august,Dry Van,687.2,1533.45,1492.2972549040626,1498.632535683476,1495.4648952937691,37.98510470623091
TR-035712,2025-08-14,august,Flatbed,1855.9,3932.57,3880.032808358741,3933.88828279844,3906.9605455785904,25.609454421409737
TR-035713,2025-08-14,august,Reefer,445.6,1100.7,1077.3198605016755,1077.0270859695356,1077.1734732356056,23.526526764394475
TR-035714,2025-08-14,august,Flatbed,735.2,1710.79,1682.6425629292366,1705.3975693623638,1694.0200661458002,16.769933854199735
TR-035715,2025-08-14,august,Reefer,1724.5,3898.03,3814.495234067226,3735.6213340611575,3775.058284064192,122.97171593580833
TR-035716,2025-08-14,august,Dry Van,300.4,718.5,699.6812039161226,721.2385294062551,710.4598666611889,8.040133338811074
TR-035717,2025-08-14,august,Dry Van,1083.8,2188.02,2187.9344537752186,2293.10247324501,2240.518463510114,52.49846351011411
TR-035718,2025-08-14,august,Dry Van,456.3,1010.12,986.795550545683,978.688331763811,982.741941154747,27.37805884525301
TR-035719,2025-08-14,august,Reefer,651.7,1552.79,1514.707701479207,1459.691714235171,1487.199707857189,65.590292142811
TR-035720,2025-08-14,august,Dry Van,305.2,788.21,774.792034093969,787.7354149738503,781.2637245339097,6.946275466090356
TR-035721,2025-08-14,august,Dry Van,1760.3,3463.64,3526.0885809145116,3575.667071157355,3550.877826035933,87.23782603593327
TR-035722,2025-08-14,august,Flatbed,2037.4,4194.23,4208.258301418341,4113.384285564324,4160.821293491333,33.40870650866691
TR-035723,2025-08-14,august,Dry Van,2590.7,4851.23,4717.1503350878,4914.736604735185,4815.943469911493,35.28653008850688
TR-035724,2025-08-14,august,Flatbed,1221.2,2504.16,2603.381693678873,2589.1368856751724,2596.259289677023,92.09928967702308
TR-035725,2025-08-14,august,Reefer,1615.0,3550.99,3515.2437966923558,3581.0552178228118,3548.1495072575835,2.840492742416245
TR-035726,2025-08-14,august,Dry Van,446.4,996.66,978.8850645999405,954.8424940887667,966.8637793443536,29.79622065564638
TR-035727,2025-08-14,august,Dry Van,884.9,1763.78,1742.0311802051338,1796.5809393622865,1769.3060597837102,5.526059783710252
TR-035728,2025-08-14,august,Dry Van,1884.8,3821.38,3739.841650593242,3823.0437827373735,3781.4427166653077,39.93728333469244
TR-035729,2025-08-14,august,Dry Van,1699.0,3246.78,3366.629817317978,3391.752368566941,3379.1910929424594,132.41109294245916
TR-035730,2025-08-14,august,Flatbed,2995.5,5911.62,5382.240908992226,5944.819721220109,5663.530315106167,248.08968489383278
TR-035731,2025-08-14,august,Flatbed,378.8,1001.34,971.8133221479109,985.2190579401074,978.5161900440091,22.823809955990896
TR-035732,2025-08-14,august,Flatbed,2694.4,5292.71,5255.917137474542,5219.192654384426,5237.554895929484,55.155104070516245
TR-035733,2025-08-14,august,Reefer,977.8,2202.79,2242.1264518082608,2241.3575095000283,2241.7419806541448,38.95198065414479
TR-035734,2025-08-14,august,Dry Van,1307.0,2602.76,2471.612516874619,2595.51571706459,2533.5641169696046,69.19588303039563
TR-035735,2025-08-14,august,Dry Van,827.8,1704.91,1658.6908620963993,1706.062691525105,1682.3767768107523,22.533223189247792
TR-035736,2025-08-14,august,Flatbed,1171.2,2388.42,2303.8283753269543,2275.1352054707363,2289.481790398845,98.938209601155
TR-035737,2025-08-14,august,Reefer,2517.4,5332.67,5274.469551305666,5405.593935847321,5340.031743576494,7.361743576493609
TR-035738,2025-08-14,august,Dry Van,547.5,1160.03,1112.8377436085132,1146.2585853559776,1129.5481644822453,30.48183551775469
TR-035739,2025-08-14,august,Dry Van,739.6,1491.11,1473.3043475998072,1511.3467576615499,1492.3255526306784,1.2155526306785305
TR-035740,2025-08-14,august,Dry Van,764.4,1554.43,1564.0062516551932,1575.9060008937226,1569.9561262744578,15.526126274457738
TR-035741,2025-08-14,august,Reefer,1193.9,2773.45,2679.321664342219,2716.0947667262667,2697.7082155342428,75.74178446575706
TR-035742,2025-08-14,august,Dry Van,2695.0,4762.65,4910.14807813369,4890.83236585462,4900.490221994155,137.8402219941554
TR-035743,2025-08-14,august,Flatbed,1757.9,3702.16,3338.002959392936,3543.8417673547447,3440.92236337384,261.23763662615966
TR-035744,2025-08-14,august,Dry Van,3121.5,5680.52,5650.257699165928,5597.335988129233,5623.79684364758,56.72315635242012
TR-035745,2025-08-14,august,Dry Van,277.1,694.63,677.1952485374309,751.7775012619313,714.4863748996811,19.8563748996811
TR-035746,2025-08-14,august,Flatbed,658.7,1427.92,1418.8269933721788,1393.8462238269763,1406.3366085995776,21.583391400422443
TR-035747,2025-08-14,august,Reefer,422.6,1083.82,1049.0647434092766,1065.7220318668087,1057.3933876380427,26.426612361957268
TR-035748,2025-08-14,august,Dry Van,1227.4,2419.34,2458.9819530450236,2460.9521256702515,2459.9670393576375,40.627039357637386
TR-035749,2025-08-14,august,Dry Van,402.0,955.18,916.9428186878763,898.1807134819157,907.561766084896,47.61823391510393
TR-035750,2025-08-14,august,Dry Van,602.8,1277.52,1238.5401108332298,1260.6502523936133,1249.5951816134216,27.92481838657841
TR-035751,2025-08-14,august,Dry Van,2539.1,4740.74,4667.430425356936,4796.883878892363,4732.15715212465,8.582847875350126
TR-035752,2025-08-14,august,Dry Van,309.6,716.74,702.1770512930265,750.4996831025671,726.3383671977967,9.598367197796733
TR-035753,2025-08-14,august,Dry Van,1493.7,2838.44,2812.43878501917,2887.6485156909334,2850.043650355052,11.603650355051741
TR-035754,2025-08-14,august,Dry Van,1990.9,3893.12,3873.5979565988,3978.9378759517504,3926.267916275275,33.14791627527529
TR-035755,2025-08-14,august,Flatbed,678.6,1567.72,1528.4664078290161,1472.6251071809565,1500.5457575049863,67.17424249501369
TR-035756,2025-08-14,august,Dry Van,396.6,886.12,874.4232702971843,887.0682715145238,880.745770905854,5.374229094146017
TR-035757,2025-08-14,august,Dry Van,2719.6,5010.88,4968.111423410748,5108.7539567495305,5038.432690080139,27.552690080138746
TR-035758,2025-08-14,august,Dry Van,120.4,321.79,320.3029500436753,333.83709263990295,327.07002134178913,5.280021341789109
TR-035759,2025-08-14,august,Dry Van,671.5,1432.89,1440.8538902092375,1424.8694653068662,1432.8616777580519,0.028322241948217197
TR-035760,2025-08-14,august,Flatbed,97.8,324.08,306.3928830925935,406.30461574008336,356.3487494163384,32.26874941633844
TR-035761,2025-08-14,august,Dry Van,192.7,510.01,500.51267345128895,526.7663706976602,513.6395220744746,3.6295220744746075
TR-035762,2025-08-14,august,Reefer,908.6,2136.98,2081.971882886606,2123.15460765527,2102.563245270938,34.41675472906218
TR-035763,2025-08-14,august,Flatbed,1286.6,2835.46,2899.9393987407448,2815.4503104703417,2857.6948546055432,22.234854605543205
TR-035764,2025-08-14,august,Dry Van,1496.5,3036.26,2999.107698528484,2963.585576549155,2981.34663753882,54.91336246118044
TR-035765,2025-08-14,august,Dry Van,374.5,845.61,812.4721732481509,822.235871712888,817.3540224805195,28.255977519480552
TR-035766,2025-08-14,august,Dry Van,2464.6,4715.34,4727.860574244647,4774.437750797713,4751.14916252118,35.80916252118004
TR-035767,2025-08-14,august,Flatbed,2144.5,4324.68,4355.434360876788,4350.344383512003,4352.889372194395,28.209372194394746
TR-035768,2025-08-14,august,Reefer,1402.0,3107.7,3169.846894846857,3141.6128346309483,3155.7298647389025,48.02986473890269
TR-035769,2025-08-14,august,Reefer,2757.8,5420.15,5540.57681030341,5782.08088829191,5661.32884929766,241.17884929766024
TR-035770,2025-08-14,august,Reefer,269.6,754.24,719.4907354249779,774.0239666499499,746.7573510374639,7.482648962536132
TR-035771,2025-08-14,august,Dry Van,618.7,1381.84,1413.154795497184,1408.8989271933697,1411.0268613452768,29.18686134527684
TR-035772,2025-08-14,august,Reefer,1192.6,2820.29,2748.923131455571,2812.4243241609315,2780.673727808251,39.616272191748976
TR-035773,2025-08-14,august,Dry Van,973.0,2002.2,2017.836858538776,1993.2531957635667,2005.5450271511713,3.34502715117128
TR-035774,2025-08-14,august,Dry Van,1651.7,3069.57,3133.8456928706605,3089.1531930407964,3111.4994429557282,41.929442955728064
TR-035775,2025-08-14,august,Dry Van,2562.1,4823.97,4646.82135929598,4591.712394295724,4619.266876795852,204.70312320414814
TR-035776,2025-08-14,august,Flatbed,1445.1,3029.65,3131.1069391205915,3055.033077725401,3093.0700084229966,63.42000842299649
TR-035777,2025-08-14,august,Flatbed,576.2,1431.15,1396.8942841640155,1391.2500056336626,1394.072144898839,37.07785510116105
TR-035778,2025-08-14,august,Reefer,557.0,1410.33,1375.3455467962674,1395.076835142447,1385.2111909693572,25.11880903064275
TR-035779,2025-08-14,august,Reefer,517.5,1280.36,1223.3566736062098,1212.8265337420391,1218.0916036741246,62.2683963258753
TR-035780,2025-08-14,august,Dry Van,2086.9,4034.06,3943.421168626662,3969.524536229104,3956.472852427883,77.58714757211692
TR-035781,2025-08-14,august,Flatbed,743.1,1682.41,1666.9843336919382,1623.657932064475,1645.3211328782068,37.08886712179333
TR-035782,2025-08-14,august,Dry Van,312.1,722.88,720.8217408133922,733.9901165186836,727.4059286660379,4.525928666037885
TR-035783,2025-08-14,august,Dry Van,195.8,556.01,546.1216284404397,597.1121393204926,571.6168838804662,15.606883880466171
TR-035784,2025-08-14,august,Dry Van,648.9,1361.82,1441.5566300267806,1385.44362694395,1413.5001284853652,51.68012848536523
TR-035785,2025-08-14,august,Dry Van,446.6,890.14,937.6378623386306,947.1070433208624,942.3724528297465,52.232452829746535
TR-035786,2025-08-14,august,Dry Van,549.7,1181.54,1161.9117648435988,1191.02047256511,1176.4661187043544,5.073881295645606
TR-035787,2025-08-14,august,Dry Van,3165.8,5714.96,5804.4628528110115,5851.723373090309,5828.093112950661,113.13311295066069
TR-035788,2025-08-14,august,Dry Van,1199.9,2424.97,2290.854417444297,2467.084568383268,2378.9694929137822,46.00050708621757
TR-035789,2025-08-14,august,Dry Van,1062.5,2189.04,2215.165292959283,2194.793687516112,2204.9794902376975,15.939490237697555
TR-035790,2025-08-14,august,Dry Van,1403.4,2733.22,2763.2201115097114,2739.180995091559,2751.200553300635,17.980553300635165
TR-035791,2025-08-14,august,Reefer,1410.5,3046.33,3080.5866703608663,3014.268050823257,3047.4273605920616,1.0973605920617047
TR-035792,2025-08-14,august,Dry Van,888.6,1858.94,1865.3227672977948,1899.1628579341857,1882.2428126159903,23.302812615990206
TR-035793,2025-08-14,august,Dry Van,756.0,1609.89,1557.119588786766,1549.0490728076757,1553.084330797221,56.8056692027792
TR-035794,2025-08-14,august,Dry Van,1385.9,2743.14,2573.064118461984,2756.106642675999,2664.5853805689912,78.55461943100863
TR-035795,2025-08-14,august,Dry Van,2465.2,4403.55,4569.002919949895,4489.908978041913,4529.455948995904,125.9059489959036
TR-035796,2025-08-14,august,Dry Van,589.0,1348.0,1380.5303277303888,1335.9483759917994,1358.239351861094,10.239351861094065
TR-035797,2025-08-14,august,Flatbed,459.0,1102.47,1097.9866326629021,1092.1502744177392,1095.0684535403207,7.401546459679366
TR-035798,2025-08-14,august,Reefer,1659.3,3548.54,3662.6883449631155,3613.0405046679175,3637.8644248155165,89.32442481551652
TR-035799,2025-08-14,august,Dry Van,1899.8,3705.12,3602.337997274596,3629.0284646204127,3615.6832309475044,89.43676905249549
TR-035800,2025-08-14,august,Dry Van,656.6,1330.98,1326.1012185209045,1313.783511452922,1319.9423649869132,11.037635013086856
TR-035801,2025-08-14,august,Dry Van,1374.5,2557.91,2275.4615155787474,2595.8531101925987,2435.657312885673,122.25268711432682
TR-035802,2025-08-14,august,Flatbed,319.8,871.65,823.34464292906,886.4401433481123,854.8923931385862,16.75760686141382
TR-035803,2025-08-14,august,Dry Van,633.7,1448.35,1400.0869752731476,1420.6638437806541,1410.375409526901,37.97459047309894
TR-035804,2025-08-14,august,Reefer,347.2,912.97,896.4463896636782,912.7266714560847,904.5865305598815,8.383469440118574
TR-035805,2025-08-14,august,Reefer,1996.8,4201.17,4087.6856513363095,4241.619036584213,4164.6523439602615,36.51765603973854
TR-035806,2025-08-14,august,Dry Van,1726.1,3416.73,3341.1936623596216,3332.7608656769826,3336.977264018302,79.75273598169815
TR-035807,2025-08-14,august,Flatbed,1284.6,2708.64,2840.968170972339,2776.727805562812,2808.8479882675756,100.20798826757573
TR-035808,2025-08-14,august,Dry Van,397.6,930.25,883.6840999332054,927.2989964193248,905.491548176265,24.75845182373496
TR-035809,2025-08-14,august,Dry Van,658.4,1339.32,1325.618430910426,1333.2706014958487,1329.4445162031375,9.875483796862454
TR-035810,2025-08-14,august,Dry Van,1119.9,2294.66,2309.330262635421,2181.304807700242,2245.3175351678315,49.34246483216839
TR-035811,2025-08-14,august,Dry Van,2861.5,5034.02,5154.648038923604,5342.053117448686,5248.350578186145,214.33057818614452
TR-035812,2025-08-14,august,Dry Van,1703.6,3268.75,3218.4626852424335,3184.640436388223,3201.5515608153282,67.19843918467177
TR-035813,2025-08-14,august,Dry Van,1986.1,3779.93,3815.6956881328606,3770.3051036361885,3793.0003958845246,13.070395884524714
TR-035814,2025-08-14,august,Flatbed,910.4,2094.06,2054.0451527648715,2017.070980743224,2035.5580667540478,58.50193324595216
TR-035815,2025-08-14,august,Dry Van,562.3,1271.47,1244.6488913560033,1253.4169788326212,1249.0329350943123,22.43706490568775
TR-035816,2025-08-14,august,Dry Van,1250.2,2414.56,2434.918898502175,2401.336306839931,2418.127602671053,3.5676026710530095
TR-035817,2025-08-14,august,Dry Van,1525.0,3129.28,3160.62715083116,3123.2144947226325,3141.9208227768963,12.64082277689613
TR-035818,2025-08-14,august,Dry Van,696.6,1487.91,1679.005614542209,1535.9824849239742,1607.4940497330917,119.58404973309166
TR-035819,2025-08-14,august,Dry Van,2749.4,5102.64,5133.495859682028,5202.305602777781,5167.9007312299045,65.2607312299042
TR-035820,2025-08-14,august,Dry Van,311.8,726.95,730.4671781313149,756.4330704725171,743.450124301916,16.500124301916003
TR-035821,2025-08-14,august,Dry Van,2802.4,5004.21,4971.945058568393,4976.464054476071,4974.204556522232,30.005443477767585
TR-035822,2025-08-14,august,Dry Van,422.1,890.84,868.0424497520801,898.5729277710846,883.3076887615823,7.532311238417719
TR-035823,2025-08-14,august,Dry Van,3019.0,5441.3,5604.202451452518,5609.065164692367,5606.633808072443,165.33380807244248
TR-035824,2025-08-14,august,Dry Van,201.9,542.38,535.861734363376,591.7009843829549,563.7813593731654,21.401359373165405
TR-035825,2025-08-14,august,Dry Van,1396.2,2715.78,2806.2369012873305,2722.7811748954446,2764.5090380913875,48.72903809138734
TR-035826,2025-08-14,august,Dry Van,1106.8,2147.75,2213.0660745290884,2163.373325960453,2188.2197002447706,40.46970024477059
TR-035827,2025-08-14,august,Dry Van,2122.6,3812.05,4086.147733446094,4014.161717630678,4050.154725538386,238.104725538386
TR-035828,2025-08-14,august,Dry Van,837.3,1783.53,1743.2105245953528,1771.5440569346815,1757.3772907650173,26.152709234982694
TR-035829,2025-08-14,august,Dry Van,247.7,600.73,587.0987601665169,640.7980106168625,613.9483853916897,13.218385391689708
TR-035830,2025-08-14,august,Reefer,70.0,212.76,210.58809110273555,352.27757110471657,281.4328311037261,68.67283110372608
TR-035831,2025-08-14,august,Dry Van,746.5,1526.07,1504.3022380860457,1565.2475429261667,1534.7748905061062,8.704890506106267
TR-035832,2025-08-14,august,Reefer,965.6,2091.82,2122.899578953808,2137.5962546842256,2130.2479168190166,38.427916819016446
TR-035833,2025-08-14,august,Dry Van,218.2,563.43,546.8620590640934,608.5784769691425,577.7202680166179,14.290268016617915
TR-035834,2025-08-14,august,Reefer,1384.6,11797.79,3139.9785146121967,3163.390817832145,3151.6846662221706,8646.10533377783
TR-035835,2025-08-14,august,Dry Van,349.3,828.81,832.8059810440903,875.6457221276889,854.2258515858896,25.41585158588964
TR-035836,2025-08-14,august,Flatbed,980.5,2201.48,2214.7311765880604,2237.9037417181394,2226.3174591530997,24.837459153099644
TR-035837,2025-08-14,august,Dry Van,291.1,732.97,723.2849345990874,752.7884927786408,738.0367136888641,5.06671368886407
TR-035838,2025-08-14,august,Dry Van,457.5,986.09,981.8214476692605,948.3170163703605,965.0692320198104,21.02076798018959
TR-035839,2025-08-14,august,Dry Van,347.7,829.25,792.6320189600104,799.1840744791987,795.9080467196045,33.3419532803955
TR-035840,2025-08-14,august,Dry Van,1142.6,2398.11,2350.705441795098,2387.9872488174897,2369.346345306294,28.76365469370603
TR-035841,2025-08-14,august,Reefer,376.5,1022.33,975.8601438234394,1016.8516719176104,996.3559078705249,25.97409212947514
TR-035842,2025-08-14,august,Dry Van,1475.2,2957.43,3008.9028897115527,3029.158740389605,3019.030815050579,61.60081505057906
TR-035843,2025-08-14,august,Reefer,1939.2,4173.83,4062.6180423579717,4246.430603840974,4154.524323099473,19.305676900527033
TR-035844,2025-08-14,august,Reefer,121.5,375.17,359.5222285179306,415.94583526918154,387.7340318935561,12.564031893556091
TR-035845,2025-08-14,august,Dry Van,991.7,2063.37,2043.8981383926134,2001.4324222115974,2022.6652803021054,40.70471969789446
TR-035846,2025-08-14,august,Dry Van,1084.8,2337.41,2296.873450208609,2285.211327612324,2291.042388910467,46.36761108953306
TR-035847,2025-08-14,august,Reefer,1199.3,2554.62,2595.053612928021,2656.5586458683074,2625.806129398164,71.18612939816421
TR-035848,2025-08-14,august,Dry Van,479.9,1079.31,1041.938455415883,1050.476686799272,1046.2075711075777,33.10242889242227
TR-035849,2025-08-14,august,Reefer,1195.1,2760.37,2742.855215024286,2816.7163793616933,2779.78579719299,19.415797192989885
TR-035850,2025-08-14,august,Dry Van,1751.0,3329.1,3248.691930352159,3295.0806501943985,3271.886290273279,57.213709726720936
TR-035851,2025-08-14,august,Reefer,388.4,955.7,949.8723790931552,954.3712431193026,952.121811106229,3.5781888937710846
TR-035852,2025-08-14,august,Flatbed,2049.2,4087.87,4183.276525057062,4213.341215250264,4198.3088701536635,110.43887015366363
TR-035853,2025-08-14,august,Reefer,798.8,2007.27,1908.53405667851,1941.209694327454,1924.871875502982,82.39812449701799
TR-035854,2025-08-14,august,Reefer,1743.4,3863.93,3838.3662027702753,3905.2923406403406,3871.829271705308,7.899271705308365
TR-035855,2025-08-14,august,Reefer,338.7,878.84,879.0940412270712,901.6402742426337,890.3671577348525,11.527157734852494
TR-035856,2025-08-14,august,Dry Van,736.4,1520.44,1467.2216767602117,1473.981207739817,1470.6014422500143,49.83855774998574
TR-035857,2025-08-14,august,Flatbed,1791.1,3824.57,3776.3574320101256,3780.8161449657946,3778.58678848796,45.98321151204027
TR-035858,2025-08-14,august,Flatbed,1275.6,2660.65,2690.970136064549,2667.3643143106974,2679.1672251876234,18.517225187623353
TR-035859,2025-08-14,august,Dry Van,1724.3,3488.59,3432.1051120842044,3424.7476431560235,3428.426377620114,60.163622379885965
TR-035860,2025-08-14,august,Reefer,406.6,1038.35,1044.6396855079797,1036.8220180310504,1040.730851769515,2.380851769515175
TR-035861,2025-08-15,august,Reefer,1227.7,2545.38,2670.163526610632,2605.716969103432,2637.940247857032,92.56024785703175
TR-035862,2025-08-15,august,Dry Van,863.8,1744.99,1743.2693293363495,1771.9235564353655,1757.5964428858574,12.606442885857405
TR-035863,2025-08-15,august,Dry Van,1473.8,2886.57,2903.8706404335458,2923.973320233191,2913.921980333368,27.35198033336792
TR-035864,2025-08-15,august,Dry Van,1197.7,2209.86,2399.107362548629,2405.214043389516,2402.1607029690726,192.30070296907252
TR-035865,2025-08-15,august,Dry Van,1065.5,2139.65,2119.665062866373,2070.8055265976473,2095.23529473201,44.41470526799003
TR-035866,2025-08-15,august,Reefer,1124.2,2580.47,2594.9324138690235,2492.547351318931,2543.739882593977,36.7301174060226
TR-035867,2025-08-15,august,Dry Van,1002.8,2051.54,2051.3122203170024,2052.0158205995367,2051.6640204582695,0.12402045826956964
TR-035868,2025-08-15,august,Flatbed,177.4,530.93,506.63127083662835,543.5991088227736,525.115189829701,5.814810170298983
TR-035869,2025-08-15,august,Flatbed,2523.9,4934.24,4998.120418411896,5052.42292058171,5025.271669496803,91.03166949680326
TR-035870,2025-08-15,august,Reefer,648.5,1522.56,1498.4964648606858,1459.8305209608634,1479.1634929107745,43.39650708922545
TR-035871,2025-08-15,august,Dry Van,350.0,843.95,821.2006992907927,887.3573216345085,854.2790104626506,10.329010462650558
TR-035872,2025-08-15,august,Dry Van,635.4,1401.96,1333.582367011788,1344.7648149031274,1339.1735909574577,62.786409042542346
TR-035873,2025-08-15,august,Dry Van,706.8,1423.89,1390.4665834182122,1428.2367943523354,1409.3516888852737,14.538311114726412
TR-035874,2025-08-15,august,Reefer,1983.9,4172.95,4167.625213210179,4211.300868188637,4189.463040699407,16.51304069940761
TR-035875,2025-08-15,august,Flatbed,1055.5,2285.21,2303.791600484873,2230.659152993347,2267.2253767391103,17.984623260889748
TR-035876,2025-08-15,august,Dry Van,1228.7,2529.79,2608.128094043829,2571.0465529181834,2589.587323481006,59.79732348100606
TR-035877,2025-08-15,august,Dry Van,1189.9,2425.46,2390.0329727096328,2470.106644536421,2430.069808623027,4.609808623026765
TR-035878,2025-08-15,august,Dry Van,302.4,728.58,734.1529437375987,763.7064577542769,748.9297007459378,20.349700745937753
TR-035879,2025-08-15,august,Dry Van,1442.3,2640.59,2776.4590941775955,2738.7527450138177,2757.605919595707,117.01591959570669
TR-035880,2025-08-15,august,Dry Van,858.2,1688.52,1701.4734009606373,1716.276772538692,1708.8750867496647,20.35508674966468
TR-035881,2025-08-15,august,Dry Van,1563.7,3163.17,3160.08544537596,3081.5898464804745,3120.837645928217,42.3323540717829
TR-035882,2025-08-15,august,Flatbed,2080.7,4166.5,4198.430455612736,4152.399849486395,4175.415152549565,8.915152549565391
TR-035883,2025-08-15,august,Dry Van,468.1,1133.46,1105.972201006783,1147.8194707549635,1126.8958358808732,6.564164119126872
TR-035884,2025-08-15,august,Dry Van,2087.0,3905.16,3817.1492166340527,3905.4787360858745,3861.313976359964,43.84602364003604
TR-035885,2025-08-15,august,Dry Van,401.8,956.31,912.12036214631,940.7347836364647,926.4275728913874,29.882427108612546
TR-035886,2025-08-15,august,Dry Van,312.5,785.61,768.9712356254395,811.9834623990741,790.4773490122568,4.8673490122567955
TR-035887,2025-08-15,august,Dry Van,423.0,979.97,987.7232858965657,976.6504318644077,982.1868588804866,2.2168588804865976
TR-035888,2025-08-15,august,Reefer,1909.3,4185.15,4084.2337297026256,4122.693266118771,4103.463497910699,81.68650208930103
TR-035889,2025-08-15,august,Flatbed,2104.4,4475.11,4429.333568995727,4315.487333702256,4372.410451348991,102.69954865100863
TR-035890,2025-08-15,august,Flatbed,899.2,2052.77,2045.0315823494416,2033.0376051665298,2039.0345937579857,13.735406242014278
TR-035891,2025-08-15,august,Dry Van,1520.0,2969.82,3103.0815901750284,3037.430535927916,3070.256063051472,100.43606305147205
TR-035892,2025-08-15,august,Flatbed,1084.6,2406.46,2477.291261031889,2360.5090667760187,2418.900163903954,12.440163903953817
TR-035893,2025-08-15,august,Dry Van,2019.9,3706.18,3807.9702962433025,3844.071459687493,3826.0208779653976,119.8408779653978
TR-035894,2025-08-15,august,Reefer,1288.7,2966.94,2656.57254341777,2844.0512757385336,2750.3119095781517,216.62809042184836
TR-035895,2025-08-15,august,Flatbed,908.6,1889.77,1928.5131981508812,1943.409896669044,1935.9615474099626,46.191547409962595
TR-035896,2025-08-15,august,Flatbed,492.5,1218.39,1198.7612987266193,1196.3251657138474,1197.5432322202332,20.84676777976688
TR-035897,2025-08-15,august,Dry Van,1983.1,3733.14,3632.6211043811722,3634.149760520826,3633.3854324509994,99.75456754900051
TR-035898,2025-08-15,august,Flatbed,1019.3,2341.55,2357.591928849317,2318.0103909890086,2337.8011599191627,3.7488400808374536
TR-035899,2025-08-15,august,Flatbed,1214.2,2601.85,2591.254550788989,2644.138971608013,2617.696761198501,15.846761198501099
TR-035900,2025-08-15,august,Dry Van,1836.6,3464.46,3420.1514716331117,3503.2473252552613,3461.6993984441865,2.760601555813537
TR-035901,2025-08-15,august,Flatbed,264.6,647.94,621.9504000106269,680.1801952452035,651.0652976279152,3.125297627915188
TR-035902,2025-08-15,august,Dry Van,437.4,1031.84,1026.1486746475239,1032.1710637954584,1029.1598692214911,2.680130778508783
TR-035903,2025-08-15,august,Dry Van,1616.9,3083.86,3164.992822273152,3101.3095437915326,3133.1511830323425,49.29118303234236
TR-035904,2025-08-15,august,Reefer,129.4,404.73,359.4598171389621,504.40144596372284,431.93063155134246,27.20063155134244
TR-035905,2025-08-15,august,Dry Van,1082.9,8904.72,2184.012060883935,2195.673249318215,2189.8426551010753,6714.877344898924
TR-035906,2025-08-15,august,Reefer,663.4,1588.68,1579.6951411201508,1568.4993722897393,1574.097256704945,14.582743295055025
TR-035907,2025-08-15,august,Dry Van,2057.5,3962.92,4034.4350259723933,3879.790844952272,3957.1129354623326,5.807064537667429
TR-035908,2025-08-15,august,Dry Van,3141.2,5807.63,5812.24825599471,5966.133798641087,5889.191027317898,81.56102731789815
TR-035909,2025-08-15,august,Dry Van,834.3,1767.45,1716.2315295126366,1757.692203474301,1736.9618664934687,30.488133506531312
TR-035910,2025-08-15,august,Dry Van,542.3,1221.98,1165.2321727146837,1215.9902336931377,1190.6112032039107,31.368796796089327
TR-035911,2025-08-15,august,Flatbed,1098.4,2330.98,2352.041605678347,2301.7394700656005,2326.8905378719737,4.089462128026298
TR-035912,2025-08-15,august,Flatbed,2184.6,4384.86,4423.413557311032,4486.858907162188,4455.136232236609,70.27623223660976
TR-035913,2025-08-15,august,Dry Van,1049.2,2050.76,2054.6713782882302,2060.3134902736087,2057.4924342809195,6.7324342809192785
TR-035914,2025-08-15,august,Dry Van,461.8,1032.82,1022.9668800636867,1009.364606693332,1016.1657433785094,16.654256621490504
TR-035915,2025-08-15,august,Reefer,1504.0,3462.97,3368.53909978706,3463.4520579188766,3415.9955788529683,46.974421147031535
TR-035916,2025-08-15,august,Dry Van,1003.0,1897.9,1986.2402318867394,1976.2258114346423,1981.2330216606908,83.33302166069075
TR-035917,2025-08-15,august,Dry Van,1562.9,3018.47,3085.351135742748,3006.7337386451563,3046.042437193952,27.572437193952283
TR-035918,2025-08-15,august,Reefer,2340.4,4738.76,4719.293501402756,4894.00836875116,4806.6509350769575,67.89093507695725
TR-035919,2025-08-15,august,Dry Van,736.6,1606.85,1603.3787676348957,1624.4859621508742,1613.9323648928848,7.082364892884925
TR-035920,2025-08-15,august,Reefer,152.5,430.98,416.77162073571327,509.6719366161399,463.22177867592654,32.241778675926525
TR-035921,2025-08-15,august,Dry Van,3005.8,5297.2,5488.754021675484,5518.017989469308,5503.386005572396,206.18600557239643
TR-035922,2025-08-15,august,Dry Van,2179.6,3993.33,4117.746119353957,4173.238434365452,4145.492276859704,152.16227685970443
TR-035923,2025-08-15,august,Dry Van,977.5,2143.25,2104.0112662392517,2080.2675325966607,2092.139399417956,51.110600582043844
TR-035924,2025-08-15,august,Reefer,1113.9,2434.72,2384.401486846244,2443.9516375709572,2414.1765622086004,20.543437791399356
TR-035925,2025-08-15,august,Dry Van,2088.4,3644.74,3945.340791955337,3802.1314182020733,3873.736105078705,228.9961050787051
TR-035926,2025-08-15,august,Flatbed,143.5,415.29,369.20117424314753,447.79487397127673,408.49802410721213,6.791975892787889
TR-035927,2025-08-15,august,Reefer,1133.1,2613.88,2526.7104979396286,2541.4630104441267,2534.086754191878,79.79324580812226
TR-035928,2025-08-15,august,Reefer,550.2,1284.33,1241.4716612803354,1244.7248517821527,1243.098256531244,41.231743468755894
TR-035929,2025-08-15,august,Reefer,512.4,1435.28,1267.4142564885892,1293.3756438477699,1280.3949501681795,154.88504983182042
TR-035930,2025-08-15,august,Reefer,904.8,2208.18,2041.3329816935768,2035.0109422813287,2038.1719619874527,170.0080380125471
TR-035931,2025-08-15,august,Dry Van,392.7,826.49,839.1986479661776,830.6319808725145,834.915314419346,8.425314419346023
TR-035932,2025-08-15,august,Reefer,894.6,1963.65,2012.1791025130226,1981.4998776987643,1996.8394901058934,33.189490105893356
TR-035933,2025-08-15,august,Reefer,374.4,960.97,974.304270335686,966.7526680019323,970.5284691688091,9.558469168809097
TR-035934,2025-08-15,august,Reefer,1969.4,4252.53,4145.033317323892,4172.705907285952,4158.869612304922,93.66038769507759
TR-035935,2025-08-15,august,Flatbed,2237.0,4544.84,4562.23764476972,4554.584363641101,4558.411004205411,13.571004205410645
TR-035936,2025-08-15,august,Reefer,2139.2,4500.1,4464.478894954941,4371.1380102620515,4417.808452608497,82.29154739150363
TR-035937,2025-08-15,august,Reefer,833.5,1981.29,1874.3144605562668,1892.1260313492423,1883.2202459527546,98.0697540472454
TR-035938,2025-08-15,august,Reefer,941.9,2134.19,2049.031243843241,2062.6064576800013,2055.8188507616214,78.37114923837862
TR-035939,2025-08-15,august,Flatbed,1118.7,2458.41,2489.4786948962405,2310.8087226062676,2400.143708751254,58.2662912487458
TR-035940,2025-08-15,august,Reefer,553.0,1343.79,1354.8838704210254,1307.6819639597645,1331.282917190395,12.50708280960498
TR-035941,2025-08-15,august,Reefer,318.6,847.08,804.8904060421314,881.9446899832083,843.4175480126698,3.6624519873302006
TR-035942,2025-08-15,august,Dry Van,220.8,547.39,563.736993786753,544.6993805250777,554.2181871559153,6.828187155915316
TR-035943,2025-08-15,august,Dry Van,1125.0,2263.78,2303.0643795824362,2287.5821101172955,2295.3232448498657,31.54324484986546
TR-035944,2025-08-15,august,Dry Van,411.2,955.67,976.7347018294236,950.7013860542547,963.7180439418391,8.048043941839182
TR-035945,2025-08-15,august,Flatbed,1056.5,2327.04,2285.2209578811585,2299.4571154525165,2292.3390366668373,34.70096333316269
TR-035946,2025-08-15,august,Reefer,530.3,1323.9,1249.5923505755727,1285.8156383106948,1267.7039944431338,56.19600555686634
TR-035947,2025-08-15,august,Reefer,1689.4,3483.19,3483.2106411842774,3565.3269998602836,3524.2688205222803,41.07882052228024
TR-035948,2025-08-15,august,Dry Van,228.4,558.53,540.9533086768218,552.3629636798612,546.6581361783415,11.871863821658508
TR-035949,2025-08-15,august,Dry Van,2349.8,4258.9,4313.497297470914,4480.267949064575,4396.882623267745,137.9826232677451
TR-035950,2025-08-15,august,Dry Van,323.1,729.3,722.1369515288509,718.4338730123302,720.2854122705905,9.014587729409413
TR-035951,2025-08-15,august,Dry Van,1930.4,3582.04,3598.981696374689,3554.5608469431027,3576.771271658896,5.268728341104179
TR-035952,2025-08-15,august,Flatbed,1946.5,3963.21,4023.863034126433,3991.833907285257,4007.848470705845,44.638470705845066
TR-035953,2025-08-15,august,Dry Van,675.6,1347.91,1428.0911948736962,1409.9276980117133,1419.0094464427048,71.09944644270468
TR-035954,2025-08-15,august,Dry Van,256.1,642.3,627.9476648108712,662.5203026788549,645.233983744863,2.9339837448630988
TR-035955,2025-08-15,august,Dry Van,1173.6,2378.79,2165.3266025731537,2101.429486271381,2133.3780444222675,245.41195557773244
TR-035956,2025-08-15,august,Dry Van,918.9,1774.56,1871.991540557899,1810.3012892734162,1841.1464149156577,66.58641491565777
TR-035957,2025-08-15,august,Dry Van,1046.6,2099.76,2099.5480488533854,2107.7726160218585,2103.660332437622,3.900332437621728
TR-035958,2025-08-15,august,Reefer,610.3,1405.83,1376.8280856443112,1330.1256183707483,1353.4768520075297,52.35314799247021
TR-035959,2025-08-15,august,Reefer,1279.8,2874.57,2981.4392696053405,2904.6595169724783,2943.0493932889094,68.47939328890925
TR-035960,2025-08-15,august,Flatbed,1947.0,3919.74,4040.8269200196382,4023.8719217809203,4032.3494209002793,112.60942090027947
TR-035961,2025-08-15,august,Reefer,1036.8,2446.78,2482.4141678030396,2420.896021542732,2451.6550946728858,4.875094672885552
TR-035962,2025-08-15,august,Reefer,1374.2,3035.7,3110.183494558284,3081.8559868663415,3096.019740712313,60.31974071231298
TR-035963,2025-08-15,august,Dry Van,413.3,1043.9,1000.9610299778888,1017.298476912554,1009.1297534452214,34.77024655477874
TR-035964,2025-08-15,august,Dry Van,558.6,1304.06,1269.538605016003,1312.7768524154358,1291.1577287157193,12.902271284280687
TR-035965,2025-08-15,august,Flatbed,693.7,1574.52,1551.9937392134004,1568.389898552222,1560.1918188828113,14.328181117188706
TR-035966,2025-08-15,august,Reefer,339.9,894.25,875.1095395185359,920.318448379634,897.713993949085,3.4639939490849656
TR-035967,2025-08-15,august,Flatbed,667.7,1519.04,1497.2805317302464,1488.8505174360193,1493.0655245831329,25.974475416867108
TR-035968,2025-08-15,august,Dry Van,2574.2,4775.95,4707.7728234825845,4922.787729851335,4815.280276666959,39.330276666959435
TR-035969,2025-08-15,august,Dry Van,895.9,1940.71,2047.887032098238,1966.6355518609926,2007.2612919796152,66.55129197961514
TR-035970,2025-08-15,august,Dry Van,317.7,719.5,688.5795467198517,690.6272320132825,689.6033893665672,29.89661063343283
TR-035971,2025-08-15,august,Dry Van,721.7,1409.26,1461.5782993030814,1419.0427092494047,1440.3105042762431,31.050504276243146
TR-035972,2025-08-15,august,Dry Van,2489.5,4423.32,4539.526319721556,4632.177159097591,4585.851739409574,162.53173940957458
TR-035973,2025-08-15,august,Dry Van,600.5,1223.41,1228.4456590886293,1220.272209474404,1224.3589342815167,0.9489342815165855
TR-035974,2025-08-15,august,Flatbed,1003.0,2142.57,2165.7653311438166,2144.728320096855,2155.2468256203356,12.676825620335421
TR-035975,2025-08-15,august,Dry Van,611.5,1261.45,1239.3445274247897,1217.2850575331936,1228.3147924789916,33.1352075210084
TR-035976,2025-08-15,august,Dry Van,1982.7,3769.56,3880.551229106501,3814.0165755098833,3847.2839023081924,77.72390230819246
TR-035977,2025-08-15,august,Flatbed,559.3,1276.29,1217.0763753460521,1250.128511302481,1233.6024433242665,42.687556675733504
TR-035978,2025-08-15,august,Reefer,1129.7,2431.97,2493.933854081608,2432.9426605031194,2463.4382572923637,31.468257292363887
TR-035979,2025-08-15,august,Flatbed,677.5,1638.07,1607.5783848247797,1559.750720018002,1583.664552421391,54.40544757860903
TR-035980,2025-08-15,august,Dry Van,436.5,397.3,1017.5556154691875,1025.767696430676,1021.6616559499319,624.3616559499319
TR-035981,2025-08-15,august,Reefer,2134.3,4547.38,4203.794753122889,4507.51938575046,4355.657069436675,191.72293056332546
TR-035982,2025-08-15,august,Dry Van,751.0,1636.97,1617.3114295596704,1627.9625830652203,1622.6370063124455,14.332993687554563
TR-035983,2025-08-15,august,Dry Van,403.7,899.24,900.7138886130037,898.0784799921626,899.3961843025832,0.1561843025831422
TR-035984,2025-08-15,august,Flatbed,1067.6,2295.78,2317.605682013827,2301.297557221037,2309.451619617432,13.671619617431588
TR-035985,2025-08-15,august,Reefer,823.6,1905.41,1865.5116304742135,1861.0821700021295,1863.2969002381715,42.11309976182861
TR-035986,2025-08-15,august,Dry Van,1006.1,2031.02,1970.1885439401872,2005.3507175489901,1987.7696307445885,43.25036925541144
TR-035987,2025-08-15,august,Dry Van,1540.9,3075.57,3102.268084685571,3088.676068888808,3095.4720767871895,19.902076787189344
TR-035988,2025-08-15,august,Dry Van,1162.4,2327.21,2405.6646170711033,2359.705621708046,2382.6851193895745,55.4751193895745
TR-035989,2025-08-15,august,Dry Van,1097.7,2264.87,2313.705251426428,2202.6269924846424,2258.1661219555353,6.703878044464545
TR-035990,2025-08-15,august,Dry Van,673.3,1498.65,1455.7395730406377,1468.237565292932,1461.9885691667848,36.66143083321526
TR-035991,2025-08-15,august,Reefer,1338.8,3099.76,3023.319208605542,3023.4556061591284,3023.3874073823354,76.37259261766485
TR-035992,2025-08-15,august,Dry Van,531.1,1159.62,1163.3953116640698,1176.1374059247476,1169.7663587944087,10.146358794408798
TR-035993,2025-08-15,august,Dry Van,367.9,835.48,839.9122370760059,869.1736289648577,854.5429330204317,19.06293302043173
TR-035994,2025-08-15,august,Reefer,1018.4,2295.09,2276.9440206331897,2282.101758689645,2279.522889661417,15.567110338583007
TR-035995,2025-08-15,august,Dry Van,648.8,1375.34,1368.6406051594927,1350.4369794607094,1359.5387923101011,15.801207689898774
TR-035996,2025-08-15,august,Reefer,150.4,402.54,396.8200575895728,479.2311285834048,438.0255930864888,35.48559308648879
TR-035997,2025-08-15,august,Reefer,441.0,1066.44,1063.0335178719229,1081.548646381711,1072.291082126817,5.851082126816891
TR-035998,2025-08-15,august,Dry Van,1290.7,2645.54,2613.0075189656545,2642.6544400165985,2627.8309794911265,17.709020508873436
TR-035999,2025-08-15,august,Dry Van,770.9,6767.41,1551.8804377776235,1580.4066064866079,1566.1435221321158,5201.2664778678845
TR-036000,2025-08-15,august,Flatbed,1186.7,2725.03,2653.420129889838,2739.785475091035,2696.6028024904363,28.42719750956394
TR-036001,2025-08-15,august,Dry Van,2327.3,4406.16,4352.93369810991,4424.38188502798,4388.657791568945,17.502208431054896
TR-036002,2025-08-15,august,Dry Van,1703.8,3229.29,3419.172030912051,3415.6236861591847,3417.397858535618,188.1078585356181
TR-036003,2025-08-15,august,Flatbed,1054.6,2232.61,2335.5545018725925,2274.868067448739,2305.211284660666,72.6012846606659
TR-036004,2025-08-15,august,Flatbed,296.2,778.77,792.4039039690026,770.8485355660118,781.6262197675072,2.856219767507241
TR-036005,2025-08-15,august,Reefer,1689.4,3800.77,3740.294682517855,3697.5093200715723,3718.902001294714,81.86799870528603
TR-036006,2025-08-15,august,Dry Van,2370.6,4450.0,4352.698704097189,4562.938603726465,4457.818653911827,7.818653911826914
TR-036007,2025-08-15,august,Dry Van,991.7,1955.24,1982.6990503325978,1964.9001042728094,1973.7995773027037,18.5595773027037
TR-036008,2025-08-15,august,Flatbed,1276.7,2730.46,2784.9538152303357,2732.9263823380197,2758.9400987841777,28.4800987841777
TR-036009,2025-08-15,august,Dry Van,2162.1,4283.87,4153.567858907755,4196.2363406758595,4174.902099791807,108.96790020819299
TR-036010,2025-08-15,august,Dry Van,2264.8,4004.42,4075.705118210427,4007.67978927039,4041.6924537404084,37.27245374040831
TR-036011,2025-08-15,august,Flatbed,394.2,1025.89,980.3909122659238,983.5377146900378,981.9643134779808,43.925686522019305
TR-036012,2025-08-15,august,Reefer,1063.9,2388.5,2350.021598536383,2349.126671384207,2349.574134960295,38.92586503970506
TR-036013,2025-08-15,august,Dry Van,1032.5,2127.74,2163.9900354971423,2141.4725481810146,2152.7312918390785,24.991291839078713
TR-036014,2025-08-15,august,Reefer,1100.9,2447.09,2510.038425069487,2419.1641977756653,2464.601311422576,17.511311422576
TR-036015,2025-08-15,august,Dry Van,1037.9,2026.52,2068.755108096278,2010.934736266179,2039.8449221812284,13.32492218122843
TR-036016,2025-08-15,august,Reefer,558.6,1434.56,1363.2541687626983,1346.7455624262589,1354.9998655944787,79.56013440552124
TR-036017,2025-08-15,august,Flatbed,382.1,905.61,888.6098509091121,897.7772575308927,893.1935542200024,12.416445779997616
TR-036018,2025-08-15,august,Dry Van,84.9,228.14,233.5511675121078,318.91754035703525,276.2343539345715,48.09435393457153
TR-036019,2025-08-15,august,Dry Van,359.8,870.97,843.8363925681198,876.9324077459528,860.3844001570362,10.585599842963802
TR-036020,2025-08-15,august,Dry Van,1200.3,2446.1,2479.2613346719,2451.1655024835354,2465.2134185777177,19.113418577717766
TR-036021,2025-08-15,august,Dry Van,365.3,887.44,881.5487755131809,908.0879639301397,894.8183697216602,7.378369721660192
TR-036022,2025-08-15,august,Dry Van,183.8,518.2,489.078046719169,498.2734615543002,493.67575413673455,24.52424586326549
TR-036023,2025-08-15,august,Flatbed,2355.8,4419.17,4520.29671333071,4606.401106791816,4563.348910061263,144.1789100612632
TR-036024,2025-08-15,august,Flatbed,2261.0,4660.74,4530.487345236154,4623.61771535433,4577.052530295243,83.68746970475695
TR-036025,2025-08-15,august,Dry Van,341.0,819.28,813.8474180115353,826.9583168343024,820.4028674229189,1.1228674229189437
TR-036026,2025-08-15,august,Dry Van,336.9,831.29,792.1326255227574,811.6979228308151,801.9152741767862,29.374725823213794
TR-036027,2025-08-15,august,Dry Van,1564.0,3004.44,3052.5087521174582,2979.6531640308467,3016.0809580741525,11.640958074152422
TR-036028,2025-08-15,august,Dry Van,274.5,647.03,630.9337349330311,679.855747223359,655.394741078195,8.364741078195038
TR-036029,2025-08-15,august,Reefer,431.8,1115.83,1104.1442061312173,1104.4094057841062,1104.2768059576617,11.553194042338191
TR-036030,2025-08-15,august,Reefer,1455.0,3230.46,3099.914430485896,3212.7468603668244,3156.33064542636,74.12935457363983
TR-036031,2025-08-15,august,Reefer,1954.6,4144.99,4082.5148040048666,4207.54747804297,4145.031141023918,0.04114102391849883
TR-036032,2025-08-16,august,Dry Van,881.0,1841.5,1740.7372701234278,1782.0257682607153,1761.3815191920717,80.11848080792834
TR-036033,2025-08-16,august,Dry Van,2111.5,3684.22,3842.5416952200567,3845.677957276811,3844.109826248434,159.88982624843402
TR-036034,2025-08-16,august,Dry Van,1831.9,3269.29,3450.5943752011567,3309.6478246826337,3380.1210999418954,110.83109994189545
TR-036035,2025-08-16,august,Dry Van,1217.1,2322.85,2319.286581745186,2259.599449410811,2289.4430155779983,33.40698442200164
TR-036036,2025-08-16,august,Flatbed,911.4,2049.08,2038.6402364479352,2011.3344708755394,2024.9873536617374,24.09264633826251
TR-036037,2025-08-16,august,Flatbed,815.0,1757.33,1937.7096657676827,1892.2792594509133,1914.994462609298,157.66446260929797
TR-036038,2025-08-16,august,Reefer,1686.1,3837.87,3604.712324058287,3718.9505477042926,3661.8314358812895,176.03856411871038
TR-036039,2025-08-16,august,Reefer,903.7,2023.19,1919.3636443153625,1926.9327458908715,1923.148195103117,100.04180489688315
TR-036040,2025-08-16,august,Dry Van,977.9,1911.36,1972.2180362111762,2024.7255131239615,1998.4717746675688,87.11177466756885
TR-036041,2025-08-16,august,Reefer,323.5,893.25,821.3136642975803,905.9589239487848,863.6362941231826,29.61370587681745
TR-036042,2025-08-16,august,Flatbed,724.4,1650.86,1608.8410459796219,1558.6048701722261,1583.722958075924,67.1370419240759
TR-036043,2025-08-16,august,Reefer,620.8,1613.54,1522.17642919824,1495.8860297474153,1509.0312294728276,104.50877052717237
TR-036044,2025-08-16,august,Reefer,1190.8,2673.7,2612.7991875017606,2636.2396544896374,2624.519420995699,49.18057900430085
TR-036045,2025-08-16,august,Dry Van,2027.4,3599.97,3761.713580468865,3689.5459114462433,3725.6297459575544,125.6597459575546
TR-036046,2025-08-16,august,Dry Van,1849.9,3418.9,3589.006271528395,3415.737681113373,3502.3719763208837,83.47197632088364
TR-036047,2025-08-16,august,Dry Van,566.4,1145.54,1098.391508210644,1152.447056172466,1125.4192821915549,20.12071780844508
TR-036048,2025-08-16,august,Reefer,1505.0,3224.14,3314.555234617591,3255.6749528189184,3285.1150937182547,60.97509371825481
TR-036049,2025-08-16,august,Dry Van,2152.1,4071.82,4103.363403211811,4268.824392001696,4186.093897606754,114.27389760675351
TR-036050,2025-08-16,august,Dry Van,780.0,1576.71,1589.3029832177017,1566.208231199935,1577.7556072088182,1.0456072088181827
TR-036051,2025-08-16,august,Dry Van,779.0,1602.84,1590.5552355113618,1546.4880474292293,1568.5216414702954,34.31835852970448
TR-036052,2025-08-16,august,Dry Van,1893.5,3650.17,3679.0206539049113,3674.5723939011395,3676.7965239030254,26.626523903025372
TR-036053,2025-08-16,august,Flatbed,754.1,1659.44,1698.7996209434723,1630.4023839966985,1664.6010024700854,5.16100247008535
TR-036054,2025-08-16,august,Flatbed,1571.3,3246.09,3359.967459531746,3347.012734154175,3353.4900968429606,107.40009684296047
TR-036055,2025-08-16,august,Reefer,998.0,2257.36,2264.3902953500788,2262.7011812336914,2263.545738291885,6.185738291884718
TR-036056,2025-08-16,august,Dry Van,1521.8,2892.53,3000.288808339662,2970.2371986575845,2985.263003498623,92.73300349862302
TR-036057,2025-08-16,august,Dry Van,960.8,1951.46,1953.6229447486462,1995.212501484575,1974.4177231166104,22.957723116610396
TR-036058,2025-08-16,august,Dry Van,356.9,815.17,815.7290633346256,803.9325953202549,809.8308293274403,5.339170672559703
TR-036059,2025-08-16,august,Dry Van,530.2,1151.02,1208.4920014855895,1135.0898790145002,1171.790940250045,20.770940250044987
TR-036060,2025-08-16,august,Dry Van,1059.9,2154.06,2206.5641514080403,2155.507738400832,2181.0359449044363,26.975944904436346
TR-036061,2025-08-16,august,Flatbed,1014.0,2285.29,2209.213100722122,2312.5591917870534,2260.8861462545874,24.40385374541256
TR-036062,2025-08-16,august,Dry Van,937.7,1831.39,1860.4470218309812,1828.563210948567,1844.5051163897742,13.11511638977413
TR-036063,2025-08-16,august,Reefer,865.3,2049.4,1985.1474425831975,1938.0703964676954,1961.6089195254465,87.79108047455361
TR-036064,2025-08-16,august,Dry Van,1203.9,2375.44,2581.0999392974827,2539.511341352185,2560.305640324834,184.86564032483375
TR-036065,2025-08-16,august,Dry Van,133.7,372.27,350.9210590290362,364.56482666374404,357.7429428463901,14.52705715360986
TR-036066,2025-08-16,august,Reefer,2794.3,5311.84,5373.697716276604,5351.614904201899,5362.656310239252,50.816310239251834
TR-036067,2025-08-16,august,Reefer,1325.7,2928.35,3023.8618206946812,2881.8763621575395,2952.8690914261106,24.519091426110663
TR-036068,2025-08-16,august,Dry Van,1660.7,3125.51,3342.778243472527,3152.4766226275597,3247.6274330500432,122.11743305004302
TR-036069,2025-08-16,august,Reefer,1192.2,2480.93,2494.539466307426,2620.872238707291,2557.705852507359,76.7758525073591
TR-036070,2025-08-16,august,Dry Van,1185.4,2398.27,2465.7192152212983,2542.5985809301746,2504.1588980757365,105.8888980757365
TR-036071,2025-08-16,august,Reefer,74.3,255.7,248.45202322281435,394.3727078682234,321.41236554551887,65.71236554551888
TR-036072,2025-08-16,august,Dry Van,2577.1,4697.05,4728.994263703667,4728.7644857135,4728.879374708584,31.8293747085836
TR-036073,2025-08-16,august,Flatbed,1829.9,3674.62,3703.356478005612,3747.6619081191634,3725.5091930623876,50.889193062387676
TR-036074,2025-08-16,august,Dry Van,1392.0,2844.65,2859.0329481195877,2846.876216705952,2852.95458241277,8.304582412769832
TR-036075,2025-08-16,august,Dry Van,83.5,250.44,231.52385577046525,291.35706838235524,261.44046207641026,11.000462076410258
TR-036076,2025-08-16,august,Dry Van,1753.1,3217.33,3363.5692174853616,3296.8067701672726,3330.1879938263173,112.8579938263174
TR-036077,2025-08-16,august,Flatbed,1084.1,2269.65,2272.574401047704,2289.055856704194,2280.815128875949,11.165128875948994
TR-036078,2025-08-16,august,Dry Van,736.6,1534.37,1525.5492059256737,1578.2119632257995,1551.8805845757365,17.51058457573663
TR-036079,2025-08-16,august,Reefer,734.5,1769.3,1781.8011786117893,1744.4862006861526,1763.1436896489708,6.156310351029106
TR-036080,2025-08-16,august,Dry Van,804.7,1617.76,1609.8270268355486,1604.1381346997664,1606.9825807676575,10.777419232342481
TR-036081,2025-08-16,august,Flatbed,1045.8,2168.56,2254.3100615276107,2222.920889325844,2238.6154754267272,70.0554754267273
TR-036082,2025-08-16,august,Dry Van,875.5,1794.13,1719.7690979141016,1745.5091623206126,1732.6391301173571,61.49086988264298
TR-036083,2025-08-16,august,Dry Van,536.3,1138.56,1108.2524213557806,1128.8971948382496,1118.5748080970152,19.985191902984752
TR-036084,2025-08-16,august,Dry Van,3254.5,5936.83,5827.252308603217,5755.17065925354,5791.211483928379,145.61851607162134
TR-036085,2025-08-16,august,Reefer,805.0,1911.85,1847.7173241837027,1794.7657373585992,1821.2415307711508,90.60846922884912
TR-036086,2025-08-16,august,Dry Van,2163.9,3676.84,3964.6133214798147,4011.7443387462367,3988.1788301130255,311.3388301130253
TR-036087,2025-08-16,august,Flatbed,487.8,1230.68,1183.5409624621575,1219.7796433251397,1201.6603028936486,29.019697106351487
TR-036088,2025-08-16,august,Reefer,673.2,1520.78,1504.9774218524617,1474.1425647342164,1489.5599932933392,31.220006706660797
TR-036089,2025-08-16,august,Reefer,1514.3,3178.12,3082.9659204474337,3200.7156513227824,3141.840785885108,36.279214114892056
TR-036090,2025-08-16,august,Reefer,1930.6,3976.42,4036.4850736992853,4068.7530006620527,4052.619037180669,76.19903718066871
TR-036091,2025-08-16,august,Dry Van,3217.2,5467.0,5483.924152505732,5665.589446661,5574.756799583366,107.75679958336605
TR-036092,2025-08-16,august,Flatbed,1047.9,2241.16,2292.0387182360155,2194.591012922377,2243.3148655791965,2.1548655791966667
TR-036093,2025-08-16,august,Reefer,699.4,1639.75,1606.8675578315597,1562.8013745650214,1584.8344661982906,54.915533801709444
TR-036094,2025-08-16,august,Flatbed,804.4,1681.79,1646.0973457545078,1616.0579350954172,1631.0776404249625,50.71235957503745
TR-036095,2025-08-16,august,Reefer,804.1,1748.6,1684.5390372882484,1733.2341543093755,1708.8865957988119,39.71340420118804
TR-036096,2025-08-16,august,Dry Van,2464.4,4562.29,4278.882679049055,4613.949701313485,4446.4161901812695,115.87380981873048
TR-036097,2025-08-16,august,Dry Van,445.8,1016.49,1014.9004042180414,1034.1947098678884,1024.5475570429649,8.057557042964845
TR-036098,2025-08-16,august,Flatbed,796.6,1743.72,1737.70300511404,1739.4179019459866,1738.5604535300133,5.159546469986708
TR-036099,2025-08-16,august,Dry Van,2041.8,3687.56,3908.191448517928,3866.26044090315,3887.225944710539,199.66594471053895
TR-036100,2025-08-16,august,Dry Van,2194.5,4096.12,4213.497182923807,4049.0181464223087,4131.257664673058,35.13766467305777
TR-036101,2025-08-16,august,Dry Van,936.6,474.97,1892.3138005769601,1871.5690923491543,1881.9414464630572,1406.9714464630572
TR-036102,2025-08-16,august,Dry Van,2040.9,3838.1,3611.0610388163495,3851.816151379938,3731.438595098144,106.6614049018558
TR-036103,2025-08-16,august,Flatbed,780.7,1834.23,1790.137659022333,1708.4437204888318,1749.2906897555824,84.93931024441758
TR-036104,2025-08-16,august,Reefer,1155.5,2497.26,2539.0232425533895,2382.0147063527584,2460.518974453074,36.74102554692627
TR-036105,2025-08-16,august,Flatbed,1015.0,2273.1,2260.291971001134,2213.4947436253224,2236.893357313228,36.20664268677183
TR-036106,2025-08-16,august,Flatbed,2294.7,4607.33,4623.739149022937,4516.59631579515,4570.167732409043,37.16226759095662
TR-036107,2025-08-16,august,Dry Van,253.4,622.95,605.9986473544592,599.7080128477699,602.8533301011146,20.096669898885466
TR-036108,2025-08-16,august,Dry Van,837.2,1687.84,1709.9429856519248,1655.0401539717964,1682.4915698118607,5.3484301881392184
TR-036109,2025-08-16,august,Reefer,1398.3,3022.84,3079.2148034648512,3122.4699189092207,3100.8423611870357,78.0023611870356
TR-036110,2025-08-16,august,Dry Van,1076.0,2039.42,2139.988099366201,2144.4689801319305,2142.228539749066,102.80853974906586
TR-036111,2025-08-16,august,Reefer,581.5,1465.38,1366.6931204275918,1388.7506747310154,1377.7218975793035,87.65810242069665
TR-036112,2025-08-16,august,Dry Van,416.1,960.78,949.0060398884037,975.055476605788,962.030758247096,1.2507582470959733
TR-036113,2025-08-16,august,Dry Van,179.7,493.34,487.7762835161709,517.1155755150612,502.44592951561606,9.105929515616083
TR-036114,2025-08-16,august,Flatbed,1207.5,2483.22,2551.8920494573126,2624.4302303609275,2588.16113990912,104.94113990912001
TR-036115,2025-08-16,august,Dry Van,1470.6,2759.1,2824.2665086740067,2809.071797351165,2816.669153012586,57.56915301258596
TR-036116,2025-08-16,august,Flatbed,1260.4,2651.89,2771.052882055586,2679.5674446010516,2725.3101633283186,73.42016332831872
TR-036117,2025-08-16,august,Reefer,447.3,1132.13,1127.3431518827845,1101.7832622640426,1114.5632070734137,17.56679292658646
TR-036118,2025-08-16,august,Reefer,870.7,2123.96,1975.678457680045,1964.1306417147073,1969.9045496973763,154.05545030262374
TR-036119,2025-08-16,august,Dry Van,527.8,1069.59,1093.2295341251852,1093.5107904120794,1093.3701622686322,23.78016226863224
TR-036120,2025-08-16,august,Dry Van,1645.1,3055.64,3230.303201807979,3175.8790684836113,3203.0911351457953,147.45113514579543
TR-036121,2025-08-16,august,Dry Van,1520.7,3073.16,3111.5256384133013,3079.926401839658,3095.72602012648,22.566020126479998
TR-036122,2025-08-16,august,Flatbed,2075.6,4215.87,4126.334492709296,4251.083114440719,4188.708803575008,27.16119642499234
TR-036123,2025-08-16,august,Dry Van,123.4,336.62,322.0538859181755,414.50629397477223,368.2800899464739,31.660089946473875
TR-036124,2025-08-16,august,Dry Van,670.6,1455.33,1429.693038209191,1467.8120549200985,1448.7525465646447,6.57745343535521
TR-036125,2025-08-16,august,Dry Van,699.0,1481.84,1408.72191316394,1398.983650165117,1403.8527816645285,77.98721833547143
TR-036126,2025-08-16,august,Dry Van,865.8,1801.22,1762.498457500126,1759.3348720812314,1760.9166647906786,40.3033352093214
TR-036127,2025-08-16,august,Dry Van,1912.1,3652.18,3570.840788114985,3617.6548713630777,3594.2478297390317,57.93217026096818
TR-036128,2025-08-16,august,Flatbed,942.3,2068.77,2154.4982866656687,2081.0912767087907,2117.7947816872297,49.02478168722973
TR-036129,2025-08-16,august,Dry Van,2320.1,3868.89,3878.7471014268463,4027.739717553586,3953.2434094902164,84.35340949021656
TR-036130,2025-08-16,august,Dry Van,2412.9,4075.62,4284.895652060489,4413.153018809339,4349.024335434914,273.4043354349142
TR-036131,2025-08-16,august,Dry Van,352.3,802.3,779.0121244700848,776.269258398384,777.6406914342344,24.659308565765514
TR-036132,2025-08-16,august,Dry Van,2158.3,3788.68,4007.8630613920195,3895.237876875841,3951.55046913393,162.87046913393033
TR-036133,2025-08-16,august,Reefer,812.8,1915.8,1869.1194961353115,1838.1956338182374,1853.6575649767744,62.14243502322552
TR-036134,2025-08-16,august,Dry Van,295.8,726.88,681.4109846183751,728.8624886911855,705.1367366547803,21.743263345219702
TR-036135,2025-08-16,august,Flatbed,1513.6,2990.38,3063.865901848755,3208.4134497311097,3136.1396757899324,145.75967578993232
TR-036136,2025-08-16,august,Dry Van,817.1,1622.29,1553.118344361301,1612.2455418652194,1582.6819431132603,39.60805688673963
TR-036137,2025-08-16,august,Reefer,1278.7,2750.99,2768.892495122226,2659.1245012373583,2714.0084981797922,36.98150182020754
TR-036138,2025-08-16,august,Dry Van,536.1,1249.44,1195.6762557875093,1171.651676427598,1183.6639661075537,65.77603389244632
TR-036139,2025-08-16,august,Dry Van,2369.5,4247.68,4334.236458119944,4522.810006730409,4428.5232324251765,180.8432324251762
TR-036140,2025-08-16,august,Dry Van,1288.8,2638.95,2572.1520837415146,2550.857917258215,2561.5050004998648,77.44499950013505
TR-036141,2025-08-16,august,Dry Van,1323.6,2614.31,2684.5190635391177,2604.3827540339653,2644.4509087865417,30.140908786541786
TR-036142,2025-08-16,august,Reefer,2632.7,5157.53,5243.603402675681,5213.311639693924,5228.457521184802,70.92752118480257
TR-036143,2025-08-16,august,Reefer,827.1,1797.61,1796.3499477822945,1705.567410929178,1750.9586793557364,46.65132064426348
TR-036144,2025-08-16,august,Dry Van,535.8,1130.66,1097.1129797444355,1126.4131672934789,1111.7630735189573,18.896926481042783
TR-036145,2025-08-16,august,Dry Van,981.7,1944.47,2013.6726510246658,2065.250268063116,2039.461459543891,94.99145954389087
TR-036146,2025-08-16,august,Dry Van,408.2,1001.14,1000.8114990175588,988.370832821973,994.5911659197659,6.548834080234087
TR-036147,2025-08-16,august,Dry Van,1413.3,2625.33,2785.8112979900375,2769.2246274124773,2777.5179627012576,152.18796270125767
TR-036148,2025-08-16,august,Dry Van,1037.8,2031.99,2004.0302699658566,2084.8979842825493,2044.464127124203,12.47412712420305
TR-036149,2025-08-16,august,Dry Van,677.4,1413.77,1378.469932090582,1364.829288540012,1371.649610315297,42.120389684703014
TR-036150,2025-08-16,august,Reefer,2478.3,4953.76,5037.218976855957,4881.617949509515,4959.418463182736,5.6584631827354315
TR-036151,2025-08-16,august,Dry Van,2847.3,5013.5,5019.521919334414,5223.72792714233,5121.6249232383725,108.1249232383725
TR-036152,2025-08-16,august,Reefer,702.1,1571.67,1527.585358923904,1523.632691288947,1525.6090251064256,46.06097489357444
TR-036153,2025-08-16,august,Dry Van,2284.5,4412.23,4287.563824747833,4364.337527139164,4325.950675943499,86.27932405650063
TR-036154,2025-08-16,august,Dry Van,1860.4,3611.27,3506.050447454363,3662.4448751175933,3584.247661285978,27.02233871402177
TR-036155,2025-08-16,august,Dry Van,1136.7,2261.69,2152.591655155489,2198.5403131034645,2175.565984129477,86.12401587052318
TR-036156,2025-08-16,august,Dry Van,1899.5,3401.34,3370.8638693666962,3535.0209581688123,3452.9424137677543,51.602413767754115
TR-036157,2025-08-16,august,Dry Van,797.3,1646.63,1639.933749148989,1615.0557863542274,1627.4947677516082,19.135232248391958
TR-036158,2025-08-16,august,Flatbed,1639.0,3454.23,3354.5320478396034,3502.3903499235107,3428.461198881557,25.768801118443207
TR-036159,2025-08-16,august,Dry Van,745.8,1457.51,1405.6683724236889,1460.975003061234,1433.3216877424616,24.188312257538428
TR-036160,2025-08-16,august,Dry Van,3105.7,5451.29,5651.012318527763,5796.1908518699065,5723.601585198834,272.3115851988341
TR-036161,2025-08-16,august,Flatbed,1989.9,3816.6,3805.563375557959,3935.9150641133015,3870.73921983563,54.13921983563023
TR-036162,2025-08-16,august,Dry Van,1140.2,2322.3,2180.7947911646575,2187.202011430852,2183.9984012977548,138.30159870224543
TR-036163,2025-08-16,august,Dry Van,1820.3,3473.17,3522.36208675096,3441.5596868708776,3481.960886810919,8.790886810918892
TR-036164,2025-08-16,august,Dry Van,286.5,663.35,646.1508972299297,663.5614702289795,654.8561837294546,8.49381627054538
TR-036165,2025-08-16,august,Dry Van,2697.7,4844.76,4951.761315578053,5071.442950573322,5011.602133075688,166.84213307568734
TR-036166,2025-08-16,august,Reefer,1132.4,2569.81,2454.8575533504018,2517.149044216084,2486.003298783243,83.80670121675712
TR-036167,2025-08-16,august,Dry Van,577.2,1160.98,1132.0455613920683,1144.9904276449442,1138.5179945185064,22.462005481493634
TR-036168,2025-08-17,august,Reefer,748.0,1652.87,1643.7220402024423,1694.0104059795538,1668.8662230909981,15.996223090998228
TR-036169,2025-08-17,august,Dry Van,844.2,1644.17,1654.1039194022067,1629.73309877159,1641.9185090868982,2.2514909131018612
TR-036170,2025-08-17,august,Reefer,2492.8,5136.17,5165.31771165442,5159.92473940253,5162.621225528475,26.451225528475334
TR-036171,2025-08-17,august,Dry Van,2622.8,4414.17,4517.647727064668,4365.404394339737,4441.526060702203,27.35606070220274
TR-036172,2025-08-17,august,Reefer,1174.3,2410.45,2560.5197159997983,2400.6514563618443,2480.5855861808213,70.13558618082152
TR-036173,2025-08-17,august,Reefer,524.3,1206.28,1184.401400867083,1205.3922270180192,1194.896813942551,11.383186057448938
TR-036174,2025-08-17,august,Reefer,774.1,590.4,1836.023418176115,1788.526836168328,1812.2751271722213,1221.8751271722213
TR-036175,2025-08-17,august,Dry Van,460.6,1105.12,1054.6427499415722,1101.5919410524448,1078.1173454970085,27.00265450299139
TR-036176,2025-08-17,august,Dry Van,1327.9,2619.57,2338.513020012531,2207.620416882007,2273.0667184472686,346.50328155273155
TR-036177,2025-08-17,august,Dry Van,1091.3,2247.2,2286.8688555587323,2282.3669391266267,2284.6178973426795,37.41789734267968
TR-036178,2025-08-17,august,Dry Van,161.3,436.28,422.3531710414469,419.9237263410182,421.13844869123255,15.141551308767419
TR-036179,2025-08-17,august,Dry Van,644.2,1313.47,1269.216500744286,1297.7092395707243,1283.4628701575052,30.007129842494805
TR-036180,2025-08-17,august,Reefer,422.2,1037.58,1010.7901467593985,1029.8146546724336,1020.3024007159161,17.277599284083863
TR-036181,2025-08-17,august,Dry Van,1198.4,2378.78,2359.190395687956,2268.328184002965,2313.7592898454604,65.02071015453976
TR-036182,2025-08-17,august,Flatbed,1305.5,2727.16,2814.1346759693147,2678.1842057232943,2746.1594408463043,18.999440846304424
TR-036183,2025-08-17,august,Flatbed,2031.5,3821.36,4051.732788312881,4007.435004408084,4029.5838963604824,208.22389636048229
TR-036184,2025-08-17,august,Flatbed,1696.0,3380.18,3434.5964554111397,3437.8315405552803,3436.21399798321,56.033997983210156
TR-036185,2025-08-17,august,Dry Van,347.0,740.47,716.5688674518539,742.5861587093036,729.5775130805787,10.892486919421344
TR-036186,2025-08-17,august,Reefer,996.5,2055.83,2318.510210476111,2244.465555732277,2281.487883104194,225.6578831041943
TR-036187,2025-08-17,august,Reefer,1104.7,2250.27,2512.8322174137397,2521.0895453472926,2516.960881380516,266.6908813805162
TR-036188,2025-08-17,august,Flatbed,751.3,1527.78,1657.3129635399541,1604.3153425646206,1630.8141530522873,103.03415305228737
TR-036189,2025-08-17,august,Dry Van,1665.1,3093.44,3391.3566542049875,3222.7134057310323,3307.03502996801,213.59502996800984
TR-036190,2025-08-17,august,Reefer,714.1,1733.05,1680.5832130177112,1622.3754343363516,1651.4793236770315,81.57067632296844
TR-036191,2025-08-17,august,Reefer,2272.6,4800.2,4665.243890543014,4794.479162747474,4729.861526645243,70.33847335475639
TR-036192,2025-08-17,august,Dry Van,221.1,549.01,546.4887592522241,574.0773299818579,560.283044617041,11.273044617041023
TR-036193,2025-08-17,august,Dry Van,2021.0,3767.23,3748.9979361196447,3717.646318886978,3733.322127503311,33.907872496688924
TR-036194,2025-08-17,august,Dry Van,1557.6,3019.94,3080.1144672743085,3102.892000942513,3091.5032341084107,71.5632341084106
TR-036195,2025-08-17,august,Reefer,323.6,898.11,831.041010640241,917.6372736362086,874.3391421382248,23.770857861775198
TR-036196,2025-08-17,august,Reefer,320.9,830.05,812.1355222977605,849.8783985869304,831.0069604423454,0.9569604423454621
TR-036197,2025-08-17,august,Dry Van,1011.7,2144.22,2116.5872539486973,2142.076586751198,2129.3319203499477,14.888079650052077
TR-036198,2025-08-17,august,Flatbed,1827.5,3686.55,3732.45246466199,3842.4544849476497,3787.45347480482,100.90347480481978
TR-036199,2025-08-17,august,Dry Van,495.0,1091.95,1073.7970536738312,1091.1545186879312,1082.4757861808812,9.474213819118859
TR-036200,2025-08-17,august,Reefer,1456.0,3196.57,3067.6434839014582,3216.014898457039,3141.8291911792485,54.74080882075168
TR-036201,2025-08-17,august,Dry Van,1755.3,3381.1,3454.8715983836137,3436.095246980618,3445.483422682116,64.3834226821159
TR-036202,2025-08-17,august,Flatbed,1901.7,3762.82,3383.905703890845,3707.3073636795552,3545.6065337852,217.21346621480006
TR-036203,2025-08-17,august,Reefer,919.7,2135.53,2172.4321461304385,2082.634032717575,2127.533089424007,7.996910575993297
TR-036204,2025-08-17,august,Dry Van,364.8,839.05,837.4666019079439,918.6107002277136,878.0386510678287,38.988651067828755
TR-036205,2025-08-17,august,Flatbed,2012.6,4083.3,3986.9306542913946,4121.157504224887,4054.0440792581408,29.255920741859427
TR-036206,2025-08-17,august,Reefer,397.2,1030.79,966.1083762819673,1041.8584199786508,1003.9833981303091,26.806601869690894
TR-036207,2025-08-17,august,Dry Van,445.0,979.98,974.3856714359156,982.0592457268551,978.2224585813854,1.7575414186146645
TR-036208,2025-08-17,august,Dry Van,1005.1,2014.89,2003.9950075682973,2070.749014063258,2037.3720108157777,22.482010815777585
TR-036209,2025-08-17,august,Flatbed,288.6,775.55,732.0263418152484,791.9997513349429,762.0130465750956,13.536953424904368
TR-036210,2025-08-17,august,Reefer,2759.4,5484.89,5405.3107807210245,5609.6409325495915,5507.475856635308,22.58585663530812
TR-036211,2025-08-17,august,Reefer,1146.0,2470.83,2584.968568064181,2461.1602486792613,2523.064408371721,52.2344083717212
TR-036212,2025-08-17,august,Dry Van,83.8,229.68,214.59636105112335,305.17311314982067,259.884737100472,30.204737100472016
TR-036213,2025-08-17,august,Reefer,200.4,574.81,538.7431496847809,591.822064212557,565.2826069486689,9.527393051331046
TR-036214,2025-08-17,august,Dry Van,406.7,858.66,862.3373048631547,851.0140320095265,856.6756684363406,1.9843315636593388
TR-036215,2025-08-17,august,Reefer,917.8,2039.55,2056.3728492115392,2069.3643832054736,2062.8686162085064,23.318616208506455
TR-036216,2025-08-17,august,Dry Van,2996.5,5097.56,5339.5621612595905,5560.185886435327,5449.874023847458,352.314023847458
TR-036217,2025-08-17,august,Dry Van,544.2,1213.75,1150.5713530655578,1191.9406020566112,1171.2559775610844,42.494022438915636
TR-036218,2025-08-17,august,Reefer,1217.9,2730.21,2749.3402656507683,2631.716748927409,2690.5285072890883,39.6814927109117
TR-036219,2025-08-17,august,Reefer,600.2,1430.67,1355.3620116667976,1378.7362435505306,1367.049127608664,63.62087239133598
TR-036220,2025-08-17,august,Dry Van,507.1,1080.77,1108.0004271850426,1126.142535785014,1117.0714814850282,36.30148148502826
TR-036221,2025-08-17,august,Flatbed,875.9,1826.94,1841.516163090857,1863.514753975939,1852.515458533398,25.575458533397978
TR-036222,2025-08-17,august,Dry Van,1840.4,3316.18,3532.0347447402846,3423.926144220533,3477.9804444804086,161.80044448040871
TR-036223,2025-08-17,august,Dry Van,2052.1,3805.29,3998.0774841899442,4027.912170534435,4012.9948273621894,207.70482736218946
TR-036224,2025-08-17,august,Dry Van,551.5,1206.5,1154.685689614196,1145.6834506957184,1150.1845701549573,56.31542984504267
TR-036225,2025-08-17,august,Dry Van,1878.6,3475.0,3571.761555349781,3509.047790874416,3540.4046731120984,65.40467311209841
TR-036226,2025-08-17,august,Flatbed,2021.5,3979.62,4085.9560769216423,4011.953510575817,4048.9547937487296,69.33479374872968
TR-036227,2025-08-17,august,Flatbed,2124.2,4153.36,4196.09141876907,4156.501162213313,4176.296290491191,22.936290491191357
TR-036228,2025-08-17,august,Reefer,532.7,1389.16,1295.908765776447,1303.7939454060363,1299.8513555912416,89.30864440875848
TR-036229,2025-08-17,august,Flatbed,1031.3,2186.81,2221.248477003223,2225.556449067689,2223.402463035456,36.59246303545615
TR-036230,2025-08-17,august,Dry Van,225.2,582.53,563.6687227988889,593.0230009066588,578.3458618527739,4.184138147226122
TR-036231,2025-08-17,august,Reefer,1401.6,3160.75,2988.2590327958983,3017.744520060822,3003.0017764283602,157.74822357163976
TR-036232,2025-08-17,august,Dry Van,299.4,701.0,692.8171848254933,761.2295943639992,727.0233895947463,26.023389594746277
TR-036233,2025-08-17,august,Reefer,182.8,500.33,476.21680861466035,531.4616731282442,503.83924087145226,3.5092408714522776
TR-036234,2025-08-17,august,Dry Van,438.6,951.19,981.036690389893,1035.192863774875,1008.114777082384,56.92477708238391
TR-036235,2025-08-17,august,Dry Van,683.2,1345.95,1310.012187538963,1346.8359784684621,1328.4240830037124,17.525916996287606
TR-036236,2025-08-17,august,Flatbed,204.2,575.45,535.4154965005251,619.8139833004457,577.6147399004853,2.1647399004853014
TR-036237,2025-08-17,august,Dry Van,693.4,1427.88,1422.5075672094,1426.8213186053945,1424.6644429073972,3.2155570926029213
TR-036238,2025-08-17,august,Reefer,1640.3,3563.83,3540.1424196222147,3616.3366511491913,3578.2395353857028,14.409535385702839
TR-036239,2025-08-17,august,Flatbed,2445.8,4616.32,4800.317723719489,4712.828810353147,4756.573267036318,140.253267036318
TR-036240,2025-08-17,august,Dry Van,390.8,903.07,861.2136929296411,917.017178061426,889.1154354955336,13.954564504466475
TR-036241,2025-08-17,august,Dry Van,1023.0,2050.24,2018.6450218282018,2096.8971942361027,2057.7711080321524,7.531108032152588
TR-036242,2025-08-17,august,Reefer,463.0,1151.23,1134.7561531679892,1141.4776256456425,1138.116889406816,13.113110593184047
TR-036243,2025-08-17,august,Dry Van,660.3,1374.88,1369.1595521801157,1352.1706680063453,1360.6651100932304,14.214889906769713
TR-036244,2025-08-17,august,Dry Van,1305.9,2483.45,2577.6645173393204,2429.7492266570102,2503.7068719981653,20.25687199816548
TR-036245,2025-08-17,august,Reefer,513.3,1250.99,1214.6863668595286,1224.5680761948424,1219.6272215271856,31.362778472814398
TR-036246,2025-08-17,august,Dry Van,237.4,551.79,552.5998987146214,597.1469468134032,574.8734227640123,23.08342276401231
TR-036247,2025-08-17,august,Dry Van,2117.0,3761.24,3884.8929685695853,3771.595114155878,3828.244041362732,67.0040413627321
TR-036248,2025-08-17,august,Dry Van,992.9,1922.79,1927.0348112188842,1983.7900013602944,1955.4124062895894,32.622406289589435
TR-036249,2025-08-17,august,Reefer,762.2,1742.86,1736.049477705719,1701.215780961376,1718.6326293335474,24.227370666452543
TR-036250,2025-08-17,august,Flatbed,1215.5,2597.63,2575.6233294280014,2636.181331780274,2605.9023306041377,8.27233060413755
TR-036251,2025-08-17,august,Dry Van,1053.5,2091.12,2106.058216064959,2155.5048408774915,2130.781528471225,39.66152847122521
TR-036252,2025-08-17,august,Reefer,1614.4,3595.51,3490.904371315501,3529.5989326917406,3510.2516520036206,85.2583479963796
TR-036253,2025-08-17,august,Dry Van,348.5,766.26,746.7020262218355,733.6465072112587,740.1742667165471,26.085733283452896
TR-036254,2025-08-17,august,Dry Van,875.8,1884.95,1850.4834113392167,1840.9361699571632,1845.70979064819,39.24020935181011
TR-036255,2025-08-17,august,Dry Van,1627.3,3030.28,3199.060665772908,3123.6568527323307,3161.358759252619,131.07875925261897
TR-036256,2025-08-17,august,Dry Van,977.8,2050.45,2108.9237691695557,2062.0799523373407,2085.5018607534485,35.051860753448636
TR-036257,2025-08-17,august,Dry Van,2652.5,4803.79,4775.504605731267,4961.370357169748,4868.437481450507,64.64748145050726
TR-036258,2025-08-17,august,Dry Van,1316.4,2393.67,2616.840661131488,2391.8255609678654,2504.3331110496765,110.66311104967644
TR-036259,2025-08-17,august,Dry Van,2938.5,4864.79,4978.730537179258,5252.8941607263005,5115.812348952779,251.02234895277888
TR-036260,2025-08-17,august,Reefer,960.4,2032.97,2102.5408550568027,2113.1522491893775,2107.84655212309,74.87655212309005
TR-036261,2025-08-17,august,Reefer,887.7,2089.62,2178.9595936823825,2089.9533492088817,2134.456471445632,44.836471445632014
TR-036262,2025-08-17,august,Flatbed,987.5,2089.28,2156.0705045405584,2158.2933390409626,2157.1819217907605,67.9019217907603
TR-036263,2025-08-17,august,Dry Van,941.9,1855.56,1885.8039727277455,1869.0124103517956,1877.4081915397705,21.848191539770596
TR-036264,2025-08-17,august,Reefer,935.1,2202.77,2195.5098138042813,2127.755248819277,2161.632531311779,41.137468688220906
TR-036265,2025-08-17,august,Reefer,1918.7,4154.97,4120.442115165096,4184.264077832664,4152.35309649888,2.6169035011198503
TR-036266,2025-08-17,august,Dry Van,2347.2,4335.22,4305.284946845519,4495.538900981537,4400.411923913528,65.19192391352772
TR-036267,2025-08-17,august,Dry Van,1869.7,3318.05,3483.105660353609,3429.267725795583,3456.186693074596,138.13669307459577
TR-036268,2025-08-17,august,Reefer,2072.2,4307.74,4207.3473638438845,4241.147528319023,4224.247446081454,83.49255391854604
TR-036269,2025-08-17,august,Flatbed,684.5,1567.26,1533.7248802675938,1516.7634600191523,1525.2441701433731,42.01582985662685
TR-036270,2025-08-17,august,Reefer,1928.6,4264.12,4064.4265390413307,4149.803246623094,4107.114892832213,157.00510716778717
TR-036271,2025-08-17,august,Dry Van,1044.2,1933.24,2064.659163611176,2068.534972181762,2066.597067896469,133.35706789646906
TR-036272,2025-08-17,august,Dry Van,691.3,1493.51,1403.5649991236278,1457.931475723864,1430.7482374237459,62.761762576254114
TR-036273,2025-08-17,august,Dry Van,397.8,894.5,858.2818185782297,873.9386678696801,866.110243223955,28.389756776045033
TR-036274,2025-08-17,august,Flatbed,1243.2,2550.29,2410.3924279385624,2476.026961081381,2443.209694509972,107.08030549002797
TR-036275,2025-08-17,august,Flatbed,2497.9,4713.06,4827.734393410285,4558.718031738617,4693.226212574451,19.833787425549417
TR-036276,2025-08-17,august,Reefer,1993.7,4047.8,4010.3229957435055,3990.4675316132416,4000.3952636783733,47.40473632162684
TR-036277,2025-08-17,august,Dry Van,1136.9,2205.46,2275.61436057433,2200.990025067507,2238.302192820918,32.84219282091817
TR-036278,2025-08-17,august,Flatbed,522.4,1297.22,1247.1887437653597,1267.1174790288123,1257.153111397086,40.066888602914105
TR-036279,2025-08-17,august,Dry Van,2260.4,3844.59,4083.247763969967,4157.025046030667,4120.136405000317,275.54640500031655
TR-036280,2025-08-17,august,Reefer,2597.6,5396.59,5126.671967929566,5411.323323373473,5268.99764565152,127.59235434848051
TR-036281,2025-08-17,august,Dry Van,1022.9,2064.97,2020.3714493247808,2019.9772661872546,2020.1743577560178,44.795642243982
TR-036282,2025-08-17,august,Dry Van,537.9,1105.94,1074.5383467511358,1081.074089850938,1077.806218301037,28.13378169896305
TR-036283,2025-08-17,august,Dry Van,805.3,1605.1,1555.0749406933387,1608.9461821959715,1582.0105614446552,23.089438555344714
TR-036284,2025-08-17,august,Reefer,2039.2,4324.29,3935.650703349625,4229.809653313135,4082.7301783313796,241.55982166862032
TR-036285,2025-08-17,august,Dry Van,1052.5,2112.79,2123.8775849710014,2153.3937603150493,2138.6356726430254,25.84567264302541
TR-036286,2025-08-17,august,Dry Van,349.1,786.37,779.4307331244022,804.9457619113227,792.1882475178625,5.81824751786246
TR-036287,2025-08-17,august,Dry Van,1733.5,3266.32,3263.818640588509,3242.515218114101,3253.166929351305,13.15307064869512
TR-036288,2025-08-17,august,Reefer,3038.9,5763.0,5572.763992724139,5610.970329485948,5591.867161105043,171.13283889495688
TR-036289,2025-08-17,august,Reefer,783.8,1708.81,1656.4531764257101,1688.5034669920387,1672.4783217088743,36.33167829112563
TR-036290,2025-08-17,august,Dry Van,2012.0,3827.3,3923.3506531217963,3895.3105636263444,3909.3306083740704,82.0306083740702
TR-036291,2025-08-17,august,Flatbed,748.8,1470.35,1490.5472123819263,1565.3638617226122,1527.9555370522694,57.60553705226948
TR-036292,2025-08-17,august,Dry Van,771.1,1607.91,1766.8258686994118,1744.932054627303,1755.8789616633574,147.96896166335728
TR-036293,2025-08-17,august,Dry Van,2078.2,3974.12,3899.7073540736446,3982.707219937737,3941.207287005691,32.912712994309004
TR-036294,2025-08-17,august,Dry Van,1136.0,2305.45,2136.874500526473,2188.773488649145,2162.823994587809,142.6260054121908
TR-036295,2025-08-17,august,Dry Van,239.7,587.69,578.7253858403125,586.475758016617,582.6005719284647,5.089428071535394
TR-036296,2025-08-17,august,Reefer,619.3,1520.23,1474.8204724785571,1499.0128937076367,1486.916683093097,33.31331690690308
TR-036297,2025-08-17,august,Reefer,1063.8,2405.08,2491.722885086253,2445.383367184208,2468.5531261352307,63.473126135230814
TR-036298,2025-08-17,august,Dry Van,746.4,1508.56,1447.4108837263282,1489.3579128826761,1468.3843983045022,40.17560169549779
TR-036299,2025-08-17,august,Dry Van,505.1,1155.37,1113.4700246803911,1186.0889916322708,1149.7795081563308,5.590491843669042
TR-036300,2025-08-17,august,Dry Van,395.4,880.58,862.4081173029195,879.0324057094722,870.7202615061958,9.85973849380423
TR-036301,2025-08-17,august,Reefer,1053.5,2290.38,2420.3773200409005,2386.8809124038507,2403.6291162223756,113.2491162223755
TR-036302,2025-08-17,august,Dry Van,1380.6,2676.64,2606.796855849245,2711.9014091353147,2659.3491324922798,17.290867507720122
TR-036303,2025-08-17,august,Dry Van,1511.6,2719.32,2742.833744700259,2820.633581494061,2781.7336630971604,62.413663097160224
TR-036304,2025-08-17,august,Dry Van,169.9,470.52,431.5515834110302,522.2567040301758,476.904143720603,6.384143720602992
TR-036305,2025-08-17,august,Dry Van,492.5,1140.31,1108.2546015636563,1119.108738345039,1113.6816699543476,26.62833004565232
TR-036306,2025-08-17,august,Flatbed,2135.5,4307.93,4228.720618283878,4324.150564892087,4276.435591587982,31.494408412017947
TR-036307,2025-08-17,august,Dry Van,387.3,836.43,807.7759880704461,878.1586945760457,842.9673413232459,6.5373413232459825
TR-036308,2025-08-17,august,Dry Van,1029.2,2003.51,2064.664852889526,2062.988023536986,2063.826438213256,60.316438213256106
TR-036309,2025-08-17,august,Dry Van,551.5,1203.26,1154.7629555970282,1185.528269239407,1170.1456124182178,33.11438758178224
TR-036310,2025-08-17,august,Reefer,1280.8,2768.58,2847.836700199425,2739.537365744789,2793.687032972107,25.107032972106936
TR-036311,2025-08-17,august,Reefer,971.6,2159.37,2101.531008082108,2165.1708582970628,2133.3509331895857,26.019066810414188
TR-036312,2025-08-17,august,Dry Van,1364.4,2617.18,2660.0832954123584,2762.508994661498,2711.2961450369285,94.11614503692863
TR-036313,2025-08-17,august,Dry Van,170.6,455.32,447.50365415278964,516.4798687048358,481.9917614288127,26.671761428812715
TR-036314,2025-08-17,august,Dry Van,1035.7,2029.34,2100.3960392115055,2038.6259827545991,2069.511010983052,40.171010983052156
TR-036315,2025-08-17,august,Dry Van,1431.9,2803.91,2849.8003633009425,2935.6842499680797,2892.742306634511,88.83230663451104
TR-036316,2025-08-17,august,Reefer,468.2,1104.37,1069.9104035234345,1088.8843402045306,1079.3973718639827,24.972628136017192
TR-036317,2025-08-17,august,Reefer,1003.4,2222.31,2152.8188331399424,2167.089977140552,2159.954405140247,62.35559485975273
TR-036318,2025-08-17,august,Dry Van,672.5,1400.4,1459.2940216696609,1433.7233640546665,1446.5086928621636,46.10869286216348
TR-036319,2025-08-17,august,Reefer,190.8,571.65,547.4575124156485,617.9040840553548,582.6807982355017,11.03079823550172
TR-036320,2025-08-17,august,Flatbed,576.0,1286.62,1291.5557167427555,1301.1315411532328,1296.3436289479941,9.723628947994257
TR-036321,2025-08-17,august,Dry Van,1776.8,3386.31,3358.8750797717407,3439.7582332320344,3399.3166565018873,13.006656501887392
TR-036322,2025-08-17,august,Dry Van,236.2,580.04,591.8171462210106,614.4875904488697,603.1523683349401,23.11236833494013
TR-036323,2025-08-17,august,Dry Van,832.1,1635.76,1675.494108573983,1610.3834806015814,1642.9387945877822,7.178794587782249
TR-036324,2025-08-17,august,Dry Van,1162.4,2316.54,2265.7963715673545,2259.9302753417605,2262.8633234545578,53.676676545442206
TR-036325,2025-08-17,august,Dry Van,675.8,1440.32,1404.1959379750738,1400.3808022290123,1402.288370102043,38.03162989795692
TR-036326,2025-08-17,august,Reefer,343.7,885.0,828.8195015257785,924.1798164917429,876.4996590087608,8.500340991239227
TR-036327,2025-08-17,august,Dry Van,2158.9,4180.5,4243.797948146325,4173.272435542715,4208.53519184452,28.03519184452034
TR-036328,2025-08-18,august,Flatbed,580.5,1302.19,1258.1712768802056,1283.020085280222,1270.5956810802138,31.594318919786247
TR-036329,2025-08-18,august,Dry Van,422.2,968.56,970.0206760246343,961.6516139010046,965.8361449628194,2.723855037180556
TR-036330,2025-08-18,august,Dry Van,756.2,1486.25,1464.5979160732281,1490.2700047817962,1477.4339604275121,8.816039572487853
TR-036331,2025-08-18,august,Reefer,533.5,1213.62,1201.7197975797806,1185.9050754228426,1193.8124365013116,19.807563498688296
TR-036332,2025-08-18,august,Reefer,357.7,960.39,893.5828801850733,941.2512814144832,917.4170807997782,42.97291920022178
TR-036333,2025-08-18,august,Dry Van,940.0,1873.0,1909.1681601647933,1918.746829378837,1913.9574947718152,40.95749477181516
TR-036334,2025-08-18,august,Flatbed,206.5,530.61,510.9382599222114,593.5112861421503,552.2247730321808,21.61477303218078
TR-036335,2025-08-18,august,Dry Van,890.2,1790.14,1750.23929410326,1788.5370846215574,1769.3881893624086,20.75181063759146
TR-036336,2025-08-18,august,Dry Van,773.3,1463.86,1480.0520693228343,1484.9745474366177,1482.513308379726,18.653308379726013
TR-036337,2025-08-18,august,Dry Van,953.3,7005.3,1938.8983991721855,1986.2694395651213,1962.5839193686534,5042.716080631347
TR-036338,2025-08-18,august,Dry Van,1410.3,2754.32,2831.9926979193388,2883.683728911346,2857.8382134153426,103.51821341534242
TR-036339,2025-08-18,august,Dry Van,2326.8,4459.58,4330.132201190617,4386.277055429562,4358.20462831009,101.37537168991003
TR-036340,2025-08-18,august,Flatbed,431.7,1085.17,1077.0934724606172,1078.3900488004924,1077.7417606305548,7.428239369445237
TR-036341,2025-08-18,august,Dry Van,369.4,824.06,817.3821505507354,862.9837546665158,840.1829526086256,16.12295260862561
TR-036342,2025-08-18,august,Dry Van,1204.4,2422.92,2490.896576931883,2498.7210375956597,2494.808807263771,71.88880726377101
TR-036343,2025-08-18,august,Dry Van,1083.5,2196.65,2279.7127603989893,2273.2821045256346,2276.4974324623117,79.84743246231164
TR-036344,2025-08-18,august,Dry Van,1024.5,2033.9,2018.9252607721842,2096.5827952029413,2057.754027987563,23.85402798756286
TR-036345,2025-08-18,august,Dry Van,596.2,1311.96,1283.90427727377,1221.4387797091342,1252.6715284914521,59.2884715085479
TR-036346,2025-08-18,august,Dry Van,2150.5,4145.32,4159.684741193067,4135.879369719763,4147.782055456415,2.462055456415328
TR-036347,2025-08-18,august,Dry Van,271.6,609.92,591.9352582349641,609.8422253182655,600.8887417766148,9.03125822338518
TR-036348,2025-08-18,august,Reefer,1407.8,3018.58,2958.837335936984,3028.647774028371,2993.7425549826776,24.837445017322352
TR-036349,2025-08-18,august,Reefer,1104.2,2280.83,2310.177047507194,2411.939093593741,2361.058070550467,80.22807055046724
TR-036350,2025-08-18,august,Dry Van,137.8,363.64,335.2955915109245,417.77558052321933,376.5355860170719,12.895586017071935
TR-036351,2025-08-18,august,Reefer,573.9,1474.28,1375.9025515672386,1399.364179868491,1387.6333657178648,86.64663428213521
TR-036352,2025-08-18,august,Dry Van,1321.9,2625.24,2590.2631083479455,2561.9382489435484,2576.100678645747,49.13932135425284
TR-036353,2025-08-18,august,Dry Van,501.5,1182.95,1138.67243655933,1141.9074356689298,1140.28993611413,42.66006388587016
TR-036354,2025-08-18,august,Flatbed,731.6,1588.15,1591.184877324079,1560.821514320874,1576.0031958224765,12.146804177523563
TR-036355,2025-08-18,august,Dry Van,2197.1,4013.6,4177.710802157155,4202.330280503891,4190.020541330523,176.42054133052306
TR-036356,2025-08-18,august,Flatbed,132.5,387.66,371.51725467838196,431.23169485590415,401.37447476714306,13.714474767143031
TR-036357,2025-08-18,august,Dry Van,517.6,1067.44,1032.1052625354512,1058.2009784438562,1045.1531204896537,22.286879510346353
TR-036358,2025-08-18,august,Reefer,362.2,924.05,891.735228604452,969.7565398491749,930.7458842268135,6.695884226813519
TR-036359,2025-08-18,august,Dry Van,1609.3,3251.33,3231.3437802176445,3184.466235045191,3207.905007631418,43.424992368582025
TR-036360,2025-08-18,august,Reefer,1270.1,2867.66,2895.970726523907,2776.837584262992,2836.4041553934494,31.255844606550454
TR-036361,2025-08-18,august,Dry Van,2984.3,5279.47,5208.18363274137,5353.490306983233,5280.836969862301,1.3669698623007207
TR-036362,2025-08-18,august,Dry Van,1082.8,2235.11,2199.31792661288,2238.414090910112,2218.8660087614962,16.243991238503895
TR-036363,2025-08-18,august,Dry Van,2394.6,4469.94,4488.127692696607,4449.4705631557235,4468.799127926165,1.1408720738345437
TR-036364,2025-08-18,august,Reefer,2258.9,4767.02,4535.450731000317,4753.501235589032,4644.475983294675,122.5440167053257
TR-036365,2025-08-18,august,Dry Van,1412.7,2766.01,2862.2490530748964,2762.6564449579478,2812.452749016422,46.44274901642166
TR-036366,2025-08-18,august,Dry Van,1570.9,3101.88,3144.5040236682826,3138.5231068786898,3141.513565273486,39.633565273486056
TR-036367,2025-08-18,august,Dry Van,1869.1,3414.11,3497.288486107059,3557.9461132666906,3527.6172996868745,113.50729968687438
TR-036368,2025-08-18,august,Reefer,201.5,594.86,565.4239632191541,646.6126761605358,606.0183196898449,11.158319689844916
TR-036369,2025-08-18,august,Dry Van,824.6,1655.43,1636.3744363236642,1643.0766077095655,1639.7255220166148,15.704477983385232
TR-036370,2025-08-18,august,Dry Van,541.1,1136.01,1110.3205270388398,1116.2300659120847,1113.2752964754623,22.734703524537736
TR-036371,2025-08-18,august,Dry Van,541.4,5474.99,1159.06095147487,1170.9045591476536,1164.9827553112618,4310.007244688738
TR-036372,2025-08-18,august,Dry Van,1076.4,2101.95,2158.12523896034,2131.0248952027105,2144.575067081525,42.62506708152523
TR-036373,2025-08-18,august,Reefer,652.2,1601.64,1504.438156664946,1527.4504057141842,1515.9442811895651,85.69571881043498
TR-036374,2025-08-18,august,Reefer,383.3,945.7,909.8350860702485,956.8690837636445,933.3520849169465,12.347915083053522
TR-036375,2025-08-18,august,Flatbed,1305.7,2830.13,2795.151904047788,2772.960500728493,2784.0562023881403,46.073797611859845
TR-036376,2025-08-18,august,Dry Van,339.9,764.68,747.2195037667544,762.705081242867,754.9622925048106,9.717707495189302
TR-036377,2025-08-18,august,Flatbed,212.2,592.37,753.601302755485,654.088509144912,703.8449059501985,111.47490595019849
TR-036378,2025-08-18,august,Dry Van,215.8,583.85,561.6704389447402,621.9870460811055,591.8287425129229,7.9787425129228495
TR-036379,2025-08-18,august,Reefer,1087.6,2325.74,2436.869128614548,2314.0638934752183,2375.466511044883,49.72651104488341
TR-036380,2025-08-18,august,Dry Van,177.9,451.84,438.29704180424346,463.0286478466437,450.6628448254436,1.1771551745563897
TR-036381,2025-08-18,august,Dry Van,608.6,1291.52,1250.489000821765,1298.1702052596934,1274.3296030407291,17.190396959270856
TR-036382,2025-08-18,august,Flatbed,2214.7,4435.81,4414.474544362177,4350.339865805174,4382.407205083675,53.40279491632555
TR-036383,2025-08-18,august,Dry Van,698.7,1474.08,1476.605209445986,1480.080376145726,1478.342792795856,4.262792795856058
TR-036384,2025-08-18,august,Reefer,1295.2,3001.21,2910.6852225901757,2822.43169425028,2866.558458420228,134.65154157977213
TR-036385,2025-08-18,august,Reefer,2747.6,5270.1,5372.852667259737,5485.663794898166,5429.258231078951,159.15823107895085
TR-036386,2025-08-18,august,Reefer,784.9,1762.06,1728.0464236604244,1673.4571458754956,1700.75178476796,61.308215232039856
TR-036387,2025-08-18,august,Flatbed,819.8,1780.32,1709.9070381432819,1758.1116628817156,1734.0093505124987,46.31064948750122
TR-036388,2025-08-18,august,Dry Van,1737.5,3216.91,3336.903515866569,3371.7783324900565,3354.340924178313,137.43092417831303
TR-036389,2025-08-18,august,Reefer,2091.4,4407.92,4408.634047711659,4460.642330176688,4434.638188944174,26.718188944173562
TR-036390,2025-08-18,august,Dry Van,466.5,1040.88,1037.4677238231168,1022.7858883297764,1030.1268060764467,10.753193923553454
TR-036391,2025-08-18,august,Dry Van,177.5,475.28,465.9234752887731,478.6263530577762,472.2749141732746,3.005085826725349
TR-036392,2025-08-18,august,Reefer,1280.7,9127.43,2816.2104086768895,2863.0879622837597,2839.6491854803244,6287.780814519676
TR-036393,2025-08-18,august,Dry Van,1549.0,2986.01,3004.8275035600914,3000.2870074863467,3002.5572555232193,16.547255523219064
TR-036394,2025-08-18,august,Flatbed,2119.7,4112.57,4018.7527126956834,4191.725947008295,4105.239329851989,7.33067014801054
TR-036395,2025-08-18,august,Flatbed,1504.2,3004.7,2986.500176132905,3049.245300979144,3017.872738556024,13.172738556024342
TR-036396,2025-08-18,august,Flatbed,621.3,1405.11,1386.4849549153173,1422.6262639932986,1404.555609454308,0.554390545691831
TR-036397,2025-08-18,august,Dry Van,399.0,921.85,883.4348802073788,901.0628915599918,892.2488858836853,29.60111411631476
TR-036398,2025-08-18,august,Reefer,2561.7,5391.98,5062.762881088284,5242.292831071363,5152.527856079823,239.45214392017624
TR-036399,2025-08-18,august,Reefer,1215.0,2704.57,2693.21764142736,2690.8536689643356,2692.0356551958475,12.534344804152624
TR-036400,2025-08-18,august,Dry Van,1742.1,3284.18,3453.7189207326232,3323.054516913112,3388.386718822868,104.20671882286797
TR-036401,2025-08-18,august,Dry Van,704.0,1396.72,1394.5589432721576,1417.248428895238,1405.9036860836977,9.183686083697694
TR-036402,2025-08-18,august,Dry Van,439.1,1066.18,1066.9377529162819,1046.8615833193217,1056.8996681178019,9.280331882198197
TR-036403,2025-08-18,august,Dry Van,1664.3,3184.97,3402.8853267459235,3321.100635524897,3361.9929811354104,177.02298113541065
TR-036404,2025-08-18,august,Dry Van,2496.6,4600.41,4606.813575474767,4609.831090475013,4608.322332974891,7.912332974890887
TR-036405,2025-08-18,august,Reefer,1594.1,3414.08,3433.8518481451165,3449.9940497350935,3441.922948940105,27.84294894010509
TR-036406,2025-08-18,august,Dry Van,1341.6,2600.97,2561.5017656209375,2606.211217167117,2583.856491394027,17.113508605972584
TR-036407,2025-08-18,august,Dry Van,1168.0,2356.65,2370.1421770190805,2230.0155011622683,2300.0788390906746,56.5711609093255
TR-036408,2025-08-18,august,Dry Van,1618.2,2950.3,3152.19145658016,3136.9870489047307,3144.5892527424453,194.28925274244511
TR-036409,2025-08-18,august,Flatbed,504.6,1205.97,1167.6082756320966,1182.419899112777,1175.0140873724367,30.955912627563293
TR-036410,2025-08-18,august,Reefer,446.5,1119.34,1077.7144990269035,1125.7199756531516,1101.7172373400276,17.622762659972295
TR-036411,2025-08-18,august,Dry Van,523.9,1151.14,1140.0766595008104,1145.0771985126994,1142.5769290067549,8.56307099324522
TR-036412,2025-08-18,august,Dry Van,1344.1,2691.6,2705.5512139225593,2699.5626476204043,2702.556930771482,10.956930771481893
TR-036413,2025-08-18,august,Flatbed,820.0,1783.71,1724.524186452571,1767.2255404828195,1745.8748634676954,37.83513653230466
TR-036414,2025-08-18,august,Dry Van,218.7,552.32,544.5218389096019,610.9789629037921,577.750400906697,25.430400906696946
TR-036415,2025-08-18,august,Dry Van,620.9,1323.71,1297.7903589375119,1259.369662665777,1278.5800108016444,45.12998919835559
TR-036416,2025-08-18,august,Dry Van,612.1,1222.79,1196.081249938428,1221.1186521141556,1208.5999510262918,14.190048973708144
TR-036417,2025-08-18,august,Reefer,1220.0,2446.14,2547.8991448537386,2406.0855119999837,2476.992328426861,30.852328426861277
TR-036418,2025-08-18,august,Flatbed,546.0,1253.85,1219.7434437689783,1207.5337271039043,1213.6385854364412,40.21141456355872
TR-036419,2025-08-18,august,Dry Van,875.3,1870.75,1999.6674169800897,1894.2586294749176,1946.9630232275035,76.21302322750353
TR-036420,2025-08-18,august,Dry Van,799.6,1694.82,1682.082586621432,1679.5420452709986,1680.8123159462152,14.007684053784715
TR-036421,2025-08-18,august,Dry Van,430.1,1041.44,1051.1100830353946,1025.6004613041018,1038.3552721697483,3.0847278302517225
TR-036422,2025-08-18,august,Reefer,748.3,1695.68,1622.2535443084548,1646.6503537972508,1634.4519490528528,61.22805094714727
TR-036423,2025-08-18,august,Reefer,352.5,907.4,891.48187418133,903.1287686204198,897.3053214008748,10.094678599125132
TR-036424,2025-08-18,august,Flatbed,2123.3,4036.53,4036.0550950878646,4099.936569904566,4067.9958324962154,31.46583249621517
TR-036425,2025-08-18,august,Flatbed,1037.7,2205.14,2147.7305104359007,2239.346985628597,2193.538748032249,11.601251967751068
TR-036426,2025-08-18,august,Reefer,1677.2,3675.29,3417.5383666908133,3639.1393625719734,3528.3388646313933,146.95113536860663
TR-036427,2025-08-18,august,Dry Van,1057.8,2094.68,2143.677723624637,2138.499865186678,2141.0887944056576,46.40879440565777
TR-036428,2025-08-18,august,Dry Van,2041.0,3807.79,3866.2946732933337,3948.474890564614,3907.384781928974,99.59478192897404
TR-036429,2025-08-18,august,Flatbed,1925.2,4223.98,4002.3732399998557,4010.22563294881,4006.2994364743327,217.6805635256669
TR-036430,2025-08-18,august,Dry Van,468.7,1038.63,1023.6443753610922,1006.6625996946657,1015.153487527879,23.476512472121158
TR-036431,2025-08-18,august,Reefer,286.8,713.95,677.4849728270212,739.2743324245967,708.379652625809,5.570347374191101
TR-036432,2025-08-18,august,Dry Van,1911.7,3634.28,3635.211086745671,3673.734833425428,3654.4729600855494,20.192960085549203
TR-036433,2025-08-18,august,Flatbed,1716.3,3443.19,3267.8497465717787,3453.667150893689,3360.758448732734,82.43155126726606
TR-036434,2025-08-18,august,Reefer,652.9,1497.08,1479.3371837931506,1448.1355360101627,1463.7363599016567,33.34364009834326
TR-036435,2025-08-18,august,Reefer,2352.2,4874.55,4805.917022020104,4897.430095711428,4851.673558865767,22.876441134233573
TR-036436,2025-08-18,august,Flatbed,334.6,845.52,797.1802174813996,896.2029128318932,846.6915651566464,1.1715651566464658
TR-036437,2025-08-18,august,Flatbed,2363.5,4633.79,4620.912434435369,4773.074150577779,4696.993292506573,63.203292506573234
TR-036438,2025-08-18,august,Dry Van,1402.7,2608.3,2686.503507626255,2657.286756450252,2671.895132038254,63.59513203825372
TR-036439,2025-08-18,august,Dry Van,488.8,1073.13,1026.0711708880085,1061.3655124077104,1043.7183416478595,29.41165835214065
TR-036440,2025-08-18,august,Dry Van,1556.0,2924.85,3051.94537169994,2983.231218183086,3017.588294941513,92.73829494151323
TR-036441,2025-08-18,august,Dry Van,306.5,742.67,743.0302899846091,783.9889520755557,763.5096210300824,20.839621030082412
TR-036442,2025-08-18,august,Flatbed,1516.2,3055.59,2988.401464301502,3165.3692797431568,3076.8853720223296,21.295372022329502
TR-036443,2025-08-18,august,Dry Van,1402.8,2569.04,2818.748727875893,2738.7344657761523,2778.741596826023,209.70159682602298
TR-036444,2025-08-18,august,Dry Van,725.6,1541.79,1543.5220148701264,1488.9286613584118,1516.225338114269,25.564661885730857
TR-036445,2025-08-18,august,Reefer,1711.6,3784.74,3652.206104616377,3712.775046275183,3682.49057544578,102.24942455421979
TR-036446,2025-08-18,august,Flatbed,471.5,1179.95,1130.479894224121,1170.0706534747135,1150.2752738494173,29.674726150582728
TR-036447,2025-08-18,august,Dry Van,777.3,1593.1,1556.7824825734247,1533.0936440771197,1544.9380633252722,48.16193667472771
TR-036448,2025-08-18,august,Dry Van,875.3,1621.52,1641.5802773865898,1654.9850956430066,1648.2826865147981,26.762686514798133
TR-036449,2025-08-18,august,Flatbed,672.3,1540.02,1557.4000753477033,1493.2432950567622,1525.3216852022329,14.698314797767125
TR-036450,2025-08-18,august,Dry Van,345.3,830.01,795.7848028692117,832.7107767644395,814.2477898168256,15.762210183174375
TR-036451,2025-08-18,august,Flatbed,866.2,1881.25,2072.939749472907,2001.6904508080074,2037.3151001404572,156.06510014045716
TR-036452,2025-08-18,august,Reefer,219.9,631.79,601.6730091383997,674.5970145172007,638.1350118278002,6.345011827800249
TR-036453,2025-08-18,august,Dry Van,1609.0,3197.64,3092.059478672196,3230.8163371623123,3161.437907917254,36.20209208274582
TR-036454,2025-08-18,august,Reefer,483.4,1219.62,1157.2618401768614,1194.1278302980086,1175.694835237435,43.92516476256492
TR-036455,2025-08-18,august,Reefer,1950.6,3946.97,4027.411624225006,4047.7785126077506,4037.595068416378,90.62506841637833
TR-036456,2025-08-18,august,Dry Van,921.4,1799.23,1811.675479824164,1770.849518660146,1791.2624992421552,7.967500757844846
TR-036457,2025-08-18,august,Flatbed,673.1,1389.5,1428.6667105586844,1389.9827298382284,1409.3247201984564,19.82472019845636
TR-036458,2025-08-18,august,Reefer,1223.8,2763.16,2735.4152960827837,2550.0141712079712,2642.7147336453772,120.44526635462262
TR-036459,2025-08-18,august,Flatbed,1630.0,3493.69,3445.526364055055,3438.904469445717,3442.215416750386,51.47458324961417
TR-036460,2025-08-18,august,Reefer,469.3,1104.2,1096.1387078124935,1088.5617609097503,1092.350234361122,11.849765638878125
TR-036461,2025-08-18,august,Dry Van,1709.3,3292.21,3225.4445404039893,3131.854830571222,3178.649685487606,113.56031451239414
TR-036462,2025-08-18,august,Dry Van,1087.2,2140.29,2196.5874447135766,2196.916604752527,2196.7520247330517,56.46202473305175
TR-036463,2025-08-18,august,Dry Van,679.8,1333.56,1312.0878723866872,1337.9622385449668,1325.0250554658269,8.534944534173064
TR-036464,2025-08-18,august,Reefer,1618.6,3545.35,3443.08789582144,3519.644790857764,3481.366343339602,63.98365666039808
TR-036465,2025-08-18,august,Dry Van,94.4,246.24,259.5646736878431,295.2468081116924,277.40574089976775,31.16574089976774
TR-036466,2025-08-18,august,Flatbed,852.1,1876.54,1856.2580200376674,1887.8098471860937,1872.0339336118805,4.506066388119507
TR-036467,2025-08-18,august,Dry Van,366.5,870.16,841.6480312211196,873.6840817228688,857.6660564719941,12.493943528005843
TR-036468,2025-08-18,august,Reefer,220.8,646.37,601.1062296971663,669.4357418108323,635.2709857539993,11.099014246000706
TR-036469,2025-08-18,august,Dry Van,1329.0,2662.1,2714.271273725801,2651.2617175448554,2682.7664956353283,20.666495635328374
TR-036470,2025-08-18,august,Reefer,1002.5,2450.2,2286.9372921174427,2345.554745370173,2316.246018743808,133.95398125619204
TR-036471,2025-08-18,august,Reefer,798.9,1881.24,1808.3121712887637,1835.5806685523044,1821.946419920534,59.29358007946598
TR-036472,2025-08-18,august,Flatbed,534.4,1239.46,1297.9378821298756,1255.8562644733402,1276.8970733016079,37.437073301607825
TR-036473,2025-08-18,august,Reefer,830.6,2022.38,1981.9407811033618,1866.2529463955177,1924.0968637494398,98.28313625056035
TR-036474,2025-08-18,august,Dry Van,475.7,1068.71,1060.2056324007388,1075.0623145621253,1067.633973481432,1.076026518568142
TR-036475,2025-08-18,august,Dry Van,1632.1,3088.48,3133.4689372974103,3203.315731927848,3168.3923346126294,79.91233461262937
TR-036476,2025-08-18,august,Reefer,1142.7,2533.85,2555.417793981821,2406.693945473179,2481.0558697275,52.79413027249984
TR-036477,2025-08-18,august,Dry Van,255.9,648.16,633.4239105573042,740.7504445229283,687.0871775401163,38.927177540116304
TR-036478,2025-08-19,august,Dry Van,2087.2,4062.45,3996.4105025380563,4076.1351831615084,4036.272842849782,26.17715715021768
TR-036479,2025-08-19,august,Dry Van,1317.3,2528.12,2564.0463148688063,2595.008930638659,2579.5276227537324,51.40762275373254
TR-036480,2025-08-19,august,Flatbed,1011.3,2170.15,2139.526932910229,2185.104149488026,2162.3155411991274,7.834458800872653
TR-036481,2025-08-19,august,Flatbed,1249.0,2807.51,2754.1661570430897,2736.535876580302,2745.351016811696,62.15898318830432
TR-036482,2025-08-19,august,Reefer,2196.2,4494.76,4468.863692968475,4600.285424397485,4534.57455868298,39.81455868297962
TR-036483,2025-08-19,august,Dry Van,287.7,700.81,666.1123324501054,746.7162909984252,706.4143117242653,5.604311724265358
TR-036484,2025-08-19,august,Dry Van,684.0,1434.06,1412.7726180325715,1441.2242000094257,1426.9984090209987,7.0615909790012665
TR-036485,2025-08-19,august,Flatbed,623.6,1421.04,1382.7846177434528,1371.6704169496904,1377.2275173465716,43.81248265342833
TR-036486,2025-08-19,august,Dry Van,1855.1,3248.51,3484.624510779493,3412.919546174686,3448.7720284770894,200.2620284770892
TR-036487,2025-08-19,august,Dry Van,1910.2,3482.69,3709.0344374973574,3562.8538957802684,3635.944166638813,153.25416663881288
TR-036488,2025-08-19,august,Flatbed,942.5,1940.19,1893.1777033732126,1885.8601976538898,1889.5189505135513,50.67104948644874
TR-036489,2025-08-19,august,Reefer,203.0,577.87,554.0427911208848,614.961907920705,584.502349520795,6.632349520794946
TR-036490,2025-08-19,august,Dry Van,957.2,1938.92,1974.16950929845,1982.5586634255374,1978.3640863619937,39.44408636199364
TR-036491,2025-08-19,august,Flatbed,1165.8,2529.01,2534.278144834939,2482.136371426826,2508.2072581308826,20.802741869117654
TR-036492,2025-08-19,august,Flatbed,2057.9,4145.98,4229.5718178299685,4145.774810548563,4187.6733141892655,41.69331418926595
TR-036493,2025-08-19,august,Reefer,1703.9,3683.08,3582.3798141607986,3609.5358222703217,3595.95781821556,87.12218178443982
TR-036494,2025-08-19,august,Reefer,215.5,621.06,608.3698098875614,685.2959797777582,646.8328948326598,25.77289483265986
TR-036495,2025-08-19,august,Reefer,1065.4,2412.3,2421.5440258458966,2310.74338860595,2366.143707225923,46.156292774076974
TR-036496,2025-08-19,august,Flatbed,723.7,1602.28,1546.3902437220756,1515.614076265203,1531.0021599936395,71.27784000636052
TR-036497,2025-08-19,august,Reefer,2493.0,5007.09,4959.550902700213,4973.834592023821,4966.692747362016,40.39725263798391
TR-036498,2025-08-19,august,Dry Van,2080.3,3974.93,4095.8616471492746,4050.179516069331,4073.020581609303,98.09058160930317
TR-036499,2025-08-19,august,Dry Van,2108.2,3785.29,4021.9335844639577,3980.802266698038,4001.3679255809975,216.07792558099754
TR-036500,2025-08-19,august,Dry Van,2002.9,3699.85,3826.0258625411134,3751.892234273,3788.959048407057,89.10904840705689
TR-036501,2025-08-19,august,Dry Van,1967.7,3577.21,3711.346318019965,3640.3938658376474,3675.8700919288062,98.6600919288062
TR-036502,2025-08-19,august,Reefer,941.1,2123.58,2098.289424779046,2122.3020297906432,2110.2957272848444,13.284272715155566
TR-036503,2025-08-19,august,Reefer,2592.1,5212.13,5071.473217396307,5219.8372829092605,5145.655250152784,66.47474984721612
TR-036504,2025-08-19,august,Dry Van,673.4,1360.75,1335.2886118840381,1341.546008935232,1338.417310409635,22.332689590364907
TR-036505,2025-08-19,august,Reefer,1389.2,2928.8,3027.058978430695,3105.8568522733776,3066.4579153520363,137.65791535203607
TR-036506,2025-08-19,august,Dry Van,2014.1,3687.08,3678.0059838011794,3719.6711207237904,3698.838552262485,11.758552262484955
TR-036507,2025-08-19,august,Dry Van,636.4,1239.01,1240.553924296562,1253.2316704812993,1246.8927973889306,7.882797388930612
TR-036508,2025-08-19,august,Dry Van,303.6,698.91,651.155186340127,738.611530824739,694.883358582433,4.026641417567021
TR-036509,2025-08-19,august,Dry Van,936.0,1890.03,1869.720338116047,1831.0717331053202,1850.3960356106836,39.63396438931636
TR-036510,2025-08-19,august,Dry Van,1803.6,3376.05,3518.1459946905666,3446.994860147096,3482.570427418831,106.52042741883088
TR-036511,2025-08-19,august,Dry Van,197.0,484.6,481.4357642393285,540.1801157651321,510.8079400022303,26.20794000223026
TR-036512,2025-08-19,august,Dry Van,1753.5,3328.76,3413.093210468212,3291.202064482759,3352.1476374754857,23.387637475485462
TR-036513,2025-08-19,august,Reefer,1337.5,2946.23,3035.832607407704,3030.6092967394275,3033.220952073566,86.99095207356595
TR-036514,2025-08-19,august,Reefer,727.7,1713.96,1709.244900663091,1608.0721212609878,1658.6585109620394,55.301489037960664
TR-036515,2025-08-19,august,Dry Van,1483.3,2876.51,2890.983619585956,2891.8432231976103,2891.4134213917832,14.903421391783013
TR-036516,2025-08-19,august,Dry Van,1004.8,2088.96,2108.121860824223,2059.4781593926723,2083.8000101084476,5.159989891552414
TR-036517,2025-08-19,august,Dry Van,1987.2,3594.09,3431.1209885846247,3633.5482709726757,3532.33462977865,61.75537022134995
TR-036518,2025-08-19,august,Dry Van,1836.5,3494.05,3571.3573183369535,3625.3667412106106,3598.362029773782,104.31202977378189
TR-036519,2025-08-19,august,Dry Van,480.1,1114.24,1073.8836748993092,1101.4807878889833,1087.6822313941461,26.55776860585388
TR-036520,2025-08-19,august,Reefer,1172.3,2714.49,2660.4564291000925,2555.5801317146806,2608.0182804073866,106.47171959261323
TR-036521,2025-08-19,august,Dry Van,636.2,1401.37,1363.3524116181825,1374.5396914417256,1368.946051529954,32.42394847004584
TR-036522,2025-08-19,august,Dry Van,1064.5,2062.24,2083.495467668938,2036.2829774679874,2059.8892225684626,2.3507774315371535
TR-036523,2025-08-19,august,Dry Van,434.6,910.62,922.3174262237776,933.4101810302045,927.8638036269911,17.243803626991053
TR-036524,2025-08-19,august,Reefer,1087.4,2451.68,2439.525750512603,2345.5638937994577,2392.54482215603,59.135177843969814
TR-036525,2025-08-19,august,Reefer,815.1,1876.04,1784.1403742697883,1777.6627430523783,1780.9015586610833,95.13844133891666
TR-036526,2025-08-19,august,Reefer,231.8,643.19,618.1747020711896,699.7533706393613,658.9640363552754,15.77403635527537
TR-036527,2025-08-19,august,Reefer,1002.5,2168.16,2276.2175529898973,2301.1601429529364,2288.688847971417,120.52884797141724
TR-036528,2025-08-19,august,Dry Van,1868.6,3719.7,3753.038495641502,3644.442773393015,3698.7406345172585,20.959365482741305
TR-036529,2025-08-19,august,Dry Van,1801.5,3308.92,3463.3072625315904,3305.6421699848725,3384.4747162582316,75.55471625823157
TR-036530,2025-08-19,august,Dry Van,1371.4,2682.76,2819.171657188541,2774.8220098499696,2796.9968335192552,114.23683351925501
TR-036531,2025-08-19,august,Reefer,633.4,1574.32,1516.63951830627,1452.3846011386108,1484.5120597224404,89.80794027755951
TR-036532,2025-08-19,august,Reefer,1993.9,4083.58,4008.1064918799157,4003.3953919846344,4005.750941932275,77.82905806772487
TR-036533,2025-08-19,august,Dry Van,971.4,1889.76,1962.5124508906988,1982.4435466418013,1972.47799876625,82.71799876625005
TR-036534,2025-08-19,august,Flatbed,2360.1,4693.35,4186.738618123193,4674.261174565533,4430.499896344363,262.8501036556372
TR-036535,2025-08-19,august,Dry Van,1560.2,3092.36,3180.4069826585423,3124.053184111464,3152.230083385003,59.870083385003
TR-036536,2025-08-19,august,Reefer,451.1,1094.04,1087.8703270439269,1090.446641186574,1089.1584841152503,4.8815158847496605
TR-036537,2025-08-19,august,Reefer,445.9,1201.66,1133.8977234993556,1171.8423140393647,1152.8700187693603,48.789981230639796
TR-036538,2025-08-19,august,Dry Van,1403.8,2757.2,2593.7133856424553,2713.80715683551,2653.7602712389826,103.43972876101725
TR-036539,2025-08-19,august,Dry Van,1240.2,2296.67,2430.7899055041185,2310.318249418928,2370.5540774615233,73.88407746152325
TR-036540,2025-08-19,august,Dry Van,1382.4,2650.75,2761.1720778035233,2661.7027234297175,2711.4374006166204,60.68740061662038
TR-036541,2025-08-19,august,Dry Van,492.4,1098.72,1099.9860089521076,1119.2941749347733,1109.6400919434404,10.920091943440411
TR-036542,2025-08-19,august,Dry Van,609.9,1292.85,1275.3880049901056,1297.240742794333,1286.3143738922195,6.535626107780445
TR-036543,2025-08-19,august,Flatbed,305.0,780.91,775.7402413647393,790.6768097807003,783.2085255727197,2.298525572719768
TR-036544,2025-08-19,august,Dry Van,1218.4,2459.64,2481.2165436533664,2440.3248339366837,2460.7706887950253,1.130688795025435
TR-036545,2025-08-19,august,Dry Van,1448.0,2801.49,2839.7177391052505,2814.041669513673,2826.879704309462,25.389704309462104
TR-036546,2025-08-19,august,Reefer,312.0,881.77,849.8767789304459,880.1476232278103,865.0122010791281,16.757798920871892
TR-036547,2025-08-19,august,Dry Van,2249.7,4040.94,4049.8030798349632,4203.505832251623,4126.654456043293,85.71445604329301
TR-036548,2025-08-19,august,Flatbed,90.0,269.95,255.85173427310446,383.42398424747967,319.6378592602921,49.6878592602921
TR-036549,2025-08-19,august,Dry Van,657.0,1487.21,1424.882507310841,1426.0323492281595,1425.4574282695003,61.75257173049977
TR-036550,2025-08-19,august,Reefer,833.4,1881.32,1870.7148379692806,1834.6568973211668,1852.6858676452237,28.634132354776284
TR-036551,2025-08-19,august,Flatbed,689.3,1649.02,1574.6313116864649,1606.1032530154876,1590.3672823509762,58.65271764902377
TR-036552,2025-08-19,august,Reefer,1607.6,3390.6,3424.3956808117373,3420.19218034649,3422.2939305791137,31.69393057911384
TR-036553,2025-08-19,august,Flatbed,1214.7,2499.47,2605.452760277235,2635.8066979521013,2620.6297291146684,121.15972911466861
TR-036554,2025-08-19,august,Flatbed,671.5,1415.92,1461.1444077055078,1416.765385077565,1438.9548963915363,23.034896391536222
TR-036555,2025-08-19,august,Dry Van,1130.8,2284.29,2348.242629689619,2272.311292610672,2310.2769611501453,25.986961150145362
TR-036556,2025-08-19,august,Reefer,774.9,1813.52,1804.9778985104758,1818.5740347752205,1811.7759666428483,1.744033357151693
TR-036557,2025-08-19,august,Reefer,457.8,1186.67,1179.971794537383,1161.8205387602188,1170.8961666488008,15.7738333511993
TR-036558,2025-08-19,august,Flatbed,252.7,640.91,624.8963931858602,680.6851468192558,652.790770002558,11.880770002558052
TR-036559,2025-08-19,august,Dry Van,1751.2,3199.7,3319.559319783685,3288.0395159771033,3303.7994178803942,104.09941788039441
TR-036560,2025-08-19,august,Dry Van,122.0,330.59,318.51821974297593,356.9523370656841,337.73527840433,7.145278404330043
TR-036561,2025-08-19,august,Dry Van,804.2,1762.13,1689.0229740187058,1710.817774502266,1699.920374260486,62.209625739514195
TR-036562,2025-08-19,august,Dry Van,1303.1,2439.47,2425.77687066159,2476.5181293866503,2451.14750002412,11.677500024120036
TR-036563,2025-08-19,august,Reefer,523.3,1363.3,1282.718829843224,1298.2031226362387,1290.4609762397313,72.83902376026867
TR-036564,2025-08-19,august,Flatbed,786.1,1700.11,1693.4917966952075,1718.8316557699645,1706.161726232586,6.051726232586134
TR-036565,2025-08-19,august,Reefer,322.0,888.84,824.1351779728053,843.2044294644429,833.669803718624,55.17019628137598
TR-036566,2025-08-19,august,Dry Van,331.2,768.75,735.9251856839468,760.3776314712554,748.1514085776012,20.59859142239884
TR-036567,2025-08-19,august,Dry Van,174.8,423.14,414.66328853878014,406.39668322003126,410.5299858794057,12.610014120594315
TR-036568,2025-08-19,august,Reefer,854.5,2057.14,2131.2272239869267,2075.841667870075,2103.5344459285006,46.39444592850077
TR-036569,2025-08-19,august,Dry Van,1144.1,2365.86,2098.570108693365,2063.050915312222,2080.8105120027935,285.0494879972066
TR-036570,2025-08-19,august,Dry Van,2314.8,4523.85,4406.528597668171,4577.131782010904,4491.8301898395375,32.01981016046284
TR-036571,2025-08-19,august,Dry Van,1230.7,2401.06,2215.4347110318736,2407.4058693568863,2311.42029019438,89.63970980561999
TR-036572,2025-08-19,august,Reefer,204.3,611.69,574.3756177865412,643.8595752118658,609.1175964992035,2.572403500796554
TR-036573,2025-08-19,august,Dry Van,997.2,1834.73,1963.4053175510903,1946.8603861586573,1955.132851854874,120.40285185487392
TR-036574,2025-08-19,august,Reefer,1799.7,3876.58,3841.9468842743718,3728.0870517632407,3785.0169680188064,91.56303198119349
TR-036575,2025-08-19,august,Dry Van,2263.3,4178.76,4168.279451095878,4211.274007279599,4189.776729187739,11.016729187738747
TR-036576,2025-08-19,august,Flatbed,962.2,2125.87,2074.531562027434,2061.143279917601,2067.8374209725175,58.03257902748237
TR-036577,2025-08-19,august,Dry Van,364.9,808.98,786.5709771465058,841.7236180553489,814.1472976009273,5.167297600927327
TR-036578,2025-08-19,august,Reefer,2654.4,5132.34,5346.026804496967,5245.784540604383,5295.905672550675,163.56567255067512
TR-036579,2025-08-19,august,Reefer,1846.4,3954.67,4093.4169211031012,4020.2123579377294,4056.8146395204153,102.14463952041524
TR-036580,2025-08-19,august,Reefer,2012.9,4222.39,4227.623046422534,4228.82600127749,4228.224523850012,5.834523850011465
TR-036581,2025-08-19,august,Flatbed,301.4,779.19,752.60482393811,792.5220635863529,772.5634437622315,6.626556237768568
TR-036582,2025-08-19,august,Reefer,102.8,305.5,284.3961988040282,323.1238377888758,303.760018296452,1.7399817035479828
TR-036583,2025-08-19,august,Dry Van,427.2,927.53,974.7689569011226,949.5781429049823,962.1735499030524,34.64354990305242
TR-036584,2025-08-19,august,Dry Van,2324.6,4263.95,4304.169048187732,4437.89714812935,4371.033098158541,107.08309815854136
TR-036585,2025-08-19,august,Flatbed,421.7,1070.05,1043.859221000255,1065.2937784842977,1054.5764997422764,15.473500257723572
TR-036586,2025-08-19,august,Dry Van,783.6,1551.73,1566.3137360126543,1562.5836573537567,1564.4486966832055,12.718696683205508
TR-036587,2025-08-19,august,Flatbed,2659.2,5028.79,5027.548781201942,5222.539124715586,5125.043952958764,96.25395295876388
TR-036588,2025-08-19,august,Reefer,594.2,1432.27,1368.2300351919487,1348.2415093453274,1358.235772268638,74.03422773136208
TR-036589,2025-08-19,august,Reefer,468.4,1249.37,1206.6706773570647,1223.0631096349193,1214.866893495992,34.503106504007974
TR-036590,2025-08-19,august,Dry Van,1542.0,3132.86,3129.2790556670884,3067.967625988211,3098.6233408276494,34.236659172350755
TR-036591,2025-08-19,august,Dry Van,221.1,545.0,559.8431390386838,611.4444358830922,585.643787460888,40.64378746088801
TR-036592,2025-08-19,august,Dry Van,1632.0,3215.76,3298.0437870737546,3262.029072434424,3280.036429754089,64.2764297540889
TR-036593,2025-08-19,august,Dry Van,943.4,2014.18,2016.402661606317,2000.8905839205713,2008.6466227634442,5.533377236555907
TR-036594,2025-08-19,august,Dry Van,1324.8,2571.46,2602.7579208552775,2653.693346943374,2628.2256338993257,56.76563389932562
TR-036595,2025-08-19,august,Reefer,450.5,1139.56,1100.7859300967673,1131.610049463679,1116.197989780223,23.36201021977695
TR-036596,2025-08-19,august,Dry Van,2978.9,5055.89,5321.281929134509,5212.665631177699,5266.973780156104,211.08378015610378
TR-036597,2025-08-19,august,Reefer,821.2,1867.51,1883.165327888318,1772.5427242289843,1827.854026058651,39.655973941348975
TR-036598,2025-08-19,august,Flatbed,142.3,1233.19,354.39169381396624,440.5336240662682,397.4626589401172,835.7273410598829
TR-036599,2025-08-19,august,Flatbed,783.9,1651.75,1606.60008327218,1568.267763368771,1587.4339233204755,64.31607667952449
TR-036600,2025-08-19,august,Dry Van,1083.8,2183.06,2187.966487721852,2150.8538028814464,2169.410145301649,13.649854698350737
TR-036601,2025-08-19,august,Dry Van,2721.5,4622.21,4707.158666484574,4960.71877325224,4833.938719868407,211.7287198684071
TR-036602,2025-08-19,august,Reefer,1474.0,3186.96,3168.7300063354423,3273.6405009049886,3221.1852536202155,34.225253620215426
TR-036603,2025-08-19,august,Dry Van,2151.2,4157.95,4126.572255719942,4161.570903282598,4144.07157950127,13.87842049872961
TR-036604,2025-08-19,august,Flatbed,471.5,1086.93,1093.0544003702712,1077.4651293120728,1085.259764841172,1.6702351588280635
TR-036605,2025-08-19,august,Dry Van,1586.1,2969.49,3178.3198413339574,3106.3931233766866,3142.356482355322,172.8664823553222
TR-036606,2025-08-19,august,Reefer,2446.4,5016.26,5019.229952917852,4960.762331495525,4989.996142206688,26.263857793312127
TR-036607,2025-08-19,august,Reefer,75.9,251.48,250.12906459552798,405.7925324387229,327.96079851712545,76.48079851712546
TR-036608,2025-08-19,august,Dry Van,176.5,475.77,459.0351247475796,497.2265826660446,478.1308537068121,2.3608537068121223
TR-036609,2025-08-19,august,Reefer,2251.7,4493.84,4550.5594857397855,4505.2084895565495,4527.883987648167,34.043987648166876
TR-036610,2025-08-20,august,Reefer,98.4,1386.42,278.2607841802218,312.42377706797106,295.3422806240964,1091.0777193759036
TR-036611,2025-08-20,august,Reefer,515.0,1283.24,1250.154400949813,1237.2815019751938,1243.7179514625034,39.52204853749663
TR-036612,2025-08-20,august,Flatbed,1716.1,3774.05,3644.692143935934,3745.0653748746795,3694.8787594053065,79.1712405946937
TR-036613,2025-08-20,august,Dry Van,1092.6,2310.44,2263.9257805631864,2178.991423551238,2221.4586020572124,88.98139794278768
TR-036614,2025-08-20,august,Dry Van,1415.5,2867.53,2977.4137069871117,2882.5508599389354,2929.9822834630236,62.45228346302338
TR-036615,2025-08-20,august,Dry Van,2166.7,4091.63,4021.036170169925,4044.2709927778615,4032.653581473893,58.976418526106954
TR-036616,2025-08-20,august,Flatbed,295.9,2104.27,699.1839209564525,746.0955348257266,722.6397278910896,1381.6302721089105
TR-036617,2025-08-20,august,Dry Van,2182.9,3897.69,4143.061520490208,4083.3530356540336,4113.207278072121,215.51727807212092
TR-036618,2025-08-20,august,Reefer,931.8,2244.64,2174.161160563153,2130.506920089629,2152.334040326391,92.30595967360887
TR-036619,2025-08-20,august,Reefer,1244.1,2651.55,2749.369780526039,2667.937104381276,2708.6534424536576,57.10344245365741
TR-036620,2025-08-20,august,Dry Van,1113.5,2380.7,2254.5133239677452,2261.2197891905594,2257.8665565791525,122.83344342084729
TR-036621,2025-08-20,august,Reefer,305.4,829.39,810.8160671108743,849.8485361489727,830.3323016299234,0.9423016299234632
TR-036622,2025-08-20,august,Dry Van,658.6,1473.56,1407.5163314071988,1424.4790531838291,1415.9976922955138,57.5623077044861
TR-036623,2025-08-20,august,Dry Van,1895.0,3636.99,3712.400399092492,3640.5041271108803,3676.452263101686,39.4622631016864
TR-036624,2025-08-20,august,Dry Van,401.3,915.54,911.0755145780422,883.2166765008747,897.1460955394584,18.393904460541535
TR-036625,2025-08-20,august,Dry Van,556.2,1183.23,1156.2098706769852,1172.9185823970215,1164.5642265370034,18.66577346299664
TR-036626,2025-08-20,august,Dry Van,2299.3,4304.02,4250.183371918596,4197.890327237265,4224.036849577931,79.98315042206923
TR-036627,2025-08-20,august,Dry Van,2519.4,4808.84,4693.393021418907,4785.8973216180675,4739.645171518487,69.19482848151347
TR-036628,2025-08-20,august,Dry Van,618.8,1391.56,1368.8394626004108,1360.8590831935176,1364.849272896964,26.71072710303588
TR-036629,2025-08-20,august,Reefer,554.9,1284.09,1257.3789765232477,1231.3567641791494,1244.3678703511987,39.72212964880123
TR-036630,2025-08-20,august,Dry Van,737.9,1595.82,1696.3634897044872,1628.9075225230501,1662.6355061137688,66.81550611376883
TR-036631,2025-08-20,august,Dry Van,1449.2,2925.66,2889.9782058280352,2983.0076915943164,2936.492948711176,10.832948711175959
TR-036632,2025-08-20,august,Flatbed,1645.5,3402.74,3431.9441879781507,3523.3240826489728,3477.6341353135617,74.89413531356195
TR-036633,2025-08-20,august,Dry Van,1807.4,3447.63,3555.085139472445,3497.0753367007073,3526.080238086576,78.45023808657606
TR-036634,2025-08-20,august,Dry Van,987.0,2126.57,2108.2107001770487,2083.64962026843,2095.9301602227397,30.639839777260477
TR-036635,2025-08-20,august,Flatbed,1502.0,3155.17,3040.4464640905544,3113.8196926153864,3077.13307835297,78.03692164702989
TR-036636,2025-08-20,august,Reefer,2585.6,5422.39,5423.524505100138,5355.9147642320395,5389.719634666089,32.67036533391092
TR-036637,2025-08-20,august,Dry Van,1853.8,3591.08,3751.7567989775694,3717.325666071799,3734.5412325246843,143.46123252468442
TR-036638,2025-08-20,august,Reefer,2618.5,5169.48,5281.814899171166,5210.419778159185,5246.117338665175,76.63733866517578
TR-036639,2025-08-20,august,Dry Van,2050.1,3599.34,3858.815018357053,3721.099227089375,3789.9571227232136,190.61712272321347
TR-036640,2025-08-20,august,Flatbed,1280.8,2646.7,2752.865022214391,2689.2193681500116,2721.0421951822013,74.34219518220152
TR-036641,2025-08-20,august,Dry Van,172.3,472.55,452.6037407625958,521.6007887953376,487.10226477896674,14.55226477896673
TR-036642,2025-08-20,august,Flatbed,342.0,863.42,819.7813043189832,830.2253518592177,825.0033280891005,38.41667191089948
TR-036643,2025-08-20,august,Dry Van,874.8,1960.5,2044.7475324808656,1979.7790438512943,2012.26328816608,51.763288166079974
TR-036644,2025-08-20,august,Dry Van,696.0,342.72,1415.4674593029206,1411.7399930604172,1413.603726181669,1070.8837261816689
TR-036645,2025-08-20,august,Dry Van,1184.4,2388.92,2322.003823296968,2321.431767753193,2321.717795525081,67.2022044749192
TR-036646,2025-08-20,august,Reefer,921.9,2259.87,2113.5759840732803,2027.1148449315574,2070.345414502419,189.52458549758103
TR-036647,2025-08-20,august,Dry Van,1167.4,2261.14,2140.075998344945,2065.302977578107,2102.689487961526,158.4505120384738
TR-036648,2025-08-20,august,Dry Van,939.3,1790.72,1859.7201218094528,1834.9691535241031,1847.344637666778,56.62463766677797
TR-036649,2025-08-20,august,Dry Van,475.0,1034.76,999.2862472065436,1000.3730334431054,999.8296403248246,34.930359675175396
TR-036650,2025-08-20,august,Reefer,748.1,1851.91,1751.5299052742098,1783.7246560606477,1767.6272806674287,84.28271933257133
TR-036651,2025-08-20,august,Dry Van,431.8,1013.63,988.3780448185379,990.3197889260598,989.3489168722988,24.28108312770121
TR-036652,2025-08-20,august,Dry Van,421.0,954.57,957.9212031989852,929.700190188089,943.810696693537,10.759303306463039
TR-036653,2025-08-20,august,Dry Van,365.2,814.6,792.4709234450821,823.7323009010106,808.1016121730463,6.498387826953717
TR-036654,2025-08-20,august,Dry Van,250.3,636.77,637.5571906478459,687.2047184955413,662.3809545716936,25.610954571693583
TR-036655,2025-08-20,august,Dry Van,2328.0,1098.68,4402.939131842516,4371.2527863209,4387.095959081707,3288.415959081707
TR-036656,2025-08-20,august,Dry Van,1189.7,2434.53,2411.359701075369,2500.7578339392094,2456.0587675072893,21.528767507289103
TR-036657,2025-08-20,august,Dry Van,184.1,501.72,478.2709011483991,505.72975335992646,492.0003272541628,9.719672745837215
TR-036658,2025-08-20,august,Dry Van,1948.0,3768.26,3845.008298554275,3790.3271412863137,3817.667719920294,49.40771992029386
TR-036659,2025-08-20,august,Dry Van,270.4,672.86,638.3296213393891,665.5406568503968,651.935139094893,20.92486090510704
TR-036660,2025-08-20,august,Dry Van,1902.8,3694.93,3635.5286129872275,3816.8941072248303,3726.211360106029,31.281360106029297
TR-036661,2025-08-20,august,Dry Van,917.5,1834.61,1833.197106997077,1801.4356056705533,1817.3163563338153,17.293643666184607
TR-036662,2025-08-20,august,Dry Van,993.5,1855.13,1914.8603082994296,1924.221749571639,1919.5410289355343,64.4110289355342
TR-036663,2025-08-20,august,Reefer,727.1,1850.53,1732.898090759142,1703.8621436399642,1718.380117199553,132.1498828004469
TR-036664,2025-08-20,august,Flatbed,1172.5,2405.01,2498.950698994436,2453.1968127671616,2476.0737558807987,71.06375588079845
TR-036665,2025-08-20,august,Dry Van,745.7,1585.92,1502.2059799736787,1535.8805999148537,1519.0432899442662,66.87671005573384
TR-036666,2025-08-20,august,Dry Van,194.9,485.3,492.76420904127934,515.1292167260478,503.9467128836636,18.64671288366361
TR-036667,2025-08-20,august,Flatbed,636.5,1466.89,1468.2337778594735,1436.153552073385,1452.1936649664294,14.696335033570676
TR-036668,2025-08-20,august,Dry Van,1884.3,3732.56,3783.6356040116784,3778.096150634741,3780.86587732321,48.3058773232101
TR-036669,2025-08-20,august,Flatbed,383.8,969.07,948.3866414818217,953.5281400717108,950.9573907767663,18.11260922323379
TR-036670,2025-08-20,august,Dry Van,718.7,1597.78,1539.1414036194824,1555.9897580406673,1547.5655808300749,50.21441916992512
TR-036671,2025-08-20,august,Reefer,439.8,1033.53,1077.0956472148584,1048.1650463927444,1062.6303468038013,29.100346803801358
TR-036672,2025-08-20,august,Dry Van,438.9,1007.86,1029.6891917895957,1020.3922991705842,1025.04074548009,17.180745480089968
TR-036673,2025-08-20,august,Dry Van,956.1,2015.73,1980.544008267807,2045.6374091597727,2013.0907087137898,2.6392912862102094
TR-036674,2025-08-20,august,Dry Van,2290.7,4108.8,4267.354399843556,4093.4717273897,4180.413063616628,71.6130636166281
TR-036675,2025-08-20,august,Reefer,1139.6,2542.56,2572.849531329277,2526.0936698324035,2549.4716005808405,6.911600580840513
TR-036676,2025-08-20,august,Flatbed,953.4,2090.52,2153.9982374113597,2114.133030253326,2134.065633832343,43.5456338323429
TR-036677,2025-08-20,august,Reefer,990.9,2214.55,2211.6193739876235,2157.028283524562,2184.3238287560926,30.22617124390763
TR-036678,2025-08-20,august,Dry Van,270.8,601.12,605.8155432056441,589.7358711800082,597.7757071928261,3.344292807173929
TR-036679,2025-08-20,august,Dry Van,606.1,1374.58,1369.7926337873434,1362.6891223702062,1366.2408780787748,8.339121921225114
TR-036680,2025-08-20,august,Dry Van,1813.7,11839.2,3303.00894405079,3419.7865798483936,3361.3977619495918,8477.802238050408
TR-036681,2025-08-20,august,Dry Van,1627.9,3288.75,3284.6756963345847,3183.6545074725627,3234.1651019035735,54.584898096426514
TR-036682,2025-08-20,august,Reefer,853.3,1945.54,1944.1734777470776,1911.3468735893257,1927.7601756682016,17.77982433179841
TR-036683,2025-08-20,august,Dry Van,908.6,1951.68,1949.644926513482,1914.0984025635867,1931.8716645385343,19.80833546146573
TR-036684,2025-08-20,august,Dry Van,469.1,1038.02,1023.0658085553813,1023.8018262936075,1023.4338174244945,14.586182575505518
TR-036685,2025-08-20,august,Reefer,262.6,721.78,653.4598978098568,697.860651605831,675.6602747078439,46.11972529215609
TR-036686,2025-08-20,august,Dry Van,598.6,1436.61,1361.965425646842,1373.7216503920172,1367.8435380194296,68.76646198057028
TR-036687,2025-08-20,august,Dry Van,833.0,1764.72,1693.521901744929,1681.0284319879709,1687.27516686645,77.44483313354999
TR-036688,2025-08-20,august,Flatbed,968.6,2089.6,2124.091233461064,2083.829432983204,2103.960333222134,14.360333222134159
TR-036689,2025-08-20,august,Dry Van,852.1,1890.54,1814.732857030296,1838.966109247501,1826.8494831388984,63.690516861101514
TR-036690,2025-08-20,august,Dry Van,1052.0,2105.68,2052.2930298132032,2092.7049485858042,2072.4989891995037,33.1810108004961
TR-036691,2025-08-20,august,Dry Van,3138.3,5533.57,5589.458001255209,5856.121865979476,5722.789933617342,189.21993361734258
TR-036692,2025-08-20,august,Reefer,607.0,1474.64,1454.9075515052539,1424.1207784373623,1439.5141649713082,35.12583502869188
TR-036693,2025-08-20,august,Flatbed,1779.4,3669.47,3778.9073053902284,3640.98302267306,3709.9451640316443,40.475164031644454
TR-036694,2025-08-20,august,Reefer,1093.6,2434.45,2554.4313762010556,2406.871977438418,2480.651676819737,46.20167681973726
TR-036695,2025-08-20,august,Dry Van,2332.9,4408.52,4475.808577186806,4571.57970408724,4523.694140637023,115.1741406370229
TR-036696,2025-08-20,august,Dry Van,1841.0,3681.09,3677.097026730807,3622.350755520036,3649.7238911254217,31.366108874578458
TR-036697,2025-08-20,august,Reefer,1675.0,3813.32,3757.109213153908,3706.972178147447,3732.0406956506777,81.2793043493225
TR-036698,2025-08-20,august,Dry Van,1777.6,3441.2,3519.610804283229,3462.4254704196883,3491.018137351459,49.81813735145897
TR-036699,2025-08-20,august,Dry Van,1840.8,3826.6,3675.519967272854,3697.2281343264403,3686.374050799647,140.22594920035272
TR-036700,2025-08-20,august,Dry Van,496.2,1209.64,1139.459992850916,1181.9970507562361,1160.728521803576,48.911478196424014
TR-036701,2025-08-20,august,Dry Van,362.5,842.96,842.3185686409544,907.5024613933567,874.9105150171556,31.950515017155567
TR-036702,2025-08-20,august,Dry Van,600.0,1325.4,1289.3946082850582,1333.5399333869937,1311.4672708360258,13.932729163974273
TR-036703,2025-08-20,august,Dry Van,845.3,1785.26,1765.5031431994591,1799.244726533457,1782.373934866458,2.8860651335419334
TR-036704,2025-08-20,august,Flatbed,1820.1,3738.53,3477.1091085879957,3747.4999752765516,3612.3045419322734,126.22545806772678
TR-036705,2025-08-20,august,Dry Van,845.5,1789.47,1756.045805187549,1752.093627381043,1754.069716284296,35.40028371570406
TR-036706,2025-08-20,august,Dry Van,1048.5,2219.86,2184.3233544158784,2183.8400765620904,2184.0817154889846,35.7782845110155
TR-036707,2025-08-20,august,Flatbed,1718.4,3637.47,3703.8307869661967,3705.2456218377865,3704.5382044019916,67.0682044019918
TR-036708,2025-08-20,august,Reefer,3236.0,6180.67,6210.244174893626,6326.746840112993,6268.495507503309,87.82550750330938
TR-036709,2025-08-20,august,Dry Van,2354.2,4075.64,4331.576775974622,4217.907613338508,4274.742194656565,199.10219465656473
TR-036710,2025-08-20,august,Flatbed,73.3,218.86,246.54654051415721,348.3625883479151,297.45456443103615,78.59456443103613
TR-036711,2025-08-20,august,Reefer,1055.4,2243.05,2384.318595036875,2303.0724329533314,2343.6955139951033,100.6455139951031
TR-036712,2025-08-20,august,Dry Van,2320.8,4382.01,4343.5980539799975,4356.70244011268,4350.150247046338,31.859752953661882
TR-036713,2025-08-20,august,Dry Van,199.0,510.82,509.73639014609114,493.48077049853873,501.60858032231494,9.211419677685058
TR-036714,2025-08-20,august,Reefer,2071.3,4325.54,4332.318256906147,4299.726778136406,4316.022517521276,9.51748247872365
TR-036715,2025-08-20,august,Dry Van,434.4,989.96,930.7080521008851,977.313920914683,954.0109865077841,35.949013492215954
TR-036716,2025-08-20,august,Dry Van,1341.2,2755.51,2692.5328995476684,2708.9457165957256,2700.739308071697,54.77069192830322
TR-036717,2025-08-20,august,Reefer,246.0,704.44,660.2960944575647,743.015714978196,701.6559047178803,2.784095282119779
TR-036718,2025-08-20,august,Flatbed,1240.1,2691.38,2671.7879183578566,2599.2360926654433,2635.51200551165,55.86799448835018
TR-036719,2025-08-20,august,Dry Van,2073.1,3913.51,3715.391749789443,3997.768604924375,3856.580177356909,56.92982264309103
TR-036720,2025-08-20,august,Reefer,393.9,1091.2,1014.1921023022619,1049.9970280395546,1032.0945651709083,59.10543482909179
TR-036721,2025-08-20,august,Dry Van,1926.8,3753.75,3529.1066939611087,3727.1304007517383,3628.1185473564237,125.63145264357627
TR-036722,2025-08-20,august,Dry Van,673.9,1375.57,1381.3218616691317,1383.5283933604655,1382.4251275147985,6.855127514798596
TR-036723,2025-08-20,august,Dry Van,300.9,725.83,693.2472509398498,709.0692552886078,701.1582531142287,24.671746885771313
TR-036724,2025-08-20,august,Reefer,551.0,1370.4,1320.6329911312507,1357.6415517843634,1339.137271457807,31.262728542193145
TR-036725,2025-08-20,august,Dry Van,416.9,956.28,937.7160533807665,957.3311468329755,947.5236001068711,8.7563998931289
TR-036726,2025-08-20,august,Reefer,1141.1,2748.99,2646.0313740499223,2661.8863997212793,2653.958886885601,95.03111311439898
TR-036727,2025-08-20,august,Flatbed,2126.5,4305.07,4357.043889386285,4384.165052316957,4370.604470851621,65.53447085162134
TR-036728,2025-08-20,august,Dry Van,587.0,1285.25,1281.703309135311,1295.250200114839,1288.476754625075,3.2267546250750456
TR-036729,2025-08-20,august,Dry Van,889.0,1712.54,1834.8704483921204,1774.7882336741422,1804.8293410331312,92.28934103313122
TR-036730,2025-08-20,august,Reefer,1443.5,3234.1,3171.820780990142,3193.152031590411,3182.486406290276,51.61359370972377
TR-036731,2025-08-20,august,Dry Van,1968.6,3722.53,3899.8244197797503,3886.3914159019478,3893.107917840849,170.57791784084884
TR-036732,2025-08-20,august,Dry Van,274.3,657.03,622.9582242171932,646.8233172527302,634.8907707349617,22.13922926503824
TR-036733,2025-08-20,august,Dry Van,1371.4,2707.86,2812.929863425432,2780.7314320325404,2796.830647728986,88.97064772898602
TR-036734,2025-08-20,august,Dry Van,1053.6,2152.23,2041.542527053683,2080.836314549186,2061.1894208014346,91.04057919856541
TR-036735,2025-08-20,august,Dry Van,1515.0,3067.5,3117.5038713762274,3115.698501772912,3116.6011865745695,49.10118657456951
TR-036736,2025-08-20,august,Dry Van,428.7,1009.51,987.9946111494854,1006.6153776976993,997.3049944235923,12.205005576407643
TR-036737,2025-08-20,august,Dry Van,1062.3,2068.94,2167.2398385786714,2059.480700678155,2113.3602696284133,44.42026962841328
TR-036738,2025-08-20,august,Dry Van,2348.7,4399.22,4441.487395197645,4388.7554412457985,4415.121418221722,15.901418221721542
TR-036739,2025-08-20,august,Dry Van,357.9,910.13,847.5032194846817,894.6352176182872,871.0692185514845,39.06078144851551
TR-036740,2025-08-20,august,Reefer,506.1,1244.46,1216.1587660708024,1255.440631392104,1235.7996987314532,8.660301268546846
TR-036741,2025-08-20,august,Dry Van,1104.1,2054.36,2142.920263460883,2070.2881567989575,2106.60421012992,52.24421012991979
TR-036742,2025-08-20,august,Reefer,1479.8,3311.12,3358.5825615580025,3368.2966928526275,3363.439627205315,52.3196272053151
TR-036743,2025-08-20,august,Dry Van,1740.1,3116.25,3230.5142184196757,3290.028600347373,3260.2714093835243,144.02140938352431
TR-036744,2025-08-20,august,Dry Van,423.4,972.59,947.9871707964272,971.0939831070652,959.5405769517463,13.049423048253743
TR-036745,2025-08-20,august,Reefer,661.9,1528.99,1538.718433023121,1546.1783058248952,1542.448369424008,13.45836942400797
TR-036746,2025-08-20,august,Dry Van,395.1,904.99,840.7316186762193,845.9263043119779,843.3289614940986,61.66103850590139
TR-036747,2025-08-20,august,Reefer,1257.1,2681.57,2784.6931711840502,2695.494274241891,2740.0937227129707,58.52372271297054
TR-036748,2025-08-20,august,Reefer,2277.9,4782.94,4776.038058752056,4742.631028745602,4759.334543748829,23.605456251170835
TR-036749,2025-08-20,august,Dry Van,1114.7,2305.82,2192.6274613125424,2250.430509240914,2221.5289852767282,84.29101472327193
TR-036750,2025-08-20,august,Dry Van,538.7,1135.08,1118.6533530196289,1068.2753529069066,1093.4643529632676,41.6156470367323
TR-036751,2025-08-20,august,Dry Van,716.9,1621.15,1586.9989589268125,1595.7267319361645,1591.3628454314885,29.787154568511596
TR-036752,2025-08-20,august,Dry Van,1311.4,2537.55,2547.337085201958,2612.7825876097636,2580.0598364058606,42.50983640586037
TR-036753,2025-08-20,august,Dry Van,548.3,1166.11,1141.5593197791438,1156.698920968393,1149.1291203737683,16.980879626231626
TR-036754,2025-08-20,august,Dry Van,657.7,1535.6,1439.2646601547058,1432.8832839693891,1436.0739720620475,99.52602793795245
TR-036755,2025-08-20,august,Dry Van,883.0,1724.39,1884.603425840641,1792.984225452922,1838.7938256467814,114.40382564678134
TR-036756,2025-08-20,august,Flatbed,176.9,493.53,447.92192156982077,477.13645201962186,462.52918679472134,31.000813205278632
TR-036757,2025-08-20,august,Dry Van,2097.6,3778.8,4031.498131284959,3833.862923065206,3932.6805271750827,153.88052717508253
TR-036758,2025-08-20,august,Reefer,405.5,946.97,962.553420807797,952.3095165282978,957.4314686680474,10.46146866804736
TR-036759,2025-08-20,august,Dry Van,748.8,1586.05,1524.265467373877,1565.227577604124,1544.7465224890007,41.3034775109993
TR-036760,2025-08-20,august,Dry Van,235.9,588.43,586.8787988317067,654.1209850701225,620.4998919509146,32.069891950914666
TR-036761,2025-08-20,august,Reefer,1589.6,3540.52,3550.3779955514033,3465.8046394220337,3508.0913174867183,32.42868251328173
TR-036762,2025-08-20,august,Dry Van,1026.1,2164.19,2167.6714638423014,2137.478857572434,2152.575160707368,11.614839292632041
TR-036763,2025-08-20,august,Reefer,2027.0,4327.83,4402.44649889748,4250.501807259421,4326.47415307845,1.355846921549528
TR-036764,2025-08-20,august,Flatbed,2487.8,4999.28,4950.759743556594,5002.886711060432,4976.823227308513,22.45677269148655
TR-036765,2025-08-20,august,Dry Van,2498.8,4525.36,4528.435536538144,4511.92301682701,4520.1792766825765,5.180723317423144
TR-036766,2025-08-20,august,Reefer,772.6,1804.96,1731.4427953674856,1710.8501956894092,1721.1464955284473,83.81350447155273
TR-036767,2025-08-20,august,Flatbed,592.9,1452.84,1401.9391782340654,1427.8563664243097,1414.8977723291875,37.94222767081237
TR-036768,2025-08-20,august,Flatbed,1697.4,3612.33,3650.5555989625555,3713.747842580233,3682.151720771394,69.82172077139421
TR-036769,2025-08-20,august,Flatbed,252.0,660.26,649.6111158349685,702.1220465915133,675.8665812132408,15.606581213240815
TR-036770,2025-08-20,august,Dry Van,2789.4,5089.9,5135.127509852209,5372.915559122888,5254.021534487549,164.12153448754907
TR-036771,2025-08-20,august,Reefer,2348.1,4681.91,4720.778038204767,4764.247260701246,4742.512649453007,60.60264945300696
TR-036772,2025-08-20,august,Flatbed,426.9,989.75,1018.9036392329007,976.3393336705255,997.621486451713,7.871486451713054
TR-036773,2025-08-20,august,Reefer,1698.8,3808.51,3903.3919527091616,3783.6884453429993,3843.5401990260807,35.03019902608048
TR-036774,2025-08-20,august,Dry Van,1233.1,2535.37,2246.24201506524,2462.4940581683345,2354.3680366167873,181.00196338321257
TR-036775,2025-08-20,august,Dry Van,1004.3,2002.27,1944.0528836273143,1995.2203330337015,1969.636608330508,32.633391669492084
TR-036776,2025-08-20,august,Flatbed,535.0,1186.24,1210.2131334800881,1183.1359617163416,1196.6745475982148,10.434547598214749
TR-036777,2025-08-20,august,Dry Van,1754.3,3466.25,3199.215368888279,3278.487756921818,3238.8515629050485,227.39843709495153
TR-036778,2025-08-21,august,Dry Van,287.5,697.99,672.3041483316493,772.8729778212496,722.5885630764494,24.59856307644941
TR-036779,2025-08-21,august,Dry Van,1194.7,2390.25,2392.2947178121944,2361.9385643467463,2377.1166410794704,13.133358920529645
TR-036780,2025-08-21,august,Dry Van,421.4,949.82,980.8244567151714,942.3037886346797,961.5641226749256,11.744122674925507
TR-036781,2025-08-21,august,Dry Van,929.3,2029.95,1981.5303749110374,1939.0556627416313,1960.2930188263344,69.6569811736656
TR-036782,2025-08-21,august,Dry Van,872.4,1791.15,1757.7937692202906,1778.2342533639614,1768.014011292126,23.13598870787405
TR-036783,2025-08-21,august,Dry Van,728.1,1570.09,1519.712619812047,1530.3456641045682,1525.0291419583077,45.0608580416922
TR-036784,2025-08-21,august,Dry Van,1086.7,2239.63,2221.96247787561,2310.4297924927214,2266.1961351841655,26.566135184165432
TR-036785,2025-08-21,august,Dry Van,726.9,1638.23,1578.3150715844695,1609.6676682933423,1593.9913699389058,44.23863006109423
TR-036786,2025-08-21,august,Dry Van,445.0,990.81,975.1843308805758,1004.2401372588645,989.7122340697201,1.0977659302798202
TR-036787,2025-08-21,august,Dry Van,2153.2,3892.62,3884.8231394650816,3916.93772230181,3900.880430883446,8.260430883446134
TR-036788,2025-08-21,august,Dry Van,461.8,971.16,990.0091831520198,969.6859643808343,979.8475737664271,8.687573766427136
TR-036789,2025-08-21,august,Reefer,540.5,1270.17,1261.2439414118799,1266.3382314380765,1263.7910864249782,6.3789135750218975
TR-036790,2025-08-21,august,Dry Van,2822.9,5285.51,5289.045795951093,5328.861858129623,5308.953827040358,23.443827040357974
TR-036791,2025-08-21,august,Dry Van,335.6,847.21,821.392012124113,872.591940198841,846.9919761614769,0.21802383852309504
TR-036792,2025-08-21,august,Dry Van,2674.7,5067.94,4934.698783959923,4642.243050825396,4788.470917392659,279.46908260734017
TR-036793,2025-08-21,august,Reefer,2285.3,4868.53,4706.533578218251,4836.603887673802,4771.568732946027,96.96126705397273
TR-036794,2025-08-21,august,Dry Van,726.5,1579.37,1642.9887189397393,1625.563846622335,1634.276282781037,54.906282781037135
TR-036795,2025-08-21,august,Reefer,1660.1,3794.2,3700.2808141776454,3763.693596387967,3731.987205282806,62.2127947171939
TR-036796,2025-08-21,august,Dry Van,577.0,1145.33,1155.0707295325203,1176.2007678022483,1165.6357486673842,20.30574866738425
TR-036797,2025-08-21,august,Dry Van,909.7,1837.01,1917.4224066608108,1854.737910821202,1886.0801587410065,49.07015874100648
TR-036798,2025-08-21,august,Flatbed,286.1,748.1,694.9108168396456,755.0546099459525,724.982713392799,23.11728660720098
TR-036799,2025-08-21,august,Dry Van,805.5,1619.03,1735.8594582420224,1701.2148411168137,1718.537149679418,99.50714967941803
TR-036800,2025-08-21,august,Dry Van,1133.3,2244.95,2230.4391219303425,2306.70593888815,2268.572530409246,23.622530409246338
TR-036801,2025-08-21,august,Reefer,1314.0,2897.26,2976.559681611143,2881.6802918651915,2929.1199867381674,31.85998673816721
TR-036802,2025-08-21,august,Dry Van,963.3,1933.26,1893.9350042614435,1937.6715227137443,1915.803263487594,17.456736512405996
TR-036803,2025-08-21,august,Reefer,3124.5,6445.9,6087.84183970599,6579.130016150962,6333.485927928476,112.41407207152406
TR-036804,2025-08-21,august,Flatbed,1716.7,3509.63,3430.2642172975125,3582.255320006176,3506.2597686518443,3.370231348155812
TR-036805,2025-08-21,august,Dry Van,381.7,881.82,870.5693586975359,912.5627712427411,891.5660649701385,9.746064970138491
TR-036806,2025-08-21,august,Dry Van,559.0,1117.21,1099.498018218971,1142.0384838224304,1120.7682510207007,3.558251020700709
TR-036807,2025-08-21,august,Dry Van,372.8,884.12,860.4428772999756,835.0830847225434,847.7629810112595,36.35701898874049
TR-036808,2025-08-21,august,Dry Van,476.9,1004.87,1011.0533339160777,1008.0768535913953,1009.5650937537365,4.695093753736501
TR-036809,2025-08-21,august,Dry Van,864.2,1786.82,1864.290351396252,1800.7313914402118,1832.510871418232,45.690871418232064
TR-036810,2025-08-21,august,Dry Van,587.9,1253.59,1199.5633901234823,1243.1923250843565,1221.3778576039194,32.21214239608048
TR-036811,2025-08-21,august,Reefer,2100.1,4403.73,4415.593238446517,4402.23198587686,4408.912612161688,5.182612161688667
TR-036812,2025-08-21,august,Dry Van,289.6,767.18,749.6283638145563,752.7531683537973,751.1907660841769,15.989233915823093
TR-036813,2025-08-21,august,Flatbed,2063.8,3856.7,3926.8514464553205,4058.6301797312053,3992.7408130932627,136.04081309326284
TR-036814,2025-08-21,august,Dry Van,873.2,1758.47,1813.396337840055,1809.4675838708702,1811.4319608554624,52.961960855462394
TR-036815,2025-08-21,august,Dry Van,1303.3,2669.68,2702.6530614767817,2546.2927757287484,2624.4729186027653,45.20708139723456
TR-036816,2025-08-21,august,Dry Van,631.4,1292.01,1286.9140357813717,1278.5223367034064,1282.718186242389,9.291813757610953
TR-036817,2025-08-21,august,Dry Van,1899.4,3610.69,3720.0192922570445,3705.248220522349,3712.633756389697,101.94375638969677
TR-036818,2025-08-21,august,Reefer,433.2,1019.65,1068.948090310688,1071.0051951061787,1069.9766427084332,50.32664270843327
TR-036819,2025-08-21,august,Dry Van,134.6,333.85,330.1068863107944,378.71952627318706,354.4132062919907,20.563206291990696
TR-036820,2025-08-21,august,Dry Van,1016.3,2059.99,2017.052414219291,1979.7608411483918,1998.4066276838414,61.583372316158375
TR-036821,2025-08-21,august,Reefer,538.1,1276.36,1237.2430890892103,1234.4848821670994,1235.8639856281548,40.49601437184515
TR-036822,2025-08-21,august,Flatbed,2300.3,4884.31,4650.165168388193,4805.522150316781,4727.8436593524875,156.46634064751288
TR-036823,2025-08-21,august,Reefer,985.8,2222.35,2199.0490627788427,2226.062802468326,2212.5559326235843,9.794067376415569
TR-036824,2025-08-21,august,Reefer,417.1,1108.91,1057.2021821914648,1048.0120106589616,1052.607096425213,56.302903574787024
TR-036825,2025-08-21,august,Flatbed,1473.3,3056.51,3165.046262272315,3217.5975070670675,3191.321884669691,134.8118846696907
TR-036826,2025-08-21,august,Reefer,979.3,2399.16,2313.837399203179,2282.354513522957,2298.0959563630677,101.06404363693218
TR-036827,2025-08-21,august,Dry Van,1704.4,3246.87,3219.2562890416984,3194.532572320727,3206.8944306812127,39.975569318787166
TR-036828,2025-08-21,august,Dry Van,417.0,918.93,913.3224889561941,925.9028055842195,919.6126472702068,0.6826472702068713
TR-036829,2025-08-21,august,Dry Van,1839.5,3712.27,3685.7824125892735,3778.067751910604,3731.925082249939,19.655082249938914
TR-036830,2025-08-21,august,Dry Van,880.1,1929.4,1958.0095114933335,1909.5119466013077,1933.7607290473206,4.360729047320547
TR-036831,2025-08-21,august,Dry Van,1061.1,1986.98,1998.9355720791789,1991.7538749107737,1995.3447234949763,8.36472349497626
TR-036832,2025-08-21,august,Flatbed,1013.9,2160.97,2264.8121817822207,2226.921798987569,2245.866990384895,84.89699038489516
TR-036833,2025-08-21,august,Dry Van,1510.8,2817.46,2917.79931554413,2930.004125186629,2923.9017203653793,106.4417203653793
TR-036834,2025-08-21,august,Reefer,1554.9,3299.81,3304.839175046104,3253.5911018143465,3279.215138430225,20.59486156977482
TR-036835,2025-08-21,august,Flatbed,3026.8,6089.99,5967.556167199802,6122.28026371791,6044.918215458856,45.07178454114364
TR-036836,2025-08-21,august,Reefer,1048.9,2457.42,2383.979847586379,2349.079297299735,2366.529572443057,90.890427556943
TR-036837,2025-08-21,august,Reefer,477.1,1202.6,1169.4796812870109,1166.2864687820272,1167.8830750345192,34.71692496548076
TR-036838,2025-08-21,august,Reefer,1098.5,2550.17,2474.410138906795,2499.1963209590676,2486.8032299329316,63.3667700670685
TR-036839,2025-08-21,august,Dry Van,808.6,1642.54,1609.370121856327,1655.066619404513,1632.21837063042,10.321629369580023
TR-036840,2025-08-21,august,Flatbed,558.3,1239.55,1172.5892973880175,1176.2804270991928,1174.434862243605,65.11513775639492
TR-036841,2025-08-21,august,Flatbed,859.4,2014.39,1939.2328359022713,1951.2057120360705,1945.219273969171,69.1707260308292
TR-036842,2025-08-21,august,Dry Van,936.7,1775.15,1806.3876030606987,1785.5859905275058,1795.9867967941022,20.836796794102156
TR-036843,2025-08-21,august,Dry Van,356.7,842.84,839.6523346148182,862.6373455513269,851.1448400830725,8.304840083072463
TR-036844,2025-08-21,august,Dry Van,833.3,1736.32,1742.854215732276,1676.6051639711964,1709.729689851736,26.590310148263825
TR-036845,2025-08-21,august,Reefer,1073.7,2515.93,2458.9756492877304,2467.1877867880667,2463.0817180378986,52.84828196210128
TR-036846,2025-08-21,august,Reefer,723.1,1714.47,1736.1992849368116,1628.1438917834041,1682.1715883601078,32.298411639892265
TR-036847,2025-08-21,august,Dry Van,523.8,1150.61,1117.79833098805,1117.6679832423924,1117.7331571152213,32.876842884778625
TR-036848,2025-08-21,august,Dry Van,474.7,1076.29,1059.5300559375805,1093.7115072572806,1076.6207815974306,0.33078159743058677
TR-036849,2025-08-21,august,Dry Van,733.3,1611.52,1576.9945545062817,1598.6675133912988,1587.8310339487903,23.688966051209718
TR-036850,2025-08-21,august,Dry Van,198.2,515.58,506.96277300462094,562.1899644134314,534.5763687090262,18.996368709026115
TR-036851,2025-08-21,august,Reefer,687.5,1628.64,1547.027349245699,1554.247117410604,1550.6372333281515,78.00276667184858
TR-036852,2025-08-21,august,Dry Van,804.5,1712.3,1737.0921942580012,1740.133650702961,1738.612922480481,26.31292248048112
TR-036853,2025-08-21,august,Reefer,2143.1,4457.75,4378.562931145021,4513.318363865365,4445.940647505193,11.809352494807172
TR-036854,2025-08-21,august,Flatbed,461.8,1136.15,1110.9124644444507,1099.6622238414661,1105.2873441429583,30.862655857041773
TR-036855,2025-08-21,august,Dry Van,1853.7,3759.61,3635.7172286454465,3726.222106470229,3680.969667557838,78.64033244216216
TR-036856,2025-08-21,august,Flatbed,1515.3,3034.0,3053.881143195804,3126.743204176001,3090.3121736859025,56.31217368590251
TR-036857,2025-08-21,august,Dry Van,1509.5,2928.26,2986.333813583584,2915.9894403030453,2951.1616269433143,22.901626943314113
TR-036858,2025-08-21,august,Dry Van,976.4,1902.46,1895.001738163067,1921.159830849671,1908.0807845063691,5.620784506369091
TR-036859,2025-08-21,august,Dry Van,1405.8,2817.21,2799.5053638102495,2806.819770086852,2803.1625669485506,14.047433051449389
TR-036860,2025-08-21,august,Dry Van,963.3,1879.48,1928.9513466747048,1926.6491761213977,1927.8002613980511,48.320261398051116
TR-036861,2025-08-21,august,Dry Van,933.0,1845.85,1816.0409576811253,1772.3234785072277,1794.1822180941765,51.667781905823404
TR-036862,2025-08-21,august,Flatbed,1090.7,2318.82,2454.2101091841914,2397.677302551816,2425.9437058680037,107.12370586800353
TR-036863,2025-08-21,august,Dry Van,865.2,1856.59,1861.0049878815278,1869.9117038366612,1865.4583458590946,8.868345859094688
TR-036864,2025-08-21,august,Dry Van,1806.8,3400.02,3504.6657092672676,3508.8173704078686,3506.741539837568,106.72153983756789
TR-036865,2025-08-21,august,Flatbed,432.2,1034.15,1013.7577330109774,1044.4664566329343,1029.112094821956,5.037905178044184
TR-036866,2025-08-21,august,Dry Van,1183.3,2274.67,2354.898022927557,2265.1122482870664,2310.005135607312,35.33513560731171
TR-036867,2025-08-21,august,Dry Van,2011.2,3866.5,3739.3557264370534,3884.5615715331596,3811.9586489851063,54.541351014893735
TR-036868,2025-08-21,august,Dry Van,216.2,550.87,529.6164918541639,563.4858568811085,546.5511743676361,4.3188256323638825
TR-036869,2025-08-21,august,Dry Van,1057.2,2077.94,2084.425067878196,2156.2572949486007,2120.3411814133983,42.40118141339826
TR-036870,2025-08-21,august,Dry Van,808.3,1560.6,1587.3743507520833,1595.1765032201997,1591.2754269861416,30.6754269861417
TR-036871,2025-08-21,august,Dry Van,188.3,506.1,498.9411055450323,545.4739664499525,522.2075359974924,16.10753599749239
TR-036872,2025-08-21,august,Dry Van,2835.6,4790.81,4966.25327790888,5093.377289784079,5029.815283846479,239.00528384647896
TR-036873,2025-08-21,august,Reefer,822.4,1957.68,1953.1601527927737,1891.0650489806928,1922.1126008867332,35.5673991132669
TR-036874,2025-08-21,august,Flatbed,1550.0,3303.46,3341.7137358227287,3287.832906258609,3314.7733210406686,11.313321040668598
TR-036875,2025-08-21,august,Dry Van,1119.3,2290.55,2160.919187396004,2183.313625989789,2172.116406692897,118.43359330710337
TR-036876,2025-08-21,august,Dry Van,524.5,1119.74,1082.8527240080887,1092.1674796597322,1087.5101018339105,32.22989816608947
TR-036877,2025-08-21,august,Dry Van,883.8,1889.92,1905.9332734525353,1980.8721424803643,1943.4027079664497,53.48270796644965
TR-036878,2025-08-21,august,Reefer,790.3,1867.94,1810.9977374326645,1732.6156346406788,1771.8066860366716,96.13331396332842
TR-036879,2025-08-21,august,Flatbed,670.5,1640.97,1598.6103761348272,1578.9057930933882,1588.7580846141077,52.211915385892326
TR-036880,2025-08-21,august,Flatbed,580.3,1284.06,1311.7886906271006,1240.8430872682097,1276.3158889476551,7.744111052344806
TR-036881,2025-08-21,august,Dry Van,655.8,1440.59,1420.3271507943637,1429.416301422594,1424.871726108479,15.718273891520994
TR-036882,2025-08-21,august,Reefer,2668.0,5418.53,5574.4168934400695,5379.240419069347,5476.828656254708,58.298656254708476
TR-036883,2025-08-21,august,Dry Van,1368.3,2669.51,2638.805771201152,2700.1964908786986,2669.501131039925,0.00886896007523319
TR-036884,2025-08-21,august,Dry Van,1070.7,2243.76,2241.4078037660256,2283.145305409341,2262.276554587683,18.516554587683004
TR-036885,2025-08-21,august,Flatbed,1754.4,3686.52,3603.133063739473,3620.2030694267714,3611.6680665831223,74.85193341687773
TR-036886,2025-08-21,august,Dry Van,1747.7,3291.83,3291.7542882190187,3306.626050433626,3299.1901693263226,7.360169326322648
TR-036887,2025-08-21,august,Dry Van,1135.4,2216.2,2171.36129128003,2194.4136141231156,2182.887452701573,33.312547298427035
TR-036888,2025-08-21,august,Flatbed,105.6,316.32,268.9667033396698,342.9146172949188,305.94066031729426,10.379339682705734
TR-036889,2025-08-21,august,Reefer,1878.9,4229.19,4195.556908954758,4160.523651627466,4178.040280291112,51.14971970888746
TR-036890,2025-08-21,august,Dry Van,389.6,916.1,902.3778096828821,921.0060427595363,911.6919262212092,4.408073778790822
TR-036891,2025-08-21,august,Dry Van,2294.4,4069.8,4207.113963093279,4097.410782512019,4152.262372802649,82.46237280264904
TR-036892,2025-08-21,august,Dry Van,1523.9,3132.63,3043.1473262962895,3090.6682664034943,3066.907796349892,65.72220365010799
TR-036893,2025-08-21,august,Dry Van,492.6,1151.52,1099.7144915866234,1100.8731385284761,1100.2938150575496,51.226184942450345
TR-036894,2025-08-21,august,Reefer,1769.6,3740.47,3835.437969311502,3831.386502172877,3833.4122357421893,92.9422357421895
TR-036895,2025-08-21,august,Dry Van,834.0,1761.83,1779.2791974935076,1721.546801243436,1750.412999368472,11.417000631528026
TR-036896,2025-08-21,august,Reefer,71.9,227.45,211.42956650084426,352.70367438968947,282.06662044526684,54.61662044526685
TR-036897,2025-08-21,august,Dry Van,1704.4,3116.42,3182.691162320069,3228.0090812978287,3205.3501218089486,88.93012180894857
TR-036898,2025-08-21,august,Dry Van,1768.4,3538.11,3575.683198400527,3625.4964234727713,3600.589810936649,62.479810936648846
TR-036899,2025-08-21,august,Flatbed,585.3,1396.51,1369.4128898179054,1375.848596465694,1372.6307431417997,23.87925685820028
TR-036900,2025-08-21,august,Dry Van,896.1,1891.09,1816.0520413715049,1821.7492140145853,1818.900627693045,72.18937230695497
TR-036901,2025-08-21,august,Flatbed,256.8,679.82,663.0973888014867,680.297588172426,671.6974884869563,8.122511513043719
TR-036902,2025-08-21,august,Flatbed,419.1,1090.2,1030.1662168185337,1047.7521693074468,1038.9591930629904,51.240806937009665
TR-036903,2025-08-21,august,Dry Van,1769.9,3525.78,3575.931234358001,3593.908392391094,3584.9198133745476,59.13981337454743
TR-036904,2025-08-21,august,Reefer,1654.3,3345.13,3403.416338609565,3431.756096218617,3417.586217414091,72.45621741409104
TR-036905,2025-08-21,august,Dry Van,1831.0,3381.17,3581.1404573192503,3558.5725439006565,3569.8565006099534,188.68650060995333
TR-036906,2025-08-21,august,Reefer,2548.7,5342.18,5380.906166195741,5347.671315110549,5364.2887406531445,22.108740653144196
TR-036907,2025-08-21,august,Reefer,2029.3,4353.98,4337.212840656707,4383.595363516328,4360.404102086517,6.4241020865174505
TR-036908,2025-08-21,august,Dry Van,216.3,578.24,559.363105075372,592.905710130643,576.1344076030075,2.105592396992506
TR-036909,2025-08-21,august,Dry Van,787.2,1648.21,1621.9636161801977,1609.6661737514978,1615.8148949658478,32.395105034152266
TR-036910,2025-08-21,august,Reefer,177.6,526.23,490.32625899474823,522.7367770139776,506.53151800436297,19.698481995637053
TR-036911,2025-08-21,august,Dry Van,1419.8,2766.38,2862.230292526615,2855.124523184674,2858.6774078556446,92.29740785564445
TR-036912,2025-08-21,august,Flatbed,1114.7,2474.42,2369.2909993011895,2421.0465189385986,2395.1687591198943,79.2512408801058
TR-036913,2025-08-21,august,Dry Van,2147.0,3814.88,3960.9221250631604,3978.837518607544,3969.8798218353522,154.99982183535212
TR-036914,2025-08-21,august,Dry Van,489.6,1161.68,1159.110897261474,1143.4677084067398,1151.2893028341068,10.390697165893243
TR-036915,2025-08-21,august,Dry Van,1177.1,2231.31,2338.4402317721233,2283.7927703128053,2311.1165010424643,79.80650104246433
TR-036916,2025-08-21,august,Dry Van,1156.5,2401.98,2456.447886496326,2343.032800305553,2399.7403434009393,2.2396565990607087
TR-036917,2025-08-21,august,Flatbed,1362.8,2888.44,2976.312485416716,3002.9244169606263,2989.6184511886713,101.17845118867126
TR-036918,2025-08-21,august,Dry Van,831.9,1856.3,1817.47544125719,1814.48316935987,1815.97930530853,40.32069469146995
TR-036919,2025-08-21,august,Dry Van,1353.3,2593.53,2606.669650644963,2555.523541824032,2581.096596234497,12.433403765503044
TR-036920,2025-08-21,august,Dry Van,1568.9,2925.55,2986.549357376989,2965.2718014894963,2975.9105794332427,50.36057943324249
TR-036921,2025-08-21,august,Dry Van,644.2,1272.48,1302.5053030358677,1296.4015817791242,1299.453442407496,26.973442407495895
TR-036922,2025-08-21,august,Dry Van,263.5,648.07,614.8813931922248,680.159947511286,647.5206703517554,0.5493296482446794
TR-036923,2025-08-21,august,Dry Van,2862.2,5258.82,5155.571914077267,5344.81173479393,5250.191824435598,8.628175564401317
TR-036924,2025-08-21,august,Dry Van,344.5,249.52,748.303388764475,784.74987298667,766.5266308755724,517.0066308755725
TR-036925,2025-08-21,august,Dry Van,1411.9,2773.08,2770.637106832362,2782.5390902764407,2776.5880985544013,3.5080985544013856
TR-036926,2025-08-21,august,Flatbed,1231.3,2780.93,2901.5711009103948,2851.9212894183715,2876.746195164383,95.81619516438332
TR-036927,2025-08-21,august,Dry Van,2493.9,4470.46,4289.994941742511,4496.529856998455,4393.262399370484,77.19760062951627
TR-036928,2025-08-21,august,Dry Van,1224.9,2415.52,2512.6863665343835,2408.0228069536056,2460.3545867439943,44.83458674399435
TR-036929,2025-08-21,august,Dry Van,1106.6,2272.12,2229.949709020308,2215.0106275885437,2222.480168304426,49.639831695573776
TR-036930,2025-08-21,august,Dry Van,1894.0,14362.88,3630.7026140806206,3496.5289581507086,3563.6157861156644,10799.264213884335
TR-036931,2025-08-21,august,Dry Van,1277.8,2555.97,2571.42205640271,2638.6587682266286,2605.040412314669,49.070412314669284
TR-036932,2025-08-21,august,Dry Van,2801.5,5076.78,5147.1772014010885,5326.079049121082,5236.628125261085,159.84812526108544
TR-036933,2025-08-21,august,Reefer,1655.3,3778.41,3806.3756020889773,3734.3840782324633,3770.37984016072,8.030159839279804
TR-036934,2025-08-21,august,Dry Van,1806.1,3556.83,3550.044529720113,3553.429980218032,3551.7372549690726,5.09274503092729
TR-036935,2025-08-21,august,Reefer,349.0,935.62,905.791854435103,969.5290178677496,937.6604361514263,2.04043615142632
TR-036936,2025-08-21,august,Flatbed,437.8,1011.03,983.5955928589838,999.4303038403018,991.5129483496428,19.51705165035719
TR-036937,2025-08-21,august,Reefer,750.6,1645.78,1653.1097682543955,1654.6278745006966,1653.868821377546,8.088821377546083
TR-036938,2025-08-21,august,Dry Van,2868.6,4947.36,5025.242906433972,4952.411862432948,4988.82738443346,41.46738443346021
TR-036939,2025-08-21,august,Reefer,533.0,1275.31,1226.9404124275554,1218.26829919535,1222.6043558114527,52.70564418854724
TR-036940,2025-08-21,august,Dry Van,2356.2,4222.13,4342.703741069242,4262.92801864948,4302.815879859361,80.6858798593612
TR-036941,2025-08-21,august,Flatbed,1756.2,3501.53,3544.2459037574245,3560.535239879613,3552.3905718185188,50.860571818518565
TR-036942,2025-08-21,august,Dry Van,1109.4,2180.5,2269.3495435387817,2189.054745300895,2229.202144419838,48.70214441983808
TR-036943,2025-08-22,august,Dry Van,464.7,1029.15,998.3006078885295,1034.9731937405393,1016.6369008145343,12.513099185465762
TR-036944,2025-08-22,august,Dry Van,639.1,1334.05,1321.2337995417777,1316.1334115440416,1318.6836055429096,15.366394457090337
TR-036945,2025-08-22,august,Reefer,675.6,1525.93,1485.066450384379,1445.5016808483065,1465.2840656163428,60.64593438365728
TR-036946,2025-08-22,august,Flatbed,112.5,348.27,318.29396426273274,350.51353842626963,334.4037513445012,13.866248655498794
TR-036947,2025-08-22,august,Flatbed,391.0,954.67,957.4102039670971,971.5622029055808,964.4862034363389,9.816203436338924
TR-036948,2025-08-22,august,Dry Van,979.2,1958.51,1972.4420526157633,1976.249961373256,1974.3460069945095,15.83600699450949
TR-036949,2025-08-22,august,Reefer,2401.6,5154.03,5212.676367392614,5137.703331545515,5175.189849469065,21.159849469065193
TR-036950,2025-08-22,august,Dry Van,338.7,842.65,792.2222824370868,825.4145129842077,808.8183977106473,33.831602289352645
TR-036951,2025-08-22,august,Dry Van,1855.9,3665.34,3701.6536741381983,3673.711520647243,3687.6825973927207,22.342597392720563
TR-036952,2025-08-22,august,Flatbed,864.7,1946.35,1941.2903490849303,1952.4308288799887,1946.8605889824594,0.5105889824594669
TR-036953,2025-08-22,august,Reefer,813.6,664.28,1834.3876227084065,1814.2724252631506,1824.3300239857786,1160.0500239857786
TR-036954,2025-08-22,august,Dry Van,2221.6,4097.41,4093.314403677451,4201.660420621301,4147.487412149376,50.07741214937596
TR-036955,2025-08-22,august,Reefer,652.0,1537.52,1508.2901351368446,1488.0545706148932,1498.172352875869,39.34764712413107
TR-036956,2025-08-22,august,Flatbed,1549.1,3218.08,3190.163512703934,3169.7194171214114,3179.941464912673,38.138535087327
TR-036957,2025-08-22,august,Reefer,1243.6,2701.36,2762.530421522703,2747.9543684362143,2755.2423949794584,53.88239497945824
TR-036958,2025-08-22,august,Dry Van,215.3,573.81,551.9415279684997,571.5486736344951,561.7451008014974,12.06489919850253
TR-036959,2025-08-22,august,Dry Van,824.9,1697.95,1688.0581473274324,1703.2253426108555,1695.641744969144,2.3082550308561167
TR-036960,2025-08-22,august,Dry Van,275.5,695.52,639.8195916607316,710.0005315833348,674.9100616220333,20.609938377966728
TR-036961,2025-08-22,august,Reefer,1641.0,1109.67,3618.337688527201,3568.3801647129317,3593.358926620066,2483.688926620066
TR-036962,2025-08-22,august,Reefer,2025.4,4321.15,4397.053933385257,4435.4982494636215,4416.276091424439,95.12609142443944
TR-036963,2025-08-22,august,Reefer,2519.5,5249.85,5382.111165092962,5344.0998309822735,5363.1054980376175,113.25549803761714
TR-036964,2025-08-22,august,Dry Van,964.4,1866.21,1871.276734458277,1900.4058689294093,1885.841301693843,19.631301693842943
TR-036965,2025-08-22,august,Reefer,1249.7,2688.22,2742.589791658145,2691.7608360176187,2717.1753138378817,28.95531383788193
TR-036966,2025-08-22,august,Dry Van,603.8,1306.2,1284.8087659987807,1312.7787156800364,1298.7937408394087,7.4062591605913894
TR-036967,2025-08-22,august,Flatbed,894.5,2127.18,2178.427194857514,2093.6021476095166,2136.0146712335154,8.834671233515564
TR-036968,2025-08-22,august,Flatbed,864.2,1962.15,1933.2943482130138,1954.8149323456353,1944.0546402793245,18.09535972067556
TR-036969,2025-08-22,august,Dry Van,471.6,1022.31,1037.9501529925512,1010.381824958922,1024.1659889757366,1.8559889757366363
TR-036970,2025-08-22,august,Flatbed,1920.6,3930.77,3956.89523191648,4032.1532954799995,3994.52426369824,63.75426369823981
TR-036971,2025-08-22,august,Reefer,1008.0,2197.33,2276.244460340057,2175.6163145275423,2225.9303874337993,28.60038743379937
TR-036972,2025-08-22,august,Dry Van,82.2,239.63,243.1012428732802,310.05502059714036,276.57813173521026,36.94813173521027
TR-036973,2025-08-22,august,Reefer,358.6,946.18,923.1070738320584,907.099761146422,915.1034174892402,31.07658251075975
TR-036974,2025-08-22,august,Dry Van,1248.5,2460.35,2550.668996100438,2517.72136693553,2534.195181517984,73.8451815179842
TR-036975,2025-08-22,august,Reefer,2416.2,5255.27,5091.385280272082,5192.197538854332,5141.791409563208,113.47859043679273
TR-036976,2025-08-22,august,Reefer,1933.3,4195.1,4128.272976455065,4153.468444870072,4140.870710662568,54.22928933743242
TR-036977,2025-08-22,august,Reefer,523.7,1262.86,1223.0552662859498,1238.2056797811028,1230.6304730335264,32.229526966473486
TR-036978,2025-08-22,august,Dry Van,475.2,1053.46,1022.9881308478389,1059.2160140815129,1041.102072464676,12.357927535324052
TR-036979,2025-08-22,august,Dry Van,643.2,1241.93,1290.6002283468526,1321.3744846273842,1305.9873564871184,64.05735648711834
TR-036980,2025-08-22,august,Dry Van,2524.8,4522.51,4595.592698581846,4608.1370640815185,4601.864881331682,79.35488133168201
TR-036981,2025-08-22,august,Dry Van,1705.8,3349.09,3352.0176661987016,3355.975345861031,3353.9965060298664,4.90650602986625
TR-036982,2025-08-22,august,Flatbed,197.2,526.72,514.4483904565835,578.6093015681959,546.5288460123897,19.808846012389722
TR-036983,2025-08-22,august,Flatbed,2451.3,4815.5,4904.608924172293,4922.201240124803,4913.405082148548,97.90508214854799
TR-036984,2025-08-22,august,Dry Van,1773.8,3303.55,3462.983072430893,3354.4700143501805,3408.726543390537,105.17654339053661
TR-036985,2025-08-22,august,Flatbed,1809.5,3635.08,3402.817398192161,3651.0775589225486,3526.9474785573548,108.13252144264516
TR-036986,2025-08-22,august,Dry Van,827.2,1863.97,1796.6290294687942,1792.1933889306447,1794.4112091997195,69.55879080028058
TR-036987,2025-08-22,august,Flatbed,793.8,1871.41,1809.446564179876,1773.2433153969523,1791.3449397884142,80.06506021158589
TR-036988,2025-08-22,august,Reefer,594.1,1547.77,1401.4591190178116,1496.6380879358771,1449.0486034768444,98.72139652315559
TR-036989,2025-08-22,august,Dry Van,259.6,666.16,651.6841226134864,662.8848114992577,657.284467056372,8.875532943627945
TR-036990,2025-08-22,august,Flatbed,1036.4,2285.14,2308.778557200198,2228.677223586068,2268.727890393133,16.412109606867034
TR-036991,2025-08-22,august,Reefer,596.0,1405.65,1361.9472826536278,1377.7770860237383,1369.8621843386832,35.78781566131693
TR-036992,2025-08-22,august,Reefer,301.1,754.23,759.8487518145437,754.9124322154319,757.3805920149878,3.150592014987751
TR-036993,2025-08-22,august,Dry Van,1650.0,3060.21,3143.054809783876,3139.226458272638,3141.140634028257,80.93063402825692
TR-036994,2025-08-22,august,Dry Van,576.6,1216.75,1257.1688901809594,1192.9152744606556,1225.0420823208074,8.292082320807367
TR-036995,2025-08-22,august,Reefer,1331.3,2960.5,2965.2832549548057,2994.192637151836,2979.737946053321,19.23794605332114
TR-036996,2025-08-22,august,Dry Van,987.2,1947.58,2012.8968153797741,1996.0349239197874,2004.4658696497809,56.88586964978094
TR-036997,2025-08-22,august,Dry Van,808.4,1676.59,1607.9566279814128,1671.6888905896785,1639.8227592855455,36.767240714454374
TR-036998,2025-08-22,august,Dry Van,881.2,1857.57,1861.70287433428,1855.321013232354,1858.511943783317,0.9419437833171287
TR-036999,2025-08-22,august,Dry Van,1474.3,2961.48,3010.997300626007,2963.673689213981,2987.335494919994,25.855494919993816
TR-037000,2025-08-22,august,Dry Van,1005.2,2064.48,2111.2211095266566,2104.0846246143374,2107.652867070497,43.17286707049698
TR-037001,2025-08-22,august,Dry Van,1249.2,2454.6,2452.144626033072,2500.129345427937,2476.1369857305044,21.53698573050451
TR-037002,2025-08-22,august,Dry Van,1066.2,2147.36,2174.648797544469,2145.53249544736,2160.0906464959144,12.730646495914243
TR-037003,2025-08-22,august,Flatbed,578.4,1343.79,1334.4273613810985,1319.1686287220546,1326.7979950515764,16.992004948423528
TR-037004,2025-08-22,august,Dry Van,808.7,1784.4,1692.1962171267223,1738.194060128361,1715.1951386275416,69.20486137245848
TR-037005,2025-08-22,august,Dry Van,873.6,1785.93,1813.418992226306,1773.3965862848986,1793.4077892556024,7.477789255602374
TR-037006,2025-08-22,august,Reefer,582.0,1400.87,1356.257071609632,1369.3720456867968,1362.8145586482144,38.055441351785475
TR-037007,2025-08-22,august,Reefer,2370.2,5043.72,4878.59447964322,4970.181187252793,4924.387833448007,119.3321665519934
TR-037008,2025-08-22,august,Dry Van,2281.1,4386.83,4419.001810187267,4354.759045158589,4386.880427672928,0.05042767292798089
TR-037009,2025-08-22,august,Dry Van,990.6,1935.05,1927.982688895505,1905.0858524693626,1916.5342706824338,18.515729317566183
TR-037010,2025-08-22,august,Flatbed,570.6,1328.92,1304.8324608969433,1324.0024825956743,1314.4174717463088,14.502528253691253
TR-037011,2025-08-22,august,Flatbed,440.3,1021.56,1033.4579185697726,1001.0532889567346,1017.2556037632536,4.304396236746356
TR-037012,2025-08-22,august,Flatbed,1589.0,3409.39,3331.8620314560812,3423.8730538698546,3377.867542662968,31.522457337031938
TR-037013,2025-08-22,august,Dry Van,1494.3,2999.84,3030.3723649404697,3014.1530286864704,3022.26269681347,22.422696813469884
TR-037014,2025-08-22,august,Dry Van,742.3,1611.21,1589.3680957820825,1602.2752226450862,1595.8216592135843,15.38834078641571
TR-037015,2025-08-22,august,Reefer,369.0,855.73,881.5658359396996,876.620760564258,879.0932982519788,23.36329825197879
TR-037016,2025-08-22,august,Reefer,961.4,2162.53,2180.586199424913,2167.9105630887384,2174.2483812568257,11.718381256825523
TR-037017,2025-08-22,august,Dry Van,1969.3,3853.5,3882.2565058623245,3843.813619958533,3863.0350629104287,9.535062910428678
TR-037018,2025-08-22,august,Dry Van,291.5,709.62,674.8594503038195,717.2816129397393,696.0705316217793,13.549468378220695
TR-037019,2025-08-22,august,Dry Van,797.8,1572.54,1535.0150066389485,1595.5394106788622,1565.2772086589052,7.262791341094726
TR-037020,2025-08-22,august,Dry Van,1300.0,2631.26,2527.6672107541017,2603.7333512819223,2565.700281018012,65.55971898198823
TR-037021,2025-08-22,august,Reefer,1803.8,4036.45,3923.755110776318,3957.718877462987,3940.7369941196525,95.71300588034728
TR-037022,2025-08-22,august,Dry Van,1821.7,3321.75,3319.579667085135,3231.6714027956987,3275.625534940417,46.124465059583144
TR-037023,2025-08-22,august,Flatbed,269.9,679.98,655.0250507679748,681.916615108463,668.4708329382189,11.509167061781113
TR-037024,2025-08-22,august,Reefer,376.3,1002.94,988.9887286768545,992.573593516626,990.7811610967403,12.15883890325972
TR-037025,2025-08-22,august,Reefer,1349.2,3095.69,3079.5140440219075,3044.857330985233,3062.18568750357,33.504312496429975
TR-037026,2025-08-22,august,Dry Van,1444.4,2806.91,2900.29617714788,2756.628627238988,2828.462402193434,21.552402193434318
TR-037027,2025-08-22,august,Reefer,2740.9,5454.33,5567.472485423848,5588.085826679202,5577.779156051525,123.44915605152528
TR-037028,2025-08-22,august,Reefer,2039.4,4504.06,4404.610147046131,4330.639951259914,4367.625049153023,136.4349508469777
TR-037029,2025-08-22,august,Dry Van,440.4,1004.1,982.7661168896261,979.5091587752552,981.1376378324406,22.962362167559377
TR-037030,2025-08-22,august,Dry Van,741.1,1573.25,1538.2049009907971,1576.3097223142213,1557.257311652509,15.992688347490912
TR-037031,2025-08-22,august,Reefer,1445.0,3219.57,3191.942582934927,3141.2058783141297,3166.5742306245284,52.99576937547181
TR-037032,2025-08-22,august,Reefer,1160.7,2652.04,2508.1876916411634,2812.759130749242,2660.473411195203,8.433411195203007
TR-037033,2025-08-22,august,Dry Van,794.7,1680.37,1627.7662394172353,1641.58980437637,1634.6780218968026,45.69197810319724
TR-037034,2025-08-22,august,Reefer,1858.1,3740.15,3814.86703007795,3932.6782707057914,3873.7726503918707,133.6226503918706
TR-037035,2025-08-22,august,Flatbed,2735.6,5376.34,5369.592298550989,5382.980880428633,5376.286589489811,0.05341051018876897
TR-037036,2025-08-22,august,Dry Van,727.0,1506.92,1474.8341865455445,1498.431125811142,1486.6326561783433,20.287343821656805
TR-037037,2025-08-22,august,Reefer,2108.2,4308.01,4338.134694040541,4272.800464154601,4305.467579097571,2.5424209024295124
TR-037038,2025-08-22,august,Reefer,830.3,1879.92,1843.8673405362981,1817.5059200005321,1830.6866302684152,49.233369731584844
TR-037039,2025-08-22,august,Reefer,556.8,1318.97,1222.394297110759,1220.504764355674,1221.4495307332165,97.5204692667835
TR-037040,2025-08-22,august,Flatbed,256.1,707.9,675.4350127139857,705.5321800126678,690.4835963633268,17.41640363667318
TR-037041,2025-08-22,august,Flatbed,1123.8,2404.88,2435.44532101318,2366.274497984668,2400.859909498924,4.0200905010760835
TR-037042,2025-08-22,august,Dry Van,742.0,1524.89,1634.326448327157,1566.0961865895797,1600.2113174583683,75.32131745836818
TR-037043,2025-08-22,august,Flatbed,1127.7,2476.08,2469.7987670635443,2408.402512920359,2439.1006399919515,36.97936000804839
TR-037044,2025-08-22,august,Dry Van,641.9,1382.58,1298.7848110015018,1332.9644437299876,1315.8746273657448,66.70537263425513
TR-037045,2025-08-22,august,Dry Van,934.6,1765.69,1837.642678811107,1795.6323979346953,1816.6375383729012,50.947538372901136
TR-037046,2025-08-22,august,Dry Van,577.3,1305.11,1286.2053956274876,1262.8313014233486,1274.518348525418,30.591651474581795
TR-037047,2025-08-22,august,Dry Van,2146.7,4092.43,4105.265923766083,4122.747330013298,4114.00662688969,21.576626889690033
TR-037048,2025-08-22,august,Flatbed,218.2,607.66,597.0261326625115,669.681615215547,633.3538739390292,25.69387393902923
TR-037049,2025-08-22,august,Dry Van,749.5,1649.33,1573.8359134339707,1610.3000994081626,1592.0680064210667,57.26199357893324
TR-037050,2025-08-22,august,Dry Van,2869.4,5347.7,5331.595157319378,5517.255109590361,5424.42513345487,76.72513345487005
TR-037051,2025-08-22,august,Flatbed,764.7,1765.59,1771.7892167856053,1741.74303739908,1756.7661270923427,8.823872907657233
TR-037052,2025-08-22,august,Reefer,859.9,2048.33,2013.7041621945316,1975.0904053191157,1994.3972837568235,53.9327162431764
TR-037053,2025-08-22,august,Flatbed,922.6,2025.53,2020.6242492070296,2006.7355481720704,2013.67989868955,11.850101310449872
TR-037054,2025-08-22,august,Reefer,2341.4,4752.73,4469.7098252879805,4789.074271253488,4629.392048270734,123.33795172926511
TR-037055,2025-08-22,august,Reefer,805.9,1782.3,1735.9423949063585,1767.2482279947694,1751.595311450564,30.704688549436014
TR-037056,2025-08-22,august,Reefer,991.1,2333.46,2397.460483647053,2300.2467475630783,2348.853615605066,15.393615605065861
TR-037057,2025-08-22,august,Dry Van,379.4,862.5,866.6621503137886,862.0737362242448,864.3679432690167,1.8679432690166777
TR-037058,2025-08-22,august,Reefer,2885.0,6036.06,5867.726340447862,5922.46281602281,5895.094578235336,140.96542176466482
TR-037059,2025-08-22,august,Reefer,525.6,1218.12,1185.3337175904485,1182.7814688712388,1184.0575932308436,34.06240676915627
TR-037060,2025-08-22,august,Dry Van,180.3,445.02,433.61453703299344,509.06498173153227,471.33975938226286,26.319759382262873
TR-037061,2025-08-22,august,Reefer,360.0,947.41,919.7818353440796,928.6797127183293,924.2307740312044,23.17922596879555
TR-037062,2025-08-22,august,Dry Van,176.8,460.11,451.70845602148546,531.6029227956637,491.65568940857463,31.545689408574617
TR-037063,2025-08-22,august,Reefer,2717.5,5754.79,5663.773351747908,5700.303115465169,5682.038233606539,72.75176639346137
TR-037064,2025-08-22,august,Dry Van,1073.7,2154.21,2176.0919223221476,2136.488394804126,2156.290158563137,2.080158563137047
TR-037065,2025-08-22,august,Dry Van,1264.2,2438.81,2549.4251653800147,2470.2963584183867,2509.860761899201,71.050761899201
TR-037066,2025-08-22,august,Dry Van,1765.9,3197.26,3374.9153198520685,3216.20497311077,3295.560146481419,98.30014648141878
TR-037067,2025-08-22,august,Flatbed,2605.2,5150.15,5169.784481465304,5197.887735019331,5183.836108242318,33.68610824231837
TR-037068,2025-08-22,august,Reefer,1206.1,2655.51,2531.1067293573765,2675.911197501401,2603.508963429389,52.00103657061118
TR-037069,2025-08-22,august,Dry Van,418.1,958.7,924.0543584638951,926.3939857295766,925.2241720967359,33.47582790326419
TR-037070,2025-08-22,august,Dry Van,1716.8,3207.35,3367.2681330808296,3277.482421136572,3322.375277108701,115.02527710870118
TR-037071,2025-08-22,august,Dry Van,802.8,1741.96,1664.28121973096,1671.9234245948255,1668.1023221628927,73.8576778371073
TR-037072,2025-08-22,august,Dry Van,1323.0,2491.35,2590.8720237463776,2519.29742424107,2555.084723993724,63.73472399372395
TR-037073,2025-08-22,august,Dry Van,476.7,1015.7,1010.5606208495835,1034.2615158016652,1022.4110683256243,6.7110683256242964
TR-037074,2025-08-22,august,Dry Van,2096.8,3837.73,3900.1846239636784,3807.711732788418,3853.9481783760484,16.2181783760484
TR-037075,2025-08-22,august,Dry Van,174.6,440.22,441.3388968446498,498.3917259810205,469.8653114128351,29.6453114128351
TR-037076,2025-08-23,august,Dry Van,2756.2,4926.52,5011.0309798329345,4936.812754572426,4973.92186720268,47.40186720267957
TR-037077,2025-08-23,august,Flatbed,1021.6,2243.56,2209.1611874584164,2273.9482458181415,2241.554716638279,2.0052833617210126
TR-037078,2025-08-23,august,Dry Van,753.6,1403.99,1555.3635494681037,1477.6726825901667,1516.5181160291352,112.52811602913516
TR-037079,2025-08-23,august,Dry Van,308.4,758.3,736.6520188510115,768.493282316371,752.5726505836913,5.727349416308698
TR-037080,2025-08-23,august,Dry Van,3137.2,5422.12,5328.325331573726,5351.266528091452,5339.795929832589,82.32407016741126
TR-037081,2025-08-23,august,Reefer,1829.0,3864.3,3935.6368852356395,3909.525624501529,3922.5812548685844,58.281254868584256
TR-037082,2025-08-23,august,Flatbed,1114.0,2355.88,2407.279684320301,2306.075758937315,2356.6777216288083,0.7977216288081763
TR-037083,2025-08-23,august,Reefer,2230.5,4208.52,4317.159994055192,4433.561242828311,4375.360618441751,166.84061844175085
TR-037084,2025-08-23,august,Dry Van,391.3,876.19,837.1664541563454,861.5483935015054,849.3574238289254,26.832576171074606
TR-037085,2025-08-23,august,Dry Van,272.5,680.26,654.0986087318488,707.4802830707442,680.7894459012965,0.5294459012965262
TR-037086,2025-08-23,august,Flatbed,684.7,1540.43,1492.0036266975055,1504.9719550909704,1498.487790894238,41.942209105762004
TR-037087,2025-08-23,august,Dry Van,1151.3,2336.74,2386.247499433615,2240.2304673077424,2313.2389833706784,23.501016629321384
TR-037088,2025-08-23,august,Dry Van,1898.4,3525.59,3528.3853773826822,3490.378377645744,3509.381877514213,16.208122485787044
TR-037089,2025-08-23,august,Dry Van,1918.5,3444.13,3672.611782853524,3499.970648398139,3586.2912156258317,142.16121562583157
TR-037090,2025-08-23,august,Flatbed,606.0,1364.33,1368.5892110471484,1331.3177003268509,1349.9534556869996,14.376544313000295
TR-037091,2025-08-23,august,Flatbed,1659.8,3290.93,3287.1712809549463,3415.9294589459146,3351.5503699504306,60.62036995043081
TR-037092,2025-08-23,august,Dry Van,1474.5,2906.55,2977.398084133434,2968.1202849609535,2972.759184547194,66.20918454719367
TR-037093,2025-08-23,august,Flatbed,708.2,1712.77,1658.9089794182185,1591.689546101967,1625.2992627600927,87.4707372399073
TR-037094,2025-08-23,august,Flatbed,824.6,1885.57,1941.3375351276416,1853.1475198452688,1897.2425274864552,11.672527486455238
TR-037095,2025-08-23,august,Reefer,1224.5,2926.84,2832.6758962977688,2870.015436664081,2851.3456664809246,75.49433351907555
TR-037096,2025-08-23,august,Reefer,685.0,1670.48,1671.4146546281581,1622.3583749126494,1646.8865147704037,23.593485229596354
TR-037097,2025-08-23,august,Flatbed,2159.5,4443.39,4392.540092314897,4426.578748656513,4409.559420485705,33.830579514295096
TR-037098,2025-08-23,august,Dry Van,1510.1,2889.83,2927.898133384756,2899.0613637888173,2913.4797485867866,23.6497485867867
TR-037099,2025-08-23,august,Dry Van,1115.5,2091.31,2128.1441750443682,2137.0379071621282,2132.5910411032482,41.2810411032483
TR-037100,2025-08-23,august,Flatbed,1960.0,4058.8,3718.422527498711,3985.94664792376,3852.1845877112355,206.61541228876467
TR-037101,2025-08-23,august,Dry Van,1828.0,3483.18,3585.4405856223934,3513.3171923630166,3549.378888992705,66.19888899270518
TR-037102,2025-08-23,august,Dry Van,1215.6,2376.56,2364.7072782768305,2360.840671506478,2362.7739748916542,13.786025108345711
TR-037103,2025-08-23,august,Reefer,534.4,1290.75,1249.0962065290812,1279.9581029711107,1264.527154750096,26.222845249903912
TR-037104,2025-08-23,august,Dry Van,1291.4,2556.88,2638.9624638753016,2503.2158084109915,2571.089136143147,14.20913614314668
TR-037105,2025-08-23,august,Reefer,467.4,1196.96,1168.4300795626352,1171.5003819590495,1169.9652307608424,26.994769239157677
TR-037106,2025-08-23,august,Dry Van,285.1,692.62,678.2523279327683,682.4953894072473,680.3738586700078,12.246141329992156
TR-037107,2025-08-23,august,Dry Van,1216.0,2441.75,2232.7379434822374,2319.9993357860385,2276.368639634138,165.38136036586184
TR-037108,2025-08-23,august,Dry Van,1296.2,2519.17,2645.5667273001163,2454.298121279357,2549.9324242897364,30.762424289736373
TR-037109,2025-08-23,august,Flatbed,387.8,934.38,936.0929848349696,946.1206793960498,941.1068321155096,6.726832115509637
TR-037110,2025-08-23,august,Reefer,1915.3,3935.77,3932.0700200974907,3954.016830465447,3943.043425281469,7.273425281468917
TR-037111,2025-08-23,august,Dry Van,1649.6,3257.83,3162.824629242528,3251.368509863637,3207.096569553082,50.73343044691774
TR-037112,2025-08-23,august,Reefer,1424.3,3184.54,3126.4032286502625,3059.029917758452,3092.7165732043572,91.82342679564272
TR-037113,2025-08-23,august,Reefer,2346.4,4835.13,4690.365310135615,4904.913490990752,4797.639400563183,37.49059943681732
TR-037114,2025-08-23,august,Flatbed,790.1,1780.64,1751.9889499025578,1673.3715183202596,1712.6802341114087,67.95976588859139
TR-037115,2025-08-23,august,Flatbed,438.7,1139.21,1106.8990647810476,1115.9126798356901,1111.405872308369,27.804127691631038
TR-037116,2025-08-23,august,Dry Van,2347.7,4088.62,4241.453737854669,4294.982921671239,4268.218329762954,179.59832976295456
TR-037117,2025-08-23,august,Reefer,561.3,1381.48,1299.6955875591602,1358.5103295349481,1329.1029585470542,52.37704145294583
TR-037118,2025-08-23,august,Reefer,501.8,1249.48,1213.3314569240317,1230.7344899396253,1222.0329734318284,27.447026568171623
TR-037119,2025-08-23,august,Flatbed,2152.6,4499.44,4429.199219853505,4437.955388469214,4433.577304161359,65.86269583864032
TR-037120,2025-08-23,august,Dry Van,891.3,1892.08,1849.4770725212031,1823.2684072686307,1836.3727398949168,55.70726010508315
TR-037121,2025-08-23,august,Reefer,1593.0,3369.7,3312.73559130461,3355.093126886981,3333.9143590957956,35.78564090420423
TR-037122,2025-08-23,august,Flatbed,265.5,723.37,685.0222783516818,759.4546463114946,722.2384623315882,1.1315376684118519
TR-037123,2025-08-23,august,Reefer,1503.5,3188.75,3177.703131246028,3214.786957153461,3196.2450441997444,7.49504419974437
TR-037124,2025-08-23,august,Flatbed,864.3,1866.9,1880.146887688609,1810.3238034823962,1845.2353455855027,21.664654414497363
TR-037125,2025-08-23,august,Dry Van,312.8,725.06,674.6775155301854,739.4560256287202,707.0667705794529,17.993229420547095
TR-037126,2025-08-23,august,Reefer,413.8,1077.88,1038.2453498504956,1070.3440355300002,1054.2946926902478,23.585307309752352
TR-037127,2025-08-23,august,Dry Van,3317.1,5864.87,5775.210221537851,5877.848867851617,5826.529544694734,38.340455305266005
TR-037128,2025-08-23,august,Reefer,598.7,1366.32,1304.8954031509243,1361.7283076420917,1333.311855396508,33.00814460349193
TR-037129,2025-08-23,august,Dry Van,1022.9,1851.36,1982.2663105825627,2041.4948091464275,2011.8805598644951,160.52055986449523
TR-037130,2025-08-23,august,Dry Van,1468.7,2880.2,2923.887034110644,2872.869375310894,2898.378204710769,18.178204710769023
TR-037131,2025-08-23,august,Dry Van,2019.5,3638.89,3860.8607192572094,3876.502552350834,3868.6816358040214,229.79163580402155
TR-037132,2025-08-23,august,Dry Van,1135.5,2111.16,2271.952363861019,2166.2391157998945,2219.0957398304568,107.9357398304569
TR-037133,2025-08-23,august,Reefer,697.2,1641.34,1601.6320369725433,1618.5393260048043,1610.0856814886738,31.25431851132612
TR-037134,2025-08-23,august,Dry Van,776.7,1625.2,1564.224386854683,1594.2182767396723,1579.2213317971778,45.97866820282229
TR-037135,2025-08-23,august,Dry Van,1790.8,3460.44,3508.1826600573745,3471.9224862871315,3490.052573172253,29.612573172252723
TR-037136,2025-08-23,august,Dry Van,292.7,736.46,689.5984581731012,739.2767309196568,714.4375945463789,22.022405453621104
TR-037137,2025-08-23,august,Dry Van,1717.3,3151.74,2934.0801447489694,3134.5988117358474,3034.3394782424084,117.40052175759138
TR-037138,2025-08-23,august,Flatbed,948.1,1956.23,1965.3067073415816,2023.7584218818085,1994.532564611695,38.30256461169506
TR-037139,2025-08-23,august,Flatbed,305.8,810.86,779.1052645074024,813.7811867294208,796.4432256184116,14.416774381588425
TR-037140,2025-08-23,august,Dry Van,564.3,1318.15,1220.5012914073623,1295.8051775753802,1258.1532344913712,59.99676550862887
TR-037141,2025-08-23,august,Reefer,2561.7,5267.91,5217.40487916945,5123.3945157244,5170.399697446925,97.51030255307523
TR-037142,2025-08-23,august,Dry Van,2182.4,3878.02,4139.1901102300035,4080.76334501087,4109.976727620437,231.9567276204366
TR-037143,2025-08-23,august,Flatbed,532.8,1310.97,1231.197414710146,1257.8954407118513,1244.5464277109986,66.42357228900141
TR-037144,2025-08-23,august,Dry Van,1040.8,2049.1,2238.534981424833,2195.450755788583,2216.992868606708,167.8928686067079
TR-037145,2025-08-23,august,Flatbed,663.7,1656.94,1537.3733774257964,1560.4006327075044,1548.8870050666505,108.05299493334951
TR-037146,2025-08-23,august,Reefer,417.4,1101.21,1075.9124946114564,1081.965706824931,1078.9391007181937,22.27089928180635
TR-037147,2025-08-23,august,Reefer,2532.1,5110.7,4691.810890134526,5178.257122313524,4935.034006224025,175.66599377597504
TR-037148,2025-08-23,august,Reefer,505.5,1363.09,1286.967585107157,1269.2492329151241,1278.1084090111406,84.98159098885935
TR-037149,2025-08-23,august,Dry Van,2637.5,4900.82,4738.407713030646,5043.293108032587,4890.850410531617,9.969589468382765
TR-037150,2025-08-23,august,Reefer,2805.2,5360.53,5542.314046355678,5452.181869756442,5497.24795805606,136.71795805606052
TR-037151,2025-08-23,august,Dry Van,299.9,723.28,679.9763757850583,753.616811040763,716.7965934129106,6.483406587089348
TR-037152,2025-08-23,august,Dry Van,743.9,1486.62,1432.8015652094496,1446.7358546605096,1439.7687099349796,46.851290065020294
TR-037153,2025-08-23,august,Reefer,366.0,953.04,919.9464791366421,917.7750881758532,918.8607836562476,34.17921634375239
TR-037154,2025-08-23,august,Dry Van,761.9,1516.82,1500.2064636315936,1526.7749741369628,1513.490718884278,3.3292811157218694
TR-037155,2025-08-23,august,Dry Van,1922.7,3723.95,3654.1802207481983,3727.920286754588,3691.050253751393,32.89974624860679
TR-037156,2025-08-23,august,Dry Van,3049.0,5328.33,5343.768201286878,5532.338226174477,5438.053213730678,109.72321373067825
TR-037157,2025-08-23,august,Flatbed,520.5,1210.95,1215.0670349570873,1212.6206246963343,1213.8438298267108,2.893829826710771
TR-037158,2025-08-23,august,Dry Van,1628.3,3061.05,3192.0542262258373,3076.9699242918705,3134.5120752588537,73.46207525885347
TR-037159,2025-08-23,august,Flatbed,700.0,1473.63,1412.9152731661582,1464.2930412657454,1438.6041572159518,35.025842784048336
TR-037160,2025-08-23,august,Dry Van,382.0,901.03,907.2477928537932,913.0634930173101,910.1556429355517,9.125642935551696
TR-037161,2025-08-23,august,Dry Van,1237.1,2549.6,2438.3994239126564,2449.4802193769106,2443.9398216447835,105.66017835521643
TR-037162,2025-08-23,august,Dry Van,2523.0,4575.83,4326.124729098549,4636.793191784147,4481.458960441349,94.37103955865132
TR-037163,2025-08-23,august,Reefer,2394.6,4779.29,4800.2145491745005,4888.327326628411,4844.270937901456,64.98093790145595
TR-037164,2025-08-23,august,Dry Van,774.2,1496.84,1551.5287175720732,1481.5123887239474,1516.5205531480103,19.680553148010404
TR-037165,2025-08-23,august,Dry Van,1502.2,2721.41,2880.503596392191,2921.917596239207,2901.210596315699,179.8005963156993
TR-037166,2025-08-23,august,Reefer,2098.5,4364.43,4309.574247722121,4362.785504715116,4336.179876218619,28.250123781381262
TR-037167,2025-08-23,august,Reefer,480.1,1215.08,1157.5057047834969,1182.4231353319428,1169.96442005772,45.115579942279965
TR-037168,2025-08-23,august,Dry Van,571.7,1303.3,1240.4906156051022,1263.6057003820235,1252.0481579935629,51.25184200643707
TR-037169,2025-08-23,august,Reefer,1187.1,2517.13,2534.8872436041624,2555.595105503799,2545.2411745539807,28.111174553980618
TR-037170,2025-08-23,august,Flatbed,821.9,1874.15,1860.5248986801062,1828.2648275769893,1844.3948631285477,29.75513687145235
TR-037171,2025-08-23,august,Reefer,450.1,1199.57,1167.061651381336,1190.8083628008749,1178.9350070911055,20.634992908894446
TR-037172,2025-08-23,august,Dry Van,916.7,1789.85,1773.1033086496116,1776.975826190983,1775.0395674202973,14.810432579702592
TR-037173,2025-08-23,august,Reefer,614.0,1416.31,1411.0020808978545,1349.8233108957972,1380.4126958968259,35.897304103174065
TR-037174,2025-08-23,august,Flatbed,1327.4,11981.0,2825.749182197265,2764.011225673396,2794.8802039353304,9186.11979606467
TR-037175,2025-08-23,august,Reefer,2409.1,5002.47,4776.012816516657,4975.1880218368115,4875.600419176734,126.869580823266
TR-037176,2025-08-23,august,Dry Van,2974.7,5160.6,5230.644928874192,5371.100753488867,5300.87284118153,140.27284118152966
TR-037177,2025-08-23,august,Dry Van,387.5,885.63,862.2989403338483,875.1047478772489,868.7018441055486,16.92815589445138
TR-037178,2025-08-23,august,Dry Van,685.5,1324.98,1318.0624761524,1328.5133693964121,1323.287922774406,1.6920772255939482
TR-037179,2025-08-23,august,Flatbed,2182.0,4140.5,4256.857351780798,4190.3607588222685,4223.609055301533,83.10905530153286
TR-037180,2025-08-23,august,Reefer,999.8,2260.55,2196.9365894592434,2245.4215363905714,2221.179062924907,39.370937075093025
TR-037181,2025-08-23,august,Flatbed,2186.5,4415.77,4436.364463962933,4374.473175486823,4405.418819724878,10.351180275122715
TR-037182,2025-08-23,august,Flatbed,508.9,1231.15,1208.9072437101427,1203.3265671731206,1206.1169054416316,25.033094558368475
TR-037183,2025-08-23,august,Dry Van,812.0,1697.97,1653.6137562097679,1635.226572798216,1644.420164503992,53.54983549600797
TR-037184,2025-08-23,august,Flatbed,70.0,218.9,244.89748846925886,338.1955524986872,291.54652048397304,72.64652048397303
TR-037185,2025-08-23,august,Dry Van,839.5,1743.3,1766.0549670581352,1756.074349871547,1761.0646584648412,17.764658464841204
TR-037186,2025-08-23,august,Reefer,2075.9,4165.97,4274.373220311371,4200.784308525688,4237.578764418529,71.60876441852906
TR-037187,2025-08-23,august,Dry Van,1396.2,2685.36,2771.6130412990715,2697.1189597229027,2734.366000510987,49.00600051098672
TR-037188,2025-08-23,august,Dry Van,1794.0,3482.37,3378.830425320078,3449.318160810265,3414.0742930651713,68.29570693482856
TR-037189,2025-08-23,august,Dry Van,732.8,1633.05,1554.977692466731,1646.5074107805438,1600.7425516236374,32.30744837636257
TR-037190,2025-08-23,august,Dry Van,1094.1,2125.42,2194.339036942982,2154.3812616072305,2174.3601492751063,48.94014927510625
TR-037191,2025-08-23,august,Dry Van,2274.0,4179.22,4124.675678972566,4089.3692904868685,4107.022484729718,72.19751527028257
TR-037192,2025-08-23,august,Reefer,679.7,1566.73,1475.8011626018424,1555.2084494693063,1515.5048060355743,51.22519396442567
TR-037193,2025-08-23,august,Dry Van,433.1,975.11,931.6216369766877,923.2665814730499,927.4441092248687,47.66589077513129
TR-037194,2025-08-23,august,Reefer,1090.5,2326.77,2262.39688725068,2332.8842752054315,2297.6405812280555,29.12941877194453
TR-037195,2025-08-23,august,Dry Van,2145.7,4032.25,3965.667582072469,4131.192909469724,4048.4302457710965,16.180245771096452
TR-037196,2025-08-23,august,Dry Van,525.9,1121.81,1135.4424927035084,1141.2624185002412,1138.3524556018747,16.542455601874735
TR-037197,2025-08-23,august,Reefer,928.8,2181.88,2206.384014390357,2177.0974764677785,2191.740745429068,9.86074542906772
TR-037198,2025-08-23,august,Dry Van,1439.4,2853.66,2888.4840598798564,2880.640424046568,2884.5622419632123,30.90224196321242
TR-037199,2025-08-23,august,Reefer,1230.8,2683.95,2791.522040189848,2764.2366863875504,2777.879363288699,93.92936328869928
TR-037200,2025-08-23,august,Reefer,1793.9,3852.12,3694.903668153983,3901.1957166488555,3798.049692401419,54.07030759858071
TR-037201,2025-08-23,august,Flatbed,766.9,494.37,1658.2180952701358,1608.4372502113888,1633.3276727407624,1138.9576727407625
TR-037202,2025-08-23,august,Dry Van,1018.7,2113.74,2203.1059524088514,2155.3901149125227,2179.248033660687,65.50803366068703
TR-037203,2025-08-23,august,Dry Van,509.7,1101.03,1058.7194534665816,1074.311820535771,1066.5156370011764,34.51436299882357
TR-037204,2025-08-23,august,Dry Van,1484.8,2792.02,2902.685520497033,2822.2852004473216,2862.4853604721775,70.46536047217751
TR-037205,2025-08-23,august,Dry Van,1755.1,3303.78,3465.177725984492,3420.6819169540504,3442.9298214692712,139.14982146927105
TR-037206,2025-08-23,august,Dry Van,430.0,1006.46,988.1724319359979,1017.5596990066222,1002.8660654713101,3.5939345286899425
TR-037207,2025-08-23,august,Dry Van,650.5,1403.05,1375.8900967806933,1354.5339149705828,1365.2120058756382,37.837994124361785
TR-037208,2025-08-23,august,Dry Van,1927.6,3642.59,3778.718740770845,3653.56545524364,3716.1420980072426,73.55209800724242
TR-037209,2025-08-23,august,Flatbed,1688.8,3282.53,3522.374492014757,3440.228686970785,3481.301589492771,198.771589492771
TR-037210,2025-08-23,august,Flatbed,840.0,1815.02,1788.5382459093928,1742.915814833299,1765.7270303713458,49.29296962865419
TR-037211,2025-08-23,august,Flatbed,1146.5,2267.3,2434.107977883289,2255.12982831083,2344.6189030970595,77.31890309705932
TR-037212,2025-08-23,august,Dry Van,407.2,889.93,866.3211507896661,913.2275520683202,889.7743514289932,0.15564857100673635
TR-037213,2025-08-23,august,Dry Van,224.5,542.39,534.3962756132634,578.753502692965,556.5748891531141,14.184889153114113
TR-037214,2025-08-23,august,Flatbed,694.4,1702.34,1609.7429027895882,1622.4117842653195,1616.0773435274539,86.26265647254604
TR-037215,2025-08-23,august,Dry Van,1646.7,3111.47,3271.079014168258,3138.8800345094223,3204.97952433884,93.50952433884004
TR-037216,2025-08-23,august,Reefer,720.1,1704.0,1666.7006871319795,1598.4773198840553,1632.5890035080174,71.41099649198259
TR-037217,2025-08-23,august,Dry Van,894.8,1724.25,1751.2278653727615,1714.1880494969746,1732.7079574348681,8.457957434868149
TR-037218,2025-08-23,august,Dry Van,775.9,1671.16,1654.4414283799597,1655.4896040971705,1654.9655162385652,16.194483761434867
TR-037219,2025-08-23,august,Flatbed,269.0,713.05,692.2847321512156,750.6530845049324,721.468908328074,8.418908328074053
TR-037220,2025-08-23,august,Dry Van,1767.7,3469.59,3546.2996793730827,3482.4048030494496,3514.352241211266,44.76224121126597
TR-037221,2025-08-23,august,Dry Van,1227.2,2537.24,2236.247262358322,2339.3184158667405,2287.7828391125313,249.4571608874685
TR-037222,2025-08-23,august,Dry Van,1796.8,3286.22,3349.1276585355545,3344.964722447642,3347.0461904915983,60.82619049159848
TR-037223,2025-08-23,august,Dry Van,1185.3,2369.52,2356.2538866633704,2278.111815472775,2317.1828510680725,52.33714893192746
TR-037224,2025-08-23,august,Flatbed,1419.0,3002.99,3119.4702635422086,3057.2758796283892,3088.373071585299,85.38307158529915
TR-037225,2025-08-23,august,Reefer,906.8,2073.2,1978.1739021024312,1934.448160068058,1956.3110310852446,116.8889689147552
TR-037226,2025-08-23,august,Dry Van,961.6,2112.13,2161.410262044671,2054.061334430223,2107.735798237447,4.394201762553166
TR-037227,2025-08-23,august,Dry Van,498.8,1125.28,1111.9286784194894,1087.7399298524206,1099.8343041359549,25.445695864045092
TR-037228,2025-08-23,august,Dry Van,700.4,1468.95,1447.4661436552922,1415.5046898831388,1431.4854167692156,37.464583230784456
TR-037229,2025-08-23,august,Dry Van,438.6,995.3,988.9612534570274,1040.4090936632329,1014.6851735601301,19.38517356013017
TR-037230,2025-08-23,august,Dry Van,352.1,838.07,837.3030629124484,868.8179142399092,853.0604885761788,14.990488576178791
TR-037231,2025-08-23,august,Dry Van,239.1,567.49,550.6210872268622,632.8969947468761,591.7590409868692,24.269040986869186
TR-037232,2025-08-23,august,Reefer,799.6,1992.45,1855.202890188701,1847.372541901153,1851.287716044927,141.162283955073
TR-037233,2025-08-23,august,Dry Van,441.4,918.74,913.6072451582962,921.0736737400803,917.3404594491883,1.3995405508117074
TR-037234,2025-08-23,august,Dry Van,274.0,2662.69,665.1951722526965,673.449579176397,669.3223757145468,1993.3676242854533
TR-037235,2025-08-24,august,Dry Van,959.7,1919.73,1998.1128021764803,2014.6287332019392,2006.3707676892097,86.64076768920972
TR-037236,2025-08-24,august,Dry Van,1003.8,1929.14,2004.085981903142,2018.9481016608604,2011.5170417820013,82.37704178200124
TR-037237,2025-08-24,august,Reefer,730.2,1721.44,1664.6046080309347,1631.3145315126878,1647.9595697718114,73.48043022818865
TR-037238,2025-08-24,august,Reefer,1900.6,3997.77,3935.3871156106266,3828.046921691999,3881.717018651313,116.0529813486869
TR-037239,2025-08-24,august,Dry Van,682.2,1538.17,1498.658938552089,1525.461081503031,1512.06001002756,26.109989972439962
TR-037240,2025-08-24,august,Reefer,384.5,935.47,939.0423111275549,918.6183046599785,928.8303078937668,6.639692106233269
TR-037241,2025-08-24,august,Dry Van,2089.2,3683.01,3981.8194680976158,3922.1009546114274,3951.9602113545216,268.95021135452134
TR-037242,2025-08-24,august,Reefer,2493.8,4757.86,4831.819753327474,4918.579514551513,4875.199633939494,117.33963393949398
TR-037243,2025-08-24,august,Dry Van,1105.0,2077.63,2191.9092252061814,2170.1284771869477,2181.0188511965644,103.38885119656425
TR-037244,2025-08-24,august,Flatbed,271.8,622.91,623.0070514171056,670.78309863853,646.8950750278177,23.985075027817743
TR-037245,2025-08-24,august,Dry Van,1755.1,3315.62,3245.8420181835613,3315.1058018625654,3280.4739100230636,35.14608997693631
TR-037246,2025-08-24,august,Dry Van,2682.5,5060.31,4864.775996904243,5110.096352012077,4987.43617445816,72.87382554184023
TR-037247,2025-08-24,august,Dry Van,1225.9,2428.63,2361.7656084787523,2427.5590829420325,2394.6623457103924,33.96765428960771
TR-037248,2025-08-24,august,Dry Van,427.9,1041.67,1016.9451276413337,990.0121217931869,1003.4786247172603,38.19137528273973
TR-037249,2025-08-24,august,Flatbed,665.2,1498.19,1483.2332398685692,1408.9687937930457,1446.1010168308076,52.08898316919249
TR-037250,2025-08-24,august,Reefer,2166.8,4630.16,4458.890586836159,4669.106835252567,4563.9987110443635,66.16128895563634
TR-037251,2025-08-24,august,Reefer,496.0,1109.63,1120.3141083758096,1107.7288927161708,1114.0215005459902,4.391500545990084
TR-037252,2025-08-24,august,Reefer,146.4,459.39,407.1998792658526,511.30549913578625,459.2526892008194,0.1373107991805682
TR-037253,2025-08-24,august,Dry Van,1500.0,2897.07,2867.9240565647165,2948.1456999195107,2908.0348782421133,10.964878242113173
TR-037254,2025-08-24,august,Reefer,1018.1,2296.82,2255.7654193119,2362.048408962203,2308.906914137052,12.086914137051735
TR-037255,2025-08-24,august,Dry Van,1560.9,3009.15,2909.29232903319,3000.0193863390573,2954.6558576861235,54.49414231387664
TR-037256,2025-08-24,august,Dry Van,1865.7,3421.87,3476.9799157536713,3609.116932307295,3543.048424030483,121.17842403048326
TR-037257,2025-08-24,august,Dry Van,1227.9,2409.45,2496.348136711593,2314.390784521915,2405.3694606167537,4.080539383246105
TR-037258,2025-08-24,august,Dry Van,2709.5,4695.99,4708.448193292942,4595.355233515876,4651.901713404409,44.088286595590944
TR-037259,2025-08-24,august,Dry Van,427.0,947.31,988.1618844538276,989.0197035672593,988.5907940105435,41.28079401054356
TR-037260,2025-08-24,august,Reefer,388.5,1006.34,976.3935264020827,1045.5181036107156,1010.9558150063991,4.615815006399089
TR-037261,2025-08-24,august,Flatbed,2092.9,4110.03,4128.81448429121,4123.8153094187755,4126.314896854992,16.28489685499244
TR-037262,2025-08-24,august,Reefer,340.0,922.96,857.9762542706102,917.7267734910013,887.8515138808057,35.10848611919437
TR-037263,2025-08-24,august,Dry Van,331.3,726.92,686.2142066555829,719.9535366735968,703.0838716645899,23.83612833541008
TR-037264,2025-08-24,august,Dry Van,1488.2,2773.9,2839.9462324847955,2780.890943457097,2810.418587970946,36.5185879709461
TR-037265,2025-08-24,august,Reefer,648.3,1541.65,1453.2908541483969,1466.8734199250816,1460.0821370367394,81.56786296326072
TR-037266,2025-08-24,august,Dry Van,1174.1,2215.4,2064.673155291694,2126.9381344603235,2095.805644876009,119.59435512399114
TR-037267,2025-08-24,august,Dry Van,2420.2,4531.67,4622.749392017064,4608.331117057571,4615.540254537317,83.87025453731712
TR-037268,2025-08-24,august,Dry Van,2109.2,3618.48,3955.5533311590625,3877.230335158935,3916.3918331589985,297.91183315899843
TR-037269,2025-08-24,august,Flatbed,1757.4,3500.98,3435.7679118878227,3496.192165504698,3465.9800386962606,34.99996130373938
TR-037270,2025-08-24,august,Dry Van,513.0,1170.1,1207.7667285581858,1158.7127045758086,1183.2397165669972,13.139716566997322
TR-037271,2025-08-24,august,Dry Van,1184.5,2317.13,2270.9788906702242,2198.215075331639,2234.5969830009317,82.53301699906842
TR-037272,2025-08-24,august,Dry Van,519.5,1101.68,1066.9788610479877,1096.7292928446727,1081.8540769463302,19.82592305366984
TR-037273,2025-08-24,august,Reefer,331.3,873.25,823.0269151834146,917.9287932401617,870.4778542117881,2.772145788211901
TR-037274,2025-08-24,august,Reefer,100.2,321.32,272.28806507423934,416.8956486046138,344.59185683942655,23.27185683942656
TR-037275,2025-08-24,august,Dry Van,808.5,1629.18,1587.086899616597,1634.032480068896,1610.5596898427466,18.62031015725347
TR-037276,2025-08-24,august,Flatbed,2621.4,5138.3,4971.455087927594,5136.83487328734,5054.144980607467,84.15501939253318
TR-037277,2025-08-24,august,Dry Van,1914.0,3513.12,3723.876154415213,3571.5706271269173,3647.723390771065,134.60339077106528
TR-037278,2025-08-24,august,Dry Van,1002.8,1986.79,1965.2019055723206,2024.612589443849,1994.9072475080848,8.117247508084802
TR-037279,2025-08-24,august,Dry Van,320.0,740.97,737.9533378179669,767.7148036952774,752.8340707566222,11.86407075662214
TR-037280,2025-08-24,august,Flatbed,775.6,1706.19,1700.5394439136185,1707.1333103259403,1703.8363771197794,2.353622880220655
TR-037281,2025-08-24,august,Dry Van,1100.5,2191.06,2304.352589109648,2225.254147360629,2264.8033682351384,73.7433682351384
TR-037282,2025-08-24,august,Dry Van,1977.1,3617.33,3783.272405807258,3737.1717083573776,3760.222057082318,142.89205708231793
TR-037283,2025-08-24,august,Flatbed,518.3,1198.94,1150.2507660195076,1170.407787378592,1160.3292766990498,38.61072330095021
TR-037284,2025-08-24,august,Reefer,1217.8,2581.04,2670.922581686742,2492.683177456661,2581.8028795717014,0.7628795717014327
TR-037285,2025-08-24,august,Dry Van,646.4,1306.66,1324.9059524880292,1294.6266370997782,1309.7662947939039,3.1062947939037713
TR-037286,2025-08-24,august,Dry Van,1090.5,2053.79,1935.467939752741,2024.6253768918568,1980.0466583222988,73.74334167770121
TR-037287,2025-08-24,august,Dry Van,1997.8,3788.44,3699.5647489212656,3588.593242301458,3644.0789956113617,144.36100438863832
TR-037288,2025-08-24,august,Dry Van,2384.6,4348.94,4438.264648915626,4481.166476240022,4459.715562577824,110.77556257782453
TR-037289,2025-08-24,august,Dry Van,838.9,1763.23,1720.6703667916784,1757.6949905841793,1739.1826786879287,24.04732131207129
TR-037290,2025-08-24,august,Dry Van,907.3,1802.36,1735.1428272138667,1762.9497946990386,1749.0463109564525,53.313689043547356
TR-037291,2025-08-24,august,Dry Van,879.7,1871.34,1822.4846052476234,1825.087211086224,1823.7859081669237,47.5540918330762
TR-037292,2025-08-24,august,Dry Van,2028.0,3761.88,3919.6048777363944,3835.461139071712,3877.5330084040534,115.65300840405325
TR-037293,2025-08-24,august,Dry Van,113.1,306.45,281.47940708666096,303.88810340134387,292.68375524400244,13.766244755997548
TR-037294,2025-08-24,august,Dry Van,1365.1,2457.2,2634.3971161211834,2619.6769414951377,2627.0370288081604,169.83702880816054
TR-037295,2025-08-24,august,Dry Van,593.6,1299.89,1292.933528512768,1356.5162114535842,1324.7248699831762,24.834869983176077
TR-037296,2025-08-24,august,Dry Van,1006.5,2062.13,2080.1160112959874,2111.2238895943224,2095.669950445155,33.53995044515477
TR-037297,2025-08-24,august,Dry Van,887.0,1692.16,1713.94566719695,1712.0045873443344,1712.9751272706421,20.81512727064205
TR-037298,2025-08-24,august,Reefer,888.3,2069.21,1934.7960265545025,1917.7105368883988,1926.2532817214505,142.9567182785495
TR-037299,2025-08-24,august,Dry Van,245.1,583.78,573.5483932274124,596.5227731777968,585.0355832026046,1.2555832026046119
TR-037300,2025-08-24,august,Flatbed,891.7,1835.49,1795.1987704997969,1812.0880692264154,1803.6434198631061,31.846580136893863
TR-037301,2025-08-24,august,Dry Van,1966.8,3514.88,3597.9855564211143,3558.8216815324226,3578.4036189767685,63.523618976768375
TR-037302,2025-08-24,august,Dry Van,983.1,2025.32,2006.406814284244,2020.2123599865454,2013.3095871353948,12.010412864605087
TR-037303,2025-08-24,august,Dry Van,520.0,1106.82,1106.6855014902,1138.386627162894,1122.5360643265471,15.716064326547212
TR-037304,2025-08-24,august,Dry Van,1780.3,3327.79,3523.4634167766035,3495.6504055300325,3509.5569111533177,181.76691115331778
TR-037305,2025-08-24,august,Dry Van,795.6,1686.27,1739.5863346570925,1669.3556978493841,1704.4710162532383,18.201016253238322
TR-037306,2025-08-24,august,Dry Van,1988.6,3685.39,3653.9372518665077,3661.001550738349,3657.469401302428,27.920598697571677
TR-037307,2025-08-24,august,Dry Van,784.9,1582.29,1583.3140320563302,1557.468454225543,1570.3912431409367,11.898756859063269
TR-037308,2025-08-24,august,Dry Van,1227.0,2418.25,2503.9056698477007,2367.5496267153826,2435.7276482815414,17.477648281541406
TR-037309,2025-08-24,august,Dry Van,1172.7,2154.85,2330.6933967052796,2242.080391025903,2286.3868938655914,131.53689386559154
TR-037310,2025-08-24,august,Flatbed,499.3,1208.83,1179.5532415476077,1186.754977627311,1183.1541095874595,25.67589041254041
TR-037311,2025-08-24,august,Dry Van,1490.0,2852.17,2934.048827354494,2925.3706677063187,2929.7097475304063,77.5397475304062
TR-037312,2025-08-24,august,Reefer,1072.3,2262.34,2386.2296468618206,2350.7489975842495,2368.489322223035,106.14932222303469
TR-037313,2025-08-24,august,Dry Van,1377.5,2692.43,2826.5993466423247,2759.9424402831855,2793.2708934627553,100.8408934627555
TR-037314,2025-08-24,august,Dry Van,759.6,509.3,1456.298662557269,1492.5176459278518,1474.4081542425604,965.1081542425604
TR-037315,2025-08-24,august,Dry Van,348.5,869.6,828.5019988813425,840.5874336474869,834.5447162644148,35.05528373558525
TR-037316,2025-08-24,august,Reefer,853.6,1829.88,1818.1867248496553,1822.2515433509136,1820.2191341002845,9.660865899715645
TR-037317,2025-08-24,august,Reefer,978.0,2135.95,2153.654117232604,2149.1145906692213,2151.3843539509126,15.434353950912737
TR-037318,2025-08-24,august,Dry Van,1094.2,2201.68,2240.539985402557,2201.1204828403215,2220.8302341214394,19.150234121439553
TR-037319,2025-08-24,august,Dry Van,214.1,525.2,523.1175284475732,575.1983509163142,549.1579396819437,23.957939681943685
TR-037320,2025-08-24,august,Dry Van,929.7,1756.81,1839.1028994886246,1820.369322371864,1829.7361109302442,72.92611093024425
TR-037321,2025-08-24,august,Dry Van,1388.0,2611.16,2622.8454308942046,2618.967033072162,2620.9062319831833,9.746231983183407
TR-037322,2025-08-24,august,Flatbed,2277.7,4381.12,4223.566378277654,4526.25566906509,4374.911023671371,6.208976328628523
TR-037323,2025-08-24,august,Dry Van,1121.8,2271.6,2368.2548791935974,2292.004987577703,2330.1299333856505,58.529933385650565
TR-037324,2025-08-24,august,Flatbed,792.3,1734.72,1748.286474029299,1685.3702490706216,1716.8283615499604,17.891638450039636
TR-037325,2025-08-24,august,Dry Van,1226.6,2355.02,2466.134539181149,2277.2733610623736,2371.7039501217614,16.683950121761427
TR-037326,2025-08-24,august,Dry Van,262.0,666.39,639.7088232638079,712.1810492388893,675.9449362513485,9.554936251348522
TR-037327,2025-08-24,august,Reefer,1980.3,4233.89,4123.050392042667,4285.869689339369,4204.460040691018,29.42995930898269
TR-037328,2025-08-24,august,Dry Van,2055.5,3684.57,3669.4113939317444,3616.6506631016377,3643.031028516691,41.53897148330907
TR-037329,2025-08-24,august,Dry Van,702.7,1481.86,1405.75427201416,1447.5514680704782,1426.6528700423191,55.20712995768076
TR-037330,2025-08-24,august,Flatbed,1986.9,3854.48,3885.6567468732615,3940.8192076604882,3913.2379772668746,58.757977266874605
TR-037331,2025-08-24,august,Flatbed,2875.3,5577.31,5330.755564565755,5402.060965173367,5366.40826486956,210.9017351304401
TR-037332,2025-08-24,august,Flatbed,595.2,1279.34,1285.1407852246703,1256.6399319274947,1270.8903585760825,8.449641423917456
TR-037333,2025-08-24,august,Reefer,1054.4,2425.34,2396.08963302327,2470.430881024472,2433.260257023871,7.920257023870818
TR-037334,2025-08-24,august,Dry Van,741.9,1493.17,1480.755239236789,1515.896255772017,1498.325747504403,5.155747504402825
TR-037335,2025-08-24,august,Reefer,1203.5,2670.46,2633.465851189478,2496.0480184359176,2564.756934812698,105.70306518730195
TR-037336,2025-08-24,august,Dry Van,1148.4,2192.56,2339.0825401294983,2210.205206073991,2274.6438731017447,82.08387310174476
TR-037337,2025-08-24,august,Dry Van,592.7,1167.75,1152.9193538316258,1167.8972635013347,1160.4083086664803,7.341691333519748
TR-037338,2025-08-24,august,Dry Van,694.7,1401.41,1376.948739110297,1364.7620002410595,1370.8553696756783,30.554630324321806
TR-037339,2025-08-24,august,Dry Van,1017.8,2028.25,2095.520999490262,2054.8373015217453,2075.1791505060037,46.92915050600368
TR-037340,2025-08-24,august,Dry Van,1162.8,2173.53,2313.3812599551698,2197.532456687949,2255.4568583215596,81.9268583215594
TR-037341,2025-08-24,august,Dry Van,647.9,1338.42,1332.0083759820877,1331.485477314301,1331.7469266481944,6.6730733518056695
TR-037342,2025-08-24,august,Flatbed,1236.9,2593.02,2618.7204645888673,2535.608368785105,2577.1644166869864,15.85558331301354
TR-037343,2025-08-24,august,Dry Van,2686.5,4711.71,4815.363275834026,4885.41642920889,4850.389852521458,138.6798525214581
TR-037344,2025-08-24,august,Reefer,777.5,1778.92,1733.6667710261108,1733.8758685977095,1733.7713198119102,45.148680188089884
TR-037345,2025-08-24,august,Dry Van,1348.0,2697.42,2753.3792816560917,2640.758003547347,2697.068642601719,0.3513573982809248
TR-037346,2025-08-24,august,Dry Van,1221.4,2236.9,2393.150426714557,2369.835680971361,2381.493053842959,144.59305384295885
TR-037347,2025-08-24,august,Reefer,290.9,787.78,756.7254588355687,827.9166301250455,792.3210444803071,4.541044480307164
TR-037348,2025-08-24,august,Flatbed,2057.2,3938.05,3846.4184446572026,3927.485150213457,3886.95179743533,51.09820256467037
TR-037349,2025-08-24,august,Flatbed,740.2,1590.46,1620.097749950787,1600.6357599715448,1610.366754961166,19.906754961165916
TR-037350,2025-08-24,august,Dry Van,712.3,1569.15,1509.6145245845207,1563.901128297781,1536.7578264411509,32.39217355884921
TR-037351,2025-08-24,august,Dry Van,801.7,1665.73,1705.703178590517,1674.933478447502,1690.3183285190094,24.588328519009337
TR-037352,2025-08-24,august,Dry Van,426.6,1008.38,979.4449927694938,978.1288855857163,978.7869391776051,29.593060822394932
TR-037353,2025-08-24,august,Reefer,1492.0,3269.5,3172.9949535359874,3240.3668735474985,3206.680913541743,62.81908645825706
TR-037354,2025-08-24,august,Dry Van,1731.8,3273.33,3331.2314295941865,3395.4961186780947,3363.363774136141,90.03377413614089
TR-037355,2025-08-24,august,Flatbed,361.5,872.46,848.38176228517,850.1619618638349,849.2718620745025,23.188137925497585
TR-037356,2025-08-24,august,Flatbed,685.3,1590.15,1505.9601700875758,1498.1729155043352,1502.0665427959555,88.08345720404463
TR-037357,2025-08-24,august,Dry Van,1725.1,3267.86,3410.088483742274,3344.3975851536825,3377.243034447978,109.38303444797793
TR-037358,2025-08-24,august,Flatbed,1439.7,2927.7,2898.6875172251243,2947.224932068444,2922.956224646784,4.743775353215824
TR-037359,2025-08-24,august,Dry Van,1617.1,3117.03,3088.4733505971403,3205.1816634904662,3146.827507043803,29.797507043802852
TR-037360,2025-08-24,august,Dry Van,402.3,880.37,857.3608640507887,922.4204275150416,889.8906457829152,9.520645782915153
TR-037361,2025-08-24,august,Dry Van,997.9,1858.87,1870.5612306288333,1915.0594467576834,1892.8103386932585,33.94033869325858
TR-037362,2025-08-24,august,Dry Van,406.5,2437.64,911.8778861690789,959.7732333473632,935.8255597582211,1501.8144402417788
TR-037363,2025-08-24,august,Dry Van,166.6,432.79,437.64887945803906,505.93821203437915,471.79354574620913,39.00354574620911
TR-037364,2025-08-24,august,Reefer,1577.2,3581.09,3540.3770016115527,3577.9900526767533,3559.1835271441532,21.906472855846914
TR-037365,2025-08-24,august,Reefer,286.2,807.14,749.2818746369315,813.5890864355106,781.4354805362211,25.704519463778865
TR-037366,2025-08-24,august,Dry Van,593.1,1300.28,1268.6100656944204,1267.6539741736037,1268.132019934012,32.147980065987895
TR-037367,2025-08-24,august,Dry Van,1163.5,2405.38,2429.299153079475,2343.14503332071,2386.222093200093,19.157906799907323
TR-037368,2025-08-24,august,Dry Van,917.3,1718.36,1722.5496109890503,1681.5953661420385,1702.0724885655445,16.287511434455382
TR-037369,2025-08-24,august,Reefer,779.6,1881.99,1773.1393576441678,1759.3858064107342,1766.2625820274511,115.72741797254889
TR-037370,2025-08-24,august,Reefer,350.0,880.86,867.6491126827575,927.111001183165,897.3800569329612,16.52005693296121
TR-037371,2025-08-24,august,Dry Van,175.6,442.88,440.2259450621114,476.84122110865314,458.53358308538225,15.653583085382252
TR-037372,2025-08-24,august,Dry Van,1143.6,2276.79,2325.1760867668904,2264.875122241375,2295.0256045041324,18.235604504132425
TR-037373,2025-08-24,august,Reefer,957.7,2054.57,2155.9715873264527,2136.3854286785627,2146.1785080025074,91.60850800250728
TR-037374,2025-08-24,august,Reefer,937.6,2247.08,2144.58675103848,2168.8024437289114,2156.6945973836955,90.38540261630442
TR-037375,2025-08-24,august,Dry Van,1179.6,2294.2,2315.166482968991,2179.419111730932,2247.292797349962,46.907202650038016
TR-037376,2025-08-24,august,Flatbed,577.0,1366.08,1302.5205344169858,1335.070189461132,1318.795361939059,47.284638060941006
TR-037377,2025-08-24,august,Flatbed,1174.9,2593.96,2494.3642456740395,2374.7495275006795,2434.5568865873593,159.40311341264078
TR-037378,2025-08-24,august,Flatbed,299.6,738.04,738.5072386200471,798.364298040914,768.4357683304806,30.395768330480678
TR-037379,2025-08-24,august,Reefer,1209.2,2567.17,2625.6663323171097,2478.24225416141,2551.9542932392596,15.215706760740431
TR-037380,2025-08-24,august,Dry Van,501.5,1093.46,1053.7389966309704,1086.3555950936775,1070.047295862324,23.412704137675973
TR-037381,2025-08-24,august,Dry Van,1647.6,3343.32,3189.813884317127,3245.162264031589,3217.488074174358,125.83192582564197
TR-037382,2025-08-24,august,Flatbed,904.1,1895.76,1864.1220846408696,1890.6019685033536,1877.3620265721115,18.397973427888473
TR-037383,2025-08-24,august,Dry Van,2116.7,3927.86,3976.6093618039104,3954.8884586339955,3965.748910218953,37.88891021895279
TR-037384,2025-08-24,august,Flatbed,475.7,1108.77,1091.7872423914441,1077.9229592122758,1084.8551008018599,23.91489919814012
TR-037385,2025-08-24,august,Reefer,1535.3,3090.61,3080.8824305902435,3199.345167944136,3140.1137992671897,49.503799267189606
TR-037386,2025-08-24,august,Dry Van,1690.7,3118.45,3148.8309660307036,3219.1272495529965,3183.97910779185,65.52910779185004
TR-037387,2025-08-24,august,Reefer,360.5,928.46,888.4668613382636,927.2147565835942,907.8408089609288,20.61919103907121
TR-037388,2025-08-24,august,Dry Van,1290.3,2422.87,2540.9665224908235,2469.919691126499,2505.4431068086615,82.57310680866158
TR-037389,2025-08-24,august,Flatbed,424.2,1022.55,1010.407127778373,993.0766581745149,1001.741892976444,20.808107023555976
TR-037390,2025-08-24,august,Dry Van,1308.5,2481.43,2612.0111141420944,2466.5943264515217,2539.302720296808,57.872720296807984
TR-037391,2025-08-24,august,Flatbed,478.6,1102.93,1113.2533571003605,1119.2082150089382,1116.2307860546493,13.30078605464928
TR-037392,2025-08-24,august,Dry Van,413.0,894.95,896.6532063920984,938.4565031822835,917.554854787191,22.604854787190902
TR-037393,2025-08-24,august,Dry Van,542.4,1054.43,1041.3026958791402,1046.7981688377183,1044.0504323584291,10.37956764157093
TR-037394,2025-08-24,august,Reefer,1197.5,2567.52,2732.0506778764393,2598.5302378432666,2665.2904578598527,97.77045785985274
TR-037395,2025-08-25,august,Dry Van,1439.4,2796.73,2857.9897696285275,2862.4905021965947,2860.240135912561,63.510135912561054
TR-037396,2025-08-25,august,Dry Van,818.3,1661.97,1639.1067027563633,1641.6323623388232,1640.3695325475933,21.600467452406747
TR-037397,2025-08-25,august,Reefer,106.6,308.52,288.493253561231,327.9401038010308,308.2166786811309,0.3033213188691093
TR-037398,2025-08-25,august,Reefer,1645.2,3398.73,3505.0156319029143,3543.267601264254,3524.1416165835844,125.41161658358442
TR-037399,2025-08-25,august,Dry Van,748.6,1453.09,1477.3342426495583,1434.9520401154955,1456.143141382527,3.0531413825269738
TR-037400,2025-08-25,august,Reefer,2261.8,4567.92,4531.7008410881135,4487.09054372613,4509.395692407122,58.52430759287836
TR-037401,2025-08-25,august,Dry Van,770.0,1480.31,1476.1132630826226,1519.5963472820972,1497.85480518236,17.54480518236005
TR-037402,2025-08-25,august,Flatbed,1519.7,3089.86,3097.779759782772,3180.3014658219654,3139.0406128023687,49.180612802368614
TR-037403,2025-08-25,august,Flatbed,520.0,1207.44,1188.6901143094537,1181.6939289268132,1185.1920216181334,22.247978381866687
TR-037404,2025-08-25,august,Flatbed,537.5,1354.88,1241.5189093244053,1293.8612610689643,1267.6900851966848,87.18991480331533
TR-037405,2025-08-25,august,Dry Van,1357.9,2525.06,2531.506524130439,2511.999630879698,2521.7530775050686,3.306922494931314
TR-037406,2025-08-25,august,Flatbed,2818.5,5126.65,5207.549180605333,5367.194308055663,5287.371744330498,160.72174433049804
TR-037407,2025-08-25,august,Dry Van,1383.9,2566.58,2734.0764412014532,2692.299586606392,2713.1880139039226,146.6080139039227
TR-037408,2025-08-25,august,Dry Van,425.9,928.81,918.1273313673898,920.0174842625754,919.0724078149826,9.73759218501732
TR-037409,2025-08-25,august,Flatbed,851.6,1745.66,1993.7684608808877,1976.5097938901574,1985.1391273855224,239.47912738552236
TR-037410,2025-08-25,august,Reefer,1266.6,2645.67,2721.89698211723,2630.973911967437,2676.435447042333,30.765447042333108
TR-037411,2025-08-25,august,Flatbed,1301.1,2631.63,2689.8491144822237,2618.519067098299,2654.1840907902615,22.554090790261398
TR-037412,2025-08-25,august,Flatbed,776.5,1576.43,1725.1924260553753,1726.4933409631199,1725.8428835092477,149.41288350924765
TR-037413,2025-08-25,august,Flatbed,665.1,1434.51,1412.1191236030058,1393.2498055201922,1402.684464561599,31.825535438400948
TR-037414,2025-08-25,august,Reefer,623.7,1575.57,1522.9708618556,1449.8332199910938,1486.402040923347,89.167959076653
TR-037415,2025-08-25,august,Dry Van,2617.3,4595.87,4592.2802976997455,4710.828405912831,4651.554351806288,55.68435180628785
TR-037416,2025-08-25,august,Dry Van,2553.4,4488.99,4566.961981273921,4617.259053981023,4592.110517627472,103.12051762747251
TR-037417,2025-08-25,august,Dry Van,1582.8,2925.43,3082.4275696992568,3097.5560391987665,3089.9918044490114,164.56180444901156
TR-037418,2025-08-25,august,Reefer,950.7,2103.7,2001.8628513962897,2088.6443183044057,2045.2535848503476,58.44641514965224
TR-037419,2025-08-25,august,Dry Van,276.1,631.25,635.9373082112901,691.0621288899047,663.4997185505974,32.249718550597436
TR-037420,2025-08-25,august,Dry Van,2717.6,4753.96,4691.59530357184,4609.129698578337,4650.362501075089,103.59749892491072
TR-037421,2025-08-25,august,Dry Van,610.6,1310.54,1254.3302657799393,1297.3888585371224,1275.859562158531,34.68043784146903
TR-037422,2025-08-25,august,Reefer,1188.0,2495.39,2499.272649977993,2441.1974662873517,2470.2350581326723,25.15494186732758
TR-037423,2025-08-25,august,Dry Van,806.6,1761.46,1748.5376003296155,1709.7626821550564,1729.1501412423358,32.30985875766419
TR-037424,2025-08-25,august,Dry Van,414.5,950.57,931.2750509516296,994.7068620750142,962.9909565133219,12.420956513321812
TR-037425,2025-08-25,august,Dry Van,921.4,1820.93,1785.1605600073565,1791.068624434688,1788.1145922210221,32.81540777897794
TR-037426,2025-08-25,august,Reefer,3174.8,6450.5,6176.800138050964,6523.603861584758,6350.201999817861,100.29800018213882
TR-037427,2025-08-25,august,Dry Van,1552.6,633.84,2999.07677522002,3069.413802452219,3034.2452888361195,2400.4052888361193
TR-037428,2025-08-25,august,Reefer,662.7,1626.05,1584.9021654337143,1468.0680903883558,1526.485127911035,99.56487208896488
TR-037429,2025-08-25,august,Dry Van,689.7,1537.62,1484.9167791852299,1501.8935003068268,1493.4051397460285,44.21486025397144
TR-037430,2025-08-25,august,Dry Van,1237.9,2450.5,2422.527768145169,2370.285448979713,2396.406608562441,54.09339143755915
TR-037431,2025-08-25,august,Dry Van,1673.1,3075.6,3328.7464589643673,3172.4081429718813,3250.5773009681243,174.97730096812438
TR-037432,2025-08-25,august,Reefer,1179.0,2575.39,2448.7847959941982,2506.64287858497,2477.7138372895843,97.67616271041561
TR-037433,2025-08-25,august,Flatbed,1907.2,3800.27,3423.150834522194,3743.351587440842,3583.251210981518,217.01878901848204
TR-037434,2025-08-25,august,Flatbed,631.8,1415.27,1413.3243899913632,1393.8462433629165,1403.5853166771399,11.68468332286011
TR-037435,2025-08-25,august,Dry Van,1814.7,3286.5,3551.2018806890437,3445.6194025338273,3498.4106416114355,211.9106416114355
TR-037436,2025-08-25,august,Dry Van,1007.8,1998.34,2044.8638096120612,2082.868502812643,2063.866156212352,65.52615621235213
TR-037437,2025-08-25,august,Reefer,543.9,1356.23,1316.0660232548494,1317.9864316185126,1317.026227436681,39.203772563319035
TR-037438,2025-08-25,august,Flatbed,1900.4,3895.33,3930.9120805889697,3958.928865647049,3944.9204731180093,49.59047311800941
TR-037439,2025-08-25,august,Dry Van,2080.6,3885.01,3938.3254212734328,3849.1008885074534,3893.713154890443,8.703154890442875
TR-037440,2025-08-25,august,Reefer,1213.5,2790.28,2699.6931535095423,2521.411585326944,2610.552369418243,179.72763058175724
TR-037441,2025-08-25,august,Reefer,1565.5,3384.09,3252.3223150517097,3369.8616158841055,3311.0919654679074,72.99803453209279
TR-037442,2025-08-25,august,Reefer,1263.4,2734.43,2692.0496287747956,2657.1579719770675,2674.6038003759313,59.82619962406852
TR-037443,2025-08-25,august,Flatbed,2409.4,4507.79,4435.4058332864315,4573.72251241264,4504.564172849536,3.2258271504642835
TR-037444,2025-08-25,august,Reefer,986.8,2277.19,2192.231279713566,2237.5403888187802,2214.8858342661733,62.30416573382672
TR-037445,2025-08-25,august,Dry Van,916.0,1768.34,1805.5419468869513,1851.095962242466,1828.3189545647087,59.97895456470883
TR-037446,2025-08-25,august,Dry Van,2037.9,3578.75,3722.9288435995845,3723.25718081986,3723.0930122097225,144.34301220972247
TR-037447,2025-08-25,august,Reefer,2114.3,4142.32,4224.096984449846,4391.596515158511,4307.846749804178,165.5267498041785
TR-037448,2025-08-25,august,Dry Van,116.0,321.01,336.3905568484896,397.30061665968356,366.8455867540866,45.83558675408659
TR-037449,2025-08-25,august,Dry Van,453.2,999.69,967.7445391492022,968.4071737682596,968.0758564587309,31.614143541269186
TR-037450,2025-08-25,august,Dry Van,3102.6,5201.7,5428.5498547137495,5589.317259703928,5508.9335572088385,307.23355720883865
TR-037451,2025-08-25,august,Dry Van,857.8,1682.14,1707.360080456628,1677.9197739407568,1692.6399271986925,10.499927198692376
TR-037452,2025-08-25,august,Dry Van,503.3,1058.57,1055.0080914746857,1052.6611974298532,1053.8346444522695,4.735355547730478
TR-037453,2025-08-25,august,Reefer,544.6,1336.47,1253.2860576716973,1317.797043093716,1285.5415503827066,50.92844961729338
TR-037454,2025-08-25,august,Flatbed,1353.3,2925.47,2740.9340349579834,2914.3393864668246,2827.6367107124042,97.83328928759556
TR-037455,2025-08-25,august,Reefer,1969.6,4029.68,4063.691226131896,4052.623882418483,4058.15755427519,28.47755427518996
TR-037456,2025-08-25,august,Flatbed,565.9,1321.95,1239.1011971486105,1254.7291586633469,1246.9151779059787,75.03482209402137
TR-037457,2025-08-25,august,Dry Van,872.7,1730.58,1938.1677073096314,1909.6850860334107,1923.9263966715212,193.34639667152123
TR-037458,2025-08-25,august,Flatbed,930.3,1929.15,1925.5961080607708,1902.209724371839,1913.902916216305,15.247083783695189
TR-037459,2025-08-25,august,Dry Van,431.7,1017.42,1008.7660367113407,1027.8913150867374,1018.3286758990391,0.9086758990391672
TR-037460,2025-08-25,august,Reefer,969.0,2191.42,2175.935096338307,2165.064426077186,2170.499761207747,20.920238792253258
TR-037461,2025-08-25,august,Reefer,3219.5,6600.96,6394.46201523655,6551.6446252637625,6473.053320250156,127.90667974984444
TR-037462,2025-08-25,august,Dry Van,1993.5,3503.39,3546.245680584814,3486.097124366232,3516.171402475523,12.78140247552301
TR-037463,2025-08-25,august,Flatbed,2129.1,4342.27,3821.4256349258767,4094.769503277177,3958.097569101527,384.1724308984735
TR-037464,2025-08-25,august,Reefer,1136.2,2589.5,2549.509556984189,2457.8314639726213,2503.670510478405,85.82948952159495
TR-037465,2025-08-25,august,Dry Van,699.8,1433.9,1409.1764482884557,1434.523823768507,1421.8501360284813,12.04986397151879
TR-037466,2025-08-25,august,Flatbed,656.8,1549.96,1508.3447939046948,1507.0985032656467,1507.721648585171,42.23835141482914
TR-037467,2025-08-25,august,Flatbed,367.8,856.35,837.8454161799013,879.5205863669573,858.6830012734293,2.3330012734293177
TR-037468,2025-08-25,august,Dry Van,581.8,1147.09,1200.315968765938,1177.8577842540099,1189.086876509974,41.99687650997407
TR-037469,2025-08-25,august,Dry Van,1380.7,2731.74,2512.5875488044267,2606.719979461953,2559.6537641331897,172.08623586681006
TR-037470,2025-08-25,august,Reefer,602.8,1355.42,1285.9436458640528,1334.2890381704315,1310.116342017242,45.30365798275807
TR-037471,2025-08-25,august,Dry Van,665.6,1389.14,1390.1879883974839,1379.2611120628003,1384.724550230142,4.415449769858014
TR-037472,2025-08-25,august,Dry Van,2831.5,4591.86,4605.065556764881,4869.30687766579,4737.186217215336,145.32621721533633
TR-037473,2025-08-25,august,Reefer,2440.3,4727.74,4849.640234598887,4777.661358095779,4813.650796347333,85.91079634733342
TR-037474,2025-08-25,august,Dry Van,1286.3,2511.8,2497.16349187299,2481.8535314265873,2489.5085116497885,22.291488350211694
TR-037475,2025-08-25,august,Reefer,507.6,1269.27,1227.0314134503496,1274.1861029111865,1250.608758180768,18.66124181923192
TR-037476,2025-08-25,august,Dry Van,1742.3,3340.43,3361.6123075867295,3328.032187365848,3344.822247476289,4.392247476288958
TR-037477,2025-08-25,august,Flatbed,1547.1,3123.56,3192.142482976816,3249.792526197022,3220.967504586919,97.407504586919
TR-037478,2025-08-25,august,Dry Van,924.5,1786.52,1883.8270058108262,1789.695222804997,1836.7611143079116,50.24111430791163
TR-037479,2025-08-25,august,Dry Van,359.8,835.39,810.5498092412389,817.9267587456504,814.2382839934446,21.151716006555375
TR-037480,2025-08-25,august,Dry Van,1036.9,2006.14,1946.8654619658475,2023.8747755882064,1985.370118777027,20.769881222973027
TR-037481,2025-08-25,august,Dry Van,1665.1,3013.5,3093.3749914268806,3143.9766948406373,3118.675843133759,105.17584313375892
TR-037482,2025-08-25,august,Dry Van,1194.0,2283.71,2373.228223370076,2262.5910443813136,2317.909633875695,34.19963387569487
TR-037483,2025-08-25,august,Reefer,136.0,412.37,374.1981490765085,404.66039160249466,389.4292703395016,22.94072966049839
TR-037484,2025-08-25,august,Dry Van,658.9,1342.31,1311.6527885029238,1326.0122047546333,1318.8324966287787,23.477503371221246
TR-037485,2025-08-25,august,Flatbed,1691.4,3474.89,3408.207325457966,3552.131180974188,3480.169253216077,5.279253216076995
TR-037486,2025-08-25,august,Dry Van,912.2,1781.67,1815.5689840374,1839.5081963666541,1827.538590202027,45.86859020202701
TR-037487,2025-08-25,august,Reefer,975.4,2230.48,2139.3631173398758,2210.526065952021,2174.944591645948,55.535408354051924
TR-037488,2025-08-25,august,Flatbed,1646.7,3480.85,3499.504485927736,3482.063809572809,3490.7841477502725,9.934147750272587
TR-037489,2025-08-25,august,Flatbed,1892.5,3791.97,3741.7090199160134,3856.648999023049,3799.179009469531,7.209009469531338
TR-037490,2025-08-25,august,Dry Van,181.9,470.3,448.909995241171,534.9735616539415,491.9417784475562,21.64177844755619
TR-037491,2025-08-25,august,Dry Van,539.5,1129.48,1113.278835891932,1124.4891703599376,1118.8840031259347,10.59599687406535
TR-037492,2025-08-25,august,Reefer,1136.4,2416.23,2259.2367924553887,2345.2425854179837,2302.2396889366864,113.99031106331358
TR-037493,2025-08-25,august,Reefer,1896.3,3974.86,3859.962065000555,3905.6676686156393,3882.814866808097,92.045133191903
TR-037494,2025-08-25,august,Dry Van,803.1,1554.96,1656.326164828656,1652.182479983912,1654.2543224062838,99.29432240628375
TR-037495,2025-08-25,august,Reefer,644.1,1430.57,1385.5737111336714,1414.9254338357432,1400.2495724847072,30.32042751529275
TR-037496,2025-08-25,august,Reefer,601.9,1371.93,1311.7786395933642,1327.5118387269467,1319.6452391601556,52.284760839844466
TR-037497,2025-08-25,august,Reefer,2324.1,4704.09,4567.670027835354,4833.180705219778,4700.425366527566,3.6646334724337066
TR-037498,2025-08-25,august,Flatbed,2839.9,5266.93,5149.208571754023,5140.5086051388735,5144.858588446448,122.07141155355202
TR-037499,2025-08-25,august,Reefer,1041.6,2318.21,2399.2775016245814,2388.9835107179697,2394.1305061712756,75.92050617127552
TR-037500,2025-08-25,august,Dry Van,2073.7,4077.42,3800.5701102097364,3963.7489895677045,3882.1595498887204,195.26045011127962
TR-037501,2025-08-25,august,Dry Van,1302.3,2393.51,2577.980584271051,2314.076375927517,2446.028480099284,52.518480099283806
TR-037502,2025-08-25,august,Dry Van,891.1,1793.6,1914.2650245504208,1817.9139549114027,1866.0894897309117,72.48948973091183
TR-037503,2025-08-25,august,Dry Van,207.4,546.06,511.4860076301516,585.9608467316782,548.7234271809149,2.663427180914937
TR-037504,2025-08-25,august,Dry Van,182.5,471.35,458.37872441168827,517.0672824511098,487.72300343139904,16.373003431399013
TR-037505,2025-08-25,august,Dry Van,608.4,1359.21,1322.2420783989735,1349.6815664454416,1335.9618224222077,23.248177577792376
TR-037506,2025-08-25,august,Reefer,558.9,1359.02,1244.8556651685626,1291.9331407853044,1268.3944029769336,90.62559702306635
TR-037507,2025-08-25,august,Reefer,2896.7,5874.84,5682.071918816655,5790.758419998303,5736.415169407479,138.42483059252118
TR-037508,2025-08-25,august,Reefer,613.4,1458.43,1403.8054304123757,1474.4141457275737,1439.1097880699747,19.32021193002538
TR-037509,2025-08-25,august,Dry Van,337.6,759.91,778.4633184138185,785.6118826826503,782.0376005482344,22.127600548234454
TR-037510,2025-08-25,august,Dry Van,1843.0,3389.76,3497.020426392292,3526.62740450952,3511.823915450906,122.06391545090582
TR-037511,2025-08-25,august,Reefer,2082.7,4140.17,4091.182014041611,4162.198878901432,4126.690446471522,13.479553528478391
TR-037512,2025-08-25,august,Dry Van,2332.5,4029.27,4212.958958446278,4278.132795381944,4245.545876914111,216.27587691411145
TR-037513,2025-08-25,august,Dry Van,385.6,911.49,894.3192995363759,958.3664891375838,926.3428943369798,14.85289433697983
TR-037514,2025-08-25,august,Reefer,811.7,1814.2,1733.666031688395,1840.8054153883704,1787.2357235383827,26.964276461617374
TR-037515,2025-08-25,august,Reefer,1991.9,4270.17,3784.5112602011927,4069.288120274161,3926.8996902376766,343.27030976232345
TR-037516,2025-08-25,august,Flatbed,2131.6,4172.44,4224.755098331956,4138.533962269888,4181.644530300922,9.20453030092267
TR-037517,2025-08-25,august,Flatbed,464.5,1081.96,1048.5596991795915,1041.2202653995005,1044.889982289546,37.07001771045407
TR-037518,2025-08-25,august,Dry Van,1087.3,2261.4,2296.481472202937,2258.345866873147,2277.413669538042,16.013669538041995
TR-037519,2025-08-25,august,Flatbed,197.6,580.73,535.5452526665551,615.5097545248068,575.527503595681,5.202496404319049
TR-037520,2025-08-25,august,Flatbed,515.8,1235.0,1214.2040039762446,1185.100617480176,1199.6523107282103,35.347689271789704
TR-037521,2025-08-25,august,Flatbed,2094.1,4212.53,4139.260984672143,4305.073620246702,4222.167302459423,9.637302459423154
TR-037522,2025-08-25,august,Dry Van,1620.7,3196.39,3307.2934532139543,3339.454748272594,3323.374100743274,126.98410074327421
TR-037523,2025-08-25,august,Dry Van,431.9,1027.81,1014.4676416733365,1048.3721160284745,1031.4198788509054,3.6098788509054884
TR-037524,2025-08-25,august,Reefer,1881.6,3958.96,3855.6906922616745,3903.317399648978,3879.5040459553265,79.45595404467349
TR-037525,2025-08-25,august,Reefer,737.1,1672.26,1651.5970761573533,1607.3865673132796,1629.4918217353165,42.768178264683456
TR-037526,2025-08-25,august,Dry Van,848.4,1764.35,1727.5611095675526,1738.274778526552,1732.9179440470523,31.43205595294762
TR-037527,2025-08-25,august,Dry Van,609.0,1311.35,1313.8449122195682,1240.6563745460498,1277.250643382809,34.099356617191006
TR-037528,2025-08-25,august,Dry Van,1256.6,2507.22,2542.9210159359845,2470.0457881068187,2506.4834020214016,0.7365979785981835
TR-037529,2025-08-25,august,Flatbed,1116.8,2396.54,2379.545803062045,2419.1099261203394,2399.3278645911923,2.787864591192374
TR-037530,2025-08-25,august,Flatbed,506.4,1243.11,1213.6953255422245,1194.5570109372427,1204.1261682397335,38.98383176026641
TR-037531,2025-08-25,august,Reefer,2045.2,4177.52,4247.794261744059,4146.353727045245,4197.073994394652,19.553994394651454
TR-037532,2025-08-25,august,Reefer,347.2,891.98,838.9124116231803,890.217714482912,864.5650630530462,27.414936946953844
TR-037533,2025-08-25,august,Reefer,954.1,2102.24,2086.5778248930387,2170.10316400521,2128.3404944491244,26.100494449124653
TR-037534,2025-08-25,august,Flatbed,321.3,844.6,794.708807897364,835.5875086972981,815.1481582973311,29.451841702668958
TR-037535,2025-08-25,august,Dry Van,373.8,826.36,782.8404484619733,828.2718469731765,805.556147717575,20.803852282425055
TR-037536,2025-08-25,august,Flatbed,2140.5,4259.34,4287.732389417617,4274.495832627902,4281.11411102276,21.774111022759826
TR-037537,2025-08-25,august,Dry Van,583.4,1223.24,1229.9017082259331,1181.8385784178208,1205.870143321877,17.369856678122915
TR-037538,2025-08-26,august,Dry Van,2275.1,4207.6,3875.877182112255,4174.0113189369295,4024.9442505245925,182.6557494754079
TR-037539,2025-08-26,august,Dry Van,839.4,1704.22,1760.381643620033,1683.2095977257966,1721.7956206729148,17.575620672914738
TR-037540,2025-08-26,august,Reefer,2770.5,5543.98,5584.640430007062,5525.584109005281,5555.112269506171,11.132269506171724
TR-037541,2025-08-26,august,Dry Van,816.8,1745.83,1714.5866222416396,1720.5742515005988,1717.5804368711192,28.24956312888071
TR-037542,2025-08-26,august,Flatbed,1276.0,2814.36,2749.660793474378,2689.33848047046,2719.499636972419,94.86036302758112
TR-037543,2025-08-26,august,Dry Van,1650.4,3151.52,3187.36932764565,3107.9575008569936,3147.663414251322,3.856585748677844
TR-037544,2025-08-26,august,Reefer,407.4,1059.53,1010.8131233126368,1040.7651360177583,1025.7891296651976,33.740870334802366
TR-037545,2025-08-26,august,Dry Van,392.5,882.57,833.1311743799481,854.161637352684,843.6464058663161,38.92359413368399
TR-037546,2025-08-26,august,Flatbed,1165.2,2374.48,2517.965973672794,2380.6321020279443,2449.299037850369,74.81903785036911
TR-037547,2025-08-26,august,Reefer,180.7,529.58,499.8005184169672,543.2778029395686,521.5391606782679,8.040839321732165
TR-037548,2025-08-26,august,Dry Van,330.5,776.71,734.9355218391311,744.7939495232001,739.8647356811656,36.84526431883444
TR-037549,2025-08-26,august,Flatbed,910.6,1848.34,1799.9023184637308,1784.911942755609,1792.4071306096698,55.9328693903301
TR-037550,2025-08-26,august,Dry Van,1408.4,2702.67,2725.1512431920387,2695.402875823057,2710.277059507548,7.607059507548001
TR-037551,2025-08-26,august,Flatbed,1679.4,3359.87,3512.0312610395154,3450.7223208501086,3481.376790944812,121.50679094481211
TR-037552,2025-08-26,august,Dry Van,885.3,1875.62,1936.2484210766293,1854.763020447277,1895.5057207619532,19.88572076195328
TR-037553,2025-08-26,august,Reefer,1327.4,2775.5,2861.4931121705717,2709.7424946943565,2785.617803432464,10.117803432463916
TR-037554,2025-08-26,august,Dry Van,183.8,439.78,421.6332379155877,482.5593563206746,452.09629711813113,12.31629711813116
TR-037555,2025-08-26,august,Dry Van,3069.6,5253.18,5485.776566304478,5519.465681969659,5502.621124137069,249.44112413706898
TR-037556,2025-08-26,august,Dry Van,600.1,1239.38,1223.0843074172024,1234.4421890881158,1228.7632482526592,10.616751747340913
TR-037557,2025-08-26,august,Reefer,1573.6,3621.56,3385.7403136668986,3499.3397787356616,3442.5400462012803,179.0199537987196
TR-037558,2025-08-26,august,Dry Van,1539.1,3116.28,3082.9874744434997,3032.697963347954,3057.8427188957266,58.43728110427355
TR-037559,2025-08-26,august,Dry Van,611.6,1298.15,1243.6855450132612,1287.6364282625632,1265.6609866379122,32.48901336208792
TR-037560,2025-08-26,august,Reefer,2069.0,4133.81,4244.594897099242,4216.655919235846,4230.625408167544,96.81540816754386
TR-037561,2025-08-26,august,Reefer,852.4,1935.9,1885.9960894125074,1861.6673953092454,1873.8317423608764,62.06825763912366
TR-037562,2025-08-26,august,Reefer,1316.0,2753.95,2727.9551413319673,2718.448955894386,2723.202048613177,30.747951386822933
TR-037563,2025-08-26,august,Reefer,894.7,2148.99,2039.8193531862794,1975.597673595662,2007.7085133909707,141.28148660902912
TR-037564,2025-08-26,august,Reefer,546.0,1342.1,1290.0919654235477,1317.6100882372748,1303.8510268304112,38.24897316958868
TR-037565,2025-08-26,august,Reefer,551.7,1400.2,1299.8600020837841,1278.1294233647882,1288.9947127242863,111.20528727571377
TR-037566,2025-08-26,august,Dry Van,1035.0,2128.94,2139.2293755060523,2102.562014542862,2120.8956950244574,8.044304975542673
TR-037567,2025-08-26,august,Flatbed,1079.9,2419.5,2417.6034572507274,2297.137484662444,2357.3704709565855,62.12952904341455
TR-037568,2025-08-26,august,Flatbed,175.4,480.53,453.3747295885567,514.5691696573144,483.97194962293554,3.4419496229355673
TR-037569,2025-08-26,august,Dry Van,1715.2,3280.89,3426.7691498924532,3359.302085297027,3393.03561759474,112.14561759474009
TR-037570,2025-08-26,august,Flatbed,916.8,2143.84,2166.254551609209,2127.2998582746113,2146.77720494191,2.9372049419098403
TR-037571,2025-08-26,august,Dry Van,929.6,1999.35,1975.9704246437814,1954.5100713483628,1965.240247996072,34.10975200392795
TR-037572,2025-08-26,august,Dry Van,879.8,1840.35,1923.9060045374947,1826.6303585851433,1875.2681815613191,34.918181561319216
TR-037573,2025-08-26,august,Flatbed,1133.6,2533.0,2545.79773542249,2387.368645026277,2466.5831902243835,66.41680977561646
TR-037574,2025-08-26,august,Dry Van,316.1,769.24,722.274326933937,776.9075333148905,749.5909301244137,19.649069875586292
TR-037575,2025-08-26,august,Dry Van,1212.0,2531.82,2538.5406819275872,2509.0308746439578,2523.7857782857727,8.034221714227442
TR-037576,2025-08-26,august,Reefer,1705.1,3549.2,3629.1597177060057,3681.496321797224,3655.328019751615,106.12801975161528
TR-037577,2025-08-26,august,Flatbed,759.2,1683.88,1620.3753339581542,1691.9789482524047,1656.1771411052796,27.70285889472052
TR-037578,2025-08-26,august,Dry Van,1679.5,3080.9,3371.531859775497,3167.49634213554,3269.5141009555186,188.61410095551855
TR-037579,2025-08-26,august,Flatbed,2082.3,3883.87,3968.0770280687493,3974.86893388564,3971.4729809771948,87.60298097719487
TR-037580,2025-08-26,august,Flatbed,2678.8,5314.35,5067.76301845395,5269.114904119901,5168.438961286925,145.91103871307496
TR-037581,2025-08-26,august,Reefer,503.2,1299.42,1218.3642270541072,1235.9263026005783,1227.1452648273428,72.2747351726573
TR-037582,2025-08-26,august,Dry Van,2175.2,4128.11,4146.587545793946,4264.006287988421,4205.296916891184,77.18691689118441
TR-037583,2025-08-26,august,Dry Van,849.2,1780.4,1739.2678791166245,1766.9955144943929,1753.1316968055087,27.26830319449141
TR-037584,2025-08-26,august,Dry Van,1195.7,2337.1,2377.902723463616,2428.9942421311584,2403.4484827973874,66.34848279738753
TR-037585,2025-08-26,august,Flatbed,239.7,625.66,606.7187351307389,672.4713487395961,639.5950419351675,13.935041935167533
TR-037586,2025-08-26,august,Dry Van,789.8,1485.25,1487.9039250484234,1490.0088073138531,1488.9563661811383,3.7063661811382644
TR-037587,2025-08-26,august,Dry Van,189.1,464.06,459.0890333141041,515.7408790679242,487.41495619101414,23.35495619101414
TR-037588,2025-08-26,august,Dry Van,373.7,816.33,783.6359223501748,798.1430351058868,790.8894787280308,25.44052127196926
TR-037589,2025-08-26,august,Dry Van,1200.6,2369.79,2559.370698911608,2451.6626206753804,2505.516659793494,135.72665979349404
TR-037590,2025-08-26,august,Reefer,1747.3,4074.46,3767.9373922430796,3784.8897549953645,3776.413573619222,298.04642638077803
TR-037591,2025-08-26,august,Dry Van,871.1,1678.89,1660.922110711481,1678.844850425718,1669.8834805685997,9.00651943140042
TR-037592,2025-08-26,august,Dry Van,484.9,1020.5,984.9608589777849,991.9231797026912,988.4420193402381,32.05798065976194
TR-037593,2025-08-26,august,Reefer,607.9,1469.47,1386.7092260794152,1437.2965825422207,1412.002904310818,57.46709568918209
TR-037594,2025-08-26,august,Dry Van,764.1,1554.66,1546.255989385721,1581.120352082351,1563.688170734036,9.028170734035939
TR-037595,2025-08-26,august,Reefer,853.4,1827.24,1787.7965334487367,1848.651012457177,1818.223772952957,9.016227047043003
TR-037596,2025-08-26,august,Dry Van,199.1,531.79,496.3580516906479,589.2785016583632,542.8182766745056,11.028276674505605
TR-037597,2025-08-26,august,Dry Van,515.8,1141.64,1121.8076974883088,1132.6914564110007,1127.2495769496547,14.390423050345362
TR-037598,2025-08-26,august,Dry Van,1755.7,3389.74,3376.3421882258317,3444.05649753148,3410.199342878656,20.459342878656116
TR-037599,2025-08-26,august,Flatbed,1163.0,2337.5,2480.8333725045172,2305.471037934778,2393.152205219648,55.65220521964784
TR-037600,2025-08-26,august,Flatbed,1105.1,2413.43,2520.0493850382923,2354.346917272336,2437.198151155314,23.76815115531417
TR-037601,2025-08-26,august,Dry Van,1292.5,2448.42,2596.01964624257,2470.5372339179694,2533.27844008027,84.8584400802697
TR-037602,2025-08-26,august,Dry Van,590.5,1240.34,1249.4342142802443,1222.0395184830604,1235.7368663816524,4.603133618347556
TR-037603,2025-08-26,august,Reefer,1907.0,4122.47,3775.6964108783945,3968.289166650223,3871.992788764309,250.47721123569136
TR-037604,2025-08-26,august,Dry Van,2034.1,3751.93,3763.9789758263214,3755.2280669136435,3759.6035213699824,7.673521369982609
TR-037605,2025-08-26,august,Flatbed,1031.4,2197.75,2198.786120665787,2165.184315890329,2181.985218278058,15.7647817219422
TR-037606,2025-08-26,august,Dry Van,1038.7,2164.68,2158.062386587166,2180.8972727245246,2169.4798296558456,4.79982965584577
TR-037607,2025-08-26,august,Flatbed,189.9,579.29,531.1409236224628,598.3891618983155,564.7650427603892,14.524957239610785
TR-037608,2025-08-26,august,Dry Van,2118.8,3826.84,3969.556632165869,3879.5030338693396,3924.5298330176042,97.68983301760409
TR-037609,2025-08-26,august,Flatbed,1730.5,3739.54,3557.2208838207307,3682.599235293652,3619.9100595571913,119.62994044280867
TR-037610,2025-08-26,august,Dry Van,1173.5,2247.78,2121.824851071495,2145.8303827700774,2133.827616920786,113.95238307921409
TR-037611,2025-08-26,august,Reefer,325.5,929.59,845.5571569643754,907.6830296474157,876.6200933058956,52.96990669410445
TR-037612,2025-08-26,august,Dry Van,272.6,626.83,604.9125387420089,634.9413354282631,619.9269370851359,6.903062914864108
TR-037613,2025-08-26,august,Reefer,1477.1,3084.71,3097.9535797766066,3090.252710810346,3094.1031452934762,9.39314529347621
TR-037614,2025-08-26,august,Dry Van,1880.1,3474.44,3493.251962206973,3615.0260718681056,3554.1390170375394,79.6990170375393
TR-037615,2025-08-26,august,Dry Van,391.8,892.54,870.8278974028453,891.7347796891506,881.281338545998,11.258661454001981
TR-037616,2025-08-26,august,Reefer,311.7,895.86,822.7240799813915,891.5082373624989,857.1161586719452,38.74384132805483
TR-037617,2025-08-26,august,Dry Van,541.9,1149.77,1229.116763573857,1131.6708935476913,1180.3938285607742,30.6238285607742
TR-037618,2025-08-26,august,Dry Van,937.2,1935.32,1972.341550284217,1944.491809197952,1958.4166797410844,23.096679741084472
TR-037619,2025-08-26,august,Dry Van,548.9,1120.27,1126.7096669052398,1131.8606298769844,1129.2851483911122,9.015148391112234
TR-037620,2025-08-26,august,Reefer,727.5,1728.72,1797.1553245195175,1711.5309510588131,1754.3431377891652,25.623137789165185
TR-037621,2025-08-26,august,Flatbed,1590.2,3097.49,3253.5492604109368,3216.582907570691,3235.066083990814,137.57608399081437
TR-037622,2025-08-26,august,Reefer,2146.7,4244.53,4276.894439234827,4437.88174385527,4357.388091545048,112.85809154504841
TR-037623,2025-08-26,august,Flatbed,1872.9,3724.92,3756.4935080807218,3767.2554001841563,3761.874454132439,36.95445413243897
TR-037624,2025-08-26,august,Dry Van,1298.2,2607.99,2662.2247350492726,2586.2609584157117,2624.242846732492,16.252846732492344
TR-037625,2025-08-26,august,Reefer,2039.1,4145.22,4264.789131561347,4214.952447083442,4239.870789322395,94.6507893223943
TR-037626,2025-08-26,august,Reefer,2284.1,4884.69,4827.284036997077,4756.745126124585,4792.014581560831,92.67541843916842
TR-037627,2025-08-26,august,Dry Van,937.0,1894.18,1815.7632544213716,1872.232247848288,1843.9977511348297,50.18224886517032
TR-037628,2025-08-26,august,Flatbed,1522.5,3107.88,3152.969556087953,3205.227524512645,3179.0985403002987,71.21854030029863
TR-037629,2025-08-26,august,Dry Van,1661.8,3343.16,3409.278802284305,3296.4184110441656,3352.8486066642354,9.688606664235522
TR-037630,2025-08-26,august,Reefer,2001.3,4211.34,4235.197771694888,4192.658226357594,4213.92799902624,2.5879990262401407
TR-037631,2025-08-26,august,Dry Van,83.3,234.78,228.37289984893633,295.91847187890335,262.1456858639198,27.365685863919822
TR-037632,2025-08-26,august,Dry Van,2367.5,4501.93,4374.481300129013,4410.716845252014,4392.599072690513,109.33092730948738
TR-037633,2025-08-26,august,Reefer,2209.7,4409.52,4438.294958642337,4337.044662848965,4387.669810745651,21.85018925434906
TR-037634,2025-08-26,august,Dry Van,1453.5,2734.23,2797.3693058986455,2737.1694044248056,2767.269355161726,33.03935516172578
TR-037635,2025-08-26,august,Flatbed,427.7,1007.76,1022.9805646663756,1001.1588797213658,1012.0697221938707,4.309722193870698
TR-037636,2025-08-26,august,Reefer,1049.9,2487.71,2396.057609636554,2476.440479064684,2436.249044350619,51.46095564938105
TR-037637,2025-08-26,august,Flatbed,474.6,1196.28,1121.3665023195338,1141.044581565162,1131.2055419423477,65.07445805765224
TR-037638,2025-08-26,august,Flatbed,2205.0,4570.74,4362.263245496753,4498.9498289935755,4430.606537245165,140.1334627548349
TR-037639,2025-08-26,august,Dry Van,2023.5,3756.09,3824.2826215001587,3877.9179883463657,3851.1003049232622,95.01030492326208
TR-037640,2025-08-26,august,Dry Van,1388.5,2804.03,2772.3459706917956,2696.2630983090116,2734.304534500404,69.72546549959634
TR-037641,2025-08-26,august,Reefer,796.0,1768.74,1754.214946378852,1689.9311890986505,1722.0730677387512,46.6669322612488
TR-037642,2025-08-26,august,Dry Van,2847.8,4834.15,4940.820979938034,4872.116229898443,4906.468604918238,72.31860491823863
TR-037643,2025-08-26,august,Dry Van,855.3,1909.79,1851.2234341611527,1815.9785994610352,1833.6010168110938,76.18898318890615
TR-037644,2025-08-26,august,Flatbed,668.6,1452.43,1411.9649621050132,1386.8032287224435,1399.3840954137283,53.04590458627172
TR-037645,2025-08-26,august,Dry Van,1502.1,2856.98,2955.579097128755,2897.165980532165,2926.37253883046,69.39253883046013
TR-037646,2025-08-26,august,Dry Van,1532.3,3034.16,3056.698934403291,3119.5881644379447,3088.143549420618,53.98354942061815
TR-037647,2025-08-26,august,Flatbed,691.3,1569.66,1485.4350076722544,1510.5476087760758,1497.991308224165,71.66869177583499
TR-037648,2025-08-26,august,Reefer,2287.4,4760.85,4584.515872752652,4709.82990238897,4647.172887570811,113.67711242918904
TR-037649,2025-08-26,august,Dry Van,2485.6,4252.97,4506.994257881602,4337.867537089609,4422.430897485605,169.46089748560462
TR-037650,2025-08-26,august,Flatbed,2660.2,5371.91,5268.345996534272,5258.6621014042485,5263.50404896926,108.40595103073974
TR-037651,2025-08-26,august,Dry Van,1307.8,2678.85,2630.6392490818753,2701.7395827771015,2666.1894159294884,12.660584070511504
TR-037652,2025-08-26,august,Dry Van,303.2,670.09,653.6746022785696,682.8475791612977,668.2610907199337,1.8289092800663411
TR-037653,2025-08-26,august,Dry Van,354.1,837.58,813.3930651296723,875.5331325708948,844.4630988502836,6.883098850283545
TR-037654,2025-08-26,august,Dry Van,1063.5,2161.67,2179.8086561896293,2149.016623884594,2164.4126400371115,2.742640037111414
TR-037655,2025-08-26,august,Reefer,883.1,1815.69,1832.7092709132874,1813.320979377777,1823.0151251455322,7.3251251455321835
TR-037656,2025-08-26,august,Reefer,635.5,1471.38,1405.2706735448367,1458.2777081608251,1431.774190852831,39.60580914716911
TR-037657,2025-08-26,august,Dry Van,885.0,1808.99,1912.2994525711429,1872.6394569158613,1892.469454743502,83.47945474350195
TR-037658,2025-08-26,august,Flatbed,1517.9,3018.61,3177.2394586232695,3087.297861559172,3132.2686600912207,113.65866009122055
TR-037659,2025-08-26,august,Dry Van,669.5,1378.05,1340.9806432933326,1343.1782814027993,1342.079462348066,35.97053765193391
TR-037660,2025-08-26,august,Flatbed,1546.1,3207.68,3302.4705622913298,3212.0198550811892,3257.2452086862595,49.565208686259666
TR-037661,2025-08-26,august,Dry Van,405.5,879.66,889.5824962974966,958.6926153466877,924.1375558220922,44.4775558220922
TR-037662,2025-08-26,august,Dry Van,1931.5,3446.98,3555.3602450491258,3518.948307948858,3537.1542764989917,90.17427649899173
TR-037663,2025-08-26,august,Dry Van,1180.4,2254.18,2067.669384882583,2193.014510073659,2130.3419474781213,123.83805252187858
TR-037664,2025-08-26,august,Flatbed,690.7,1496.33,1480.5060695942034,1430.4663254126835,1455.4861975034435,40.843802496556464
TR-037665,2025-08-26,august,Dry Van,565.6,1220.66,1143.204138282434,1209.2610783824957,1176.232608332465,44.427391667535176
TR-037666,2025-08-26,august,Dry Van,816.7,1635.51,1728.4159067117444,1688.0944396572295,1708.255173184487,72.74517318448693
TR-037667,2025-08-26,august,Dry Van,1660.2,3126.4,3292.369327098453,3196.659539174011,3244.514433136232,118.11443313623204
TR-037668,2025-08-26,august,Dry Van,370.9,800.04,777.1551963323424,784.2517062150916,780.7034512737171,19.3365487262829
TR-037669,2025-08-26,august,Flatbed,973.3,2020.49,2011.209291322889,2089.56032360286,2050.3848074628745,29.894807462874496
TR-037670,2025-08-26,august,Dry Van,2495.6,4425.0,4498.656140458049,4557.269168337631,4527.962654397839,102.96265439783929
TR-037671,2025-08-26,august,Dry Van,2168.4,4015.37,3994.5223715552033,3989.838920155187,3992.1806458551955,23.189354144804383
TR-037672,2025-08-26,august,Reefer,1814.6,3653.07,3689.03251292265,3764.739068818581,3726.8857908706154,73.81579087061527
TR-037673,2025-08-26,august,Dry Van,1420.6,2850.71,2536.6131037712257,2789.3208089826944,2662.9669563769603,187.74304362303974
TR-037674,2025-08-26,august,Reefer,2122.2,4345.54,4349.04546166464,4376.003804967051,4362.524633315846,16.984633315845713
TR-037675,2025-08-26,august,Flatbed,489.5,1086.98,1106.3526054127406,1103.4742598695582,1104.9134326411495,17.933432641149466
TR-037676,2025-08-26,august,Reefer,1475.5,2952.96,3186.5119815048606,3117.7880239212996,3152.15000271308,199.19000271308005
TR-037677,2025-08-26,august,Dry Van,1376.3,2549.25,2688.183596580514,2613.3312215847413,2650.7574090826274,101.50740908262742
TR-037678,2025-08-26,august,Flatbed,1427.6,2998.91,3056.9502875514954,2976.4835967199047,3016.7169421357003,17.80694213570041
TR-037679,2025-08-26,august,Reefer,2008.3,4163.16,4106.911973891246,4147.587983627114,4127.2499787591805,35.91002124081933
TR-037680,2025-08-26,august,Dry Van,2484.2,4425.38,4545.083324013268,4479.116274297203,4512.099799155236,86.7197991552357
TR-037681,2025-08-26,august,Reefer,3217.9,6659.04,6252.647837595207,6530.595119908011,6391.621478751609,267.4185212483908
TR-037682,2025-08-26,august,Flatbed,1292.6,2608.55,2694.52697318878,2584.336759159563,2639.431866174172,30.88186617417159
TR-037683,2025-08-26,august,Dry Van,133.3,346.48,330.0886073994219,429.1847689574656,379.63668817844376,33.156688178443744
TR-037684,2025-08-26,august,Dry Van,1202.9,2434.71,2515.4257139947995,2526.5511891793635,2520.9884515870817,86.27845158708169
TR-037685,2025-08-26,august,Dry Van,976.3,1988.07,2065.759392940699,2078.766471188947,2072.262932064823,84.19293206482303
TR-037686,2025-08-26,august,Dry Van,503.6,1152.5,1125.1830186019833,1146.68608544032,1135.9345520211518,16.56544797884817
TR-037687,2025-08-26,august,Dry Van,2229.0,3859.22,4149.679752057181,4081.372783407394,4115.526267732287,256.3062677322873
TR-037688,2025-08-26,august,Reefer,248.6,669.53,655.600238503707,716.0503232991837,685.8252809014454,16.29528090144538
TR-037689,2025-08-26,august,Dry Van,1021.8,2137.58,2095.01042956846,2110.292297156017,2102.6513633622385,34.92863663776143
TR-037690,2025-08-26,august,Dry Van,2526.3,4646.35,4571.921654307305,4552.994351323424,4562.458002815365,83.89199718463533
TR-037691,2025-08-26,august,Dry Van,183.4,481.58,473.18986484505007,539.5663685770176,506.37811671103384,24.798116711033856
TR-037692,2025-08-27,august,Reefer,765.1,1947.49,1834.4573072941664,1823.1666337707695,1828.811970532468,118.67802946753204
TR-037693,2025-08-27,august,Reefer,1747.7,3584.34,3638.4062378212675,3646.4915943454166,3642.448916083342,58.10891608334168
TR-037694,2025-08-27,august,Dry Van,2963.0,5390.78,5416.547442567968,5611.094209427663,5513.8208259978155,123.04082599781577
TR-037695,2025-08-27,august,Reefer,398.1,971.18,942.6029435208541,960.788344220342,951.695643870598,19.48435612940193
TR-037696,2025-08-27,august,Flatbed,347.7,857.47,813.1158253294822,862.4799934779301,837.7979094037062,19.672090596293856
TR-037697,2025-08-27,august,Dry Van,1167.0,2380.42,2304.781214115634,2345.274847301023,2325.0280307083285,55.39196929167156
TR-037698,2025-08-27,august,Dry Van,2874.7,5058.01,5107.059743008754,5109.2625847165455,5108.161163862649,50.1511638626489
TR-037699,2025-08-27,august,Dry Van,296.8,794.67,749.9874129990378,761.1127438460542,755.550078422546,39.119921577453965
TR-037700,2025-08-27,august,Dry Van,1215.6,2485.21,2467.7981233966416,2472.4862886083947,2470.142206002518,15.067793997482113
TR-037701,2025-08-27,august,Dry Van,718.8,1598.8,1507.0360742755747,1520.874816221182,1513.9554452483785,84.84455475162144
TR-037702,2025-08-27,august,Dry Van,202.9,489.56,472.92596985272615,495.54480006265726,484.23538495769174,5.324615042308267
TR-037703,2025-08-27,august,Reefer,1018.6,2312.48,2363.229569078201,2325.9342988481267,2344.581933963164,32.1019339631639
TR-037704,2025-08-27,august,Dry Van,2649.9,4878.99,4891.75492659616,4958.025977815752,4924.8904522059565,45.90045220595675
TR-037705,2025-08-27,august,Dry Van,393.3,897.42,919.0257994970365,898.1106447110917,908.568222104064,11.148222104064075
TR-037706,2025-08-27,august,Reefer,1191.4,2632.86,2750.0733033540937,2694.667168840369,2722.370236097231,89.51023609723097
TR-037707,2025-08-27,august,Reefer,252.2,741.58,719.4783317655077,734.7829010608211,727.1306164131645,14.449383586835552
TR-037708,2025-08-27,august,Dry Van,658.7,1413.89,1464.7032356753293,1411.8218428126997,1438.2625392440145,24.372539244014433
TR-037709,2025-08-27,august,Reefer,1245.0,2761.5,2774.5242983401386,2697.4687203404474,2735.996509340293,25.50349065970704
TR-037710,2025-08-27,august,Dry Van,906.5,1841.26,1922.5636127860319,1883.5600801354847,1903.0618464607583,61.80184646075827
TR-037711,2025-08-27,august,Reefer,441.6,1106.42,1088.6453346390915,1086.8296265307044,1087.737480584898,18.68251941510198
TR-037712,2025-08-27,august,Reefer,1638.8,3653.94,3524.43096558459,3627.15687712739,3575.7939213559903,78.14607864400978
TR-037713,2025-08-27,august,Dry Van,1062.0,2076.05,2075.5228865873455,1983.333593512798,2029.4282400500717,46.621759949928446
TR-037714,2025-08-27,august,Dry Van,2083.7,3885.89,3864.973714025492,3749.6556995331207,3807.314706779306,78.57529322069377
TR-037715,2025-08-27,august,Reefer,608.8,1488.98,1454.0351150262625,1448.749705363713,1451.3924101949879,37.58758980501216
TR-037716,2025-08-27,august,Reefer,2569.0,5283.49,5510.371467282194,5367.197583395244,5438.784525338719,155.2945253387188
TR-037717,2025-08-27,august,Flatbed,1103.5,2201.11,2175.985080228164,2274.973536279007,2225.4793082535853,24.36930825358513
TR-037718,2025-08-27,august,Flatbed,833.4,1944.16,1872.528347026424,1838.9463643535894,1855.7373556900066,88.42264430999353
TR-037719,2025-08-27,august,Reefer,1967.2,4336.38,4203.707603992149,4224.7884145281405,4214.248009260145,122.1319907398547
TR-037720,2025-08-27,august,Reefer,1215.1,2890.25,2846.623820544535,2889.8111664989756,2868.2174935217554,22.032506478244613
TR-037721,2025-08-27,august,Flatbed,407.3,994.31,989.9971067368987,1006.290750421725,998.1439285793118,3.8339285793118734
TR-037722,2025-08-27,august,Reefer,1323.6,3072.38,2962.8092772728533,2942.8329666157965,2952.8211219443247,119.55887805567545
TR-037723,2025-08-27,august,Dry Van,324.8,740.81,748.2874009406469,742.6592789815052,745.473339961076,4.663339961076076
TR-037724,2025-08-27,august,Flatbed,1214.7,2768.05,2700.6832093104076,2733.2261672975546,2716.954688303981,51.09531169601905
TR-037725,2025-08-27,august,Dry Van,747.0,1604.13,1596.5207802651855,1610.1051861415458,1603.3129832033655,0.8170167966345616
TR-037726,2025-08-27,august,Reefer,1885.7,4031.9,3929.099458466156,3974.2457812995926,3951.6726198828746,80.22738011712545
TR-037727,2025-08-27,august,Flatbed,532.6,1247.72,1226.9367946746013,1200.7535015949568,1213.845148134779,33.87485186522099
TR-037728,2025-08-27,august,Reefer,513.0,1231.91,1186.669071433175,1171.2311544779673,1178.950112955571,52.959887044429024
TR-037729,2025-08-27,august,Dry Van,104.8,274.19,283.51851207257926,302.7993741833302,293.15894312795473,18.96894312795473
TR-037730,2025-08-27,august,Flatbed,251.5,639.55,643.9190059316702,696.0603164852289,669.9896612084495,30.439661208449593
TR-037731,2025-08-27,august,Dry Van,1606.8,3286.93,3278.2975096917785,3280.0568302909,3279.1771699913393,7.752830008660567
TR-037732,2025-08-27,august,Flatbed,1678.3,3661.53,3602.239461935209,3595.9386715804767,3599.089066757843,62.44093324215737
TR-037733,2025-08-27,august,Dry Van,353.9,826.05,837.9982171075645,814.9735767270245,826.4858969172944,0.4358969172944853
TR-037734,2025-08-27,august,Dry Van,936.8,1882.87,1864.9778056622022,1865.4992498709705,1865.2385277665862,17.63147223341366
TR-037735,2025-08-27,august,Reefer,524.1,1384.21,1289.3642620607652,1248.5930009610831,1268.978631510924,115.23136848907598
TR-037736,2025-08-27,august,Dry Van,682.4,1443.46,1385.930174525437,1427.3138982749524,1406.6220364001947,36.837963599805335
TR-037737,2025-08-27,august,Reefer,1884.3,3951.12,4004.6585271781028,4004.5280740542803,4004.5933006161913,53.47330061619141
TR-037738,2025-08-27,august,Reefer,811.4,1960.64,1841.2540806392606,1865.831639285368,1853.5428599623142,107.0971400376859
TR-037739,2025-08-27,august,Dry Van,538.9,1204.34,1136.9329305875544,1147.0389739113152,1141.9859522494348,62.35404775056509
TR-037740,2025-08-27,august,Dry Van,525.5,1155.44,1123.5702602176368,1167.3642539764728,1145.4672570970547,9.972742902945356
TR-037741,2025-08-27,august,Dry Van,1536.2,2947.8,3054.59920698699,3001.3315468195406,3027.965376903265,80.16537690326504
TR-037742,2025-08-27,august,Dry Van,492.3,1054.29,1051.2373617896467,1052.9412464692823,1052.0893041294644,2.200695870535583
TR-037743,2025-08-27,august,Reefer,1297.1,2919.81,2965.9558802658075,2808.562020043462,2887.2589501546345,32.55104984536547
TR-037744,2025-08-27,august,Dry Van,1805.7,3541.23,3584.1400981661272,3538.3313692742518,3561.2357337201893,20.005733720189255
TR-037745,2025-08-27,august,Dry Van,792.1,1684.1,1629.9676334977516,1614.1094666990932,1622.0385500984225,62.06144990157736
TR-037746,2025-08-27,august,Dry Van,328.5,805.31,755.9859143303554,773.128221921796,764.5570681260757,40.75293187392424
TR-037747,2025-08-27,august,Dry Van,1734.6,3329.25,3456.8826418745807,3372.33391743623,3414.6082796554056,85.35827965540557
TR-037748,2025-08-27,august,Dry Van,246.6,605.68,585.2976222570436,614.2839690085464,599.7907956327949,5.889204367205025
TR-037749,2025-08-27,august,Dry Van,266.2,648.4,625.9999582771529,654.4903065336389,640.2451324053959,8.15486759460407
TR-037750,2025-08-27,august,Dry Van,259.3,240.18,611.061681575795,623.0558913201348,617.0587864479648,376.87878644796484
TR-037751,2025-08-27,august,Reefer,1535.8,3272.48,3312.3281828081726,3207.5950236293716,3259.9616032187723,12.518396781227693
TR-037752,2025-08-27,august,Reefer,1973.4,4083.19,4045.1036593177887,4137.813896454334,4091.4587778860614,8.268777886061343
TR-037753,2025-08-27,august,Dry Van,1223.0,2485.52,2566.485574072168,2566.518501418162,2566.502037745165,80.98203774516514
TR-037754,2025-08-27,august,Flatbed,222.7,632.38,603.7526633159698,602.8206007887268,603.2866320523483,29.0933679476517
TR-037755,2025-08-27,august,Dry Van,1794.2,3525.65,3514.6446389504595,3534.170498438903,3524.4075686946812,1.2424313053188598
TR-037756,2025-08-27,august,Reefer,936.6,2100.88,2021.2145892011088,2060.169485727033,2040.6920374640708,60.18796253592927
TR-037757,2025-08-27,august,Dry Van,459.5,1027.84,1028.7635269832492,1019.4632144520815,1024.1133707176655,3.726629282334443
TR-037758,2025-08-27,august,Reefer,978.0,2124.84,2224.908706228861,2217.9768011481538,2221.4427536885073,96.60275368850716
TR-037759,2025-08-27,august,Dry Van,2035.1,3776.47,3971.814064002345,4021.745087101004,3996.7795755516745,220.3095755516747
TR-037760,2025-08-27,august,Dry Van,383.4,914.43,899.0735492383834,961.3910317734881,930.2322905059357,15.80229050593573
TR-037761,2025-08-27,august,Flatbed,852.8,1883.25,1830.7632739264977,1822.4229338172227,1826.5931038718602,56.656896128139806
TR-037762,2025-08-27,august,Dry Van,1390.2,2824.37,2906.8315133390342,2794.5610472918734,2850.696280315454,26.326280315453914
TR-037763,2025-08-27,august,Dry Van,632.9,1337.71,1327.2347287402636,1313.9309924477973,1320.5828605940305,17.1271394059695
TR-037764,2025-08-27,august,Flatbed,866.0,1864.52,1808.6008453413854,1830.5563927484231,1819.5786190449044,44.94138095509561
TR-037765,2025-08-27,august,Dry Van,2810.9,24294.98,4965.611724878918,5123.8027623610415,5044.70724361998,19250.27275638002
TR-037766,2025-08-27,august,Dry Van,2230.9,3950.17,4178.375106465348,4110.219419459777,4144.297262962562,194.12726296256187
TR-037767,2025-08-27,august,Reefer,263.9,748.62,706.3670816784485,738.1236550511112,722.2453683647798,26.374631635220226
TR-037768,2025-08-27,august,Dry Van,853.3,1731.97,1711.0043718843513,1765.2675551847376,1738.1359635345443,6.165963534544289
TR-037769,2025-08-27,august,Dry Van,744.4,1567.29,1555.6747070836666,1521.8081540773912,1538.741430580529,28.54856941947105
TR-037770,2025-08-27,august,Dry Van,2968.8,5369.04,5321.9695876427595,5512.8946060274275,5417.432096835093,48.39209683509307
TR-037771,2025-08-27,august,Reefer,705.9,1637.51,1598.976470598742,1577.395481319542,1588.185975959142,49.32402404085792
TR-037772,2025-08-27,august,Dry Van,893.6,1947.0,1908.3085916197274,1918.2510961243465,1913.279843872037,33.72015612796304
TR-037773,2025-08-27,august,Dry Van,1045.8,2011.85,2041.4113068019244,2056.3165659157876,2048.863936358856,37.01393635885597
TR-037774,2025-08-27,august,Dry Van,2531.7,4654.29,4625.268174226405,4713.80759212804,4669.537883177222,15.24788317722232
TR-037775,2025-08-27,august,Dry Van,507.2,1210.64,1156.695786123518,1167.0777218691774,1161.8867539963476,48.75324600365252
TR-037776,2025-08-27,august,Dry Van,968.5,1919.3,1937.8149134573455,1941.7723588997105,1939.793636178528,20.49363617852805
TR-037777,2025-08-27,august,Dry Van,878.8,1786.35,1754.2977878271072,1798.3238858939912,1776.3108368605492,10.039163139450693
TR-037778,2025-08-27,august,Dry Van,2813.8,4927.84,5016.549034176987,4909.503732391685,4963.026383284336,35.186383284335534
TR-037779,2025-08-27,august,Dry Van,593.6,1256.55,1214.558824441485,1222.9510032824383,1218.7549138619615,37.795086138038414
TR-037780,2025-08-27,august,Reefer,300.8,820.76,811.1340267740655,834.8336691497541,822.9838479619098,2.223847961909769
TR-037781,2025-08-27,august,Reefer,687.8,1732.68,1620.1578241735729,1630.7174207048122,1625.4376224391926,107.24237756080743
TR-037782,2025-08-27,august,Dry Van,1910.5,3636.08,3727.7190140618877,3682.6378919438966,3705.178453002892,69.09845300289226
TR-037783,2025-08-27,august,Reefer,2403.1,4874.91,4794.727790174021,4791.716117950772,4793.221954062396,81.68804593760342
TR-037784,2025-08-27,august,Dry Van,936.8,1830.01,1822.059011474048,1839.5853258131444,1830.8221686435963,0.8121686435963511
TR-037785,2025-08-27,august,Dry Van,1153.7,2378.55,2432.506120976216,2328.9007056921823,2380.7034133341995,2.1534133341992856
TR-037786,2025-08-27,august,Dry Van,2088.4,3841.84,3865.5603124571103,3865.243651218617,3865.401981837864,23.56198183786364
TR-037787,2025-08-27,august,Flatbed,1189.1,2478.27,2512.2484979222404,2595.317162605072,2553.7828302636563,75.51283026365627
TR-037788,2025-08-27,august,Dry Van,755.3,1582.18,1544.329436434265,1570.8884412637242,1557.6089388489945,24.57106115100555
TR-037789,2025-08-27,august,Flatbed,958.9,2082.11,2061.367201550735,2113.1116259976393,2087.239413774187,5.1294137741870145
TR-037790,2025-08-27,august,Flatbed,450.7,1025.65,1048.1991841828933,1050.3179694170017,1049.2585767999476,23.608576799947514
TR-037791,2025-08-27,august,Flatbed,306.2,830.19,832.3485126517415,825.9598981721883,829.154205411965,1.0357945880350599
TR-037792,2025-08-27,august,Reefer,202.6,588.43,555.7631174027471,637.2936448435769,596.528381123162,8.098381123162085
TR-037793,2025-08-27,august,Dry Van,2286.0,4241.09,4319.479798482681,4453.178321759498,4386.32906012109,145.23906012109
TR-037794,2025-08-27,august,Reefer,664.7,1595.56,1553.4502066295677,1502.6495647631987,1528.0498856963832,67.51011430361677
TR-037795,2025-08-27,august,Flatbed,861.3,1934.79,1930.1710200098569,1931.8156059818805,1930.9933129958686,3.7966870041313996
TR-037796,2025-08-27,august,Dry Van,916.7,1887.98,1823.7405348554528,1799.730942301983,1811.735738578718,76.24426142128209
TR-037797,2025-08-27,august,Dry Van,2665.2,4784.42,4943.066961286667,4985.569026156185,4964.317993721426,179.89799372142625
TR-037798,2025-08-27,august,Reefer,831.8,2088.52,1932.6495666348972,1915.6980643055115,1924.1738154702043,164.34618452979566
TR-037799,2025-08-27,august,Dry Van,1181.7,2327.45,2353.9079601824023,2329.6449348028927,2341.7764474926475,14.32644749264773
TR-037800,2025-08-27,august,Dry Van,1270.2,2466.04,2563.9544429378466,2501.517636688363,2532.736039813105,66.69603981310502
TR-037801,2025-08-27,august,Flatbed,1506.0,3202.97,3183.2931711085243,3125.9006279917776,3154.5968995501507,48.37310044984906
TR-037802,2025-08-27,august,Dry Van,1877.2,3570.01,3686.502419616746,3616.2790011359484,3651.390710376347,81.380710376347
TR-037803,2025-08-27,august,Dry Van,387.6,863.26,838.6659428185503,841.0990403542187,839.8824915863845,23.377508413615487
TR-037804,2025-08-27,august,Reefer,1318.0,2846.54,2867.645624920737,2832.3148112377494,2849.980218079243,3.4402180792430954
TR-037805,2025-08-27,august,Dry Van,1052.1,2174.57,2101.9010890381605,2123.7675990522666,2112.8343440452136,61.73565595478658
TR-037806,2025-08-27,august,Reefer,473.0,1178.12,1134.4947130815224,1124.6292879182547,1129.5620004998887,48.55799950011124
TR-037807,2025-08-27,august,Dry Van,387.5,910.42,907.2287249473882,955.4263798669201,931.3275524071541,20.907552407154185
TR-037808,2025-08-27,august,Dry Van,170.1,425.68,447.8059900369627,477.5381006860259,462.6720453614943,36.99204536149432
TR-037809,2025-08-27,august,Dry Van,2218.2,4447.18,4319.309881384296,4269.648119165863,4294.47900027508,152.70099972492062
TR-037810,2025-08-27,august,Dry Van,1250.5,2497.99,2419.902058161346,2434.672604882635,2427.2873315219904,70.7026684780094
TR-037811,2025-08-27,august,Reefer,874.5,2103.44,2063.287205869641,2066.8575593429814,2065.0723826063113,38.36761739368876
TR-037812,2025-08-27,august,Flatbed,927.7,2080.37,2001.1068446717159,1992.6286630960728,1996.8677538838942,83.50224611610565
TR-037813,2025-08-27,august,Dry Van,736.7,1593.5,1522.8460167324395,1570.2103804107323,1546.528198571586,46.97180142841398
TR-037814,2025-08-27,august,Dry Van,1440.8,2847.78,2917.192352604846,2895.313846745036,2906.253099674941,58.47309967494084
TR-037815,2025-08-27,august,Flatbed,1499.7,3236.69,3421.912721148853,3380.8859275728455,3401.3993243608493,164.70932436084922
TR-037816,2025-08-27,august,Dry Van,611.7,1248.79,1245.5398518998136,1235.2945092095867,1240.4171805547003,8.372819445299683
TR-037817,2025-08-27,august,Dry Van,423.8,913.21,895.4263992701265,911.4040590487116,903.415229159419,9.794770840581009
TR-037818,2025-08-27,august,Flatbed,693.2,1585.24,1565.8978185008543,1576.4151191475141,1571.1564688241842,14.083531175815779
TR-037819,2025-08-27,august,Dry Van,392.6,874.6,849.6774307933689,878.5908587247663,864.1341447590676,10.465855240932456
TR-037820,2025-08-27,august,Reefer,1825.9,3849.14,3917.44382030988,3977.2982125926496,3947.371016451265,98.23101645126508
TR-037821,2025-08-27,august,Reefer,277.6,726.24,724.739253907018,746.9010699636001,735.820161935309,9.580161935308979
TR-037822,2025-08-27,august,Flatbed,1163.6,2429.53,2467.602813370142,2403.2177069206564,2435.410260145399,5.880260145399006
TR-037823,2025-08-27,august,Dry Van,295.7,782.98,745.0966995668105,813.9730908358197,779.5348952013151,3.4451047986849517
TR-037824,2025-08-27,august,Dry Van,1084.3,2024.03,2130.867406684355,2063.1203320724658,2096.9938693784106,72.96386937841066
TR-037825,2025-08-27,august,Reefer,1737.1,3607.67,3580.1965904914186,3503.4616843189915,3541.829137405205,65.840862594795
TR-037826,2025-08-27,august,Dry Van,1593.9,2880.71,3042.693661834402,3046.139014856726,3044.4163383455643,163.7063383455643
TR-037827,2025-08-27,august,Dry Van,608.7,1314.22,1283.5620824821312,1239.8448959335558,1261.7034892078436,52.516510792156396
TR-037828,2025-08-27,august,Dry Van,1428.5,2859.51,2909.996238154223,2875.120866029695,2892.5585520919594,33.04855209195921
TR-037829,2025-08-27,august,Dry Van,1305.9,2660.34,2672.190530392315,2734.0780807412225,2703.1343055667685,42.794305566768344
TR-037830,2025-08-27,august,Dry Van,2007.7,3452.72,3549.7135218880976,3614.0808499150826,3581.89718590159,129.1771859015903
TR-037831,2025-08-27,august,Dry Van,843.8,1807.34,1713.260157999713,1717.936669045953,1715.5984135228332,91.74158647716672
TR-037832,2025-08-27,august,Reefer,1162.1,2669.9,2669.464778134748,2601.9509861511656,2635.707882142957,34.192117857043286
TR-037833,2025-08-27,august,Flatbed,499.3,1173.38,1131.8452483058707,1115.9554494205963,1123.9003488632334,49.47965113676673
TR-037834,2025-08-27,august,Dry Van,407.3,956.97,935.1549343026954,911.4181155214699,923.2865249120827,33.68347508791737
TR-037835,2025-08-27,august,Reefer,751.2,1745.97,1790.3786212561677,1717.0102814535278,1753.6944513548478,7.724451354847815
TR-037836,2025-08-27,august,Flatbed,682.9,1624.84,1679.6654436103904,1636.1405413386638,1657.902992474527,33.062992474527164
TR-037837,2025-08-27,august,Flatbed,1860.5,3878.35,3725.382767982677,3911.2645721514536,3818.323670067065,60.026329932934914
TR-037838,2025-08-27,august,Reefer,355.7,955.72,916.4673513216899,968.9479366930266,942.7076440073582,13.012355992641801
TR-037839,2025-08-27,august,Reefer,2700.0,5585.41,5636.236285554378,5500.451837795577,5568.344061674978,17.065938325022216
TR-037840,2025-08-27,august,Dry Van,608.1,1354.84,1308.7754776784807,1319.5957434796915,1314.1856105790862,40.65438942091373
TR-037841,2025-08-27,august,Reefer,1521.5,3572.03,3473.9875988063095,3448.924894453713,3461.4562466300113,110.57375336998894
TR-037842,2025-08-27,august,Dry Van,534.2,1207.55,1167.2744076601239,1191.7065885113611,1179.4904980857425,28.059501914257453
TR-037843,2025-08-27,august,Reefer,123.6,385.4,333.87478360829965,458.43703234281975,396.15590797555967,10.755907975559694
TR-037844,2025-08-27,august,Dry Van,1592.4,3052.88,3065.451642686018,3115.7166496223927,3090.5841461542054,37.70414615420532
TR-037845,2025-08-27,august,Dry Van,991.5,2013.43,1937.729844023577,1945.8552624452248,1941.7925532344009,71.63744676559918
TR-037846,2025-08-27,august,Flatbed,531.7,1278.5,1209.989939424796,1209.2533538259595,1209.6216466253777,68.8783533746223
TR-037847,2025-08-27,august,Dry Van,347.6,814.53,782.3963275081577,791.6354117581345,787.0158696331462,27.514130366853806
TR-037848,2025-08-27,august,Reefer,257.6,641.45,646.4211936557808,695.1945228730676,670.8078582644242,29.35785826442418
TR-037849,2025-08-27,august,Flatbed,2826.3,5595.12,5458.772083249916,5302.321561438988,5380.546822344452,214.57317765554762
TR-037850,2025-08-27,august,Flatbed,1136.3,2537.72,2453.921354988711,2404.6642178351312,2429.292786411921,108.42721358807876
TR-037851,2025-08-27,august,Reefer,1309.9,2920.26,2944.2792880906495,2891.0282143262684,2917.6537512084587,2.606248791541475
TR-037852,2025-08-27,august,Dry Van,1436.5,2886.36,2913.3228447230185,2959.676726125009,2936.4997854240137,50.13978542401355
TR-037853,2025-08-27,august,Reefer,137.5,411.05,373.79596718342856,478.4634890150419,426.1297280992352,15.079728099235183
TR-037854,2025-08-27,august,Reefer,2288.4,4584.66,4484.327703585957,4668.220256267788,4576.273979926873,8.386020073126929
TR-037855,2025-08-27,august,Dry Van,568.9,1234.56,1218.203130208997,1259.5989139183723,1238.9010220636846,4.341022063684704
TR-037856,2025-08-27,august,Dry Van,1161.0,2265.03,2352.512155475613,2220.0988708616064,2286.3055131686097,21.27551316860945
TR-037857,2025-08-27,august,Dry Van,2003.8,3824.33,3428.194975367524,3726.765688237967,3577.4803318027452,246.8496681972547
TR-037858,2025-08-27,august,Dry Van,1066.7,2256.3,2242.416294125339,2225.0104066693725,2233.7133503973555,22.586649602644684
TR-037859,2025-08-27,august,Flatbed,1630.3,3348.23,3386.9204947052694,3355.2477288852833,3371.0841117952764,22.854111795276367
TR-037860,2025-08-27,august,Dry Van,830.0,1802.0,1724.6460212940917,1721.2068958445902,1722.9264585693409,79.07354143065913
TR-037861,2025-08-27,august,Dry Van,586.4,1304.18,1302.4865359732776,1311.1443318658598,1306.8154339195687,2.6354339195686407
TR-037862,2025-08-27,august,Dry Van,2357.5,4297.06,4355.911177979439,4363.45853982334,4359.68485890139,62.624858901389416
TR-037863,2025-08-27,august,Flatbed,396.3,964.54,930.2697343978609,950.0748109300098,940.1722726639354,24.367727336064604
TR-037864,2025-08-27,august,Dry Van,1803.9,3421.01,3528.7121805958986,3492.751884060567,3510.732032328233,89.72203232823267
TR-037865,2025-08-27,august,Dry Van,239.4,611.4,578.575122819629,606.6619951362659,592.6185589779475,18.78144102205249
TR-037866,2025-08-27,august,Dry Van,562.9,1239.4,1281.714916993616,1198.167213267599,1239.9410651306075,0.5410651306074215
TR-037867,2025-08-27,august,Dry Van,2009.6,3843.69,3901.2453444950343,3917.105422659067,3909.1753835770505,65.48538357705047
TR-037868,2025-08-27,august,Reefer,573.9,1429.32,1329.446717192772,1305.7655978151124,1317.606157503942,111.71384249605785
TR-037869,2025-08-27,august,Dry Van,1085.2,2384.31,2224.179932893014,2268.9805837872336,2246.5802583401237,137.72974165987625
TR-037870,2025-08-27,august,Dry Van,518.9,1139.34,1125.4131345314138,1148.3258990467425,1136.8695167890783,2.470483210921657
TR-037871,2025-08-27,august,Reefer,346.3,910.55,900.4283229593483,918.4401179559043,909.4342204576262,1.1157795423737298
TR-037872,2025-08-27,august,Reefer,1355.8,3111.16,3014.5422272266405,3075.5125177552336,3045.027372490937,66.13262750906279
TR-037873,2025-08-27,august,Dry Van,261.7,631.56,599.9782085474061,609.1920403186059,604.5851244330061,26.974875566993887
TR-037874,2025-08-27,august,Dry Van,734.5,1535.2,1501.112853815687,1538.650274924798,1519.8815643702424,15.318435629757687
TR-037875,2025-08-27,august,Dry Van,2504.6,4626.57,4580.82458248832,4851.447825317612,4716.136203902966,89.56620390296666
TR-037876,2025-08-28,august,Dry Van,1750.1,929.34,3372.0203612126857,3287.5233289761454,3329.7718450944158,2400.4318450944156
TR-037877,2025-08-28,august,Dry Van,1056.9,2150.65,2083.7130974629376,2083.4716290962847,2083.592363279611,67.05763672038893
TR-037878,2025-08-28,august,Reefer,2613.5,5266.47,5356.673007473883,5255.527754995919,5306.100381234901,39.6303812349006
TR-037879,2025-08-28,august,Dry Van,380.9,914.55,906.3231633488606,932.4283848307603,919.3757740898104,4.825774089810466
TR-037880,2025-08-28,august,Reefer,1091.2,2377.46,2458.7868283562084,2318.9747439810503,2388.880786168629,11.420786168629093
TR-037881,2025-08-28,august,Flatbed,1158.8,2567.11,2524.495537086498,2447.1937985634904,2485.8446678249943,81.26533217500582
TR-037882,2025-08-28,august,Reefer,1740.2,3589.92,3704.3191708767,3681.632989767313,3692.9760803220065,103.05608032200644
TR-037883,2025-08-28,august,Dry Van,232.0,578.94,581.823754877956,582.9151974740846,582.3694761760203,3.4294761760202164
TR-037884,2025-08-28,august,Dry Van,1689.1,3442.41,3424.2528564985637,3376.355777840159,3400.3043171693616,42.105682830638216
TR-037885,2025-08-28,august,Dry Van,328.7,771.36,757.5366238878407,799.4038689280515,778.4702464079461,7.110246407946079
TR-037886,2025-08-28,august,Reefer,892.9,2159.15,2092.827556125424,2015.431825311444,2054.129690718434,105.02030928156591
TR-037887,2025-08-28,august,Reefer,489.6,1325.32,1232.0775541303651,1264.539719530479,1248.308636830422,77.01136316957786
TR-037888,2025-08-28,august,Dry Van,1591.1,3197.62,3240.9578420758335,3220.505862058215,3230.731852067024,33.1118520670243
TR-037889,2025-08-28,august,Dry Van,184.0,489.53,466.14133433311883,553.7358543789712,509.93859435604503,20.408594356045057
TR-037890,2025-08-28,august,Reefer,2094.4,4410.04,4446.061157850654,4346.070563256768,4396.065860553711,13.974139446288973
TR-037891,2025-08-28,august,Reefer,2057.0,4320.86,4153.418280969428,4295.400238984548,4224.409259976988,96.45074002301135
TR-037892,2025-08-28,august,Dry Van,440.3,1069.0,1072.7424975991728,1045.3592775322027,1059.0508875656878,9.949112434312156
TR-037893,2025-08-28,august,Dry Van,2688.0,4911.81,4901.108524799417,4969.262541596081,4935.1855331977495,23.375533197749064
TR-037894,2025-08-28,august,Dry Van,2147.0,3688.75,4023.6409957803553,3898.130327012188,3960.8856613962716,272.13566139627164
TR-037895,2025-08-28,august,Flatbed,938.3,1942.6,2076.680311304124,2015.4591698385511,2046.0697405713377,103.46974057133775
TR-037896,2025-08-28,august,Reefer,802.6,1923.54,1836.1022508287533,1797.3271131563665,1816.71468199256,106.82531800744005
TR-037897,2025-08-28,august,Dry Van,1273.8,784.94,2270.936413823742,2431.2058734195257,2351.071143621634,1566.1311436216338
TR-037898,2025-08-28,august,Dry Van,790.1,1558.7,1546.2803580112154,1566.480510298688,1556.3804341549517,2.3195658450483734
TR-037899,2025-08-28,august,Dry Van,548.7,1166.18,1138.667779291994,1165.46033002596,1152.064054658977,14.115945341023007
TR-037900,2025-08-28,august,Dry Van,2085.5,4057.35,4056.626499122557,4066.142078631661,4061.384288877109,4.0342888771092476
TR-037901,2025-08-28,august,Dry Van,426.7,931.46,945.2264379926263,954.8829549457209,950.0546964691737,18.59469646917364
TR-037902,2025-08-28,august,Reefer,878.7,2214.15,2055.568256061237,2074.7960050652023,2065.1821305632197,148.96786943678035
TR-037903,2025-08-28,august,Reefer,525.6,1309.77,1254.8207580793826,1267.6456955452263,1261.2332268123046,48.53677318769542
TR-037904,2025-08-28,august,Flatbed,1159.5,2533.04,2659.172215141876,2553.685365162408,2606.428790152142,73.38879015214206
TR-037905,2025-08-28,august,Flatbed,464.3,1117.17,1104.8147997110982,1070.365651905105,1087.5902258081016,29.579774191898423
TR-037906,2025-08-28,august,Dry Van,800.0,1663.45,1685.8716808868712,1681.3465439837264,1683.6091124352988,20.159112435298766
TR-037907,2025-08-28,august,Dry Van,410.1,903.74,915.892289993243,932.6237005935327,924.2579952933879,20.517995293387912
TR-037908,2025-08-28,august,Flatbed,840.5,1982.8,1983.85499976956,1979.2709730433517,1981.5629864064558,1.237013593544134
TR-037909,2025-08-28,august,Dry Van,494.3,1157.6,1135.7590471215667,1138.5917431545777,1137.1753951380722,20.42460486192772
TR-037910,2025-08-28,august,Dry Van,474.8,1023.16,1033.3401718114364,985.6842699481645,1009.5122208798005,13.647779120199516
TR-037911,2025-08-28,august,Dry Van,716.5,1557.83,1542.7805115578285,1565.6144820546733,1554.197496806251,3.6325031937490166
TR-037912,2025-08-28,august,Dry Van,1202.3,2576.74,2492.1790413875437,2489.9685015322484,2491.0737714598963,85.66622854010348
TR-037913,2025-08-28,august,Dry Van,2412.6,4556.3,4525.743979193326,4508.780355934557,4517.262167563941,39.037832436059034
TR-037914,2025-08-28,august,Flatbed,653.0,1489.51,1464.4836867447864,1490.7416372110745,1477.6126619779304,11.897338022069562
TR-037915,2025-08-28,august,Dry Van,783.3,1681.13,1631.8431187739236,1612.7063690357857,1622.2747439048546,58.85525609514548
TR-037916,2025-08-28,august,Reefer,119.7,379.75,330.3563830446203,437.7283541129543,384.0423685787873,4.292368578787318
TR-037917,2025-08-28,august,Dry Van,231.6,596.66,585.6439214041254,651.6346718365864,618.6392966203559,21.979296620355967
TR-037918,2025-08-28,august,Reefer,817.6,2006.88,1918.8633418773443,1938.7889166605871,1928.8261292689658,78.0538707310343
TR-037919,2025-08-28,august,Dry Van,1046.4,2191.94,2145.210786611956,2094.340398174288,2119.7755923931218,72.16440760687829
TR-037920,2025-08-28,august,Flatbed,1060.4,2301.75,2326.4256259681583,2253.592412146568,2290.0090190573633,11.740980942636725
TR-037921,2025-08-28,august,Dry Van,1957.7,3783.43,3670.5092797221496,3738.3755603395357,3704.4424200308426,78.9875799691572
TR-037922,2025-08-28,august,Dry Van,588.6,1318.28,1320.749677553269,1322.762158092543,1321.755917822906,3.4759178229060126
TR-037923,2025-08-28,august,Reefer,1153.3,2683.81,2715.831542795361,2616.7472408703456,2666.2893918328537,17.520608167146293
TR-037924,2025-08-28,august,Reefer,331.6,915.56,871.4894963692727,929.5685282755894,900.5290123224311,15.030987677568874
TR-037925,2025-08-28,august,Flatbed,422.7,1135.02,1064.4522744956294,1082.2850439108993,1073.3686592032643,61.65134079673567
TR-037926,2025-08-28,august,Dry Van,1058.9,2327.43,2298.675446737382,2236.498140079814,2267.586793408598,59.84320659140167
TR-037927,2025-08-28,august,Dry Van,644.4,1396.35,1396.638138463575,1408.8894772743174,1402.763807868946,6.413807868946151
TR-037928,2025-08-28,august,Dry Van,2973.4,5511.11,5504.8872014659055,5690.8019922688845,5597.844596867395,86.73459686739534
TR-037929,2025-08-28,august,Reefer,2080.3,4248.81,4290.261427401404,4200.803145503856,4245.53228645263,3.277713547370695
TR-037930,2025-08-28,august,Dry Van,1548.2,3002.06,3082.738794859754,3024.2249423103867,3053.4818685850705,51.42186858507057
TR-037931,2025-08-28,august,Dry Van,963.4,1866.56,1854.350310937847,1877.1452555347225,1865.7477832362847,0.8122167637152415
TR-037932,2025-08-28,august,Flatbed,456.0,1092.98,1076.2914119200746,1068.362964563078,1072.3271882415763,20.652811758423695
TR-037933,2025-08-28,august,Dry Van,224.4,1497.36,588.1920875602187,577.1571360032681,582.6746117817434,914.6853882182565
TR-037934,2025-08-28,august,Dry Van,1040.7,2265.29,2175.786316396514,2141.2535305472034,2158.5199234718584,106.77007652814154
TR-037935,2025-08-28,august,Flatbed,1425.4,3183.54,3130.9838923740012,3093.366393631163,3112.1751430025824,71.36485699741752
TR-037936,2025-08-28,august,Dry Van,2734.6,5008.04,5087.046993030707,5157.093004805622,5122.069998918165,114.02999891816489
TR-037937,2025-08-28,august,Dry Van,568.0,1154.83,1161.8459768518394,1182.7528003956154,1172.2993886237273,17.469388623727355
TR-037938,2025-08-28,august,Dry Van,2727.2,4872.48,4938.27641174247,5083.305949575777,5010.791180659124,138.31118065912415
TR-037939,2025-08-28,august,Dry Van,680.9,1521.09,1458.7479975451472,1481.3403364584287,1470.044167001788,51.045832998211836
TR-037940,2025-08-28,august,Flatbed,480.4,1198.97,1148.4116092728034,1203.612335137414,1176.0119722051086,22.95802779489145
TR-037941,2025-08-28,august,Dry Van,1306.4,2486.64,2581.9817087572974,2559.3377092564047,2570.659709006851,84.01970900685092
TR-037942,2025-08-28,august,Dry Van,1519.8,3063.56,3086.8328010359187,3056.6754715504067,3071.7541362931624,8.1941362931625
TR-037943,2025-08-28,august,Reefer,931.4,2305.2,2215.702943435171,2214.48407368365,2215.0935085594106,90.10649144058925
TR-037944,2025-08-28,august,Dry Van,978.6,4845.77,1893.7141461927504,1933.7755426736396,1913.7448444331949,2932.0251555668056
TR-037945,2025-08-28,august,Dry Van,466.9,1063.14,1046.7737193670746,1042.6961891545352,1044.734954260805,18.405045739195202
TR-037946,2025-08-28,august,Dry Van,1855.6,3830.63,3768.281223560574,3684.6657260972906,3726.473474828932,104.1565251710681
TR-037947,2025-08-28,august,Dry Van,769.8,1463.75,1471.8875780169337,1502.277448999639,1487.0825135082864,23.33251350828641
TR-037948,2025-08-28,august,Dry Van,1896.5,3492.12,3302.279583722579,3537.599001258921,3419.9392924907497,72.18070750925017
TR-037949,2025-08-28,august,Dry Van,262.3,660.18,618.8293786754616,680.1131109268536,649.4712448011576,10.708755198842368
TR-037950,2025-08-28,august,Dry Van,969.7,1761.74,1815.4665611763687,1859.6459951956856,1837.5562781860272,75.81627818602715
TR-037951,2025-08-28,august,Dry Van,208.3,543.05,515.9740091582183,602.8297386056361,559.4018738819273,16.351873881927304
TR-037952,2025-08-28,august,Dry Van,679.1,1465.92,1511.643303114495,1518.4514688920917,1515.0473860032935,49.127386003293395
TR-037953,2025-08-28,august,Reefer,1673.2,3776.02,3759.9685938416164,3792.044588799541,3776.006591320579,0.013408679420990666
TR-037954,2025-08-28,august,Dry Van,1160.3,2190.78,2239.937622701375,2226.952453793389,2233.445038247382,42.665038247381744
TR-037955,2025-08-28,august,Dry Van,564.3,1185.36,1127.4210431667386,1175.964117277485,1151.6925802221117,33.6674197778882
TR-037956,2025-08-28,august,Reefer,380.3,1023.5,977.2421577238379,1032.5502481308808,1004.8962029273594,18.603797072640646
TR-037957,2025-08-28,august,Dry Van,1126.6,2317.42,2351.4489468622673,2263.333870337232,2307.3914085997494,10.028591400250662
TR-037958,2025-08-28,august,Dry Van,642.8,1430.85,1420.7694623863902,1407.77825867644,1414.273860531415,16.57613946858487
TR-037959,2025-08-28,august,Dry Van,325.9,741.67,728.5274277304906,777.2445359102358,752.8859818203632,11.215981820363254
TR-037960,2025-08-28,august,Reefer,293.4,822.76,806.5000104491814,854.1552032263805,830.327606837781,7.567606837781
TR-037961,2025-08-28,august,Flatbed,714.4,1724.02,1625.0446770864794,1626.2937123499512,1625.6691947182153,98.35080528178469
TR-037962,2025-08-28,august,Flatbed,696.5,1588.13,1552.5040882902838,1487.52873760497,1520.016412947627,68.11358705237308
TR-037963,2025-08-28,august,Dry Van,2287.0,13409.18,4164.783919895471,4156.931191346794,4160.857555621133,9248.322444378868
TR-037964,2025-08-28,august,Dry Van,1679.3,3187.06,3409.9033032544557,3265.1127813635794,3337.5080423090176,150.44804230901764
TR-037965,2025-08-28,august,Dry Van,2940.7,5342.33,5360.010865199848,5326.601902922878,5343.306384061363,0.9763840613632055
TR-037966,2025-08-28,august,Dry Van,3053.2,5712.69,5737.268031490565,5864.207482647578,5800.737757069071,88.04775706907185
TR-037967,2025-08-28,august,Dry Van,187.5,493.08,476.668870132551,560.0692247691018,518.3690474508264,25.289047450826445
TR-037968,2025-08-28,august,Dry Van,547.5,1192.19,1148.8046872233833,1149.7144697917631,1149.2595785075732,42.93042149242683
TR-037969,2025-08-28,august,Dry Van,496.5,1043.42,1051.1557190635494,1057.853291970355,1054.5045055169521,11.08450551695205
TR-037970,2025-08-28,august,Dry Van,2689.4,4980.31,4937.60430672022,5006.336329189487,4971.970317954853,8.339682045147129
TR-037971,2025-08-28,august,Reefer,1192.0,2813.86,2683.7905284558756,3078.248368204116,2881.0194483299956,67.15944832999548
TR-037972,2025-08-28,august,Flatbed,2885.0,5672.62,5669.686558983198,5674.827770509972,5672.257164746585,0.3628352534151418
TR-037973,2025-08-28,august,Dry Van,686.4,1501.32,1576.1513048810616,1552.1986081567386,1564.1749565189002,62.85495651890028
TR-037974,2025-08-28,august,Flatbed,1800.7,3638.16,3705.6714974118386,3662.533451230218,3684.1024743210282,45.942474321028385
TR-037975,2025-08-28,august,Dry Van,1711.6,3442.92,3390.9705411129003,3454.095314940123,3422.5329280265114,20.387071973488673
TR-037976,2025-08-28,august,Reefer,244.7,641.72,639.7765468326319,642.3651316203106,641.0708392264712,0.6491607735288198
TR-037977,2025-08-28,august,Dry Van,1897.2,3521.02,3700.5278578302054,3591.399439931046,3645.9636488806254,124.94364888062546
TR-037978,2025-08-28,august,Flatbed,1906.9,4064.81,3953.879242243009,3971.160961302662,3962.5201017728355,102.28989822716449
TR-037979,2025-08-28,august,Dry Van,2389.7,4340.88,4315.510531929413,4359.561420140213,4337.535976034813,3.3440239651872616
TR-037980,2025-08-28,august,Flatbed,150.0,456.07,437.9329722386534,507.43713550087455,472.685053869764,16.615053869763983
TR-037981,2025-08-28,august,Dry Van,491.1,1046.72,1053.9588189246035,1079.4446755196113,1066.7017472221073,19.981747222107288
TR-037982,2025-08-28,august,Flatbed,769.8,1752.92,1737.0604380787508,1721.682028970088,1729.3712335244195,23.548766475580578
TR-037983,2025-08-28,august,Flatbed,325.8,841.55,808.1215766149761,832.1050648083296,820.1133207116529,21.436679288347023
TR-037984,2025-08-28,august,Dry Van,1959.9,3649.79,3791.412083686371,3633.948263092965,3712.680173389668,62.890173389668234
TR-037985,2025-08-28,august,Reefer,2561.4,5230.52,5067.577690829594,5136.298955199198,5101.938323014396,128.58167698560464
TR-037986,2025-08-28,august,Reefer,222.7,570.78,570.7283017973031,610.7530296153136,590.7406657063084,19.96066570630842
TR-037987,2025-08-28,august,Reefer,222.9,636.16,626.3500194189598,636.1916797139377,631.2708495664488,4.889150433551208
TR-037988,2025-08-28,august,Dry Van,621.8,1325.69,1318.3434873735173,1317.2567812621382,1317.8001343178278,7.889865682172285
TR-037989,2025-08-28,august,Dry Van,2608.9,4784.97,4480.179013943995,4774.119139456229,4627.149076700112,157.8209232998879
TR-037990,2025-08-28,august,Dry Van,1011.4,2263.46,2145.2757180976687,2067.4604079698834,2106.368063033776,157.09193696622424
TR-037991,2025-08-28,august,Dry Van,2792.2,5207.45,5020.620139554763,5151.161050180283,5085.890594867524,121.55940513247606
TR-037992,2025-08-28,august,Flatbed,2265.1,4638.51,4517.164818559498,4431.052554980588,4474.108686770043,164.40131322995694
TR-037993,2025-08-28,august,Flatbed,1482.3,3040.13,3068.6917787985835,3029.8221134491296,3049.2569461238563,9.126946123856214
TR-037994,2025-08-28,august,Dry Van,1058.5,2150.73,2115.5502829352495,2083.6693449063782,2099.609813920814,51.12018607918617
TR-037995,2025-08-28,august,Dry Van,664.2,1360.48,1315.326343539223,1314.6672413145898,1314.9967924269063,45.48320757309375
TR-037996,2025-08-28,august,Dry Van,279.4,732.78,679.5044584440645,773.6584670656061,726.5814627548353,6.19853724516463
TR-037997,2025-08-28,august,Dry Van,826.0,1821.47,1798.591510139728,1795.0752020759885,1796.8333561078582,24.63664389214182
TR-037998,2025-08-28,august,Dry Van,920.5,1793.3,1740.7628135100833,1750.6825997288074,1745.7227066194455,47.577293380554465
TR-037999,2025-08-28,august,Reefer,214.1,609.26,598.1070062651231,638.0844901397377,618.0957482024304,8.835748202430409
TR-038000,2025-08-28,august,Flatbed,1372.8,2695.43,2869.0147328368234,2781.037708109619,2825.026220473221,129.59622047322136
TR-038001,2025-08-28,august,Reefer,892.1,566.92,2177.399223876748,2052.6566477387155,2115.0279358077314,1548.1079358077313
TR-038002,2025-08-28,august,Dry Van,909.9,1850.18,1914.8380544606423,1862.3839683897268,1888.6110114251846,38.43101142518458
TR-038003,2025-08-28,august,Dry Van,171.1,462.4,459.4545938092389,459.3397352344532,459.39716452184604,3.0028354781539406
TR-038004,2025-08-28,august,Dry Van,425.0,963.88,943.0106125560143,925.1673255213809,934.0889690386975,29.791030961302454
TR-038005,2025-08-28,august,Dry Van,453.1,1032.25,1010.2145749566907,997.1638801578035,1003.6892275572471,28.560772442752864
TR-038006,2025-08-28,august,Dry Van,75.9,213.24,214.26432178292302,268.2459104784232,241.25511613067312,28.015116130673107
TR-038007,2025-08-28,august,Reefer,546.9,1261.4,1208.9960696851074,1211.0728597002478,1210.0344646926776,51.36553530732249
TR-038008,2025-08-28,august,Dry Van,882.9,1848.26,1812.8692866343793,1837.6358398369614,1825.2525632356703,23.007436764329668
TR-038009,2025-08-28,august,Dry Van,2116.7,3869.64,4086.7843881516633,3928.89711630261,4007.8407522271364,138.2007522271365
TR-038010,2025-08-28,august,Dry Van,2441.3,4687.06,4696.162088312312,4651.1776690598435,4673.669878686078,13.390121313922464
TR-038011,2025-08-28,august,Reefer,1862.6,3835.83,4051.3290773910653,3940.0256498996264,3995.677363645346,159.84736364534592
TR-038012,2025-08-28,august,Dry Van,1248.3,2568.11,2322.861480660253,2549.919950954355,2436.3907158073043,131.7192841926958
TR-038013,2025-08-28,august,Dry Van,1313.8,2675.61,2761.1683685796697,2713.5577200198286,2737.363044299749,61.753044299749035
TR-038014,2025-08-28,august,Dry Van,1533.3,2962.37,3051.121450974487,3006.0371712588426,3028.579311116665,66.20931111666505
TR-038015,2025-08-28,august,Dry Van,407.7,935.04,927.8171500763971,929.0663954873876,928.4417727818923,6.598227218107695
TR-038016,2025-08-28,august,Flatbed,2087.7,4301.09,4350.5292394898,4266.865631175822,4308.697435332811,7.607435332811292
TR-038017,2025-08-28,august,Dry Van,1613.0,3043.42,2879.9115946677925,3087.4197030834753,2983.665648875634,59.75435112436617
TR-038018,2025-08-28,august,Reefer,1186.7,2575.77,2662.1085218731578,2725.0173686519993,2693.5629452625785,117.79294526257854
TR-038019,2025-08-28,august,Dry Van,683.8,1521.67,1437.62870143894,1492.608922696841,1465.1188120678905,56.55118793210954
TR-038020,2025-08-28,august,Dry Van,1104.6,2070.71,2171.104106654769,2129.1384065420734,2150.1212565984215,79.41125659842146
TR-038021,2025-08-28,august,Reefer,1537.0,3410.9,3423.513389770096,3357.9621925485408,3390.7377911593185,20.162208840681615
TR-038022,2025-08-28,august,Dry Van,440.9,992.78,1013.8754902421016,1013.3651899411163,1013.620340091609,20.84034009160905
TR-038023,2025-08-28,august,Reefer,400.1,999.39,966.9257313399959,983.9172467575606,975.4214890487783,23.968510951221674
TR-038024,2025-08-28,august,Dry Van,465.2,1074.03,1068.0571814750244,1073.2585321088663,1070.6578567919455,3.3721432080544673
TR-038025,2025-08-28,august,Reefer,477.8,1167.7,1153.5144085486422,1147.0639650726193,1150.2891868106308,17.410813189369264
TR-038026,2025-08-28,august,Reefer,2950.9,6133.24,6004.949763774011,6116.661772103729,6060.80576793887,72.43423206112948
TR-038027,2025-08-28,august,Dry Van,2733.9,5037.8,5047.780968844895,5211.8252873214005,5129.803128083147,92.0031280831472
TR-038028,2025-08-28,august,Reefer,2119.2,4708.22,4380.345154386287,4591.611693291256,4485.978423838771,222.2415761612292
TR-038029,2025-08-28,august,Dry Van,2774.7,5004.85,5145.3180219257965,5339.951492766924,5242.634757346361,237.7847573463605
TR-038030,2025-08-28,august,Dry Van,2943.2,5347.64,5333.89898183635,5453.56394840425,5393.7314651203,46.09146512029929
TR-038031,2025-08-28,august,Flatbed,900.0,1887.77,1995.367375722694,1937.1404203874727,1966.2538980550835,78.4838980550835
TR-038032,2025-08-28,august,Reefer,1357.5,2976.99,3000.8878227698956,3005.457603008775,3003.1727128893353,26.182712889335562
TR-038033,2025-08-28,august,Dry Van,533.4,1099.93,1080.575099207462,1078.7484860023956,1079.661792604929,20.26820739507116
TR-038034,2025-08-28,august,Reefer,459.4,1185.14,1187.3064702055267,1169.9906445881113,1178.648557396819,6.491442603181213
TR-038035,2025-08-28,august,Dry Van,355.6,817.54,801.8605491664505,848.2867672795792,825.0736582230148,7.533658223014868
TR-038036,2025-08-28,august,Flatbed,672.8,1591.49,1524.0794236418099,1475.7151359080729,1499.8972797749414,91.59272022505866
TR-038037,2025-08-28,august,Dry Van,1401.1,2695.04,2790.2896499144617,2813.6815048387307,2801.985577376596,106.94557737659625
TR-038038,2025-08-28,august,Dry Van,2078.2,3779.82,4016.9879428015533,3842.688575523734,3929.8382591626437,150.01825916264352
TR-038039,2025-08-28,august,Dry Van,1472.3,2938.51,2912.8167166342946,2867.4936245763643,2890.1551706053297,48.35482939467056
TR-038040,2025-08-29,august,Dry Van,2787.8,4852.55,4897.127545726207,5083.37852305794,4990.2530343920735,137.70303439207328
TR-038041,2025-08-29,august,Flatbed,531.7,1273.81,1223.3590060709116,1193.4568714632103,1208.4079387670608,65.4020612329391
TR-038042,2025-08-29,august,Dry Van,703.0,1328.3,1333.3952171901458,1332.9683556195055,1333.1817864048257,4.881786404825789
TR-038043,2025-08-29,august,Dry Van,483.8,1081.06,1038.7882593910517,1091.0894593853163,1064.938859388184,16.121140611815918
TR-038044,2025-08-29,august,Dry Van,960.4,1938.15,1898.976882159117,1934.913848310892,1916.9453652350044,21.204634764995717
TR-038045,2025-08-29,august,Dry Van,1212.4,6964.45,2411.3404111348755,2396.6509511022673,2403.995681118571,4560.454318881429
TR-038046,2025-08-29,august,Dry Van,661.8,1441.78,1410.3494990748704,1384.5205580988986,1397.4350285868845,44.344971413115445
TR-038047,2025-08-29,august,Reefer,579.3,1441.83,1441.5699455172264,1383.9931539434378,1412.7815497303322,29.048450269667683
TR-038048,2025-08-29,august,Reefer,428.0,1079.27,1051.3705510515263,1051.7674722371435,1051.5690116443348,27.70098835566523
TR-038049,2025-08-29,august,Reefer,1529.6,3346.24,3322.441610580198,3364.1991468276683,3343.320378703933,2.9196212960669072
TR-038050,2025-08-29,august,Dry Van,570.5,1206.48,1186.7316867417887,1203.5147899321391,1195.1232383369638,11.356761663036195
TR-038051,2025-08-29,august,Dry Van,441.7,940.04,910.0137739764775,925.551029924012,917.7824019502448,22.257598049755188
TR-038052,2025-08-29,august,Reefer,315.2,888.64,838.2225039291062,888.2397459526896,863.2311249408979,25.408875059102115
TR-038053,2025-08-29,august,Dry Van,458.8,1047.9,1024.53579975711,1053.7490766333115,1039.1424381952106,8.757561804789475
TR-038054,2025-08-29,august,Dry Van,1905.8,3500.84,3333.567404098523,3428.826712357625,3381.197058228074,119.64294177192596
TR-038055,2025-08-29,august,Dry Van,402.4,917.56,910.61280847535,944.1280309002364,927.3704196877932,9.810419687793228
TR-038056,2025-08-29,august,Flatbed,1723.6,3486.06,3088.4378747862697,3402.3160086053,3245.376941695785,240.68305830421514
TR-038057,2025-08-29,august,Dry Van,556.0,1181.15,1148.034284968977,1105.3448766319534,1126.6895808004651,54.460419199534954
TR-038058,2025-08-29,august,Flatbed,733.8,1599.86,1547.165992907786,1528.102289241843,1537.6341410748146,62.22585892518532
TR-038059,2025-08-29,august,Dry Van,1942.5,3780.36,3403.0235542078644,3688.411523385843,3545.7175387968537,234.64246120314647
TR-038060,2025-08-29,august,Dry Van,1053.0,2276.37,2217.65093388883,2180.4265276234823,2199.038730756156,77.33126924384396
TR-038061,2025-08-29,august,Dry Van,2021.3,3832.73,4035.3811624462455,3920.4824633524936,3977.9318128993696,145.20181289936954
TR-038062,2025-08-29,august,Dry Van,2391.2,4243.53,4388.084781570896,4458.495364405755,4423.290072988326,179.7600729883261
TR-038063,2025-08-29,august,Reefer,2652.8,5675.17,5507.689928389258,5596.748948658806,5552.219438524032,122.95056147596824
TR-038064,2025-08-29,august,Flatbed,662.1,1471.2,1449.7895216637535,1432.087324550792,1440.9384231072727,30.261576892727362
TR-038065,2025-08-29,august,Dry Van,1197.8,2467.5,2501.3968785847474,2477.088724761521,2489.242801673134,21.74280167313418
TR-038066,2025-08-29,august,Reefer,136.2,430.44,372.16196996812835,465.4919324517448,418.82695120993657,11.61304879006343
TR-038067,2025-08-29,august,Dry Van,577.7,1241.26,1131.5177922893731,1158.0716322554479,1144.7947122724104,96.46528772758961
TR-038068,2025-08-29,august,Dry Van,357.2,881.85,867.6033646220296,863.4640957557376,865.5337301888836,16.3162698111164
TR-038069,2025-08-29,august,Dry Van,415.0,1002.64,988.5516324429987,1017.1004712906566,1002.8260518668276,0.18605186682759722
TR-038070,2025-08-29,august,Dry Van,2044.9,3688.46,3895.2204051700464,3703.3582225898563,3799.2893138799514,110.82931387995131
TR-038071,2025-08-29,august,Dry Van,1816.2,3388.98,3130.6739974970064,3384.3209933858698,3257.4974954414383,131.4825045585617
TR-038072,2025-08-29,august,Dry Van,558.6,1198.78,1175.8290541821927,1202.113213918863,1188.9711340505278,9.808865949472192
TR-038073,2025-08-29,august,Dry Van,734.4,1638.39,1584.1998263551168,1606.9688192947776,1595.5843228249473,42.80567717505278
TR-038074,2025-08-29,august,Dry Van,2120.8,3717.58,3946.708110466137,3756.9924213953086,3851.850265930723,134.27026593072287
TR-038075,2025-08-29,august,Dry Van,1845.7,3769.36,3451.17074324445,3586.8479780472976,3519.009360645874,250.3506393541261
TR-038076,2025-08-29,august,Dry Van,869.8,1756.32,1805.6458500734582,1758.846260606226,1782.246055339842,25.92605533984215
TR-038077,2025-08-29,august,Reefer,422.7,1154.44,1079.769467683269,1096.1453260628546,1087.957396873062,66.4826031269381
TR-038078,2025-08-29,august,Flatbed,931.4,2145.54,2084.6729954305415,2061.6799800510794,2073.1764877408104,72.36351225918952
TR-038079,2025-08-29,august,Dry Van,1458.3,3065.67,2903.3660108759896,2912.813441010486,2908.0897259432377,157.5802740567624
TR-038080,2025-08-29,august,Dry Van,2445.7,4466.21,4526.308368539299,4456.469448448313,4491.388908493806,25.178908493806375
TR-038081,2025-08-29,august,Flatbed,1052.4,2414.14,2340.411797498494,2264.2216710558364,2302.316734277165,111.823265722835
TR-038082,2025-08-29,august,Reefer,2017.7,4165.93,3761.685710775331,4065.9048179562897,3913.79526436581,252.1347356341903
TR-038083,2025-08-29,august,Dry Van,2167.7,4017.55,4143.670313639447,4141.752252487962,4142.711283063705,125.16128306370501
TR-038084,2025-08-29,august,Dry Van,2317.2,4316.49,4371.830835625268,4404.36342791637,4388.097131770819,71.60713177081925
TR-038085,2025-08-29,august,Dry Van,1299.4,2566.92,2586.047082313863,2499.4079206974025,2542.727501505633,24.1924984943671
TR-038086,2025-08-29,august,Dry Van,792.3,1723.18,1702.2586115231031,1634.096946713283,1668.177779118193,55.002220881807034
TR-038087,2025-08-29,august,Reefer,1461.9,3114.15,3169.509737361155,3080.2578015504623,3124.8837694558088,10.73376945580867
TR-038088,2025-08-29,august,Flatbed,463.6,1098.57,1105.4335321456394,1084.532009431731,1094.9827707886852,3.587229211314707
TR-038089,2025-08-29,august,Dry Van,2996.5,5408.24,5460.1299627103335,5627.747338398371,5543.938650554352,135.69865055435184
TR-038090,2025-08-29,august,Dry Van,3061.7,5571.16,5532.844896563475,5666.709519611815,5599.777208087646,28.61720808764585
TR-038091,2025-08-29,august,Dry Van,822.5,1801.54,1842.7338765372576,1770.5733401541347,1806.6536083456963,5.113608345696321
TR-038092,2025-08-29,august,Dry Van,2926.4,5291.81,5387.337151066357,5483.32347916046,5435.330315113409,143.5203151134083
TR-038093,2025-08-29,august,Dry Van,2049.4,3948.31,4004.056896112791,3947.7471532141353,3975.902024663463,27.592024663463235
TR-038094,2025-08-29,august,Dry Van,2049.5,3588.64,3669.1660356574725,3779.7487073434536,3724.457371500463,135.8173715004632
TR-038095,2025-08-29,august,Reefer,373.3,999.34,957.7380300821692,1007.5611017372928,982.649565909731,16.690434090269036
TR-038096,2025-08-29,august,Dry Van,1871.9,3568.75,3712.7928582703134,3492.0892391641883,3602.441048717251,33.69104871725085
TR-038097,2025-08-29,august,Reefer,1235.2,2896.5,2789.632690566519,3130.4266125848762,2960.0296515756977,63.5296515756977
TR-038098,2025-08-29,august,Reefer,867.3,1902.84,1838.4338617765377,1871.4403136985793,1854.9370877375586,47.902912262441305
TR-038099,2025-08-29,august,Dry Van,1926.8,3500.09,3542.208970433825,3639.5925634086398,3590.9007669212324,90.81076692123224
TR-038100,2025-08-29,august,Flatbed,2544.7,5007.73,4094.49352038254,4673.682021955315,4384.087771168927,623.6422288310723
TR-038101,2025-08-29,august,Dry Van,437.2,984.23,970.4386284631015,953.4343264395386,961.9364774513201,22.293522548679903
TR-038102,2025-08-29,august,Reefer,520.0,1266.69,1276.5472435944016,1288.8934419327834,1282.7203427635925,16.030342763592444
TR-038103,2025-08-29,august,Dry Van,1279.5,2680.97,2723.422677032661,2651.8555702837084,2687.639123658185,6.669123658185072
TR-038104,2025-08-29,august,Dry Van,1964.1,3822.75,3688.0522106180624,3860.117574994807,3774.0848928064347,48.66510719356529
TR-038105,2025-08-29,august,Reefer,799.3,1830.82,1772.7749033851826,1732.149188713973,1752.4620460495778,78.35795395042214
TR-038106,2025-08-29,august,Dry Van,403.4,925.77,900.8562332886805,897.6175660446422,899.2368996666614,26.533100333338552
TR-038107,2025-08-29,august,Reefer,1762.9,3920.72,3805.3405867425345,3852.8150838514584,3829.0778352969965,91.64216470300335
TR-038108,2025-08-29,august,Flatbed,629.9,1539.99,1495.4979757335063,1422.8551169104471,1459.1765463219767,80.81345367802328
TR-038109,2025-08-29,august,Dry Van,849.8,1851.64,1813.5117465512312,1776.5657369146606,1795.038741732946,56.60125826705416
TR-038110,2025-08-29,august,Dry Van,1127.1,2229.78,2271.947386838452,2171.790236417245,2221.8688116278486,7.911188372151628
TR-038111,2025-08-29,august,Dry Van,624.0,1288.41,1263.8389752489736,1278.6730556767138,1271.2560154628436,17.153984537156475
TR-038112,2025-08-29,august,Dry Van,282.5,657.63,631.672212445724,707.6722537487412,669.6722330972326,12.04223309723261
TR-038113,2025-08-29,august,Flatbed,1396.6,2921.08,2921.193817047084,2931.7910225468736,2926.4924197969785,5.412419796978611
TR-038114,2025-08-29,august,Dry Van,2409.7,4295.47,4305.877760058036,4316.962056481787,4311.4199082699115,15.949908269911248
TR-038115,2025-08-29,august,Dry Van,462.6,1026.41,984.3110690035671,986.1799502356491,985.2455096196081,41.16449038039195
TR-038116,2025-08-29,august,Dry Van,849.2,1779.0,1712.7742719527184,1730.724010902349,1721.7491414275337,57.25085857246631
TR-038117,2025-08-29,august,Reefer,727.2,1638.14,1615.661706563657,1620.4151180536874,1618.0384123086722,20.10158769132795
TR-038118,2025-08-29,august,Reefer,1795.2,3679.12,3841.340950906347,3809.750989374671,3825.545970140509,146.42597014050898
TR-038119,2025-08-29,august,Dry Van,411.4,918.1,892.0808807312826,935.7332971030698,913.9070889171762,4.192911082823798
TR-038120,2025-08-29,august,Dry Van,304.2,750.05,733.8982777371181,777.7140034752213,755.8061406061697,5.756140606169765
TR-038121,2025-08-29,august,Reefer,777.1,1933.49,1831.072320013348,1814.082965884197,1822.5776429487723,110.91235705122767
TR-038122,2025-08-29,august,Dry Van,239.4,595.99,561.3683289417156,635.7532621955074,598.5607955686115,2.5707955686115156
TR-038123,2025-08-29,august,Flatbed,1989.3,3921.4,3966.6759919060555,3902.5399303426193,3934.6079611243376,13.207961124337544
TR-038124,2025-08-29,august,Dry Van,413.0,910.05,927.4240185971321,890.0669808660866,908.7454997316094,1.3045002683905977
TR-038125,2025-08-29,august,Dry Van,1678.2,3335.15,3398.5970582100435,3319.501925420511,3359.049491815277,23.899491815277088
TR-038126,2025-08-29,august,Dry Van,388.5,816.48,824.1437451084337,810.503508752453,817.3236269304433,0.8436269304432926
TR-038127,2025-08-29,august,Reefer,935.0,2267.47,2111.527377820487,2077.958633809479,2094.743005814983,172.7269941850168
TR-038128,2025-08-29,august,Dry Van,2640.0,4900.24,4672.56057052036,4648.068899436579,4660.3147349784695,239.92526502153032
TR-038129,2025-08-29,august,Dry Van,1770.5,3459.86,3394.377761935671,3491.5748859277423,3442.9763239317067,16.883676068293425
TR-038130,2025-08-29,august,Reefer,635.0,1459.3,1441.3761560435428,1425.4403915275375,1433.4082737855401,25.891726214459823
TR-038131,2025-08-29,august,Dry Van,608.0,1334.9,1251.9230768831192,1279.349837067954,1265.6364569755365,69.26354302446362
TR-038132,2025-08-29,august,Dry Van,129.1,328.67,299.2931519621748,380.30894027093336,339.80104611655406,11.131046116554046
TR-038133,2025-08-29,august,Reefer,2166.9,4808.25,4133.818895725202,4572.034662824078,4352.92677927464,455.32322072536044
TR-038134,2025-08-29,august,Reefer,855.9,1913.11,1816.2513460909106,1790.455803485464,1803.3535747881874,109.75642521181248
TR-038135,2025-08-29,august,Reefer,618.0,1518.34,1467.2243889953854,1397.7618910898823,1432.493140042634,85.84685995736595
TR-038136,2025-08-29,august,Dry Van,1231.9,2644.98,2509.519989200633,2604.5581315220616,2557.0390603613473,87.94093963865271
TR-038137,2025-08-29,august,Reefer,1127.7,2586.01,2516.1140955729406,2519.9617406243347,2518.0379180986374,67.9720819013628
TR-038138,2025-08-29,august,Reefer,803.7,2038.98,1922.5920921481113,1886.3644417877133,1904.4782669679123,134.5017330320877
TR-038139,2025-08-29,august,Dry Van,1644.6,3057.42,3129.4470453818403,3085.779787028465,3107.6134162051526,50.193416205152516
TR-038140,2025-08-29,august,Dry Van,327.9,756.89,729.243094461829,740.5805605779324,734.9118275198807,21.97817248011927
TR-038141,2025-08-29,august,Dry Van,770.5,1637.49,1553.6195872676635,1582.2650251562857,1567.9423062119745,69.54769378802553
TR-038142,2025-08-29,august,Dry Van,2204.9,4027.95,4108.983441783719,3962.8060366701766,4035.894739226948,7.944739226948059
TR-038143,2025-08-29,august,Dry Van,153.6,393.98,386.43315843939615,434.6495290444236,410.5413437419099,16.561343741909866
TR-038144,2025-08-29,august,Dry Van,2237.8,3815.57,4163.300025720238,3984.7602643439204,4074.0301450320794,258.46014503207925
TR-038145,2025-08-29,august,Flatbed,571.3,1356.09,1363.812929586157,1319.1873383995344,1341.5001339928458,14.589866007154114
TR-038146,2025-08-29,august,Flatbed,1513.1,3158.14,3159.068916876501,3141.4509173367796,3150.2599171066404,7.880082893359486
TR-038147,2025-08-29,august,Reefer,2784.7,5472.38,4828.06320789545,5384.923595078362,5106.493401486907,365.8865985130933
TR-038148,2025-08-29,august,Flatbed,802.5,1759.2,1711.5149334323557,1704.8062083596121,1708.160570895984,51.03942910401611
TR-038149,2025-08-29,august,Flatbed,478.9,1240.94,1162.7011687715724,1161.0017577937126,1161.8514632826425,79.08853671735756
TR-038150,2025-08-29,august,Dry Van,1031.2,2089.29,2060.372113745883,2056.307792723947,2058.339953234915,30.950046765085062
TR-038151,2025-08-29,august,Flatbed,850.4,1948.57,1899.5308737540204,1884.6531491050034,1892.0920114295118,56.47798857048815
TR-038152,2025-08-29,august,Dry Van,270.2,648.48,624.8052333155273,626.6426025463418,625.7239179309345,22.756082069065542
TR-038153,2025-08-29,august,Dry Van,1153.3,2403.04,2226.0493399572597,2199.678405936986,2212.863872947123,190.17612705287684
TR-038154,2025-08-29,august,Reefer,780.0,1825.23,1804.0576179266466,1806.5873565542256,1805.3224872404362,19.907512759563815
TR-038155,2025-08-29,august,Dry Van,500.9,1077.31,1080.7066903912344,1072.4891762433595,1076.5979333172968,0.7120666827031528
TR-038156,2025-08-29,august,Flatbed,1072.0,2213.62,2335.370241321763,2236.962695038438,2286.1664681801003,72.54646818010042
TR-038157,2025-08-29,august,Dry Van,311.7,815.86,770.9289047193936,776.8298147737776,773.8793597465856,41.980640253414435
TR-038158,2025-08-29,august,Dry Van,543.1,1256.28,1208.6820599241898,1244.6717203792914,1226.6768901517407,29.603109848259237
TR-038159,2025-08-29,august,Reefer,758.6,1680.91,1644.11687179442,1689.6957610723862,1666.906316433403,14.003683566597147
TR-038160,2025-08-29,august,Reefer,1609.7,3566.64,3518.2093706596206,3556.8338013864523,3537.5215860230364,29.11841397696344
TR-038161,2025-08-29,august,Dry Van,3024.2,5511.33,5349.339044117313,5654.803201049851,5502.071122583582,9.258877416417818
TR-038162,2025-08-29,august,Dry Van,1667.4,3389.92,3354.8351061783683,3326.4179108956228,3340.6265085369955,49.29349146300456
TR-038163,2025-08-29,august,Flatbed,2129.6,4152.38,4202.572862319388,4231.145816858818,4216.859339589103,64.47933958910289
TR-038164,2025-08-29,august,Dry Van,541.3,1157.08,1128.981048877357,1111.6282899519274,1120.3046694146421,36.77533058535778
TR-038165,2025-08-29,august,Dry Van,550.4,1240.59,1143.9316904619955,1143.7411807491994,1143.8364356055974,96.75356439440247
TR-038166,2025-08-29,august,Dry Van,134.9,370.89,364.8878857528651,380.39322117172765,372.64055346229634,1.7505534622963523
TR-038167,2025-08-29,august,Flatbed,323.6,741.7,756.5805330662188,728.6446770461205,742.6126050561696,0.912605056169582
TR-038168,2025-08-29,august,Flatbed,890.6,2130.86,2011.5328991840433,1974.6125694170837,1993.0727343005635,137.7872656994366
TR-038169,2025-08-29,august,Dry Van,868.1,1850.54,1785.929425245301,1827.4328110524684,1806.6811181488847,43.85888185111526
TR-038170,2025-08-29,august,Flatbed,308.4,784.51,760.307954285174,808.6122873057645,784.4601207954693,0.049879204530725474
TR-038171,2025-08-29,august,Dry Van,1607.1,3032.24,3169.6035965548695,3123.808652066197,3146.706124310533,114.46612431053336
TR-038172,2025-08-29,august,Dry Van,2996.3,5566.96,5445.289212273182,5725.266587412964,5585.277899843073,18.317899843073064
TR-038173,2025-08-29,august,Reefer,2740.0,5228.39,5387.935470742863,5481.064773009752,5434.500121876307,206.11012187630695
TR-038174,2025-08-29,august,Flatbed,1433.1,2989.33,2959.4261151877276,2933.5367867594937,2946.4814509736107,42.848549026389264
TR-038175,2025-08-29,august,Reefer,171.5,521.98,476.4448253888319,587.7635249444743,532.104175166653,10.124175166653004
TR-038176,2025-08-29,august,Dry Van,354.7,822.33,820.2327459449042,812.241699396415,816.2372226706595,6.0927773293404925
TR-038177,2025-08-29,august,Dry Van,2191.1,4198.62,4248.73178658057,4096.434736598847,4172.583261589709,26.036738410291036
TR-038178,2025-08-29,august,Dry Van,389.8,889.15,895.1447857885076,886.4156547489122,890.7802202687099,1.630220268709877
TR-038179,2025-08-29,august,Flatbed,581.6,1424.01,1360.22232395872,1360.7603845591334,1360.4913542589265,63.51864574107344
TR-038180,2025-08-29,august,Dry Van,206.9,520.3,501.56016317772327,554.4890900508274,528.0246266142753,7.724626614275394
TR-038181,2025-08-29,august,Flatbed,1882.1,3770.29,3728.9882928867937,3773.5721719067587,3751.2802323967762,19.009767603223736
TR-038182,2025-08-29,august,Reefer,689.2,1630.64,1563.1461703899943,1556.2386001243478,1559.692385257171,70.94761474282905
TR-038183,2025-08-29,august,Reefer,749.4,1647.96,1662.1218169358576,1621.584099843838,1641.8529583898478,6.107041610152237
TR-038184,2025-08-29,august,Dry Van,1881.2,3711.01,3726.3132815713966,3700.6622197649403,3713.4877506681687,2.4777506681684827
TR-038185,2025-08-29,august,Dry Van,317.5,766.72,767.2788877710083,757.4399945784753,762.3594411747417,4.360558825258295
TR-038186,2025-08-29,august,Reefer,1329.8,2915.5,2884.308767762805,2930.7321082438475,2907.5204380033265,7.97956199667351
TR-038187,2025-08-29,august,Dry Van,671.0,1453.84,1429.6037440414107,1397.893545641777,1413.748644841594,40.09135515840603
TR-038188,2025-08-29,august,Flatbed,343.0,845.78,832.8416940046313,871.1154247153997,851.9785593600155,6.198559360015565
TR-038189,2025-08-29,august,Flatbed,2174.5,4283.63,4270.851872623561,4275.241643269283,4273.046757946422,10.583242053578033
TR-038190,2025-08-29,august,Flatbed,1168.3,2595.65,2410.3125572733293,2431.939555412515,2421.1260563429223,174.52394365707778
TR-038191,2025-08-30,august,Dry Van,754.3,1537.18,1477.4428793518625,1500.009805176811,1488.7263422643368,48.45365773566323
TR-038192,2025-08-30,august,Dry Van,591.0,1284.09,1306.1647035017706,1276.6928507057821,1291.4287771037764,7.338777103776465
TR-038193,2025-08-30,august,Dry Van,1357.4,2640.74,2479.1856104946078,2615.279553290059,2547.2325818923337,93.50741810766613
TR-038194,2025-08-30,august,Reefer,665.3,1557.32,1529.040876324563,1475.7191062498932,1502.3799912872282,54.940008712771714
TR-038195,2025-08-30,august,Dry Van,2264.1,4117.4,4249.55239184628,4155.84870778754,4202.70054981691,85.30054981691046
TR-038196,2025-08-30,august,Dry Van,864.0,1675.95,1647.8690042505,1662.6004278298296,1655.2347160401648,20.715283959835233
TR-038197,2025-08-30,august,Reefer,1018.6,2412.8,2336.6702477378117,2418.920636357488,2377.79544204765,35.0045579523503
TR-038198,2025-08-30,august,Reefer,969.1,2242.61,2202.206780473224,2288.647657155862,2245.4272188145433,2.817218814543139
TR-038199,2025-08-30,august,Dry Van,635.6,1291.48,1287.954024286424,1272.1862369246612,1280.0701306055425,11.409869394457473
TR-038200,2025-08-30,august,Flatbed,331.3,812.63,765.6526468503577,839.7433189781345,802.697982914246,9.932017085753955
TR-038201,2025-08-30,august,Dry Van,1217.4,2332.23,2403.8536116989103,2358.086029012293,2380.9698203556018,48.73982035560175
TR-038202,2025-08-30,august,Dry Van,939.4,1788.42,1791.452513918088,1796.8833834019804,1794.1679486600342,5.747948660034126
TR-038203,2025-08-30,august,Flatbed,910.9,1988.34,1889.9291296234603,1839.72558138688,1864.82735550517,123.51264449482983
TR-038204,2025-08-30,august,Dry Van,1553.0,2919.33,3072.137624951714,2990.5973683361503,3031.367496643932,112.03749664393217
TR-038205,2025-08-30,august,Reefer,3086.5,6012.08,5973.920032880271,6039.511306465586,6006.715669672929,5.364330327071002
TR-038206,2025-08-30,august,Flatbed,320.1,835.19,786.5607762249938,872.475646876864,829.5182115509289,5.671788449071187
TR-038207,2025-08-30,august,Dry Van,2510.7,4356.01,4417.216077471156,4379.415422040591,4398.315749755873,42.30574975587297
TR-038208,2025-08-30,august,Dry Van,945.1,1916.36,1923.9083889908834,1960.0242270960998,1941.9663080434916,25.60630804349171
TR-038209,2025-08-30,august,Flatbed,1253.3,2862.05,2667.8299073590647,2692.7211873374304,2680.2755473482475,181.77445265175265
TR-038210,2025-08-30,august,Reefer,809.7,1848.53,1770.300968329224,1845.6487826657067,1807.9748754974653,40.55512450253468
TR-038211,2025-08-30,august,Reefer,886.5,2041.37,1979.9876119122519,2002.6933103184151,1991.3404611153335,50.02953888466641
TR-038212,2025-08-30,august,Dry Van,2515.5,4580.65,4579.864816007888,4591.943664641257,4585.904240324573,5.254240324573402
TR-038213,2025-08-30,august,Dry Van,282.4,610.03,606.3587531418138,611.9213190680775,609.1400361049457,0.8899638950542794
TR-038214,2025-08-30,august,Flatbed,580.5,1402.53,1292.996116058221,1310.277903254158,1301.6370096561895,100.89299034381042
TR-038215,2025-08-30,august,Reefer,1602.6,3437.47,3445.5270801900997,3469.229405707559,3457.378242948829,19.90824294882941
TR-038216,2025-08-30,august,Flatbed,1316.1,2926.22,2820.6802035201026,2824.6544883153592,2822.667345917731,103.55265408226887
TR-038217,2025-08-30,august,Reefer,1639.5,3567.51,3473.495735581675,3606.911785295222,3540.2037604384486,27.306239561551592
TR-038218,2025-08-30,august,Reefer,791.3,1888.29,1796.2878954558776,1682.747992373018,1739.5179439144476,148.77205608555232
TR-038219,2025-08-30,august,Dry Van,427.1,969.71,951.8687174239482,950.9545023546311,951.4116098892896,18.298390110710443
TR-038220,2025-08-30,august,Flatbed,414.3,1002.84,964.4254679612968,1026.6052232712343,995.5153456162656,7.324654383734469
TR-038221,2025-08-30,august,Reefer,2426.4,4628.63,4503.942867269688,4782.853498542174,4643.39818290593,14.768182905930189
TR-038222,2025-08-30,august,Dry Van,2425.3,4158.93,4368.679356439045,4297.986181191291,4333.332768815168,174.4027688151673
TR-038223,2025-08-30,august,Reefer,512.8,1298.2,1291.3297948542668,1276.3782554095153,1283.854025131891,14.345974868109124
TR-038224,2025-08-30,august,Reefer,1936.0,4150.04,4118.631062938635,4176.8458928821,4147.738477910368,2.3015220896322717
TR-038225,2025-08-30,august,Dry Van,319.7,794.7,757.3425484169746,804.5750643786068,780.9588063977908,13.74119360220925
TR-038226,2025-08-30,august,Dry Van,745.0,1559.92,1575.380285638537,1579.5271284788234,1577.4537070586803,17.533707058680193
TR-038227,2025-08-30,august,Flatbed,527.4,1210.11,1187.294721720476,1171.8363812526222,1179.565551486549,30.54444851345079
TR-038228,2025-08-30,august,Dry Van,1523.3,2845.92,2931.8382062523146,2940.891671647287,2936.3649389498005,90.44493894980042
TR-038229,2025-08-30,august,Dry Van,289.5,707.81,704.0055780844301,719.8995114779982,711.9525447812141,4.142544781214156
TR-038230,2025-08-30,august,Flatbed,1850.3,3624.6,3499.328632161582,3709.5883222783104,3604.458477219946,20.141522780053947
TR-038231,2025-08-30,august,Dry Van,1614.9,3147.85,3214.332546198941,3184.600214161586,3199.4663801802635,51.616380180263604
TR-038232,2025-08-30,august,Dry Van,1859.9,3550.67,3730.3884968808393,3513.8590997644196,3622.123798322629,71.45379832262915
TR-038233,2025-08-30,august,Dry Van,661.9,1395.48,1303.5184765063523,1350.1622312186241,1326.8403538624882,68.63964613751182
TR-038234,2025-08-30,august,Dry Van,123.2,317.92,309.4412550431749,344.3986173833291,326.919936213252,8.999936213251999
TR-038235,2025-08-30,august,Reefer,414.7,1050.91,1025.1683806585495,1051.9269836926192,1038.5476821755842,12.362317824415868
TR-038236,2025-08-30,august,Dry Van,920.0,1754.69,1766.4458819834956,1763.6721432269826,1765.059012605239,10.36901260523905
TR-038237,2025-08-30,august,Dry Van,483.0,927.54,970.8501128640228,1002.7511971769115,986.8006550204672,59.2606550204672
TR-038238,2025-08-30,august,Dry Van,342.2,846.04,809.04075868973,835.7902754184299,822.4155170540799,23.624482945920022
TR-038239,2025-08-30,august,Dry Van,850.6,1733.62,1720.846518471998,1722.114626178549,1721.4805723252734,12.139427674726448
TR-038240,2025-08-30,august,Dry Van,286.7,741.41,678.3894901837887,778.8755059917089,728.6324980877488,12.777501912251182
TR-038241,2025-08-30,august,Dry Van,238.6,573.04,562.9332588633148,566.5717297539331,564.7524943086239,8.287505691376055
TR-038242,2025-08-30,august,Dry Van,406.4,891.99,929.2354191072535,883.899969991578,906.5676945494158,14.57769454941581
TR-038243,2025-08-30,august,Dry Van,330.1,144.92,709.7739777198667,757.8104372650103,733.7922074924385,588.8722074924385
TR-038244,2025-08-30,august,Dry Van,1235.6,2511.08,2402.6730040706575,2369.2492274400197,2385.9611157553386,125.11888424466133
TR-038245,2025-08-30,august,Reefer,1034.2,2263.98,2309.628110762611,2282.7464548242683,2296.1872827934394,32.20728279343939
TR-038246,2025-08-30,august,Reefer,2176.4,4283.8,4379.158312500484,4358.5969761275655,4368.877644314025,85.07764431402484
TR-038247,2025-08-30,august,Reefer,1105.4,2413.56,2424.747777916204,2438.448918657734,2431.5983482869688,18.038348286968812
TR-038248,2025-08-30,august,Dry Van,1320.8,2568.36,2574.4502355989316,2540.113404941107,2557.281820270019,11.078179729981002
TR-038249,2025-08-30,august,Dry Van,618.0,1351.11,1318.286369021974,1357.5645001744501,1337.9254345982122,13.184565401787722
TR-038250,2025-08-30,august,Dry Van,1247.0,2529.62,2638.9394760808177,2531.036930722921,2584.988203401869,55.36820340186932
TR-038251,2025-08-30,august,Flatbed,1162.3,2551.04,2338.7062575139244,2414.709166166323,2376.707711840124,174.33228815987604
TR-038252,2025-08-30,august,Flatbed,422.1,1001.31,956.9675460424291,996.5568007267645,976.7621733845968,24.547826615403096
TR-038253,2025-08-30,august,Dry Van,2635.4,4638.53,4717.746376801907,4849.62565001893,4783.686013410419,145.1560134104193
TR-038254,2025-08-30,august,Flatbed,1634.9,3311.2,2958.0561166439606,3252.5675937873116,3105.311855215636,205.8881447843637
TR-038255,2025-08-30,august,Dry Van,871.7,1747.5,1777.3478386142651,1748.573372440365,1762.960605527315,15.46060552731501
TR-038256,2025-08-30,august,Dry Van,2726.7,4680.78,4853.619397369181,4944.914447018767,4899.266922193974,218.48692219397435
TR-038257,2025-08-30,august,Reefer,2000.9,4209.65,4175.420734682487,4148.814205511499,4162.117470096993,47.532529903006434
TR-038258,2025-08-30,august,Reefer,1237.8,2558.26,2654.7965915619625,2547.5041410328504,2601.1503662974064,42.89036629740622
TR-038259,2025-08-30,august,Dry Van,1630.6,3239.62,3268.607272229741,3240.128316229305,3254.3677942295226,14.747794229522697
TR-038260,2025-08-30,august,Flatbed,3146.7,6127.24,5866.024641393006,6202.435700520665,6034.2301709568355,93.00982904316425
TR-038261,2025-08-30,august,Dry Van,547.5,1162.14,1113.427893163468,1142.9141817829598,1128.1710374732138,33.9689625267863
TR-038262,2025-08-30,august,Flatbed,1110.8,2335.37,2437.395358184225,2326.239059613435,2381.8172088988304,46.44720889883047
TR-038263,2025-08-30,august,Flatbed,1282.3,2738.82,2757.8193592519924,2617.2651866617534,2687.5422729568727,51.27772704312747
TR-038264,2025-08-30,august,Dry Van,2367.6,4183.92,4359.33399871449,4245.089814274844,4302.211906494667,118.29190649466727
TR-038265,2025-08-30,august,Dry Van,1005.1,1877.94,1912.506214085785,1988.9361023382542,1950.7211582120194,72.78115821201936
TR-038266,2025-08-30,august,Reefer,260.7,709.82,677.7149376433708,684.6211837928645,681.1680607181177,28.65193928188239
TR-038267,2025-08-30,august,Dry Van,1906.8,3502.5,3722.431421166715,3579.338990481684,3650.8852058241996,148.3852058241996
TR-038268,2025-08-30,august,Dry Van,1674.7,3177.86,3249.519268936972,3290.258627397369,3269.8889481671704,92.02894816717026
TR-038269,2025-08-30,august,Reefer,902.2,1991.79,2010.6254089895017,1932.9566690858983,1971.7910390377,19.99896096229986
TR-038270,2025-08-30,august,Flatbed,2673.3,4940.91,5026.385016318302,4936.569576272355,4981.477296295328,40.56729629532856
TR-038271,2025-08-30,august,Dry Van,720.8,1586.21,1549.2045920086352,1556.900838803449,1553.0527154060421,33.15728459395791
TR-038272,2025-08-30,august,Dry Van,594.4,1289.22,1272.3724783922135,1260.3684319909444,1266.370455191579,22.849544808421115
TR-038273,2025-08-30,august,Flatbed,928.8,1965.8,1939.082364538062,1942.9718431507697,1941.0271038444157,24.77289615558425
TR-038274,2025-08-30,august,Reefer,301.1,854.24,795.765471896478,838.9712205953838,817.3683462459309,36.87165375406914
TR-038275,2025-08-30,august,Dry Van,1936.1,3537.46,3771.329797454538,3704.3615426897377,3737.845670072138,200.38567007213805
TR-038276,2025-08-30,august,Flatbed,1675.0,3456.86,3446.0844081191462,3408.412236128419,3427.2483221237826,29.611677876217527
TR-038277,2025-08-30,august,Dry Van,2091.6,3977.4,4007.698232032497,3997.3078504193363,4002.5030412259166,25.103041225916513
TR-038278,2025-08-30,august,Reefer,901.5,1909.86,1874.0776884673555,1865.9910493150417,1870.0343688911985,39.82563110880142
TR-038279,2025-08-30,august,Flatbed,2026.0,3743.08,3959.31765905989,3941.5969204091944,3950.4572897345424,207.3772897345425
TR-038280,2025-08-30,august,Dry Van,2120.0,3975.76,4023.564213435098,4044.3981974614967,4033.9812054482973,58.22120544829704
TR-038281,2025-08-30,august,Dry Van,1588.8,2980.73,3107.355127050722,3043.161799882294,3075.258463466508,94.52846346650813
TR-038282,2025-08-30,august,Dry Van,82.7,222.11,238.8668903945355,291.53467821535264,265.2007843049441,43.090784304944066
TR-038283,2025-08-30,august,Reefer,585.8,1469.79,1421.6984971462605,1392.9720489038461,1407.3352730250533,62.45472697494665
TR-038284,2025-08-30,august,Reefer,1948.9,4252.82,4188.697752784803,4208.687016941601,4198.692384863201,54.12761513679834
TR-038285,2025-08-30,august,Dry Van,754.9,1605.29,1817.0415683573199,1779.6555107924046,1798.3485395748621,193.05853957486215
TR-038286,2025-08-30,august,Dry Van,1874.9,3421.38,3659.8544055752163,3524.843518097463,3592.3489618363396,170.96896183633953
TR-038287,2025-08-30,august,Dry Van,1333.4,2482.39,2607.30706907227,2505.5477988366633,2556.427433954467,74.0374339544669
TR-038288,2025-08-30,august,Dry Van,1925.8,3508.42,3523.7246905527127,3448.0079356791693,3485.866313115941,22.55368688405906
TR-038289,2025-08-30,august,Dry Van,2249.7,3922.75,4181.911364512334,4117.694361540354,4149.802863026344,227.0528630263443
TR-038290,2025-08-30,august,Reefer,771.9,1919.72,1812.030459407305,1778.2036933187017,1795.1170763630034,124.6029236369966
TR-038291,2025-08-30,august,Flatbed,706.4,1637.17,1542.7213588714947,1565.5501099681787,1554.1357344198368,83.03426558016326
TR-038292,2025-08-30,august,Reefer,305.3,780.67,765.8731147869553,809.897136414663,787.8851256008091,7.215125600809188
TR-038293,2025-08-30,august,Flatbed,1733.4,3545.01,3507.103811825982,3478.2886936017485,3492.6962527138653,52.31374728613491
TR-038294,2025-08-30,august,Flatbed,310.6,801.44,779.4534005874618,830.694089779638,805.0737451835499,3.633745183549877
TR-038295,2025-08-30,august,Reefer,1411.9,3153.81,3108.5057689034584,3111.885321222099,3110.1955450627784,43.61445493722158
TR-038296,2025-08-30,august,Dry Van,671.6,1425.21,1559.5557319570999,1461.3543920907596,1510.4550620239297,85.24506202392968
TR-038297,2025-08-30,august,Reefer,395.4,1076.3,994.1904179283372,1076.33847796611,1035.2644479472237,41.03555205277621
TR-038298,2025-08-30,august,Dry Van,2378.8,4388.14,4442.6401832371575,4396.3190737357,4419.479628486429,31.33962848642841
TR-038299,2025-08-30,august,Dry Van,816.3,1579.71,1565.8884924437377,1599.8196567179768,1582.8540745808573,3.14407458085725
TR-038300,2025-08-30,august,Reefer,784.2,1772.91,1951.5262580374608,1877.7882832200382,1914.6572706287495,141.74727062874945
TR-038301,2025-08-30,august,Reefer,297.8,810.88,762.9736651103661,811.2776005876663,787.1256328490163,23.75436715098374
TR-038302,2025-08-30,august,Dry Van,1723.4,3223.23,3389.9530256684557,3277.3414181962726,3333.647221932364,110.4172219323641
TR-038303,2025-08-30,august,Flatbed,1114.0,2236.78,2338.9743341037624,2255.6220195740716,2297.2981768389172,60.51817683891704
TR-038304,2025-08-30,august,Dry Van,1310.0,2506.35,2606.5970406604783,2562.6013943369717,2584.599217498725,78.2492174987251
TR-038305,2025-08-30,august,Flatbed,1085.1,2323.16,2438.9253517367642,2302.5257123696024,2370.725532053183,47.56553205318323
TR-038306,2025-08-30,august,Dry Van,1025.4,2073.43,2048.513742458995,2101.696431261667,2075.1050868603306,1.6750868603307936
TR-038307,2025-08-30,august,Dry Van,586.6,1270.61,1260.212799361328,1290.3727287371594,1275.2927640492437,4.682764049243815
TR-038308,2025-08-30,august,Dry Van,2218.2,4162.88,4134.853292623721,4103.557337986598,4119.20531530516,43.674684694839925
TR-038309,2025-08-30,august,Dry Van,697.4,551.31,1453.1617605327333,1431.6035156528987,1442.382638092816,891.0726380928161
TR-038310,2025-08-30,august,Dry Van,960.3,2044.34,2012.4836487153307,2011.979266420862,2012.2314575680962,32.10854243190374
TR-038311,2025-08-30,august,Dry Van,1601.4,2999.26,3129.6760596247645,3162.872740055053,3146.2743998399087,147.0143998399085
TR-038312,2025-08-30,august,Dry Van,353.8,836.07,825.4290393051483,837.6785072211073,831.5537732631278,4.516226736872227
TR-038313,2025-08-30,august,Dry Van,1134.3,2206.24,2269.7724946410262,2209.572629872069,2239.6725622565473,33.4325622565475
TR-038314,2025-08-30,august,Flatbed,720.5,1535.9,1504.9603890110923,1513.6938238431762,1509.3271064271344,26.572893572865723
TR-038315,2025-08-30,august,Dry Van,785.5,1567.67,1548.884376166498,1588.5560988064838,1568.720237486491,1.0502374864909143
TR-038316,2025-08-30,august,Reefer,874.2,2069.16,1927.3126113288868,1864.4715924142351,1895.892101871561,173.2678981284389
TR-038317,2025-08-30,august,Dry Van,1669.5,3016.58,3283.8513752583485,3086.6078731559933,3185.2296242071707,168.64962420717075
TR-038318,2025-08-30,august,Reefer,918.5,1997.86,1972.2476811646668,2036.296287548091,2004.2719843563789,6.41198435637898
TR-038319,2025-08-30,august,Flatbed,1667.3,3483.44,3580.268103261746,3491.4946811295495,3535.881392195648,52.44139219564795
TR-038320,2025-08-30,august,Flatbed,1369.7,2983.43,2906.3177775733625,2936.2664568462287,2921.292117209796,62.137882790204
TR-038321,2025-08-30,august,Dry Van,1234.2,2511.74,2517.489510845623,2372.712863368919,2445.101187107271,66.63881289272877
TR-038322,2025-08-30,august,Reefer,2251.9,4600.11,4527.211629171752,4640.7280799672935,4583.969854569523,16.140145430476878
TR-038323,2025-08-30,august,Dry Van,1313.1,2546.13,2613.5094968267335,2609.125561319859,2611.317529073296,65.18752907329599
TR-038324,2025-08-30,august,Reefer,679.6,1762.17,1631.5606348466317,1705.761704791977,1668.6611698193044,93.50883018069567
TR-038325,2025-08-30,august,Reefer,1012.4,2236.94,2364.0042228712696,2310.856153349926,2337.4301881105976,100.4901881105975
TR-038326,2025-08-30,august,Flatbed,2107.2,4206.68,3985.8268906252642,4154.977625271252,4070.402257948258,136.27774205174228
TR-038327,2025-08-30,august,Reefer,2105.7,4288.11,4248.228560263946,4257.929315545006,4253.078937904476,35.03106209552334
TR-038328,2025-08-30,august,Reefer,1291.8,2881.95,2786.8382659701474,2746.266842095991,2766.552554033069,115.39744596693072
TR-038329,2025-08-30,august,Dry Van,1978.9,1501.74,3734.263969314915,3842.7418566057163,3788.5029129603154,2286.7629129603156
TR-038330,2025-08-30,august,Flatbed,1235.1,2578.73,2642.1519687045597,2588.2957452887667,2615.223856996663,36.493856996663
TR-038331,2025-08-31,august,Reefer,1449.1,3233.75,3166.5628682428737,3212.206180482359,3189.3845243626165,44.3654756373835
TR-038332,2025-08-31,august,Dry Van,312.9,698.09,691.5083258717494,700.5114132086362,696.0098695401928,2.0801304598072647
TR-038333,2025-08-31,august,Flatbed,750.5,1671.41,1619.7016776739308,1676.2494544905524,1647.9755660822416,23.434433917758497
TR-038334,2025-08-31,august,Dry Van,834.2,1727.0,1701.0763171647732,1735.5259178558501,1718.3011175103115,8.698882489688458
TR-038335,2025-08-31,august,Flatbed,2734.3,5012.22,5129.064740038357,5302.563645188572,5215.814192613465,203.59419261346466
TR-038336,2025-08-31,august,Dry Van,172.3,454.17,449.20049403090223,510.08783952845897,479.64416677968063,25.474166779680615
TR-038337,2025-08-31,august,Dry Van,1751.1,3354.9,3441.7079242023524,3349.2537936056133,3395.480858903983,40.58085890398297
TR-038338,2025-08-31,august,Dry Van,1305.0,2461.86,2603.1543080372135,2476.6617647378825,2539.9080363875482,78.04803638754811
TR-038339,2025-08-31,august,Reefer,329.7,854.42,808.4319446633602,840.6861795767031,824.5590621200317,29.86093787996822
TR-038340,2025-08-31,august,Dry Van,2069.3,3475.31,3882.571206502798,3620.9545009557824,3751.7628537292903,276.4528537292904
TR-038341,2025-08-31,august,Dry Van,707.1,1510.17,1424.07291846381,1480.3647666189518,1452.218842541381,57.951157458619036
TR-038342,2025-08-31,august,Flatbed,2656.2,4870.06,4836.467922033941,4999.273875405061,4917.8708987195005,47.810898719500074
TR-038343,2025-08-31,august,Dry Van,414.1,907.84,894.7992657151614,915.5643160152588,905.1817908652101,2.6582091347898995
TR-038344,2025-08-31,august,Flatbed,2159.1,4140.64,4149.363681888794,4107.205067441246,4128.28437466502,12.355625334980687
TR-038345,2025-08-31,august,Dry Van,175.1,449.49,440.61503768943686,452.8862430292306,446.7506403593337,2.7393596406662937
TR-038346,2025-08-31,august,Dry Van,1014.7,2027.8,1942.2367984295845,1988.3023504051264,1965.2695744173554,62.53042558264451
TR-038347,2025-08-31,august,Reefer,816.4,1939.87,1880.0466491804839,1824.9313273731166,1852.4889882768002,87.38101172319966
TR-038348,2025-08-31,august,Reefer,1426.7,3038.18,3037.5308830831978,2976.08821809684,3006.809550590019,31.370449409980665
TR-038349,2025-08-31,august,Reefer,2131.5,4459.97,4350.519359474893,4419.751485686032,4385.135422580463,74.83457741953771
TR-038350,2025-08-31,august,Dry Van,278.9,717.91,677.8531439096371,711.1355195620113,694.4943317358242,23.415668264175793
TR-038351,2025-08-31,august,Dry Van,462.9,985.38,968.6128555036502,973.9731685433915,971.2930120235208,14.086987976479236
TR-038352,2025-08-31,august,Reefer,2079.1,4204.85,4134.574670615051,4166.957916641999,4150.766293628525,54.08370637147527
TR-038353,2025-08-31,august,Flatbed,783.0,1697.78,1628.8943593099318,1684.8390978424118,1656.8667285761717,40.91327142382829
TR-038354,2025-08-31,august,Reefer,816.3,1943.47,1859.6219423353843,1850.5960349062798,1855.108988620832,88.36101137916808
TR-038355,2025-08-31,august,Dry Van,2037.6,3666.12,3759.585922499046,3672.8485552109078,3716.217238854977,50.09723885497715
TR-038356,2025-08-31,august,Reefer,1387.6,2916.24,2889.9626737652543,2867.241523574353,2878.6020986698036,37.6379013301962
TR-038357,2025-08-31,august,Dry Van,674.4,1456.78,1438.8979584678275,1392.1476115948467,1415.5227850313372,41.257214968662765
TR-038358,2025-08-31,august,Flatbed,841.1,1864.32,2000.3929646204663,1936.9643958000981,1968.6786802102822,104.35868021028227
TR-038359,2025-08-31,august,Flatbed,1431.1,2958.21,2676.6315576149273,2850.832494575735,2763.732026095331,194.47797390466894
TR-038360,2025-08-31,august,Dry Van,2385.3,4343.73,4361.666787808791,4483.035229712554,4422.351008760672,78.62100876067234
TR-038361,2025-08-31,august,Dry Van,571.3,1310.33,1256.4284877123132,1290.1200790562234,1273.2742833842683,37.055716615731626
TR-038362,2025-08-31,august,Dry Van,1749.4,3263.99,3430.0328048689657,3356.3608892852644,3393.1968470771153,129.20684707711553
TR-038363,2025-08-31,august,Dry Van,1932.7,3426.22,3582.8882615363755,3520.0407983599493,3551.4645299481626,125.24452994816284
TR-038364,2025-08-31,august,Reefer,804.5,1859.2,1753.763501605116,1723.604067296315,1738.6837844507154,120.51621554928465
TR-038365,2025-08-31,august,Reefer,1063.1,2288.42,2284.5724731481373,2309.392317017705,2296.9823950829214,8.562395082921284
TR-038366,2025-08-31,august,Dry Van,1640.4,3232.28,2951.1716109212125,3001.520398752322,2976.346004836767,255.93399516323325
TR-038367,2025-08-31,august,Flatbed,1273.4,2801.66,2766.2609368851704,2574.6997494252355,2670.4803431552027,131.17965684479714
TR-038368,2025-08-31,august,Dry Van,1192.4,2266.11,2399.1935915622944,2280.215580457262,2339.7045860097783,73.59458600977814
TR-038369,2025-08-31,august,Dry Van,2668.4,4464.52,4607.566469117099,4632.977650610164,4620.2720598636315,155.75205986363108
TR-038370,2025-08-31,august,Dry Van,1895.7,3527.76,3703.7179271779482,3533.046252988877,3618.3820900834125,90.62209008341233
TR-038371,2025-08-31,august,Dry Van,1440.5,2793.3,2772.9177083421932,2789.56907761903,2781.2433929806116,12.056607019388593
TR-038372,2025-08-31,august,Dry Van,1472.6,2844.85,2863.4902559877705,2878.413827314666,2870.952041651218,26.102041651218315
TR-038373,2025-08-31,august,Dry Van,164.4,420.84,429.5583863290307,486.700404763724,458.1293955463774,37.28939554637742
TR-038374,2025-08-31,august,Flatbed,1154.1,2497.8,2635.5362460646875,2497.025344890338,2566.2807954775126,68.4807954775124
TR-038375,2025-08-31,august,Dry Van,752.4,1587.51,1565.452123662913,1572.1615160803158,1568.8068198716144,18.70318012838561
TR-038376,2025-08-31,august,Reefer,835.1,1876.86,1898.541432862728,1867.3065040670376,1882.9239684648828,6.063968464882919
TR-038377,2025-08-31,august,Dry Van,439.9,892.93,900.4409269715123,921.138771651217,910.7898493113646,17.859849311364655
TR-038378,2025-08-31,august,Flatbed,970.8,2089.46,2068.383043380181,2067.2098025516902,2067.7964229659356,21.663577034064474
TR-038379,2025-08-31,august,Reefer,1251.4,2665.95,2747.5444613509017,2572.988112986003,2660.2662871684524,5.683712831547382
TR-038380,2025-08-31,august,Reefer,1027.0,2167.35,2319.348687519008,2256.9436685810783,2288.146178050043,120.79617805004318
TR-038381,2025-08-31,august,Flatbed,1368.7,2952.37,3021.806595640215,3002.365887236201,3012.086241438208,59.71624143820827
TR-038382,2025-08-31,august,Dry Van,2486.3,4309.09,4507.951280533343,4405.202928672824,4456.577104603084,147.48710460308394
TR-038383,2025-08-31,august,Dry Van,247.7,603.33,563.9738802747147,671.678924457975,617.8264023663448,14.496402366344796
TR-038384,2025-08-31,august,Reefer,1012.8,2275.18,2291.3777811257332,2278.099303320226,2284.73854222298,9.558542222980122
TR-038385,2025-08-31,august,Dry Van,2280.6,4238.1,4088.196178130322,4278.693216181726,4183.444697156024,54.65530284397664
TR-038386,2025-08-31,august,Dry Van,441.0,918.32,913.1581961907784,974.9703551666148,944.0642756786966,25.744275678696567
TR-038387,2025-08-31,august,Dry Van,230.8,578.11,547.5584985744273,629.9949335676179,588.7767160710225,10.666716071022506
TR-038388,2025-08-31,august,Dry Van,1490.5,2804.5,2730.4323836138597,2755.9169863825396,2743.1746849981996,61.32531500180039
TR-038389,2025-08-31,august,Dry Van,1240.5,2342.64,2435.267099850346,2297.413466218221,2366.3402830342834,23.70028303428353
TR-038390,2025-08-31,august,Dry Van,1025.8,2146.44,2018.3379414131516,2064.1946064109575,2041.2662739120547,105.1737260879454
TR-038391,2025-08-31,august,Dry Van,1016.4,2009.89,2032.4934219403956,2060.578310258177,2046.5358660992865,36.64586609928642
TR-038392,2025-08-31,august,Reefer,505.3,1278.9,1209.8495145388817,1221.6431020837185,1215.7463083113003,63.15369168869984
TR-038393,2025-08-31,august,Dry Van,2699.1,4801.85,4818.991590528108,4848.200935454359,4833.596262991234,31.74626299123338
TR-038394,2025-08-31,august,Reefer,2267.4,4661.41,4491.011324381421,4620.8184598572525,4555.914892119337,105.49510788066254
TR-038395,2025-08-31,august,Dry Van,410.7,892.65,890.5290420746657,929.1104292227667,909.8197356487162,17.169735648716255
TR-038396,2025-08-31,august,Dry Van,2666.5,4691.77,4688.367611108516,4846.613021489104,4767.49031629881,75.72031629880985
TR-038397,2025-08-31,august,Dry Van,923.6,1837.56,1964.3714423849244,1912.4054638982168,1938.3884531415706,100.82845314157066
TR-038398,2025-08-31,august,Dry Van,880.3,1647.49,1658.8868241828932,1639.8268214042337,1649.3568227935634,1.866822793563415
TR-038399,2025-08-31,august,Reefer,917.4,2063.84,2045.4045327517867,2023.5259322221239,2034.4652324869553,29.374767513044844
TR-038400,2025-08-31,august,Dry Van,350.8,762.75,742.2533308071788,777.9146208343429,760.0839758207609,2.666024179239116
TR-038401,2025-08-31,august,Flatbed,230.6,631.07,601.6203512661714,682.5621882844694,642.0912697753204,11.02126977532032
TR-038402,2025-08-31,august,Dry Van,830.3,1755.35,1705.3596647605718,1707.227705546602,1706.293685153587,49.05631484641299
TR-038403,2025-08-31,august,Flatbed,2331.6,4466.13,4471.650057286203,4615.786959473455,4543.718508379829,77.58850837982845
TR-038404,2025-08-31,august,Reefer,1239.9,2574.99,2480.595221621325,2518.003734364044,2499.2994779926844,75.6905220073154
TR-038405,2025-08-31,august,Dry Van,237.5,576.69,551.8393222087486,572.5799299787543,562.2096260937515,14.480373906248587
TR-038406,2025-08-31,august,Dry Van,1905.4,3685.33,3599.934267001461,3537.7352502240005,3568.834758612731,116.49524138726883
TR-038407,2025-08-31,august,Reefer,1364.7,2851.4,2857.2537261575076,2917.6503214586573,2887.4520238080822,36.05202380808214
TR-038408,2025-08-31,august,Reefer,1305.8,2996.08,2982.3237556928816,2800.7788521841735,2891.551303938528,104.52869606147215
TR-038409,2025-08-31,august,Dry Van,2275.3,4225.72,4251.687299570628,4245.906792998976,4248.7970462848025,23.077046284802236
TR-038410,2025-08-31,august,Reefer,1829.2,3850.74,3707.902580611028,3783.1082332869337,3745.5054069489806,105.23459305101915
TR-038411,2025-08-31,august,Flatbed,529.7,1239.35,1191.1802564150162,1188.8212650657724,1190.0007607403943,49.34923925960561
TR-038412,2025-08-31,august,Flatbed,539.6,1222.86,1221.1313766328956,1206.2558452987337,1213.6936109658145,9.166389034185386
TR-038413,2025-08-31,august,Dry Van,1148.8,2142.98,2010.4864063544399,2054.636246240586,2032.561326297513,110.41867370248701
TR-038414,2025-08-31,august,Dry Van,2165.6,3847.65,4083.490956181162,4026.111699430353,4054.8013278057574,207.15132780575732
TR-038415,2025-08-31,august,Reefer,837.3,1939.02,1893.4121923438743,1891.46521372706,1892.4387030354671,46.58129696453284
TR-038416,2025-08-31,august,Dry Van,966.7,1887.9,1939.5272589362182,1943.8758895909546,1941.7015742635863,53.80157426358619
TR-038417,2025-08-31,august,Reefer,121.0,361.91,335.1075430676366,436.632441085201,385.8699920764188,23.959992076418757
TR-038418,2025-08-31,august,Dry Van,2849.5,5030.28,5031.512963212916,5113.562517256481,5072.5377402346985,42.25774023469876
TR-038419,2025-08-31,august,Flatbed,736.7,1578.38,1546.3023620195215,1591.2655464832894,1568.7839542514055,9.596045748594634
TR-038420,2025-08-31,august,Reefer,811.6,1834.76,1758.5813106289165,1816.4842934348142,1787.5328020318652,47.22719796813476
TR-038421,2025-08-31,august,Dry Van,2735.5,4722.33,4710.854625297779,4969.665581133821,4840.2601032158,117.93010321580005
TR-038422,2025-08-31,august,Dry Van,728.3,1473.29,1457.3087068607235,1496.4090298334554,1476.8588683470894,3.568868347089392
TR-038423,2025-08-31,august,Reefer,255.7,724.88,683.759289956053,779.6349429470417,731.6971164515473,6.817116451547349
TR-038424,2025-08-31,august,Dry Van,978.5,1873.01,1849.8621980573773,1903.9035923863364,1876.8828952218569,3.8728952218568793
TR-038425,2025-08-31,august,Reefer,823.1,1875.26,2108.2256140315462,2102.7454992105513,2105.485556621049,230.225556621049
TR-038426,2025-08-31,august,Dry Van,830.7,1534.18,1615.3255626725227,1542.0220048097212,1578.673783741122,44.49378374112189
TR-038427,2025-08-31,august,Dry Van,479.7,1017.09,994.7725660680817,1047.5696104135254,1021.1710882408036,4.081088240803524
TR-038428,2025-08-31,august,Dry Van,2479.5,4375.08,4390.08266142237,4231.44969370998,4310.7661775661745,64.31382243382541
TR-038429,2025-08-31,august,Dry Van,629.0,1327.08,1317.7177911466458,1295.822378837838,1306.770084992242,20.309915007758036
TR-038430,2025-08-31,august,Dry Van,266.6,611.1,596.1901940811042,656.6486365948681,626.4194153379862,15.319415337986129
TR-038431,2025-08-31,august,Dry Van,843.6,1778.4,1779.192654979031,1745.8798995226416,1762.5362772508363,15.863722749163799
TR-038432,2025-08-31,august,Dry Van,271.4,693.2,649.3774211518291,724.2596455165708,686.8185333342,6.381466665800076
TR-038433,2025-08-31,august,Flatbed,582.4,1374.19,1314.1928893336055,1336.255086895409,1325.2239881145074,48.96601188549266
TR-038434,2025-08-31,august,Reefer,395.9,982.54,917.0844130235153,961.2646594324492,939.1745362279822,43.36546377201773
TR-038435,2025-08-31,august,Dry Van,1879.7,3546.39,3745.4364368302,3561.8303686738827,3653.6334027520415,107.24340275204167
TR-038436,2025-08-31,august,Reefer,1222.2,2473.61,2558.5234157768396,2424.2893225235903,2491.406369150215,17.796369150215014
TR-038437,2025-08-31,august,Reefer,1198.0,2734.79,2755.1828140411717,2610.119903127376,2682.651358584274,52.13864141572594
TR-038438,2025-08-31,august,Dry Van,2451.6,4245.9,4429.098256763382,4460.89450678361,4444.996381773496,199.09638177349643
TR-038439,2025-08-31,august,Dry Van,1534.9,2964.86,3035.0356696394224,2986.151363904398,3010.59351677191,45.73351677190976
TR-038440,2025-08-31,august,Flatbed,1862.9,3704.63,3923.3715493229,3764.7391455029647,3844.0553474129324,139.4253474129323
TR-038441,2025-08-31,august,Reefer,969.2,2148.12,2182.2105024404486,2176.584707473986,2179.3976049572175,31.27760495721759
TR-038442,2025-08-31,august,Dry Van,350.5,805.86,756.4496449659445,809.6106798870217,783.030162426483,22.82983757351701
TR-038443,2025-08-31,august,Reefer,1339.9,3067.56,2937.6486218439377,2888.207131478016,2912.927876660977,154.6321233390231
TR-038444,2025-08-31,august,Flatbed,2297.9,4405.94,4442.504215391383,4417.316055414392,4429.910135402888,23.970135402888445
TR-038445,2025-08-31,august,Reefer,249.1,618.57,618.3534625565864,673.3560467709071,645.8547546637467,27.28475466374664
TR-038446,2025-08-31,august,Dry Van,1077.3,1987.09,2109.6509159472203,2004.3573122590474,2057.004114103134,69.9141141031339
TR-038447,2025-08-31,august,Flatbed,428.5,1021.84,972.7224497817052,973.8966541145455,973.3095519481253,48.530448051874714
TR-038448,2025-08-31,august,Dry Van,169.9,449.12,444.51816360997185,502.33501718031334,473.4265903951426,24.30659039514262
TR-038449,2025-08-31,august,Dry Van,1288.0,2475.36,2574.440848350753,2403.199362415997,2488.820105383375,13.460105383374867
TR-038450,2025-08-31,august,Dry Van,828.9,1770.71,1780.1143980836607,1747.6366319273463,1763.8755150055035,6.834484994496506
TR-038451,2025-08-31,august,Dry Van,1084.2,2007.29,2070.3160046316134,2135.812676130587,2103.0643403811,95.77434038110005
TR-038452,2025-08-31,august,Reefer,546.9,1346.97,1234.7748700605132,1279.2627875371877,1257.0188287988503,89.95117120114969
TR-038453,2025-08-31,august,Reefer,522.7,1282.9,1203.2533502251215,1239.7544112860885,1221.503880755605,61.396119244395095
TR-038454,2025-08-31,august,Dry Van,1228.2,2494.51,2480.3422273961874,2397.4616436868773,2438.901935541532,55.60806445846811
TR-038455,2025-08-31,august,Dry Van,880.3,1869.31,1868.3290916930862,1891.981140461283,1880.1551160771846,10.845116077184684
TR-038456,2025-08-31,august,Flatbed,2274.5,4632.24,4511.18266412524,4523.072548343999,4517.12760623462,115.11239376538015
TR-038457,2025-08-31,august,Dry Van,1746.0,3369.16,3319.067414996728,3289.873902019237,3304.4706585079825,64.68934149201732
TR-038458,2025-08-31,august,Flatbed,591.0,1405.18,1296.3870202296173,1346.1691428933993,1321.2780815615083,83.90191843849175
TR-038459,2025-08-31,august,Dry Van,773.1,1587.4,1612.2107025131165,1540.0142795330814,1576.112491023099,11.287508976901108
TR-038460,2025-08-31,august,Reefer,1352.0,7384.72,2897.219568146794,2951.48438017792,2924.351974162357,4460.3680258376435
TR-038461,2025-08-31,august,Reefer,1064.8,2459.39,2441.394816268042,2435.734681352186,2438.564748810114,20.825251189885876
TR-038462,2025-08-31,august,Reefer,1678.1,3536.58,3449.2261307437575,3494.522567317875,3471.874349030816,64.70565096918381
TR-038463,2025-08-31,august,Flatbed,1041.4,2121.53,2172.7403977005015,2193.9720831898076,2183.3562404451545,61.826240445154326
TR-038464,2025-08-31,august,Dry Van,341.0,894.58,818.8912077681682,858.0142600949212,838.4527339315447,56.127266068455356
TR-038465,2025-08-31,august,Dry Van,465.6,1038.53,1035.7708363214554,1025.7864502933703,1030.778643307413,7.751356692587024
TR-038466,2025-08-31,august,Reefer,944.3,2040.45,1944.9242522450752,2025.356044202551,1985.140148223813,55.30985177618709
TR-038467,2025-08-31,august,Flatbed,339.8,890.49,827.0116925410011,911.5193522455734,869.2655223932873,21.224477606712753
TR-038468,2025-08-31,august,Flatbed,279.2,699.48,671.2158386870249,728.9657889442105,700.0908138156177,0.6108138156176892
TR-038469,2025-08-31,august,Flatbed,820.5,1856.32,1745.52945629209,1814.2073107822025,1779.8683835371462,76.45161646285374
TR-038470,2025-08-31,august,Dry Van,70.0,214.48,249.32286584260578,295.11311845249566,272.2179921475507,57.73799214755073
TR-038471,2025-08-31,august,Dry Van,2077.8,3899.95,3953.209994443711,3982.878121721278,3968.0440580824943,68.09405808249448
TR-038472,2025-08-31,august,Reefer,2373.9,4945.76,4903.64363368326,4941.691541506875,4922.667587595068,23.092412404932475
TR-038473,2025-08-31,august,Flatbed,1528.7,3057.86,3057.8203219480806,3070.0975741975817,3063.958948072831,6.098948072830808
TR-038474,2025-08-31,august,Flatbed,1194.3,2322.2,2206.985213842228,2279.580169411732,2243.28269162698,78.91730837301975
TR-038475,2025-08-31,august,Flatbed,777.4,1636.72,1632.3095687931536,1644.6900165490251,1638.4997926710894,1.7797926710893535
TR-038476,2025-08-31,august,Dry Van,1343.8,2591.36,2687.8604003688115,2695.609638546458,2691.7350194576347,100.37501945763461
TR-038477,2025-08-31,august,Dry Van,1860.2,3365.56,3731.5686946478063,3575.9867248768805,3653.7777097623434,288.2177097623435
