load_id,date,fold,equipment,distance,actual_rate,lightgbm_prediction,catboost_prediction,ensemble_prediction,absolute_error
TR-043148,2025-10-01,october,Dry Van,2211.8,4001.45,4184.16216407544,4160.412868017092,4172.287516046266,170.8375160462665
TR-043149,2025-10-01,october,Dry Van,1244.7,2466.25,2558.271328740588,2507.288616204174,2532.779972472381,66.5299724723809
TR-043150,2025-10-01,october,Reefer,1083.9,2526.28,2418.0730713074604,2505.5363083350185,2461.8046898212397,64.47531017876054
TR-043151,2025-10-01,october,Reefer,605.5,1518.22,1478.164458793059,1471.9501467402588,1475.057302766659,43.16269723334108
TR-043152,2025-10-01,october,Dry Van,1663.3,2999.76,3236.9423775635705,3212.9902768649217,3224.966327214246,225.2063272142459
TR-043153,2025-10-01,october,Dry Van,780.4,1704.26,1664.9367950521498,1684.108287140683,1674.5225410964163,29.73745890358373
TR-043154,2025-10-01,october,Reefer,216.5,605.83,618.3570485721683,590.6714902592382,604.5142694157032,1.3157305842968299
TR-043155,2025-10-01,october,Dry Van,520.5,1176.88,1141.1682986392107,1143.872827709842,1142.5205631745264,34.35943682547372
TR-043156,2025-10-01,october,Dry Van,987.8,1900.8,1910.7737004720175,1996.130856157613,1953.4522783148152,52.65227831481525
TR-043157,2025-10-01,october,Dry Van,945.3,1914.59,1975.596456841228,1951.35293734808,1963.474697094654,48.88469709465403
TR-043158,2025-10-01,october,Reefer,479.1,1223.46,1199.6698032597544,1172.285259296887,1185.9775312783208,37.4824687216792
TR-043159,2025-10-01,october,Flatbed,857.4,1941.22,1859.2416312556259,1950.589932895361,1904.9157820754936,36.304217924506474
TR-043160,2025-10-01,october,Reefer,917.8,2156.97,2087.8100663832165,2097.193680352531,2092.5018733678735,64.46812663212631
TR-043161,2025-10-01,october,Dry Van,2203.9,4262.62,4356.232842137705,4359.2390539838225,4357.735948060764,95.11594806076391
TR-043162,2025-10-01,october,Dry Van,639.4,1430.05,1412.3716378815236,1408.5028184451476,1410.4372281633355,19.61277183666448
TR-043163,2025-10-01,october,Dry Van,2754.3,4744.55,5045.346913241196,4956.857154517915,5001.102033879555,256.552033879555
TR-043164,2025-10-01,october,Dry Van,931.0,2022.34,1979.3674778846566,1952.802426664603,1966.0849522746298,56.255047725370105
TR-043165,2025-10-01,october,Flatbed,1373.6,2990.31,2932.9560623138173,3033.953217453174,2983.4546398834955,6.855360116504471
TR-043166,2025-10-01,october,Reefer,399.8,982.16,988.2534860172473,939.4976010109281,963.8755435140877,18.2844564859123
TR-043167,2025-10-01,october,Reefer,415.8,1023.56,1034.191202781539,1007.774932599848,1020.9830676906935,2.5769323093064713
TR-043168,2025-10-01,october,Reefer,1278.8,2873.9,2853.997644458957,2882.3887544878608,2868.1931994734086,5.706800526591451
TR-043169,2025-10-01,october,Flatbed,2049.6,4042.16,4408.98576456862,4408.203164889486,4408.594464729053,366.4344647290527
TR-043170,2025-10-01,october,Reefer,246.4,712.29,691.5012684877171,656.9974297126384,674.2493491001778,38.04065089982214
TR-043171,2025-10-01,october,Dry Van,884.2,1794.49,1792.4268787153471,1837.0187266596251,1814.7228026874861,20.232802687486128
TR-043172,2025-10-01,october,Flatbed,3014.7,5589.34,5885.418630775178,5954.579865598724,5919.99924818695,330.6592481869502
TR-043173,2025-10-01,october,Flatbed,998.5,2086.11,2150.060658611174,2161.5863832598275,2155.8235209355007,69.71352093550058
TR-043174,2025-10-01,october,Dry Van,242.5,579.08,581.1826087558718,566.4355154873047,573.8090621215882,5.270937878411814
TR-043175,2025-10-01,october,Dry Van,449.7,974.24,980.9991080407182,987.5267519334943,984.2629299871062,10.022929987106181
TR-043176,2025-10-01,october,Flatbed,282.2,755.24,735.8859165938994,746.965850876788,741.4258837353436,13.814116264656377
TR-043177,2025-10-01,october,Flatbed,884.8,2004.9,1943.8362640607322,1991.3206207177889,1967.5784423892605,37.321557610739546
TR-043178,2025-10-01,october,Dry Van,1022.5,2015.6,1982.7669002798236,2073.174184247293,2027.9705422635584,12.370542263558491
TR-043179,2025-10-01,october,Flatbed,378.6,906.83,934.813118293768,916.0292561340682,925.4211872139181,18.591187213918033
TR-043180,2025-10-01,october,Flatbed,2336.6,4627.89,4865.201645184605,4912.68453740352,4888.9430912940625,261.05309129406214
TR-043181,2025-10-01,october,Dry Van,777.6,1500.39,1554.420188479326,1571.942419416311,1563.1813039478184,62.79130394781828
TR-043182,2025-10-01,october,Dry Van,277.8,628.71,651.9573668230845,613.3970312315992,632.6771990273419,3.9671990273418487
TR-043183,2025-10-01,october,Reefer,764.2,1789.15,1760.5520607829906,1706.2449036886978,1733.3984822358443,55.75151776415578
TR-043184,2025-10-01,october,Dry Van,589.6,1184.39,1217.1705428829032,1218.6685437360406,1217.919543309472,33.52954330947182
TR-043185,2025-10-01,october,Reefer,548.4,6477.13,1266.8284065780113,1275.767556035164,1271.2979813065876,5205.8320186934125
TR-043186,2025-10-01,october,Flatbed,684.8,1498.58,1501.40452708899,1571.0181385883864,1536.2113328386881,37.631332838688195
TR-043187,2025-10-01,october,Reefer,244.7,757.75,698.0601612191693,708.7159654363065,703.3880633277379,54.36193667226212
TR-043188,2025-10-01,october,Dry Van,993.2,2022.07,2058.0538392434205,2061.758957325557,2059.9063982844887,37.83639828448872
TR-043189,2025-10-01,october,Dry Van,650.6,1372.49,1377.5898105977087,1389.32406713726,1383.4569388674845,10.966938867484487
TR-043190,2025-10-01,october,Dry Van,461.0,1000.3,1034.9370808979215,1039.1081553446777,1037.0226181212997,36.722618121299774
TR-043191,2025-10-01,october,Dry Van,562.0,1206.96,1196.3520338884011,1214.946998247368,1205.6495160678846,1.3104839321154031
TR-043192,2025-10-01,october,Dry Van,470.7,1133.3,1096.4298784907874,1077.78333174245,1087.1066051166185,46.193394883381416
TR-043193,2025-10-01,october,Flatbed,2273.8,4333.35,4584.287466409334,4604.977523938622,4594.632495173978,261.2824951739776
TR-043194,2025-10-01,october,Dry Van,1273.2,2647.58,2703.580062265069,2712.858603281028,2708.2193327730483,60.63933277304841
TR-043195,2025-10-01,october,Dry Van,495.9,1100.57,1095.0497903231158,1095.7196360588564,1095.384713190986,5.18528680901386
TR-043196,2025-10-01,october,Flatbed,758.8,1733.31,1712.5331951163582,1730.2368640412487,1721.3850295788034,11.924970421196576
TR-043197,2025-10-01,october,Reefer,2051.9,4360.08,4399.740574368151,4506.615211802479,4453.177893085315,93.09789308531526
TR-043198,2025-10-01,october,Dry Van,597.4,1310.24,1305.5507243145196,1306.2000301619591,1305.8753772382393,4.3646227617607565
TR-043199,2025-10-01,october,Dry Van,3035.7,5448.66,5575.839068790169,5685.541711293494,5630.690390041831,182.0303900418312
TR-043200,2025-10-01,october,Dry Van,210.1,572.62,597.09182170154,574.9714359491952,586.0316288253675,13.41162882536753
TR-043201,2025-10-01,october,Dry Van,1471.5,2839.21,2925.708165248302,2901.7010596744635,2913.7046124613826,74.49461246138253
TR-043202,2025-10-01,october,Dry Van,463.4,1033.26,1029.190198424441,1012.0968840275324,1020.6435412259866,12.616458774013381
TR-043203,2025-10-01,october,Dry Van,1010.9,1986.82,1979.5835781209107,2041.9928885941854,2010.788233357548,23.968233357548115
TR-043204,2025-10-01,october,Reefer,1124.8,2400.85,2450.8848459398437,2465.1275529727845,2458.006199456314,57.15619945631397
TR-043205,2025-10-01,october,Dry Van,951.8,1936.07,2003.9659365553177,2029.8887709177993,2016.9273537365584,80.85735373655848
TR-043206,2025-10-01,october,Dry Van,988.0,1929.23,2012.395811272756,2033.0843375363913,2022.7400744045735,93.51007440457352
TR-043207,2025-10-01,october,Reefer,647.7,1483.98,1531.7869433246124,1491.0918739849203,1511.4394086547663,27.45940865476632
TR-043208,2025-10-01,october,Dry Van,2216.0,3829.84,4213.654857739504,4032.5469198701458,4123.100888804825,293.2608888048253
TR-043209,2025-10-01,october,Dry Van,605.9,1217.54,1260.274786084991,1299.9746570201198,1280.1247215525555,62.58472155255549
TR-043210,2025-10-01,october,Dry Van,1159.0,2360.65,2461.3882114540575,2419.7990765699406,2440.593644011999,79.94364401199891
TR-043211,2025-10-01,october,Reefer,922.4,2088.6,2063.8670428540586,2081.8744528639872,2072.870747859023,15.729252140976769
TR-043212,2025-10-01,october,Dry Van,2784.9,4778.86,5199.292905985111,5027.668014726592,5113.480460355851,334.6204603558517
TR-043213,2025-10-01,october,Flatbed,803.1,1722.03,1718.679267385975,1789.5508961081532,1754.115081747064,32.08508174706412
TR-043214,2025-10-01,october,Flatbed,637.7,1412.16,1412.4871851270664,1446.3925446103049,1429.4398648686856,17.279864868685536
TR-043215,2025-10-01,october,Reefer,2179.4,4500.92,4559.234962436449,4628.374583447065,4593.804772941757,92.88477294175664
TR-043216,2025-10-01,october,Dry Van,1553.5,3181.84,3157.813594955807,3133.6431261928665,3145.728360574337,36.11163942566327
TR-043217,2025-10-01,october,Dry Van,1203.3,2498.9,2557.6550319625912,2567.5265981965244,2562.5908150795576,63.690815079557524
TR-043218,2025-10-01,october,Dry Van,1635.8,3208.55,3331.7363365561214,3350.553766199093,3341.145051377607,132.59505137760698
TR-043219,2025-10-01,october,Dry Van,2628.8,4900.51,5005.762795504868,5047.099280365639,5026.431037935254,125.92103793525348
TR-043220,2025-10-01,october,Dry Van,1507.7,3028.96,3108.0342138990172,3160.0983769686864,3134.066295433852,105.10629543385176
TR-043221,2025-10-01,october,Dry Van,458.5,1008.48,1003.5935747634361,1028.7718029141663,1016.1826888388011,7.702688838801123
TR-043222,2025-10-01,october,Reefer,451.9,1170.12,1188.6363148055248,1141.2698122668935,1164.9530635362091,5.166936463790762
TR-043223,2025-10-01,october,Reefer,1005.8,2521.43,2387.058638595426,2398.3205907904007,2392.6896146929134,128.7403853070864
TR-043224,2025-10-01,october,Dry Van,358.0,835.03,843.5884745713795,803.2559384500096,823.4222065106945,11.607793489305436
TR-043225,2025-10-01,october,Flatbed,2633.9,4810.57,5033.450349763051,5137.637942611621,5085.544146187336,274.9741461873364
TR-043226,2025-10-01,october,Reefer,562.6,1244.63,1240.9952804933723,1217.7662617644996,1229.380771128936,15.249228871064133
TR-043227,2025-10-01,october,Dry Van,678.9,1446.38,1394.0887549592485,1422.1374481148669,1408.1131015370577,38.266898462942436
TR-043228,2025-10-01,october,Dry Van,244.1,563.96,584.1620195077168,538.9465011191492,561.5542603134329,2.4057396865671308
TR-043229,2025-10-01,october,Dry Van,447.2,1023.4,1032.0157348893165,1002.1582856306197,1017.0870102599681,6.312989740031867
TR-043230,2025-10-01,october,Flatbed,607.5,1421.17,1374.1183466466437,1419.8431402963392,1396.9807434714915,24.189256528508622
TR-043231,2025-10-01,october,Dry Van,685.5,1397.01,1404.5964383789644,1441.9876821108317,1423.292060244898,26.282060244898048
TR-043232,2025-10-01,october,Dry Van,1253.7,2477.14,2525.708916317493,2580.6821055029704,2553.195510910232,76.05551091023199
TR-043233,2025-10-01,october,Reefer,632.4,1490.25,1416.6083540682139,1426.3738329557425,1421.4910935119783,68.7589064880217
TR-043234,2025-10-01,october,Dry Van,1283.2,2459.43,2548.491577861512,2579.3584915662414,2563.925034713877,104.49503471387698
TR-043235,2025-10-01,october,Dry Van,359.6,789.03,817.2533618853564,799.4956868786187,808.3745243819876,19.34452438198764
TR-043236,2025-10-01,october,Dry Van,509.2,1164.68,1151.2847069071638,1153.2080595071716,1152.2463832071676,12.433616792832481
TR-043237,2025-10-01,october,Reefer,2731.3,5555.29,5648.528395578315,5677.948146345569,5663.238270961941,107.94827096194149
TR-043238,2025-10-01,october,Dry Van,1875.4,3533.64,3654.9379386520777,3659.008216711288,3656.9730776816828,123.33307768168288
TR-043239,2025-10-01,october,Dry Van,256.8,648.29,635.8650713191507,605.4862024752213,620.675636897186,27.614363102813968
TR-043240,2025-10-01,october,Dry Van,1435.0,2853.94,2988.555874444296,2972.688373320133,2980.6221238822145,126.68212388221446
TR-043241,2025-10-01,october,Dry Van,1431.7,2817.95,2918.415650383558,2803.6566694599874,2861.0361599217727,43.08615992177283
TR-043242,2025-10-01,october,Flatbed,412.3,1002.17,994.5178140165643,1003.6447040049738,999.0812590107691,3.088740989230814
TR-043243,2025-10-01,october,Dry Van,1434.7,2898.42,2993.508191597924,2932.1157112008495,2962.811951399387,64.39195139938693
TR-043244,2025-10-01,october,Reefer,862.0,1968.55,1956.798190522523,1967.310246973545,1962.0542187480341,6.495781251965809
TR-043245,2025-10-01,october,Dry Van,624.8,1398.29,1368.5778942453906,1391.5276584236071,1380.052776334499,18.237223665501006
TR-043246,2025-10-01,october,Dry Van,790.4,1614.53,1632.0463699489617,1687.6191873043497,1659.8327786266557,45.30277862665571
TR-043247,2025-10-01,october,Dry Van,833.4,1793.3,1762.9878368894822,1796.7481105163595,1779.8679737029208,13.432026297079119
TR-043248,2025-10-01,october,Dry Van,2442.1,4537.86,4632.66420675524,4589.950306134953,4611.307256445097,73.44725644509708
TR-043249,2025-10-01,october,Dry Van,824.1,1641.95,1657.7661466924123,1663.906860327439,1660.8365035099257,18.88650350992566
TR-043250,2025-10-01,october,Flatbed,1259.6,2505.88,2703.098736256286,2710.2363659170874,2706.6675510866867,200.78755108668656
TR-043251,2025-10-01,october,Dry Van,1519.1,2902.34,3056.5776463902007,2986.3196187034146,3021.448632546808,119.10863254680771
TR-043252,2025-10-01,october,Reefer,104.7,311.26,305.38269798434345,337.4965229795789,321.43961048196115,10.179610481961163
TR-043253,2025-10-01,october,Dry Van,2267.7,4200.14,4372.024222031314,4245.980792018112,4309.002507024713,108.86250702471261
TR-043254,2025-10-01,october,Dry Van,176.0,517.66,514.3257405786748,470.77935534241374,492.55254796054425,25.107452039455723
TR-043255,2025-10-01,october,Reefer,1837.0,3773.93,3929.202295615308,3978.1201464722144,3953.661221043761,179.73122104376125
TR-043256,2025-10-01,october,Reefer,933.6,2219.91,2111.382028085678,2161.2304058204695,2136.306216953074,83.60378304692586
TR-043257,2025-10-01,october,Dry Van,538.3,1283.16,1253.0135417960203,1202.8672889282143,1227.9404153621172,55.21958463788292
TR-043258,2025-10-01,october,Dry Van,1522.5,2877.77,3047.7593985247863,2979.9774671143064,3013.8684328195463,136.09843281954636
TR-043259,2025-10-01,october,Dry Van,1726.6,3332.2,3525.7654453249143,3503.4159663175515,3514.590705821233,182.39070582123304
TR-043260,2025-10-01,october,Reefer,2615.5,5124.5,5478.306636185704,5350.422252859131,5414.364444522417,289.8644445224172
TR-043261,2025-10-01,october,Reefer,2004.8,4070.24,4284.898484636149,4289.553237724724,4287.225861180436,216.9858611804366
TR-043262,2025-10-01,october,Reefer,1123.5,2458.0,2397.505567468295,2383.5564619307097,2390.5310146995025,67.46898530049748
TR-043263,2025-10-01,october,Dry Van,1039.6,2010.76,2025.430111477182,2112.8318360043436,2069.130973740763,58.37097374076279
TR-043264,2025-10-01,october,Dry Van,2254.2,4221.49,4318.9055315104,4370.481873760097,4344.693702635248,123.20370263524819
TR-043265,2025-10-01,october,Reefer,959.6,2113.04,2119.1020784935954,2104.4032102937017,2111.7526443936486,1.2873556063514116
TR-043266,2025-10-01,october,Flatbed,2164.4,4464.73,4615.106079912651,4694.180677687553,4654.643378800101,189.91337880010178
TR-043267,2025-10-01,october,Dry Van,2291.1,4310.7,4461.6741121364375,4395.893245407652,4428.783678772044,118.08367877204455
TR-043268,2025-10-01,october,Reefer,2012.0,4298.29,4333.517307957284,4433.231640633576,4383.3744742954295,85.08447429542957
TR-043269,2025-10-01,october,Dry Van,734.0,1487.21,1544.820959124118,1549.156042739153,1546.9885009316354,59.778500931635335
TR-043270,2025-10-01,october,Dry Van,275.2,650.49,662.7052941452197,629.199802548984,645.9525483471018,4.5374516528981985
TR-043271,2025-10-01,october,Dry Van,875.0,1730.09,1790.829138019943,1810.4999200971092,1800.664529058526,70.5745290585262
TR-043272,2025-10-01,october,Dry Van,371.4,841.42,834.1734457588285,809.0162172716655,821.594831515247,19.825168484752908
TR-043273,2025-10-01,october,Dry Van,2261.5,4384.26,4509.246992203507,4418.981676153937,4464.114334178722,79.85433417872173
TR-043274,2025-10-01,october,Dry Van,561.1,1274.28,1231.3153900374048,1254.6555885713929,1242.985489304399,31.294510695601048
TR-043275,2025-10-01,october,Dry Van,791.9,1749.18,1716.363937474077,1742.7658827988832,1729.5649101364802,19.61508986351987
TR-043276,2025-10-01,october,Dry Van,1577.7,3134.93,3265.967462884733,3277.605879488324,3271.786671186528,136.85667118652827
TR-043277,2025-10-01,october,Dry Van,855.9,1791.66,1821.1607701339974,1865.186727686978,1843.1737489104876,51.51374891048749
TR-043278,2025-10-01,october,Reefer,442.4,1098.12,1105.3784613156915,1100.7225649910038,1103.0505131533478,4.930513153347874
TR-043279,2025-10-01,october,Dry Van,445.9,977.98,988.8296207203182,975.8663121716006,982.3479664459594,4.367966445959382
TR-043280,2025-10-01,october,Flatbed,583.0,1398.37,1407.7274859619783,1400.1489473541537,1403.938216658066,5.568216658066149
TR-043281,2025-10-01,october,Dry Van,912.2,1927.67,1910.1494740000096,1902.9971890791956,1906.5733315396026,21.096668460397495
TR-043282,2025-10-01,october,Dry Van,1227.5,2331.68,2537.53362505622,2394.152109257083,2465.8428671566517,134.16286715665183
TR-043283,2025-10-01,october,Dry Van,1396.3,2846.07,2961.195739419161,2954.766598678511,2957.981169048836,111.91116904883575
TR-043284,2025-10-01,october,Reefer,629.3,1458.78,1406.20150067025,1429.907026143188,1418.054263406719,40.725736593281
TR-043285,2025-10-01,october,Reefer,489.6,1157.74,1177.412545559909,1131.4110069186563,1154.4117762392825,3.328223760717492
TR-043286,2025-10-01,october,Dry Van,660.7,1443.07,1430.630823276031,1428.721144392355,1429.675983834193,13.394016165806988
TR-043287,2025-10-01,october,Dry Van,70.0,194.26,256.89170545337424,232.68318543367673,244.78744544352548,50.527445443525494
TR-043288,2025-10-01,october,Reefer,2337.0,5076.68,4862.227183254849,5032.178325413855,4947.202754334352,129.4772456656483
TR-043289,2025-10-01,october,Dry Van,565.0,1140.24,1173.3487183375053,1168.7842730054278,1171.0664956714666,30.826495671466546
TR-043290,2025-10-01,october,Reefer,733.9,1645.12,1647.3942869209734,1633.7545065245226,1640.5743967227481,4.545603277251757
TR-043291,2025-10-01,october,Dry Van,407.9,921.92,929.2406988248915,890.6780940833262,909.9593964541089,11.960603545891104
TR-043292,2025-10-01,october,Dry Van,699.1,1498.47,1476.8191979521716,1458.9677495921474,1467.8934737721595,30.57652622784053
TR-043293,2025-10-01,october,Reefer,594.4,1456.25,1422.3147866693155,1442.5327894658908,1432.4237880676033,23.826211932396745
TR-043294,2025-10-01,october,Flatbed,801.6,1717.39,1713.1555139013562,1777.158481017569,1745.1569974594627,27.766997459462573
TR-043295,2025-10-01,october,Dry Van,1732.8,3374.09,3494.2937169491042,3466.811452139037,3480.5525845440707,106.46258454407052
TR-043296,2025-10-01,october,Dry Van,735.6,1509.89,1540.0671966103298,1559.4447320219865,1549.755964316158,39.86596431615794
TR-043297,2025-10-01,october,Dry Van,70.0,203.0,222.8347836709032,240.41780356223717,231.6262936165702,28.626293616570194
TR-043298,2025-10-01,october,Dry Van,414.8,1013.72,997.3863396638938,977.1203333838484,987.2533365238711,26.46666347612893
TR-043299,2025-10-01,october,Flatbed,1869.1,3856.36,4013.1765117679915,4126.04122930469,4069.608870536341,213.24887053634075
TR-043300,2025-10-01,october,Dry Van,320.9,767.51,758.621804961046,740.4495371274934,749.5356710442697,17.974328955730243
TR-043301,2025-10-01,october,Reefer,1056.2,2447.96,2398.5006413720366,2478.77774428939,2438.639192830713,9.320807169287036
TR-043302,2025-10-01,october,Reefer,84.4,280.13,257.6279079053382,280.68099918412213,269.15445354473013,10.975546455269864
TR-043303,2025-10-01,october,Reefer,2083.1,13894.55,4396.499762032777,4554.845642203401,4475.672702118089,9418.87729788191
TR-043304,2025-10-01,october,Dry Van,684.6,1456.68,1444.0612667318605,1485.2378933248065,1464.6495800283335,7.969580028333439
TR-043305,2025-10-01,october,Dry Van,1194.6,2368.1,2423.1243655811327,2458.721691598893,2440.923028590013,72.82302859001311
TR-043306,2025-10-01,october,Dry Van,1212.8,2279.69,2392.0919273685536,2329.5080873843217,2360.800007376438,81.1100073764378
TR-043307,2025-10-01,october,Dry Van,2824.9,4949.49,5201.716617135606,5060.172651377373,5130.94463425649,181.45463425648995
TR-043308,2025-10-01,october,Reefer,2801.8,5510.91,5714.485931993249,5800.912036596733,5757.6989842949915,246.78898429499168
TR-043309,2025-10-01,october,Dry Van,159.3,432.91,652.8716797778002,406.94359090228886,529.9076353400445,96.9976353400445
TR-043310,2025-10-02,october,Reefer,914.5,2142.88,2109.4372233552012,2085.2408030127676,2097.339013183984,45.5409868160159
TR-043311,2025-10-02,october,Reefer,444.9,1200.45,1163.3710849336237,1112.9223323657604,1138.146708649692,62.30329135030797
TR-043312,2025-10-02,october,Dry Van,1468.5,2968.11,3062.122433485743,3083.7662144485303,3072.9443239671364,104.83432396713624
TR-043313,2025-10-02,october,Dry Van,2027.3,3842.4,4089.184293903606,4055.6857204284825,4072.435007166044,230.03500716604412
TR-043314,2025-10-02,october,Flatbed,862.8,1843.79,1837.38515947146,1882.0530978235881,1859.719128647524,15.929128647524067
TR-043315,2025-10-02,october,Dry Van,2060.5,3792.71,3977.342251317951,4011.948530549371,3994.645390933661,201.93539093366098
TR-043316,2025-10-02,october,Reefer,1622.8,3421.97,3401.8965754434184,3545.691080225696,3473.7938278345573,51.823827834557505
TR-043317,2025-10-02,october,Dry Van,689.3,1467.83,1418.8927850229197,1457.140878670958,1438.0168318469389,29.813168153061042
TR-043318,2025-10-02,october,Dry Van,562.4,1236.69,1225.3791351038717,1249.9837073722765,1237.681421238074,0.9914212380740537
TR-043319,2025-10-02,october,Dry Van,1776.6,3405.12,3569.4704902824556,3615.349335000626,3592.409912641541,187.28991264154092
TR-043320,2025-10-02,october,Dry Van,507.6,1143.93,1149.5124961329802,1148.659369064288,1149.0859325986341,5.155932598634081
TR-043321,2025-10-02,october,Dry Van,664.9,1378.93,1375.5406716638774,1464.4145590903208,1419.977615377099,41.047615377098964
TR-043322,2025-10-02,october,Dry Van,2803.5,5012.79,5274.371647716021,5174.398964498826,5224.385306107423,211.5953061074233
TR-043323,2025-10-02,october,Reefer,937.3,2169.46,2158.263617880623,2220.5016111775662,2189.3826145290946,19.922614529094517
TR-043324,2025-10-02,october,Reefer,2554.1,5024.96,5316.175867048231,5359.435515429432,5337.805691238831,312.845691238831
TR-043325,2025-10-02,october,Reefer,1005.7,2467.62,2386.4170254461987,2383.8444811320287,2385.1307532891137,82.48924671088616
TR-043326,2025-10-02,october,Dry Van,2738.2,4932.23,5099.987226409469,4998.754022288193,5049.3706243488305,117.1406243488309
TR-043327,2025-10-02,october,Dry Van,1210.0,2347.61,2469.6607254977744,2520.6417336062814,2495.151229552028,147.54122955202774
TR-043328,2025-10-02,october,Flatbed,2586.0,4970.96,5358.071367470675,5330.7419410771745,5344.406654273925,373.44665427392465
TR-043329,2025-10-02,october,Dry Van,1440.3,2770.73,2886.7209941737874,2886.5993571243516,2886.6601756490695,115.9301756490695
TR-043330,2025-10-02,october,Dry Van,1430.6,2802.12,2908.2432445313448,2893.2823260234723,2900.7627852774085,98.64278527740862
TR-043331,2025-10-02,october,Dry Van,1337.8,2727.55,2788.3541218622277,2736.0647405019363,2762.209431182082,34.65943118208179
TR-043332,2025-10-02,october,Flatbed,1754.5,3588.13,3678.3133114447346,3755.0098910912307,3716.6616012679824,128.5316012679823
TR-043333,2025-10-02,october,Dry Van,1214.9,2414.96,2500.0226947742062,2555.057881717898,2527.540288246052,112.58028824605208
TR-043334,2025-10-02,october,Reefer,1487.4,3168.66,3210.732060552355,3348.4363193486006,3279.5841899504776,110.92418995047774
TR-043335,2025-10-02,october,Reefer,92.6,274.24,268.3328479233365,295.48046429436044,281.90665610884844,7.666656108848429
TR-043336,2025-10-02,october,Flatbed,648.8,1429.94,1456.7173479248547,1448.260338691487,1452.488843308171,22.548843308170945
TR-043337,2025-10-02,october,Dry Van,762.7,1729.78,1676.5247387841084,1662.6303872947867,1669.5775630394476,60.202436960552404
TR-043338,2025-10-02,october,Reefer,281.2,745.43,732.7026975729758,710.1025267928289,721.4026121829024,24.02738781709752
TR-043339,2025-10-02,october,Reefer,2831.4,5505.02,5257.810598657915,5353.636378485042,5305.723488571479,199.29651142852163
TR-043340,2025-10-02,october,Flatbed,458.5,1142.27,1165.5000963913844,1159.2609836928682,1162.3805400421263,20.11054004212633
TR-043341,2025-10-02,october,Reefer,225.6,624.99,641.4995626610836,578.334118174253,609.9168404176683,15.073159582331755
TR-043342,2025-10-02,october,Flatbed,1114.2,2301.92,2423.6488658969156,2430.8954923282527,2427.272179112584,125.35217911258405
TR-043343,2025-10-02,october,Flatbed,532.7,1175.29,1220.6080712493942,1222.205146521256,1221.406608885325,46.11660888532515
TR-043344,2025-10-02,october,Dry Van,1122.3,2214.59,2191.404029909812,2292.0080059512675,2241.70601793054,27.116017930539783
TR-043345,2025-10-02,october,Dry Van,1213.2,2592.64,2538.4165369788693,2560.796379705127,2549.6064583419984,43.03354165800147
TR-043346,2025-10-02,october,Dry Van,1152.6,2287.12,2364.582899222065,2360.090906087326,2362.336902654695,75.21690265469533
TR-043347,2025-10-02,october,Reefer,2391.8,4754.03,5277.1521546365675,5196.684875185094,5236.918514910831,482.88851491083096
TR-043348,2025-10-02,october,Dry Van,497.1,1140.26,1126.3872586344128,1125.1742541567332,1125.780756395573,14.479243604426983
TR-043349,2025-10-02,october,Dry Van,842.1,1672.88,1725.9281631619244,1759.0717923981952,1742.49997778006,69.6199777800598
TR-043350,2025-10-02,october,Flatbed,1356.3,2718.68,2849.2492917769505,2947.329677471309,2898.2894846241297,179.6094846241299
TR-043351,2025-10-02,october,Dry Van,233.9,611.62,606.2294486553169,583.9691367762584,595.0992927157877,16.520707284212335
TR-043352,2025-10-02,october,Flatbed,1391.0,3094.08,3024.0635409067077,3105.77318623834,3064.918363572524,29.16163642747597
TR-043353,2025-10-02,october,Dry Van,1475.3,2843.33,2940.995012612529,2942.731729935961,2941.863371274245,98.53337127424493
TR-043354,2025-10-02,october,Flatbed,1096.9,2265.33,2370.970977888408,2389.056796012351,2380.0138869503794,114.68388695037947
TR-043355,2025-10-02,october,Dry Van,1140.1,2393.81,2359.118928513037,2372.6531780553414,2365.886053284189,27.92394671581087
TR-043356,2025-10-02,october,Dry Van,525.3,1174.22,1121.4262811489787,1126.2622465222003,1123.8442638355896,50.375736164410455
TR-043357,2025-10-02,october,Dry Van,1030.0,2169.9,2209.272132243982,2225.9385041268815,2217.6053181854318,47.70531818543168
TR-043358,2025-10-02,october,Dry Van,1039.7,2168.46,2179.3200945725243,2197.053084341128,2188.1865894568264,19.726589456826332
TR-043359,2025-10-02,october,Flatbed,1697.5,3535.11,3654.1928241234414,3802.26745472921,3728.230139426326,193.12013942632575
TR-043360,2025-10-02,october,Dry Van,1211.5,2482.49,2562.0264295821253,2530.2979358470698,2546.1621827145973,63.67218271459751
TR-043361,2025-10-02,october,Dry Van,1323.2,2530.95,2632.2826827764743,2694.2834703842273,2663.283076580351,132.3330765803512
TR-043362,2025-10-02,october,Dry Van,732.4,1481.8,1478.1586104422395,1472.9134182817088,1475.5360143619741,6.263985638025815
TR-043363,2025-10-02,october,Reefer,291.3,836.03,814.1386250864999,781.7729673774975,797.9557962319986,38.074203768001325
TR-043364,2025-10-02,october,Flatbed,721.1,1721.74,1761.9665596740167,1681.3105223562695,1721.6385410151431,0.10145898485689031
TR-043365,2025-10-02,october,Dry Van,1329.0,2529.85,2682.693096084423,2680.148762889503,2681.420929486963,151.570929486963
TR-043366,2025-10-02,october,Dry Van,2414.8,4621.92,4808.135546417584,4744.640604924267,4776.388075670926,154.46807567092583
TR-043367,2025-10-02,october,Reefer,128.1,386.18,391.7337756583204,362.16873972733333,376.95125769282686,9.22874230717315
TR-043368,2025-10-02,october,Flatbed,1750.6,3633.54,3720.8256554057325,3779.121390973217,3749.9735231894747,116.43352318947473
TR-043369,2025-10-02,october,Dry Van,2445.4,4333.71,4593.051363463264,4537.2746995529105,4565.163031508087,231.4530315080874
TR-043370,2025-10-02,october,Dry Van,1100.8,2038.03,2112.629573180676,2156.3920477309834,2134.5108104558294,96.48081045582944
TR-043371,2025-10-02,october,Dry Van,1509.4,2825.29,3079.49128543374,2978.0600611355153,3028.7756732846274,203.4856732846274
TR-043372,2025-10-02,october,Flatbed,389.0,974.77,991.628063614464,952.857402037067,972.2427328257655,2.527267174234453
TR-043373,2025-10-02,october,Reefer,585.9,1557.11,1489.8864799591736,1471.3076673388587,1480.5970736490162,76.51292635098366
TR-043374,2025-10-02,october,Flatbed,769.4,1673.46,1686.237907284351,1716.134770805803,1701.1863390450771,27.72633904507711
TR-043375,2025-10-02,october,Flatbed,137.9,378.74,387.3149230699201,387.602152767857,387.4585379188885,8.7185379188885
TR-043376,2025-10-02,october,Dry Van,1018.0,2084.23,2122.7878156938054,2153.148595153526,2137.9682054236655,53.73820542366548
TR-043377,2025-10-02,october,Reefer,354.1,901.41,925.4415761552077,850.5175849918555,887.9795805735316,13.430419426468347
TR-043378,2025-10-02,october,Flatbed,1471.9,3087.75,3144.3547001022243,3227.302222101621,3185.8284611019226,98.07846110192258
TR-043379,2025-10-02,october,Dry Van,605.0,1262.04,1249.514068455354,1265.7652639158146,1257.6396661855842,4.400333814415717
TR-043380,2025-10-02,october,Reefer,764.0,1740.07,1743.527912646005,1694.7027423178147,1719.1153274819098,20.954672518090092
TR-043381,2025-10-02,october,Dry Van,2545.4,4425.69,4598.459003310982,4602.219112218731,4600.339057764857,174.6490577648574
TR-043382,2025-10-02,october,Dry Van,956.5,1948.49,1993.2231685521813,1996.6101152013057,1994.9166418767436,46.42664187674359
TR-043383,2025-10-02,october,Dry Van,920.3,1985.82,1948.116217413181,1947.3216186195814,1947.7189180163812,38.10108198361877
TR-043384,2025-10-02,october,Dry Van,1735.4,3312.03,3486.2737095938583,3479.3591645904944,3482.8164370921763,170.78643709217613
TR-043385,2025-10-02,october,Dry Van,1187.0,11696.44,2379.040524452032,2437.6256174005844,2408.333070926308,9288.106929073692
TR-043386,2025-10-02,october,Dry Van,180.2,487.55,498.11006238672536,487.19052591210584,492.6502941494156,5.100294149415561
TR-043387,2025-10-02,october,Dry Van,119.5,321.82,336.17811733675575,317.0699976568362,326.624057496796,4.80405749679602
TR-043388,2025-10-02,october,Reefer,307.1,779.12,813.4821073667164,741.3645650068147,777.4233361867655,1.6966638132345224
TR-043389,2025-10-02,october,Dry Van,423.5,946.74,943.9441103136866,937.315347009602,940.6297286616443,6.1102713383556875
TR-043390,2025-10-02,october,Reefer,293.5,825.3,816.449968047401,794.2201655491476,805.3350667982743,19.96493320172567
TR-043391,2025-10-02,october,Flatbed,2559.4,4936.62,5254.107874508269,5282.266455680665,5268.187165094467,331.5671650944669
TR-043392,2025-10-02,october,Dry Van,1366.8,2706.68,2826.081201918205,2822.4647790529875,2824.272990485596,117.59299048559615
TR-043393,2025-10-02,october,Flatbed,467.1,1096.8,1120.1976526966218,1107.9812667795363,1114.089459738079,17.28945973807913
TR-043394,2025-10-02,october,Dry Van,2294.0,4472.5,4534.218357627543,4525.573916572033,4529.896137099788,57.396137099787666
TR-043395,2025-10-02,october,Dry Van,2976.3,4946.27,5356.751802917307,5203.491465847624,5280.121634382465,333.8516343824649
TR-043396,2025-10-02,october,Dry Van,286.6,667.99,661.570766800949,637.7200739962707,649.6454203986098,18.34457960139025
TR-043397,2025-10-02,october,Dry Van,443.7,1024.78,1028.3102880819458,1014.836673323555,1021.5734807027504,3.2065192972495424
TR-043398,2025-10-02,october,Flatbed,2317.3,4743.82,4839.157213913785,4952.397131590091,4895.7771727519375,151.95717275193783
TR-043399,2025-10-02,october,Dry Van,1572.5,2930.65,3156.9547394229758,3038.1446205981574,3097.5496800105666,166.8996800105665
TR-043400,2025-10-02,october,Dry Van,2661.4,4983.92,5032.565738115961,5110.300220325309,5071.432979220635,87.51297922063532
TR-043401,2025-10-02,october,Dry Van,593.6,1229.98,1284.5760408075182,1288.245517636921,1286.4107792222196,56.4307792222196
TR-043402,2025-10-02,october,Flatbed,396.8,890.15,943.2123616626494,914.9180380147213,929.0651998386854,38.91519983868545
TR-043403,2025-10-02,october,Dry Van,1170.4,2371.63,2444.115012123311,2465.773278397128,2454.9441452602196,83.31414526021945
TR-043404,2025-10-02,october,Dry Van,943.7,1904.66,1965.755878734783,1983.4598829959837,1974.6078808653833,69.94788086538324
TR-043405,2025-10-02,october,Dry Van,807.2,1706.76,1662.807000154793,1710.613484709836,1686.7102424323145,20.049757567685447
TR-043406,2025-10-02,october,Dry Van,1671.0,3242.19,3362.9878132828862,3335.2377417949992,3349.1127775389427,106.92277753894268
TR-043407,2025-10-02,october,Reefer,2499.4,5196.65,5342.291096596584,5412.801414615505,5377.546255606045,180.8962556060451
TR-043408,2025-10-02,october,Dry Van,1118.4,2278.96,2292.1848561600355,2341.5704745080934,2316.8776653340647,37.91766533406462
TR-043409,2025-10-02,october,Dry Van,735.0,1485.65,1529.6278419103055,1523.0910157838316,1526.3594288470686,40.709428847068466
TR-043410,2025-10-02,october,Dry Van,736.5,1545.59,1529.1254179570851,1571.848325489216,1550.4868717231507,4.896871723150753
TR-043411,2025-10-02,october,Flatbed,2148.9,4135.86,4525.773713965536,4603.491382352935,4564.632548159236,428.77254815923607
TR-043412,2025-10-02,october,Flatbed,600.3,1399.65,1369.8811460895251,1379.1718214349244,1374.5264837622249,25.12351623777522
TR-043413,2025-10-02,october,Dry Van,2114.8,3762.94,3972.5688740424935,3944.860748920876,3958.7148114816846,195.77481148168454
TR-043414,2025-10-02,october,Reefer,1847.0,3797.45,4042.291171761447,4141.271557103688,4091.7813644325674,294.3313644325676
TR-043415,2025-10-02,october,Reefer,879.1,1869.49,1880.4281951260677,1913.2752207226163,1896.851707924342,27.361707924342
TR-043416,2025-10-02,october,Flatbed,1519.2,3241.54,3317.2304598733185,3398.8803253865967,3358.0553926299576,116.51539262995766
TR-043417,2025-10-02,october,Dry Van,366.1,912.12,904.6635666068886,881.3174369628225,892.9905017848555,19.12949821514451
TR-043418,2025-10-02,october,Reefer,1016.7,2326.48,2295.5735642835525,2290.389694994524,2292.981629639038,33.49837036096187
TR-043419,2025-10-02,october,Flatbed,611.1,1397.82,1387.211694330186,1405.256302577247,1396.2339984537166,1.5860015462833417
TR-043420,2025-10-02,october,Dry Van,1989.3,3790.2,3904.6933630240364,3960.751948230091,3932.7226556270634,142.5226556270636
TR-043421,2025-10-02,october,Dry Van,590.5,1211.06,1236.5810046241008,1256.5300701725591,1246.55553739833,35.49553739833004
TR-043422,2025-10-02,october,Dry Van,588.5,1251.72,1220.8376062087461,1261.7351397881994,1241.2863729984729,10.433627001527157
TR-043423,2025-10-02,october,Dry Van,2269.9,4337.3,4524.937177898435,4474.535842287514,4499.736510092975,162.43651009297446
TR-043424,2025-10-02,october,Reefer,579.8,1470.73,1451.7574458782603,1408.7895761077325,1430.2735109929963,40.45648900700371
TR-043425,2025-10-02,october,Reefer,592.0,1414.03,1355.8368409724128,1377.9440875835667,1366.8904642779898,47.13953572201012
TR-043426,2025-10-02,october,Dry Van,739.0,1606.91,1542.5757909036313,1577.2385596963336,1559.9071752999826,47.00282470001753
TR-043427,2025-10-02,october,Reefer,906.6,2215.28,2120.369551624939,2096.186867898269,2108.278209761604,107.0017902383961
TR-043428,2025-10-02,october,Dry Van,535.1,1135.72,1139.2210598474385,1128.4887963203507,1133.8549280838947,1.8650719161053075
TR-043429,2025-10-02,october,Flatbed,881.8,2038.06,1951.2784799873855,1977.6511087251417,1964.4647943562636,73.59520564373634
TR-043430,2025-10-02,october,Reefer,1680.4,3407.25,3597.9764509888146,3622.53799687754,3610.2572239331776,203.00722393317756
TR-043431,2025-10-02,october,Reefer,2645.4,5158.13,5535.39373360691,5473.089450656089,5504.2415921315,346.1115921314995
TR-043432,2025-10-02,october,Dry Van,808.4,1608.58,1672.7609841013161,1691.1125896761564,1681.9367868887362,73.35678688873622
TR-043433,2025-10-02,october,Dry Van,2147.8,3888.18,4147.988043028975,4019.5527553934303,4083.770399211203,195.59039921120302
TR-043434,2025-10-02,october,Flatbed,224.7,614.52,628.5324333927574,600.2997380203087,614.4160857065331,0.10391429346691439
TR-043435,2025-10-02,october,Dry Van,704.9,574.1,1481.9782191379022,1501.48210176977,1491.730160453836,917.6301604538361
TR-043436,2025-10-02,october,Dry Van,843.1,1888.11,1846.8133653543264,1877.8194701703612,1862.316417762344,25.793582237655983
TR-043437,2025-10-02,october,Reefer,690.9,1595.86,1658.844834993358,1580.9086639610023,1619.87674947718,24.016749477180156
TR-043438,2025-10-02,october,Dry Van,1099.9,2339.89,2315.083571990988,2367.683423413463,2341.383497702225,1.4934977022253406
TR-043439,2025-10-02,october,Reefer,2131.9,4530.09,4525.674727087243,4708.695969940849,4617.1853485140455,87.09534851404533
TR-043440,2025-10-02,october,Dry Van,341.7,822.57,803.7720823407361,777.8881788049466,790.8301305728414,31.739869427158624
TR-043441,2025-10-02,october,Flatbed,2261.5,4517.4,4464.301641318228,4651.579902080144,4557.940771699186,40.540771699186735
TR-043442,2025-10-02,october,Flatbed,930.4,1992.02,1978.2487131736525,2031.9888752261272,2005.1187941998899,13.09879419988988
TR-043443,2025-10-02,october,Dry Van,714.0,1401.38,1429.1773784454676,1468.8877868904433,1449.0325826679555,47.65258266795536
TR-043444,2025-10-02,october,Dry Van,1084.2,2099.72,2135.026018303338,2171.3237254380415,2153.1748718706895,53.45487187068966
TR-043445,2025-10-02,october,Dry Van,645.0,1326.06,1349.1983927640142,1381.117301551797,1365.1578471579055,39.09784715790556
TR-043446,2025-10-02,october,Dry Van,2969.9,5179.39,5413.256919686794,5425.5496150481795,5419.4032673674865,240.01326736748615
TR-043447,2025-10-02,october,Dry Van,1235.0,2440.48,2600.1185736985153,2606.268250227259,2603.1934119628872,162.71341196288722
TR-043448,2025-10-02,october,Flatbed,2702.1,5393.16,5571.644879883175,5674.470364079653,5623.057621981414,229.89762198141398
TR-043449,2025-10-02,october,Dry Van,1434.7,2941.66,2998.361694265344,2998.1309980396154,2998.2463461524794,56.586346152479564
TR-043450,2025-10-02,october,Dry Van,379.8,907.34,892.2689186580527,851.0300159609576,871.6494673095051,35.69053269049493
TR-043451,2025-10-02,october,Dry Van,469.0,1115.99,1101.9631200301028,1092.6195266772547,1097.2913233536788,18.698676646321246
TR-043452,2025-10-02,october,Reefer,858.8,2066.62,2022.708058968,1994.3220823183344,2008.5150706431673,58.1049293568326
TR-043453,2025-10-02,october,Reefer,773.0,1850.9,1879.459067854111,1859.819844886247,1869.639456370179,18.739456370178914
TR-043454,2025-10-02,october,Dry Van,204.9,544.03,536.2533230842238,504.5300583330736,520.3916907086486,23.638309291351334
TR-043455,2025-10-02,october,Reefer,1638.1,3455.38,3576.649716084143,3522.482906519449,3549.5663113017963,94.1863113017962
TR-043456,2025-10-02,october,Reefer,1503.5,3247.42,3306.8889187889813,3375.0684385202667,3340.9786786546238,93.55867865462369
TR-043457,2025-10-02,october,Reefer,853.8,2055.14,2009.4552341779663,1988.5667270683389,1999.0109806231526,56.12901937684728
TR-043458,2025-10-02,october,Dry Van,232.6,561.81,583.8179597638594,536.0732494368431,559.9456046003513,1.8643953996486289
TR-043459,2025-10-02,october,Reefer,645.9,1530.92,1510.8102987254388,1514.4716751394194,1512.640986932429,18.279013067570986
TR-043460,2025-10-02,october,Reefer,1489.8,3338.08,3304.6172119847324,3300.774336891096,3302.695774437914,35.3842255620857
TR-043461,2025-10-02,october,Reefer,1782.6,3912.89,3891.2913205176856,4024.042096173181,3957.666708345433,44.776708345433235
TR-043462,2025-10-02,october,Dry Van,2867.3,5059.84,5271.513343303695,5166.325819076699,5218.919581190197,159.07958119019713
TR-043463,2025-10-02,october,Dry Van,1980.6,3626.2,3821.666604563626,3901.6169138724654,3861.641759218046,235.44175921804617
TR-043464,2025-10-03,october,Flatbed,973.8,2208.66,2139.088380091267,2216.2095049979134,2177.64894254459,31.011057455409627
TR-043465,2025-10-03,october,Reefer,819.4,1870.73,1860.1001965418586,1862.4234662039798,1861.2618313729192,9.468168627080786
TR-043466,2025-10-03,october,Flatbed,379.9,884.41,911.609455090353,868.0257630391532,889.817609064753,5.407609064753046
TR-043467,2025-10-03,october,Flatbed,978.6,2283.48,2096.3102621499065,2145.3276620975053,2120.818962123706,162.6610378762939
TR-043468,2025-10-03,october,Flatbed,494.7,1149.7,1161.3857068064326,1155.0665743925533,1158.226140599493,8.52614059949292
TR-043469,2025-10-03,october,Dry Van,1197.0,2383.72,2477.6131135284854,2476.48829934313,2477.050706435808,93.33070643580822
TR-043470,2025-10-03,october,Dry Van,2353.8,4527.45,4572.663341708729,4697.961743941335,4635.312542825031,107.8625428250316
TR-043471,2025-10-03,october,Flatbed,532.0,1279.64,1284.269554782283,1239.8098698323213,1262.0397123073021,17.600287692697975
TR-043472,2025-10-03,october,Dry Van,563.1,1207.78,1192.6201725776966,1271.6993449695442,1232.1597587736205,24.37975877362055
TR-043473,2025-10-03,october,Dry Van,2360.4,4573.2,4760.883311663372,4635.182254583402,4698.032783123387,124.83278312338734
TR-043474,2025-10-03,october,Reefer,1835.9,3926.18,3979.804030470485,3989.4597371750797,3984.6318838227826,58.45188382278275
TR-043475,2025-10-03,october,Reefer,819.9,2107.89,1995.554937231903,1976.403497571132,1985.9792174015174,121.91078259848246
TR-043476,2025-10-03,october,Dry Van,1015.3,2069.38,2062.312282699592,2082.8346380736843,2072.573460386638,3.1934603866379803
TR-043477,2025-10-03,october,Flatbed,1635.3,3639.69,3498.6893890508663,3688.8295627306434,3593.759475890755,45.9305241092452
TR-043478,2025-10-03,october,Flatbed,2079.3,4325.53,4367.897909917894,4376.7209180242,4372.3094139710465,46.77941397104678
TR-043479,2025-10-03,october,Dry Van,199.2,541.62,539.6165727395279,514.5622272021512,527.0893999708396,14.530600029160382
TR-043480,2025-10-03,october,Dry Van,381.6,864.05,852.5420579665323,860.4067818981564,856.4744199323443,7.575580067655665
TR-043481,2025-10-03,october,Dry Van,307.7,789.67,790.8640826057592,759.8051201128571,775.3346013593082,14.335398640691778
TR-043482,2025-10-03,october,Dry Van,1858.7,3694.25,3702.454114369489,3771.9576174578597,3737.2058659136746,42.95586591367464
TR-043483,2025-10-03,october,Dry Van,1653.9,3102.58,3262.838301029039,3242.887545003451,3252.862923016245,150.28292301624515
TR-043484,2025-10-03,october,Reefer,1200.6,2760.6,2708.129339541043,2793.4653394182656,2750.7973394796545,9.802660520345398
TR-043485,2025-10-03,october,Reefer,568.2,1347.45,1364.9170111004119,1344.848919292001,1354.8829651962064,7.432965196206396
TR-043486,2025-10-03,october,Dry Van,843.9,1703.91,1720.3818680136012,1751.137912923442,1735.7598904685215,31.84989046852138
TR-043487,2025-10-03,october,Dry Van,636.2,1365.42,1374.2725000462358,1396.4214356092557,1385.3469678277456,19.926967827745557
TR-043488,2025-10-03,october,Dry Van,1227.9,2648.98,2606.27886775707,2659.3296398493453,2632.8042538032078,16.17574619679226
TR-043489,2025-10-03,october,Flatbed,955.3,2110.12,2064.5245882012,2078.9988508337246,2071.7617195174626,38.35828048253734
TR-043490,2025-10-03,october,Reefer,686.8,1536.64,1548.5446777624582,1535.6101682577528,1542.0774230101056,5.437423010105476
TR-043491,2025-10-03,october,Dry Van,494.1,1116.63,1110.5866578682442,1122.4849523292837,1116.5358050987638,0.09419490123627838
TR-043492,2025-10-03,october,Dry Van,1880.5,3806.59,3795.8881488922566,3748.1031802352754,3771.995664563766,34.59433543623436
TR-043493,2025-10-03,october,Dry Van,958.2,2122.53,2040.3260201102041,2054.8361866690843,2047.5811033896443,74.94889661035586
TR-043494,2025-10-03,october,Dry Van,717.3,1531.3,1518.4851681163063,1505.9847836001027,1512.2349758582045,19.065024141795448
TR-043495,2025-10-03,october,Dry Van,1363.9,2744.43,2781.3658942056113,2810.6573905694117,2796.0116423875115,51.58164238751169
TR-043496,2025-10-03,october,Dry Van,2512.7,4490.45,4733.229574587463,4672.692313062658,4702.960943825061,212.51094382506108
TR-043497,2025-10-03,october,Flatbed,497.6,1104.16,1145.5154934814836,1129.1733039081673,1137.3443986948255,33.184398694825404
TR-043498,2025-10-03,october,Flatbed,608.4,1433.36,1443.2702862356837,1475.9648052939401,1459.617545764812,26.257545764811994
TR-043499,2025-10-03,october,Dry Van,776.9,1645.35,1648.4854355974267,1644.8706160926897,1646.678025845058,1.3280258450581641
TR-043500,2025-10-03,october,Reefer,1192.5,2662.01,2633.3573815568548,2674.6863639101693,2654.0218727335123,7.988127266487936
TR-043501,2025-10-03,october,Flatbed,1374.7,2864.16,2966.6801114809764,3017.0569217243915,2991.868516602684,127.70851660268409
TR-043502,2025-10-03,october,Dry Van,352.4,815.37,831.8041710099948,759.0334631388769,795.4188170744358,19.95118292556424
TR-043503,2025-10-03,october,Flatbed,1701.7,3618.39,3559.9670608035435,3687.146626168368,3623.556843485956,5.1668434859561785
TR-043504,2025-10-03,october,Dry Van,853.4,1740.91,1779.3319800484278,1788.4763647910302,1783.904172419729,42.99417241972901
TR-043505,2025-10-03,october,Reefer,842.0,1969.27,1915.3031159359837,1917.8046655443852,1916.5538907401844,52.71610925981554
TR-043506,2025-10-03,october,Dry Van,1038.6,2147.08,2172.7465163766074,2148.2474581854626,2160.496987281035,13.41698728103529
TR-043507,2025-10-03,october,Flatbed,1731.6,3819.43,3706.921811401123,3757.759623051193,3732.3407172261577,87.08928277384211
TR-043508,2025-10-03,october,Reefer,1910.1,4201.07,4083.293633167646,4236.734362082381,4160.013997625014,41.05600237498584
TR-043509,2025-10-03,october,Reefer,1678.9,3590.52,3587.015926273517,3593.1016496207567,3590.058787947137,0.4612120528631749
TR-043510,2025-10-03,october,Dry Van,1160.4,2398.53,2369.9149884379062,2394.9861960923286,2382.4505922651174,16.079407734882807
TR-043511,2025-10-03,october,Reefer,764.2,1711.77,1732.7195633079739,1659.5809840456202,1696.150273676797,15.61972632320294
TR-043512,2025-10-03,october,Dry Van,305.5,774.59,749.6897127916279,742.3366505218078,746.0131816567178,28.576818343282184
TR-043513,2025-10-03,october,Reefer,2766.0,5521.8,5668.259559199444,5677.943276528729,5673.101417864087,151.30141786408694
TR-043514,2025-10-03,october,Reefer,1771.2,3646.15,3689.2238326916518,3820.9101225799295,3755.066977635791,108.91697763579077
TR-043515,2025-10-03,october,Reefer,868.3,2132.15,2071.9634992993288,2005.0877079976644,2038.5256036484966,93.62439635150349
TR-043516,2025-10-03,october,Flatbed,2312.2,4849.98,4868.703457439753,4998.531844876516,4933.617651158134,83.63765115813476
TR-043517,2025-10-03,october,Dry Van,240.5,620.43,608.8584810910188,587.5691937747852,598.213837432902,22.216162567097967
TR-043518,2025-10-03,october,Reefer,365.5,1011.24,1000.4220476026775,942.4428301886878,971.4324388956827,39.8075611043173
TR-043519,2025-10-03,october,Dry Van,808.0,1629.83,1613.3130530274289,1635.683641326802,1624.4983471771154,5.331652822884507
TR-043520,2025-10-03,october,Dry Van,2505.2,4652.93,4765.6975796706865,4710.868719662258,4738.283149666472,85.35314966647184
TR-043521,2025-10-03,october,Dry Van,615.0,1385.93,1357.3602469046314,1323.3905792279293,1340.3754130662803,45.55458693371975
TR-043522,2025-10-03,october,Dry Van,1104.3,2201.44,2172.436880772614,2198.1533744799135,2185.295127626264,16.144872373736234
TR-043523,2025-10-03,october,Flatbed,1955.1,4040.38,4190.249461135279,4250.516035985433,4220.382748560356,180.00274856035594
TR-043524,2025-10-03,october,Dry Van,507.9,1176.24,1140.288030626047,1145.47292252215,1142.8804765740983,33.35952342590167
TR-043525,2025-10-03,october,Dry Van,111.7,323.69,337.3329495071865,283.0304726520028,310.18171107959466,13.508288920405334
TR-043526,2025-10-03,october,Dry Van,3147.1,5465.63,5601.260871120076,5640.3568264936175,5620.808848806847,155.17884880684687
TR-043527,2025-10-03,october,Dry Van,1804.0,3633.88,3657.106359828965,3678.2750720129116,3667.6907159209386,33.81071592093849
TR-043528,2025-10-03,october,Dry Van,2291.5,4131.55,4360.097586213517,4358.806708542892,4359.452147378204,227.90214737820406
TR-043529,2025-10-03,october,Dry Van,860.4,1913.02,1816.6370240954395,1857.1116291376698,1836.8743266165548,76.14567338344523
TR-043530,2025-10-03,october,Dry Van,2242.9,4305.39,4449.332416139235,4397.135034051685,4423.23372509546,117.84372509545938
TR-043531,2025-10-03,october,Dry Van,1000.5,2020.28,2075.862175266034,2124.095125487724,2099.978650376879,79.69865037687919
TR-043532,2025-10-03,october,Dry Van,359.6,920.36,901.8402829424366,863.9080675850882,882.8741752637625,37.48582473623753
TR-043533,2025-10-03,october,Reefer,2260.6,4962.26,4833.943431301368,4929.8787172737175,4881.911074287543,80.34892571245746
TR-043534,2025-10-03,october,Dry Van,2291.3,4484.17,4552.806881908046,4566.767367368632,4559.787124638339,75.61712463833919
TR-043535,2025-10-03,october,Dry Van,1085.2,2279.97,2197.8608654431446,2285.911564219986,2241.886214831565,38.08378516843459
TR-043536,2025-10-03,october,Dry Van,1276.7,2676.0,2603.953175209632,2656.067042482171,2630.0101088459014,45.989891154098586
TR-043537,2025-10-03,october,Flatbed,1561.9,3216.36,3261.117551334241,3270.213306034555,3265.6654286843977,49.30542868439761
TR-043538,2025-10-03,october,Dry Van,1537.0,2925.73,3095.8066361041897,2929.3714037539603,3012.589019929075,86.8590199290752
TR-043539,2025-10-03,october,Reefer,2303.4,5231.69,4815.471246023133,4980.640504048422,4898.055875035778,333.6341249642219
TR-043540,2025-10-03,october,Dry Van,1893.0,17514.11,3759.6895997363267,3687.5007919219215,3723.5951958291243,13790.514804170876
TR-043541,2025-10-03,october,Dry Van,1066.7,2131.74,2142.538754712953,2177.240651963943,2159.8897033384483,28.14970333844849
TR-043542,2025-10-03,october,Dry Van,676.7,1419.12,1398.1055962678993,1419.8300338683243,1408.9678150681118,10.152184931888087
TR-043543,2025-10-03,october,Dry Van,760.2,1590.91,1582.036840172105,1597.547957191925,1589.7923986820151,1.1176013179849633
TR-043544,2025-10-03,october,Reefer,885.6,2135.05,2071.181173668858,2088.4733321342724,2079.827252901565,55.22274709843532
TR-043545,2025-10-03,october,Dry Van,1995.2,3795.8,3844.1516023428308,3881.9852802828577,3863.0684413128442,67.26844131284406
TR-043546,2025-10-03,october,Dry Van,325.7,841.39,832.69987930349,803.4947497541586,818.0973145288243,23.292685471175673
TR-043547,2025-10-03,october,Dry Van,863.5,1881.14,1877.2642050616328,1877.3902664342615,1877.3272357479473,3.8127642520528298
TR-043548,2025-10-03,october,Dry Van,1274.1,2584.5,2597.3296421340037,2600.676122098002,2599.002882116003,14.502882116003093
TR-043549,2025-10-03,october,Dry Van,2111.2,3867.37,3970.1160507381755,3958.841092132643,3964.4785714354093,97.10857143540943
TR-043550,2025-10-03,october,Flatbed,868.7,1992.33,1952.7501046273442,1955.6068912360572,1954.1784979317008,38.15150206829912
TR-043551,2025-10-03,october,Dry Van,1510.0,2854.85,2966.542886280437,2941.941024611757,2954.2419554460967,99.39195544609674
TR-043552,2025-10-03,october,Dry Van,257.5,634.0,633.5462314691715,592.4385107387477,612.9923711039596,21.007628896040387
TR-043553,2025-10-03,october,Reefer,1985.3,4305.52,4212.8187686439105,4255.222814316083,4234.020791479997,71.49920852000378
TR-043554,2025-10-03,october,Flatbed,343.0,896.64,901.5373202390459,896.9394223843415,899.2383713116938,2.598371311693768
TR-043555,2025-10-03,october,Dry Van,339.5,750.47,776.1806996288356,745.4327331520399,760.8067163904377,10.336716390437687
TR-043556,2025-10-03,october,Dry Van,1204.9,2426.3,2428.135169011892,2438.6713728354475,2433.40327092367,7.103270923669697
TR-043557,2025-10-03,october,Dry Van,2173.9,3888.25,4089.6306020901875,4074.2792232247707,4081.9549126574793,193.70491265747933
TR-043558,2025-10-03,october,Dry Van,922.6,2007.17,1878.4833021091815,1907.2100621415998,1892.8466821253905,114.32331787460953
TR-043559,2025-10-03,october,Dry Van,1992.9,3858.38,3958.1963458988603,3933.820107049015,3946.0082264739376,87.6282264739375
TR-043560,2025-10-03,october,Dry Van,218.0,620.2,580.3755337311294,552.2742665746541,566.3249001528918,53.87509984710823
TR-043561,2025-10-03,october,Dry Van,3296.4,5909.05,5850.649975791505,5842.749882803197,5846.6999292973505,62.350070702649646
TR-043562,2025-10-03,october,Dry Van,2736.2,4774.43,5001.704379344062,4932.214765185612,4966.959572264837,192.52957226483704
TR-043563,2025-10-03,october,Reefer,686.0,1693.26,1641.5632641441568,1578.486725531124,1610.0249948376404,83.23500516235958
TR-043564,2025-10-03,october,Dry Van,1019.9,2056.32,2001.2189979048756,2124.0659996047098,2062.6424987547925,6.322498754792377
TR-043565,2025-10-03,october,Dry Van,228.3,602.77,577.2042622877726,544.8697193963133,561.036990842043,41.733009157956985
TR-043566,2025-10-03,october,Dry Van,267.3,649.32,660.0869436590938,630.1892079546251,645.1380758068594,4.181924193140617
TR-043567,2025-10-03,october,Flatbed,2253.6,4603.49,4605.869118850277,4709.837567700442,4657.853343275359,54.36334327535951
TR-043568,2025-10-03,october,Dry Van,970.5,2092.92,2107.5336798844028,2108.958831409701,2108.246255647052,15.326255647051767
TR-043569,2025-10-03,october,Reefer,622.8,1619.31,1565.988601295223,1521.485577987538,1543.7370896413804,75.57291035861954
TR-043570,2025-10-03,october,Reefer,813.8,1988.15,1901.3118953379362,1890.7169872116858,1896.014441274811,92.13555872518918
TR-043571,2025-10-03,october,Dry Van,638.3,1403.26,1417.4111968165626,1418.9060847221513,1418.158640769357,14.898640769356916
TR-043572,2025-10-03,october,Dry Van,864.1,1748.97,1784.2737484885604,1798.1255227084532,1791.1996355985068,42.229635598506775
TR-043573,2025-10-03,october,Flatbed,542.4,1277.48,1287.6063330500338,1276.9463799461546,1282.2763564980942,4.7963564980941555
TR-043574,2025-10-03,october,Dry Van,274.3,678.25,668.1201812170776,629.0001488978526,648.5601650574652,29.689834942534844
TR-043575,2025-10-03,october,Dry Van,835.5,1704.81,1734.4942362303068,1778.0104337554124,1756.2523349928597,51.44233499285974
TR-043576,2025-10-03,october,Flatbed,644.1,1501.24,1475.8740200616044,1483.5716475884765,1479.7228338250404,21.517166174959584
TR-043577,2025-10-03,october,Flatbed,1497.0,3245.38,3259.5299254521283,3232.8165050721864,3246.173215262157,0.7932152621569912
TR-043578,2025-10-03,october,Flatbed,1783.4,3858.97,3742.770372539597,3877.9488897389683,3810.3596311392826,48.610368860717244
TR-043579,2025-10-03,october,Dry Van,1675.9,3163.93,3342.0566120625285,3318.065454879412,3330.06103347097,166.13103347097012
TR-043580,2025-10-03,october,Reefer,1815.5,4077.19,3947.384061385264,4007.8258874153844,3977.604974400324,99.5850255996761
TR-043581,2025-10-03,october,Reefer,907.8,2037.82,1983.472411061868,2020.346960319895,2001.9096856908814,35.910314309118576
TR-043582,2025-10-03,october,Reefer,1604.3,3653.22,3565.585935120965,3655.031736637938,3610.3088358794516,42.911164120548165
TR-043583,2025-10-03,october,Reefer,2013.9,4179.42,4332.294569763161,4325.377941720232,4328.836255741697,149.41625574169666
TR-043584,2025-10-03,october,Dry Van,2118.1,4155.33,4248.805994865422,4227.493458601731,4238.149726733576,82.81972673357632
TR-043585,2025-10-03,october,Reefer,484.7,1141.76,1136.8477060488824,1129.3253527685492,1133.0865294087157,8.673470591284286
TR-043586,2025-10-03,october,Dry Van,313.5,729.41,733.1519559957413,700.3122994365601,716.7321277161507,12.677872283849297
TR-043587,2025-10-03,october,Dry Van,1010.5,2059.41,2085.3212480754914,2139.4233709512623,2112.372309513377,52.96230951337702
TR-043588,2025-10-03,october,Dry Van,757.1,1550.98,1565.9206463709502,1574.623887226401,1570.2722667986754,19.292266798675428
TR-043589,2025-10-03,october,Reefer,314.3,846.72,849.1590959832843,778.4384469320278,813.798771457656,32.92122854234401
TR-043590,2025-10-03,october,Dry Van,2231.9,4391.59,4578.372596746059,4455.432524069345,4516.9025604077015,125.31256040770131
TR-043591,2025-10-03,october,Reefer,2900.8,6011.56,6158.807508061027,6181.157703772577,6169.982605916803,158.42260591680224
TR-043592,2025-10-03,october,Dry Van,127.8,360.5,354.6259687707694,333.40867454282693,344.0173216567982,16.482678343201826
TR-043593,2025-10-03,october,Dry Van,1952.6,3719.42,3765.7681716772313,3877.7558484264578,3821.7620100518443,102.34201005184423
TR-043594,2025-10-03,october,Dry Van,533.1,1138.44,1126.892762222696,1124.7869627534865,1125.8398624880913,12.60013751190877
TR-043595,2025-10-03,october,Dry Van,826.3,1815.62,1755.2014994734236,1784.1404746516303,1769.6709870625268,45.94901293747307
TR-043596,2025-10-03,october,Dry Van,1714.7,3392.57,3525.1804988596623,3538.968213629225,3532.0743562444436,139.50435624444344
TR-043597,2025-10-03,october,Flatbed,814.1,2040.58,1925.9049246341483,1909.605780058639,1917.7553523463937,122.82464765360623
TR-043598,2025-10-03,october,Dry Van,1129.1,2373.1,2374.0222144221552,2406.9346614024303,2390.478437912293,17.378437912293066
TR-043599,2025-10-03,october,Dry Van,2040.6,3871.02,3993.308278844431,3994.987768469755,3994.148023657093,123.12802365709285
TR-043600,2025-10-03,october,Reefer,740.1,1782.45,1775.3455451547954,1769.2108510216344,1772.278198088215,10.171801911784996
TR-043601,2025-10-03,october,Dry Van,2025.3,4020.29,4042.430165211666,3996.0954364015615,4019.262800806614,1.027199193385968
TR-043602,2025-10-03,october,Flatbed,592.0,1312.03,1343.4364615047843,1370.804200180672,1357.1203308427282,45.090330842728235
TR-043603,2025-10-03,october,Dry Van,1105.1,2342.27,2374.205065750036,2379.959453499843,2377.0822596249395,34.81225962493954
TR-043604,2025-10-03,october,Dry Van,1565.9,3220.84,3180.2847759345104,3191.1854072774095,3185.73509160596,35.104908394040194
TR-043605,2025-10-03,october,Flatbed,1213.8,2734.86,2674.711944483527,2666.1479181204154,2670.429931301971,64.43006869802912
TR-043606,2025-10-03,october,Dry Van,2292.4,4300.69,4513.9471197644725,4456.57493574775,4485.261027756111,184.5710277561111
TR-043607,2025-10-03,october,Reefer,1921.8,4309.19,4169.4578088897915,4299.538420555287,4234.498114722539,74.69188527746064
TR-043608,2025-10-03,october,Reefer,1176.4,2768.84,2650.0160828034977,2787.245875843287,2718.6309793233922,50.209020676607906
TR-043609,2025-10-03,october,Dry Van,3096.5,5421.97,5529.638004687964,5424.585870852108,5477.111937770036,55.14193777003584
TR-043610,2025-10-03,october,Dry Van,2071.7,4008.9,4138.605320614881,4114.533772393817,4126.569546504349,117.669546504349
TR-043611,2025-10-03,october,Dry Van,534.0,1170.72,1166.0727031094993,1151.5857015686888,1158.829202339094,11.890797660905946
TR-043612,2025-10-03,october,Flatbed,2696.2,5165.38,5405.515090239816,5534.717338932371,5470.1162145860935,304.7362145860934
TR-043613,2025-10-03,october,Reefer,321.3,903.02,895.1693953187521,831.5166514274849,863.3430233731185,39.67697662688147
TR-043614,2025-10-03,october,Dry Van,784.4,1652.81,1646.7189933220743,1655.9395188633782,1651.3292560927262,1.4807439072737907
TR-043615,2025-10-03,october,Dry Van,439.7,953.94,958.6704928900367,957.2559015867712,957.963197238404,4.023197238403895
TR-043616,2025-10-03,october,Flatbed,826.0,1842.01,1787.4173602669798,1812.775038808178,1800.0961995375787,41.91380046242125
TR-043617,2025-10-03,october,Dry Van,448.4,1055.81,1058.0830989284323,1004.2743487826808,1031.1787238555567,24.63127614444329
TR-043618,2025-10-03,october,Dry Van,1234.9,2471.27,2490.072611080738,2498.399095868807,2494.2358534747727,22.965853474772757
TR-043619,2025-10-03,october,Reefer,1123.5,2713.34,2514.8263683322048,2557.1733208948513,2535.999844613528,177.34015538647236
TR-043620,2025-10-03,october,Dry Van,728.8,1681.52,1640.8330168261523,1636.2428562025707,1638.5379365143615,42.98206348563849
TR-043621,2025-10-03,october,Dry Van,1562.4,3102.36,3156.6288347994546,3100.5935446656486,3128.611189732552,26.251189732551666
TR-043622,2025-10-03,october,Dry Van,953.6,1954.35,1966.0353271753736,2013.1383576017706,1989.5868423885722,35.23684238857231
TR-043623,2025-10-03,october,Dry Van,988.9,2099.59,2040.8756648892713,2040.5123920421224,2040.6940284656969,58.89597153430327
TR-043624,2025-10-03,october,Reefer,2866.1,6260.64,5869.117896199842,6138.2086008064725,6003.663248503157,256.97675149684346
TR-043625,2025-10-03,october,Dry Van,1306.6,2574.34,2559.640188853268,2658.0441769681247,2608.8421829106965,34.50218291069632
TR-043626,2025-10-03,october,Dry Van,1047.1,2164.69,2141.7667638662642,2170.527194502739,2156.1469791845016,8.543020815498494
TR-043627,2025-10-03,october,Flatbed,355.5,920.52,933.9864361907615,909.1336605070417,921.5600483489015,1.0400483489015642
TR-043628,2025-10-03,october,Reefer,855.6,1923.65,1841.6373247432055,1865.670641955797,1853.6539833495012,69.99601665049886
TR-043629,2025-10-03,october,Flatbed,872.7,1990.73,1961.5793843972156,1965.9981771495861,1963.788780773401,26.94121922659906
TR-043630,2025-10-03,october,Flatbed,709.9,1664.69,1609.8231296225085,1609.6548586622034,1609.738994142356,54.95100585764408
TR-043631,2025-10-03,october,Dry Van,488.3,1137.99,1120.6762047869893,1115.207912993819,1117.942058890404,20.047941109595968
TR-043632,2025-10-03,october,Flatbed,645.1,1504.21,1492.1506091492695,1498.7455639576708,1495.4480865534701,8.761913446529888
TR-043633,2025-10-03,october,Dry Van,656.0,1469.29,1456.2992812947641,1465.4948945915153,1460.8970879431397,8.392912056860268
TR-043634,2025-10-03,october,Dry Van,505.5,1151.86,1154.6001561661315,1132.6465096889829,1143.6233329275572,8.236667072442742
TR-043635,2025-10-03,october,Dry Van,629.3,1411.05,1378.7970798380543,1376.8205513856828,1377.8088156118686,33.24118438813139
TR-043636,2025-10-03,october,Dry Van,1424.8,2798.24,2855.026808874936,2830.000802059706,2842.5138054673207,44.273805467320926
TR-043637,2025-10-03,october,Dry Van,2232.1,4336.33,4490.36384762331,4381.032491752147,4435.698169687728,99.36816968772837
TR-043638,2025-10-03,october,Dry Van,2653.0,4743.68,4945.675876320718,4918.680248156452,4932.178062238585,188.49806223858468
TR-043639,2025-10-03,october,Dry Van,2114.2,3959.56,4032.8323800131543,4072.9316791723427,4052.8820295927485,93.32202959274855
TR-043640,2025-10-03,october,Reefer,509.0,1369.01,1342.446341912322,1304.912273748519,1323.6793078304204,45.330692169579606
TR-043641,2025-10-04,october,Dry Van,1629.0,3116.04,3172.440150906503,3255.8201378571644,3214.130144381834,98.09014438183385
TR-043642,2025-10-04,october,Reefer,2173.0,4712.14,4607.992833790385,4725.857222907911,4666.925028349147,45.21497165085293
TR-043643,2025-10-04,october,Dry Van,985.2,8236.26,1915.3299942124588,1976.2613345280706,1945.7956643702646,6290.464335629736
TR-043644,2025-10-04,october,Flatbed,937.3,2107.24,2030.5226955937558,2106.11755991538,2068.3201277545677,38.91987224543209
TR-043645,2025-10-04,october,Reefer,723.3,1636.11,1672.631900896047,1576.5588151120855,1624.5953580040664,11.514641995933516
TR-043646,2025-10-04,october,Reefer,2077.2,4496.97,4407.999313738428,4450.748666260557,4429.373989999493,67.5960100005077
TR-043647,2025-10-04,october,Dry Van,829.0,1760.84,1728.441392577038,1779.1182426915434,1753.7798176342908,7.0601823657091245
TR-043648,2025-10-04,october,Dry Van,283.1,714.11,697.8887258077972,685.4122506985752,691.6504882531863,22.459511746813746
TR-043649,2025-10-04,october,Reefer,1705.1,3624.75,3688.125382171872,3751.4069023622296,3719.766142267051,95.01614226705078
TR-043650,2025-10-04,october,Reefer,2303.3,4847.61,4871.040731119971,4892.24109726487,4881.6409141924205,34.03091419242082
TR-043651,2025-10-04,october,Dry Van,351.9,820.92,823.3909356824672,784.9248749751096,804.1579053287884,16.76209467121157
TR-043652,2025-10-04,october,Flatbed,428.0,993.82,1020.4668380753549,999.3484783686715,1009.9076582220132,16.087658222013147
TR-043653,2025-10-04,october,Dry Van,2008.5,3708.06,3857.2299538233688,3879.1560429140914,3868.19299836873,160.1329983687301
TR-043654,2025-10-04,october,Dry Van,1140.5,2419.17,2371.4299559428914,2375.8709476549398,2373.6504517989156,45.51954820108449
TR-043655,2025-10-04,october,Flatbed,2044.1,4046.09,4260.778966216455,4291.402607240378,4276.090786728417,230.00078672841664
TR-043656,2025-10-04,october,Dry Van,2883.7,4938.57,5177.937911555925,5080.98876312917,5129.463337342548,190.89333734254797
TR-043657,2025-10-04,october,Flatbed,2037.8,4076.29,4354.274853083242,4359.173463685808,4356.724158384525,280.4341583845253
TR-043658,2025-10-04,october,Reefer,1248.7,2792.04,2767.8590560141056,2804.0918174613803,2785.9754367377427,6.064563262257252
TR-043659,2025-10-04,october,Dry Van,2073.0,4024.07,4198.980542602144,4128.3828151779435,4163.681678890043,139.6116788900431
TR-043660,2025-10-04,october,Dry Van,1669.4,3412.66,3449.4744119238185,3389.1550884133376,3419.314750168578,6.654750168578175
TR-043661,2025-10-04,october,Dry Van,684.3,1506.16,1436.1960064464424,1442.9109096621523,1439.5534580542974,66.6065419457027
TR-043662,2025-10-04,october,Dry Van,1397.7,2798.93,2811.3430594685406,2794.7845257830722,2803.0637926258064,4.133792625806564
TR-043663,2025-10-04,october,Flatbed,1993.5,4036.53,4206.842053234334,4245.526099637935,4226.184076436135,189.6540764361348
TR-043664,2025-10-04,october,Dry Van,940.6,1861.61,1929.3110174105022,1917.095140617374,1923.2030790139381,61.59307901393822
TR-043665,2025-10-04,october,Dry Van,662.7,1419.09,1370.6421264007865,1378.3560692458047,1374.4990978232956,44.590902176704276
TR-043666,2025-10-04,october,Flatbed,560.8,1329.77,1291.5256718495248,1307.06625087955,1299.2959613645373,30.474038635462648
TR-043667,2025-10-04,october,Dry Van,886.2,1776.12,1766.6022802895134,1801.5203498723818,1784.0613150809477,7.941315080947788
TR-043668,2025-10-04,october,Flatbed,694.1,1577.96,1592.9368870321591,1581.4498174336552,1587.1933522329073,9.233352232907237
TR-043669,2025-10-04,october,Reefer,2046.0,4340.8,4363.408226201785,4450.034116617875,4406.72117140983,65.9211714098301
TR-043670,2025-10-04,october,Reefer,1686.4,3787.11,3608.8212525836057,3666.957063991833,3637.8891582877195,149.22084171228062
TR-043671,2025-10-04,october,Dry Van,1708.9,3276.76,3420.9845127359363,3358.961552240302,3389.9730324881193,113.2130324881191
TR-043672,2025-10-04,october,Dry Van,1789.5,3482.73,3569.3140868575997,3616.9957408962846,3593.1549138769424,110.42491387694236
TR-043673,2025-10-04,october,Flatbed,1061.1,2257.75,2302.581544007643,2301.4846166858842,2302.0330803467637,44.283080346763654
TR-043674,2025-10-04,october,Flatbed,2071.4,1274.95,4320.480202742122,4379.1392037221485,4349.809703232135,3074.859703232135
TR-043675,2025-10-04,october,Flatbed,936.6,2050.65,1983.1055314906991,2076.8705521998154,2029.9880418452572,20.661958154742933
TR-043676,2025-10-04,october,Dry Van,122.1,328.91,336.80156956102354,330.5662729230403,333.68392124203194,4.773921242031918
TR-043677,2025-10-04,october,Flatbed,2712.1,5235.99,5344.046009306966,5340.2499520929505,5342.147980699958,106.15798069995799
TR-043678,2025-10-04,october,Dry Van,890.2,1666.27,1780.5337525955804,1766.72563209487,1773.629692345225,107.35969234522508
TR-043679,2025-10-04,october,Dry Van,269.9,620.95,650.0128728292129,619.1583305307497,634.5856016799813,13.635601679981278
TR-043680,2025-10-04,october,Reefer,893.4,2192.5,2079.9460043555987,2082.070985758845,2081.008495057222,111.49150494277819
TR-043681,2025-10-04,october,Reefer,468.7,1227.83,1182.7042436785016,1152.554053035346,1167.629148356924,60.20085164307602
TR-043682,2025-10-04,october,Flatbed,807.3,1880.52,1830.4377831431414,1883.263099846987,1856.8504414950642,23.66955850493582
TR-043683,2025-10-04,october,Dry Van,1624.9,3260.47,3306.908283517841,3354.5366659714086,3330.722474744625,70.25247474462503
TR-043684,2025-10-04,october,Dry Van,596.5,1327.19,1302.5877896094357,1296.2518374165456,1299.4198135129907,27.77018648700937
TR-043685,2025-10-04,october,Reefer,1445.5,3302.07,3179.069311752154,3212.830472168185,3195.9498919601697,106.12010803983048
TR-043686,2025-10-04,october,Reefer,290.1,823.97,814.442674791095,755.4352336197771,784.9389542054361,39.031045794563966
TR-043687,2025-10-04,october,Dry Van,1491.4,3109.53,3142.5603725730025,3120.2864212952636,3131.423396934133,21.893396934132852
TR-043688,2025-10-04,october,Flatbed,153.4,459.09,462.5010096909293,435.9826197571397,449.2418147240345,9.848185275965477
TR-043689,2025-10-04,october,Dry Van,1515.7,2945.56,2971.366357656419,2997.890948293433,2984.628652974926,39.06865297492595
TR-043690,2025-10-04,october,Flatbed,507.9,1314.59,1289.2002819978563,1288.575257379695,1288.8877696887757,25.702230311224184
TR-043691,2025-10-04,october,Flatbed,693.1,548.16,1519.226115471491,1514.1203113638453,1516.6732134176682,968.5132134176682
TR-043692,2025-10-04,october,Flatbed,114.4,367.01,394.48117959505265,397.8930317079976,396.18710565152514,29.177105651525153
TR-043693,2025-10-04,october,Reefer,1108.6,2476.11,2489.5306172130927,2512.5100605256384,2501.0203388693653,24.910338869365205
TR-043694,2025-10-04,october,Dry Van,587.1,1283.4,1294.250708201067,1277.241712430055,1285.746210315561,2.3462103155609384
TR-043695,2025-10-04,october,Flatbed,2123.6,4203.77,4423.927814657713,4425.827722366004,4424.877768511858,221.107768511858
TR-043696,2025-10-04,october,Dry Van,665.6,1475.54,1446.115202490116,1502.7403245893279,1474.427763539722,1.112236460277927
TR-043697,2025-10-04,october,Reefer,397.0,1033.03,1004.919050691369,930.8876240398627,967.9033373656158,65.12666263438416
TR-043698,2025-10-04,october,Dry Van,748.7,1697.51,1622.1467762354087,1617.255765821703,1619.7012710285558,77.80872897144422
TR-043699,2025-10-04,october,Dry Van,585.1,1321.52,1296.805660224375,1275.897180630767,1286.3514204275712,35.168579572428825
TR-043700,2025-10-04,october,Reefer,650.5,1474.42,1466.4410522403834,1443.095628778748,1454.7683405095659,19.651659490434213
TR-043701,2025-10-04,october,Dry Van,889.0,1832.33,1842.617726923432,1833.659864109716,1838.138795516574,5.808795516574037
TR-043702,2025-10-04,october,Reefer,661.2,1604.25,1588.7770065435614,1489.3338375756618,1539.0554220596116,65.1945779403884
TR-043703,2025-10-04,october,Dry Van,519.4,1206.42,1169.0129603878095,1183.240951070929,1176.1269557293692,30.293044270630844
TR-043704,2025-10-04,october,Flatbed,70.0,236.92,279.5555179019579,308.0705607055452,293.81303930375157,56.89303930375158
TR-043705,2025-10-04,october,Reefer,1943.2,785.33,4134.041559683013,4278.4965940423735,4206.269076862693,3420.9390768626927
TR-043706,2025-10-04,october,Dry Van,436.6,1021.77,1010.5482358006053,984.5098040091191,997.5290199048623,24.24098009513773
TR-043707,2025-10-04,october,Dry Van,1398.2,2768.1,2820.625565402347,2807.877139996502,2814.2513526994244,46.15135269942448
TR-043708,2025-10-04,october,Flatbed,496.5,1208.93,1207.6998547605735,1190.7766737974398,1199.2382642790067,9.691735720993393
TR-043709,2025-10-04,october,Flatbed,2641.3,5280.63,5390.819178037854,5361.984099266714,5376.4016386522835,95.7716386522834
TR-043710,2025-10-04,october,Dry Van,985.1,2130.66,2091.652745398191,2100.1629027015483,2095.9078240498698,34.752175950130095
TR-043711,2025-10-04,october,Dry Van,599.7,1231.13,1254.5537617527746,1256.8720194663997,1255.7128906095872,24.58289060958714
TR-043712,2025-10-04,october,Reefer,1650.6,3788.94,3557.684343923693,3740.0723793145326,3648.878361619113,140.06163838088696
TR-043713,2025-10-04,october,Flatbed,661.9,1530.87,1519.2734806782564,1503.2176837369539,1511.2455822076051,19.624417792394752
TR-043714,2025-10-04,october,Flatbed,1202.8,2663.29,2611.067662584243,2691.2698416872936,2651.168752135768,12.121247864231918
TR-043715,2025-10-04,october,Dry Van,1354.6,2579.7,2683.2623962491884,2724.2007553492676,2703.7315757992283,124.03157579922845
TR-043716,2025-10-04,october,Reefer,540.1,1324.87,1299.3012234023652,1254.9919965521997,1277.1466099772824,47.72339002271747
TR-043717,2025-10-04,october,Reefer,1540.0,3270.72,3292.7975597524455,3291.534436708202,3292.1659982303236,21.445998230323767
TR-043718,2025-10-04,october,Reefer,3143.8,6619.87,6475.923910919944,6841.7513788334345,6658.837644876689,38.96764487668952
TR-043719,2025-10-04,october,Dry Van,264.1,659.64,640.2150777472507,618.5183822712686,629.3667300092596,30.273269990740346
TR-043720,2025-10-04,october,Reefer,2425.1,5192.29,5104.390165776734,5192.927682555308,5148.65892416602,43.631075833979594
TR-043721,2025-10-04,october,Reefer,1231.7,2769.33,2717.1005499499183,2731.3289222082367,2724.2147360790777,45.11526392092219
TR-043722,2025-10-04,october,Dry Van,1052.4,2299.67,2172.888728181129,2213.030573877147,2192.959651029138,106.71034897086201
TR-043723,2025-10-04,october,Dry Van,254.3,628.7,642.1750255666227,591.1723510324448,616.6736882995338,12.026311700466294
TR-043724,2025-10-04,october,Dry Van,529.6,1229.26,1175.7472231454467,1211.9287133553175,1193.8379682503821,35.42203174961787
TR-043725,2025-10-04,october,Reefer,2578.6,5479.97,5310.265701430385,5464.4262659101105,5387.345983670248,92.62401632975252
TR-043726,2025-10-04,october,Dry Van,2031.1,3853.49,3950.25252402341,3932.6270589906117,3941.439791507011,87.94979150701101
TR-043727,2025-10-04,october,Dry Van,2117.6,8592.93,3889.7327441221464,3906.8606834383177,3898.296713780232,4694.633286219769
TR-043728,2025-10-04,october,Flatbed,516.9,1252.52,1240.8034635468434,1256.1552637946543,1248.4793636707489,4.040636329251129
TR-043729,2025-10-04,october,Flatbed,298.9,878.24,830.5535076006261,824.1245384070389,827.3390230038325,50.900976996167515
TR-043730,2025-10-04,october,Dry Van,385.6,1000.57,953.2266262459743,930.4125675198397,941.819596882907,58.750403117093015
TR-043731,2025-10-04,october,Dry Van,525.2,1173.39,1146.4557267914915,1130.1558286961936,1138.3057777438426,35.084222256157545
TR-043732,2025-10-04,october,Dry Van,3228.2,5555.83,5830.951433725466,5713.52248380562,5772.236958765543,216.4069587655431
TR-043733,2025-10-04,october,Dry Van,935.5,1938.54,1970.3335248042913,1959.022779209763,1964.6781520070272,26.1381520070272
TR-043734,2025-10-04,october,Dry Van,296.7,729.62,718.2240358028624,657.9278714660986,688.0759536344806,41.54404636551942
TR-043735,2025-10-04,october,Dry Van,1977.2,3909.68,3982.7488330215906,3989.4821149624295,3986.1154739920103,76.43547399201043
TR-043736,2025-10-04,october,Flatbed,189.0,544.04,560.9977537512823,527.0210481482977,544.00940094979,0.030599050209957568
TR-043737,2025-10-04,october,Dry Van,111.0,311.38,335.240030756634,303.2423930730888,319.2412119148614,7.861211914861428
TR-043738,2025-10-04,october,Dry Van,1306.2,2523.73,2511.5285869039612,2612.7777410865015,2562.1531639952314,38.423163995231334
TR-043739,2025-10-04,october,Reefer,2899.8,5601.89,5641.5743075290175,5754.230039617863,5697.90217357344,96.01217357344012
TR-043740,2025-10-04,october,Dry Van,245.7,584.56,597.3130842655106,540.8616937102181,569.0873889878644,15.47261101213553
TR-043741,2025-10-04,october,Reefer,826.0,1977.98,1885.4711404802097,1881.5191338986572,1883.4951371894335,94.48486281056648
TR-043742,2025-10-04,october,Dry Van,815.0,1708.09,1693.1519055075676,1712.1809775364204,1702.6664415219939,5.4235584780060435
TR-043743,2025-10-04,october,Reefer,1166.9,2682.14,2580.9166243802783,2637.7143530431485,2609.3154887117134,72.82451128828643
TR-043744,2025-10-04,october,Dry Van,332.8,850.3,811.1853577663381,791.5683371153025,801.3768474408203,48.9231525591797
TR-043745,2025-10-04,october,Dry Van,559.0,1297.39,1206.4289520158559,1207.306547593435,1206.8677498046454,90.52225019535467
TR-043746,2025-10-04,october,Dry Van,2748.5,4845.69,5067.971747850365,4878.280825916761,4973.126286883564,127.43628688356421
TR-043747,2025-10-04,october,Reefer,1603.8,3598.91,3460.17097205992,3513.868090424304,3487.019531242112,111.8904687578879
TR-043748,2025-10-04,october,Dry Van,2405.0,4429.13,4499.477165785396,4385.190448206517,4442.333806995957,13.203806995957166
TR-043749,2025-10-04,october,Dry Van,201.0,533.64,520.0471899936626,504.75077038837526,512.398980191019,21.241019808981036
TR-043750,2025-10-04,october,Reefer,1800.5,3891.84,3726.9801120515617,3863.7706487446385,3795.3753803981,96.46461960190027
TR-043751,2025-10-04,october,Reefer,1026.7,2290.3,2273.6946976474756,2255.72113939844,2264.7079185229577,25.592081477042484
TR-043752,2025-10-04,october,Flatbed,166.0,475.85,515.8517765539401,460.50734947977685,488.1795630168585,12.329563016858458
TR-043753,2025-10-04,october,Dry Van,1970.2,3865.88,3884.0380381483724,3957.707713683144,3920.8728759157584,54.992875915758304
TR-043754,2025-10-04,october,Flatbed,956.6,2070.69,2092.740384501148,2123.062628688165,2107.901506594657,37.21150659465684
TR-043755,2025-10-04,october,Dry Van,803.2,1756.9,1678.8573319216994,1700.8333357552037,1689.8453338384516,67.05466616154854
TR-043756,2025-10-04,october,Dry Van,2317.4,4610.23,4635.167393530589,4606.288118594703,4620.727756062646,10.497756062646658
TR-043757,2025-10-04,october,Dry Van,1749.8,3297.05,3465.2331879439066,3417.2179074822507,3441.2255477130784,144.17554771307823
TR-043758,2025-10-04,october,Dry Van,1932.5,3828.19,3827.734287759972,3832.2291137411653,3829.981700750569,1.791700750568907
TR-043759,2025-10-04,october,Reefer,114.5,382.8,389.1644764360976,367.7104696275435,378.43747303182056,4.362526968179452
TR-043760,2025-10-04,october,Dry Van,2108.4,3873.89,3995.8558497075214,3980.5337507036893,3988.194800205605,114.30480020560526
TR-043761,2025-10-04,october,Reefer,393.7,966.85,987.3470849205396,935.1877921112282,961.2674385158839,5.582561484116127
TR-043762,2025-10-04,october,Dry Van,660.5,1479.39,1420.7672402488654,1378.2127162790262,1399.4899782639459,79.90002173605421
TR-043763,2025-10-04,october,Dry Van,612.3,1312.59,1277.8637119616951,1311.2607648243534,1294.5622383930242,18.027761606975673
TR-043764,2025-10-04,october,Reefer,418.6,1058.82,1036.1804800110112,993.1545666585316,1014.6675233347714,44.152476665228505
TR-043765,2025-10-04,october,Flatbed,2256.1,4554.3,4674.101064513184,4760.459206623798,4717.2801355684915,162.98013556849128
TR-043766,2025-10-04,october,Dry Van,2090.0,3893.45,4037.8649100654843,3950.8944550476135,3994.3796825565487,100.92968255654887
TR-043767,2025-10-04,october,Reefer,1260.3,2911.9,2852.878336900623,2794.68708478603,2823.7827108433266,88.11728915667345
TR-043768,2025-10-04,october,Flatbed,238.1,666.14,653.2669191902194,631.8541235025675,642.5605213463934,23.579478653606543
TR-043769,2025-10-04,october,Dry Van,1296.3,2671.78,2678.3772911555425,2703.38630982674,2690.8818004911413,19.101800491141148
TR-043770,2025-10-04,october,Flatbed,1416.4,3207.15,3036.485104686867,3172.889044012193,3104.68707434953,102.46292565046997
TR-043771,2025-10-04,october,Reefer,1511.2,3377.25,3323.107684831388,3302.4302465086666,3312.7689656700272,64.48103432997277
TR-043772,2025-10-04,october,Reefer,1746.9,3892.47,3806.6183123466312,3889.3540251316163,3847.986168739124,44.48383126087583
TR-043773,2025-10-04,october,Dry Van,2757.0,5122.83,5187.360816246054,5167.131308105394,5177.246062175724,54.41606217572371
TR-043774,2025-10-04,october,Dry Van,769.2,1527.39,1547.9894025103415,1544.2061409595765,1546.097771734959,18.707771734958897
TR-043775,2025-10-04,october,Dry Van,865.0,1810.92,1768.0493399548814,1793.9153558915568,1780.982347923219,29.937652076780978
TR-043776,2025-10-04,october,Dry Van,603.7,1358.72,1299.3831025383931,1304.591489120842,1301.9872958296176,56.732704170382476
TR-043777,2025-10-04,october,Dry Van,670.1,1445.2,1444.1885424961358,1460.774487771011,1452.4815151335733,7.2815151335732935
TR-043778,2025-10-04,october,Dry Van,1428.4,2882.24,2980.9630133936084,2929.42172956576,2955.192371479684,72.95237147968419
TR-043779,2025-10-04,october,Reefer,2514.7,5443.87,5277.347322776412,5437.803937013502,5357.575629894956,86.29437010504353
TR-043780,2025-10-04,october,Dry Van,880.6,1859.45,1865.818543094985,1868.1902670594527,1867.004405077219,7.554405077218917
TR-043781,2025-10-04,october,Flatbed,906.1,2008.07,1931.0030744406633,1982.6296052374523,1956.816339839058,51.25366016094199
TR-043782,2025-10-04,october,Dry Van,2568.1,4695.78,4743.779784084631,4805.657380037765,4774.718582061198,78.93858206119785
TR-043783,2025-10-04,october,Dry Van,2499.3,4291.14,4599.806580238336,4515.758555739776,4557.782567989056,266.64256798905535
TR-043784,2025-10-04,october,Dry Van,596.0,1321.48,1304.1411663098486,1291.9311100557784,1298.0361381828134,23.443861817186644
TR-043785,2025-10-04,october,Flatbed,806.7,1832.78,1780.0168452362202,1815.1450895455755,1797.580967390898,35.199032609102005
TR-043786,2025-10-04,october,Reefer,1307.4,2841.05,2846.759019242846,2938.9026926343386,2892.8308559385923,51.78085593859214
TR-043787,2025-10-04,october,Dry Van,517.0,1171.18,1145.5656189403119,1152.4933881214195,1149.0295035308657,22.150496469134396
TR-043788,2025-10-04,october,Flatbed,1822.1,3781.63,3854.5590194166925,3927.8609823282595,3891.210000872476,109.58000087247592
TR-043789,2025-10-04,october,Flatbed,202.7,589.08,578.9357382561084,576.5234815577196,577.729609906914,11.350390093086048
TR-043790,2025-10-04,october,Dry Van,1168.8,2476.4,2461.2496808104743,2485.348513199007,2473.2990970047404,3.1009029952597302
TR-043791,2025-10-04,october,Dry Van,169.3,454.21,475.79110012974576,435.63992882365346,455.7155144766996,1.5055144766996023
TR-043792,2025-10-04,october,Dry Van,231.2,608.66,583.347771813179,553.0406178701207,568.1941948416498,40.46580515835012
TR-043793,2025-10-04,october,Dry Van,704.5,1589.78,1538.9196154352512,1555.488227812044,1547.2039216236476,42.57607837635237
TR-043794,2025-10-05,october,Dry Van,137.7,362.84,364.4994859458518,341.9476750934141,353.22358051963295,9.616419480367028
TR-043795,2025-10-05,october,Reefer,886.5,2190.49,2067.2713905930395,2087.658376480427,2077.4648835367334,113.02511646326639
TR-043796,2025-10-05,october,Dry Van,1490.2,2930.08,3088.5093128595013,3030.4639357350643,3059.486624297283,129.4066242972831
TR-043797,2025-10-05,october,Reefer,2278.4,4821.17,4821.430105658635,4904.351811987212,4862.8909588229235,41.72095882292342
TR-043798,2025-10-05,october,Dry Van,2513.2,4297.75,4581.032330111409,4544.772632346168,4562.902481228788,265.152481228788
TR-043799,2025-10-05,october,Dry Van,1137.7,2227.95,2259.5412780255106,2313.791179866621,2286.6662289460655,58.71622894606571
TR-043800,2025-10-05,october,Flatbed,957.8,2175.85,2139.6998032768684,2151.9782536453245,2145.8390284610964,30.010971538903505
TR-043801,2025-10-05,october,Flatbed,1933.0,3724.48,4053.108177348705,4037.3867357814815,4045.247456565093,320.7674565650932
TR-043802,2025-10-05,october,Flatbed,886.1,2032.14,1981.863757147685,2036.152631590474,2009.0081943690793,23.13180563092078
TR-043803,2025-10-05,october,Dry Van,781.8,1539.19,1586.897210411006,1616.1790108742446,1601.5381106426253,62.348110642625215
TR-043804,2025-10-05,october,Reefer,1887.5,4145.69,4026.15439846693,4085.5697294309884,4055.862063948959,89.82793605104052
TR-043805,2025-10-05,october,Reefer,1329.6,3099.4,2912.3702022662246,3004.5865418831804,2958.4783720747027,140.92162792529734
TR-043806,2025-10-05,october,Flatbed,1143.4,2437.21,2460.0458847805635,2514.114717344613,2487.080301062588,49.87030106258817
TR-043807,2025-10-05,october,Reefer,2703.5,5540.6,5699.267698965509,5718.45666419417,5708.86218157984,168.2621815798393
TR-043808,2025-10-05,october,Reefer,1513.4,3262.76,3196.1637544138393,3250.2217761623897,3223.1927652881145,39.5672347118857
TR-043809,2025-10-05,october,Flatbed,459.1,1125.42,1111.7917238037,1120.6324694544496,1116.212096629075,9.207903370925123
TR-043810,2025-10-05,october,Reefer,1858.0,3858.91,3931.1183085593934,4040.1303516642056,3985.6243301117993,126.71433011179943
TR-043811,2025-10-05,october,Flatbed,159.5,439.04,448.79815975312346,409.4472835399804,429.1227216465519,9.917278353448125
TR-043812,2025-10-05,october,Dry Van,2077.1,4057.63,4192.0610416351665,4117.481986073157,4154.771513854162,97.14151385416153
TR-043813,2025-10-05,october,Dry Van,1142.1,2331.03,2312.0786175087746,2338.5683064004,2325.3234619545874,5.706538045412799
TR-043814,2025-10-05,october,Dry Van,1167.6,2384.15,2403.4563531191393,2383.207149819333,2393.331751469236,9.181751469236133
TR-043815,2025-10-05,october,Reefer,455.2,1122.82,1088.3236362854343,1093.9943239160314,1091.1589801007328,31.661019899267103
TR-043816,2025-10-05,october,Dry Van,883.1,1729.91,1775.5561178057528,1740.8446391548757,1758.2003784803142,28.290378480314075
TR-043817,2025-10-05,october,Reefer,479.2,1118.16,1149.3129065582473,1118.226694098176,1133.7698003282117,15.609800328211577
TR-043818,2025-10-05,october,Reefer,314.3,868.53,857.9481436062224,843.1061497588521,850.5271466825372,18.002853317462723
TR-043819,2025-10-05,october,Flatbed,80.8,263.56,245.09397513561586,302.44116168861774,273.7675684121168,10.207568412116814
TR-043820,2025-10-05,october,Dry Van,751.0,1633.97,1623.7055576712232,1609.5580941257117,1616.6318258984675,17.33817410153256
TR-043821,2025-10-05,october,Flatbed,2093.1,4178.31,4419.096940651089,4478.080567518538,4448.588754084814,270.27875408481395
TR-043822,2025-10-05,october,Reefer,816.3,2094.64,1967.1446762824376,1938.912811627652,1953.0287439550448,141.6112560449551
TR-043823,2025-10-05,october,Dry Van,2363.0,4177.17,4377.248436514797,4337.458008462683,4357.35322248874,180.18322248874028
TR-043824,2025-10-05,october,Flatbed,225.0,646.74,627.8614296504478,604.9911995378477,616.4263145941477,30.31368540585231
TR-043825,2025-10-05,october,Flatbed,230.3,632.92,635.2565173321168,639.6157874720207,637.4361524020687,4.516152402068769
TR-043826,2025-10-05,october,Reefer,703.2,1652.34,1655.97024045073,1638.1008781680864,1647.0355593094082,5.3044406905917185
TR-043827,2025-10-05,october,Dry Van,2922.8,5079.21,5283.596776362089,5179.594323719149,5231.595550040619,152.3855500406189
TR-043828,2025-10-05,october,Flatbed,3310.6,6152.73,6051.794120818123,6414.01716661184,6232.905643714981,80.17564371498156
TR-043829,2025-10-05,october,Dry Van,1389.2,2785.51,2849.417297608376,2882.1039637189606,2865.760630663668,80.25063066366783
TR-043830,2025-10-05,october,Flatbed,2275.0,4402.88,4693.072380154641,4721.407573861739,4707.23997700819,304.35997700819007
TR-043831,2025-10-05,october,Flatbed,2794.3,5433.87,5542.043485082533,5793.12636325303,5667.5849241677815,233.71492416778165
TR-043832,2025-10-05,october,Dry Van,663.6,1429.58,1390.655380764877,1395.389005413268,1393.0221930890725,36.55780691092741
TR-043833,2025-10-05,october,Dry Van,1734.3,3352.17,3472.7720976855826,3387.0386110045865,3429.9053543450846,77.73535434508449
TR-043834,2025-10-05,october,Dry Van,1572.4,3063.16,3204.5756583071693,3126.813970746202,3165.6948145266856,102.53481452668575
TR-043835,2025-10-05,october,Dry Van,822.5,1606.06,1677.2467000839883,1665.607238087202,1671.4269690855951,65.3669690855952
TR-043836,2025-10-05,october,Dry Van,209.4,584.99,560.2747372936027,570.2255143820332,565.2501258378179,19.739874162182105
TR-043837,2025-10-05,october,Dry Van,265.0,651.87,637.491675297092,604.9883697009302,621.240022499011,30.629977500988957
TR-043838,2025-10-05,october,Flatbed,574.2,1355.11,1341.8491989922513,1357.9123342154894,1349.8807666038704,5.22923339612953
TR-043839,2025-10-05,october,Dry Van,1849.4,3490.4,3679.3733109791247,3611.3695833930524,3645.3714471860885,154.97144718608843
TR-043840,2025-10-05,october,Dry Van,624.3,1243.66,1267.8919971601301,1295.5986256976303,1281.74531142888,38.085311428880004
TR-043841,2025-10-05,october,Flatbed,767.8,1688.78,1665.2958330191896,1632.1130821707638,1648.7044575949767,40.07554240502327
TR-043842,2025-10-05,october,Reefer,610.4,1502.59,1444.1760881288567,1470.2572971116797,1457.216692620268,45.37330737973184
TR-043843,2025-10-05,october,Dry Van,1065.9,2109.69,2174.2517037438147,2195.8143848403297,2185.033044292072,75.34304429207214
TR-043844,2025-10-05,october,Dry Van,411.8,955.05,944.3754451781708,927.9881657206902,936.1818054494305,18.868194550569456
TR-043845,2025-10-05,october,Dry Van,749.7,1574.04,1576.9806830348275,1598.7295373734187,1587.855110204123,13.81511020412313
TR-043846,2025-10-05,october,Dry Van,788.2,1652.68,1614.675682340758,1637.5545917112722,1626.115137026015,26.5648629739851
TR-043847,2025-10-05,october,Dry Van,143.6,409.03,386.0315472810633,390.86664066992034,388.4490939754918,20.58090602450818
TR-043848,2025-10-05,october,Dry Van,980.8,2029.81,2074.489577006171,2065.0889921411285,2069.7892845736496,39.97928457364969
TR-043849,2025-10-05,october,Dry Van,573.7,1291.36,1256.2697634575575,1251.7803920210395,1254.0250777392985,37.33492226070143
TR-043850,2025-10-05,october,Dry Van,173.7,462.62,463.91435645800885,435.7442994812011,449.82932796960495,12.790672030395058
TR-043851,2025-10-05,october,Reefer,1005.4,2438.43,2349.928944959294,2367.811671406438,2358.870308182866,79.55969181713363
TR-043852,2025-10-05,october,Dry Van,461.1,1094.31,1067.7750364115116,1037.7247478395693,1052.7498921255406,41.56010787445939
TR-043853,2025-10-05,october,Dry Van,285.5,688.95,687.4917021287749,664.7486345757977,676.1201683522863,12.829831647713718
TR-043854,2025-10-05,october,Reefer,385.3,1055.69,1036.6152441484542,1004.1968560597759,1020.406050104115,35.28394989588503
TR-043855,2025-10-05,october,Reefer,1554.5,3402.93,3378.6253005450094,3349.9916254793443,3364.3084630121766,38.62153698782322
TR-043856,2025-10-05,october,Reefer,1849.6,3850.45,3910.3832375488487,3962.787661746701,3936.585449647775,86.1354496477752
TR-043857,2025-10-05,october,Dry Van,1986.9,3761.16,3829.816039417458,3804.407617461235,3817.1118284393465,55.95182843934663
TR-043858,2025-10-05,october,Dry Van,2046.2,4124.94,4120.793029820897,4121.722850797851,4121.257940309373,3.6820596906263745
TR-043859,2025-10-05,october,Flatbed,576.4,1464.25,1373.7480946895107,1358.8140850098698,1366.2810898496903,97.96891015030974
TR-043860,2025-10-05,october,Dry Van,1282.2,2569.74,2661.291085924981,2636.275768644806,2648.783427284893,79.04342728489337
TR-043861,2025-10-05,october,Dry Van,2475.6,4474.48,4650.4986328990535,4566.285668739368,4608.392150819211,133.9121508192111
TR-043862,2025-10-05,october,Flatbed,250.4,679.73,686.3045578247834,654.529146194913,670.4168520098482,9.313147990151833
TR-043863,2025-10-05,october,Dry Van,786.8,1641.35,1657.0361200604934,1665.1344876671822,1661.085303863838,19.735303863838
TR-043864,2025-10-05,october,Flatbed,3053.3,5800.91,5889.733081244903,6142.280701079483,6016.006891162193,215.09689116219306
TR-043865,2025-10-05,october,Flatbed,275.8,766.17,761.4567538209096,722.3733615220415,741.9150576714756,24.254942328524407
TR-043866,2025-10-05,october,Flatbed,462.5,1232.04,1196.972279367592,1175.5191833997455,1186.2457313836687,45.79426861633124
TR-043867,2025-10-05,october,Dry Van,2447.7,4487.22,4580.18717807593,4522.35119998671,4551.26918903132,64.04918903131966
TR-043868,2025-10-05,october,Reefer,2099.1,4287.3,4442.965169976933,4433.7433172646815,4438.354243620807,151.05424362080703
TR-043869,2025-10-05,october,Dry Van,2616.3,4614.15,4764.2883067325065,4665.808709581885,4715.048508157195,100.89850815719547
TR-043870,2025-10-05,october,Reefer,1516.7,3454.75,3343.931854026173,3424.418009091669,3384.174931558921,70.57506844107911
TR-043871,2025-10-05,october,Dry Van,2004.8,3896.22,3981.142137297757,4022.882943046583,4002.01254017217,105.79254017216999
TR-043872,2025-10-05,october,Reefer,288.1,737.2,749.3462985547269,703.970700639936,726.6584995973315,10.54150040266859
TR-043873,2025-10-05,october,Reefer,540.3,1295.99,1283.692673684671,1253.4528460865927,1268.572759885632,27.41724011436804
TR-043874,2025-10-05,october,Dry Van,725.1,1462.8,1538.8797125269327,1557.747009880401,1548.3133612036668,85.51336120366682
TR-043875,2025-10-05,october,Dry Van,1806.8,3359.38,3528.6030738760496,3475.5165651550888,3502.059819515569,142.67981951556885
TR-043876,2025-10-05,october,Flatbed,2098.5,4200.54,4428.6914778644095,4433.627667430395,4431.1595726474025,230.6195726474025
TR-043877,2025-10-05,october,Reefer,765.8,1814.57,1791.8117712790622,1743.7315104428033,1767.7716408609326,46.798359139067315
TR-043878,2025-10-05,october,Dry Van,243.1,593.84,587.8136879144462,563.6547533308401,575.7342206226431,18.105779377356953
TR-043879,2025-10-05,october,Dry Van,855.4,1804.12,1781.8883452059927,1819.5882181626046,1800.7382816842987,3.381718315701164
TR-043880,2025-10-05,october,Dry Van,1477.3,2935.08,3045.0448840298886,3026.699150311132,3035.8720171705104,100.79201717051046
TR-043881,2025-10-05,october,Reefer,606.6,1530.9,1474.0865276715429,1491.8412388950096,1482.9638832832761,47.93611671672397
TR-043882,2025-10-05,october,Dry Van,2366.1,4209.75,4414.727645490176,4282.484707045863,4348.606176268019,138.85617626801923
TR-043883,2025-10-05,october,Dry Van,388.2,957.06,936.7489488751332,917.6183988997066,927.1836738874199,29.876326112580045
TR-043884,2025-10-05,october,Dry Van,1559.8,2958.24,3104.186121320298,3033.4769802716046,3068.8315507959514,110.59155079595166
TR-043885,2025-10-05,october,Reefer,1057.5,2491.41,2355.863100640237,2423.804542062954,2389.8338213515954,101.5761786484045
TR-043886,2025-10-05,october,Reefer,680.7,1643.22,1574.6824247465943,1582.098417669978,1578.3904212082862,64.82957879171386
TR-043887,2025-10-05,october,Reefer,1348.4,11052.72,2983.716939414721,2878.578897961579,2931.1479186881497,8121.57208131185
TR-043888,2025-10-05,october,Reefer,1851.9,3737.91,3971.0299521218344,3931.99012543581,3951.5100387788225,213.60003877882264
TR-043889,2025-10-05,october,Flatbed,766.8,1765.8,1726.7907739095538,1708.1947238150785,1717.4927488623161,48.30725113768381
TR-043890,2025-10-05,october,Dry Van,931.4,1911.29,1920.0356985413644,1911.6734853608084,1915.8545919510864,4.564591951086413
TR-043891,2025-10-05,october,Dry Van,324.4,779.31,769.3307019738313,757.1767673889874,763.2537346814094,16.05626531859059
TR-043892,2025-10-05,october,Reefer,2023.7,4284.86,4185.044751882527,4291.677748219972,4238.36125005125,46.49874994874972
TR-043893,2025-10-05,october,Reefer,1517.0,3396.71,3283.2438248504673,3375.639406058209,3329.441615454338,67.26838454566223
TR-043894,2025-10-05,october,Reefer,82.9,279.76,258.91606714134633,305.0483533993179,281.9822102703321,2.2222102703320843
TR-043895,2025-10-05,october,Dry Van,532.9,1160.12,1149.3363498713018,1147.14019455482,1148.238272213061,11.881727786938882
TR-043896,2025-10-05,october,Reefer,1294.8,2848.75,2810.8137784000705,2781.623977695892,2796.218878047981,52.53112195201902
TR-043897,2025-10-05,october,Dry Van,556.0,1167.81,1145.213285330064,1186.0595886270207,1165.6364369785424,2.1735630214575394
TR-043898,2025-10-05,october,Dry Van,203.2,507.62,523.8577936235837,503.11902654966434,513.4884100866241,5.868410086624067
TR-043899,2025-10-05,october,Reefer,625.4,1472.72,1425.0662237363645,1444.7258228249873,1434.8960232806758,37.823976719324264
TR-043900,2025-10-05,october,Flatbed,592.6,1393.73,1369.4731729818136,1409.9572438130385,1389.715208397426,4.0147916025739505
TR-043901,2025-10-05,october,Flatbed,713.0,1607.33,1610.4958465827985,1592.9135036670532,1601.7046751249259,5.625324875074057
TR-043902,2025-10-05,october,Dry Van,1654.9,3247.32,3355.2908577680696,3327.909736130182,3341.6002969491255,94.28029694912539
TR-043903,2025-10-05,october,Flatbed,720.5,1689.73,1660.5415342925066,1642.6420475415475,1651.591790917027,38.138209082972935
TR-043904,2025-10-05,october,Dry Van,731.4,1531.51,1513.8751897268503,1552.1467235122911,1533.0109566195706,1.5009566195706157
TR-043905,2025-10-05,october,Flatbed,823.0,1830.18,1795.3953932468849,1831.0956668913543,1813.2455300691195,16.934469930880596
TR-043906,2025-10-05,october,Dry Van,1547.6,3017.98,3111.603960895471,2984.4622821692574,3048.033121532364,30.053121532364003
TR-043907,2025-10-05,october,Dry Van,345.5,809.89,805.6393899222638,761.9570038287061,783.798196875485,26.091803124514968
TR-043908,2025-10-05,october,Dry Van,762.3,1697.73,1693.207106133067,1662.4107202889606,1677.808913211014,19.92108678898603
TR-043909,2025-10-05,october,Dry Van,1649.8,3194.09,3311.6768916003994,3344.0369443604854,3327.8569179804426,133.76691798044249
TR-043910,2025-10-05,october,Dry Van,374.8,875.46,840.8768733922548,790.8630247257727,815.8699490590137,59.590050940986316
TR-043911,2025-10-05,october,Flatbed,595.1,1330.8,1357.9039840988125,1351.6826230255056,1354.793303562159,23.9933035621591
TR-043912,2025-10-05,october,Dry Van,2781.5,4904.69,5047.420453121954,4963.0886613426865,5005.25455723232,100.56455723232011
TR-043913,2025-10-05,october,Reefer,283.6,811.04,735.0928611686106,738.9020547652051,736.9974579669079,74.0425420330921
TR-043914,2025-10-05,october,Reefer,805.2,1843.84,1823.0382375065233,1816.5755534884495,1819.8068954974865,24.033104502513424
TR-043915,2025-10-05,october,Reefer,358.9,953.32,935.0555675267176,870.4524579885797,902.7540127576486,50.56598724235141
TR-043916,2025-10-05,october,Dry Van,335.3,808.69,794.1804500667524,762.6515116742905,778.4159808705215,30.274019129478575
TR-043917,2025-10-05,october,Dry Van,424.2,4646.65,956.5763837632563,921.1964308172744,938.8864072902654,3707.7635927097344
TR-043918,2025-10-05,october,Dry Van,293.0,698.11,701.9436456953264,688.3468127527146,695.1452292240206,2.9647707759794457
TR-043919,2025-10-05,october,Dry Van,492.7,1017.32,1048.590976028643,1054.3594013830775,1051.47518870586,34.15518870586004
TR-043920,2025-10-05,october,Dry Van,1989.6,3621.78,3815.549227274257,3816.5391184732566,3816.044172873757,194.2641728737567
TR-043921,2025-10-05,october,Flatbed,1798.7,3572.79,3813.715724673217,3796.5229678785145,3805.1193462758656,232.32934627586565
TR-043922,2025-10-05,october,Flatbed,2127.4,4471.7,4413.1539526400375,4506.4736790966845,4459.813815868361,11.886184131638402
TR-043923,2025-10-05,october,Dry Van,421.3,960.58,928.9578802258633,915.2442297185262,922.1010549721948,38.47894502780525
TR-043924,2025-10-05,october,Dry Van,305.9,742.04,728.5416512310953,732.6760072455772,730.6088292383363,11.43117076166368
TR-043925,2025-10-05,october,Dry Van,1122.7,2256.96,2228.9381273551926,2270.7321173688647,2249.8351223620284,7.124877637971622
TR-043926,2025-10-05,october,Dry Van,176.1,442.63,455.3650870345458,398.2801543086141,426.82262067157995,15.80737932842004
TR-043927,2025-10-05,october,Flatbed,1073.6,2343.92,2327.417802831351,2342.9757705685342,2335.1967866999425,8.723213300057523
TR-043928,2025-10-05,october,Dry Van,446.7,963.41,975.3817413566626,990.7288620612128,983.0553017089377,19.645301708937723
TR-043929,2025-10-05,october,Dry Van,586.9,1354.82,1306.5073590406143,1313.5558321854865,1310.0315956130503,44.78840438694965
TR-043930,2025-10-05,october,Dry Van,891.6,1881.9,1855.0827274076712,1869.1393826071692,1862.1110550074202,19.7889449925799
TR-043931,2025-10-05,october,Flatbed,919.6,2080.68,1974.598382359234,2032.8006128400546,2003.6994975996442,76.98050240035559
TR-043932,2025-10-05,october,Dry Van,685.1,1426.28,1433.8229866126624,1433.625594828881,1433.7242907207717,7.444290720771733
TR-043933,2025-10-05,october,Dry Van,1214.4,2509.73,2511.510078250976,2530.76199529856,2521.1360367747684,11.406036774768381
TR-043934,2025-10-05,october,Reefer,206.3,579.38,565.1930342913121,554.0652061867984,559.6291202390553,19.750879760944713
TR-043935,2025-10-05,october,Flatbed,293.4,829.88,801.2889377718418,822.4247012334722,811.856819502657,18.02318049734299
TR-043936,2025-10-05,october,Reefer,2279.4,4697.97,4709.670579350361,4774.2402242297685,4741.955401790065,43.985401790064316
TR-043937,2025-10-05,october,Dry Van,1444.5,2865.78,2954.4934718782815,2936.0189019683544,2945.2561869233177,79.47618692331753
TR-043938,2025-10-05,october,Dry Van,1028.1,2220.22,2240.3221788759165,2214.023387719877,2227.172783297897,6.9527832978969855
TR-043939,2025-10-05,october,Reefer,763.2,1922.64,1862.6631187139958,1776.627145276065,1819.6451319950304,102.9948680049697
TR-043940,2025-10-05,october,Flatbed,1738.9,3299.32,3675.420968816334,3700.2126765511966,3687.816822683765,388.496822683765
TR-043941,2025-10-06,october,Reefer,2201.7,4468.77,4631.421503866256,4607.785630888741,4619.603567377499,150.83356737749818
TR-043942,2025-10-06,october,Dry Van,1023.1,2034.14,2101.3445590100127,2106.8923518636643,2104.1184554368383,69.9784554368382
TR-043943,2025-10-06,october,Dry Van,1657.9,3118.92,3264.5364125030733,3241.120255223612,3252.828333863343,133.9083338633427
TR-043944,2025-10-06,october,Dry Van,452.9,1020.65,995.8935067855136,975.3952873741844,985.644397079849,35.00560292015098
TR-043945,2025-10-06,october,Dry Van,2087.0,4138.77,4188.902967345134,4172.950507889882,4180.9267376175085,42.15673761750804
TR-043946,2025-10-06,october,Dry Van,2091.5,4043.62,4128.3157696112485,4131.172364206721,4129.744066908985,86.12406690898479
TR-043947,2025-10-06,october,Dry Van,729.3,1573.69,1588.6866983241816,1600.1674542006033,1594.4270762623923,20.737076262392293
TR-043948,2025-10-06,october,Dry Van,1298.2,2537.6,2652.862844728223,2663.668959202248,2658.2659019652356,120.66590196523566
TR-043949,2025-10-06,october,Reefer,507.0,1354.69,1301.5978808379577,1270.875007090474,1286.2364439642158,68.45355603578423
TR-043950,2025-10-06,october,Flatbed,775.6,1810.66,1713.983939859633,1690.5280298639436,1702.2559848617884,108.40401513821166
TR-043951,2025-10-06,october,Reefer,2555.8,5246.48,5395.548909284894,5323.059185736947,5359.304047510921,112.82404751092145
TR-043952,2025-10-06,october,Dry Van,2231.8,3971.46,4263.150045715002,4204.037472417951,4233.593759066476,262.13375906647616
TR-043953,2025-10-06,october,Dry Van,741.8,1552.77,1541.2459372261844,1557.8567798382337,1549.5513585322092,3.2186414677908033
TR-043954,2025-10-06,october,Dry Van,235.9,624.15,620.7482062586349,599.9245687127047,610.3363874856698,13.813612514330202
TR-043955,2025-10-06,october,Dry Van,337.7,858.03,827.5255083743812,804.7819005609006,816.1537044676409,41.87629553235911
TR-043956,2025-10-06,october,Reefer,639.6,1486.69,1439.9600371122337,1448.0754296196112,1444.0177333659226,42.67226663407746
TR-043957,2025-10-06,october,Reefer,1273.2,2718.63,2719.6540343941074,2739.280477162522,2729.4672557783147,10.837255778314557
TR-043958,2025-10-06,october,Dry Van,1310.6,2460.16,2608.642161066134,2605.8411277997448,2607.241644432939,147.08164443293936
TR-043959,2025-10-06,october,Dry Van,410.2,947.3,939.413406340676,915.6855763555689,927.5494913481225,19.750508651877453
TR-043960,2025-10-06,october,Dry Van,260.4,618.64,619.8609172020881,575.6802362283067,597.7705767151974,20.869423284802565
TR-043961,2025-10-06,october,Reefer,3183.4,6161.01,6160.392938851087,6423.863470304403,6292.128204577744,131.1182045777441
TR-043962,2025-10-06,october,Flatbed,376.7,946.19,939.5804353393872,921.8248783022038,930.7026568207955,15.487343179204572
TR-043963,2025-10-06,october,Reefer,2423.6,4912.37,5212.897499010904,5074.880328800489,5143.888913905696,231.51891390569654
TR-043964,2025-10-06,october,Reefer,273.2,747.96,752.0725094878582,705.8704892377536,728.9714993628058,18.988500637194193
TR-043965,2025-10-06,october,Dry Van,2012.4,3624.9,3884.0679392704137,3884.779008209043,3884.4234737397283,259.52347373972816
TR-043966,2025-10-06,october,Reefer,901.0,2061.34,1957.6691817330675,1993.319494366646,1975.4943380498567,85.8456619501435
TR-043967,2025-10-06,october,Dry Van,830.5,1761.62,1742.9120045943391,1768.154212719056,1755.5331086566976,6.086891343302341
TR-043968,2025-10-06,october,Flatbed,554.1,1293.64,1240.0711244044044,1285.800997804843,1262.9360611046236,30.703938895376496
TR-043969,2025-10-06,october,Reefer,517.6,1318.59,1280.0582028761219,1281.5877346174357,1280.8229687467788,37.76703125322115
TR-043970,2025-10-06,october,Dry Van,1658.3,3182.58,3301.551032467346,3258.34777556049,3279.949404013918,97.36940401391803
TR-043971,2025-10-06,october,Reefer,588.9,1408.96,1384.1149152012226,1356.0763319343414,1370.095623567782,38.86437643221802
TR-043972,2025-10-06,october,Dry Van,1304.0,2653.8,2685.9973681156575,2733.1973465629467,2709.597357339302,55.797357339301925
TR-043973,2025-10-06,october,Dry Van,2554.5,4564.71,4678.672851891595,4688.687447433174,4683.680149662385,118.97014966238476
TR-043974,2025-10-06,october,Dry Van,1673.7,3230.92,3350.563306725819,3278.039042821152,3314.3011747734854,83.38117477348533
TR-043975,2025-10-06,october,Dry Van,935.1,1890.03,1937.0789071050183,1931.7890329195595,1934.433970012289,44.40397001228894
TR-043976,2025-10-06,october,Dry Van,373.7,903.04,881.0536735865514,859.3683819056898,870.2110277461206,32.82897225387933
TR-043977,2025-10-06,october,Reefer,1525.8,3330.57,3256.688037744789,3321.544488773633,3289.1162632592113,41.45373674078883
TR-043978,2025-10-06,october,Flatbed,606.9,1290.78,1308.454597687743,1349.635825616272,1329.0452116520075,38.265211652007565
TR-043979,2025-10-06,october,Flatbed,463.2,1136.45,1150.0691339206744,1108.0365737493025,1129.0528538349886,7.397146165011463
TR-043980,2025-10-06,october,Reefer,331.3,863.94,859.8880996865457,811.5253956242545,835.7067476554001,28.23325234459992
TR-043981,2025-10-06,october,Dry Van,1251.2,2609.34,2611.412654061003,2622.694079364399,2617.053366712701,7.713366712700918
TR-043982,2025-10-06,october,Dry Van,494.1,1061.3,1048.7897383701531,1076.755485277833,1062.772611823993,1.4726118239930202
TR-043983,2025-10-06,october,Reefer,968.7,2172.14,2193.312030807783,2173.4795059587204,2183.3957683832514,11.255768383251507
TR-043984,2025-10-06,october,Dry Van,130.2,363.74,381.7533848828682,353.5999976140447,367.67669124845645,3.936691248456441
TR-043985,2025-10-06,october,Reefer,1479.7,3195.86,3093.382785826955,3178.070705487189,3135.726745657072,60.13325434292801
TR-043986,2025-10-06,october,Reefer,898.3,1974.12,1948.3421617866559,1968.046664424925,1958.1944131057903,15.925586894209573
TR-043987,2025-10-06,october,Reefer,1454.0,3107.72,3115.67219606204,3093.66897859735,3104.670587329695,3.0494126703047186
TR-043988,2025-10-06,october,Flatbed,134.5,363.14,382.4501705615605,388.165498815855,385.30783468870777,22.167834688707785
TR-043989,2025-10-06,october,Reefer,1103.6,2586.91,2411.824614064078,2500.083202383325,2455.9539082237015,130.9560917762983
TR-043990,2025-10-06,october,Dry Van,1103.3,2332.39,2256.9175433227215,2242.763822535178,2249.8406829289497,82.54931707105015
TR-043991,2025-10-06,october,Reefer,721.1,1795.1,1781.325321891983,1691.1235220655126,1736.2244219787478,58.87557802125207
TR-043992,2025-10-06,october,Dry Van,737.8,1546.97,1538.1571884674818,1571.5128456198322,1554.835017043657,7.865017043656962
TR-043993,2025-10-06,october,Reefer,806.3,1796.04,1800.362160823182,1819.4159031380832,1809.8890319806326,13.849031980632617
TR-043994,2025-10-06,october,Reefer,427.0,1058.89,1079.3144903756863,1018.8975308527691,1049.1060106142277,9.78398938577243
TR-043995,2025-10-06,october,Reefer,1472.1,3165.13,3182.5211201377,3275.164078663546,3228.842599400623,63.71259940062282
TR-043996,2025-10-06,october,Dry Van,457.3,1067.6,1021.9112445236672,999.6441569616045,1010.7777007426358,56.82229925736408
TR-043997,2025-10-06,october,Flatbed,2187.0,4472.27,4651.995413137772,4647.577281244968,4649.78634719137,177.51634719136928
TR-043998,2025-10-06,october,Reefer,1604.2,3579.44,3501.98727423891,3571.4038629591105,3536.69556859901,42.744431400989924
TR-043999,2025-10-06,october,Dry Van,834.0,1662.93,1732.9060140760355,1746.2836818048756,1739.5948479404556,76.6648479404555
TR-044000,2025-10-06,october,Dry Van,3059.4,5836.48,5759.0560395765615,5872.605182883494,5815.830611230028,20.649388769971665
TR-044001,2025-10-06,october,Reefer,1515.1,3215.63,3213.0046522993052,3305.8201916252474,3259.4124219622763,43.7824219622762
TR-044002,2025-10-06,october,Dry Van,2234.6,4373.47,4518.196844488828,4343.994791041424,4431.095817765126,57.62581776512616
TR-044003,2025-10-06,october,Dry Van,642.8,1363.25,1341.612227091656,1363.2461392295095,1352.4291831605829,10.820816839417148
TR-044004,2025-10-06,october,Dry Van,2097.2,3980.77,4124.583565929015,4089.4239359809853,4107.003750955,126.23375095500023
TR-044005,2025-10-06,october,Dry Van,1023.5,2030.02,2086.783058397276,2124.761797699823,2105.7724280485495,75.75242804854952
TR-044006,2025-10-06,october,Flatbed,2009.4,3811.81,4263.056965131382,4183.717020057418,4223.3869925944,411.57699259440005
TR-044007,2025-10-06,october,Dry Van,345.5,807.11,808.6726120380091,771.5333328867184,790.1029724623638,17.00702753763619
TR-044008,2025-10-06,october,Dry Van,360.6,905.93,875.059624299919,841.9236753327448,858.4916498163319,47.438350183668035
TR-044009,2025-10-06,october,Reefer,1155.1,2506.97,2569.038682415348,2580.5555764497058,2574.797129432527,67.82712943252727
TR-044010,2025-10-06,october,Reefer,92.7,291.93,270.583567719361,346.81644630652704,308.700007012944,16.770007012944006
TR-044011,2025-10-06,october,Flatbed,1890.8,3918.02,4057.003682792446,4155.415092316733,4106.209387554589,188.18938755458885
TR-044012,2025-10-06,october,Reefer,2796.2,5501.66,5747.714174878673,5918.1850542096045,5832.949614544139,331.2896145441391
TR-044013,2025-10-06,october,Reefer,318.3,875.47,857.6483864968941,845.6243093689804,851.6363479329373,23.833652067062758
TR-044014,2025-10-06,october,Flatbed,1052.9,2275.74,2326.8604744507916,2335.8366314048176,2331.3485529278046,55.608552927804794
TR-044015,2025-10-06,october,Dry Van,663.0,337.89,1363.9558944577943,1367.1055923587437,1365.530743408269,1027.640743408269
TR-044016,2025-10-06,october,Reefer,374.0,956.77,962.4794286183142,945.7544376213295,954.1169331198219,2.6530668801781303
TR-044017,2025-10-06,october,Dry Van,1592.3,3218.43,3286.4644327993497,3250.5333738918907,3268.4989033456204,50.06890334562058
TR-044018,2025-10-06,october,Dry Van,872.5,1879.08,1823.9040770675383,1860.5583396012048,1842.2312083343716,36.84879166562837
TR-044019,2025-10-06,october,Dry Van,1711.4,3286.71,3440.2497703809668,3424.09994355495,3432.1748569679585,145.46485696795844
TR-044020,2025-10-06,october,Dry Van,786.3,1656.21,1636.523931586144,1662.2463494886688,1649.3851405374064,6.824859462593622
TR-044021,2025-10-06,october,Flatbed,1429.1,2929.0,3043.4844107670656,3106.735878475759,3075.1101446214125,146.11014462141247
TR-044022,2025-10-06,october,Flatbed,1961.5,4098.02,4166.816501849134,4291.759613275946,4229.28805756254,131.26805756253998
TR-044023,2025-10-06,october,Flatbed,767.0,1687.81,1704.7186863353766,1670.4105696545116,1687.5646279949442,0.2453720050557422
TR-044024,2025-10-06,october,Dry Van,559.7,1235.98,1197.241068718683,1216.9180865970457,1207.0795776578643,28.9004223421357
TR-044025,2025-10-06,october,Dry Van,703.8,1504.38,1539.816495168198,1528.027362636572,1533.921928902385,29.541928902384825
TR-044026,2025-10-06,october,Dry Van,537.4,1204.0,1195.9212430949462,1160.148300217225,1178.0347716560855,25.965228343914532
TR-044027,2025-10-06,october,Flatbed,412.3,1044.13,1014.3380084667667,1006.5341582158436,1010.4360833413052,33.69391665869489
TR-044028,2025-10-06,october,Dry Van,819.4,1759.53,1741.172742951026,1740.616619328402,1740.894681139714,18.635318860285906
TR-044029,2025-10-06,october,Flatbed,1212.8,2734.73,2641.3224386215616,2723.645294741169,2682.4838666813653,52.24613331863475
TR-044030,2025-10-06,october,Reefer,984.1,2246.92,2161.458800813491,2174.075082296682,2167.7669415550863,79.15305844491377
TR-044031,2025-10-06,october,Flatbed,518.2,1171.5,1219.6345143901253,1202.658691196309,1211.1466027932172,39.6466027932172
TR-044032,2025-10-06,october,Dry Van,940.5,1942.68,1940.5552478718892,1976.2145906228543,1958.3849192473717,15.704919247371663
TR-044033,2025-10-06,october,Dry Van,318.6,811.41,763.1210713129049,774.3552600044477,768.7381656586763,42.67183434132369
TR-044034,2025-10-06,october,Dry Van,920.7,1954.55,1915.7831946043898,1892.6993333232265,1904.2412639638083,50.3087360361917
TR-044035,2025-10-06,october,Dry Van,333.9,848.67,811.6878862033648,780.1216272714485,795.9047567374066,52.765243262593344
TR-044036,2025-10-06,october,Reefer,3028.4,5870.7,5917.5901869172785,6111.6476616765885,6014.618924296934,143.91892429693416
TR-044037,2025-10-06,october,Dry Van,1255.0,2574.17,2646.9537782381485,2660.8859370887517,2653.91985766345,79.7498576634498
TR-044038,2025-10-06,october,Dry Van,1113.4,2346.53,2356.418458563928,2350.0205776775597,2353.219518120744,6.689518120743742
TR-044039,2025-10-06,october,Reefer,1102.7,2491.67,2436.771718453165,2443.595636095101,2440.1836772741326,51.48632272586747
TR-044040,2025-10-06,october,Dry Van,1992.9,3773.44,3886.372896482155,3929.186801304658,3907.7798488934063,134.33984889340627
TR-044041,2025-10-06,october,Dry Van,893.1,1856.42,1861.0531534537392,1886.1438562991705,1873.5985048764549,17.17850487645478
TR-044042,2025-10-06,october,Dry Van,768.7,1532.18,1576.9021931322864,1533.1608223239532,1555.0315077281198,22.851507728119714
TR-044043,2025-10-06,october,Reefer,114.4,350.78,384.96067755998826,349.1512995860801,367.05598857303414,16.27598857303417
TR-044044,2025-10-06,october,Reefer,1584.8,3533.81,3483.882633305553,3476.473813627179,3480.178223466366,53.63177653363391
TR-044045,2025-10-06,october,Dry Van,2047.2,3900.6,3974.122716720715,3947.8789774112856,3961.0008470660005,60.40084706600055
TR-044046,2025-10-06,october,Reefer,1030.7,2340.45,2299.1109631535664,2318.030442583678,2308.570702868622,31.879297131377825
TR-044047,2025-10-06,october,Dry Van,172.1,474.64,468.2144000920684,450.73554542975035,459.4749727609094,15.165027239090591
TR-044048,2025-10-06,october,Dry Van,2960.9,5573.55,5581.495000027042,5720.1433414205785,5650.81917072381,77.26917072381002
TR-044049,2025-10-06,october,Dry Van,360.6,864.11,838.375507192394,805.3507940313416,821.8631506118678,42.246849388132205
TR-044050,2025-10-06,october,Dry Van,1144.7,2352.33,2322.303163475231,2371.117123275075,2346.710143375153,5.619856624846761
TR-044051,2025-10-06,october,Dry Van,744.4,1676.58,1571.5270767427385,1590.7158953183493,1581.121486030544,95.45851396945591
TR-044052,2025-10-06,october,Dry Van,324.7,784.02,768.6158206311902,757.8280026985183,763.2219116648542,20.798088335145735
TR-044053,2025-10-06,october,Reefer,318.2,891.23,867.2087806495911,845.9824949328856,856.5956377912383,34.63436220876167
TR-044054,2025-10-06,october,Flatbed,249.5,610.58,635.106676975125,610.7827242090598,622.9447005920924,12.36470059209239
TR-044055,2025-10-06,october,Flatbed,2107.1,4116.8,4318.576759356006,4390.9904154025435,4354.783587379275,237.98358737927447
TR-044056,2025-10-06,october,Reefer,530.7,1320.52,1298.0001412735205,1258.9339845890127,1278.4670629312666,42.0529370687334
TR-044057,2025-10-06,october,Reefer,824.7,1877.91,1846.0119213784646,1849.3751567603936,1847.693539069429,30.216460930570975
TR-044058,2025-10-06,october,Dry Van,1372.5,2863.58,2824.5679048167754,2813.1116231466167,2818.839763981696,44.74023601830413
TR-044059,2025-10-06,october,Flatbed,1009.0,2169.35,2192.546410881521,2191.8519709998927,2192.199190940707,22.849190940707103
TR-044060,2025-10-06,october,Dry Van,953.5,1929.48,1957.9565222598912,1985.326782194529,1971.6416522272102,42.1616522272102
TR-044061,2025-10-06,october,Dry Van,591.0,1203.53,1234.2870516302962,1246.510920499021,1240.3989860646586,36.86898606465866
TR-044062,2025-10-06,october,Dry Van,1361.8,2541.47,2677.701439248576,2659.964548055079,2668.8329936518276,127.36299365182776
TR-044063,2025-10-06,october,Dry Van,233.1,626.22,612.8721416662409,602.200872520039,607.5365070931399,18.683492906860124
TR-044064,2025-10-06,october,Flatbed,827.8,1779.27,1766.6454559935655,1783.240585686185,1774.9430208398753,4.326979160124665
TR-044065,2025-10-06,october,Flatbed,360.7,882.45,864.1874487570711,826.7743431590873,845.4808959580791,36.9691040419209
TR-044066,2025-10-06,october,Reefer,1230.0,2885.04,2730.194914925665,2794.1237686732143,2762.15934179944,122.88065820055999
TR-044067,2025-10-06,october,Dry Van,779.4,1687.5,1652.5846078502009,1656.131652899664,1654.3581303749324,33.14186962506756
TR-044068,2025-10-06,october,Dry Van,1561.0,3118.32,3146.7015237024584,3137.3202369027995,3142.0108803026287,23.690880302628557
TR-044069,2025-10-06,october,Dry Van,1211.0,2401.07,2450.6289429905746,2431.5624509303134,2441.095696960444,40.02569696044384
TR-044070,2025-10-06,october,Dry Van,429.3,969.91,993.9986376288589,950.5136998785249,972.2561687536919,2.346168753691927
TR-044071,2025-10-06,october,Flatbed,1675.0,3518.03,3637.9864130566407,3783.4551617948405,3710.7207874257406,192.69078742574038
TR-044072,2025-10-06,october,Flatbed,673.3,1636.43,1588.3522649623712,1591.5117937813416,1589.9320293718565,46.49797062814355
TR-044073,2025-10-06,october,Dry Van,2631.3,4831.89,4828.571733931837,4761.58002154825,4795.075877740044,36.81412225995609
TR-044074,2025-10-06,october,Dry Van,2148.6,4100.88,4301.9651646002685,4249.172796279341,4275.568980439804,174.68898043980425
TR-044075,2025-10-06,october,Dry Van,2276.9,4337.77,4458.597569947144,4412.802035507214,4435.699802727178,97.92980272717796
TR-044076,2025-10-06,october,Dry Van,995.4,1872.82,1957.7892445051407,1987.4187437434105,1972.6039941242757,99.78399412427575
TR-044077,2025-10-06,october,Reefer,1131.3,2474.26,2466.315612978714,2481.5604141562876,2473.938013567501,0.3219864324992159
TR-044078,2025-10-06,october,Dry Van,369.0,867.2,865.7880945589397,837.6259193695744,851.7070069642571,15.492993035742984
TR-044079,2025-10-06,october,Dry Van,217.4,561.58,541.6800162342086,515.9887847313382,528.8344004827734,32.74559951722665
TR-044080,2025-10-06,october,Dry Van,363.9,880.74,846.8105197183211,811.6694798539961,829.2399997861586,51.50000021384142
TR-044081,2025-10-06,october,Flatbed,712.2,1607.56,1631.4249544291697,1636.689768351545,1634.0573613903573,26.497361390357355
TR-044082,2025-10-06,october,Flatbed,202.9,568.52,572.7419615938315,581.7117024666923,577.2268320302619,8.706832030261921
TR-044083,2025-10-06,october,Dry Van,236.3,595.93,592.5781155566814,566.7471910561953,579.6626533064384,16.267346693561535
TR-044084,2025-10-06,october,Reefer,692.0,1612.8,1574.2339735617188,1537.3123600023669,1555.7731667820428,57.02683321795712
TR-044085,2025-10-06,october,Dry Van,117.1,309.64,351.1760188365056,280.4963049251528,315.8361618808292,6.196161880829209
TR-044086,2025-10-06,october,Reefer,1465.9,3379.8,3208.168838348931,3269.0322340278212,3238.6005361883763,141.1994638116239
TR-044087,2025-10-06,october,Flatbed,1778.3,3604.59,3705.0565576665635,3797.098056052781,3751.0773068596723,146.48730685967212
TR-044088,2025-10-06,october,Dry Van,1922.2,3621.3,3775.9302431506894,3781.2694465771306,3778.59984486391,157.29984486391004
TR-044089,2025-10-06,october,Dry Van,1862.5,3520.84,3658.094860838718,3703.7964969838094,3680.9456789112637,160.10567891126357
TR-044090,2025-10-06,october,Flatbed,910.8,1865.44,1834.5024067613144,1922.7730690770386,1878.6377379191765,13.197737919176461
TR-044091,2025-10-06,october,Dry Van,2087.3,3796.72,3964.5342177692464,3887.7252588454667,3926.1297383073565,129.40973830735675
TR-044092,2025-10-06,october,Dry Van,1780.3,3400.27,3517.9633875024997,3584.9046851721005,3551.4340363373003,151.16403633730033
TR-044093,2025-10-06,october,Dry Van,242.1,641.14,629.3815648944019,619.8129525197733,624.5972587070876,16.54274129291241
TR-044094,2025-10-07,october,Dry Van,1898.8,3521.79,3668.2116293510076,3635.922978635007,3652.067303993007,130.27730399300708
TR-044095,2025-10-07,october,Dry Van,481.3,1081.64,1045.5303488353131,1016.6170168517257,1031.0736828435195,50.566317156480636
TR-044096,2025-10-07,october,Dry Van,2019.8,4002.03,4093.432653045147,4049.631984895944,4071.5323189705455,69.50231897054528
TR-044097,2025-10-07,october,Reefer,1691.0,3613.18,3543.948027556604,3588.9918065099682,3566.469917033286,46.7100829667138
TR-044098,2025-10-07,october,Reefer,406.6,1129.78,1081.165122899722,1042.6073252786941,1061.886224089208,67.89377591079187
TR-044099,2025-10-07,october,Dry Van,195.7,543.25,539.8077454985063,497.5418140391548,518.6747797688306,24.575220231169396
TR-044100,2025-10-07,october,Dry Van,512.9,1191.94,1186.1799820838319,1175.630408505735,1180.9051952947834,11.03480470521663
TR-044101,2025-10-07,october,Flatbed,528.9,1221.71,1229.1780379988547,1222.6245620904324,1225.9013000446434,4.1913000446434125
TR-044102,2025-10-07,october,Dry Van,379.6,941.96,919.4754940838492,907.4879259638553,913.4817100238522,28.478289976147835
TR-044103,2025-10-07,october,Dry Van,310.3,810.34,800.2628175380324,784.1081186988092,792.1854681184209,18.154531881579146
TR-044104,2025-10-07,october,Dry Van,3185.8,5766.93,5814.42866213714,5853.083152903342,5833.755907520241,66.82590752024043
TR-044105,2025-10-07,october,Reefer,1913.4,4281.85,4098.185978745518,4275.189503219099,4186.687740982308,95.16225901769212
TR-044106,2025-10-07,october,Dry Van,164.7,417.09,442.24086555924,399.80918797664026,421.0250267679401,3.935026767940144
TR-044107,2025-10-07,october,Dry Van,556.5,1254.51,1202.7155106686816,1263.0579129972293,1232.8867118329554,21.62328816704462
TR-044108,2025-10-07,october,Dry Van,135.8,347.21,356.51411488015555,337.67894355218186,347.09652921616873,0.11347078383124654
TR-044109,2025-10-07,october,Reefer,1093.9,2628.55,2495.9781151912316,2562.8588614186974,2529.4184883049647,99.13151169503544
TR-044110,2025-10-07,october,Dry Van,2202.0,4005.12,4127.764946428006,4096.358561637753,4112.061754032879,106.94175403287954
TR-044111,2025-10-07,october,Reefer,2021.5,4566.62,4353.374912075137,4463.106399672747,4408.240655873942,158.37934412605773
TR-044112,2025-10-07,october,Dry Van,137.8,378.59,376.79209262161646,347.47874631697164,362.13541946929405,16.454580530705925
TR-044113,2025-10-07,october,Reefer,970.7,2202.48,2187.76983923596,2166.122891513379,2176.9463653746693,25.533634625330706
TR-044114,2025-10-07,october,Dry Van,180.7,467.61,465.65100012960187,446.26623032629414,455.95861522794803,11.651384772051983
TR-044115,2025-10-07,october,Reefer,525.1,1276.25,1255.2933984770514,1250.5483308030039,1252.9208646400275,23.329135359972497
TR-044116,2025-10-07,october,Dry Van,721.4,1459.87,1493.2730895190477,1492.7329629973888,1493.0030262582181,33.13302625821825
TR-044117,2025-10-07,october,Flatbed,2267.3,4654.5,4710.248316210396,4730.348726472785,4720.2985213415905,65.79852134159046
TR-044118,2025-10-07,october,Dry Van,755.2,1495.33,1504.7490702734563,1564.876529876388,1534.812800074922,39.482800074922125
TR-044119,2025-10-07,october,Flatbed,1149.8,2550.13,2544.9466730483073,2546.216998593915,2545.581835821111,4.5481641788892375
TR-044120,2025-10-07,october,Dry Van,3162.1,5368.81,5571.419300315513,5491.456444237174,5531.437872276343,162.6278722763427
TR-044121,2025-10-07,october,Flatbed,309.7,764.04,777.2997635947232,737.8286500796751,757.5642068371992,6.4757931628007555
TR-044122,2025-10-07,october,Reefer,2221.3,4560.49,4649.002834990774,4717.394565114109,4683.198700052442,122.70870005244251
TR-044123,2025-10-07,october,Reefer,1003.3,2492.07,2361.1410009244146,2337.4817894618527,2349.3113951931336,142.75860480686651
TR-044124,2025-10-07,october,Dry Van,1927.0,3882.76,3945.1751668044144,3969.439900108252,3957.307533456333,74.54753345633299
TR-044125,2025-10-07,october,Dry Van,609.2,1329.78,1313.1635536093218,1330.0697493956231,1321.6166515024725,8.163348497527522
TR-044126,2025-10-07,october,Reefer,1780.3,3987.15,3803.84553201301,3859.3011361398558,3831.5733340764327,155.57666592356736
TR-044127,2025-10-07,october,Dry Van,1031.1,2199.94,2176.0917277416675,2151.3851678187502,2163.738447780209,36.20155221979121
TR-044128,2025-10-07,october,Flatbed,2803.0,5209.11,5361.389981844506,5600.5056664162175,5480.947824130362,271.8378241303626
TR-044129,2025-10-07,october,Reefer,1429.7,3013.41,3020.4259638600593,3067.4664954312643,3043.946229645662,30.536229645661933
TR-044130,2025-10-07,october,Dry Van,2148.6,3930.32,4135.518570811891,4136.451941233376,4135.985256022634,205.66525602263346
TR-044131,2025-10-07,october,Dry Van,466.3,1076.93,1048.8656490048083,1008.9163988764411,1028.8910239406248,48.03897605937527
TR-044132,2025-10-07,october,Dry Van,1206.8,2481.63,2523.547587499271,2491.397337295437,2507.472462397354,25.842462397353756
TR-044133,2025-10-07,october,Dry Van,1197.8,2596.05,2565.001631150394,2550.9773996262475,2557.989515388321,38.060484611679385
TR-044134,2025-10-07,october,Reefer,483.1,1188.47,1190.029394333947,1165.4363128685927,1177.7328536012699,10.737146398730147
TR-044135,2025-10-07,october,Reefer,334.0,872.03,866.4277878364318,790.3894593145046,828.4086235754683,43.62137642453172
TR-044136,2025-10-07,october,Flatbed,909.8,2120.59,2036.9137942797668,2086.318951654147,2061.616372966957,58.97362703304316
TR-044137,2025-10-07,october,Dry Van,1838.4,3521.73,3688.4586212707113,3649.186905064397,3668.822763167554,147.09276316755404
TR-044138,2025-10-07,october,Dry Van,1221.6,2442.27,2435.8382082035596,2447.7920862880055,2441.8151472457826,0.454852754217427
TR-044139,2025-10-07,october,Dry Van,1990.5,3713.4,3806.5691645390916,3872.6318894906854,3839.6005270148885,126.2005270148884
TR-044140,2025-10-07,october,Dry Van,143.8,383.5,370.13245077767397,367.92836824377196,369.03040951072296,14.469590489277039
TR-044141,2025-10-07,october,Dry Van,1601.8,3098.51,3279.973796556322,3156.202457992523,3218.0881272744227,119.57812727442251
TR-044142,2025-10-07,october,Flatbed,925.0,1996.97,1919.394389956528,1973.2620959911792,1946.3282429738535,50.64175702614648
TR-044143,2025-10-07,october,Dry Van,1764.6,3494.0,3600.8857156751055,3658.175104155093,3629.530409915099,135.53040991509897
TR-044144,2025-10-07,october,Flatbed,395.6,950.43,965.1664200606332,927.2011370721798,946.1837785664065,4.246221433593405
TR-044145,2025-10-07,october,Dry Van,1290.6,2486.75,2592.3035585026378,2605.83008638784,2599.066822445239,112.31682244523881
TR-044146,2025-10-07,october,Flatbed,2526.2,4845.95,5074.799803130305,5141.428343042291,5108.114073086298,262.16407308629823
TR-044147,2025-10-07,october,Reefer,2336.4,5058.57,4961.348758680698,5119.43901171606,5040.3938851983785,18.176114801621225
TR-044148,2025-10-07,october,Dry Van,2943.1,5346.93,5542.12210587977,5481.960702707218,5512.0414042934935,165.11140429349325
TR-044149,2025-10-07,october,Reefer,1562.1,3549.06,3412.861928156003,3374.3242352464686,3393.593081701236,155.46691829876409
TR-044150,2025-10-07,october,Dry Van,1072.7,2303.95,2308.194742319569,2273.5670573021507,2290.88089981086,13.069100189140045
TR-044151,2025-10-07,october,Reefer,1231.0,2964.61,2667.431526974059,2744.334679846559,2705.883103410309,258.726896589691
TR-044152,2025-10-07,october,Dry Van,1778.0,3303.47,3462.778582836117,3475.1149967627384,3468.9467897994277,165.47678979942793
TR-044153,2025-10-07,october,Dry Van,380.5,910.55,882.2857392383996,854.4327239665297,868.3592316024647,42.190768397535294
TR-044154,2025-10-07,october,Dry Van,796.6,1743.43,1697.8214661676961,1740.108320217763,1718.9648931927295,24.46510680727056
TR-044155,2025-10-07,october,Dry Van,485.3,1101.55,1096.4804978947834,1079.5938864731606,1088.037192183972,13.512807816028044
TR-044156,2025-10-07,october,Dry Van,650.3,1525.43,1458.8123866049852,1443.3177464069304,1451.065066505958,74.36493349404213
TR-044157,2025-10-07,october,Flatbed,711.8,1554.33,1536.1969121653963,1541.7831055385227,1538.9900088519594,15.339991148040554
TR-044158,2025-10-07,october,Dry Van,1189.0,2448.67,2491.193546581338,2579.7929429828537,2535.4932447820956,86.82324478209557
TR-044159,2025-10-07,october,Dry Van,2010.4,3635.27,3815.0806106978803,3719.0087661249117,3767.0446884113962,131.77468841139626
TR-044160,2025-10-07,october,Flatbed,1363.3,3181.62,2956.4977752444765,3118.9190290308898,3037.708402137683,143.91159786231674
TR-044161,2025-10-07,october,Dry Van,806.2,1778.31,1727.0812052618471,1750.7632474826535,1738.9222263722504,39.38777362774954
TR-044162,2025-10-07,october,Flatbed,1189.2,8425.34,2553.5895713409864,2578.2196849317324,2565.9046281363594,5859.435371863641
TR-044163,2025-10-07,october,Dry Van,1461.7,2928.06,3079.6826786014203,3104.615605774033,3092.1491421877267,164.0891421877268
TR-044164,2025-10-07,october,Dry Van,3071.7,5768.57,5714.098520185388,5917.089481993642,5815.594001089516,47.02400108951588
TR-044165,2025-10-07,october,Dry Van,1674.0,3282.71,3427.9809070046476,3336.396439157721,3382.1886730811843,99.4786730811843
TR-044166,2025-10-07,october,Dry Van,1858.7,3603.1,3791.4347228865827,3783.742262923323,3787.5884929049525,184.48849290495264
TR-044167,2025-10-07,october,Dry Van,1576.8,3028.7,3158.300832438506,3157.7485176109703,3158.024675024738,129.3246750247381
TR-044168,2025-10-07,october,Reefer,2002.6,4204.74,4195.472987010096,4267.393867072837,4231.4334270414665,26.693427041466748
TR-044169,2025-10-07,october,Reefer,1864.5,4287.51,3954.310239212468,4138.362002559182,4046.336120885825,241.17387911417518
TR-044170,2025-10-07,october,Reefer,829.8,2085.87,2009.125495201269,1997.4198331699292,2003.272664185599,82.59733581440082
TR-044171,2025-10-07,october,Dry Van,969.1,2005.58,1986.4173743753174,2021.4976943786269,2003.957534376972,1.6224656230278924
TR-044172,2025-10-07,october,Flatbed,1032.3,2142.38,2199.5248129141355,2204.666334862122,2202.0955738881285,59.71557388812835
TR-044173,2025-10-07,october,Reefer,507.7,1277.52,1252.956592556812,1210.9414556341262,1231.9490240954692,45.57097590453077
TR-044174,2025-10-07,october,Dry Van,841.7,1734.56,1757.4192559779049,1794.4233436839068,1775.9212998309058,41.361299830905864
TR-044175,2025-10-07,october,Reefer,2362.6,4817.58,4950.446240707714,4969.050817834958,4959.748529271336,142.1685292713364
TR-044176,2025-10-07,october,Flatbed,796.6,463.05,1744.1910201482565,1818.8248275289177,1781.507923838587,1318.457923838587
TR-044177,2025-10-07,october,Reefer,925.2,2293.83,2155.378598682694,2189.7497935934084,2172.564196138051,121.26580386194883
TR-044178,2025-10-07,october,Flatbed,2101.9,4489.14,4392.3334337194,4479.94665310685,4436.140043413125,52.99995658687567
TR-044179,2025-10-07,october,Dry Van,285.5,713.84,678.3800709647112,645.6602829152846,662.0201769399979,51.819823060002136
TR-044180,2025-10-07,october,Reefer,647.2,1671.84,1596.9361279715358,1597.7299030551962,1597.333015513366,74.50698448663388
TR-044181,2025-10-07,october,Dry Van,1160.7,2193.1,2339.4130169194063,2375.324586260046,2357.368801589726,164.26880158972608
TR-044182,2025-10-07,october,Reefer,1072.1,2518.87,2433.5817315397207,2451.4973871653633,2442.539559352542,76.33044064745809
TR-044183,2025-10-07,october,Reefer,467.6,1147.73,1156.2546076018186,1116.3843811359613,1136.31949436889,11.410505631110027
TR-044184,2025-10-07,october,Flatbed,1030.0,2193.67,2288.8201180334154,2267.472069353183,2278.146093693299,84.47609369329894
TR-044185,2025-10-07,october,Dry Van,312.4,777.68,788.1367052999884,747.6456983423031,767.8912018211458,9.788798178854108
TR-044186,2025-10-07,october,Dry Van,1510.6,2903.55,2967.929695588479,2985.995766789939,2976.962731189209,73.4127311892089
TR-044187,2025-10-07,october,Dry Van,468.8,1013.2,1024.2306038595489,1011.324780069021,1017.7776919642849,4.577691964284895
TR-044188,2025-10-07,october,Flatbed,696.1,1561.6,1555.8131593790742,1523.2764438818317,1539.544801630453,22.055198369546815
TR-044189,2025-10-07,october,Reefer,2278.1,4752.22,4845.559590188369,4836.940271144589,4841.2499306664795,89.02993066647923
TR-044190,2025-10-07,october,Flatbed,530.4,1234.37,1225.9890137620973,1226.2112929362056,1226.1001533491515,8.269846650848422
TR-044191,2025-10-07,october,Dry Van,742.6,1460.12,1459.763261002296,1532.2669243885991,1496.0150926954475,35.8950926954476
TR-044192,2025-10-07,october,Dry Van,986.1,2074.22,2074.1565778677736,2064.458288766114,2069.307433316944,4.912566683055957
TR-044193,2025-10-07,october,Dry Van,1910.9,3829.1,3874.7499429947216,3886.1951986461854,3880.4725708204533,51.37257082045335
TR-044194,2025-10-07,october,Dry Van,296.0,760.31,727.6295558542379,713.6730496258531,720.6513027400455,39.658697259954465
TR-044195,2025-10-07,october,Dry Van,644.8,1451.78,1421.3114874047983,1416.7343790963068,1419.0229332505526,32.757066749447404
TR-044196,2025-10-07,october,Dry Van,490.9,1086.79,1083.298291601041,1052.1767511079233,1067.7375213544822,19.052478645517795
TR-044197,2025-10-07,october,Reefer,1621.3,3527.99,3439.248359071592,3513.252299197093,3476.250329134343,51.73967086565699
TR-044198,2025-10-07,october,Flatbed,439.4,1109.09,1097.2594892202958,1074.253478915332,1085.7564840678137,23.333515932186174
TR-044199,2025-10-07,october,Dry Van,217.4,600.81,575.893938318216,562.3596617089502,569.1268000135831,31.683199986416867
TR-044200,2025-10-07,october,Dry Van,1128.4,2342.36,2350.943139537213,2368.029546386363,2359.486342961788,17.12634296178794
TR-044201,2025-10-07,october,Reefer,2452.9,5264.82,5187.24216939598,5253.165530811295,5220.203850103638,44.616149896362
TR-044202,2025-10-07,october,Dry Van,388.5,934.61,925.98885516795,904.6734423304083,915.3311487491792,19.27885125082082
TR-044203,2025-10-07,october,Dry Van,1812.5,3669.51,3689.316716172699,3648.9325197789776,3669.124617975838,0.38538202416202694
TR-044204,2025-10-07,october,Dry Van,730.7,1561.47,1529.5499156069066,1551.846757014386,1540.6983363106463,20.771663689353772
TR-044205,2025-10-07,october,Reefer,107.4,343.65,354.48544989468127,317.7650233745949,336.1252366346381,7.524763365361878
TR-044206,2025-10-07,october,Dry Van,422.7,1050.79,1034.6938375266664,1005.1507219056145,1019.9222797161405,30.867720283859512
TR-044207,2025-10-07,october,Reefer,764.8,1843.82,1836.2543950109712,1736.1795604314066,1786.2169777211889,57.60302227881107
TR-044208,2025-10-07,october,Dry Van,254.9,646.5,646.938494747944,609.6137830963087,628.2761389221264,18.223861077873607
TR-044209,2025-10-07,october,Flatbed,2819.1,5552.48,5772.504105361481,5890.29380072001,5831.398953040745,278.9189530407457
TR-044210,2025-10-07,october,Reefer,772.2,1769.05,1778.0949156411477,1727.006315652283,1752.5506156467154,16.49938435328454
TR-044211,2025-10-07,october,Reefer,946.5,2209.39,2101.2865168328844,2149.4401688708804,2125.3633428518824,84.02665714811747
TR-044212,2025-10-07,october,Flatbed,545.6,1246.09,1222.6060456366415,1216.8129401691917,1219.7094929029167,26.380507097083182
TR-044213,2025-10-07,october,Dry Van,488.3,1148.19,1137.8918420630464,1124.7805056566622,1131.3361738598542,16.853826140145884
TR-044214,2025-10-07,october,Flatbed,1199.2,2411.14,2593.0742075067237,2627.9836293241246,2610.5289184154244,199.38891841542454
TR-044215,2025-10-07,october,Dry Van,1770.0,725.75,3530.6682434577215,3503.640833164026,3517.1545383108737,2791.4045383108737
TR-044216,2025-10-07,october,Dry Van,780.2,1548.72,1569.7232598397775,1595.6723627397064,1582.6978112897418,33.977811289741794
TR-044217,2025-10-07,october,Dry Van,1263.9,2462.56,2477.9088430095126,2535.3936723027487,2506.651257656131,44.09125765613089
TR-044218,2025-10-07,october,Flatbed,502.8,1145.57,1178.2241379704958,1166.2306884335635,1172.2274132020298,26.65741320202983
TR-044219,2025-10-07,october,Dry Van,444.6,1054.4,1046.3386132099154,1022.5530997228357,1034.4458564663755,19.954143533624574
TR-044220,2025-10-07,october,Dry Van,1659.3,3137.27,3266.6702033703727,3227.4701538316403,3247.070178601007,109.80017860100679
TR-044221,2025-10-07,october,Flatbed,1383.6,2978.41,2938.975471133982,2967.3800913952705,2953.177781264626,25.232218735373863
TR-044222,2025-10-07,october,Reefer,1414.1,3087.54,3103.925598144043,3140.188022743372,3122.0568104437075,34.51681044370753
TR-044223,2025-10-07,october,Flatbed,2036.2,4294.78,4353.166012057174,4412.648012579014,4382.907012318094,88.12701231809388
TR-044224,2025-10-07,october,Dry Van,2032.0,3853.42,3936.0466909560614,3944.559436601541,3940.3030637788015,86.88306377880144
TR-044225,2025-10-07,october,Dry Van,564.5,1195.74,1187.8618977723088,1226.245946939405,1207.053922355857,11.313922355856903
TR-044226,2025-10-07,october,Dry Van,1046.8,2100.06,2137.9591348092963,2165.869433626345,2151.9142842178208,51.854284217820805
TR-044227,2025-10-07,october,Reefer,1063.1,2338.11,2343.433988478151,2368.245873873818,2355.8399311759845,17.729931175984348
TR-044228,2025-10-07,october,Flatbed,412.4,981.78,997.9258521558891,976.6078689410967,987.2668605484929,5.486860548492928
TR-044229,2025-10-07,october,Reefer,377.7,979.31,957.3256211058963,877.4406183777724,917.3831197418343,61.926880258165625
TR-044230,2025-10-07,october,Dry Van,804.4,1628.75,1656.545127393309,1696.131961239199,1676.338544316254,47.588544316254
TR-044231,2025-10-07,october,Reefer,1109.9,2527.69,2527.254737679847,2497.089326845423,2512.172032262635,15.51796773736487
TR-044232,2025-10-07,october,Dry Van,1542.6,2997.84,3060.2697215592802,3003.2550180549315,3031.7623698071056,33.9223698071055
TR-044233,2025-10-07,october,Reefer,1456.7,2996.55,3137.082606909439,3147.800606382275,3142.441606645857,145.89160664585688
TR-044234,2025-10-07,october,Flatbed,810.3,1751.13,1740.1915631396625,1788.4477881138823,1764.3196756267726,13.189675626772441
TR-044235,2025-10-07,october,Dry Van,806.6,1697.88,1677.785573688525,1731.0724922972481,1704.4290329928865,6.549032992886396
TR-044236,2025-10-07,october,Reefer,850.4,2134.87,2063.2199028193095,2027.202935173046,2045.2114189961776,89.65858100382229
TR-044237,2025-10-07,october,Dry Van,1466.4,2838.8,2938.794372293249,2941.4798912040683,2940.1371317486587,101.33713174865852
TR-044238,2025-10-07,october,Dry Van,655.9,1458.81,1428.6668641874035,1424.65760279414,1426.6622334907718,32.14776650922818
TR-044239,2025-10-07,october,Dry Van,294.4,798.7,767.253927409721,758.0609445238608,762.6574359667909,36.042564033209146
TR-044240,2025-10-07,october,Reefer,1320.6,2936.32,2848.1456763375386,2856.4288504772467,2852.287263407393,84.0327365926073
TR-044241,2025-10-07,october,Dry Van,387.5,896.02,884.945327198943,853.8585126296375,869.4019199142903,26.61808008570972
TR-044242,2025-10-07,october,Flatbed,801.2,1807.79,1774.7469344737133,1827.8126571367525,1801.2797958052329,6.510204194767084
TR-044243,2025-10-07,october,Dry Van,911.5,1912.19,1880.2192706807195,1867.45757037139,1873.8384205260547,38.35157947394532
TR-044244,2025-10-07,october,Reefer,2259.0,4914.48,4729.258245355074,4832.521825792591,4780.890035573832,133.58996442616717
TR-044245,2025-10-07,october,Flatbed,530.4,1341.93,1321.0494701101413,1258.935565813859,1289.9925179620002,51.93748203799987
TR-044246,2025-10-07,october,Dry Van,2427.0,4578.11,4690.107037714593,4671.977774041185,4681.042405877889,102.93240587788932
TR-044247,2025-10-07,october,Flatbed,894.7,1934.91,1882.6722399402527,1906.3550839023383,1894.5136619212954,40.39633807870473
TR-044248,2025-10-07,october,Flatbed,2058.0,4255.76,4324.202999603131,4426.713550935032,4375.458275269081,119.69827526908102
TR-044249,2025-10-07,october,Dry Van,2896.8,5055.75,5236.141607212162,5128.387320685195,5182.264463948679,126.5144639486789
TR-044250,2025-10-07,october,Dry Van,1706.7,3200.14,3333.897576500188,3366.048067001183,3349.9728217506854,149.83282175068553
TR-044251,2025-10-07,october,Reefer,1231.4,2812.67,2828.010859443744,2839.380476981623,2833.6956682126834,21.025668212683286
TR-044252,2025-10-07,october,Dry Van,469.9,1139.45,1090.9206926818038,1075.1635917648155,1083.0421422233096,56.407857776690435
TR-044253,2025-10-07,october,Dry Van,2754.5,4886.24,5120.07809122327,4973.5667615026905,5046.82242636298,160.5824263629802
TR-044254,2025-10-07,october,Dry Van,651.9,1369.5,1351.9684910259657,1364.690815347355,1358.3296531866604,11.17034681333962
TR-044255,2025-10-07,october,Dry Van,1197.9,2443.14,2491.363848413435,2512.3483563915006,2501.8561024024675,58.71610240246764
TR-044256,2025-10-07,october,Dry Van,1761.5,3332.67,3504.476292501338,3473.412708254883,3488.94450037811,156.27450037811013
TR-044257,2025-10-07,october,Reefer,1578.1,3461.27,3343.174118168222,3389.8574437861507,3366.5157809771863,94.75421902281369
TR-044258,2025-10-07,october,Dry Van,1504.1,3016.26,3123.058366823559,3141.584439744335,3132.321403283947,116.06140328394667
TR-044259,2025-10-07,october,Dry Van,1300.1,2714.39,2675.5788164121104,2689.365550264366,2682.472183338238,31.917816661761663
TR-044260,2025-10-08,october,Reefer,2558.4,5189.95,5475.234056161248,5426.614154542534,5450.924105351891,260.974105351891
TR-044261,2025-10-08,october,Reefer,3008.3,6037.04,6155.640674194778,6217.472845403542,6186.556759799159,149.51675979915944
TR-044262,2025-10-08,october,Reefer,1484.5,3142.74,3207.3500658189064,3242.194844319746,3224.7724550693265,82.03245506932672
TR-044263,2025-10-08,october,Reefer,297.7,855.24,828.0910084587199,789.4888315240485,808.7899199913842,46.45008000861583
TR-044264,2025-10-08,october,Dry Van,406.1,950.68,964.9905023892487,890.6188289213819,927.8046656553154,22.875334344684575
TR-044265,2025-10-08,october,Dry Van,429.3,1071.43,1048.1762716040894,1016.4698878059116,1032.3230797050005,39.106920294999554
TR-044266,2025-10-08,october,Dry Van,741.1,1578.75,1528.5118388582832,1582.1990137075518,1555.3554262829175,23.394573717082494
TR-044267,2025-10-08,october,Dry Van,686.6,1441.53,1439.207131264369,1483.1437363610262,1461.1754338126975,19.645433812697547
TR-044268,2025-10-08,october,Dry Van,2492.6,14425.42,4606.675127991228,4558.163066575587,4582.419097283408,9843.000902716592
TR-044269,2025-10-08,october,Dry Van,651.6,1423.7,1396.4720716469328,1384.4573241113494,1390.464697879141,33.23530212085893
TR-044270,2025-10-08,october,Reefer,1263.1,3015.04,2801.345568542722,2999.624627980632,2900.485098261677,114.55490173832277
TR-044271,2025-10-08,october,Reefer,652.1,313.15,1532.30660380673,1486.9741507303675,1509.6403772685487,1196.4903772685489
TR-044272,2025-10-08,october,Reefer,1293.6,3157.99,2890.534857697293,2976.3764993312893,2933.4556785142913,224.53432148570846
TR-044273,2025-10-08,october,Dry Van,2470.5,4227.08,4567.903721589858,4458.025340864884,4512.9645312273715,285.88453122737155
TR-044274,2025-10-08,october,Dry Van,74.7,222.72,229.00357824683635,224.26981533282606,226.6366967898312,3.9166967898312066
TR-044275,2025-10-08,october,Dry Van,531.5,1222.99,1200.00520666026,1191.665713724205,1195.8354601922324,27.154539807767605
TR-044276,2025-10-08,october,Dry Van,1119.0,2211.67,2190.538003852514,2254.312649404226,2222.42532662837,10.755326628369858
TR-044277,2025-10-08,october,Reefer,345.2,895.44,910.0377720593366,863.9671485956881,887.0024603275124,8.437539672487674
TR-044278,2025-10-08,october,Flatbed,127.0,372.9,393.2903244226639,360.83309573161364,377.06171007713874,4.161710077138764
TR-044279,2025-10-08,october,Flatbed,359.1,882.73,899.436731955926,867.575686721643,883.5062093387845,0.776209338784497
TR-044280,2025-10-08,october,Flatbed,1837.1,3785.69,3868.8742268530655,3952.6404034416983,3910.7573151473816,125.06731514738158
TR-044281,2025-10-08,october,Dry Van,1723.3,3332.32,3440.1836375895214,3381.528970087657,3410.856303838589,78.53630383858899
TR-044282,2025-10-08,october,Flatbed,492.3,1186.99,1163.4884807195,1174.9994491366024,1169.2439649280514,17.746035071948654
TR-044283,2025-10-08,october,Dry Van,647.8,1331.38,1334.4705226783228,1350.066148336438,1342.2683355073805,10.888335507380361
TR-044284,2025-10-08,october,Reefer,2310.5,5018.12,4874.072418459007,4980.549305368282,4927.310861913645,90.80913808635523
TR-044285,2025-10-08,october,Dry Van,2142.2,3965.18,4088.3037192534625,4066.1931697912996,4077.248444522381,112.06844452238101
TR-044286,2025-10-08,october,Dry Van,363.8,820.16,824.2449363606731,809.2667007952048,816.755818577939,3.404181422061015
TR-044287,2025-10-08,october,Dry Van,944.9,4729.66,1973.5689083483487,2002.6131997354557,1988.0910540419022,2741.5689459580976
TR-044288,2025-10-08,october,Flatbed,1251.6,2571.46,2600.8739905034854,2671.968883151283,2636.4214368273842,64.9614368273842
TR-044289,2025-10-08,october,Dry Van,646.7,1318.04,1348.2904562782744,1362.2386332304743,1355.2645447543744,37.22454475437439
TR-044290,2025-10-08,october,Dry Van,878.1,1802.45,1823.6971323812825,1824.7126952334693,1824.2049138073758,21.754913807375715
TR-044291,2025-10-08,october,Flatbed,701.8,1551.27,1594.6678964273415,1625.9657692896585,1610.3168328585,59.04683285850001
TR-044292,2025-10-08,october,Reefer,2002.2,4277.65,4279.764174204348,4304.554055231498,4292.159114717922,14.509114717922785
TR-044293,2025-10-08,october,Reefer,730.2,1950.32,1857.7315423393622,1803.3012345567013,1830.5163884480316,119.80361155196829
TR-044294,2025-10-08,october,Reefer,328.7,917.6,921.3379354424391,873.6404522281953,897.4891938353171,20.110806164682913
TR-044295,2025-10-08,october,Dry Van,108.8,302.65,326.02433403649724,293.2493096223991,309.6368218294482,6.986821829448218
TR-044296,2025-10-08,october,Flatbed,683.0,1548.61,1507.5003377416924,1528.8977760393432,1518.1990568905178,30.410943109482105
TR-044297,2025-10-08,october,Reefer,3148.3,6263.27,6222.524605718683,6466.532240965141,6344.528423341912,81.25842334191111
TR-044298,2025-10-08,october,Reefer,292.9,837.86,813.8354325150934,793.9943748887722,803.9149037019329,33.94509629806714
TR-044299,2025-10-08,october,Dry Van,357.1,906.63,902.7891786833716,888.4856409660026,895.6374098246871,10.992590175312898
TR-044300,2025-10-08,october,Flatbed,1351.5,2996.39,2943.659226515948,3008.3145948163433,2975.9869106661454,20.403089333854496
TR-044301,2025-10-08,october,Flatbed,310.5,825.14,822.2198201274516,795.6940755958731,808.9569478616623,16.183052138337644
TR-044302,2025-10-08,october,Dry Van,557.1,1315.64,1266.4223310883174,1274.7572541113523,1270.5897925998347,45.05020740016539
TR-044303,2025-10-08,october,Dry Van,459.2,1103.62,1071.9734724361945,1074.4609553601726,1073.2172138981837,30.40278610181622
TR-044304,2025-10-08,october,Dry Van,1995.2,3801.19,3876.517072575901,3878.9250817601787,3877.7210771680398,76.5310771680397
TR-044305,2025-10-08,october,Dry Van,435.3,981.87,983.7178704362886,979.7106970405757,981.7142837384322,0.15571626156781804
TR-044306,2025-10-08,october,Reefer,736.2,1659.84,1657.525293783263,1665.422843818836,1661.4740688010495,1.6340688010495796
TR-044307,2025-10-08,october,Dry Van,328.0,812.96,801.8758364358634,756.239653977178,779.0577452065207,33.9022547934793
TR-044308,2025-10-08,october,Reefer,716.6,1719.38,1693.3936949058384,1661.3007109935393,1677.3472029496888,42.032797050311274
TR-044309,2025-10-08,october,Flatbed,2108.9,4330.69,4292.467644306574,4376.676992643839,4334.572318475206,3.8823184752063753
TR-044310,2025-10-08,october,Dry Van,1665.9,3208.13,3351.526594031512,3326.6085271707816,3339.067560601147,130.93756060114674
TR-044311,2025-10-08,october,Dry Van,3166.1,5697.12,5762.567862974084,5831.147755939293,5796.857809456689,99.73780945668932
TR-044312,2025-10-08,october,Dry Van,478.4,411.17,1095.680779515982,1056.7405581314936,1076.2106688237377,665.0406688237376
TR-044313,2025-10-08,october,Dry Van,1580.7,3197.76,3311.2335466632903,3264.00426523681,3287.6189059500502,89.85890595005003
TR-044314,2025-10-08,october,Dry Van,618.7,1387.71,1399.4221303322577,1410.881534087256,1405.1518322097568,17.44183220975674
TR-044315,2025-10-08,october,Dry Van,945.8,2051.57,2024.4786035386492,2068.0970584999513,2046.2878310193003,5.2821689806999075
TR-044316,2025-10-08,october,Dry Van,434.0,1066.71,1057.0101099554824,1013.3368979509144,1035.1735039531984,31.53649604680163
TR-044317,2025-10-08,october,Reefer,1085.5,2517.8,2461.5862147523817,2455.118367265347,2458.352291008864,59.447708991136096
TR-044318,2025-10-08,october,Dry Van,1034.4,2121.19,2149.275805718559,2139.8774519722465,2144.5766288454024,23.386628845402356
TR-044319,2025-10-08,october,Dry Van,1826.8,3384.59,3482.642391753367,3458.727522658036,3470.6849572057017,86.09495720570158
TR-044320,2025-10-08,october,Dry Van,427.9,988.67,1006.5449765935923,974.382808396419,990.4638924950057,1.7938924950057071
TR-044321,2025-10-08,october,Dry Van,261.7,626.31,633.1945687971546,569.2357088184183,601.2151388077864,25.094861192213557
TR-044322,2025-10-08,october,Reefer,1896.7,3896.37,4040.640923785153,4093.4800766597336,4067.0605002224434,170.69050022244346
TR-044323,2025-10-08,october,Flatbed,366.1,923.77,952.0511332002545,924.60035493591,938.3257440680823,14.555744068082276
TR-044324,2025-10-08,october,Flatbed,417.8,1025.83,1005.6205973397764,987.5578851280882,996.5892412339323,29.240758766067643
TR-044325,2025-10-08,october,Reefer,1315.9,2880.8,2816.6330987828724,2860.5380387871733,2838.5855687850226,42.214431214977594
TR-044326,2025-10-08,october,Dry Van,1182.0,2475.13,2485.5822527365895,2570.6621043328314,2528.1221785347107,52.99217853471055
TR-044327,2025-10-08,october,Dry Van,339.6,779.8,788.5845078838688,740.2915942770578,764.4380510804633,15.361948919536644
TR-044328,2025-10-08,october,Flatbed,339.8,919.26,905.5649654495334,889.1288184784471,897.3468919639902,21.913108036009817
TR-044329,2025-10-08,october,Flatbed,1593.0,3104.79,3441.334432916124,3416.3638220325774,3428.849127474351,324.05912747435104
TR-044330,2025-10-08,october,Flatbed,391.6,977.05,992.7775821878087,928.3482528328057,960.5629175103072,16.48708248969274
TR-044331,2025-10-08,october,Dry Van,236.0,578.45,601.0663224806617,546.6754953229888,573.8709089018253,4.579091098174786
TR-044332,2025-10-08,october,Reefer,1045.9,2499.24,2360.6745315954267,2353.5355305559997,2357.105031075713,142.13496892428657
TR-044333,2025-10-08,october,Dry Van,565.0,1188.73,1190.5505066364738,1220.7185377688238,1205.634522202649,16.904522202648877
TR-044334,2025-10-08,october,Dry Van,844.2,1778.52,1714.8213594919598,1761.6505072244177,1738.2359333581887,40.28406664181125
TR-044335,2025-10-08,october,Dry Van,3288.9,5920.59,5925.050414784897,5891.431077490366,5908.2407461376315,12.349253862368641
TR-044336,2025-10-08,october,Reefer,927.0,2154.76,2115.742712707537,2113.005437095836,2114.3740749016865,40.38592509831369
TR-044337,2025-10-08,october,Dry Van,398.6,895.22,879.7017088392168,853.2710868973074,866.4863978682622,28.733602131737825
TR-044338,2025-10-08,october,Dry Van,1591.5,3124.21,3248.4615908161877,3188.0665548246234,3218.2640728204055,94.05407282040551
TR-044339,2025-10-08,october,Dry Van,1344.8,2842.65,2790.5553710610675,2799.545659693302,2795.0505153771846,47.59948462281545
TR-044340,2025-10-08,october,Flatbed,523.1,1249.95,1218.158195087996,1236.1467723023502,1227.152483695173,22.797516304827013
TR-044341,2025-10-08,october,Flatbed,3155.7,6512.76,6269.77978572488,6680.002126852181,6474.890956288531,37.8690437114692
TR-044342,2025-10-08,october,Flatbed,1902.4,3955.44,4054.7431329274787,4137.6495230384035,4096.1963279829415,140.75632798294146
TR-044343,2025-10-08,october,Dry Van,533.1,1216.74,1188.084289064402,1161.9349006219281,1175.009594843165,41.730405156835104
TR-044344,2025-10-08,october,Dry Van,1014.6,2089.49,2022.8070977793577,2099.8031815784416,2061.3051396788996,28.184860321100132
TR-044345,2025-10-08,october,Dry Van,1040.0,10566.25,2124.3886466135436,2128.6348069176265,2126.511726765585,8439.738273234416
TR-044346,2025-10-08,october,Dry Van,2480.9,4668.25,4908.112234645902,4831.482996984819,4869.797615815361,201.5476158153606
TR-044347,2025-10-08,october,Reefer,547.5,1334.51,1308.6992100981395,1264.6345294618486,1286.6668697799942,47.84313022000583
TR-044348,2025-10-08,october,Reefer,339.8,972.88,923.0994843084486,883.5744218619373,903.3369530851929,69.54304691480706
TR-044349,2025-10-08,october,Dry Van,1528.0,3174.36,3162.327914267403,3166.7372090818785,3164.5325616746404,9.827438325359708
TR-044350,2025-10-08,october,Dry Van,1448.0,3098.28,2960.005787301038,3018.115701981018,2989.0607446410277,109.21925535897253
TR-044351,2025-10-08,october,Flatbed,3189.5,6080.94,6090.644407543812,6477.046214967628,6283.84531125572,202.90531125572033
TR-044352,2025-10-08,october,Reefer,2512.9,5136.23,5272.323291915963,5242.675227253605,5257.499259584783,121.26925958478387
TR-044353,2025-10-08,october,Dry Van,972.4,1984.99,1982.85113115592,2026.9959869125964,2004.9235590342582,19.933559034258224
TR-044354,2025-10-08,october,Reefer,740.7,1763.19,1727.1026040670122,1691.2559988121357,1709.179301439574,54.010698560426135
TR-044355,2025-10-08,october,Flatbed,936.9,2070.12,2004.2236923979515,2048.0059709925054,2026.1148316952285,44.00516830477136
TR-044356,2025-10-08,october,Dry Van,763.7,1645.67,1615.769110974894,1596.4560660829168,1606.1125885289052,39.55741147109484
TR-044357,2025-10-08,october,Reefer,2451.3,5333.52,5139.578978517521,5253.423425552222,5196.501202034871,137.01879796512912
TR-044358,2025-10-08,october,Reefer,201.4,585.34,574.6061945091625,541.8449502092983,558.2255723592305,27.114427640769577
TR-044359,2025-10-08,october,Flatbed,894.7,2056.8,2023.0296961282422,2062.0841869786013,2042.556941553422,14.243058446578289
TR-044360,2025-10-08,october,Flatbed,2189.8,4397.12,4603.845687971195,4549.835598964302,4576.840643467749,179.72064346774914
TR-044361,2025-10-08,october,Dry Van,1008.3,2071.17,2036.8221122204438,2109.7043095022855,2073.2632108613648,2.093210861364696
TR-044362,2025-10-08,october,Flatbed,1047.0,2242.32,2293.298354842856,2323.8689896162296,2308.5836722295426,66.26367222954241
TR-044363,2025-10-08,october,Dry Van,431.2,1085.63,1066.7368861221287,1048.9762516372457,1057.856568879687,27.773431120313035
TR-044364,2025-10-08,october,Dry Van,1667.9,3277.97,3457.96911593902,3433.7273972906273,3445.8482566148236,167.87825661482384
TR-044365,2025-10-08,october,Dry Van,805.1,1712.04,1687.7005838770672,1703.1108361767015,1695.4057100268842,16.634289973115756
TR-044366,2025-10-08,october,Reefer,934.1,2247.82,2135.972069086525,2158.099662597979,2147.035865842252,100.78413415774821
TR-044367,2025-10-08,october,Reefer,1824.4,4165.0,4045.4917491172855,4045.793054016204,4045.642401566745,119.35759843325513
TR-044368,2025-10-08,october,Flatbed,527.8,1396.12,1331.8358349673574,1342.7911378165682,1337.3134863919627,58.80651360803722
TR-044369,2025-10-08,october,Dry Van,215.5,501.69,532.6004328465456,503.589931419016,518.0951821327808,16.405182132780794
TR-044370,2025-10-08,october,Dry Van,529.9,1152.09,1160.5479311528345,1132.0493632491703,1146.2986472010025,5.791352798997423
TR-044371,2025-10-08,october,Reefer,559.4,1461.55,1413.402153295777,1405.0168902315277,1409.2095217636524,52.34047823634751
TR-044372,2025-10-08,october,Dry Van,2320.8,4493.05,4659.300689597639,4602.75348060434,4631.02708510099,137.97708510098983
TR-044373,2025-10-08,october,Dry Van,1824.8,3534.58,3598.3268354443235,3582.85127915651,3590.5890573004167,56.00905730041677
TR-044374,2025-10-08,october,Flatbed,1237.0,2917.59,2708.944494095439,2797.152785007931,2753.048639551685,164.54136044831512
TR-044375,2025-10-08,october,Dry Van,1971.0,3657.67,3754.9157837335783,3766.579362253933,3760.747572993756,103.0775729937559
TR-044376,2025-10-08,october,Dry Van,921.4,1838.07,1896.9050168141496,1884.6677325270578,1890.7863746706037,52.71637467060373
TR-044377,2025-10-08,october,Reefer,1246.1,3042.93,2801.9251039164287,2894.8937305435666,2848.4094172299974,194.52058277000242
TR-044378,2025-10-08,october,Dry Van,1044.5,2100.15,2166.0612170487,2194.4549889022073,2180.2581029754538,80.10810297545368
TR-044379,2025-10-08,october,Dry Van,86.8,257.52,293.6732866262189,252.90971178821565,273.29149920721727,15.771499207217289
TR-044380,2025-10-08,october,Dry Van,285.1,741.71,716.4516516905178,697.8341184546546,707.1428850725862,34.567114927413854
TR-044381,2025-10-08,october,Dry Van,2006.4,3741.48,3787.1013024646077,3764.479378258373,3775.79034036149,34.310340361490034
TR-044382,2025-10-08,october,Dry Van,1047.3,1996.66,1996.7022444447164,2077.139928956891,2036.9210867008037,40.26108670080362
TR-044383,2025-10-08,october,Dry Van,215.9,621.68,606.8517719067686,581.1193146337337,593.9855432702511,27.694456729748822
TR-044384,2025-10-08,october,Reefer,664.8,1700.19,1671.600360546699,1607.7748519604083,1639.6876062535537,60.50239374644639
TR-044385,2025-10-08,october,Reefer,618.4,1500.99,1493.115641593442,1448.077391703453,1470.5965166484475,30.393483351552504
TR-044386,2025-10-08,october,Dry Van,1325.9,2666.75,2718.9716550968465,2708.2407309629275,2713.606193029887,46.85619302988698
TR-044387,2025-10-08,october,Reefer,821.8,1875.44,1798.4612810983128,1805.0441466412922,1801.7527138698024,73.68728613019766
TR-044388,2025-10-08,october,Flatbed,1090.4,2445.03,2391.4758414994058,2468.1487946401758,2429.8123180697908,15.217681930209437
TR-044389,2025-10-08,october,Dry Van,3006.7,5670.75,5794.109114701356,5852.066971993674,5823.088043347515,152.33804334751494
TR-044390,2025-10-08,october,Dry Van,1897.3,3544.19,3616.820142335037,3582.2292624329148,3599.5247023839756,55.33470238397558
TR-044391,2025-10-08,october,Dry Van,659.3,1308.91,1319.5364739943573,1345.0516530350687,1332.294063514713,23.384063514712807
TR-044392,2025-10-08,october,Flatbed,1366.0,2945.22,2878.9596811868487,2952.785092463274,2915.8723868250613,29.347613174938488
TR-044393,2025-10-08,october,Flatbed,2439.9,5009.84,5134.618070834941,5171.404529862541,5153.01130034874,143.17130034874026
TR-044394,2025-10-08,october,Dry Van,869.6,1847.58,1784.9394213301018,1800.2239149565305,1792.5816681433162,54.99833185668376
TR-044395,2025-10-08,october,Flatbed,2265.0,4694.66,4426.62986509167,4724.760877980916,4575.695371536292,118.96462846370741
TR-044396,2025-10-08,october,Flatbed,1223.4,2735.4,2655.9330781464078,2754.6597949797588,2705.2964365630833,30.10356343691683
TR-044397,2025-10-08,october,Dry Van,2334.3,4225.88,4389.801591870229,4387.317428131284,4388.559510000756,162.67951000075573
TR-044398,2025-10-08,october,Dry Van,1492.0,3194.31,3107.9532196323084,3156.597243541816,3132.275231587062,62.034768412937865
TR-044399,2025-10-08,october,Reefer,1441.3,3375.73,3253.006278036701,3308.9969895028175,3281.0016337697593,94.72836623024068
TR-044400,2025-10-08,october,Reefer,558.5,1438.13,1400.2155766444425,1389.8322626884953,1395.0239196664688,43.10608033353128
TR-044401,2025-10-08,october,Dry Van,796.9,1719.59,1674.6702001296783,1716.7399413064259,1695.705070718052,23.88492928194796
TR-044402,2025-10-08,october,Flatbed,1205.4,2735.62,2641.338419039967,2716.5759810497566,2678.9572000448616,56.662799955138325
TR-044403,2025-10-08,october,Flatbed,1751.3,3817.37,3745.3071022129557,3773.248976208558,3759.278039210757,58.091960789242876
TR-044404,2025-10-08,october,Dry Van,1703.6,3441.81,3458.6461986088134,3465.3336250150505,3461.989911811932,20.179911811932016
TR-044405,2025-10-08,october,Dry Van,424.1,1053.16,1051.0402179471273,989.793542672355,1020.4168803097411,32.743119690258936
TR-044406,2025-10-08,october,Dry Van,1234.9,2584.59,2550.3243494387043,2615.0516479478115,2582.687998693258,1.9020013067420223
TR-044407,2025-10-08,october,Dry Van,2156.1,3962.36,4133.981356854801,4102.788000190243,4118.384678522521,156.0246785225213
TR-044408,2025-10-08,october,Dry Van,1736.7,3502.63,3498.924737385377,3470.8461394527344,3484.8854384190554,17.74456158094472
TR-044409,2025-10-08,october,Reefer,439.3,1196.54,1184.9864550178368,1123.4905348533994,1154.238494935618,42.3015050643819
TR-044410,2025-10-08,october,Reefer,1097.7,2670.34,2592.4476875734135,2552.853460522131,2572.6505740477724,97.6894259522278
TR-044411,2025-10-08,october,Reefer,1145.9,2641.96,2577.896576954329,2729.059865360378,2653.4782211573533,11.51822115735331
TR-044412,2025-10-08,october,Reefer,182.1,515.65,523.5421051922066,482.7388676606852,503.1404864264459,12.509513573554102
TR-044413,2025-10-08,october,Reefer,837.5,2047.8,2003.283255041392,1971.3056316555626,1987.2944433484772,60.50555665152274
TR-044414,2025-10-08,october,Dry Van,242.4,2281.75,608.0012835146322,580.600827734092,594.3010556243621,1687.448944375638
TR-044415,2025-10-08,october,Flatbed,549.4,1264.02,1270.1572961559934,1247.3559255121481,1258.7566108340707,5.263389165929311
TR-044416,2025-10-08,october,Dry Van,2434.8,4584.93,4830.406496695546,4709.47883663313,4769.942666664338,185.0126666643373
TR-044417,2025-10-08,october,Dry Van,1473.1,3093.95,3059.710312392421,3085.7263608864587,3072.71833663944,21.23166336055965
TR-044418,2025-10-08,october,Flatbed,894.5,1945.36,1898.2120472034233,1944.7013205821715,1921.4566838927974,23.9033161072025
TR-044419,2025-10-08,october,Dry Van,598.6,1324.61,1334.9364248528648,1345.9317654650918,1340.4340951589784,15.82409515897848
TR-044420,2025-10-08,october,Dry Van,127.3,350.21,351.7551312299845,330.23330773305065,340.9942194815176,9.215780518482404
TR-044421,2025-10-08,october,Dry Van,911.6,1777.07,1827.9402450169446,1808.5394877064928,1818.2398663617187,41.16986636171873
TR-044422,2025-10-08,october,Dry Van,248.1,596.8,604.8814198097739,572.8683393418266,588.8748795758003,7.92512042419969
TR-044423,2025-10-08,october,Dry Van,679.7,4747.88,1481.5714246889981,1476.7666522883574,1479.1690384886779,3268.7109615113222
TR-044424,2025-10-09,october,Reefer,1078.9,2664.93,2537.3873880443157,2588.7929363160697,2563.0901621801927,101.83983781980714
TR-044425,2025-10-09,october,Dry Van,876.7,1880.05,1806.9149136750718,1855.5960173103604,1831.2554654927162,48.79453450728374
TR-044426,2025-10-09,october,Dry Van,1252.3,2542.03,2585.6197922502674,2593.469286636435,2589.544539443351,47.514539443350714
TR-044427,2025-10-09,october,Dry Van,2678.9,5016.11,5149.06246098192,5047.659650814188,5098.3610558980545,82.2510558980548
TR-044428,2025-10-09,october,Dry Van,238.3,599.05,584.6056814677339,537.1899841079412,560.8978327878376,38.15216721216234
TR-044429,2025-10-09,october,Reefer,1967.7,4113.37,4183.868119016359,4182.320817085289,4183.094468050824,69.72446805082382
TR-044430,2025-10-09,october,Flatbed,942.2,2121.88,2027.3908980053395,2079.6885281531186,2053.539713079229,68.34028692077118
TR-044431,2025-10-09,october,Reefer,1126.9,2658.76,2498.940941297436,2588.004246147751,2543.4725937225935,115.28740627740672
TR-044432,2025-10-09,october,Flatbed,555.2,1313.69,1298.5549726830898,1309.1243890849557,1303.8396808840228,9.8503191159773
TR-044433,2025-10-09,october,Dry Van,825.7,1849.4,1724.6843486926152,1709.9060674176185,1717.2952080551167,132.10479194488335
TR-044434,2025-10-09,october,Dry Van,447.1,1021.86,1014.6035760592553,966.9455963018977,990.7745861805765,31.08541381942348
TR-044435,2025-10-09,october,Reefer,324.2,961.45,934.5276794438672,871.7662700144567,903.1469747291619,58.303025270838134
TR-044436,2025-10-09,october,Dry Van,1022.9,2090.03,2033.0167413668173,2108.4645147292135,2070.7406280480154,19.289371951984776
TR-044437,2025-10-09,october,Dry Van,1114.9,2211.15,2135.163785745129,2191.2706303933574,2163.2172080692435,47.93279193075659
TR-044438,2025-10-09,october,Flatbed,363.6,911.78,903.934720104565,869.0809147062555,886.5078174054103,25.272182594589708
TR-044439,2025-10-09,october,Flatbed,1722.2,3852.58,3648.7857272791175,3791.2541504886613,3720.019938883889,132.56006111611077
TR-044440,2025-10-09,october,Dry Van,2902.6,5332.05,5487.465853729022,5567.103832836408,5527.284843282715,195.2348432827148
TR-044441,2025-10-09,october,Reefer,662.6,1585.9,1583.244565149277,1533.4880880928697,1558.3663266210733,27.53367337892678
TR-044442,2025-10-09,october,Flatbed,3087.5,5938.75,6029.315478690657,6257.207701484505,6143.261590087581,204.51159008758077
TR-044443,2025-10-09,october,Dry Van,444.9,995.1,1007.3044023388849,989.0713258572196,998.1878640980522,3.087864098052137
TR-044444,2025-10-09,october,Dry Van,2326.7,4275.91,4481.390396173165,4395.010148211903,4438.200272192534,162.29027219253385
TR-044445,2025-10-09,october,Reefer,2295.4,4782.28,4898.431116846756,4887.0712406215025,4892.751178734129,110.47117873412935
TR-044446,2025-10-09,october,Dry Van,564.5,1266.91,1207.287537854094,1250.0344806526928,1228.6610092533933,38.24899074660675
TR-044447,2025-10-09,october,Flatbed,2166.4,4404.31,4597.707012840532,4579.911261743461,4588.809137291997,184.4991372919967
TR-044448,2025-10-09,october,Dry Van,2458.0,4516.71,4656.125191521374,4610.228819645066,4633.17700558322,116.46700558322027
TR-044449,2025-10-09,october,Dry Van,436.1,1119.61,1082.9642483923194,1042.3579425313662,1062.6610954618427,56.948904538157194
TR-044450,2025-10-09,october,Flatbed,1240.4,2617.72,2694.549416160729,2771.6289594265645,2733.0891877936465,115.36918779364669
TR-044451,2025-10-09,october,Dry Van,977.5,1954.43,1927.7193783698858,1983.456506769515,1955.5879425697003,1.1579425697002534
TR-044452,2025-10-09,october,Dry Van,189.7,506.9,523.7065624469077,503.91635303121757,513.8114577390627,6.911457739062712
TR-044453,2025-10-09,october,Dry Van,350.9,920.64,907.4195726244735,853.3801464497305,880.399859537102,40.24014046289801
TR-044454,2025-10-09,october,Reefer,1715.8,3737.47,3630.6983606321432,3691.1303799210923,3660.914370276618,76.55562972338203
TR-044455,2025-10-09,october,Dry Van,2177.2,4327.96,4465.136382454387,4365.814125480515,4415.475253967451,87.51525396745092
TR-044456,2025-10-09,october,Reefer,977.7,2254.47,2269.7167802346607,2233.873109205121,2251.7949447198907,2.6750552801090635
TR-044457,2025-10-09,october,Dry Van,826.6,1795.99,1693.451716745246,1722.4313979487547,1707.9415573470003,88.04844265299971
TR-044458,2025-10-09,october,Dry Van,853.7,1922.84,1861.1389784661337,1867.2468162498142,1864.1928973579738,58.647102642026084
TR-044459,2025-10-09,october,Reefer,1835.5,4049.21,3954.1009750584763,4024.0624185959,3989.0816968271884,60.128303172811684
TR-044460,2025-10-09,october,Reefer,530.0,1371.17,1309.2624051575024,1287.266562884642,1298.2644840210723,72.90551597892772
TR-044461,2025-10-09,october,Dry Van,3033.0,5791.84,5763.124746674559,5835.224309883906,5799.174528279233,7.334528279232472
TR-044462,2025-10-09,october,Dry Van,467.8,1058.31,1032.4335251972423,1014.911005787798,1023.6722654925202,34.63773450747976
TR-044463,2025-10-09,october,Dry Van,997.8,2054.89,2023.6127773293497,2055.9113141112443,2039.762045720297,15.127954279702863
TR-044464,2025-10-09,october,Reefer,1343.5,3037.14,3035.98292982022,3016.580624969109,3026.2817773946645,10.858222605335413
TR-044465,2025-10-09,october,Dry Van,358.4,816.77,823.7224739743674,769.669622536145,796.6960482552562,20.073951744743795
TR-044466,2025-10-09,october,Reefer,654.4,1573.0,1548.3953190984175,1494.5145740271516,1521.4549465627847,51.5450534372153
TR-044467,2025-10-09,october,Dry Van,614.4,1260.89,1275.9729915655823,1279.2645621178644,1277.6187768417235,16.728776841723402
TR-044468,2025-10-09,october,Dry Van,1405.6,2916.35,2878.8723670985573,2857.326743506178,2868.0995553023677,48.25044469763225
TR-044469,2025-10-09,october,Dry Van,77.5,223.86,229.53590739099678,227.77289507357455,228.65440123228566,4.794401232285651
TR-044470,2025-10-09,october,Flatbed,759.6,1777.76,1708.7175462834407,1701.702300956869,1705.2099236201548,72.55007637984522
TR-044471,2025-10-09,october,Dry Van,2534.4,4774.04,4866.932632853453,4781.371370144596,4824.152001499024,50.11200149902379
TR-044472,2025-10-09,october,Dry Van,1716.1,3423.01,3462.7778475503846,3509.0742280448667,3485.9260377976257,62.91603779762545
TR-044473,2025-10-09,october,Reefer,1004.8,2413.73,2321.8940096939887,2306.0777862859377,2313.985897989963,99.74410201003684
TR-044474,2025-10-09,october,Dry Van,1797.4,3383.17,3490.8842274128697,3516.9404115360435,3503.9123194744566,120.74231947445651
TR-044475,2025-10-09,october,Reefer,348.9,1029.53,988.7569430005996,944.8636838119564,966.810313406278,62.71968659372192
TR-044476,2025-10-09,october,Reefer,664.9,1550.3,1524.4034561417825,1533.0836344276918,1528.7435452847371,21.556454715262817
TR-044477,2025-10-09,october,Dry Van,696.8,1544.43,1509.7490905562806,1499.573911133661,1504.6615008449708,39.7684991550293
TR-044478,2025-10-09,october,Dry Van,2079.5,4135.5,4159.3465076018665,4131.26047596444,4145.303491783154,9.803491783153731
TR-044479,2025-10-09,october,Dry Van,278.4,707.53,689.1287155903241,637.8064196837524,663.4675676370382,44.06243236296177
TR-044480,2025-10-09,october,Flatbed,2059.1,4078.06,4164.874296415615,4435.344418499124,4300.10935745737,222.04935745736975
TR-044481,2025-10-09,october,Dry Van,875.4,1955.55,1881.4257869400217,1930.4596039328185,1905.94269543642,49.60730456357987
TR-044482,2025-10-09,october,Dry Van,1416.3,2973.63,2950.0661321205284,2938.833924178801,2944.450028149665,29.179971850335278
TR-044483,2025-10-09,october,Dry Van,872.6,1956.4,1841.2565456308105,1851.8931486212914,1846.5748471260508,109.82515287394926
TR-044484,2025-10-09,october,Reefer,716.8,1643.75,1643.2028052543444,1656.392499326926,1649.7976522906351,6.047652290635142
TR-044485,2025-10-09,october,Flatbed,282.8,811.54,801.3246523051528,778.773267173312,790.0489597392324,21.49104026076759
TR-044486,2025-10-09,october,Dry Van,355.2,802.51,828.5831390353321,811.6980923942344,820.1406157147833,17.63061571478329
TR-044487,2025-10-09,october,Dry Van,1074.1,2089.95,2108.696042831983,2117.194516951661,2112.945279891822,22.995279891822065
TR-044488,2025-10-09,october,Reefer,781.4,1834.67,1801.007470317586,1800.4394223127226,1800.7234463151544,33.94655368484564
TR-044489,2025-10-09,october,Dry Van,386.0,841.52,878.7851945723247,857.6603452251911,868.2227698987579,26.70276989875788
TR-044490,2025-10-09,october,Dry Van,2012.5,3969.29,4063.501757289112,3990.5904989474902,4027.046128118301,57.75612811830115
TR-044491,2025-10-09,october,Dry Van,705.5,1521.83,1484.692039206545,1519.5556527894082,1502.1238459979766,19.706154002023368
TR-044492,2025-10-09,october,Dry Van,186.7,464.23,499.52086926751196,447.8265435250248,473.67370639626836,9.44370639626834
TR-044493,2025-10-09,october,Dry Van,1059.5,2195.41,2253.4183820271114,2259.5796960169805,2256.499039022046,61.08903902204611
TR-044494,2025-10-09,october,Dry Van,954.8,1962.57,1959.1871581294286,2007.0096826593094,1983.098420394369,20.52842039436905
TR-044495,2025-10-09,october,Flatbed,359.8,905.33,920.4240484985384,872.2794314772334,896.3517399878858,8.97826001211422
TR-044496,2025-10-09,october,Reefer,441.7,1125.21,1144.644301927587,1079.9507503754576,1112.2975261515223,12.912473848477703
TR-044497,2025-10-09,october,Reefer,3061.6,6610.87,6311.211826240497,6557.809307776604,6434.51056700855,176.35943299144947
TR-044498,2025-10-09,october,Dry Van,1427.1,2958.24,2948.3519126857336,2949.3098967856163,2948.830904735675,9.409095264324606
TR-044499,2025-10-09,october,Reefer,2652.5,5686.14,5567.321384887205,5673.8656121151,5620.593498501152,65.54650149884856
TR-044500,2025-10-09,october,Reefer,1494.7,3519.69,3391.1510076904715,3451.4257010480947,3421.2883543692833,98.40164563071676
TR-044501,2025-10-09,october,Dry Van,2059.8,3828.39,3927.3468756705415,3882.6320186832104,3904.9894471768757,76.59944717687586
TR-044502,2025-10-09,october,Dry Van,2162.5,4282.29,4388.138112736447,4295.682658940501,4341.910385838473,59.62038583847334
TR-044503,2025-10-09,october,Dry Van,650.2,5511.27,1393.426214403796,1381.7774707520925,1387.6018425779444,4123.6681574220565
TR-044504,2025-10-09,october,Reefer,235.9,656.59,680.3536657943655,603.736143597291,642.0449046958282,14.54509530417181
TR-044505,2025-10-09,october,Dry Van,467.8,1044.29,1024.1042367577754,1021.0053397116947,1022.554788234735,21.73521176526492
TR-044506,2025-10-09,october,Flatbed,1190.1,2611.99,2549.7720321756083,2665.3615159793044,2607.566774077456,4.423225922543679
TR-044507,2025-10-09,october,Reefer,1680.5,3806.22,3721.76597743728,3829.550550100942,3775.658263769111,30.561736230888982
TR-044508,2025-10-09,october,Reefer,581.0,1457.28,1465.5845111422602,1398.587961538039,1432.0862363401498,25.19376365985022
TR-044509,2025-10-09,october,Flatbed,368.1,973.83,975.1115730197145,943.4292699790176,959.270421499366,14.559578500634075
TR-044510,2025-10-09,october,Reefer,831.4,1926.36,1874.5971966751015,1879.1151493600041,1876.856173017553,49.50382698244698
TR-044511,2025-10-09,october,Reefer,548.2,1431.35,1389.4753697395686,1353.1528409752261,1371.3141053573972,60.03589464260267
TR-044512,2025-10-09,october,Flatbed,869.2,2149.17,2029.915733878306,2026.6350105497156,2028.2753722140108,120.89462778598931
TR-044513,2025-10-09,october,Dry Van,546.0,1241.75,1226.8272800354223,1205.8939064257297,1216.360593230576,25.389406769424113
TR-044514,2025-10-09,october,Dry Van,2763.2,5053.13,5170.530949666858,5074.013923051145,5122.272436359001,69.1424363590013
TR-044515,2025-10-09,october,Flatbed,383.6,958.28,952.6041303125039,892.510916165927,922.5575232392155,35.7224767607845
TR-044516,2025-10-09,october,Dry Van,512.3,1203.76,1181.2155453301714,1171.6507989787522,1176.4331721544618,27.32682784553822
TR-044517,2025-10-09,october,Dry Van,1147.3,2237.63,2289.7606128773364,2348.483920024172,2319.122266450754,81.49226645075396
TR-044518,2025-10-09,october,Dry Van,512.4,1117.48,1125.5353477104484,1134.1539906675841,1129.8446691890163,12.36466918901624
TR-044519,2025-10-09,october,Flatbed,1696.1,3466.55,3619.9300225734405,3649.594678457,3634.7623505152205,168.21235051522035
TR-044520,2025-10-09,october,Reefer,611.0,1571.77,1521.1703239396559,1532.283948431805,1526.7271361857304,45.042863814269595
TR-044521,2025-10-09,october,Reefer,778.6,1901.84,1883.0997308564527,1825.0408137693923,1854.0702723129225,47.76972768707742
TR-044522,2025-10-09,october,Reefer,1135.0,2504.88,2503.0826683390783,2541.3813873869394,2522.2320278630086,17.352027863008516
TR-044523,2025-10-09,october,Flatbed,223.0,611.91,639.4581039962742,580.3117174154484,609.8849107058613,2.0250892941386383
TR-044524,2025-10-09,october,Dry Van,310.0,2940.49,749.8492847838961,703.7072682232629,726.7782765035795,2213.7117234964203
TR-044525,2025-10-09,october,Dry Van,2016.7,3704.53,3848.7861582795795,3805.1363020716635,3826.9612301756215,122.4312301756213
TR-044526,2025-10-09,october,Dry Van,476.7,1095.83,1078.6770731512602,1054.0622789579306,1066.3696760545954,29.460323945404525
TR-044527,2025-10-09,october,Dry Van,2073.2,4016.71,4099.379120350302,4124.167650002596,4111.77338517645,95.06338517644963
TR-044528,2025-10-09,october,Dry Van,792.5,1701.51,1637.432211513458,1667.2122091095514,1652.3222103115047,49.187789688495286
TR-044529,2025-10-09,october,Reefer,2673.7,5687.25,5753.485003209061,5815.020424494169,5784.252713851614,97.00271385161432
TR-044530,2025-10-09,october,Reefer,2471.1,4901.87,5376.793655246367,5174.614772767769,5275.704214007068,373.8342140070681
TR-044531,2025-10-09,october,Flatbed,2254.9,4501.42,4730.233336330909,4718.038090786902,4724.135713558906,222.71571355890592
TR-044532,2025-10-09,october,Reefer,2194.2,4628.73,4673.903941605435,4709.468487501568,4691.6862145535015,62.95621455350192
TR-044533,2025-10-09,october,Reefer,2205.7,5069.63,4625.065121974918,4735.6054401603415,4680.33528106763,389.2947189323704
TR-044534,2025-10-09,october,Flatbed,1730.1,3540.21,3673.009686647787,3710.812332671132,3691.9110096594595,151.7010096594595
TR-044535,2025-10-09,october,Dry Van,2012.3,3957.89,4049.5879593691675,4010.487433599049,4030.037696484108,72.14769648410811
TR-044536,2025-10-09,october,Dry Van,2082.8,3939.62,4040.3982863782876,3990.959448388172,4015.6788673832298,76.05886738322988
TR-044537,2025-10-09,october,Dry Van,820.8,1639.77,1666.3425536403834,1665.322079167635,1665.8323164040091,26.062316404009152
TR-044538,2025-10-09,october,Dry Van,285.2,665.88,651.0085926393916,616.5694137275789,633.7890031834852,32.0909968165148
TR-044539,2025-10-09,october,Dry Van,407.1,942.96,970.8608379194936,884.8329641415892,927.8469010305414,15.113098969458633
TR-044540,2025-10-09,october,Dry Van,1270.4,2603.65,2628.028535163359,2680.678697987352,2654.3536165753553,50.70361657535523
TR-044541,2025-10-09,october,Reefer,896.3,2071.76,1995.9856152344453,2040.4741706316127,2018.229892933029,53.53010706697114
TR-044542,2025-10-09,october,Dry Van,746.9,1691.61,1657.9622641483616,1654.8155338249107,1656.3888989866361,35.22110101336375
TR-044543,2025-10-09,october,Dry Van,2308.3,4241.74,4526.326907644455,4502.509318426179,4514.418113035317,272.67811303531744
TR-044544,2025-10-09,october,Dry Van,1982.6,3757.74,3770.8791260005196,3721.3660611298474,3746.1225935651837,11.617406434816075
TR-044545,2025-10-09,october,Dry Van,525.2,1152.84,1151.473741807576,1172.1173039192365,1161.7955228634064,8.955522863406486
TR-044546,2025-10-09,october,Dry Van,775.1,1789.11,1724.3614824109043,1691.377460317555,1707.8694713642296,81.24052863577026
TR-044547,2025-10-09,october,Dry Van,285.1,742.74,728.5409118525369,698.4970403633931,713.518976107965,29.221023892034964
TR-044548,2025-10-09,october,Dry Van,314.6,794.34,789.8414658373556,749.6469880457055,769.7442269415305,24.59577305846949
TR-044549,2025-10-09,october,Dry Van,776.3,1612.45,1611.6395445995965,1628.3585734651551,1619.999059032376,7.549059032375908
TR-044550,2025-10-09,october,Flatbed,2025.9,4242.66,4300.819354918249,4282.769715016158,4291.794534967204,49.13453496720376
TR-044551,2025-10-09,october,Dry Van,880.1,1769.34,1746.34945358819,1802.3348280304303,1774.3421408093102,5.002140809310276
TR-044552,2025-10-09,october,Dry Van,641.8,1423.71,1368.2074087815752,1359.0104766597206,1363.608942720648,60.10105727935206
TR-044553,2025-10-09,october,Dry Van,711.4,1653.45,1587.1915988718981,1592.192459057393,1589.6920289646455,63.75797103535456
TR-044554,2025-10-09,october,Dry Van,988.9,2008.89,1994.31698227441,2048.7365460202545,2021.5267641473324,12.636764147332315
TR-044555,2025-10-09,october,Dry Van,439.5,1077.79,1066.3925525670797,1074.3011858992818,1070.3468692331808,7.443130766819195
TR-044556,2025-10-09,october,Dry Van,455.6,367.67,1018.5610856160631,1017.3823998152811,1017.9717427156721,650.3017427156722
TR-044557,2025-10-09,october,Flatbed,322.1,874.67,882.9304836315856,838.9101928307716,860.9203382311787,13.749661768821284
TR-044558,2025-10-09,october,Reefer,312.9,856.91,852.271009558473,797.4623366434992,824.8666731009861,32.04332689901389
TR-044559,2025-10-09,october,Flatbed,2724.0,5584.9,5542.067737301305,5755.233488990209,5648.650613145757,63.7506131457576
TR-044560,2025-10-09,october,Dry Van,431.3,1059.7,1059.8937469623652,1009.3590567044289,1034.626401833397,25.073598166603006
TR-044561,2025-10-09,october,Reefer,1189.9,2781.77,2722.9505991791866,2833.3697052959033,2778.160152237545,3.609847762455047
TR-044562,2025-10-09,october,Dry Van,836.5,1776.94,1707.308589039921,1713.1804044031076,1710.2444967215142,66.69550327848583
TR-044563,2025-10-09,october,Dry Van,791.4,1556.42,1601.3754048814728,1611.3350051453324,1606.3552050134026,49.93520501340254
TR-044564,2025-10-09,october,Flatbed,1021.1,2283.31,2280.1238573428504,2278.199916209373,2279.1618867761117,4.148113223888231
TR-044565,2025-10-09,october,Reefer,560.4,1484.72,1449.1764692866273,1426.5304720037043,1437.8534706451658,46.866529354834256
TR-044566,2025-10-09,october,Flatbed,519.5,1264.57,1293.8764779109183,1247.0700405025368,1270.4732592067276,5.9032592067276255
TR-044567,2025-10-09,october,Dry Van,1154.0,2415.68,2408.595325652526,2404.9424634287298,2406.768894540628,8.91110545937181
TR-044568,2025-10-09,october,Dry Van,82.8,231.71,239.73453368371054,261.92392913232584,250.8292314080182,19.11923140801818
TR-044569,2025-10-09,october,Dry Van,1751.0,3521.35,3561.3810594916195,3564.354800385807,3562.867929938713,41.51792993871322
TR-044570,2025-10-09,october,Dry Van,1156.8,2405.13,2419.852155076054,2430.3055073482924,2425.078831212173,19.94883121217299
TR-044571,2025-10-09,october,Reefer,83.1,282.04,263.06978562227044,285.64201068755165,274.3558981549111,7.6841018450889464
TR-044572,2025-10-09,october,Dry Van,581.0,1163.86,1196.002647951918,1175.1051110627554,1185.5538795073367,21.69387950733676
TR-044573,2025-10-09,october,Dry Van,626.7,1445.85,1394.691309815666,1377.9755408839524,1386.3334253498092,59.516574650190705
TR-044574,2025-10-09,october,Dry Van,1689.3,3348.58,3435.390165347427,3391.0643410335338,3413.22725319048,64.64725319048011
TR-044575,2025-10-09,october,Dry Van,140.5,396.7,383.77391097294094,380.54746423727147,382.1606876051062,14.539312394893784
TR-044576,2025-10-09,october,Flatbed,2060.7,4226.48,4357.645954953542,4347.322306614615,4352.484130784078,126.00413078407837
TR-044577,2025-10-09,october,Dry Van,611.8,1415.91,1388.6380419837787,1386.6469137175147,1387.6424778506466,28.267522149353454
TR-044578,2025-10-10,october,Reefer,2821.2,5360.52,5422.8200310223865,5686.7051820149245,5554.762606518656,194.24260651865552
TR-044579,2025-10-10,october,Flatbed,1061.4,2275.93,2310.5154842876836,2328.277746196564,2319.3966152421235,43.46661524212368
TR-044580,2025-10-10,october,Dry Van,793.1,1853.27,1705.9412655640251,1741.0493378317367,1723.495301697881,129.77469830211908
TR-044581,2025-10-10,october,Reefer,436.0,1128.32,1139.232064364087,1068.4075680009641,1103.8198161825255,24.500183817474408
TR-044582,2025-10-10,october,Dry Van,925.9,1898.58,1993.3105445095107,1953.2252731388833,1973.267908824197,74.68790882419717
TR-044583,2025-10-10,october,Dry Van,1794.9,3378.19,3432.7041801448795,3422.2277053656217,3427.4659427552506,49.275942755250526
TR-044584,2025-10-10,october,Dry Van,451.0,1028.21,1029.629112873778,1024.3960387639,1027.012575818839,1.1974241811610682
TR-044585,2025-10-10,october,Reefer,450.8,1244.46,1212.6621809491364,1179.4972115962128,1196.0796962726745,48.380303727325554
TR-044586,2025-10-10,october,Reefer,975.1,2302.46,2222.970393631437,2203.2363364967932,2213.103365064115,89.35663493588481
TR-044587,2025-10-10,october,Flatbed,1694.8,3759.04,3636.1559188463402,3803.4128804489974,3719.7843996476686,39.255600352331385
TR-044588,2025-10-10,october,Dry Van,1126.9,2435.89,2340.2610178556292,2319.1802961601625,2329.720657007896,106.1693429921038
TR-044589,2025-10-10,october,Dry Van,1160.7,2421.18,2407.3795944660174,2476.4065589515076,2441.8930767087622,20.7130767087624
TR-044590,2025-10-10,october,Reefer,1889.9,4254.93,4040.6583135971405,4115.037886938979,4077.8481002680596,177.08189973194067
TR-044591,2025-10-10,october,Dry Van,956.9,2033.38,1974.8833508121188,2019.873819835409,1997.378585323764,36.00141467623621
TR-044592,2025-10-10,october,Dry Van,476.1,993.54,1028.1042653848199,1028.9403281430095,1028.5222967639147,34.982296763914746
TR-044593,2025-10-10,october,Dry Van,368.8,789.41,812.1409090594233,806.1334070552359,809.1371580573295,19.727158057329575
TR-044594,2025-10-10,october,Reefer,939.1,2242.33,2127.841862441249,2150.027356940136,2138.9346096906925,103.39539030930746
TR-044595,2025-10-10,october,Flatbed,2164.4,4589.65,4606.7892825166955,4656.423260534151,4631.606271525423,41.95627152542329
TR-044596,2025-10-10,october,Reefer,1475.2,3217.79,3209.463154738308,3232.8575353496553,3221.1603450439816,3.370345043981615
TR-044597,2025-10-10,october,Dry Van,1403.3,2864.16,2869.762171600062,2911.2441607569062,2890.503166178484,26.343166178484353
TR-044598,2025-10-10,october,Reefer,951.6,2174.63,2112.693044654387,2091.824111573653,2102.25857811402,72.37142188598
TR-044599,2025-10-10,october,Dry Van,1136.1,2343.86,2334.3741138019805,2463.03122236866,2398.7026680853205,54.84266808532038
TR-044600,2025-10-10,october,Dry Van,2294.4,4335.83,4476.015284847852,4469.088160452013,4472.551722649932,136.72172264993242
TR-044601,2025-10-10,october,Reefer,1737.0,3522.2,3710.8833132362047,3696.308110298489,3703.595711767347,181.39571176734717
TR-044602,2025-10-10,october,Dry Van,388.0,915.66,906.3365584823663,868.4991087764363,887.4178336294012,28.24216637059874
TR-044603,2025-10-10,october,Reefer,1134.6,2507.38,2488.132582716548,2547.8787376194473,2518.0056601679976,10.625660167997466
TR-044604,2025-10-10,october,Flatbed,1791.8,3614.88,3827.02783026073,3850.2212426489823,3838.624536454856,223.74453645485573
TR-044605,2025-10-10,october,Flatbed,941.5,2154.79,2087.787150576716,2127.7840431104837,2107.7855968435997,47.00440315640026
TR-044606,2025-10-10,october,Flatbed,2752.5,5539.54,5616.222901607824,5768.504303719092,5692.363602663458,152.82360266345768
TR-044607,2025-10-10,october,Dry Van,1985.6,3574.14,3719.9386567907545,3620.123253216918,3670.0309550038364,95.89095500383655
TR-044608,2025-10-10,october,Dry Van,1031.6,1984.11,2001.3374849898535,2069.9028179600914,2035.6201514749723,51.51015147497242
TR-044609,2025-10-10,october,Reefer,1787.3,4085.99,3835.779087505352,3947.587059661448,3891.6830735834,194.3069264165997
TR-044610,2025-10-10,october,Dry Van,1650.0,3224.7,3272.7661172568564,3355.7967923655856,3314.281454811221,89.58145481122119
TR-044611,2025-10-10,october,Dry Van,1979.1,3692.86,3797.5738117712162,3801.4348192055286,3799.5043154883724,106.64431548837229
TR-044612,2025-10-10,october,Reefer,1625.9,3564.26,3521.230268229522,3567.815569915528,3544.522919072525,19.73708092747529
TR-044613,2025-10-10,october,Dry Van,1295.1,2527.85,2514.9227092175274,2534.588436156875,2524.7555726872015,3.094427312798416
TR-044614,2025-10-10,october,Reefer,307.6,2094.59,874.4737430500978,835.0259340723544,854.7498385612262,1239.840161438774
TR-044615,2025-10-10,october,Dry Van,540.2,1264.94,1236.583608940266,1225.0103503004693,1230.7969796203677,34.14302037963239
TR-044616,2025-10-10,october,Dry Van,1060.8,2194.61,2137.223383173569,2180.4644553978474,2158.843919285708,35.766080714292
TR-044617,2025-10-10,october,Dry Van,2161.9,4045.17,4152.252290417024,4118.020015757645,4135.136153087335,89.96615308733453
TR-044618,2025-10-10,october,Reefer,1829.1,3893.83,3844.840495852695,3950.9562115325534,3897.8983536926244,4.0683536926244415
TR-044619,2025-10-10,october,Flatbed,689.3,1653.38,1609.6269064065264,1601.4351235306474,1605.531014968587,47.84898503141312
TR-044620,2025-10-10,october,Flatbed,2026.0,4118.68,4307.5244379551,4296.31174211588,4301.91809003549,183.23809003549013
TR-044621,2025-10-10,october,Flatbed,2051.9,4176.34,4346.525367714842,4328.527911646334,4337.526639680588,161.1866396805881
TR-044622,2025-10-10,october,Dry Van,1074.6,2062.28,2127.511183665422,2118.1237862051175,2122.81748493527,60.53748493526973
TR-044623,2025-10-10,october,Reefer,730.3,1806.72,1776.4457588201756,1731.025693916384,1753.7357263682798,52.98427363172027
TR-044624,2025-10-10,october,Dry Van,2708.6,4782.29,4921.142572661381,4842.733093710178,4881.937833185779,99.64783318577884
TR-044625,2025-10-10,october,Dry Van,681.8,1473.33,1449.0708872209398,1469.9976822751123,1459.534284748026,13.795715251973888
TR-044626,2025-10-10,october,Reefer,611.3,1562.83,1504.8848117941807,1466.467092626506,1485.6759522103434,77.15404778965649
TR-044627,2025-10-10,october,Reefer,919.7,2032.95,1958.8638378609746,1960.1467828471093,1959.505310354042,73.44468964595808
TR-044628,2025-10-10,october,Reefer,1820.1,3836.59,3784.3427527371327,3852.913121769773,3818.6279372534527,17.962062746547417
TR-044629,2025-10-10,october,Flatbed,2011.1,4088.24,4323.7243631921765,4338.1001218130705,4330.9122425026235,242.6722425026237
TR-044630,2025-10-10,october,Dry Van,1702.5,3500.41,3514.024865372227,3507.1827554077126,3510.60381038997,10.193810389970167
TR-044631,2025-10-10,october,Dry Van,823.1,1738.92,1698.5060484805183,1736.153322344475,1717.3296854124967,21.59031458750337
TR-044632,2025-10-10,october,Flatbed,2797.9,5899.4,5685.09789688563,5994.799641713395,5839.948769299513,59.45123070048703
TR-044633,2025-10-10,october,Flatbed,1980.2,4160.02,4102.212367492917,4156.347448884288,4129.279908188602,30.740091811398088
TR-044634,2025-10-10,october,Reefer,2106.5,4594.27,4514.424290117893,4522.768758596747,4518.59652435732,75.67347564268039
TR-044635,2025-10-10,october,Flatbed,431.3,960.78,1009.8364235218817,962.7100645091366,986.2732440155091,25.493244015509163
TR-044636,2025-10-10,october,Dry Van,1401.6,2855.05,2873.320224959538,2836.660914939747,2854.990569949642,0.059430050358059816
TR-044637,2025-10-10,october,Dry Van,153.4,379.54,410.33836415219344,368.71249883151563,389.52543149185453,9.985431491854513
TR-044638,2025-10-10,october,Flatbed,457.6,1199.69,1187.2588644434734,1162.3867195556068,1174.8227919995402,24.86720800045987
TR-044639,2025-10-10,october,Dry Van,968.9,2093.43,2027.9073418937844,2054.3890619950785,2041.1482019444315,52.28179805556829
TR-044640,2025-10-10,october,Reefer,2692.2,5694.27,5613.28165643296,5673.575430494549,5643.428543463755,50.84145653624546
TR-044641,2025-10-10,october,Flatbed,1887.2,3828.99,4006.2676778398272,4016.139184185667,4011.2034310127474,182.2134310127476
TR-044642,2025-10-10,october,Reefer,1829.7,3758.85,3835.6628899688462,3888.9333049253855,3862.2980974471157,103.44809744711574
TR-044643,2025-10-10,october,Flatbed,2821.0,5681.14,5765.222132997625,5908.551501992028,5836.886817494826,155.74681749482534
TR-044644,2025-10-10,october,Dry Van,347.8,803.07,806.6974514944434,761.5660997400596,784.1317756172515,18.938224382748558
TR-044645,2025-10-10,october,Dry Van,769.4,1590.39,1576.5702990041068,1572.706705712593,1574.6385023583498,15.751497641650303
TR-044646,2025-10-10,october,Dry Van,1708.9,3398.84,3545.9585399743446,3556.5757848369412,3551.267162405643,152.42716240564278
TR-044647,2025-10-10,october,Dry Van,2672.2,4761.97,4878.018181611317,4757.117069446361,4817.567625528839,55.59762552883876
TR-044648,2025-10-10,october,Flatbed,1316.7,2890.9,2785.7398266826435,2868.1584293144147,2826.949127998529,63.950872001471
TR-044649,2025-10-10,october,Reefer,324.1,866.98,871.6262300071362,825.5962309670433,848.6112304870898,18.368769512910262
TR-044650,2025-10-10,october,Dry Van,1265.9,2545.24,2549.5400117871654,2548.6915411146615,2549.1157764509135,3.8757764509136905
TR-044651,2025-10-10,october,Reefer,1042.9,2601.44,2426.882108170773,2430.7588702106723,2428.8204891907226,172.61951080927747
TR-044652,2025-10-10,october,Dry Van,517.5,1283.49,1215.691023171852,1212.7458295058198,1214.2184263388358,69.27157366116421
TR-044653,2025-10-10,october,Dry Van,615.0,1327.27,1317.676610233452,1323.6822175588848,1320.6794138961684,6.590586103831583
TR-044654,2025-10-10,october,Flatbed,952.6,2213.71,2159.9833951508285,2231.4860132051826,2195.734704178006,17.975295821994223
TR-044655,2025-10-10,october,Dry Van,1177.0,2460.2,2505.8562451625485,2568.016137328694,2536.9361912456216,76.73619124562174
TR-044656,2025-10-10,october,Reefer,272.9,798.7,757.1928831911476,749.3448134444843,753.268848317816,45.43115168218401
TR-044657,2025-10-10,october,Dry Van,383.0,906.37,899.8075345029507,856.514432250493,878.1609833767218,28.209016623278217
TR-044658,2025-10-10,october,Dry Van,1376.4,2636.13,2655.412577926896,2731.826814484519,2693.6196962057074,57.48969620570733
TR-044659,2025-10-10,october,Dry Van,500.7,1146.59,1126.7803530477029,1133.8341414301174,1130.3072472389101,16.282752761089796
TR-044660,2025-10-10,october,Dry Van,672.6,1430.83,1391.4373498176708,1425.1125538769713,1408.274951847321,22.555048152678864
TR-044661,2025-10-10,october,Dry Van,1189.8,2381.74,2394.4303224762257,2441.693237603484,2418.061780039855,36.321780039855184
TR-044662,2025-10-10,october,Flatbed,821.5,1862.97,1800.6345857188483,1836.4492305992644,1818.5419081590562,44.42809184094381
TR-044663,2025-10-10,october,Dry Van,246.4,634.08,620.6576237906495,584.560019304799,602.6088215477242,31.471178452275808
TR-044664,2025-10-10,october,Dry Van,333.1,877.06,837.7560638523083,813.2875670071132,825.5218154297108,51.538184570289104
TR-044665,2025-10-10,october,Flatbed,1094.2,2343.09,2406.2338812631842,2454.6072844899777,2430.4205828765807,87.33058287658059
TR-044666,2025-10-10,october,Dry Van,292.3,770.02,740.9692739371146,742.610523205163,741.7898985711388,28.23010142886119
TR-044667,2025-10-10,october,Dry Van,514.2,1180.98,1153.917639325706,1158.3755105040825,1156.1465749148942,24.833425085105773
TR-044668,2025-10-10,october,Dry Van,1140.1,2260.68,2261.8420569626724,2340.3689603375196,2301.105508650096,40.42550865009616
TR-044669,2025-10-10,october,Reefer,1627.4,3613.73,3544.3492475629128,3650.1731750456797,3597.261211304296,16.468788695704006
TR-044670,2025-10-10,october,Dry Van,656.4,1431.42,1382.7644405367557,1381.207729143055,1381.9860848399053,49.433915160094784
TR-044671,2025-10-10,october,Dry Van,444.7,200.31,1017.6350857351795,980.4525082802211,999.0437970077003,798.7337970077003
TR-044672,2025-10-10,october,Dry Van,1475.4,2740.91,2942.3878770697816,2835.3331149814703,2888.860496025626,147.9504960256263
TR-044673,2025-10-10,october,Dry Van,1540.1,3052.02,3177.21710229593,3116.5562712223973,3146.8866867591637,94.86668675916371
TR-044674,2025-10-10,october,Dry Van,1781.8,3638.92,3640.5587281037665,3693.1056727701707,3666.8322004369684,27.912200436968305
TR-044675,2025-10-10,october,Dry Van,1709.6,3223.52,3376.1635745927138,3362.5501620317364,3369.356868312225,145.83686831222485
TR-044676,2025-10-10,october,Reefer,2440.1,5148.13,5176.336848808862,5187.3157504314095,5181.826299620136,33.696299620135505
TR-044677,2025-10-10,october,Reefer,3094.1,6336.16,6204.45016910372,6436.200428391353,6320.325298747537,15.834701252462764
TR-044678,2025-10-10,october,Dry Van,692.6,1505.85,1471.0078596021517,1452.0271361219156,1461.5174978620337,44.33250213796623
TR-044679,2025-10-10,october,Dry Van,1237.2,2540.67,2521.517913563718,2562.4494068720064,2541.983660217862,1.3136602178619796
TR-044680,2025-10-10,october,Dry Van,627.3,1331.84,1310.5109533996458,1332.6507028361548,1321.5808281179002,10.259171882099736
TR-044681,2025-10-10,october,Dry Van,750.3,1633.71,1534.902342035288,1565.130469543907,1550.0164057895977,83.69359421040235
TR-044682,2025-10-10,october,Flatbed,1978.5,4065.44,4102.95406788498,4186.505254585189,4144.729661235084,79.28966123508371
TR-044683,2025-10-10,october,Reefer,1177.8,2737.93,2657.6079379257308,2825.173660065808,2741.3907989957693,3.460798995769437
TR-044684,2025-10-10,october,Dry Van,540.8,1092.65,1153.5281762205143,1157.8576050632028,1155.6928906418584,63.04289064185832
TR-044685,2025-10-10,october,Dry Van,2496.8,4871.12,4911.339356248596,4879.295690834082,4895.317523541339,24.19752354133925
TR-044686,2025-10-10,october,Dry Van,545.7,1190.14,1184.2518296471674,1176.0684762400244,1180.160152943596,9.979847056404196
TR-044687,2025-10-10,october,Dry Van,389.5,905.9,891.0925938674911,833.9419744848817,862.5172841761864,43.382715823813555
TR-044688,2025-10-10,october,Dry Van,384.7,875.41,883.260245944625,844.40890824346,863.8345770940425,11.575422905957453
TR-044689,2025-10-10,october,Flatbed,899.3,2080.96,2015.4254401435692,2100.0201967382504,2057.7228184409096,23.23718155909046
TR-044690,2025-10-10,october,Flatbed,1501.1,3355.91,3255.223288873701,3346.2398433469352,3300.7315661103185,55.1784338896814
TR-044691,2025-10-10,october,Flatbed,1064.8,2357.78,2335.1792538380205,2317.62579965276,2326.4025267453903,31.377473254609868
TR-044692,2025-10-10,october,Reefer,1672.5,3711.34,3659.901763530033,3675.4783486079905,3667.690056069012,43.64994393098823
TR-044693,2025-10-10,october,Dry Van,914.1,362.69,1794.1387102450228,1806.5084260059036,1800.3235681254632,1437.6335681254632
TR-044694,2025-10-10,october,Flatbed,1827.8,3873.54,3704.605163039768,3813.443384593441,3759.0242738166044,114.5157261833956
TR-044695,2025-10-10,october,Dry Van,371.2,833.33,839.6868181387722,791.0715259498288,815.3791720443005,17.950827955699538
TR-044696,2025-10-10,october,Dry Van,1316.1,2599.36,2588.234967440754,2624.0796079006386,2606.1572876706964,6.797287670696278
TR-044697,2025-10-10,october,Dry Van,1011.5,2073.63,2085.7395828313574,2101.0100433435514,2093.3748130874546,19.74481308745453
TR-044698,2025-10-10,october,Dry Van,329.2,838.28,826.5283599114152,792.248224595244,809.3882922533296,28.891707746670363
TR-044699,2025-10-10,october,Dry Van,418.7,961.44,946.1300074600273,926.3253906493376,936.2276990546825,25.212300945317565
TR-044700,2025-10-10,october,Reefer,712.6,1654.14,1653.9208297980929,1591.6674852596302,1622.7941575288614,31.345842471138667
TR-044701,2025-10-10,october,Dry Van,877.8,1747.88,1790.5861536084772,1764.5754206278195,1777.5807871181482,29.700787118148128
TR-044702,2025-10-10,october,Flatbed,250.7,710.97,706.381669565326,682.6895556464576,694.5356126058919,16.43438739410817
TR-044703,2025-10-10,october,Reefer,201.7,610.44,604.481080246196,587.8816760783516,596.1813781622739,14.258621837726196
TR-044704,2025-10-10,october,Dry Van,548.2,1258.79,1213.4195348427486,1206.2826835140227,1209.8511091783857,48.93889082161422
TR-044705,2025-10-10,october,Dry Van,836.9,1787.06,1739.2044888323514,1752.0680509116523,1745.6362698720018,41.42373012799817
TR-044706,2025-10-10,october,Dry Van,238.2,637.89,625.7677892129765,610.2346656223335,618.001227417655,19.88877258234504
TR-044707,2025-10-10,october,Reefer,976.1,2339.21,2227.371002094793,2274.421122079146,2250.8960620869693,88.31393791303071
TR-044708,2025-10-10,october,Dry Van,773.3,1608.79,1556.5116848548969,1543.7414811305493,1550.1265829927231,58.66341700727685
TR-044709,2025-10-10,october,Dry Van,2027.2,3775.5,3888.7325741832396,3793.15911171338,3840.9458429483097,65.44584294830975
TR-044710,2025-10-10,october,Dry Van,461.2,1003.34,1010.1789246226582,1010.8435375046773,1010.5112310636678,7.171231063667733
TR-044711,2025-10-10,october,Dry Van,525.4,1226.9,1206.9443849758832,1203.5985148121747,1205.271449894029,21.628550105971044
TR-044712,2025-10-10,october,Dry Van,1952.7,3849.77,3928.4681905009497,3843.8018484667173,3886.1350194838333,36.365019483833294
TR-044713,2025-10-10,october,Dry Van,579.4,1328.5,1312.9348779237976,1274.9888705011556,1293.9618742124767,34.53812578752331
TR-044714,2025-10-10,october,Dry Van,1122.4,2169.55,2175.488541166626,2198.3360304508265,2186.912285808726,17.36228580872603
TR-044715,2025-10-10,october,Flatbed,956.0,2089.85,2076.159113705192,2085.9722488517355,2081.0656812784637,8.784318721536238
TR-044716,2025-10-10,october,Dry Van,940.7,1909.37,1905.4399158970102,1920.3792577519373,1912.9095868244738,3.539586824473872
TR-044717,2025-10-10,october,Dry Van,1838.9,3714.5,3718.294534210803,3747.2529150849987,3732.773724647901,18.273724647900963
TR-044718,2025-10-10,october,Dry Van,749.8,1525.78,1535.566247680382,1554.1259247932383,1544.8460862368102,19.06608623681018
TR-044719,2025-10-10,october,Dry Van,1536.8,3046.89,3145.326930150051,3047.3320191354605,3096.3294746427555,49.43947464275561
TR-044720,2025-10-10,october,Reefer,973.7,2290.09,2177.6334551215723,2187.426267575923,2182.5298613487475,107.5601386512526
TR-044721,2025-10-10,october,Dry Van,1663.5,3221.15,3336.833351644664,3339.429463633565,3338.1314076391145,116.98140763911442
TR-044722,2025-10-10,october,Dry Van,586.5,1288.83,1279.6465085581328,1243.3088559082062,1261.4776822331696,27.35231776683031
TR-044723,2025-10-10,october,Dry Van,1234.4,2573.69,2634.206892799457,2600.3680682312715,2617.287480515364,43.59748051536417
TR-044724,2025-10-10,october,Reefer,722.3,1717.37,1734.5146102885617,1630.2988213687854,1682.4067158286734,34.96328417132645
TR-044725,2025-10-10,october,Flatbed,863.0,1955.02,1914.4828656306302,1948.9827147202677,1931.7327901754488,23.287209824551155
TR-044726,2025-10-10,october,Dry Van,861.2,1835.97,1789.708508206249,1827.6345475771614,1808.6715278917052,27.298472108294845
TR-044727,2025-10-10,october,Dry Van,2061.9,3745.12,3898.7866620060304,3924.5194937455326,3911.6530778757815,166.5330778757816
TR-044728,2025-10-10,october,Dry Van,315.7,750.33,740.6309151093042,694.8942207494345,717.7625679293693,32.56743207063073
TR-044729,2025-10-10,october,Dry Van,1689.5,3518.45,3446.227071887755,3531.6522301945934,3488.9396510411743,29.51034895882549
TR-044730,2025-10-10,october,Flatbed,1659.7,3543.04,3454.519176663233,3542.499750413095,3498.509463538164,44.530536461836164
TR-044731,2025-10-11,october,Flatbed,2134.7,4130.04,4385.08606924963,4438.488726838506,4411.787398044068,281.7473980440682
TR-044732,2025-10-11,october,Dry Van,952.7,2066.18,2004.828891225091,2013.3713631203038,2009.1001271726973,57.07987282730255
TR-044733,2025-10-11,october,Reefer,1877.8,3996.28,4017.715971501676,4075.1433742882414,4046.4296728949585,50.14967289495826
TR-044734,2025-10-11,october,Reefer,922.3,2143.64,2056.0953755006626,2071.2745313802325,2063.6849534404473,79.95504655955256
TR-044735,2025-10-11,october,Dry Van,1218.3,2526.69,2533.702054829255,2603.9029660078377,2568.8025104185463,42.11251041854621
TR-044736,2025-10-11,october,Dry Van,655.2,1451.28,1417.8798015654997,1382.3696932960215,1400.1247474307606,51.15525256923934
TR-044737,2025-10-11,october,Dry Van,246.2,624.8,627.3681889098574,614.7265200219799,621.0473544659187,3.752645534081239
TR-044738,2025-10-11,october,Reefer,1939.9,4266.12,4078.5107359590197,4117.604112160919,4098.057424059969,168.0625759400309
TR-044739,2025-10-11,october,Dry Van,627.8,1446.63,1386.2788354436677,1386.91304887892,1386.5959421612938,60.0340578387063
TR-044740,2025-10-11,october,Dry Van,781.7,1659.78,1619.7203630965255,1657.6095689869642,1638.6649660417447,21.115033958255253
TR-044741,2025-10-11,october,Flatbed,212.2,592.16,605.7401968381414,563.5513097330218,584.6457532855816,7.514246714418391
TR-044742,2025-10-11,october,Dry Van,1995.0,3718.09,3962.4582379093686,3842.5296673805906,3902.49395264498,184.40395264497965
TR-044743,2025-10-11,october,Flatbed,1182.9,2569.64,2567.7685974087194,2607.748527624239,2587.7585625164793,18.118562516479415
TR-044744,2025-10-11,october,Reefer,1731.4,3529.82,3646.720981195206,3745.0503989864196,3695.885690090813,166.06569009081295
TR-044745,2025-10-11,october,Flatbed,398.9,995.91,995.0952391136348,958.0369833828231,976.5661112482289,19.343888751771033
TR-044746,2025-10-11,october,Dry Van,1220.0,2469.04,2507.2984774802662,2578.7037943058986,2543.0011358930824,73.96113589308243
TR-044747,2025-10-11,october,Dry Van,533.4,1185.3,1159.9382308551772,1172.7161732030893,1166.3272020291333,18.972797970866623
TR-044748,2025-10-11,october,Dry Van,586.5,1222.96,1247.1199496363647,1260.5662102049012,1253.843079920633,30.88307992063301
TR-044749,2025-10-11,october,Flatbed,332.3,830.84,822.6955189369719,807.4233664774094,815.0594427071907,15.780557292809362
TR-044750,2025-10-11,october,Reefer,817.3,1833.98,1820.4639799338024,1827.1968428917698,1823.8304114127861,10.149588587213884
TR-044751,2025-10-11,october,Reefer,2241.6,4593.62,4655.1212195557655,4647.158029578463,4651.139624567115,57.51962456711499
TR-044752,2025-10-11,october,Dry Van,253.3,576.81,608.0442511305778,552.5943912962082,580.319321213393,3.5093212133930365
TR-044753,2025-10-11,october,Flatbed,1247.9,2696.69,2708.807420976419,2775.404582347603,2742.1060016620113,45.41600166201124
TR-044754,2025-10-11,october,Dry Van,1499.4,2900.53,3048.5927158663753,3019.4518856524546,3034.022300759415,133.49230075941477
TR-044755,2025-10-11,october,Dry Van,582.0,1409.03,1297.987944308207,1289.3601982708508,1293.674071289529,115.35592871047106
TR-044756,2025-10-11,october,Flatbed,114.6,330.59,551.4208787830017,346.96547046620276,449.19317462460225,118.60317462460227
TR-044757,2025-10-11,october,Dry Van,1249.6,2634.45,2563.0984065320004,2562.897776765216,2562.9980916486084,71.45190835139147
TR-044758,2025-10-11,october,Dry Van,1591.9,3226.88,3290.090881967752,3194.7492338363663,3242.420057902059,15.540057902058834
TR-044759,2025-10-11,october,Dry Van,710.5,1539.47,1494.9814629223683,1491.612695871635,1493.2970793970017,46.172920602998374
TR-044760,2025-10-11,october,Flatbed,524.0,1278.47,1247.2926809192575,1246.0464089502875,1246.6695449347726,31.800455065227425
TR-044761,2025-10-11,october,Flatbed,468.3,1171.99,1157.6646305169368,1149.8002188632308,1153.732424690084,18.257575309916092
TR-044762,2025-10-11,october,Reefer,220.4,652.79,667.8668011289736,610.5346116249507,639.2007063769622,13.589293623037747
TR-044763,2025-10-11,october,Reefer,1054.5,2435.68,2350.8261415581587,2407.637949709322,2379.23204563374,56.44795436625964
TR-044764,2025-10-11,october,Dry Van,464.4,1097.91,1068.4790499769504,1048.1311588369663,1058.3051044069584,39.60489559304165
TR-044765,2025-10-11,october,Reefer,1131.8,2539.48,2461.550825314634,2469.8286809400865,2465.6897531273603,73.79024687263973
TR-044766,2025-10-11,october,Dry Van,446.3,1029.56,1021.8383279055657,976.2155944426427,999.0269611741041,30.5330388258958
TR-044767,2025-10-11,october,Dry Van,1172.6,2369.47,2412.3881993902924,2437.6756804251568,2425.0319399077243,55.561939907724536
TR-044768,2025-10-11,october,Dry Van,995.6,2008.85,2076.5551226584835,2083.1098083994307,2079.832465528957,70.98246552895716
TR-044769,2025-10-11,october,Flatbed,768.6,1774.03,1730.8583651985148,1722.22351667142,1726.5409409349672,47.489059065032734
TR-044770,2025-10-11,october,Reefer,1620.0,3453.25,3532.5706433837236,3604.233505719375,3568.402074551549,115.15207455154905
TR-044771,2025-10-11,october,Dry Van,590.0,1450.86,1343.0227925478143,1342.2842713431799,1342.653531945497,108.20646805450292
TR-044772,2025-10-11,october,Flatbed,2089.2,4264.86,4482.481808385622,4503.112370371404,4492.797089378513,227.93708937851352
TR-044773,2025-10-11,october,Dry Van,997.0,1850.81,1953.9092688842,1993.902934301491,1973.9061015928455,123.09610159284557
TR-044774,2025-10-11,october,Dry Van,1623.4,3135.88,3250.3136391719545,3209.561631805298,3229.9376354886263,94.05763548862615
TR-044775,2025-10-11,october,Dry Van,313.8,765.24,745.3280804138495,713.8666700555159,729.5973752346827,35.64262476531735
TR-044776,2025-10-11,october,Dry Van,1877.7,3622.4,3740.9673403401284,3717.2680500212973,3729.117695180713,106.71769518071278
TR-044777,2025-10-11,october,Dry Van,1008.7,2038.84,2045.0514372022246,2115.013427850514,2080.032432526369,41.1924325263692
TR-044778,2025-10-11,october,Flatbed,2035.8,3969.34,4323.701078960758,4365.9829523506805,4344.8420156557195,375.50201565571933
TR-044779,2025-10-11,october,Dry Van,3031.5,5512.17,5481.713769264119,5670.080112938411,5575.896941101265,63.726941101264856
TR-044780,2025-10-11,october,Dry Van,1101.4,2181.21,2171.5407023610296,2172.869085564947,2172.2048939629885,9.005106037011501
TR-044781,2025-10-11,october,Dry Van,1035.2,2154.25,2152.8430775449847,2159.259094615545,2156.051086080265,1.8010860802651223
TR-044782,2025-10-11,october,Dry Van,1293.8,2695.97,2638.0725677464925,2648.5194722582933,2643.2960200023927,52.67397999760715
TR-044783,2025-10-11,october,Dry Van,2638.6,4912.78,4970.598470460306,4971.055549436238,4970.8270099482725,58.047009948272716
TR-044784,2025-10-11,october,Flatbed,674.2,1551.1,1527.596659547781,1552.3136366739004,1539.9551481108406,11.144851889159327
TR-044785,2025-10-11,october,Dry Van,1981.9,3763.44,3812.6474607414357,3855.6983827048552,3834.1729217231455,70.73292172314541
TR-044786,2025-10-11,october,Dry Van,2721.3,4836.65,4896.4933893100415,5028.353819711259,4962.42360451065,125.77360451065033
TR-044787,2025-10-11,october,Dry Van,1415.2,2770.88,2905.4422357535846,2817.6666374436963,2861.5544365986407,90.67443659864057
TR-044788,2025-10-11,october,Dry Van,609.9,1366.29,1304.5532959037469,1332.128121764557,1318.3407088341519,47.94929116584808
TR-044789,2025-10-11,october,Dry Van,2181.5,4022.24,4181.775257722972,4068.14879104831,4124.962024385641,102.7220243856409
TR-044790,2025-10-11,october,Dry Van,1641.8,3331.13,3349.4105722604636,3391.8362350725183,3370.623403666491,39.49340366649085
TR-044791,2025-10-11,october,Dry Van,539.8,1225.76,1159.9127539806125,1133.249413466434,1146.581083723523,79.17891627647691
TR-044792,2025-10-11,october,Dry Van,374.2,913.55,875.3768918486769,832.6781327275557,854.0275122881163,59.52248771188363
TR-044793,2025-10-11,october,Dry Van,2074.4,4235.01,4213.57428176437,4151.63006916119,4182.60217546278,52.40782453722022
TR-044794,2025-10-11,october,Reefer,304.8,815.47,804.7193204832155,783.1898816295334,793.9546010563745,21.51539894362554
TR-044795,2025-10-11,october,Reefer,1237.2,2868.54,2715.4716191541825,2790.9655966521177,2753.21860790315,115.3213920968501
TR-044796,2025-10-11,october,Reefer,308.5,843.59,848.089920851989,799.9583649066128,824.0241428793008,19.565857120699206
TR-044797,2025-10-11,october,Reefer,957.4,2296.11,2182.7972266886554,2201.9805030614616,2192.3888648750585,103.72113512494161
TR-044798,2025-10-11,october,Dry Van,1447.6,2811.96,2874.2621961658415,2871.6296390515868,2872.945917608714,60.98591760871386
TR-044799,2025-10-11,october,Dry Van,1179.2,2415.75,2407.5603734103315,2429.497563839563,2418.528968624947,2.7789686249470833
TR-044800,2025-10-11,october,Dry Van,1426.2,2823.06,2908.0118007136066,2837.385566438171,2872.698683575889,49.63868357588899
TR-044801,2025-10-11,october,Dry Van,310.9,745.09,741.4737205928554,720.7845225470985,731.129121569977,13.960878430023058
TR-044802,2025-10-11,october,Dry Van,1012.6,2086.52,2074.0829872370473,2096.8125236429864,2085.447755440017,1.072244559983119
TR-044803,2025-10-11,october,Dry Van,136.3,374.65,385.8296335113134,361.02216574977183,373.42589963054263,1.2241003694573465
TR-044804,2025-10-11,october,Flatbed,1012.8,2215.66,2131.880989349728,2186.75707946123,2159.319034405479,56.34096559452064
TR-044805,2025-10-11,october,Reefer,1131.2,2603.08,2516.14518059407,2532.078058035841,2524.1116193149555,78.9683806850444
TR-044806,2025-10-11,october,Flatbed,750.1,1687.27,1631.7588108188597,1611.0355056551925,1621.3971582370261,65.87284176297385
TR-044807,2025-10-11,october,Dry Van,1076.8,2232.09,2301.5330379255847,2314.0421267057654,2307.787582315675,75.69758231567494
TR-044808,2025-10-11,october,Reefer,2594.3,5298.97,5548.614158746247,5450.656663004313,5499.63541087528,200.66541087528003
TR-044809,2025-10-11,october,Reefer,1261.1,2749.99,2764.732204826775,2801.583481423869,2783.157843125322,33.16784312532218
TR-044810,2025-10-11,october,Dry Van,402.3,954.62,932.4486617453919,911.7185060272877,922.0835838863397,32.536416113660266
TR-044811,2025-10-11,october,Flatbed,1454.8,2995.69,3105.75654967535,3146.2820707043293,3126.0193101898394,130.32931018983936
TR-044812,2025-10-11,october,Dry Van,1071.3,2266.03,2286.329736929156,2234.6253311424452,2260.4775340358005,5.552465964199655
TR-044813,2025-10-11,october,Dry Van,547.0,1260.72,1225.089603989951,1207.7282187271367,1216.4089113585437,44.31108864145631
TR-044814,2025-10-11,october,Dry Van,760.0,1530.36,1537.9698379132394,1541.5404781087404,1539.7551580109898,9.395158010989917
TR-044815,2025-10-11,october,Flatbed,1331.7,2836.3,2856.1532245333897,2832.9904248050975,2844.5718246692436,8.271824669243415
TR-044816,2025-10-11,october,Reefer,2136.4,4245.61,4610.035600550872,4569.48294569657,4589.759273123721,344.1492731237213
TR-044817,2025-10-11,october,Dry Van,683.3,1560.25,1473.9257972707896,1468.6177447775594,1471.2717710241745,88.97822897582546
TR-044818,2025-10-11,october,Dry Van,502.5,1092.72,1103.8770127429846,1122.245295851609,1113.0611542972968,20.341154297296725
TR-044819,2025-10-11,october,Reefer,791.3,1765.53,1716.152538514834,1712.366469373975,1714.2595039444045,51.27049605559546
TR-044820,2025-10-11,october,Dry Van,1080.2,2297.87,2225.07555159146,2230.6880044090994,2227.88177800028,69.98822199971983
TR-044821,2025-10-11,october,Dry Van,371.9,845.88,849.3840763357623,795.311323041032,822.3476996883971,23.532300311602853
TR-044822,2025-10-11,october,Dry Van,730.1,1429.24,1451.1897626581406,1498.9456931885288,1475.0677279233346,45.82772792333458
TR-044823,2025-10-11,october,Dry Van,1193.6,2375.68,2413.691636461146,2427.1493484289063,2420.420492445026,44.74049244502612
TR-044824,2025-10-11,october,Flatbed,730.2,1693.39,1651.4252879553435,1630.391856718653,1640.908572336998,52.48142766300202
TR-044825,2025-10-11,october,Dry Van,329.2,850.11,822.004309314835,791.1864673330649,806.5953883239499,43.514611676050095
TR-044826,2025-10-11,october,Flatbed,1190.0,2482.78,2512.672994144141,2567.8107775232384,2540.2418858336896,57.461885833689394
TR-044827,2025-10-11,october,Dry Van,2204.7,4042.27,4258.301093037235,4251.061241025827,4254.681167031531,212.41116703153102
TR-044828,2025-10-11,october,Dry Van,749.7,1656.01,1614.08810856616,1621.63290147288,1617.86050501952,38.149494980480085
TR-044829,2025-10-11,october,Dry Van,323.6,743.88,750.933763014466,723.7652942650429,737.3495286397545,6.530471360245542
TR-044830,2025-10-11,october,Dry Van,2734.6,4972.57,5145.04162806919,5081.477681001037,5113.259654535113,140.68965453511373
TR-044831,2025-10-11,october,Reefer,1055.3,2476.8,2336.044957860128,2375.9843417088036,2356.0146497844657,120.78535021553444
TR-044832,2025-10-11,october,Flatbed,1056.0,2236.15,2296.512607942746,2286.0537780456816,2291.283192994214,55.133192994213914
TR-044833,2025-10-11,october,Dry Van,200.6,574.74,563.555444466727,557.0742402809913,560.3148423738592,14.425157626140845
TR-044834,2025-10-11,october,Flatbed,802.3,1861.31,1834.7024181357347,1862.5792341062388,1848.6408261209867,12.669173879013215
TR-044835,2025-10-11,october,Reefer,694.5,1599.63,1598.0008055612775,1548.251092489547,1573.1259490254124,26.5040509745877
TR-044836,2025-10-11,october,Dry Van,2296.4,4403.49,4511.509872668264,4516.126173979057,4513.81802332366,110.32802332366009
TR-044837,2025-10-11,october,Dry Van,1430.1,2854.96,3012.972429126367,3004.4447564677725,3008.7085927970697,153.7485927970697
TR-044838,2025-10-11,october,Flatbed,355.4,931.92,915.5092713202422,920.2861050670078,917.8976881936251,14.022311806374887
TR-044839,2025-10-11,october,Dry Van,1008.9,2033.84,1996.4063465729457,2042.9482048066654,2019.6772756898056,14.162724310194335
TR-044840,2025-10-11,october,Dry Van,181.3,502.51,495.9231007789496,458.75273628742593,477.3379185331878,25.172081466812188
TR-044841,2025-10-11,october,Dry Van,978.0,1954.46,2045.165101053184,2068.0444139077786,2056.604757480481,102.14475748048108
TR-044842,2025-10-11,october,Dry Van,603.2,1326.6,1297.0435705187667,1316.6403518673928,1306.84196119308,19.758038806920013
TR-044843,2025-10-11,october,Dry Van,428.0,1007.0,989.2633127937789,958.6824886789036,973.9729007363412,33.02709926365878
TR-044844,2025-10-11,october,Flatbed,239.2,692.79,665.7414865539055,694.3470690414772,680.0442777976914,12.74572220230857
TR-044845,2025-10-11,october,Flatbed,718.0,1611.87,1609.805317277184,1576.7199896322527,1593.2626534547185,18.607346545281416
TR-044846,2025-10-11,october,Dry Van,549.8,1215.94,1175.150742188006,1180.6381940029087,1177.8944680954573,38.04553190454271
TR-044847,2025-10-11,october,Reefer,2374.8,5148.98,5060.231283926959,5101.717270801553,5080.974277364256,68.00572263574395
TR-044848,2025-10-11,october,Dry Van,1000.7,2077.18,2072.8059516480885,2086.9312503251836,2079.868600986636,2.6886009866361746
TR-044849,2025-10-11,october,Dry Van,816.1,1808.89,1787.436317636063,1767.7429369770928,1777.5896273065778,31.300372693422332
TR-044850,2025-10-11,october,Dry Van,1994.0,4011.46,4046.744529375435,3993.7132222864657,4020.2288758309505,8.768875830950492
TR-044851,2025-10-11,october,Dry Van,315.9,749.86,749.2082165290535,737.321472099228,743.2648443141408,6.595155685859254
TR-044852,2025-10-11,october,Flatbed,431.3,1039.91,1045.0516362945884,1001.0152343094653,1023.0334353020269,16.87656469797321
TR-044853,2025-10-11,october,Dry Van,559.0,1146.55,1161.1679296662824,1142.2690285457927,1151.7184791060376,5.168479106037694
TR-044854,2025-10-11,october,Dry Van,135.0,355.43,374.68900294924555,330.5688542041946,352.6289285767201,2.8010714232798932
TR-044855,2025-10-11,october,Dry Van,1563.3,3116.69,3156.9583709554336,3177.592170599941,3167.275270777687,50.58527077768713
TR-044856,2025-10-11,october,Dry Van,457.5,1097.0,1065.4395231586016,1083.302415433191,1074.3709692958964,22.62903070410357
TR-044857,2025-10-11,october,Reefer,1598.5,3693.98,3470.10584071416,3514.4540693448516,3492.279955029506,201.70004497049422
TR-044858,2025-10-11,october,Reefer,1353.2,3019.09,2965.0762745607485,3017.424943977967,2991.2506092693575,27.839390730642663
TR-044859,2025-10-11,october,Flatbed,603.9,1376.4,1353.5690096311882,1349.9133000405518,1351.74115483587,24.65884516413007
TR-044860,2025-10-11,october,Flatbed,369.8,938.27,946.6366375158101,904.7930107201696,925.7148241179898,12.55517588201019
TR-044861,2025-10-11,october,Dry Van,1407.7,2823.1,2878.8846791152237,2841.7274078663218,2860.306043490773,37.20604349077303
TR-044862,2025-10-11,october,Dry Van,2209.0,3892.95,4101.81746672132,4042.8590585579595,4072.3382626396397,179.38826263963983
TR-044863,2025-10-11,october,Reefer,1176.7,2514.31,2531.1651318055174,2522.4660409783546,2526.815586391936,12.505586391936049
TR-044864,2025-10-11,october,Dry Van,856.5,1722.2,1717.347092247841,1765.7721264880424,1741.5596093679417,19.35960936794163
TR-044865,2025-10-11,october,Flatbed,1646.5,3391.39,3413.117681633194,3493.187803447723,3453.1527425404583,61.762742540458476
TR-044866,2025-10-11,october,Reefer,429.0,1201.66,1169.2307923745773,1120.6731833089232,1144.9519878417502,56.70801215824986
TR-044867,2025-10-11,october,Dry Van,2798.8,4879.73,4809.88629076483,5122.485219983294,4966.185755374062,86.45575537406239
TR-044868,2025-10-11,october,Dry Van,619.8,1401.87,1341.8576659536675,1337.5663033525684,1339.711984653118,62.15801534688194
TR-044869,2025-10-11,october,Dry Van,750.3,1541.11,1538.3745685229542,1543.7710817222492,1541.0728251226017,0.037174877398229
TR-044870,2025-10-11,october,Dry Van,1230.6,2345.48,2428.2310254555105,2400.565058788114,2414.398042121812,68.91804212181205
TR-044871,2025-10-11,october,Reefer,1453.1,3189.26,3108.014668454273,3132.569647459164,3120.2921579567183,68.96784204328196
TR-044872,2025-10-11,october,Dry Van,751.3,1523.39,1540.518729098757,1530.6790778545926,1535.5989034766749,12.208903476674777
TR-044873,2025-10-11,october,Reefer,983.5,2187.08,2190.7549257294763,2154.0406440584347,2172.3977848939558,14.682215106044168
TR-044874,2025-10-11,october,Flatbed,1409.1,2896.66,2996.561194389606,3158.711557282284,3077.636375835945,180.97637583594496
TR-044875,2025-10-11,october,Flatbed,706.9,1585.01,1622.1184075835527,1597.1275589268002,1609.6229832551765,24.61298325517646
TR-044876,2025-10-12,october,Dry Van,506.5,1180.75,1142.2556069895854,1132.6103908884975,1137.4329989390415,43.317001060958546
TR-044877,2025-10-12,october,Dry Van,803.1,1651.48,1664.1401141272281,1696.1710899573754,1680.1556020423018,28.67560204230176
TR-044878,2025-10-12,october,Dry Van,1366.6,2915.51,2820.1555205292198,2858.959553217477,2839.5575368733485,75.95246312665176
TR-044879,2025-10-12,october,Dry Van,2146.4,4106.96,4273.182870428286,4153.892933134246,4213.537901781267,106.57790178126652
TR-044880,2025-10-12,october,Reefer,369.3,972.47,960.0232402261024,900.8037904374867,930.4135153317945,42.056484668205485
TR-044881,2025-10-12,october,Dry Van,951.7,1839.31,1922.6079291754108,1969.4794153407765,1946.0436722580937,106.73367225809375
TR-044882,2025-10-12,october,Reefer,1833.2,3962.35,3863.697343541083,3903.5886610364487,3883.6430022887657,78.70699771123418
TR-044883,2025-10-12,october,Flatbed,1195.8,2680.49,2576.1117323684625,2645.6297878682167,2610.8707601183396,69.61923988166018
TR-044884,2025-10-12,october,Dry Van,819.2,1681.22,1699.7711173534185,1754.1190843690592,1726.9451008612389,45.72510086123884
TR-044885,2025-10-12,october,Dry Van,610.2,1312.85,1274.0260166353057,1328.0733629131223,1301.0496897742141,11.800310225785779
TR-044886,2025-10-12,october,Reefer,352.7,958.68,944.3158396496464,913.3124190211647,928.8141293354056,29.865870664594354
TR-044887,2025-10-12,october,Dry Van,2144.2,3864.18,4097.472486385069,4033.463286881255,4065.467886633162,201.2878866331621
TR-044888,2025-10-12,october,Reefer,1854.4,3843.11,3864.7685960636904,3964.242458945587,3914.505527504639,71.39552750463872
TR-044889,2025-10-12,october,Dry Van,2755.5,4837.8,4976.263455754,4852.672256040249,4914.4678558971245,76.66785589712435
TR-044890,2025-10-12,october,Dry Van,1415.1,2799.64,2947.78175325318,2842.9264569356096,2895.354105094395,95.71410509439511
TR-044891,2025-10-12,october,Dry Van,546.7,432.52,1217.1421592089073,1234.0516478961595,1225.5969035525334,793.0769035525334
TR-044892,2025-10-12,october,Reefer,961.7,2329.16,2219.9453739507685,2247.0783817574074,2233.511877854088,95.64812214591166
TR-044893,2025-10-12,october,Dry Van,1578.1,3231.04,3300.813722632293,3244.001668457362,3272.407695544827,41.36769554482726
TR-044894,2025-10-12,october,Flatbed,621.0,1505.96,1492.6531543823721,1479.6695471513517,1486.161350766862,19.79864923313812
TR-044895,2025-10-12,october,Reefer,505.3,1172.21,1188.5720575486544,1151.7260756759147,1170.1490666122845,2.0609333877155223
TR-044896,2025-10-12,october,Flatbed,1907.0,3753.51,4022.450193851531,3949.4117179649766,3985.930955908254,232.42095590825375
TR-044897,2025-10-12,october,Dry Van,638.6,1449.56,1405.9758828958372,1403.8023301631679,1404.8891065295024,44.670893470497504
TR-044898,2025-10-12,october,Reefer,571.6,1316.22,1277.350082374151,1271.0505607251985,1274.2003215496748,42.01967845032527
TR-044899,2025-10-12,october,Reefer,684.5,1556.89,1538.0153189015616,1515.5014647510482,1526.758391826305,30.131608173695213
TR-044900,2025-10-12,october,Reefer,1329.5,3117.01,2911.0754557689697,2994.2461582649394,2952.6608070169545,164.34919298304567
TR-044901,2025-10-12,october,Dry Van,852.8,1732.05,1764.488342902332,1776.8637237575908,1770.6760333299615,38.6260333299615
TR-044902,2025-10-12,october,Dry Van,1130.2,2452.86,2370.37541285938,2368.2787566854427,2369.3270847724116,83.53291522758855
TR-044903,2025-10-12,october,Flatbed,544.6,1167.24,1222.8054527863917,1203.8386647637071,1213.3220587750493,46.08205877504929
TR-044904,2025-10-12,october,Dry Van,339.2,796.65,778.0700982785501,769.3642661756041,773.717182227077,22.93281777292293
TR-044905,2025-10-12,october,Dry Van,1806.9,3608.45,3639.689133839978,3643.888024038154,3641.7885789390657,33.33857893906588
TR-044906,2025-10-12,october,Flatbed,769.1,1577.46,1654.1609181116912,1643.7963580691537,1648.9786380904225,71.51863809042243
TR-044907,2025-10-12,october,Reefer,989.7,2122.59,2160.870790909664,2166.4398613165317,2163.6553261130975,41.0653261130974
TR-044908,2025-10-12,october,Reefer,631.5,1620.62,1543.2454224031967,1525.3045759386782,1534.2749991709375,86.34500082906243
TR-044909,2025-10-12,october,Dry Van,467.4,974.16,984.6941493993296,975.0533585261251,979.8737539627273,5.71375396272731
TR-044910,2025-10-12,october,Reefer,2327.0,4812.85,4950.745123962916,4892.100668363933,4921.422896163425,108.57289616342496
TR-044911,2025-10-12,october,Dry Van,2398.8,4265.2,4508.416427594876,4500.537134660124,4504.4767811275,239.27678112749982
TR-044912,2025-10-12,october,Dry Van,315.5,746.79,738.619893984845,698.4108802408193,718.5153871128322,28.27461288716779
TR-044913,2025-10-12,october,Reefer,1132.3,2585.31,2450.0920750394475,2486.0449183111614,2468.0684966753042,117.24150332469571
TR-044914,2025-10-12,october,Reefer,803.8,1979.4,1893.8072985396266,1887.3108934826334,1890.55909601113,88.8409039888702
TR-044915,2025-10-12,october,Dry Van,329.1,792.03,767.9540328426295,731.9616866316055,749.9578597371176,42.072140262882385
TR-044916,2025-10-12,october,Reefer,1721.1,3526.26,3659.7297819990026,3605.3758266748646,3632.5528043369336,106.29280433693339
TR-044917,2025-10-12,october,Flatbed,439.2,1101.8,1102.2694109466483,1079.1047340067707,1090.6870724767095,11.11292752329041
TR-044918,2025-10-12,october,Reefer,1977.2,4145.89,4231.7087701899445,4322.787975660442,4277.248372925193,131.35837292519227
TR-044919,2025-10-12,october,Flatbed,1032.9,2252.88,2216.099959599321,2252.2429157621223,2234.1714376807217,18.70856231927837
TR-044920,2025-10-12,october,Dry Van,583.3,1295.02,1251.210863911363,1254.6478552221702,1252.9293595667666,42.090640433233375
TR-044921,2025-10-12,october,Reefer,214.0,629.25,642.9298642233454,602.1586243254449,622.5442442743952,6.705755725604831
TR-044922,2025-10-12,october,Dry Van,346.6,766.12,775.8831058535774,764.0768938233882,769.9799998384829,3.8599998384828496
TR-044923,2025-10-12,october,Dry Van,1884.8,3712.11,3769.007976224947,3768.1093243511614,3768.558650288054,56.44865028805407
TR-044924,2025-10-12,october,Reefer,2012.6,4374.85,4244.442473059239,4345.618918027732,4295.030695543486,79.81930445651415
TR-044925,2025-10-12,october,Dry Van,2007.3,3853.08,3906.7784551804402,3985.92906004122,3946.35375761083,93.27375761083022
TR-044926,2025-10-12,october,Reefer,1111.3,2593.74,2419.089230282561,2521.0618520327644,2470.075541157663,123.6644588423369
TR-044927,2025-10-12,october,Reefer,774.5,1755.06,1744.9886266211938,1678.9282213383724,1711.9584239797832,43.101576020216726
TR-044928,2025-10-12,october,Dry Van,786.3,1604.81,1596.2045335132939,1585.9736668658138,1591.0891001895538,13.720899810446099
TR-044929,2025-10-12,october,Reefer,873.7,2067.28,1968.462244198668,1977.0049817476356,1972.7336129731518,94.54638702684838
TR-044930,2025-10-12,october,Dry Van,1296.3,2429.12,2508.1527313969823,2516.788768054716,2512.470749725849,83.35074972584925
TR-044931,2025-10-12,october,Dry Van,1491.6,2897.41,3037.988097947609,3033.646625750555,3035.817361849082,138.407361849082
TR-044932,2025-10-12,october,Dry Van,963.2,2020.05,2091.424507905535,2053.2534126400883,2072.3389602728116,52.288960272811664
TR-044933,2025-10-12,october,Dry Van,580.2,1222.18,1206.5684054452656,1205.420538478471,1205.9944719618684,16.18552803813168
TR-044934,2025-10-12,october,Flatbed,850.2,2026.79,1947.698321856304,1970.7273976535553,1959.2128597549295,67.5771402450705
TR-044935,2025-10-12,october,Flatbed,874.3,1802.29,1840.3313342137076,1877.5492127457173,1858.9402734797125,56.650273479712496
TR-044936,2025-10-12,october,Dry Van,70.0,223.8,270.3858029472538,272.9353111027817,271.66055702501774,47.86055702501773
TR-044937,2025-10-12,october,Reefer,1168.4,2480.64,2496.705970733526,2447.2120540494852,2471.959012391506,8.680987608493979
TR-044938,2025-10-12,october,Dry Van,325.1,775.68,758.3212281998849,752.3844456298261,755.3528369148555,20.327163085144434
TR-044939,2025-10-12,october,Reefer,1196.6,2807.38,2674.2745738062517,2658.5633336093997,2666.4189537078255,140.96104629217461
TR-044940,2025-10-12,october,Dry Van,935.2,1904.64,1933.0153036449904,1893.5367761774585,1913.2760399112244,8.636039911224316
TR-044941,2025-10-12,october,Dry Van,1245.4,2344.65,2477.716527965031,2462.937572176279,2470.327050070655,125.67705007065479
TR-044942,2025-10-12,october,Dry Van,1240.3,2284.16,2413.150326199121,2372.792433755325,2392.971379977223,108.81137997722317
TR-044943,2025-10-12,october,Dry Van,1546.2,2859.94,3073.760084273661,2959.0147431707333,3016.3874137221974,156.44741372219733
TR-044944,2025-10-12,october,Dry Van,2366.7,4523.92,4620.911905325704,4576.6852819995565,4598.79859366263,74.87859366263001
TR-044945,2025-10-12,october,Dry Van,1880.4,3498.59,3692.3873206237813,3715.33556056131,3703.8614405925455,205.27144059254533
TR-044946,2025-10-12,october,Flatbed,2516.0,4783.76,4982.017475527189,5069.52361811453,5025.77054682086,242.01054682085942
TR-044947,2025-10-12,october,Reefer,1555.5,3322.62,3374.3945955626077,3385.491065877638,3379.942830720123,57.322830720122965
TR-044948,2025-10-12,october,Reefer,1011.9,2199.27,2202.8534802044355,2179.9996915296497,2191.4265858670424,7.843414132957605
TR-044949,2025-10-12,october,Reefer,938.8,2202.28,2097.990826598699,2181.296050972235,2139.643438785467,62.63656121453323
TR-044950,2025-10-12,october,Dry Van,2057.2,3819.25,3936.322286423643,3969.5308860808573,3952.92658625225,133.67658625225022
TR-044951,2025-10-12,october,Dry Van,2411.9,4442.15,4517.874865623637,4475.646900911025,4496.76088326733,54.61088326733079
TR-044952,2025-10-12,october,Reefer,644.1,1592.63,1547.3559777177472,1504.45237090994,1525.9041743138437,66.72582568615644
TR-044953,2025-10-12,october,Reefer,557.5,1353.73,1317.9483505171233,1320.8726716918527,1319.410511104488,34.319488895511995
TR-044954,2025-10-12,october,Flatbed,1344.7,3049.31,2927.6218639156646,3009.7959532712803,2968.708908593472,80.60109140652776
TR-044955,2025-10-12,october,Dry Van,970.6,2060.7,2030.6883529388074,2042.4221469171625,2036.555249927985,24.14475007201486
TR-044956,2025-10-12,october,Dry Van,501.8,1090.6,1081.6976196010526,1072.0729101532083,1076.8852648771303,13.71473512286957
TR-044957,2025-10-12,october,Dry Van,779.1,1665.24,1622.3033861101442,1634.3677729933038,1628.335579551724,36.904420448275914
TR-044958,2025-10-12,october,Dry Van,2634.3,4609.39,4811.683071170021,4851.931862338177,4831.807466754099,222.4174667540983
TR-044959,2025-10-12,october,Dry Van,700.4,1524.44,1518.3282944146647,1515.4329988109803,1516.8806466128226,7.5593533871774525
TR-044960,2025-10-12,october,Flatbed,647.5,1626.35,1573.9829838169594,1562.3126625853038,1568.1478232011316,58.20217679886832
TR-044961,2025-10-12,october,Flatbed,861.6,1981.41,1907.332422561985,1960.214193919583,1933.773308240784,47.63669175921609
TR-044962,2025-10-12,october,Flatbed,179.4,502.61,507.0847163629641,509.6167754082244,508.3507458855943,5.740745885594265
TR-044963,2025-10-12,october,Dry Van,445.0,1050.72,1010.2023645915781,968.5020744644298,989.352219528004,61.36778047199607
TR-044964,2025-10-12,october,Dry Van,2347.0,4121.83,4404.927823021798,4283.277693577801,4344.1027582997995,222.27275829979953
TR-044965,2025-10-12,october,Dry Van,859.5,1868.9,1758.605000644404,1795.450464223042,1777.027732433723,91.87226756627706
TR-044966,2025-10-12,october,Dry Van,1576.7,3120.57,3252.7861578816,3125.9033831734714,3189.3447705275357,68.77477052753557
TR-044967,2025-10-12,october,Reefer,326.2,818.7,820.2550203403733,802.1932424203883,811.2241313803809,7.4758686196191775
TR-044968,2025-10-12,october,Flatbed,668.0,1487.88,1509.1455689722711,1504.9430098739472,1507.0442894231091,19.16428942310904
TR-044969,2025-10-12,october,Flatbed,311.9,849.59,826.1805773086071,827.2748855090701,826.7277314088386,22.86226859116141
TR-044970,2025-10-12,october,Reefer,1608.0,3464.77,3464.9366890637075,3476.026956471366,3470.481822767537,5.711822767536887
TR-044971,2025-10-12,october,Dry Van,1357.4,2384.04,2678.056484508182,2660.39181592862,2669.224150218401,285.1841502184011
TR-044972,2025-10-12,october,Dry Van,2666.9,4665.83,4783.987379681564,4754.977087854442,4769.482233768003,103.6522337680035
TR-044973,2025-10-12,october,Dry Van,2269.7,4210.88,4412.515891066775,4331.963255851253,4372.239573459014,161.35957345901352
TR-044974,2025-10-12,october,Flatbed,208.3,593.57,569.2361565980023,594.6225578044609,581.9293572012316,11.640642798768454
TR-044975,2025-10-12,october,Dry Van,2291.8,4123.49,4396.468617578474,4332.034141763338,4364.251379670906,240.76137967090654
TR-044976,2025-10-12,october,Dry Van,322.1,786.08,775.887972505161,748.952879405005,762.4204259550829,23.65957404491712
TR-044977,2025-10-12,october,Dry Van,525.9,1089.89,1109.422929815313,1133.3235930308617,1121.3732614230873,31.483261423087242
TR-044978,2025-10-12,october,Dry Van,2052.3,3945.78,4194.795816679743,4105.300362044391,4150.048089362067,204.2680893620668
TR-044979,2025-10-12,october,Reefer,1598.2,3500.91,3348.336667634372,3419.19899361664,3383.767830625506,117.14216937449373
TR-044980,2025-10-12,october,Dry Van,1019.8,2147.73,2108.7292192661216,2142.6793692755123,2125.7042942708167,22.0257057291833
TR-044981,2025-10-12,october,Dry Van,489.0,983.62,1026.8174575904545,1018.2298020506195,1022.523629820537,38.90362982053705
TR-044982,2025-10-12,october,Reefer,948.6,2081.43,2104.5779234278834,2115.264096558223,2109.9210099930533,28.491009993053467
TR-044983,2025-10-12,october,Reefer,612.5,313.05,1387.2847882689925,1396.12375366899,1391.7042709689913,1078.6542709689913
TR-044984,2025-10-12,october,Reefer,560.4,1381.56,1333.9889848716018,1359.0866504664764,1346.5378176690392,35.02218233096073
TR-044985,2025-10-12,october,Dry Van,128.4,352.69,358.4095575770138,324.8239654797967,341.6167615284053,11.07323847159472
TR-044986,2025-10-12,october,Dry Van,921.1,1775.61,1901.5242071361185,1906.1299826155819,1903.8270948758502,128.2170948758503
TR-044987,2025-10-12,october,Dry Van,1385.1,2815.42,2854.1319067991353,2834.743590762895,2844.437748781015,29.017748781015143
TR-044988,2025-10-12,october,Dry Van,1184.3,2413.61,2386.9457866278217,2358.592712145971,2372.7692493868963,40.840750613103864
TR-044989,2025-10-12,october,Dry Van,809.7,1658.07,1654.083680154415,1691.3069332793814,1672.6953067168984,14.625306716898422
TR-044990,2025-10-12,october,Flatbed,850.6,1805.16,1830.3218996801813,1893.7122315750776,1862.0170656276296,56.85706562762948
TR-044991,2025-10-12,october,Reefer,1044.0,2588.9,2382.027759769291,2421.72487937631,2401.8763195728006,187.02368042719945
TR-044992,2025-10-12,october,Dry Van,1272.4,2366.64,2478.9533391724726,2526.326042968505,2502.639691070489,135.999691070489
TR-044993,2025-10-12,october,Dry Van,686.5,1431.36,1417.3398170146634,1428.0356027206712,1422.6877098676673,8.672290132332591
TR-044994,2025-10-12,october,Reefer,350.6,864.2,883.8129475585846,812.6297856685933,848.221366613589,15.978633386411047
TR-044995,2025-10-12,october,Dry Van,523.5,1150.82,1145.0299533310013,1143.8202232401127,1144.425088285557,6.394911714442969
TR-044996,2025-10-12,october,Flatbed,2571.0,4984.52,5128.03023500421,5147.205381787459,5137.617808395835,153.09780839583436
TR-044997,2025-10-12,october,Reefer,1497.1,3322.65,3200.672778753435,3194.6242212150237,3197.6484999842296,125.00150001577049
TR-044998,2025-10-12,october,Dry Van,456.0,1079.12,1029.8329072417548,1037.6226710620945,1033.7277891519248,45.39221084807514
TR-044999,2025-10-12,october,Reefer,1812.2,3867.4,3840.7195319640277,3919.1405078918197,3879.9300199279237,12.530019927923604
TR-045000,2025-10-12,october,Reefer,334.0,945.35,896.5228243215125,869.418182206414,882.9705032639633,62.379496736036685
TR-045001,2025-10-12,october,Flatbed,2879.7,5730.73,5823.25630243172,5959.3516258162435,5891.303964123981,160.57396412398157
TR-045002,2025-10-12,october,Reefer,1041.5,2294.83,2285.9861294026314,2299.0828839915007,2292.534506697066,2.295493302934119
TR-045003,2025-10-12,october,Dry Van,648.8,1383.94,1388.2259046916895,1381.9671161210517,1385.0965104063707,1.1565104063706713
TR-045004,2025-10-12,october,Dry Van,1620.9,3086.31,3264.3159634668095,3253.97949516433,3259.1477293155694,172.8377293155695
TR-045005,2025-10-12,october,Reefer,1103.4,2404.85,2419.291567518439,2379.1873294674656,2399.2394484929523,5.610551507047603
TR-045006,2025-10-12,october,Dry Van,423.7,986.83,990.7334908788789,933.3557207649262,962.0446058219026,24.785394178097476
TR-045007,2025-10-12,october,Reefer,2015.4,4289.52,4312.292543557088,4383.189147237425,4347.740845397257,58.2208453972562
TR-045008,2025-10-12,october,Reefer,295.8,841.8,814.5374205117132,794.323326919995,804.4303737158541,37.36962628414585
TR-045009,2025-10-12,october,Dry Van,766.3,1618.21,1625.299396305104,1596.2104555950552,1610.7549259500797,7.455074049920313
TR-045010,2025-10-12,october,Dry Van,315.4,754.57,736.3959620999169,702.3190767686385,719.3575194342777,35.21248056572233
TR-045011,2025-10-12,october,Dry Van,2007.3,3683.59,3865.840561257808,3857.415262269457,3861.6279117636323,178.0379117636321
TR-045012,2025-10-12,october,Dry Van,471.7,1055.09,1014.8794482475665,1030.1966648218672,1022.5380565347168,32.5519434652831
TR-045013,2025-10-12,october,Dry Van,1547.1,2762.18,3026.585142216693,2879.026098841597,2952.805620529145,190.62562052914518
TR-045014,2025-10-12,october,Reefer,863.8,2187.12,2033.029889528092,2007.73626706716,2020.383078297626,166.73692170237382
TR-045015,2025-10-12,october,Dry Van,1230.9,2335.28,2430.1918126664514,2386.5649237575963,2408.378368212024,73.09836821202362
TR-045016,2025-10-12,october,Dry Van,1244.3,2617.89,2583.967460258916,2620.672829775311,2602.3201450171136,15.569854982886227
TR-045017,2025-10-12,october,Flatbed,839.3,1872.51,1857.2216423161335,1894.4576247493367,1875.8396335327352,3.3296335327352153
TR-045018,2025-10-12,october,Dry Van,1172.6,2281.0,2373.9638750744234,2334.718295304296,2354.3410851893595,73.34108518935955
TR-045019,2025-10-12,october,Dry Van,1553.7,3022.71,3079.6304094694665,3015.3928138614733,3047.51161166547,24.801611665469864
TR-045020,2025-10-12,october,Reefer,1091.3,2392.62,2380.7357168887725,2429.198054760987,2404.9668858248797,12.346885824879791
TR-045021,2025-10-12,october,Dry Van,828.4,1658.02,1717.8748835089073,1707.862553442982,1712.8687184759447,54.84871847594468
TR-045022,2025-10-12,october,Flatbed,2304.8,1384.9,4811.139501867456,4877.907317011852,4844.523409439654,3459.6234094396536
TR-045023,2025-10-12,october,Flatbed,1670.1,3319.48,3548.4947327341592,3574.9067464810814,3561.7007396076206,242.22073960762054
TR-045024,2025-10-12,october,Reefer,433.4,3362.18,1152.6548191956367,1074.8874021643655,1113.7711106800011,2248.4088893199987
TR-045025,2025-10-12,october,Dry Van,492.9,1067.05,1057.1419679444043,1038.492606040203,1047.8172869923037,19.232713007696248
TR-045026,2025-10-12,october,Reefer,1675.4,3341.53,3536.812534745858,3486.9891621899687,3511.9008484679134,170.37084846791322
TR-045027,2025-10-12,october,Reefer,1246.6,2778.71,2701.566474999058,2685.044397615338,2693.305436307198,85.40456369280218
TR-045028,2025-10-12,october,Dry Van,763.0,1565.85,1580.920872109499,1558.2791086240711,1569.599990366785,3.7499903667851413
TR-045029,2025-10-12,october,Dry Van,1349.9,2688.28,2707.0169245957322,2746.8620968721643,2726.9395107339483,38.65951073394808
TR-045030,2025-10-12,october,Flatbed,563.3,1216.24,1198.7184438154522,1214.8873111755925,1206.8028774955224,9.437122504477657
TR-045031,2025-10-12,october,Dry Van,1221.9,2555.23,2584.893513170827,2528.88333688803,2556.8884250294286,1.6584250294285994
TR-045032,2025-10-13,october,Dry Van,3062.2,5345.38,5534.744016025111,5474.3409376440795,5504.542476834595,159.1624768345946
TR-045033,2025-10-13,october,Reefer,1029.6,2284.89,2304.5812020002354,2267.5179622619185,2286.049582131077,1.1595821310770589
TR-045034,2025-10-13,october,Dry Van,204.2,514.9,521.0133393127427,488.02430109189663,504.51882020231966,10.381179797680318
TR-045035,2025-10-13,october,Dry Van,1312.8,2543.97,2607.032487306866,2611.1559107502535,2609.09419902856,65.12419902856027
TR-045036,2025-10-13,october,Flatbed,633.1,1451.04,1400.6576223442044,1427.2810488803184,1413.9693356122614,37.07066438773859
TR-045037,2025-10-13,october,Reefer,556.7,1369.27,1312.8044627552888,1343.4769333068932,1328.140698031091,41.129301968908976
TR-045038,2025-10-13,october,Dry Van,1367.9,2571.86,2706.809675624264,2713.6902888286113,2710.2499822264376,138.3899822264375
TR-045039,2025-10-13,october,Dry Van,2180.1,3988.55,4198.737484445101,4093.522970293712,4146.130227369406,157.5802273694062
TR-045040,2025-10-13,october,Dry Van,268.3,638.18,635.1682495303352,592.6663113368772,613.9172804336063,24.262719566393685
TR-045041,2025-10-13,october,Dry Van,1765.1,3640.18,3611.770734311018,3549.2356593158274,3580.5031968134226,59.67680318657722
TR-045042,2025-10-13,october,Flatbed,534.2,1355.62,1322.1524011862216,1289.1030070056445,1305.627704095933,49.99229590406685
TR-045043,2025-10-13,october,Flatbed,1878.1,3927.57,3902.9982538689765,4001.0077765357,3952.0030152023382,24.433015202338083
TR-045044,2025-10-13,october,Dry Van,2311.7,4503.52,4611.804418975464,4501.702449402434,4556.753434188949,53.233434188948195
TR-045045,2025-10-13,october,Flatbed,826.2,1849.17,1798.0178753117152,1833.694549407997,1815.8562123598563,33.3137876401438
TR-045046,2025-10-13,october,Flatbed,2471.3,4879.94,5050.110050713159,5053.687724238074,5051.898887475616,171.9588874756164
TR-045047,2025-10-13,october,Dry Van,1299.7,2605.57,2712.0665779255137,2648.6624842592873,2680.3645310924003,74.79453109240012
TR-045048,2025-10-13,october,Reefer,1119.3,2474.28,2458.3880439933346,2412.236730339496,2435.312387166415,38.96761283358501
TR-045049,2025-10-13,october,Dry Van,1401.3,2777.82,2803.455420552075,2810.9286135387106,2807.1920170453927,29.372017045392568
TR-045050,2025-10-13,october,Dry Van,2086.2,3819.0,3981.778751639933,3914.596769251496,3948.1877604457145,129.1877604457145
TR-045051,2025-10-13,october,Reefer,1828.1,3824.2,3932.6524288103296,4070.512357318772,4001.582393064551,177.38239306455125
TR-045052,2025-10-13,october,Reefer,2442.4,4974.03,5118.376740382979,5150.24874494679,5134.312742664884,160.2827426648846
TR-045053,2025-10-13,october,Reefer,229.4,700.87,683.7398339988823,682.4131502005257,683.076492099704,17.79350790029605
TR-045054,2025-10-13,october,Dry Van,1214.7,2315.28,2366.3013974083874,2438.8559093865288,2402.578653397458,87.29865339745766
TR-045055,2025-10-13,october,Dry Van,898.1,1829.25,1789.559301017969,1816.4581114408493,1803.0087062294092,26.2412937705908
TR-045056,2025-10-13,october,Dry Van,1602.4,3162.14,3268.7517779267637,3181.3860400505837,3225.0689089886737,62.92890898867381
TR-045057,2025-10-13,october,Dry Van,496.9,1143.08,1123.9701040378159,1069.8383375937028,1096.9042208157593,46.17577918424058
TR-045058,2025-10-13,october,Dry Van,199.9,519.54,522.4055987417044,507.7111790422141,515.0583888919592,4.481611108040738
TR-045059,2025-10-13,october,Dry Van,1450.0,3007.71,3083.256856461609,3026.268859213151,3054.7628578373797,47.052857837379634
TR-045060,2025-10-13,october,Reefer,420.9,183.77,1006.4991923504363,1007.7532370585975,1007.1262147045169,823.3562147045169
TR-045061,2025-10-13,october,Reefer,220.1,627.77,652.0836072803625,606.5837112013107,629.3336592408366,1.5636592408366141
TR-045062,2025-10-13,october,Dry Van,741.5,1637.63,1564.6226374393052,1598.1474014382318,1581.3850194387685,56.244980561231614
TR-045063,2025-10-13,october,Reefer,214.6,614.9,635.4825002779971,586.3415931778711,610.9120467279341,3.9879532720658517
TR-045064,2025-10-13,october,Dry Van,317.0,742.08,737.7714764078935,727.9281794947578,732.8498279513257,9.230172048674376
TR-045065,2025-10-13,october,Dry Van,1932.6,3874.45,3952.4155321488456,3894.572006288843,3923.493769218844,49.04376921884432
TR-045066,2025-10-13,october,Dry Van,2869.2,5162.77,5197.371681726122,5236.8210290806655,5217.096355403393,54.32635540339288
TR-045067,2025-10-13,october,Dry Van,751.7,1471.76,1526.9740368081139,1534.6527686511704,1530.8134027296421,59.05340272964213
TR-045068,2025-10-13,october,Dry Van,168.4,477.88,495.5115445757298,451.6735947082025,473.5925696419661,4.287430358033873
TR-045069,2025-10-13,october,Flatbed,431.5,1067.9,1067.7391089249998,1057.1580854513734,1062.4485971881866,5.451402811813523
TR-045070,2025-10-13,october,Dry Van,1600.5,3050.52,3226.4550402384175,3118.1558209088207,3172.305430573619,121.78543057361912
TR-045071,2025-10-13,october,Dry Van,1297.6,2695.24,2670.2863065255083,2619.6077534539504,2644.9470299897293,50.29297001027044
TR-045072,2025-10-13,october,Dry Van,1161.0,2331.4,2394.8765051409064,2364.7489629038573,2379.812734022382,48.412734022381755
TR-045073,2025-10-13,october,Dry Van,321.9,778.13,762.422125395004,735.4208046607393,748.9214650278716,29.208534972128405
TR-045074,2025-10-13,october,Dry Van,1205.1,2334.39,2406.0554833030446,2330.417918895581,2368.236701099313,33.84670109931312
TR-045075,2025-10-13,october,Dry Van,254.7,679.14,656.3949249539705,600.2560524263399,628.3254886901552,50.81451130984476
TR-045076,2025-10-13,october,Flatbed,522.6,1291.98,1284.8595515038407,1283.1749289142326,1284.0172402090366,7.962759790963446
TR-045077,2025-10-13,october,Dry Van,783.8,1628.59,1625.1954997356909,1664.03468355445,1644.6150916450706,16.025091645070688
TR-045078,2025-10-13,october,Reefer,2947.1,5863.45,6060.470445250516,6099.0060223753535,6079.738233812935,216.28823381293478
TR-045079,2025-10-13,october,Dry Van,619.7,1337.68,1334.2412238104114,1358.7632921810155,1346.5022579957135,8.822257995713471
TR-045080,2025-10-13,october,Flatbed,394.7,931.92,948.0182697484473,911.9915884864672,930.0049291174573,1.9150708825426364
TR-045081,2025-10-13,october,Reefer,1859.8,4140.0,3993.5410823345296,4018.150086325131,4005.84558432983,134.15441567016978
TR-045082,2025-10-13,october,Reefer,1597.1,3580.57,3424.0043882695004,3506.2970521800694,3465.150720224785,115.41927977521527
TR-045083,2025-10-13,october,Dry Van,936.9,2047.91,1950.8298972011862,1983.2354318907883,1967.0326645459872,80.87733545401284
TR-045084,2025-10-13,october,Dry Van,1183.2,2338.47,2397.014997013577,2386.364425335912,2391.689711174745,53.21971117474504
TR-045085,2025-10-13,october,Reefer,113.9,372.04,386.58821072475575,386.7999313463854,386.6940710355706,14.654071035570553
TR-045086,2025-10-13,october,Flatbed,2183.1,4530.94,4510.351097428019,4600.234920905048,4555.293009166533,24.35300916653341
TR-045087,2025-10-13,october,Reefer,307.6,861.67,853.9211792941356,820.2137156217427,837.0674474579391,24.602552542060835
TR-045088,2025-10-13,october,Flatbed,2440.7,4729.73,5022.374424506215,4958.166102388179,4990.270263447197,260.5402634471975
TR-045089,2025-10-13,october,Dry Van,2104.6,3758.58,3996.492610802478,3950.4624877487327,3973.4775492756053,214.89754927560534
TR-045090,2025-10-13,october,Reefer,1177.9,2652.84,2594.6282201186445,2591.4007837327335,2593.014501925689,59.82549807431133
TR-045091,2025-10-13,october,Dry Van,184.1,507.81,493.73600046177023,461.3408471656603,477.53842381371527,30.271576186284733
TR-045092,2025-10-13,october,Reefer,2075.6,4601.77,4390.658580484813,4500.626395974725,4445.642488229769,156.12751177023165
TR-045093,2025-10-13,october,Dry Van,442.2,1045.18,1009.3637888522478,985.7786395105495,997.5712141813987,47.608785818601405
TR-045094,2025-10-13,october,Reefer,1032.2,2337.81,2276.8226331490246,2277.1709831287144,2276.9968081388697,60.813191861130235
TR-045095,2025-10-13,october,Dry Van,1758.3,3264.47,3440.711159507459,3451.969965004103,3446.340562255781,181.87056225578135
TR-045096,2025-10-13,october,Dry Van,1950.6,3551.29,3685.3205583540644,3741.572771841994,3713.4466650980294,162.1566650980294
TR-045097,2025-10-13,october,Dry Van,523.4,1176.17,1148.1152716350111,1166.4670064113093,1157.2911390231602,18.87886097683986
TR-045098,2025-10-13,october,Dry Van,2173.4,3810.77,4055.611860759547,4050.18879853837,4052.9003296489586,242.13032964895865
TR-045099,2025-10-13,october,Dry Van,475.1,1086.76,1047.7919980223542,1009.2381685773721,1028.5150832998631,58.244916700136855
TR-045100,2025-10-13,october,Dry Van,706.5,1564.31,1529.6755194497339,1522.7278797017964,1526.2016995757651,38.10830042423481
TR-045101,2025-10-13,october,Dry Van,2305.2,4398.08,4505.076559451022,4533.303733183533,4519.190146317278,121.11014631727812
TR-045102,2025-10-13,october,Dry Van,1364.1,2582.85,2688.321839482322,2675.7480559983587,2682.0349477403406,99.1849477403407
TR-045103,2025-10-13,october,Dry Van,830.3,1736.01,1715.4395173616626,1724.9599812407266,1720.1997493011945,15.810250698805476
TR-045104,2025-10-13,october,Reefer,1704.1,3530.07,3547.5373497364326,3645.8398381332095,3596.6885939348213,66.61859393482109
TR-045105,2025-10-13,october,Dry Van,937.9,1887.2,1898.7464347192947,1895.2918004878866,1897.0191176035905,9.819117603590485
TR-045106,2025-10-13,october,Dry Van,1015.5,2038.66,2024.4540190934595,2113.4009683405784,2068.927493717019,30.26749371701885
TR-045107,2025-10-13,october,Dry Van,558.6,1147.88,1169.6954882279713,1180.8867482876647,1175.291118257818,27.41111825781786
TR-045108,2025-10-13,october,Reefer,1241.1,2699.37,2699.651436490548,2652.5953069281886,2676.1233717093683,23.246628290631634
TR-045109,2025-10-13,october,Reefer,2296.3,4629.26,4780.847018201545,4768.45844925291,4774.652733727227,145.3927337272271
TR-045110,2025-10-13,october,Flatbed,911.4,1925.69,1951.237749305756,2012.9943657993438,1982.11605755255,56.42605755254999
TR-045111,2025-10-13,october,Dry Van,1327.6,2573.36,2625.6963805821083,2664.1774963954026,2644.9369384887555,71.57693848875533
TR-045112,2025-10-13,october,Reefer,1038.1,2479.0,2400.3815245336486,2459.2207293653587,2429.8011269495037,49.19887305049633
TR-045113,2025-10-13,october,Dry Van,589.9,1408.07,1319.2833843780936,1340.1851701142514,1329.7342772461725,78.33572275382744
TR-045114,2025-10-13,october,Dry Van,3011.9,5515.8,5571.692189558602,5677.5110001886915,5624.601594873647,108.80159487364654
TR-045115,2025-10-13,october,Reefer,2487.1,4991.89,5190.681768993685,5191.526531320647,5191.104150157166,199.21415015716593
TR-045116,2025-10-13,october,Dry Van,2690.8,4805.58,4859.72600246647,4881.433840069867,4870.579921268169,64.99992126816869
TR-045117,2025-10-13,october,Dry Van,1425.4,2895.96,2961.3196579166183,2895.6799514655936,2928.499804691106,32.53980469110593
TR-045118,2025-10-13,october,Reefer,602.2,1542.88,1434.1616060168838,1418.4204624568665,1426.291034236875,116.58896576312509
TR-045119,2025-10-13,october,Reefer,380.2,928.48,919.2070894669907,903.5054381975772,911.356263832284,17.12373616771606
TR-045120,2025-10-13,october,Dry Van,790.6,1624.97,1621.117881923728,1654.9900582455844,1638.0539700846562,13.08397008465613
TR-045121,2025-10-13,october,Reefer,769.0,1854.11,1813.5958266906268,1738.585549509428,1776.0906881000274,78.01931189997254
TR-045122,2025-10-13,october,Dry Van,1979.1,3627.39,3810.137873569763,3716.662859143906,3763.4003663568346,136.01036635683477
TR-045123,2025-10-13,october,Flatbed,1482.9,2959.16,3122.7888983289436,3157.9203837011837,3140.354641015064,181.194641015064
TR-045124,2025-10-13,october,Reefer,1057.2,2495.79,2387.820927096641,2465.527273844823,2426.674100470732,69.11589952926806
TR-045125,2025-10-13,october,Reefer,443.2,1162.83,1140.6291147161317,1101.0914734547039,1120.8602940854178,41.969705914582164
TR-045126,2025-10-13,october,Flatbed,753.5,1607.11,1656.2778104499887,1665.366658453601,1660.8222344517949,53.712234451794984
TR-045127,2025-10-13,october,Dry Van,1806.8,3303.37,3434.2427719239654,3376.8463257930634,3405.5445488585146,102.17454885851475
TR-045128,2025-10-13,october,Flatbed,467.5,1117.74,1099.9853443665118,1092.5893687581356,1096.2873565623236,21.452643437676443
TR-045129,2025-10-13,october,Flatbed,1839.1,3823.1,3898.68252658032,4007.927152069691,3953.3048393250056,130.20483932500565
TR-045130,2025-10-13,october,Reefer,483.9,1153.36,1153.1330785951359,1089.4074998149727,1121.2702892050543,32.08971079494563
TR-045131,2025-10-13,october,Flatbed,3189.1,6251.85,6346.8091397979715,6566.958872904206,6456.884006351089,205.03400635108846
TR-045132,2025-10-13,october,Dry Van,1521.5,3069.85,3166.095274982713,3131.657547967256,3148.8764114749847,79.0264114749848
TR-045133,2025-10-13,october,Reefer,1188.3,2719.91,2537.41920603171,2563.9452694048296,2550.68223771827,169.22776228173007
TR-045134,2025-10-13,october,Flatbed,360.1,944.34,923.5784420050916,923.4469945804492,923.5127182927704,20.827281707229645
TR-045135,2025-10-13,october,Reefer,1358.6,3009.58,2955.649952455184,2971.6824043422766,2963.66617839873,45.913821601269774
TR-045136,2025-10-13,october,Dry Van,953.5,2065.35,2010.2100407032895,2038.6188429357273,2024.4144418195083,40.935558180491626
TR-045137,2025-10-13,october,Flatbed,818.2,1701.25,1737.452791404677,1782.8268680115395,1760.1398297081082,58.88982970810821
TR-045138,2025-10-13,october,Dry Van,239.7,589.41,600.1948447660628,585.6933230506638,592.9440839083634,3.5340839083634137
TR-045139,2025-10-13,october,Flatbed,1950.8,4187.86,4079.0544929459716,4187.1843316027425,4133.119412274357,54.7405877256424
TR-045140,2025-10-13,october,Dry Van,1841.1,3426.52,3565.255789375222,3531.1692135258995,3548.212501450561,121.69250145056094
TR-045141,2025-10-13,october,Dry Van,416.4,1003.29,992.3544591028758,970.0072679791288,981.1808635410023,22.109136458997682
TR-045142,2025-10-13,october,Dry Van,395.0,949.32,907.3803880081849,879.2427507913515,893.3115693997681,56.00843060023192
TR-045143,2025-10-13,october,Dry Van,384.6,908.3,911.5401291880416,860.6480640460452,886.0940966170434,22.205903382956535
TR-045144,2025-10-13,october,Dry Van,702.7,1653.52,1554.186372934828,1550.7138420878425,1552.4501075113353,101.06989248866466
TR-045145,2025-10-13,october,Dry Van,2181.6,3991.15,4184.883981522286,4084.5566936367263,4134.720337579506,143.57033757950603
TR-045146,2025-10-13,october,Dry Van,502.3,1210.01,1185.093043004055,1154.3855106104463,1169.7392768072507,40.2707231927493
TR-045147,2025-10-13,october,Flatbed,1278.3,2705.75,2682.939792601462,2783.502268959476,2733.221030780469,27.471030780468936
TR-045148,2025-10-13,october,Flatbed,2057.2,4211.86,4365.843571401115,4505.517242197286,4435.6804067992,223.8204067992001
TR-045149,2025-10-13,october,Dry Van,1947.8,3885.41,3924.9157468672734,3841.9702271623537,3883.4429870148133,1.9670129851865568
TR-045150,2025-10-13,october,Dry Van,2729.1,4872.9,5070.689499916013,4947.049833767111,5008.869666841561,135.96966684156178
TR-045151,2025-10-13,october,Dry Van,804.1,1557.7,1597.804283201476,1592.6439355401244,1595.2241093708003,37.52410937080026
TR-045152,2025-10-13,october,Reefer,983.8,2345.5,2218.5043623500824,2273.726562995569,2246.1154626728257,99.38453732717426
TR-045153,2025-10-13,october,Reefer,788.7,1810.54,1768.8741309034228,1750.1885874555967,1759.5313591795098,51.0086408204902
TR-045154,2025-10-13,october,Dry Van,1496.3,2950.89,3101.1625305793095,3033.005347408085,3067.0839389936973,116.19393899369743
TR-045155,2025-10-13,october,Dry Van,521.8,1109.09,1105.8661612237936,1141.5479080062173,1123.7070346150053,14.617034615005423
TR-045156,2025-10-13,october,Dry Van,2648.2,5016.22,4969.162833361807,5066.869266153874,5018.016049757841,1.796049757840592
TR-045157,2025-10-13,october,Dry Van,302.1,718.33,711.3848619311453,710.3437981849052,710.8643300580252,7.465669941974852
TR-045158,2025-10-13,october,Dry Van,1060.0,2128.49,2081.115283204336,2121.617762654319,2101.3665229293274,27.12347707067238
TR-045159,2025-10-13,october,Flatbed,719.4,1654.44,1648.7046570772807,1620.6669359019584,1634.6857964896194,19.75420351038065
TR-045160,2025-10-13,october,Reefer,1683.0,3596.69,3617.0428300023223,3663.1051212653338,3640.073975633828,43.38397563382796
TR-045161,2025-10-13,october,Dry Van,999.8,1892.28,1950.0369773879174,1981.4007031013953,1965.7188402446563,73.43884024465638
TR-045162,2025-10-13,october,Dry Van,742.3,1498.67,1518.0657455322496,1543.8596884785393,1530.9627170053946,32.29271700539448
TR-045163,2025-10-13,october,Dry Van,739.8,1447.88,1519.3993780094522,1545.9368448169462,1532.6681114131993,84.7881114131992
TR-045164,2025-10-13,october,Dry Van,939.5,1947.82,1890.3498313107966,1927.452438342946,1908.9011348268714,38.91886517312855
TR-045165,2025-10-13,october,Dry Van,866.0,1811.29,1805.4861163141886,1833.2117110567638,1819.3489136854762,8.058913685476227
TR-045166,2025-10-13,october,Dry Van,279.8,696.61,676.2477424054508,668.2273357412082,672.2375390733296,24.372460926670442
TR-045167,2025-10-13,october,Flatbed,878.4,1829.6,1832.6831299662676,1902.4386723954412,1867.5609011808544,37.960901180854535
TR-045168,2025-10-13,october,Dry Van,217.6,531.39,537.2667195100404,502.1843019315977,519.7255107208191,11.664489279180884
TR-045169,2025-10-13,october,Dry Van,669.1,1498.22,1471.128991780165,1446.121902222455,1458.62544700131,39.594552998690006
TR-045170,2025-10-13,october,Dry Van,2297.0,4134.92,4345.9530417487495,4230.683212324724,4288.318127036737,153.3981270367367
TR-045171,2025-10-13,october,Dry Van,1214.1,2469.17,2524.568578840167,2528.6315048466595,2526.6000418434132,57.430041843413164
TR-045172,2025-10-13,october,Reefer,449.2,1165.84,1139.0861244710004,1113.1658663433905,1126.1259954071954,39.714004592804486
TR-045173,2025-10-13,october,Dry Van,1172.1,2342.66,2362.6014348133863,2371.2562371055365,2366.928835959461,24.268835959461285
TR-045174,2025-10-13,october,Dry Van,832.1,7004.3,1771.3473367921936,1823.7118796067805,1797.529608199487,5206.770391800514
TR-045175,2025-10-13,october,Reefer,590.4,1481.4,1456.9956132508476,1409.5030900295833,1433.2493516402155,48.150648359784554
TR-045176,2025-10-13,october,Flatbed,839.3,1803.73,1784.4849607847852,1846.6935065649418,1815.5892336748634,11.85923367486339
TR-045177,2025-10-13,october,Flatbed,720.9,1619.19,1659.4509075588578,1624.5456116413056,1641.9982596000818,22.808259600081783
TR-045178,2025-10-13,october,Flatbed,682.2,1540.17,1537.247624187509,1553.2622997961103,1545.2549619918095,5.08496199180945
TR-045179,2025-10-13,october,Dry Van,858.0,1688.42,1733.86706042047,1724.17620323159,1729.02163182603,40.601631826029916
TR-045180,2025-10-13,october,Dry Van,1458.9,2903.7,3056.7117421889025,2992.875065992983,3024.7934040909427,121.09340409094284
TR-045181,2025-10-13,october,Dry Van,1199.0,2351.62,2411.9167006427274,2434.5998894004206,2423.2582950215738,71.63829502157387
TR-045182,2025-10-13,october,Dry Van,95.5,275.01,269.95467104270597,289.9069154218919,279.9307932322989,4.920793232298934
TR-045183,2025-10-13,october,Reefer,2818.8,5708.0,5565.358256289394,5858.819286027538,5712.0887711584655,4.0887711584655335
TR-045184,2025-10-13,october,Dry Van,138.6,388.7,379.9049078693522,371.4573542245305,375.68113104694135,13.018868953058643
TR-045185,2025-10-13,october,Reefer,810.5,2101.26,1939.4398721963355,1929.9978536985386,1934.7188629474372,166.54113705256304
TR-045186,2025-10-13,october,Dry Van,2091.2,3914.01,4038.2001951742322,3943.0801342630602,3990.6401647186462,76.63016471864603
TR-045187,2025-10-13,october,Dry Van,476.7,1027.96,1053.7899700442945,1031.0436494865794,1042.416809765437,14.456809765436901
TR-045188,2025-10-13,october,Dry Van,802.7,1649.6,1644.4965153689573,1670.7743315058087,1657.635423437383,8.035423437383088
TR-045189,2025-10-13,october,Flatbed,450.5,1181.37,1171.0872987646126,1115.8025454952071,1143.4449221299099,37.925077870090036
TR-045190,2025-10-14,october,Reefer,1200.7,2777.11,2674.7212298339477,2710.6875244092325,2692.7043771215904,84.40562287840976
TR-045191,2025-10-14,october,Reefer,751.7,1786.77,1754.0790771419838,1714.1180450368986,1734.0985610894413,52.67143891055866
TR-045192,2025-10-14,october,Dry Van,556.5,1211.92,1187.9107812045675,1228.7994911836627,1208.355136194115,3.5648638058851247
TR-045193,2025-10-14,october,Dry Van,898.9,1880.41,1858.2281747275467,1868.5804085059324,1863.4042916167396,17.005708383260526
TR-045194,2025-10-14,october,Reefer,1149.3,2469.79,2449.567495571161,2449.9003068593966,2449.733901215279,20.056098784721144
TR-045195,2025-10-14,october,Dry Van,1257.7,2463.58,2548.340111260808,2570.6536674868285,2559.4968893738182,95.91688937381832
TR-045196,2025-10-14,october,Dry Van,395.5,839.33,860.9993070684174,877.4282050710085,869.2137560697129,29.88375606971283
TR-045197,2025-10-14,october,Reefer,207.9,603.72,604.0907520851099,597.5854058888851,600.8380789869975,2.8819210130025112
TR-045198,2025-10-14,october,Reefer,1005.2,2240.31,2269.1118313076936,2235.493038706006,2252.30243500685,11.992435006849973
TR-045199,2025-10-14,october,Reefer,2563.3,5388.1,5539.3913565926405,5563.574678596007,5551.483017594324,163.38301759432397
TR-045200,2025-10-14,october,Dry Van,452.9,1046.59,1028.3704314470415,990.9625898805352,1009.6665106637884,36.92348933621156
TR-045201,2025-10-14,october,Dry Van,1498.1,3073.46,3108.1203134516477,3094.492279016564,3101.306296234106,27.84629623410592
TR-045202,2025-10-14,october,Dry Van,671.9,1475.73,1463.6836449987347,1479.7544409435209,1471.7190429711277,4.010957028872326
TR-045203,2025-10-14,october,Flatbed,1218.3,2723.01,2618.8817548529487,2651.6126689296248,2635.2472118912865,87.76278810871372
TR-045204,2025-10-14,october,Dry Van,1359.3,2826.14,2770.7532862825465,2797.081643424154,2783.9174648533503,42.222535146649534
TR-045205,2025-10-14,october,Dry Van,1115.9,2164.07,2187.185214876441,2235.556225080614,2211.3707199785276,47.30071997852747
TR-045206,2025-10-14,october,Dry Van,1446.5,2844.66,2899.3723841976857,2897.541446628178,2898.456915412932,53.79691541293232
TR-045207,2025-10-14,october,Flatbed,2910.9,5648.65,5599.4035599037115,5876.17826606645,5737.790912985081,89.14091298508174
TR-045208,2025-10-14,october,Dry Van,1598.5,2990.4,3221.429561345023,3089.110712456759,3155.270136900891,164.87013690089088
TR-045209,2025-10-14,october,Dry Van,431.7,924.87,939.0707628523019,933.9037481083969,936.4872554803494,11.6172554803494
TR-045210,2025-10-14,october,Reefer,444.6,1277.01,1206.4809914228244,1156.2357919627902,1181.3583916928073,95.65160830719265
TR-045211,2025-10-14,october,Dry Van,1805.5,3408.35,3507.6174168098255,3487.1447842648627,3497.381100537344,89.03110053734417
TR-045212,2025-10-14,october,Flatbed,523.1,1262.44,1274.171362583623,1244.5214048306514,1259.3463837071372,3.093616292862862
TR-045213,2025-10-14,october,Flatbed,856.1,2066.58,1970.5612673214262,2006.424470238916,1988.4928687801712,78.08713121982873
TR-045214,2025-10-14,october,Reefer,1957.0,4318.52,4205.034792015167,4278.7254023479345,4241.880097181551,76.63990281844963
TR-045215,2025-10-14,october,Reefer,746.2,1743.83,1721.5501813682845,1694.091920215278,1707.821050791781,36.00894920821884
TR-045216,2025-10-14,october,Dry Van,758.9,1511.26,1538.313314594826,1552.6032541802997,1545.4582843875628,34.19828438756281
TR-045217,2025-10-14,october,Dry Van,583.0,1343.75,1351.2193968264623,1287.1018554220086,1319.1606261242355,24.589373875764522
TR-045218,2025-10-14,october,Dry Van,613.4,1285.24,1306.1806055711095,1282.6850344953355,1294.4328200332225,9.19282003322246
TR-045219,2025-10-14,october,Reefer,1869.2,4291.19,4097.892612750929,4086.959940496606,4092.426276623768,198.7637233762316
TR-045220,2025-10-14,october,Reefer,1926.1,4115.08,4078.7093367637754,4138.8063594707255,4108.75784811725,6.322151882749495
TR-045221,2025-10-14,october,Dry Van,1732.1,3166.71,3391.132150002922,3293.084286342152,3342.108218172537,175.39821817253687
TR-045222,2025-10-14,october,Reefer,560.3,1432.87,1348.2917798825226,1337.7961141394571,1343.04394701099,89.8260529890099
TR-045223,2025-10-14,october,Flatbed,2698.0,5133.96,5331.869628693303,5374.798758853393,5353.334193773348,219.37419377334754
TR-045224,2025-10-14,october,Dry Van,1610.8,3217.94,3300.7678290630606,3226.733120805403,3263.7504749342315,45.81047493423148
TR-045225,2025-10-14,october,Reefer,2232.9,4875.19,4748.319334333668,4799.37064687808,4773.844990605874,101.34500939412555
TR-045226,2025-10-14,october,Reefer,1028.8,2435.4,2353.170957615346,2339.985054980509,2346.5780062979275,88.82199370207263
TR-045227,2025-10-14,october,Dry Van,1611.3,3280.86,3344.24379497658,3331.4852858290537,3337.8645404028166,57.004540402816474
TR-045228,2025-10-14,october,Dry Van,842.2,1645.01,1704.0735641292508,1718.5449229538278,1711.3092435415392,66.29924354153923
TR-045229,2025-10-14,october,Dry Van,882.3,1846.41,1798.4180203816386,1783.371733916631,1790.8948771491348,55.51512285086528
TR-045230,2025-10-14,october,Reefer,310.2,868.43,874.3472113556107,824.5492071722479,849.4482092639294,18.981790736070593
TR-045231,2025-10-14,october,Flatbed,2022.1,4145.97,4264.452897050926,4317.734136232586,4291.093516641757,145.1235166417564
TR-045232,2025-10-14,october,Dry Van,129.6,342.29,347.82011549464426,314.19173687409443,331.00592618436934,11.284073815630677
TR-045233,2025-10-14,october,Dry Van,429.3,944.78,953.0760699605117,930.0986928902842,941.587381425398,3.1926185746019655
TR-045234,2025-10-14,october,Dry Van,165.5,432.81,457.1143677104012,395.3088937363516,426.2116307233764,6.5983692766236
TR-045235,2025-10-14,october,Reefer,884.0,2100.38,2032.0065099043518,2081.003029621479,2056.504769762915,43.87523023708491
TR-045236,2025-10-14,october,Reefer,805.9,1913.71,1886.542962085288,1933.013168613571,1909.7780653494297,3.9319346505703834
TR-045237,2025-10-14,october,Reefer,2141.8,4637.6,4526.717229464326,4507.090608776709,4516.9039191205175,120.6960808794829
TR-045238,2025-10-14,october,Flatbed,1973.7,3959.08,4163.220269174241,4162.168733079998,4162.69450112712,203.6145011271201
TR-045239,2025-10-14,october,Flatbed,117.0,335.52,358.5303014239071,324.34621105165843,341.43825623778275,5.918256237782771
TR-045240,2025-10-14,october,Dry Van,365.0,876.72,853.9489022909888,810.4596459002166,832.2042740956027,44.5157259043973
TR-045241,2025-10-14,october,Dry Van,334.0,834.23,806.9145913170237,793.0739282841621,799.9942598005929,34.23574019940713
TR-045242,2025-10-14,october,Dry Van,421.8,976.69,942.6469978556445,911.6145988782607,927.1307983669526,49.55920163304745
TR-045243,2025-10-14,october,Dry Van,1224.7,2517.9,2531.711602920635,2545.2521637430978,2538.4818833318664,20.581883331866266
TR-045244,2025-10-14,october,Dry Van,1468.8,2900.96,3003.1352223931385,2941.5730904467823,2972.3541564199604,71.39415641996038
TR-045245,2025-10-14,october,Flatbed,1066.4,2291.8,2276.075323224714,2292.968717736041,2284.5220204803773,7.2779795196229315
TR-045246,2025-10-14,october,Dry Van,510.7,1109.5,1106.6864180219081,1106.3117080658458,1106.499063043877,3.0009369561230415
TR-045247,2025-10-14,october,Flatbed,584.1,1404.53,1372.672751781181,1359.7742578240836,1366.2235048026323,38.30649519736767
TR-045248,2025-10-14,october,Reefer,744.5,1778.9,1734.337052169032,1725.7419795198693,1730.0395158444508,48.86048415554933
TR-045249,2025-10-14,october,Dry Van,279.6,672.87,679.5343531481998,624.4257226725688,651.9800379103842,20.88996208961578
TR-045250,2025-10-14,october,Dry Van,2435.3,4492.99,4646.641623233221,4558.354150613375,4602.497886923298,109.50788692329843
TR-045251,2025-10-14,october,Dry Van,2058.7,3691.68,3853.3325547782856,3807.691874848441,3830.5122148133632,138.8322148133634
TR-045252,2025-10-14,october,Reefer,1947.0,4106.78,4089.008344530761,4163.301325442291,4126.154834986526,19.374834986526366
TR-045253,2025-10-14,october,Flatbed,1126.2,2400.42,2409.966700461355,2416.288402744676,2413.1275516030155,12.707551603015418
TR-045254,2025-10-14,october,Dry Van,1443.3,2829.54,2856.6857927031415,2860.7216945997766,2858.7037436514593,29.1637436514593
TR-045255,2025-10-14,october,Dry Van,450.9,1016.38,1025.3492269519134,969.182812610082,997.2660197809977,19.113980219002315
TR-045256,2025-10-14,october,Dry Van,940.2,2068.54,1961.6557441424313,1992.8518294852681,1977.2537868138497,91.28621318615023
TR-045257,2025-10-14,october,Dry Van,985.0,1985.13,1999.5043150036227,2022.2730505573861,2010.8886827805045,25.758682780504387
TR-045258,2025-10-14,october,Dry Van,1566.2,1068.71,3162.250114699257,3156.710865261426,3159.4804899803416,2090.7704899803416
TR-045259,2025-10-14,october,Flatbed,1778.0,3810.51,3716.504275606604,3882.0573638446813,3799.2808197256427,11.229180274357532
TR-045260,2025-10-14,october,Reefer,1274.6,2759.01,2775.1173174299806,2796.0821219367003,2785.5997196833405,26.589719683340263
TR-045261,2025-10-14,october,Dry Van,2638.3,4823.0,4829.267214630594,4826.540252663137,4827.9037336468655,4.903733646865476
TR-045262,2025-10-14,october,Flatbed,1479.3,3276.21,3105.6970698012965,3203.6505065540864,3154.6737881776917,121.53621182230836
TR-045263,2025-10-14,october,Dry Van,1273.3,2572.11,2604.3970976146934,2631.221737792353,2617.809417703523,45.69941770352307
TR-045264,2025-10-14,october,Dry Van,814.7,1654.43,1659.886491743001,1675.8479628232599,1667.8672272831304,13.437227283130369
TR-045265,2025-10-14,october,Dry Van,963.9,1917.02,1985.3410786831505,2022.4157269975892,2003.8784028403697,86.85840284036976
TR-045266,2025-10-14,october,Dry Van,531.8,1283.37,1205.245293095817,1231.051394771015,1218.148343933416,65.22165606658382
TR-045267,2025-10-14,october,Dry Van,924.0,1880.86,1877.207771248191,1865.2231145415299,1871.2154428948604,9.644557105139484
TR-045268,2025-10-14,october,Dry Van,529.6,1237.67,1160.2782960850818,1147.3047355280858,1153.791515806584,83.87848419341617
TR-045269,2025-10-14,october,Reefer,797.5,1905.9,1893.5165184547045,1892.1836568302724,1892.8500876424885,13.04991235751163
TR-045270,2025-10-14,october,Flatbed,646.9,1394.17,1402.935634490246,1441.327766606813,1422.1317005485294,27.96170054852928
TR-045271,2025-10-14,october,Dry Van,1905.1,3737.58,3859.9070006157954,3834.143263733915,3847.025132174855,109.44513217485519
TR-045272,2025-10-14,october,Reefer,330.1,870.04,862.0119854523629,822.3311681682696,842.1715768103163,27.868423189683654
TR-045273,2025-10-14,october,Dry Van,1951.0,3980.47,3996.0537645119284,3922.6807164295255,3959.3672404707268,21.102759529273044
TR-045274,2025-10-14,october,Flatbed,1963.8,4071.09,4170.956461613559,4252.000095341902,4211.478278477731,140.38827847773064
TR-045275,2025-10-14,october,Reefer,821.2,1882.03,1806.8387348858944,1828.3697619041934,1817.604248395044,64.42575160495608
TR-045276,2025-10-14,october,Dry Van,553.9,1209.75,1209.0699385803464,1232.4930706824493,1220.7815046313979,11.031504631397866
TR-045277,2025-10-14,october,Dry Van,308.2,767.46,755.3989527040454,738.3212265198933,746.8600896119694,20.599910388030594
TR-045278,2025-10-14,october,Reefer,761.0,1889.66,1836.9087785162828,1775.907441365126,1806.4081099407044,83.25189005929565
TR-045279,2025-10-14,october,Reefer,2658.5,5580.26,5472.776647110627,5598.2920364212905,5535.534341765959,44.725658234041475
TR-045280,2025-10-14,october,Dry Van,418.8,968.58,979.0587967764482,932.543897706621,955.8013472415346,12.778652758465455
TR-045281,2025-10-14,october,Dry Van,310.7,770.73,755.9297377052667,724.9977919578687,740.4637648315677,30.26623516843233
TR-045282,2025-10-14,october,Dry Van,837.0,1672.5,1698.493372959677,1680.841965027896,1689.6676689937865,17.167668993786492
TR-045283,2025-10-14,october,Flatbed,1648.6,3460.38,3421.534290573332,3646.850283044359,3534.1922868088454,73.81228680884533
TR-045284,2025-10-14,october,Dry Van,2237.7,4118.79,4335.893848850758,4248.858634693116,4292.376241771937,173.58624177193724
TR-045285,2025-10-14,october,Dry Van,803.3,1817.69,1750.5916090121382,1765.8483408389723,1758.219974925555,59.47002507444495
TR-045286,2025-10-14,october,Dry Van,1590.7,9208.2,3272.0116833947795,3197.460480595856,3234.736081995318,5973.463918004683
TR-045287,2025-10-14,october,Reefer,1552.1,3437.7,3377.2023375513813,3341.0716938270807,3359.137015689231,78.56298431076902
TR-045288,2025-10-14,october,Dry Van,1275.1,2495.56,2601.2249912476395,2607.9418769314498,2604.5834340895444,109.02343408954448
TR-045289,2025-10-14,october,Dry Van,448.6,994.05,993.7569203015665,966.7837644923748,980.2703423969706,13.779657603029364
TR-045290,2025-10-14,october,Dry Van,685.1,1550.66,1491.766343496021,1480.7934155131652,1486.279879504593,64.38012049540703
TR-045291,2025-10-14,october,Reefer,1021.7,2390.2,2306.2085890973276,2339.050721960795,2322.629655529061,67.57034447093884
TR-045292,2025-10-14,october,Reefer,1253.9,2761.78,2766.606828969019,2831.613101040104,2799.1099650045617,37.32996500456147
TR-045293,2025-10-14,october,Dry Van,2155.1,4010.82,4212.322548320163,4203.009570720824,4207.666059520494,196.84605952049378
TR-045294,2025-10-14,october,Reefer,862.2,2036.02,1940.6726069644415,1952.3169153275983,1946.4947611460198,89.52523885398023
TR-045295,2025-10-14,october,Dry Van,891.0,1705.04,1860.283912725388,1839.4892313512657,1849.886572038327,144.84657203832694
TR-045296,2025-10-14,october,Dry Van,2400.5,4648.25,4752.7167768905565,4670.441755500498,4711.579266195527,63.32926619552745
TR-045297,2025-10-14,october,Flatbed,307.6,796.77,802.1212239149739,778.4965448700293,790.3088843925016,6.461115607498414
TR-045298,2025-10-14,october,Dry Van,2375.4,4085.68,4450.459375145803,4345.845683339333,4398.152529242569,312.4725292425687
TR-045299,2025-10-14,october,Flatbed,667.3,1438.66,1480.8277320526902,1501.9926110837096,1491.4101715682,52.7501715681999
TR-045300,2025-10-14,october,Dry Van,1122.5,2203.15,2259.271614920813,2300.474257432228,2279.872936176521,76.72293617652076
TR-045301,2025-10-14,october,Reefer,1956.2,4441.37,4205.272424153296,4268.284776389372,4236.778600271335,204.59139972866524
TR-045302,2025-10-14,october,Reefer,1146.3,2615.32,2566.235389489453,2552.4743659643773,2559.354877726915,55.965122273084944
TR-045303,2025-10-14,october,Dry Van,796.6,1653.73,1646.9859573711983,1696.4566261460718,1671.721291758635,17.991291758635043
TR-045304,2025-10-14,october,Reefer,2045.1,4599.84,4364.6882647034,4456.255267027831,4410.471765865615,189.3682341343847
TR-045305,2025-10-14,october,Flatbed,1081.7,2241.93,2351.5744481258826,2327.71735054447,2339.645899335176,97.71589933517635
TR-045306,2025-10-14,october,Dry Van,557.7,1162.93,1185.8786458763589,1180.3576732049564,1183.1181595406576,20.18815954065758
TR-045307,2025-10-14,october,Flatbed,1837.8,3923.5,3833.9989044961962,3930.2991722956176,3882.149038395907,41.350961604092845
TR-045308,2025-10-14,october,Reefer,571.0,1356.86,1330.3679935521948,1322.262652021638,1326.3153227869163,30.54467721308356
TR-045309,2025-10-14,october,Dry Van,70.0,211.65,259.3583561148805,246.55134715952067,252.9548516372006,41.304851637200585
TR-045310,2025-10-14,october,Dry Van,1017.7,2034.11,2101.4161975363736,2172.531176503212,2136.973687019793,102.86368701979313
TR-045311,2025-10-14,october,Reefer,706.8,1752.33,1728.8248366480118,1674.4426918893735,1701.6337642686926,50.6962357313073
TR-045312,2025-10-14,october,Flatbed,1488.0,3322.69,3213.649997420432,3363.2224455932187,3288.4362215068254,34.25377849317465
TR-045313,2025-10-14,october,Dry Van,1113.0,2466.99,2352.361221874505,2337.190039591443,2344.775630732974,122.21436926702563
TR-045314,2025-10-14,october,Dry Van,830.3,1718.44,1673.9178112492732,1734.445836343636,1704.1818237964546,14.258176203545418
TR-045315,2025-10-14,october,Flatbed,1045.7,2108.3,2288.3877532258066,2245.956014688927,2267.171883957367,158.87188395736666
TR-045316,2025-10-14,october,Flatbed,2042.4,4190.59,4307.367993297888,4392.34738275165,4349.857688024769,159.2676880247691
TR-045317,2025-10-14,october,Dry Van,1295.7,2555.1,2555.4652546667476,2578.54654511838,2567.005899892564,11.905899892563866
TR-045318,2025-10-14,october,Dry Van,2140.7,3988.15,4187.087129215689,4106.011376406035,4146.5492528108625,158.39925281086244
TR-045319,2025-10-14,october,Reefer,1045.9,2282.3,2258.134801130533,2256.7579049210667,2257.4463530258,24.853646974200274
TR-045320,2025-10-14,october,Dry Van,948.2,1864.02,1961.1586178912712,1994.864313997228,1978.0114659442497,113.99146594424974
TR-045321,2025-10-14,october,Dry Van,2281.8,4309.49,4490.346018614125,4396.595201424877,4443.470610019501,133.980610019501
TR-045322,2025-10-14,october,Dry Van,906.4,1945.1,1882.7452364373034,1873.413808848799,1878.0795226430512,67.02047735694873
TR-045323,2025-10-14,october,Reefer,2671.5,5493.16,5614.9396588181935,5649.626464712081,5632.283061765137,139.1230617651372
TR-045324,2025-10-14,october,Dry Van,910.2,1952.91,1888.0673725731529,1894.8841200248191,1891.475746298986,61.434253701014086
TR-045325,2025-10-14,october,Dry Van,1527.6,2834.36,3013.9199230308313,2972.8042231918835,2993.3620731113574,159.00207311135728
TR-045326,2025-10-14,october,Flatbed,490.4,1281.05,1253.0024476545454,1242.9451333901827,1247.9737905223642,33.07620947763576
TR-045327,2025-10-14,october,Reefer,288.5,788.0,796.9242881922638,762.4567294273661,779.6905088098149,8.3094911901851
TR-045328,2025-10-14,october,Dry Van,950.2,1874.94,1907.3470703873998,1915.1283229925823,1911.237696689991,36.29769668999097
TR-045329,2025-10-14,october,Dry Van,995.8,2027.7,2069.3025173114443,2089.37572920908,2079.339123260262,51.63912326026207
TR-045330,2025-10-14,october,Dry Van,1715.0,3071.43,3304.5337193992973,3239.3881216384552,3271.9609205188763,200.53092051887643
TR-045331,2025-10-14,october,Flatbed,1593.9,3532.28,3342.8120798853574,3447.036582316723,3394.9243311010405,137.35566889895972
TR-045332,2025-10-14,october,Reefer,291.6,753.38,760.001436949428,723.0541912679153,741.5278141086717,11.852185891328304
TR-045333,2025-10-14,october,Dry Van,1614.3,3193.71,3342.6761800807026,3360.8849478533825,3351.7805639670423,158.0705639670423
TR-045334,2025-10-14,october,Dry Van,1722.7,3520.42,3551.1170882722113,3522.662898928711,3536.889993600461,16.46999360046084
TR-045335,2025-10-14,october,Dry Van,666.3,1464.04,1409.7375991739789,1458.5415373906058,1434.1395682822922,29.90043171770776
TR-045336,2025-10-14,october,Reefer,2864.4,5606.16,5806.715708166556,5836.9788962737275,5821.8473022201415,215.68730222014165
TR-045337,2025-10-14,october,Reefer,3084.8,6049.66,6063.8411066376675,6325.0024596208195,6194.4217831292435,144.76178312924367
TR-045338,2025-10-14,october,Dry Van,1492.6,3055.38,3088.3163012699856,3089.832580062568,3089.074440666277,33.69444066627693
TR-045339,2025-10-14,october,Dry Van,427.2,913.33,960.2907106220363,922.3962098830632,941.3434602525497,28.013460252549635
TR-045340,2025-10-14,october,Reefer,213.4,616.61,628.7219885661859,577.2654842075015,602.9937363868437,13.61626361315632
TR-045341,2025-10-14,october,Flatbed,2761.9,5064.85,5344.328123755737,5335.455192196791,5339.8916579762645,275.0416579762641
TR-045342,2025-10-14,october,Dry Van,520.8,1176.84,1114.8984938069846,1145.6016130388025,1130.2500534228934,46.5899465771065
TR-045343,2025-10-14,october,Reefer,1344.2,3065.85,3014.252200544576,3059.3337820184806,3036.7929912815284,29.05700871847148
TR-045344,2025-10-14,october,Dry Van,1678.5,3328.78,3430.1830814121954,3376.0540088184525,3403.118545115324,74.338545115324
TR-045345,2025-10-14,october,Dry Van,342.5,804.05,786.238226199793,769.5863404219328,777.9122833108629,26.13771668913705
TR-045346,2025-10-14,october,Dry Van,889.0,1987.31,1873.4020942593265,1875.8328256911082,1874.6174599752173,112.6925400247826
TR-045347,2025-10-14,october,Dry Van,1285.7,2500.22,2593.2926411318485,2585.6563716542582,2589.474506393053,89.25450639305336
TR-045348,2025-10-14,october,Flatbed,1949.8,4179.65,4060.9767011670574,4153.428744098588,4107.202722632823,72.44727736717687
TR-045349,2025-10-15,october,Dry Van,844.3,1914.6,1843.8372956707892,1858.8088030888966,1851.3230493798428,63.276950620157095
TR-045350,2025-10-15,october,Flatbed,619.5,1450.77,1473.3169457820075,1451.0973924103641,1462.2071690961857,11.437169096185698
TR-045351,2025-10-15,october,Dry Van,975.0,2136.84,2065.700356519005,2083.35971485576,2074.530035687382,62.30996431261792
TR-045352,2025-10-15,october,Dry Van,904.1,1822.83,1798.7019189739071,1796.120766359284,1797.4113426665956,25.418657333404326
TR-045353,2025-10-15,october,Dry Van,441.5,932.17,965.9961340563826,929.4178128036883,947.7069734300355,15.536973430035573
TR-045354,2025-10-15,october,Dry Van,525.4,1251.37,1213.8662515736044,1232.289864711407,1223.0780581425056,28.291941857494294
TR-045355,2025-10-15,october,Dry Van,1247.0,2684.76,2590.0713294579873,2630.313420916199,2610.192375187093,74.56762481290707
TR-045356,2025-10-15,october,Dry Van,487.7,1123.71,1109.4928249529387,1084.7741876514524,1097.1335063021957,26.57649369780438
TR-045357,2025-10-15,october,Flatbed,333.8,881.42,888.5573589706919,842.8540306156162,865.7056947931541,15.714305206845893
TR-045358,2025-10-15,october,Reefer,516.9,1355.77,1356.4487855906427,1295.1929496675843,1325.8208676291135,29.949132370886446
TR-045359,2025-10-15,october,Dry Van,526.0,1204.07,1182.4532263109977,1162.833553917334,1172.6433901141659,31.42660988583407
TR-045360,2025-10-15,october,Dry Van,366.1,861.53,880.2265756895029,822.461589827409,851.3440827584559,10.185917241544075
TR-045361,2025-10-15,october,Flatbed,473.2,1178.27,1137.1039649454196,1130.8737327750953,1133.9888488602573,44.28115113974263
TR-045362,2025-10-15,october,Reefer,324.0,961.45,912.0921350515434,883.4763725202752,897.7842537859093,63.665746214090746
TR-045363,2025-10-15,october,Reefer,1412.1,3272.45,3243.7399306858647,3292.7336700882643,3268.2368003870642,4.213199612935568
TR-045364,2025-10-15,october,Reefer,2731.0,5462.43,5642.667779425095,5819.0901606255575,5730.878970025326,268.44897002532616
TR-045365,2025-10-15,october,Dry Van,2680.5,5007.73,5140.175684154833,5149.624219516461,5144.899951835647,137.16995183564723
TR-045366,2025-10-15,october,Flatbed,716.2,1699.95,1648.9707359974227,1606.2046039428208,1627.5876699701216,72.36233002987842
TR-045367,2025-10-15,october,Dry Van,327.9,779.9,774.4772416606389,733.9240904477745,754.2006660542067,25.699333945793228
TR-045368,2025-10-15,october,Reefer,1180.2,2716.26,2607.9182043856636,2674.5549659076783,2641.236585146671,75.02341485332909
TR-045369,2025-10-15,october,Dry Van,2506.4,4877.5,4928.780370466159,4905.169368404622,4916.974869435391,39.474869435391156
TR-045370,2025-10-15,october,Dry Van,2886.1,5287.91,5456.53489287473,5333.210277420245,5394.872585147487,106.96258514748752
TR-045371,2025-10-15,october,Flatbed,372.1,1009.32,997.3975440346485,955.196730034168,976.2971370344083,33.0228629655918
TR-045372,2025-10-15,october,Flatbed,1763.5,3554.36,3803.1814702346064,3837.692807283857,3820.437138759232,266.07713875923173
TR-045373,2025-10-15,october,Reefer,1598.8,3644.6,3487.827492645626,3521.092218930018,3504.459855787822,140.1401442121778
TR-045374,2025-10-15,october,Reefer,2596.3,5404.21,5578.544816992878,5444.289876212584,5511.417346602731,107.20734660273138
TR-045375,2025-10-15,october,Dry Van,745.8,1655.51,1563.150366044413,1553.0639432088346,1558.107154626624,97.40284537337607
TR-045376,2025-10-15,october,Dry Van,550.4,1309.36,1232.1181517145171,1202.4243819207982,1217.2712668176578,92.08873318234214
TR-045377,2025-10-15,october,Dry Van,2294.0,4165.83,4303.180867696029,4196.586161081787,4249.883514388908,84.0535143889083
TR-045378,2025-10-15,october,Dry Van,2171.2,4006.28,4172.127096042364,4121.86034074208,4146.993718392222,140.71371839222184
TR-045379,2025-10-15,october,Dry Van,450.9,1061.61,1057.5490410503119,1035.3824718455062,1046.465756447909,15.144243552090984
TR-045380,2025-10-15,october,Flatbed,1984.4,4242.9,4181.198101938923,4280.480750132902,4230.839426035913,12.06057396408687
TR-045381,2025-10-15,october,Dry Van,940.5,1951.97,1937.5545867262103,1951.5775657237548,1944.5660762249827,7.403923775017347
TR-045382,2025-10-15,october,Flatbed,119.6,348.2,357.1437771709112,332.59963011242917,344.8717036416702,3.328296358329794
TR-045383,2025-10-15,october,Reefer,324.7,834.92,837.0331858065424,754.2596265602892,795.6464061834158,39.27359381658414
TR-045384,2025-10-15,october,Dry Van,2336.4,4519.53,4496.510784516005,4444.660572672881,4470.585678594443,48.944321405556366
TR-045385,2025-10-15,october,Reefer,684.3,1659.11,1594.793346654103,1554.0021198383047,1574.3977332462039,84.71226675379603
TR-045386,2025-10-15,october,Dry Van,570.4,1214.48,1212.4452507658318,1235.5187349350613,1223.9819928504467,9.50199285044664
TR-045387,2025-10-15,october,Reefer,1006.6,2442.56,2322.474965347118,2264.1081188439966,2293.2915420955574,149.26845790444258
TR-045388,2025-10-15,october,Dry Van,1519.0,2936.44,3035.078558186964,3005.417098565305,3020.2478283761347,83.8078283761347
TR-045389,2025-10-15,october,Dry Van,402.2,864.31,890.0092588062855,861.0163440077115,875.5128014069985,11.20280140699856
TR-045390,2025-10-15,october,Dry Van,1877.7,3734.02,3809.455765930458,3751.003514884337,3780.2296404073977,46.20964040739773
TR-045391,2025-10-15,october,Dry Van,2038.4,3996.08,4097.824719159674,4048.685408126532,4073.255063643103,77.17506364310293
TR-045392,2025-10-15,october,Reefer,673.9,1501.44,1479.4635085153486,1512.999665706403,1496.2315871108758,5.208412889124247
TR-045393,2025-10-15,october,Dry Van,1845.6,3618.32,3778.878481179453,3738.4621355753106,3758.670308377382,140.35030837738168
TR-045394,2025-10-15,october,Dry Van,232.1,600.5,624.4985083486096,596.7554039868403,610.626956167725,10.126956167724984
TR-045395,2025-10-15,october,Dry Van,1172.7,2508.4,2402.448384066248,2458.140151518193,2430.29426779222,78.10573220777997
TR-045396,2025-10-15,october,Reefer,1136.6,2661.47,2506.6578856562164,2555.25893683242,2530.958411244318,130.51158875568171
TR-045397,2025-10-15,october,Reefer,692.7,1813.6,1748.2637903648551,1649.6311864437016,1698.9474884042784,114.65251159572153
TR-045398,2025-10-15,october,Dry Van,434.5,1056.38,1024.7635443361444,997.0613068698615,1010.9124256030029,45.46757439699718
TR-045399,2025-10-15,october,Reefer,70.0,216.75,226.61188136164623,253.0629844660557,239.83743291385096,23.08743291385096
TR-045400,2025-10-15,october,Dry Van,911.1,1788.8,1856.7563819363884,1822.40911830292,1839.582750119654,50.78275011965411
TR-045401,2025-10-15,october,Dry Van,580.0,1232.16,1257.451934763944,1225.944390579475,1241.6981626717097,9.538162671709642
TR-045402,2025-10-15,october,Dry Van,338.5,853.57,852.7843189493511,795.7303448018849,824.2573318756181,29.312668124381958
TR-045403,2025-10-15,october,Dry Van,688.2,1564.33,1510.2442615324314,1524.1079444986917,1517.1761030155617,47.153896984438234
TR-045404,2025-10-15,october,Reefer,537.2,1378.98,1322.1639227497412,1273.3003669458853,1297.7321448478133,81.24785515218673
TR-045405,2025-10-15,october,Flatbed,2289.8,4506.19,4684.10325921627,4654.141106777137,4669.1221829967035,162.9321829967039
TR-045406,2025-10-15,october,Flatbed,663.2,1653.47,1619.6750174792128,1579.9954660667136,1599.8352417729632,53.634758227036855
TR-045407,2025-10-15,october,Dry Van,458.9,1038.39,1013.636916100368,1021.1222614640318,1017.3795887821999,21.010411217800197
TR-045408,2025-10-15,october,Flatbed,2094.4,4400.24,4453.580975275253,4524.602902191266,4489.09193873326,88.85193873325989
TR-045409,2025-10-15,october,Dry Van,883.5,1876.83,1817.3673986412848,1830.3698171492076,1823.8686078952462,52.96139210475371
TR-045410,2025-10-15,october,Reefer,411.2,1089.43,1090.9448640907683,1007.5400158055983,1049.2424399481833,40.18756005181672
TR-045411,2025-10-15,october,Flatbed,536.9,1332.19,1316.0007957764333,1271.1220971401135,1293.5614464582734,38.62855354172666
TR-045412,2025-10-15,october,Dry Van,496.6,1053.6,1062.9112509320944,1072.1009221044867,1067.5060865182904,13.906086518290522
TR-045413,2025-10-15,october,Dry Van,500.9,1152.67,1122.8917166970277,1093.229155833139,1108.0604362650834,44.60956373491672
TR-045414,2025-10-15,october,Reefer,3058.2,6475.22,6157.381841862277,6597.054423051308,6377.218132456792,98.00186754320839
TR-045415,2025-10-15,october,Flatbed,748.9,1605.1,1622.4322413924815,1659.2221629012547,1640.827202146868,35.727202146868194
TR-045416,2025-10-15,october,Dry Van,1572.5,3212.24,3294.401201444194,3247.26524585641,3270.833223650302,58.59322365030221
TR-045417,2025-10-15,october,Dry Van,158.6,436.33,439.6115063850969,398.1419758702434,418.87674112767013,17.453258872329855
TR-045418,2025-10-15,october,Reefer,1248.0,2740.89,2700.961951633453,2722.573232373383,2711.767592003418,29.122407996581842
TR-045419,2025-10-15,october,Reefer,566.1,4350.23,1370.103545265595,1366.9667158068683,1368.5351305362315,2981.694869463768
TR-045420,2025-10-15,october,Dry Van,398.6,944.01,929.0141877423957,857.6648569776905,893.3395223600431,50.67047763995686
TR-045421,2025-10-15,october,Flatbed,1685.1,3563.89,3614.302714900687,3592.3737339513186,3603.338224426003,39.44822442600298
TR-045422,2025-10-15,october,Dry Van,599.1,1255.95,1253.701271296823,1246.5803079429525,1250.1407896198878,5.80921038011229
TR-045423,2025-10-15,october,Reefer,871.3,2041.12,1980.1555397421878,1978.648643872815,1979.4020918075014,61.7179081924985
TR-045424,2025-10-15,october,Reefer,521.2,1346.17,1311.8490925281703,1256.0897241233608,1283.9694083257655,62.2005916742346
TR-045425,2025-10-15,october,Flatbed,1402.1,568.26,2980.957968963431,3005.7905027264123,2993.3742358449217,2425.1142358449215
TR-045426,2025-10-15,october,Flatbed,1320.8,2903.57,2838.324900449157,2932.7260786263096,2885.5254895377334,18.04451046226677
TR-045427,2025-10-15,october,Dry Van,2289.1,4389.3,4547.10219343358,4455.093151831523,4501.097672632552,111.79767263255144
TR-045428,2025-10-15,october,Dry Van,1242.2,2617.61,2613.7025831263163,2558.70816253511,2586.2053728307133,31.40462716928687
TR-045429,2025-10-15,october,Dry Van,631.0,1498.27,1447.972511585163,1426.2420623606126,1437.1072869728878,61.162713027112204
TR-045430,2025-10-15,october,Dry Van,1463.8,2985.02,3014.8719706017023,3064.772503262011,3039.8222369318564,54.80223693185644
TR-045431,2025-10-15,october,Reefer,810.0,1930.62,1879.9005672140877,1864.6012087781166,1872.2508879961022,58.369112003897726
TR-045432,2025-10-15,october,Dry Van,1224.5,2661.22,2612.9196717065233,2596.50104697481,2604.7103593406664,56.5096406593334
TR-045433,2025-10-15,october,Flatbed,926.4,2045.72,1963.520352584197,2014.026404812616,1988.7733786984065,56.946621301593495
TR-045434,2025-10-15,october,Reefer,316.1,842.96,842.6432223540688,782.413834399378,812.5285283767234,30.431471623276593
TR-045435,2025-10-15,october,Dry Van,1038.7,2152.99,2186.102752375251,2165.628443167469,2175.8655977713597,22.875597771359935
TR-045436,2025-10-15,october,Flatbed,755.9,1744.7,1765.031296927451,1747.1862034354642,1756.1087501814577,11.408750181457663
TR-045437,2025-10-15,october,Flatbed,891.0,2181.82,2030.673700412396,2080.910595911568,2055.7921481619824,126.0278518380178
TR-045438,2025-10-15,october,Dry Van,896.8,1907.86,1848.464118896591,1856.34167985416,1852.4028993753755,55.457100624624445
TR-045439,2025-10-15,october,Dry Van,1654.7,3295.14,3386.284910345072,3400.534962078971,3393.4099362120214,98.26993621202155
TR-045440,2025-10-15,october,Reefer,559.3,1364.09,1321.4604720668503,1279.0727779515119,1300.266625009181,63.82337499081882
TR-045441,2025-10-15,october,Reefer,904.7,2087.79,2028.0541732515378,2030.6063314073622,2029.33025232945,58.45974767054986
TR-045442,2025-10-15,october,Reefer,630.7,1556.11,1525.7406857312926,1512.3322717968417,1519.0364787640672,37.07352123593273
TR-045443,2025-10-15,october,Flatbed,798.2,1944.75,1910.730316868367,1914.6363636170586,1912.6833402427128,32.0666597572872
TR-045444,2025-10-15,october,Dry Van,661.9,1512.28,1492.129073902398,1443.8205667743268,1467.9748203383624,44.30517966163757
TR-045445,2025-10-15,october,Dry Van,2079.7,3926.13,3998.453173415436,3956.118008451989,3977.2855909337127,51.155590933712574
TR-045446,2025-10-15,october,Dry Van,194.8,483.85,513.1289535731798,466.36680179845575,489.7478776858178,5.897877685817775
TR-045447,2025-10-15,october,Reefer,467.6,1165.76,1159.4658325075281,1089.4279992092975,1124.446915858413,41.31308414158707
TR-045448,2025-10-15,october,Dry Van,704.4,1438.61,1446.268970490146,1468.5487234206344,1457.4088469553903,18.798846955390445
TR-045449,2025-10-15,october,Reefer,775.0,1692.84,1697.3290264107354,1655.2985635584828,1676.313794984609,16.526205015390815
TR-045450,2025-10-15,october,Dry Van,282.3,754.63,710.3721770189492,696.0918141589154,703.2319955889323,51.398004411067745
TR-045451,2025-10-15,october,Dry Van,431.1,1004.61,1016.5424356047647,946.0146947873977,981.2785651960812,23.331434803918796
TR-045452,2025-10-15,october,Flatbed,912.0,2234.84,2025.6282056049579,2056.5425528816822,2041.08537924332,193.7546207566802
TR-045453,2025-10-15,october,Dry Van,1508.6,2952.3,2997.040571660014,3050.7301639380944,3023.885367799054,71.58536779905398
TR-045454,2025-10-15,october,Dry Van,769.8,1533.52,1555.262172294528,1523.7468620175387,1539.5045171560332,5.984517156033235
TR-045455,2025-10-15,october,Flatbed,2729.6,5166.25,5411.697409900095,5447.882581976348,5429.789995938221,263.5399959382212
TR-045456,2025-10-15,october,Reefer,1424.0,3281.89,3187.340586482536,3224.452450307565,3205.8965183950504,75.99348160494947
TR-045457,2025-10-15,october,Flatbed,527.0,1269.99,1278.244139143292,1266.7190549003847,1272.4815970218383,2.491597021838288
TR-045458,2025-10-15,october,Dry Van,2321.9,4306.25,4396.557866930059,4291.992353756235,4344.275110343147,38.02511034314739
TR-045459,2025-10-15,october,Dry Van,1244.3,2476.61,2435.6282806181935,2441.2837727895044,2438.4560267038487,38.153973296151435
TR-045460,2025-10-15,october,Dry Van,2016.4,3778.62,3816.897958437293,3740.6389423804576,3778.768450408875,0.14845040887530558
TR-045461,2025-10-15,october,Flatbed,1611.3,3385.62,3391.689046413099,3433.7525987314916,3412.720822572295,27.10082257229533
TR-045462,2025-10-15,october,Reefer,738.9,1681.07,1680.884692636588,1679.7700198055331,1680.3273562210607,0.7426437789392821
TR-045463,2025-10-15,october,Dry Van,2235.8,4294.8,4458.767910166106,4277.574123243225,4368.171016704666,73.37101670466564
TR-045464,2025-10-15,october,Reefer,1033.8,2564.43,2446.6608614531347,2455.975495795553,2451.318178624344,113.11182137565584
TR-045465,2025-10-15,october,Dry Van,200.7,501.67,512.2787501734351,463.1464606620309,487.712605417733,13.957394582267
TR-045466,2025-10-15,october,Flatbed,948.3,2247.19,2154.875400986458,2169.414341354631,2162.1448711705443,85.04512882945573
TR-045467,2025-10-15,october,Reefer,2046.4,4562.17,4402.887852029948,4462.262365546692,4432.57510878832,129.59489121168008
TR-045468,2025-10-15,october,Flatbed,1440.1,3238.99,3133.38695911959,3179.927501692519,3156.6572304060546,82.33276959394516
TR-045469,2025-10-15,october,Dry Van,654.2,1493.13,1441.2681096129813,1444.607477184474,1442.9377933987275,50.192206601272574
TR-045470,2025-10-15,october,Dry Van,753.4,1602.83,1622.9755357829815,1605.2347473352515,1614.1051415591164,11.275141559116491
TR-045471,2025-10-15,october,Dry Van,384.9,928.05,894.8335453873136,846.4666495561642,870.650097471739,57.39990252826101
TR-045472,2025-10-15,october,Dry Van,2077.4,3913.99,4005.377155409247,4042.0726898468565,4023.724922628052,109.73492262805212
TR-045473,2025-10-15,october,Dry Van,1544.3,2990.47,3113.1410586272027,2983.8171530033455,3048.479105815274,58.009105815274324
TR-045474,2025-10-15,october,Reefer,996.1,2214.62,2216.5708358729285,2180.5387548554536,2198.554795364191,16.065204635809096
TR-045475,2025-10-15,october,Dry Van,626.6,1323.68,1310.5453740972057,1365.9097276562065,1338.2275508767061,14.547550876706055
TR-045476,2025-10-15,october,Reefer,720.2,1844.13,1819.8567191860386,1720.8632900747716,1770.360004630405,73.76999536959511
TR-045477,2025-10-15,october,Dry Van,412.5,932.44,963.2788811260111,931.3169957539626,947.2979384399869,14.85793843998681
TR-045478,2025-10-15,october,Dry Van,181.2,474.27,476.6761359612976,439.65110803178254,458.1636219965401,16.106378003459895
TR-045479,2025-10-15,october,Dry Van,1063.2,2227.05,2208.757745023798,2196.6094283567872,2202.683586690293,24.36641330970724
TR-045480,2025-10-15,october,Reefer,851.5,2089.72,2006.0953741974288,1981.9917082339346,1994.0435412156817,95.67645878431813
TR-045481,2025-10-15,october,Dry Van,2900.2,5134.16,5381.6695251879355,5151.713104933041,5266.691315060489,132.53131506048885
TR-045482,2025-10-15,october,Flatbed,983.6,2193.66,2155.670470880527,2190.4517965749064,2173.061133727717,20.598866272282976
TR-045483,2025-10-15,october,Dry Van,361.6,794.02,827.2394046027168,806.2382667028346,816.7388356527757,22.718835652775738
TR-045484,2025-10-15,october,Dry Van,153.8,1971.21,412.67091323557565,378.42605644368973,395.5484848396327,1575.6615151603673
TR-045485,2025-10-15,october,Reefer,1670.1,3702.06,3636.597333580256,3636.4702785556997,3636.533806067978,65.52619393202212
TR-045486,2025-10-15,october,Dry Van,422.8,999.32,1008.4494640204822,956.4678296910697,982.4586468557759,16.861353144224154
TR-045487,2025-10-15,october,Dry Van,2051.9,4097.51,4135.682683757216,4014.1024749127346,4074.8925793349754,22.617420665024838
TR-045488,2025-10-15,october,Flatbed,2100.3,4235.68,4338.861886653804,4275.959077905062,4307.4104822794325,71.73048227943218
TR-045489,2025-10-15,october,Dry Van,1353.0,2724.75,2779.156541961625,2796.7533782766827,2787.954960119154,63.20496011915384
TR-045490,2025-10-15,october,Dry Van,1088.1,2087.54,2063.357056295686,2160.662643230837,2112.0098497632616,24.469849763261664
TR-045491,2025-10-15,october,Flatbed,486.5,1258.93,1247.538252714055,1221.9405288439366,1234.7393907789958,24.19060922100425
TR-045492,2025-10-15,october,Dry Van,1186.3,2343.06,2293.965387755198,2422.990252979514,2358.477820367356,15.417820367355944
TR-045493,2025-10-15,october,Dry Van,2320.9,4341.53,4584.857455864583,4486.358878409897,4535.60816713724,194.0781671372406
TR-045494,2025-10-15,october,Flatbed,1554.1,3346.88,3339.5225977733035,3286.159723492077,3312.84116063269,34.038839367310175
TR-045495,2025-10-15,october,Dry Van,504.1,1193.64,1177.2509825417096,1171.7355884416925,1174.493285491701,19.146714508299056
TR-045496,2025-10-16,october,Reefer,1203.0,2724.36,2621.2034018361815,2656.2566925926203,2638.7300472144007,85.62995278559947
TR-045497,2025-10-16,october,Flatbed,1137.4,2533.06,2444.189330426253,2569.0084527057697,2506.5988915660114,26.461108433988556
TR-045498,2025-10-16,october,Flatbed,706.4,1699.44,1717.546606035944,1694.539247831863,1706.0429269339033,6.602926933903291
TR-045499,2025-10-16,october,Reefer,2067.5,4527.85,4287.527759709695,4426.822898204032,4357.175328956863,170.6746710431371
TR-045500,2025-10-16,october,Dry Van,1366.9,2720.36,2760.434776631177,2767.8514848892455,2764.1431307602115,43.78313076021141
TR-045501,2025-10-16,october,Flatbed,1859.0,3737.89,3942.9045680700137,3966.2091828027205,3954.556875436367,216.66687543636726
TR-045502,2025-10-16,october,Dry Van,427.6,1006.55,1006.3813832388915,954.8294128083223,980.605398023607,25.94460197639296
TR-045503,2025-10-16,october,Flatbed,2874.0,5553.58,5693.509879918829,5804.648047774903,5749.078963846866,195.498963846866
TR-045504,2025-10-16,october,Dry Van,457.7,1047.23,1020.6607797793629,1005.1718498290761,1012.9163148042195,34.31368519578052
TR-045505,2025-10-16,october,Dry Van,1773.3,3512.86,3574.488852594542,3522.303091920121,3548.395972257332,35.53597225733165
TR-045506,2025-10-16,october,Dry Van,327.2,834.1,811.3935091720872,765.76738360428,788.5804463881836,45.51955361181638
TR-045507,2025-10-16,october,Dry Van,1452.3,2978.65,3057.0880135767165,2989.472586199838,3023.280299888277,44.63029988827702
TR-045508,2025-10-16,october,Dry Van,2053.3,3902.46,3948.9444786876593,3887.775666829767,3918.360072758713,15.900072758713122
TR-045509,2025-10-16,october,Dry Van,2367.0,4696.7,4712.93173353955,4547.423659707303,4630.1776966234265,66.52230337657329
TR-045510,2025-10-16,october,Dry Van,299.4,757.49,717.2184061954811,698.3320200233825,707.7752131094318,49.714786890568234
TR-045511,2025-10-16,october,Reefer,693.7,1651.0,1643.8046245240935,1569.726395915226,1606.7655102196597,44.234489780340255
TR-045512,2025-10-16,october,Dry Van,774.6,1655.06,1606.6638698242175,1568.9365691600588,1587.8002194921382,67.2597805078617
TR-045513,2025-10-16,october,Reefer,310.2,871.81,863.0889773155168,807.4360484195149,835.2625128675159,36.54748713248409
TR-045514,2025-10-16,october,Dry Van,655.6,1474.93,1467.7287342516775,1433.4166011500556,1450.5726677008665,24.35733229913353
TR-045515,2025-10-16,october,Flatbed,852.4,1932.3,1922.3847941358504,1934.7864427512015,1928.585618443526,3.7143815564738816
TR-045516,2025-10-16,october,Dry Van,333.0,781.07,805.7779807343491,764.7491349189297,785.2635578266394,4.193557826639335
TR-045517,2025-10-16,october,Dry Van,419.5,902.18,918.6111557765072,924.4104150178885,921.5107853971979,19.33078539719793
TR-045518,2025-10-16,october,Dry Van,188.1,522.2,513.066199611957,468.10825222687595,490.5872259194165,31.612774080583563
TR-045519,2025-10-16,october,Dry Van,2716.3,4781.19,4860.65598750656,4798.415188014803,4829.535587760682,48.345587760682065
TR-045520,2025-10-16,october,Flatbed,432.4,1034.64,1049.027385287935,983.8672739220353,1016.4473296049852,18.192670395014943
TR-045521,2025-10-16,october,Flatbed,2146.2,4263.76,4536.289419806253,4495.431878258931,4515.860649032592,252.10064903259172
TR-045522,2025-10-16,october,Flatbed,365.9,904.52,929.1876637952034,881.4196251578187,905.3036444765111,0.7836444765110855
TR-045523,2025-10-16,october,Dry Van,667.8,1512.16,1487.0061947260801,1445.1620622263122,1466.0841284761962,46.075871523803926
TR-045524,2025-10-16,october,Flatbed,1917.5,4033.83,4067.700546577538,4120.6985458421295,4094.199546209834,60.36954620983397
TR-045525,2025-10-16,october,Dry Van,1073.5,2238.22,2260.5867731311787,2281.166956174243,2270.8768646527105,32.65686465271074
TR-045526,2025-10-16,october,Dry Van,1542.0,3178.27,3218.2275313969753,3178.1031322642557,3198.1653318306153,19.895331830615305
TR-045527,2025-10-16,october,Dry Van,798.3,1768.37,1744.0216418980635,1759.6349763897579,1751.8283091439107,16.54169085608919
TR-045528,2025-10-16,october,Reefer,2879.8,5890.2,5795.921057474958,5944.896957946242,5870.409007710599,19.790992289400492
TR-045529,2025-10-16,october,Flatbed,914.1,2132.59,2080.822376902925,2094.464761476917,2087.643569189921,44.946430810079164
TR-045530,2025-10-16,october,Dry Van,1004.3,1979.76,1954.2120906052803,2005.317503558419,1979.7647970818498,0.004797081849801543
TR-045531,2025-10-16,october,Flatbed,524.5,1198.94,1214.7806748315718,1202.10646110798,1208.4435679697758,9.503567969775759
TR-045532,2025-10-16,october,Reefer,1301.7,3017.53,2955.649783153696,2968.499078897047,2962.0744310253713,55.45556897462893
TR-045533,2025-10-16,october,Reefer,724.7,1736.07,1708.9152396517263,1647.3906882712522,1678.1529639614891,57.91703603851079
TR-045534,2025-10-16,october,Dry Van,783.8,1646.4,1652.905342812131,1658.3387103877803,1655.6220265999557,9.222026599955598
TR-045535,2025-10-16,october,Dry Van,126.7,362.78,360.9931083919155,321.16243336983507,341.0777708808753,21.702229119124695
TR-045536,2025-10-16,october,Dry Van,440.5,1030.67,1004.9376725726678,991.1775809688406,998.0576267707543,32.612373229245804
TR-045537,2025-10-16,october,Reefer,774.0,1786.04,1767.546005280682,1706.1427998319953,1736.8444025563385,49.19559744366143
TR-045538,2025-10-16,october,Reefer,710.3,1759.89,1770.928482176196,1674.706792218422,1722.817637197309,37.07236280269103
TR-045539,2025-10-16,october,Reefer,600.9,1623.7,1567.6108669030255,1496.5094882254512,1532.0601775642383,91.63982243576174
TR-045540,2025-10-16,october,Flatbed,652.0,1515.83,1481.2021181737753,1453.123414831855,1467.162766502815,48.66723349718495
TR-045541,2025-10-16,october,Dry Van,1483.7,3051.79,2983.842429560398,2983.3605329873335,2983.601481273866,68.18851872613413
TR-045542,2025-10-16,october,Dry Van,71.7,200.56,219.20849902629786,227.44837882223487,223.32843892426638,22.768438924266377
TR-045543,2025-10-16,october,Dry Van,1131.1,2253.61,2224.175456994359,2361.0179090510123,2292.5966830226857,38.98668302268561
TR-045544,2025-10-16,october,Dry Van,347.0,869.02,874.701828680582,810.6751401861095,842.6884844333458,26.33151556665416
TR-045545,2025-10-16,october,Reefer,845.1,2114.08,2036.324390453376,1989.2295359246766,2012.7769631890264,101.30303681097348
TR-045546,2025-10-16,october,Dry Van,224.3,588.86,589.8645718656782,549.6645558041362,569.7645638349072,19.095436165092792
TR-045547,2025-10-16,october,Dry Van,783.1,1695.48,1669.4732510068518,1667.8838050233712,1668.6785280151116,26.801471984888394
TR-045548,2025-10-16,october,Dry Van,730.5,1501.55,1469.9044858954028,1515.115630115395,1492.510058005399,9.039941994600895
TR-045549,2025-10-16,october,Flatbed,1332.8,2850.38,2904.742607417754,2903.999895677655,2904.3712515477046,53.99125154770445
TR-045550,2025-10-16,october,Dry Van,1846.1,3389.94,3583.60742911172,3470.727724495746,3527.167576803733,137.22757680373297
TR-045551,2025-10-16,october,Dry Van,442.1,1049.3,1028.8114067620102,1017.2170183730417,1023.0142125675259,26.28578743247408
TR-045552,2025-10-16,october,Flatbed,376.6,937.25,944.819463993729,895.5702390764143,920.1948515350716,17.05514846492838
TR-045553,2025-10-16,october,Reefer,2024.6,4304.74,4258.46996503827,4282.683871948664,4270.576918493467,34.16308150653276
TR-045554,2025-10-16,october,Flatbed,2289.8,4584.79,4836.64823464261,4759.2093151787485,4797.928774910679,213.13877491067888
TR-045555,2025-10-16,october,Dry Van,2294.2,1687.37,4308.518834624854,4211.193800156001,4259.856317390428,2572.4863173904278
TR-045556,2025-10-16,october,Reefer,301.7,867.44,852.5520126568539,794.747902483685,823.6499575702694,43.79004242973065
TR-045557,2025-10-16,october,Flatbed,1317.0,2794.83,2855.0036677663315,2930.207499606321,2892.605583686326,97.77558368632617
TR-045558,2025-10-16,october,Reefer,255.1,718.12,705.2827494785357,630.9110460161037,668.0968977473196,50.02310225268036
TR-045559,2025-10-16,october,Reefer,733.2,1702.69,1655.5596497567683,1658.619272161179,1657.0894609589736,45.60053904102642
TR-045560,2025-10-16,october,Dry Van,544.7,1235.7,1222.2465793082038,1198.711118562756,1210.4788489354798,25.2211510645202
TR-045561,2025-10-16,october,Dry Van,534.0,1069.53,1113.6019414638342,1113.185591071083,1113.3937662674587,43.863766267458686
TR-045562,2025-10-16,october,Reefer,1411.7,3294.55,3158.7062545401022,3131.449770206919,3145.0780123735103,149.47198762648986
TR-045563,2025-10-16,october,Dry Van,632.3,1301.45,1311.3997545379,1325.8205036100853,1318.6101290739925,17.160129073992493
TR-045564,2025-10-16,october,Dry Van,1329.8,2804.49,2680.524931906286,2672.0159846229417,2676.270458264614,128.21954173538597
TR-045565,2025-10-16,october,Dry Van,300.2,775.09,760.1530110587977,719.2447272548036,739.6988691568006,35.39113084319945
TR-045566,2025-10-16,october,Flatbed,877.7,2038.75,1977.200534002776,1971.0825826003074,1974.1415583015419,64.60844169845814
TR-045567,2025-10-16,october,Flatbed,926.8,2112.34,2089.9337595240127,2106.845074102437,2098.3894168132247,13.950583186775475
TR-045568,2025-10-16,october,Dry Van,341.6,844.26,835.0911544197426,808.0281141611167,821.5596342904296,22.700365709570406
TR-045569,2025-10-16,october,Dry Van,2331.5,4419.63,4559.706937783785,4531.023564811305,4545.365251297545,125.73525129754489
TR-045570,2025-10-16,october,Dry Van,323.2,824.68,814.3690240338442,777.6482525368306,796.0086382853374,28.671361714662567
TR-045571,2025-10-16,october,Dry Van,322.8,744.62,761.5270935570223,714.8781208314006,738.2026071942114,6.417392805788609
TR-045572,2025-10-16,october,Dry Van,1963.6,4012.16,3940.9429107977876,3910.7519690084564,3925.847439903122,86.31256009687786
TR-045573,2025-10-16,october,Dry Van,124.5,346.4,357.070685102615,323.9706351990226,340.5206601508188,5.879339849181179
TR-045574,2025-10-16,october,Dry Van,888.7,1766.71,1820.1487464501238,1820.73192711824,1820.440336784182,53.73033678418187
TR-045575,2025-10-16,october,Dry Van,2308.6,4234.65,4346.64407564653,4272.609145136126,4309.626610391328,74.976610391328
TR-045576,2025-10-16,october,Dry Van,3162.5,5590.92,5733.725748983474,5640.255409363923,5686.990579173698,96.0705791736982
TR-045577,2025-10-16,october,Dry Van,1303.5,2634.88,2638.9887313410245,2658.4973037179752,2648.7430175295,13.863017529499757
TR-045578,2025-10-16,october,Dry Van,1120.9,2230.38,2176.225735305742,2286.8262475425922,2231.525991424167,1.145991424166823
TR-045579,2025-10-16,october,Dry Van,1088.7,2199.79,2233.582917826436,2235.7125944656227,2234.6477561460297,34.857756146029715
TR-045580,2025-10-16,october,Dry Van,1149.1,2405.29,2409.4596108042206,2416.86706910855,2413.1633399563852,7.87333995638528
TR-045581,2025-10-16,october,Flatbed,652.5,1577.84,1570.8174161690422,1538.5346565088544,1554.6760363389483,23.16396366105164
TR-045582,2025-10-16,october,Dry Van,850.4,1712.65,1758.4634562119609,1760.0534201556752,1759.258438183818,46.60843818381795
TR-045583,2025-10-16,october,Reefer,2203.7,4672.68,4719.221682838801,4715.497714801561,4717.359698820181,44.67969882018042
TR-045584,2025-10-16,october,Dry Van,1629.3,3402.06,3351.0964038039483,3372.0387771681367,3361.5675904860427,40.49240951395723
TR-045585,2025-10-16,october,Flatbed,422.2,982.74,983.9430107834133,977.9627706383749,980.952890710894,1.7871092891059561
TR-045586,2025-10-16,october,Dry Van,1983.2,3907.67,3936.869236530857,3911.5370225260413,3924.203129528449,16.53312952844908
TR-045587,2025-10-16,october,Dry Van,1833.0,3578.71,3602.9880661860993,3608.599457143868,3605.793761664984,27.08376166498374
TR-045588,2025-10-16,october,Dry Van,211.0,526.8,548.0157411185319,499.8901412143314,523.9529411664316,2.847058833568326
TR-045589,2025-10-16,october,Dry Van,1090.9,2240.17,2252.97583425083,2258.874341157943,2255.9250877043864,15.75508770438637
TR-045590,2025-10-16,october,Reefer,323.5,894.4,882.5591875671131,823.3804410038392,852.9698142854761,41.43018571452387
TR-045591,2025-10-16,october,Reefer,568.3,1466.32,1400.2128089100663,1365.8665102462319,1383.039659578149,83.28034042185095
TR-045592,2025-10-16,october,Reefer,1270.1,2998.13,2795.506322119945,2938.2925204688026,2866.8994212943735,131.2305787056266
TR-045593,2025-10-16,october,Dry Van,1684.1,3282.86,3426.5624240217085,3358.9533276468546,3392.7578758342815,109.89787583428142
TR-045594,2025-10-16,october,Reefer,665.2,1565.23,1560.4833731738213,1539.1839969029952,1549.8336850384082,15.39631496159177
TR-045595,2025-10-16,october,Reefer,465.9,1293.67,1249.190338014398,1182.3873495803555,1215.7888437973768,77.88115620262329
TR-045596,2025-10-16,october,Dry Van,1097.6,2280.97,2289.2397060962644,2357.787492493495,2323.51359929488,42.543599294880096
TR-045597,2025-10-16,october,Reefer,1789.2,4050.73,3942.6769933167398,4010.608902655918,3976.642947986329,74.08705201367093
TR-045598,2025-10-16,october,Dry Van,900.8,1943.56,1849.3459337277402,1873.0201278957868,1861.1830308117635,82.37696918823644
TR-045599,2025-10-16,october,Reefer,1108.4,2508.13,2516.439291122022,2549.2322137731276,2532.835752447575,24.705752447574923
TR-045600,2025-10-16,october,Flatbed,1179.6,2645.34,2634.428025993479,2638.4829728403975,2636.4554994169384,8.884500583061708
TR-045601,2025-10-16,october,Dry Van,600.1,1373.58,1348.444753432717,1344.0620096462712,1346.253381539494,27.32661846050587
TR-045602,2025-10-16,october,Dry Van,2107.1,4123.96,4219.441873589415,4209.849067343568,4214.645470466492,90.685470466492
TR-045603,2025-10-16,october,Dry Van,1460.0,2908.31,3030.1335624059925,3038.2158932412317,3034.174727823612,125.86472782361216
TR-045604,2025-10-16,october,Dry Van,3081.7,5943.04,5801.4871664116845,5909.54118435044,5855.514175381062,87.5258246189378
TR-045605,2025-10-16,october,Dry Van,657.1,1439.58,1391.2677343415887,1356.3536384544298,1373.8106863980092,65.76931360199069
TR-045606,2025-10-16,october,Dry Van,1719.1,3399.37,3479.7492816605977,3435.435818317763,3457.59254998918,58.22254998918015
TR-045607,2025-10-16,october,Dry Van,1797.3,3365.36,3462.5724031278746,3360.424859067236,3411.4986310975555,46.13863109755539
TR-045608,2025-10-16,october,Dry Van,932.3,1831.06,1909.9314160331573,1887.5450262383406,1898.738221135749,67.67822113574903
TR-045609,2025-10-16,october,Dry Van,1383.8,2872.8,2834.233921491837,2814.9895072720083,2824.611714381923,48.188285618077316
TR-045610,2025-10-16,october,Flatbed,682.3,1702.65,1711.7791265829705,1626.9877564465096,1669.38344151474,33.26655848526002
TR-045611,2025-10-16,october,Reefer,3174.1,6537.96,6328.7835245796805,6763.96405889346,6546.373791736571,8.413791736570602
TR-045612,2025-10-16,october,Dry Van,1145.4,2422.06,2354.078248150746,2411.5140692802975,2382.7961587155214,39.26384128447853
TR-045613,2025-10-16,october,Dry Van,2481.7,4957.77,4995.59160083885,4918.153093216985,4956.872347027918,0.8976529720821418
TR-045614,2025-10-16,october,Dry Van,180.9,493.78,487.6308333064706,461.6027631064371,474.61679820645384,19.163201793546136
TR-045615,2025-10-16,october,Dry Van,207.7,593.16,558.8022407564764,547.7597850957841,553.2810129261302,39.87898707386978
TR-045616,2025-10-16,october,Dry Van,1476.4,3170.07,3046.4231027382507,3124.4021510750604,3085.4126269066555,84.65737309334463
TR-045617,2025-10-16,october,Reefer,2959.4,5957.95,5921.561623399685,6124.946613477954,6023.254118438819,65.30411843881939
TR-045618,2025-10-16,october,Dry Van,926.6,1935.21,1905.821544598355,1902.5448077372207,1904.183176167788,31.02682383221213
TR-045619,2025-10-16,october,Reefer,891.2,2060.21,2069.810079968665,2041.0604008676994,2055.4352404181823,4.7747595818177615
TR-045620,2025-10-16,october,Dry Van,684.4,1420.06,1394.1901273573083,1420.3157597266982,1407.2529435420033,12.807056457996623
TR-045621,2025-10-16,october,Flatbed,186.1,490.27,539.6963585148048,484.9357329847958,512.3160457498003,22.046045749800328
TR-045622,2025-10-16,october,Dry Van,2119.9,4207.76,4240.103975824256,4137.165068545919,4188.634522185088,19.1254778149123
TR-045623,2025-10-16,october,Dry Van,385.3,866.23,887.1230911262169,833.963074153158,860.5430826396874,5.686917360312577
TR-045624,2025-10-16,october,Dry Van,1208.4,2427.7,2425.809530655334,2469.4123823576247,2447.6109565064794,19.91095650647958
TR-045625,2025-10-16,october,Flatbed,682.8,1659.56,1659.8872570622934,1598.4081386224198,1629.1476978423566,30.412302157643353
TR-045626,2025-10-16,october,Reefer,1560.9,3476.97,3376.1759355399,3291.6341122413487,3333.9050238906243,143.0649761093755
TR-045627,2025-10-16,october,Dry Van,1456.2,2795.92,2891.2391479388994,2853.764651821749,2872.5018998803243,76.58189988032427
TR-045628,2025-10-16,october,Reefer,167.8,575.03,558.0797961544727,492.8085691983647,525.4441826764187,49.585817323581296
TR-045629,2025-10-16,october,Reefer,1014.7,2501.49,2341.726134829456,2343.1192545225,2342.422694675978,159.06730532402162
TR-045630,2025-10-16,october,Dry Van,1175.3,2283.52,2267.904499440116,2336.7059513491304,2302.3052253946234,18.785225394623467
TR-045631,2025-10-16,october,Flatbed,745.3,1698.24,1700.7800129543843,1680.177955428649,1690.4789841915167,7.761015808483307
TR-045632,2025-10-16,october,Reefer,838.6,2002.19,1951.9716584322348,1949.6316021883922,1950.8016303103136,51.38836968968644
TR-045633,2025-10-16,october,Flatbed,352.3,872.98,891.0015807606461,817.1973655707518,854.099473165699,18.88052683430101
TR-045634,2025-10-16,october,Dry Van,2128.5,4021.52,4122.345804047515,4101.696152461582,4112.020978254548,90.50097825454804
TR-045635,2025-10-16,october,Dry Van,925.7,1937.24,1965.7200256244928,1946.647729334633,1956.1838774795629,18.943877479562843
TR-045636,2025-10-16,october,Dry Van,2882.9,5322.9,5359.796681292698,5301.928177983731,5330.862429638215,7.962429638215326
TR-045637,2025-10-17,october,Dry Van,1491.1,2934.77,3060.125037947994,2971.0758713067526,3015.6004546273734,80.83045462737346
TR-045638,2025-10-17,october,Reefer,434.2,1157.63,1132.6301103245314,1075.7769416169901,1104.203525970761,53.426474029239216
TR-045639,2025-10-17,october,Reefer,816.1,1745.48,1772.74603195181,1785.663659713796,1779.2048458328031,33.72484583280311
TR-045640,2025-10-17,october,Dry Van,438.7,1076.4,1027.3085295189426,1002.4119260504654,1014.860227784704,61.539772215296125
TR-045641,2025-10-17,october,Reefer,1433.0,3352.03,3160.830354229399,3137.4020666586184,3149.1162104440086,202.91378955599157
TR-045642,2025-10-17,october,Dry Van,274.4,648.83,658.2339097585934,602.7390268716724,630.4864683151329,18.343531684867116
TR-045643,2025-10-17,october,Reefer,572.9,1447.57,1405.3231525596127,1375.444176107175,1390.3836643333939,57.186335666606055
TR-045644,2025-10-17,october,Dry Van,201.4,541.72,517.0206376629484,497.7015463265832,507.3610919947658,34.35890800523424
TR-045645,2025-10-17,october,Reefer,2644.9,5577.71,5479.9890986689325,5592.211239623258,5536.100169146095,41.609830853904896
TR-045646,2025-10-17,october,Dry Van,1535.9,2834.23,3083.087556317463,2887.709539189669,2985.398547753566,151.16854775356614
TR-045647,2025-10-17,october,Dry Van,1204.6,2376.9,2400.355024265587,2449.1727746895886,2424.763899477588,47.86389947758789
TR-045648,2025-10-17,october,Dry Van,1278.7,2509.96,2495.637618669919,2523.0611683028324,2509.3493934863754,0.6106065136245888
TR-045649,2025-10-17,october,Reefer,479.5,1269.3,1238.407242660692,1176.8730144139433,1207.6401285373177,61.659871462682304
TR-045650,2025-10-17,october,Dry Van,1130.8,2140.85,2117.6572277056966,2176.0829673148137,2146.870097510255,6.020097510255255
TR-045651,2025-10-17,october,Dry Van,984.2,2165.47,2078.289251958201,2066.3372301727036,2072.3132410654525,93.15675893454727
TR-045652,2025-10-17,october,Dry Van,1440.0,2842.26,2830.825269871073,2818.1644322061966,2824.494851038635,17.765148961365412
TR-045653,2025-10-17,october,Reefer,1802.3,4069.8,3918.811155009292,3932.8262722402064,3925.8187136247493,143.98128637525087
TR-045654,2025-10-17,october,Dry Van,1212.0,2598.14,2539.512854713866,2528.202478478235,2533.857666596051,64.282333403949
TR-045655,2025-10-17,october,Flatbed,946.9,2221.49,2124.3792493978076,2162.454576786583,2143.4169130921955,78.07308690780428
TR-045656,2025-10-17,october,Dry Van,467.7,963.31,991.4330997776002,985.6222896418253,988.5276947097127,25.21769470971276
TR-045657,2025-10-17,october,Reefer,1210.5,2654.3,2610.38169066076,2586.0001800533073,2598.1909353570336,56.10906464296659
TR-045658,2025-10-17,october,Reefer,306.7,879.55,864.5755067611956,822.6263019102248,843.6009043357102,35.94909566428976
TR-045659,2025-10-17,october,Flatbed,124.9,386.46,388.62521179787853,375.3699442187926,381.9975780083356,4.462421991664371
TR-045660,2025-10-17,october,Dry Van,130.8,364.34,374.96608172243026,354.3297882678305,364.6479349951304,0.307934995130438
TR-045661,2025-10-17,october,Dry Van,539.2,1237.58,1218.916190807779,1222.8590109566765,1220.8876008822276,16.69239911777231
TR-045662,2025-10-17,october,Dry Van,1309.8,2734.03,2732.5137426737024,2736.3004235803096,2734.407083127006,0.3770831270057897
TR-045663,2025-10-17,october,Dry Van,772.0,1625.19,1589.5690950344344,1582.1754835894067,1585.8722893119207,39.31771068807939
TR-045664,2025-10-17,october,Flatbed,2242.2,4336.71,4554.621509634107,4596.7225291243685,4575.672019379237,238.96201937923706
TR-045665,2025-10-17,october,Flatbed,2764.2,5312.61,5405.520731508093,5518.71613764788,5462.118434577987,149.50843457798692
TR-045666,2025-10-17,october,Dry Van,74.7,202.77,217.58836862063507,225.02106815836646,221.30471838950075,18.53471838950074
TR-045667,2025-10-17,october,Dry Van,454.1,999.21,990.6655124462783,998.0716725893999,994.368592517839,4.841407482161003
TR-045668,2025-10-17,october,Dry Van,2898.8,5050.06,5377.894415946008,5165.133330677663,5271.513873311836,221.4538733118352
TR-045669,2025-10-17,october,Dry Van,1446.0,2865.83,2877.478672601079,2837.69857168837,2857.5886221447245,8.24137785527546
TR-045670,2025-10-17,october,Reefer,2794.8,5504.19,5632.292712252144,5658.089144752945,5645.190928502545,141.00092850254532
TR-045671,2025-10-17,october,Reefer,295.0,865.48,849.3850591192846,800.7797075411095,825.082383330197,40.39761666980303
TR-045672,2025-10-17,october,Reefer,879.6,2109.8,2020.3262146803665,2025.2809094586833,2022.803562069525,86.99643793047517
TR-045673,2025-10-17,october,Dry Van,1261.6,2696.52,2557.046387670167,2556.8354414646437,2556.9409145674053,139.57908543259464
TR-045674,2025-10-17,october,Dry Van,2280.8,4273.32,4431.57946778377,4367.969737256996,4399.774602520383,126.45460252038356
TR-045675,2025-10-17,october,Flatbed,1203.6,2457.47,2590.370861356925,2687.7461002560567,2639.058480806491,181.58848080649113
TR-045676,2025-10-17,october,Dry Van,1456.3,3051.07,2994.7915614887734,2978.8304616967334,2986.8110115927534,64.25898840724676
TR-045677,2025-10-17,october,Flatbed,2059.4,3982.98,4110.794912462066,4353.778746239856,4232.286829350962,249.30682935096183
TR-045678,2025-10-17,october,Dry Van,676.8,1498.32,1442.9884297928882,1449.604205260338,1446.2963175266132,52.02368247338677
TR-045679,2025-10-17,october,Dry Van,207.7,547.06,529.1972681920325,508.50785471538757,518.85256145371,28.20743854628995
TR-045680,2025-10-17,october,Reefer,926.6,2254.76,2160.508476532289,2132.8262811606014,2146.667378846445,108.09262115355523
TR-045681,2025-10-17,october,Dry Van,1033.2,2056.91,2041.9542240201113,2052.669907402929,2047.31206571152,9.597934288479792
TR-045682,2025-10-17,october,Dry Van,2223.7,4336.63,4484.321810510935,4370.812244819864,4427.5670276654,90.93702766539991
TR-045683,2025-10-17,october,Reefer,2040.2,4383.55,4334.224101276072,4450.2756013542385,4392.249851315155,8.699851315154774
TR-045684,2025-10-17,october,Dry Van,1808.5,3472.23,3606.1178907138396,3567.655537544797,3586.8867141293185,114.65671412931852
TR-045685,2025-10-17,october,Dry Van,325.9,809.61,793.886819113941,800.2445792263029,797.0656991701219,12.544300829878125
TR-045686,2025-10-17,october,Dry Van,342.7,827.55,824.0275020802745,794.6387514326195,809.333126756447,18.216873243552982
TR-045687,2025-10-17,october,Dry Van,2311.9,4128.64,4319.144127538144,4240.2596912773,4279.701909407722,151.06190940772194
TR-045688,2025-10-17,october,Dry Van,176.7,464.57,478.5300313112659,418.2011560355495,448.3655936734077,16.204406326592277
TR-045689,2025-10-17,october,Reefer,612.5,1598.45,1509.2997563352144,1511.287942409348,1510.2938493722813,88.15615062771872
TR-045690,2025-10-17,october,Reefer,985.6,2284.08,2201.2935438801806,2223.0888507890836,2212.1911973346323,71.88880266536762
TR-045691,2025-10-17,october,Dry Van,1601.8,3177.81,3278.9756903086577,3143.1685087080546,3211.072099508356,33.26209950835619
TR-045692,2025-10-17,october,Dry Van,2399.1,4681.46,4719.571018975055,4659.20515411578,4689.3880865454175,7.9280865454175
TR-045693,2025-10-17,october,Reefer,405.9,1113.75,1096.1585469907516,1003.3038964502057,1049.7312217204785,64.01877827952148
TR-045694,2025-10-17,october,Dry Van,341.1,822.84,809.3804646854321,784.4072837600172,796.8938742227247,25.94612577727537
TR-045695,2025-10-17,october,Dry Van,882.1,1929.6,1852.923882841104,1889.7717758286676,1871.3478293348858,58.252170665114136
TR-045696,2025-10-17,october,Reefer,1033.1,2504.83,2397.41610928914,2393.4991917346147,2395.4576505118775,109.37234948812238
TR-045697,2025-10-17,october,Reefer,377.4,1012.02,1005.4253825752237,958.3512286671958,981.8883056212097,30.131694378790257
TR-045698,2025-10-17,october,Flatbed,520.1,1308.89,1282.1542170170314,1265.0045479216842,1273.5793824693578,35.310617530642276
TR-045699,2025-10-17,october,Dry Van,677.9,1386.72,1402.7445495204079,1404.9138844115757,1403.8292169659917,17.109216965991664
TR-045700,2025-10-17,october,Dry Van,2250.7,4231.34,4356.133997013305,4293.869497612777,4325.001747313041,93.6617473130409
TR-045701,2025-10-17,october,Reefer,3308.4,6710.48,6510.294347884103,6690.3798736282515,6600.337110756178,110.14288924382163
TR-045702,2025-10-17,october,Flatbed,748.7,1752.03,1713.24456321852,1682.029318099965,1697.6369406592426,54.39305934075742
TR-045703,2025-10-17,october,Dry Van,1730.2,3486.21,3541.8249078447384,3475.5496132002827,3508.6872605225108,22.477260522510733
TR-045704,2025-10-17,october,Flatbed,1072.2,2490.63,2360.221154933118,2399.2002554175897,2379.7107051753537,110.91929482464639
TR-045705,2025-10-17,october,Dry Van,267.6,680.72,671.2549286307049,630.7558589853281,651.0053938080165,29.714606191983535
TR-045706,2025-10-17,october,Reefer,1737.2,3870.41,3765.4456433364076,3748.8089713722866,3757.127307354347,113.28269264565279
TR-045707,2025-10-17,october,Dry Van,623.8,1335.72,1312.301835951573,1335.186877655287,1323.74435680343,11.97564319656999
TR-045708,2025-10-17,october,Dry Van,2243.8,4001.14,4239.650072547546,4128.573438151785,4184.111755349666,182.97175534966618
TR-045709,2025-10-17,october,Dry Van,1029.4,1977.36,2002.2162109133526,2043.1387760413427,2022.6774934773475,45.317493477347625
TR-045710,2025-10-17,october,Dry Van,1897.6,3725.37,3807.3198902926833,3736.419491848138,3771.8696910704107,46.49969107041079
TR-045711,2025-10-17,october,Dry Van,384.9,903.02,911.7362598383656,841.8046909269067,876.7704753826362,26.249524617363818
TR-045712,2025-10-17,october,Dry Van,1455.7,2771.19,2915.4696763876404,2771.1013919071397,2843.28553414739,72.09553414739003
TR-045713,2025-10-17,october,Dry Van,1874.9,3449.99,3564.028974733751,3687.5672096615435,3625.7980921976473,175.8080921976475
TR-045714,2025-10-17,october,Dry Van,226.7,630.36,624.1760101623412,584.3773834374579,604.2766967998996,26.08330320010043
TR-045715,2025-10-17,october,Flatbed,193.4,553.35,565.0018181614228,555.6094842689085,560.3056512151657,6.955651215165631
TR-045716,2025-10-17,october,Dry Van,560.6,1231.89,1206.4222770034278,1237.6457412951222,1222.0340091492749,9.85599085072522
TR-045717,2025-10-17,october,Flatbed,1072.1,2460.65,2369.370132494466,2418.0629060981046,2393.7165192962852,66.93348070371485
TR-045718,2025-10-17,october,Dry Van,2342.8,4374.08,4579.399916267201,4505.0091753308125,4542.204545799006,168.12454579900623
TR-045719,2025-10-17,october,Reefer,601.4,1464.75,1411.945521065616,1407.884189604512,1409.914855335064,54.835144664936024
TR-045720,2025-10-17,october,Dry Van,540.7,1088.41,1104.889054075945,1080.8268613723044,1092.8579577241248,4.4479577241247625
TR-045721,2025-10-17,october,Dry Van,1994.0,3828.5,3865.2646303632296,3853.867446813153,3859.566038588191,31.066038588191077
TR-045722,2025-10-17,october,Flatbed,2089.6,4531.93,4416.179163662685,4448.8974658391035,4432.538314750895,99.39168524910565
TR-045723,2025-10-17,october,Dry Van,1805.1,3694.07,3637.8806673797776,3673.3874999265063,3655.6340836531417,38.43591634685845
TR-045724,2025-10-17,october,Dry Van,443.5,1079.1,1026.8118561874353,1007.048371715995,1016.9301139517152,62.16988604828475
TR-045725,2025-10-17,october,Reefer,904.4,2126.09,2005.1928413258804,1984.2445588188957,1994.718700072388,131.3712999276122
TR-045726,2025-10-17,october,Dry Van,585.2,1340.2,1294.2878031276089,1293.9372938216288,1294.112548474619,46.087451525381084
TR-045727,2025-10-17,october,Dry Van,1678.4,3342.36,3451.279786934183,3350.476300963756,3400.878043948969,58.51804394896908
TR-045728,2025-10-17,october,Flatbed,306.3,807.25,808.6935238239669,770.4384079820986,789.5659659030327,17.684034096967252
TR-045729,2025-10-17,october,Dry Van,782.4,1711.02,1632.4316278796198,1648.3620431694962,1640.396835524558,70.62316447544208
TR-045730,2025-10-17,october,Dry Van,2176.4,4029.11,4240.624114870605,4270.95063772038,4255.787376295492,226.6773762954922
TR-045731,2025-10-17,october,Dry Van,845.8,1821.47,1718.1015678926847,1748.0174567782256,1733.059512335455,88.41048766454492
TR-045732,2025-10-17,october,Dry Van,1236.1,2502.01,2441.7145375250293,2489.3026928138565,2465.508615169443,36.50138483055707
TR-045733,2025-10-17,october,Reefer,3093.5,6390.2,6309.4159592758315,6579.442390952053,6444.429175113943,54.2291751139428
TR-045734,2025-10-17,october,Reefer,1061.9,2466.55,2404.943828273164,2416.7635676350264,2410.853697954095,55.69630204590521
TR-045735,2025-10-17,october,Dry Van,2670.8,4829.39,4987.628210022612,4895.352770333123,4941.490490177867,112.10049017786696
TR-045736,2025-10-17,october,Reefer,2451.0,5275.11,5104.102236028291,5229.450418404925,5166.7763272166085,108.3336727833912
TR-045737,2025-10-17,october,Reefer,113.8,362.78,348.68416706230704,350.2201146173966,349.45214083985184,13.327859160148137
TR-045738,2025-10-17,october,Reefer,2427.9,5336.8,5132.263364597598,5138.642622645274,5135.452993621437,201.3470063785635
TR-045739,2025-10-17,october,Reefer,468.7,1324.44,1265.901476852425,1213.3042642662017,1239.6028705593135,84.83712944068657
TR-045740,2025-10-17,october,Dry Van,1048.6,2204.45,2148.9234259879995,2187.599460894514,2168.2614434412567,36.18855655874313
TR-045741,2025-10-17,october,Dry Van,977.1,2015.32,2007.2665096873704,1995.5085290132786,2001.3875193503245,13.932480649675426
TR-045742,2025-10-17,october,Flatbed,393.5,1034.75,1039.3200876678147,991.1612503603262,1015.2406690140705,19.509330985929523
TR-045743,2025-10-17,october,Dry Van,2014.8,3770.27,3948.924620388577,3911.413846496699,3930.169233442638,159.89923344263798
TR-045744,2025-10-17,october,Dry Van,2017.1,3934.36,4058.0536393685184,4058.5535016457015,4058.3035705071097,123.9435705071096
TR-045745,2025-10-17,october,Dry Van,420.3,947.22,927.4857424401904,907.0586028131911,917.2721726266907,29.947827373309337
TR-045746,2025-10-17,october,Flatbed,392.0,972.26,979.8381126146127,937.7264832418987,958.7822979282557,13.477702071744261
TR-045747,2025-10-17,october,Dry Van,543.9,1170.45,1162.351382361401,1147.8959370109008,1155.1236596861509,15.326340313849187
TR-045748,2025-10-17,october,Dry Van,833.6,1779.6,1754.0616283384072,1757.136377185742,1755.5990027620746,24.000997237925276
TR-045749,2025-10-17,october,Dry Van,1962.3,3910.77,4021.3710935307963,3954.084087394871,3987.7275904628336,76.95759046283365
TR-045750,2025-10-17,october,Dry Van,1467.7,2935.66,2980.1870277397156,2997.452329051808,2988.819678395762,53.15967839576206
TR-045751,2025-10-17,october,Dry Van,268.9,698.47,678.5188932302951,647.6513092140283,663.0851012221617,35.384898777838316
TR-045752,2025-10-17,october,Dry Van,513.9,1033.08,1078.3055962928602,1102.985692483452,1090.6456443881561,57.565644388156215
TR-045753,2025-10-17,october,Dry Van,556.0,1237.01,1185.8996340459435,1228.2171046093447,1207.058369327644,29.951630672356032
TR-045754,2025-10-17,october,Dry Van,511.5,1137.75,1107.1278559462564,1118.212467762992,1112.6701618546242,25.07983814537579
TR-045755,2025-10-17,october,Reefer,2027.8,4525.16,4340.185104059496,4354.693499921908,4347.439301990702,177.72069800929785
TR-045756,2025-10-17,october,Dry Van,70.0,227.6,271.7484047523091,276.39164641947514,274.07002558589215,46.47002558589216
TR-045757,2025-10-17,october,Flatbed,403.8,996.46,993.6303342534216,934.783389439385,964.2068618464033,32.25313815359675
TR-045758,2025-10-17,october,Flatbed,647.7,1476.89,1491.252532493794,1455.5776722997844,1473.4151023967893,3.4748976032108203
TR-045759,2025-10-17,october,Reefer,817.7,1844.12,1786.5433126155779,1777.48013836301,1782.011725489294,62.108274510705996
TR-045760,2025-10-17,october,Dry Van,1252.4,2537.26,2525.1005920034922,2543.2517282125577,2534.176160108025,3.0838398919750034
TR-045761,2025-10-17,october,Dry Van,584.5,1209.72,1220.5858410210908,1199.8845734149372,1210.235207218014,0.515207218013984
TR-045762,2025-10-17,october,Dry Van,932.0,2009.57,2001.1670353377428,1973.2654534188432,1987.2162443782931,22.353755621706796
TR-045763,2025-10-17,october,Flatbed,1680.8,3517.71,3575.8158373897727,3616.498185837418,3596.1570116135954,78.44701161359535
TR-045764,2025-10-17,october,Dry Van,2024.8,3777.92,3875.0004935335614,3803.5357189543265,3839.268106243944,61.34810624394413
TR-045765,2025-10-17,october,Dry Van,1003.0,1909.16,1948.2326467534247,1970.287865040865,1959.2602558971448,50.100255897144734
TR-045766,2025-10-17,october,Reefer,1089.8,2410.85,2378.2212349593656,2362.812878566579,2370.517056762972,40.33294323702785
TR-045767,2025-10-17,october,Dry Van,2621.0,4640.16,4872.598370860485,4674.895966745757,4773.747168803121,133.58716880312113
TR-045768,2025-10-17,october,Reefer,1025.6,2209.46,2178.9898119160907,2227.2210813078336,2203.105446611962,6.354553388037857
TR-045769,2025-10-17,october,Dry Van,462.7,1045.45,1028.705339271217,982.1272959284242,1005.4163175998207,40.03368240017937
TR-045770,2025-10-17,october,Dry Van,623.4,1320.24,1287.8887051520808,1342.934657166432,1315.4116811592564,4.828318840743577
TR-045771,2025-10-17,october,Reefer,550.1,1344.65,1305.1356965474074,1286.7163226174193,1295.9260095824134,48.72399041758672
TR-045772,2025-10-17,october,Dry Van,924.5,1947.07,1912.1207627832282,1887.569704186908,1899.845233485068,47.224766514931844
TR-045773,2025-10-17,october,Dry Van,2816.5,5009.39,5356.188948795987,5288.831870078675,5322.510409437331,313.12040943733064
TR-045774,2025-10-17,october,Dry Van,466.3,2389.43,1047.3263767460542,997.513191353132,1022.4197840495931,1367.0102159504067
TR-045775,2025-10-17,october,Dry Van,647.3,1500.92,1461.8210969513586,1440.1230734684225,1450.9720852098906,49.94791479010951
TR-045776,2025-10-17,october,Dry Van,351.6,813.53,828.1988937897576,781.7252281432889,804.9620609665233,8.567939033476705
TR-045777,2025-10-17,october,Reefer,506.8,1257.8,1234.0493293782554,1193.6792259749086,1213.8642776765819,43.93572232341808
TR-045778,2025-10-17,october,Flatbed,752.9,1759.5,1735.2475029318582,1724.725465488407,1729.9864842101326,29.51351578986737
TR-045779,2025-10-17,october,Dry Van,692.4,1533.53,1492.6833811241072,1493.3970200226267,1493.040200573367,40.489799426633
TR-045780,2025-10-17,october,Dry Van,70.0,210.54,270.6002604888903,242.44412278864638,256.52219163876833,45.98219163876834
TR-045781,2025-10-17,october,Flatbed,603.0,1509.14,1478.3550682877587,1479.0956987720701,1478.7253835299143,30.414616470085775
TR-045782,2025-10-17,october,Dry Van,496.3,1061.38,1070.2666036414407,1026.8225410271425,1048.5445723342916,12.835427665708494
TR-045783,2025-10-17,october,Flatbed,1790.6,3602.47,3695.7991474691935,3803.1791698210395,3749.4891586451167,147.01915864511693
TR-045784,2025-10-17,october,Flatbed,2236.6,4410.79,4617.997229704529,4595.798747058932,4606.89798838173,196.10798838173014
TR-045785,2025-10-17,october,Dry Van,623.5,1367.68,1361.76727980304,1362.438180910969,1362.1027303570045,5.577269642995589
TR-045786,2025-10-17,october,Reefer,2693.9,5467.05,5695.760397489285,5602.781600464021,5649.270998976654,182.2209989766534
TR-045787,2025-10-17,october,Dry Van,2161.4,3826.18,4091.055214521782,4004.1030004477575,4047.57910748477,221.39910748476996
TR-045788,2025-10-17,october,Reefer,495.2,1300.9,1290.6789271672806,1240.9324314266976,1265.8056792969892,35.09432070301091
TR-045789,2025-10-17,october,Reefer,2016.7,4254.3,4253.118948225152,4270.626922199961,4261.8729352125565,7.572935212556331
TR-045790,2025-10-17,october,Reefer,1171.5,2751.34,2578.9549947044966,2602.5182158482594,2590.736605276378,160.60339472362193
TR-045791,2025-10-17,october,Flatbed,1828.2,3973.88,3973.198379755701,4097.684082989514,4035.441231372607,61.561231372606926
TR-045792,2025-10-17,october,Flatbed,811.5,1761.45,1741.8058134828207,1762.298666025621,1752.0522397542209,9.397760245779182
TR-045793,2025-10-17,october,Flatbed,1018.0,2279.98,2195.5992386219477,2182.1395943488315,2188.8694164853896,91.11058351461043
TR-045794,2025-10-17,october,Reefer,906.5,2139.64,2078.702494859661,2041.9648542527352,2060.3336745561983,79.3063254438016
TR-045795,2025-10-17,october,Reefer,1334.9,3055.6,3021.22095686894,3011.0084346122844,3016.114695740612,39.4853042593877
TR-045796,2025-10-17,october,Flatbed,1305.7,2697.72,2737.6669160839324,2817.0049519578615,2777.335934020897,79.61593402089738
TR-045797,2025-10-17,october,Dry Van,759.6,1495.93,1508.1912541233953,1511.0286048268172,1509.6099294751061,13.679929475106064
TR-045798,2025-10-17,october,Dry Van,1172.3,2362.74,2399.191307086491,2427.420803083301,2413.306055084896,50.56605508489611
TR-045799,2025-10-17,october,Dry Van,1398.2,2626.92,2711.465518753306,2754.26656830466,2732.866043528983,105.94604352898295
TR-045800,2025-10-17,october,Dry Van,1385.9,2855.35,2835.340646665453,2907.4810283678216,2871.410837516637,16.060837516637093
TR-045801,2025-10-17,october,Reefer,1215.0,2661.21,2633.4449252971413,2728.521154300218,2680.98303979868,19.773039798679747
TR-045802,2025-10-17,october,Dry Van,1969.5,3838.53,3927.0785367642006,3835.675152435436,3881.3768445998185,42.84684459981827
TR-045803,2025-10-17,october,Reefer,1388.4,3144.54,3092.462988865855,3044.669286324279,3068.5661375950667,75.97386240493324
TR-045804,2025-10-17,october,Flatbed,505.8,1270.25,1229.3997356271414,1204.4089995952045,1216.9043676111728,53.3456323888272
TR-045805,2025-10-17,october,Dry Van,2594.9,4970.65,5060.126563383882,5012.895182796713,5036.5108730902975,65.8608730902979
TR-045806,2025-10-17,october,Dry Van,344.7,859.09,850.3338726071407,797.1129214495375,823.7233970283391,35.36660297166088
TR-045807,2025-10-17,october,Dry Van,552.4,1274.46,1226.3389825237755,1239.0613606315292,1232.7001715776523,41.75982842234771
TR-045808,2025-10-17,october,Flatbed,1015.7,2301.55,2263.82428378805,2304.775015930122,2284.299649859086,17.25035014091418
TR-045809,2025-10-17,october,Dry Van,550.3,1243.9,1221.3745407710874,1195.7928926619234,1208.5837167165055,35.31628328349461
TR-045810,2025-10-17,october,Dry Van,605.8,1302.32,1262.2495956079224,1263.3515774134898,1262.8005865107061,39.51941348929381
TR-045811,2025-10-17,october,Reefer,811.9,2040.75,1942.5187407808708,1951.341120126258,1946.9299304535643,93.82006954643566
TR-045812,2025-10-17,october,Dry Van,912.8,1921.54,1849.5987571585288,1856.2695941411207,1852.9341756498247,68.60582435017523
TR-045813,2025-10-17,october,Dry Van,2239.7,4167.75,4303.708989561583,4270.385918521202,4287.0474540413925,119.29745404139248
TR-045814,2025-10-17,october,Dry Van,446.0,1124.2,1082.7183198579457,1032.7895794849585,1057.7539496714521,66.44605032854793
TR-045815,2025-10-17,october,Dry Van,998.3,2067.51,2162.3370330304992,2140.100546213714,2151.2187896221067,83.70878962210645
TR-045816,2025-10-17,october,Flatbed,377.9,932.49,916.3084103802578,859.2447427527093,887.7765765664835,44.71342343351648
TR-045817,2025-10-17,october,Dry Van,2033.0,3953.94,4125.70610191659,4086.514608345737,4106.1103551311635,152.17035513116343
TR-045818,2025-10-18,october,Reefer,2425.4,4999.35,5074.10661481686,4972.99542602051,5023.551020418685,24.201020418684493
TR-045819,2025-10-18,october,Dry Van,360.1,829.78,827.3123288861966,755.137469181652,791.2248990339243,38.555100966075656
TR-045820,2025-10-18,october,Dry Van,940.4,9522.01,2002.3868490746404,1971.46560188107,1986.926225477855,7535.083774522145
TR-045821,2025-10-18,october,Reefer,524.6,1375.14,1350.2023700389957,1317.2500069056064,1333.7261884723011,41.413811527698954
TR-045822,2025-10-18,october,Flatbed,474.0,1133.66,1104.8408612688124,1055.367948682491,1080.1044049756517,53.55559502434835
TR-045823,2025-10-18,october,Reefer,2359.9,4705.33,4952.761564459154,4877.273971120727,4915.017767789941,209.68776778994106
TR-045824,2025-10-18,october,Dry Van,426.5,958.53,941.0433231263567,888.9687442367308,915.0060336815437,43.523966318456246
TR-045825,2025-10-18,october,Flatbed,679.1,1543.23,1491.7187330688307,1514.1480836861788,1502.9334083775047,40.29659162249527
TR-045826,2025-10-18,october,Dry Van,2325.3,4131.85,4349.585668655244,4248.059679310726,4298.822673982985,166.97267398298482
TR-045827,2025-10-18,october,Dry Van,743.7,1552.35,1542.9752068036314,1571.296084914264,1557.1356458589476,4.785645858947646
TR-045828,2025-10-18,october,Dry Van,898.7,1810.99,1811.177743412066,1822.9690960690205,1817.0734197405432,6.08341974054315
TR-045829,2025-10-18,october,Reefer,1679.7,3685.75,3589.4137498134864,3625.5378369096366,3607.4757933615615,78.2742066384385
TR-045830,2025-10-18,october,Flatbed,912.8,1859.19,1868.9615145351884,1913.905573167049,1891.4335438511187,32.2435438511186
TR-045831,2025-10-18,october,Dry Van,440.7,989.63,985.4929699628725,965.0578278002451,975.2753988815589,14.35460111844111
TR-045832,2025-10-18,october,Dry Van,123.7,349.49,356.2660831859574,312.73697538301144,334.50152928448443,14.988470715515575
TR-045833,2025-10-18,october,Dry Van,217.2,574.16,558.911625745855,547.5372032730236,553.2244145094393,20.935585490560698
TR-045834,2025-10-18,october,Reefer,1478.5,700.21,3067.849059149398,3188.215067313904,3128.0320632316507,2427.8220632316506
TR-045835,2025-10-18,october,Dry Van,693.9,1631.71,1533.344616763764,1459.37453609404,1496.359576428902,135.35042357109796
TR-045836,2025-10-18,october,Flatbed,1124.7,2362.92,2414.828235238476,2397.4722698029664,2406.150252520721,43.230252520721024
TR-045837,2025-10-18,october,Dry Van,1503.4,2972.51,3078.916900322308,3086.836676391038,3082.876788356673,110.36678835667271
TR-045838,2025-10-18,october,Dry Van,1267.9,2699.51,2682.1558626818955,2630.933050392398,2656.5444565371467,42.965543462853475
TR-045839,2025-10-18,october,Flatbed,752.7,1862.45,1801.2705470359674,1733.167305768243,1767.2189264021054,95.23107359789469
TR-045840,2025-10-18,october,Dry Van,1721.3,3476.91,3545.527010092107,3473.6670302903667,3509.597020191237,32.687020191237025
TR-045841,2025-10-18,october,Reefer,847.0,1989.36,1888.6933434240498,1945.377215490291,1917.0352794571704,72.32472054282948
TR-045842,2025-10-18,october,Reefer,1629.1,3523.42,3499.922574673031,3586.326310378799,3543.1244425259147,19.7044425259146
TR-045843,2025-10-18,october,Dry Van,2796.1,5068.46,5235.985964733937,5159.9790556586895,5197.982510196313,129.5225101963133
TR-045844,2025-10-18,october,Dry Van,1688.5,3163.53,3360.4625243019723,3307.0776424557803,3333.7700833788763,170.24008337887608
TR-045845,2025-10-18,october,Dry Van,436.9,988.77,999.612197880583,959.9353617623128,979.773779821448,8.996220178551994
TR-045846,2025-10-18,october,Flatbed,759.9,1695.2,1631.3794827936754,1618.8939166392588,1625.136699716467,70.06330028353295
TR-045847,2025-10-18,october,Dry Van,1525.2,3057.31,3072.8351958309872,3000.6320969339126,3036.73364638245,20.576353617550012
TR-045848,2025-10-18,october,Reefer,2786.4,5815.43,5874.4623864642,5885.034842070618,5879.748614267409,64.31861426740852
TR-045849,2025-10-18,october,Flatbed,246.8,606.41,635.0333514890201,580.3760591857756,607.7047053373979,1.294705337397886
TR-045850,2025-10-18,october,Reefer,2337.9,5044.57,4889.870050315982,5012.58578900599,4951.227919660985,93.3420803390145
TR-045851,2025-10-18,october,Reefer,1928.0,3991.46,4114.721572981628,4118.838414081034,4116.779993531331,125.31999353133051
TR-045852,2025-10-18,october,Flatbed,1416.0,3036.3,3088.5633536440514,3153.728627984281,3121.145990814166,84.84599081416582
TR-045853,2025-10-18,october,Flatbed,786.5,1812.84,1743.5456175970742,1711.3692356927286,1727.4574266449013,85.38257335509866
TR-045854,2025-10-18,october,Dry Van,975.4,2071.63,2056.400548523074,2050.8769491997728,2053.6387488614237,17.991251138576445
TR-045855,2025-10-18,october,Dry Van,2515.3,4768.65,4807.565691430028,4835.599799670936,4821.582745550482,52.93274555048265
TR-045856,2025-10-18,october,Reefer,345.7,932.39,936.0006917961368,882.5571608953335,909.2789263457352,23.11107365426483
TR-045857,2025-10-18,october,Flatbed,410.3,1012.6,1051.7119310111007,995.953763820509,1023.8328474158048,11.232847415804827
TR-045858,2025-10-18,october,Dry Van,1316.2,2550.35,2643.4694297771584,2642.637960868534,2643.053695322846,92.70369532284622
TR-045859,2025-10-18,october,Reefer,900.2,2116.33,1974.742841596719,2014.7557849905509,1994.749313293635,121.58068670636499
TR-045860,2025-10-18,october,Reefer,892.4,1990.99,1968.3812734602366,1962.151281175654,1965.2662773179454,25.723722682054586
TR-045861,2025-10-18,october,Dry Van,2832.7,5111.47,4935.8085025943765,5162.018750640786,5048.913626617581,62.556373382419224
TR-045862,2025-10-18,october,Flatbed,2156.6,4486.54,4439.916328271181,4366.5658152888045,4403.241071779992,83.29892822000784
TR-045863,2025-10-18,october,Dry Van,1975.9,3787.48,3855.112291408407,3752.0768721039326,3803.5945817561696,16.114581756169628
TR-045864,2025-10-18,october,Dry Van,520.9,1244.28,1188.9151795815012,1217.539843734704,1203.2275116581027,41.05248834189729
TR-045865,2025-10-18,october,Dry Van,537.6,1140.72,1158.2505750878843,1147.3685807198378,1152.809577903861,12.089577903861027
TR-045866,2025-10-18,october,Dry Van,899.2,1743.16,1837.7954534976284,1810.546043028962,1824.170748263295,81.010748263295
TR-045867,2025-10-18,october,Dry Van,1748.3,3491.03,3522.1220534609465,3534.1325443170217,3528.127298888984,37.097298888983914
TR-045868,2025-10-18,october,Reefer,367.5,1006.04,978.1759339680302,924.4331201285413,951.3045270482858,54.7354729517142
TR-045869,2025-10-18,october,Dry Van,520.6,1170.58,1155.392647507856,1129.6577674306236,1142.5252074692398,28.054792530760096
TR-045870,2025-10-18,october,Dry Van,2709.0,4885.38,4922.602769416953,4958.622200623926,4940.61248502044,55.232485020439526
TR-045871,2025-10-18,october,Dry Van,661.2,1386.64,1408.285963143884,1408.9749438154038,1408.6304534796438,21.990453479643747
TR-045872,2025-10-18,october,Reefer,483.5,1225.41,1181.5321015815975,1143.9564480018607,1162.7442747917291,62.66572520827094
TR-045873,2025-10-18,october,Dry Van,862.5,1781.79,1794.0276979837088,1787.703404828789,1790.8655514062489,9.075551406248906
TR-045874,2025-10-18,october,Flatbed,1254.9,2723.7,2639.6724325460264,2751.121332747277,2695.3968826466516,28.30311735334817
TR-045875,2025-10-18,october,Reefer,1524.8,3299.18,3275.470533200082,3303.095651708932,3289.283092454507,9.896907545492923
TR-045876,2025-10-18,october,Reefer,269.5,786.48,737.8677222482863,732.2109396115059,735.0393309298961,51.44066907010392
TR-045877,2025-10-18,october,Reefer,545.3,1410.96,1369.9072989754186,1368.1088098007476,1369.008054388083,41.951945611916926
TR-045878,2025-10-18,october,Flatbed,564.7,1219.83,1218.9988064685576,1233.1483373552903,1226.0735719119239,6.243571911923937
TR-045879,2025-10-18,october,Reefer,1266.9,2913.25,2785.2395357300707,2831.587941904839,2808.413738817455,104.83626118254506
TR-045880,2025-10-18,october,Dry Van,714.4,1561.35,1484.7502514581618,1478.6880792930465,1481.719165375604,79.6308346243959
TR-045881,2025-10-18,october,Dry Van,2086.2,3892.16,4006.2626820438754,3903.3328524488247,3954.7977672463503,62.63776724635045
TR-045882,2025-10-18,october,Dry Van,682.7,1400.28,1398.1718955656695,1425.0351645947676,1411.6035300802187,11.323530080218688
TR-045883,2025-10-18,october,Dry Van,678.7,1461.81,1394.3366514527838,1421.8454201597622,1408.0910358062729,53.71896419372706
TR-045884,2025-10-18,october,Dry Van,1623.1,3182.56,3280.4357759463933,3268.9425226484964,3274.6891492974446,92.12914929744466
TR-045885,2025-10-18,october,Dry Van,1058.8,2144.76,2215.9337314892477,2189.647319230468,2202.790525359858,58.03052535985762
TR-045886,2025-10-18,october,Dry Van,260.9,650.01,636.0552065090666,603.0880256612288,619.5716160851478,30.43838391485224
TR-045887,2025-10-18,october,Flatbed,408.9,968.51,977.2385720420789,946.8641194131139,962.0513457275964,6.458654272403578
TR-045888,2025-10-18,october,Reefer,668.9,1647.1,1601.7076070217463,1543.6611367308922,1572.6843718763193,74.41562812368056
TR-045889,2025-10-18,october,Dry Van,1348.5,2729.1,2743.6127084996265,2747.421031992556,2745.5168702460915,16.41687024609155
TR-045890,2025-10-18,october,Reefer,2037.5,4494.77,4354.781158610426,4433.474166611661,4394.127662611043,100.64233738895746
TR-045891,2025-10-18,october,Dry Van,733.5,1634.18,1582.1301031206374,1562.8878867650246,1572.5089949428311,61.67100505716894
TR-045892,2025-10-18,october,Reefer,764.9,1963.55,1863.639445235331,1775.4734654381998,1819.5564553367653,143.99354466323462
TR-045893,2025-10-18,october,Dry Van,1688.6,3401.76,3494.3936704209905,3440.8821450576015,3467.6379077392958,65.87790773929555
TR-045894,2025-10-18,october,Dry Van,1862.5,3600.17,3693.820099154667,3704.387846066225,3699.103972610446,98.93397261044584
TR-045895,2025-10-18,october,Reefer,855.3,2059.94,1957.3316474399862,1957.2818578805523,1957.3067526602692,102.63324733973081
TR-045896,2025-10-18,october,Dry Van,793.1,1499.02,1585.9598963839044,1612.1750540955127,1599.0674752397085,100.04747523970855
TR-045897,2025-10-18,october,Flatbed,467.3,1106.0,1116.4404328771757,1065.7711752775153,1091.1058040773455,14.89419592265449
TR-045898,2025-10-18,october,Reefer,620.0,1415.97,1393.9292144098517,1397.7527004858784,1395.840957447865,20.129042552134933
TR-045899,2025-10-18,october,Flatbed,1560.8,3079.84,3252.6156219195327,3230.1773696641794,3241.396495791856,161.55649579185592
TR-045900,2025-10-18,october,Dry Van,724.5,1455.53,1482.1382191957468,1453.5699329442411,1467.8540760699939,12.324076069993907
TR-045901,2025-10-18,october,Flatbed,958.7,2133.85,2139.0593692344905,2128.3328171774056,2133.6960932059483,0.1539067940516361
TR-045902,2025-10-18,october,Dry Van,1879.1,3664.1,3696.376410679324,3723.2236583127215,3709.800034496023,45.70003449602291
TR-045903,2025-10-18,october,Reefer,1019.1,2356.83,2317.581865227151,2292.5146595852666,2305.048262406209,51.78173759379115
TR-045904,2025-10-18,october,Flatbed,907.1,2087.83,1994.6877157477481,2027.1650540178214,2010.9263848827848,76.90361511721517
TR-045905,2025-10-18,october,Flatbed,744.4,1627.5,1592.2016278643403,1601.0515721791548,1596.6266000217474,30.873399978252564
TR-045906,2025-10-18,october,Reefer,2007.6,4440.83,4255.784990140176,4402.153441337361,4328.969215738769,111.86078426123095
TR-045907,2025-10-18,october,Flatbed,2534.5,5015.77,5208.695815231563,5185.199416509164,5196.947615870364,181.1776158703633
TR-045908,2025-10-18,october,Reefer,1869.2,4003.05,4013.389560537933,4092.6822868456497,4053.035923691791,49.98592369179096
TR-045909,2025-10-18,october,Dry Van,583.0,1290.15,1286.4953814705827,1263.959595132449,1275.227488301516,14.922511698484186
TR-045910,2025-10-18,october,Flatbed,2612.2,5205.32,5299.989051708137,5255.596963448345,5277.793007578241,72.47300757824087
TR-045911,2025-10-18,october,Reefer,421.2,1126.1,1099.554804973127,1070.8364672161383,1085.1956360946326,40.90436390536729
TR-045912,2025-10-18,october,Flatbed,487.7,1183.6,1176.3820294281447,1161.2135683207366,1168.7977988744406,14.80220112555935
TR-045913,2025-10-18,october,Dry Van,959.8,2001.86,2057.847006088784,2032.8288898757664,2045.3379479822752,43.47794798227528
TR-045914,2025-10-18,october,Reefer,1973.3,4242.61,4204.786307509657,4216.881207957024,4210.8337577333405,31.77624226665921
TR-045915,2025-10-18,october,Dry Van,882.0,1766.47,1758.0157572652595,1744.347339403905,1751.1815483345822,15.288451665417824
TR-045916,2025-10-18,october,Reefer,2435.0,4890.94,5132.863424379805,5143.359487276085,5138.111455827945,247.17145582794546
TR-045917,2025-10-18,october,Dry Van,142.2,404.69,377.9054080662189,373.84632167122027,375.8758648687196,28.81413513128041
TR-045918,2025-10-18,october,Dry Van,2115.6,4181.96,4224.432962439781,4130.7961869048195,4177.6145746723,4.345425327700468
TR-045919,2025-10-18,october,Dry Van,1348.8,2687.53,2764.195347528866,2752.5777107964805,2758.3865291626735,70.85652916267327
TR-045920,2025-10-18,october,Dry Van,1146.8,2449.64,2374.113456504663,2326.177383023892,2350.145419764278,99.49458023572197
TR-045921,2025-10-18,october,Dry Van,2152.4,3835.85,4027.725457395068,3973.7650331455666,4000.7452452703174,164.89524527031745
TR-045922,2025-10-18,october,Reefer,1580.0,3331.57,3357.612311030398,3315.2516357136783,3336.431973372038,4.861973372037937
TR-045923,2025-10-18,october,Dry Van,2031.2,3840.4,4041.9630549486105,4010.196371318519,4026.079713133565,185.67971313356475
TR-045924,2025-10-18,october,Dry Van,1161.6,2397.45,2480.3290943968605,2479.3182754782783,2479.8236849375694,82.37368493756958
TR-045925,2025-10-18,october,Dry Van,887.7,1849.8,1798.0429300941294,1784.2067368271146,1791.124833460622,58.67516653937787
TR-045926,2025-10-18,october,Dry Van,812.6,1833.94,1746.6681194187722,1743.5924503100157,1745.130284864394,88.80971513560598
TR-045927,2025-10-18,october,Dry Van,623.0,1415.02,1354.1737550624093,1373.7174059266094,1363.9455804945094,51.074419505490596
TR-045928,2025-10-18,october,Dry Van,749.0,1653.6,1644.7997490712855,1622.7627841802253,1633.7812666257555,19.818733374244403
TR-045929,2025-10-18,october,Flatbed,991.8,2269.87,2197.6947998060054,2223.5628429552016,2210.6288213806038,59.24117861939612
TR-045930,2025-10-18,october,Dry Van,1183.8,2343.36,2350.0758770466828,2396.6717678289447,2373.373822437814,30.013822437813815
TR-045931,2025-10-18,october,Dry Van,500.6,1155.88,1136.5635688521788,1100.58347750149,1118.5735231768344,37.30647682316567
TR-045932,2025-10-18,october,Reefer,1151.0,2734.13,2595.274546800466,2610.939645823258,2603.107096311862,131.02290368813829
TR-045933,2025-10-18,october,Reefer,180.2,542.83,545.2455185081362,483.3160812462295,514.2807998771829,28.549200122817183
TR-045934,2025-10-18,october,Flatbed,1527.7,3338.28,3268.183448054275,3351.003968802199,3309.593708428237,28.686291571763377
TR-045935,2025-10-18,october,Reefer,1121.8,2496.0,2446.056215437817,2436.9255206065745,2441.490868022196,54.50913197780392
TR-045936,2025-10-18,october,Reefer,1300.2,2966.05,2891.2646990625153,2897.0842485943335,2894.174473828424,71.87552617157598
TR-045937,2025-10-18,october,Flatbed,2908.1,5663.94,5694.45157952923,5903.579426684424,5799.015503106827,135.07550310682745
TR-045938,2025-10-18,october,Flatbed,1964.6,3967.69,4139.3170287614485,4131.405096706358,4135.361062733903,167.671062733903
TR-045939,2025-10-18,october,Reefer,946.7,2107.87,2049.1120416355798,2050.3178780466196,2049.7149598410997,58.15504015890019
TR-045940,2025-10-18,october,Dry Van,333.9,753.48,755.7132363708272,735.7198618763643,745.7165491235958,7.763450876404249
TR-045941,2025-10-18,october,Dry Van,380.8,876.11,868.0892487411897,835.5501374085932,851.8196930748915,24.290306925108553
TR-045942,2025-10-18,october,Reefer,360.5,959.64,930.713358577653,870.8731171406525,900.7932378591528,58.846762140847204
TR-045943,2025-10-18,october,Dry Van,1091.4,2122.57,2073.0287180423816,2183.1013145966076,2128.0650163194946,5.495016319494425
TR-045944,2025-10-18,october,Reefer,2218.6,4530.44,4715.914441654159,4730.004618764646,4722.959530209402,192.51953020940255
TR-045945,2025-10-18,october,Dry Van,1716.4,3356.21,3514.3543598090055,3492.8716114458803,3503.612985627443,147.40298562744283
TR-045946,2025-10-18,october,Dry Van,722.2,1551.53,1544.9408293891158,1498.735092315497,1521.8379608523064,29.69203914769355
TR-045947,2025-10-18,october,Dry Van,1688.7,3348.56,3439.540748156075,3376.6210996499385,3408.080923903007,59.52092390300686
TR-045948,2025-10-18,october,Reefer,797.4,1845.61,1790.9356466342065,1800.0796403439367,1795.5076434890716,50.1023565109283
TR-045949,2025-10-18,october,Dry Van,975.1,2135.27,2080.487097811658,2100.419717366188,2090.453407588923,44.81659241107718
TR-045950,2025-10-18,october,Reefer,646.9,1619.21,1556.8540558674683,1556.3800776020114,1556.6170667347399,62.59293326526017
TR-045951,2025-10-18,october,Dry Van,1797.5,3564.95,3588.1322691136584,3573.599657600087,3580.8659633568727,15.915963356872908
TR-045952,2025-10-18,october,Reefer,819.0,2072.92,1954.423607015348,1935.3919464669393,1944.9077767411436,128.01222325885647
TR-045953,2025-10-18,october,Dry Van,199.3,514.26,517.7526985340362,458.6906475938854,488.2216730639608,26.038326936039198
TR-045954,2025-10-18,october,Flatbed,637.5,1466.63,1478.2221995103284,1457.4281820585156,1467.825190784422,1.1951907844218113
TR-045955,2025-10-18,october,Flatbed,1978.6,4032.78,4113.350894703855,4162.126541984439,4137.738718344148,104.95871834414766
TR-045956,2025-10-18,october,Dry Van,270.1,651.51,640.5080005384933,594.0869148429404,617.2974576907168,34.21254230928321
TR-045957,2025-10-18,october,Dry Van,1114.8,2273.63,2206.208063981961,2255.5449035818983,2230.87648378193,42.75351621807022
TR-045958,2025-10-18,october,Dry Van,1031.8,2089.43,2127.0682192252384,2131.4140490940777,2129.241134159658,39.811134159658195
TR-045959,2025-10-18,october,Dry Van,2534.1,4496.35,4651.928811466928,4556.1508586991695,4604.039835083049,107.68983508304882
TR-045960,2025-10-18,october,Dry Van,888.8,1880.12,1832.7155027152346,1839.3958838010647,1836.0556932581496,44.06430674185026
TR-045961,2025-10-18,october,Dry Van,485.6,1120.66,1087.0607112706111,1065.62179765259,1076.3412544616006,44.318745538399526
TR-045962,2025-10-18,october,Reefer,1175.9,2688.36,2587.301355255734,2550.817457321535,2569.059406288635,119.30059371136531
TR-045963,2025-10-18,october,Reefer,1128.3,2534.73,2482.7477576195793,2418.5569175556416,2450.6523375876104,84.0776624123896
TR-045964,2025-10-18,october,Dry Van,668.5,1341.22,1369.0827767712276,1391.3681794652052,1380.2254781182164,39.00547811821639
TR-045965,2025-10-18,october,Dry Van,1530.0,2975.08,3103.7527495982395,3002.413761340077,3053.0832554691583,78.00325546915838
TR-045966,2025-10-18,october,Dry Van,430.9,991.62,1001.4781188985373,952.3446552208172,976.9113870596773,14.708612940322723
TR-045967,2025-10-18,october,Dry Van,1138.5,2298.17,2344.8872649199952,2369.258629379062,2357.0729471495288,58.9029471495287
TR-045968,2025-10-18,october,Dry Van,252.0,593.11,612.6267637023753,538.4297318979407,575.5282478001579,17.58175219984207
TR-045969,2025-10-18,october,Reefer,663.4,1711.11,1647.3950389023962,1557.2506344746728,1602.3228366885346,108.78716331146529
TR-045970,2025-10-18,october,Reefer,186.9,529.66,545.8326381415882,487.1789935187112,516.5058158301497,13.154184169850282
TR-045971,2025-10-18,october,Dry Van,364.2,879.77,858.2245314068655,820.9362091747378,839.5803702908016,40.18962970919836
TR-045972,2025-10-18,october,Dry Van,328.1,767.1,749.3707087392211,716.8569612400229,733.113834989622,33.986165010378045
TR-045973,2025-10-18,october,Dry Van,1267.3,2530.36,2573.351737078883,2588.0584628098404,2580.705099944362,50.345099944361664
TR-045974,2025-10-18,october,Dry Van,1820.5,3559.92,3653.308062843954,3569.736613143198,3611.522337993576,51.60233799357593
TR-045975,2025-10-18,october,Flatbed,1115.5,2350.04,2345.359538910937,2377.992771444491,2361.676155177714,11.636155177714045
TR-045976,2025-10-18,october,Dry Van,637.1,1394.61,1383.3683903087563,1381.3082320071717,1382.338311157964,12.271688842035928
TR-045977,2025-10-18,october,Dry Van,1404.6,2791.89,2884.0543965517804,2836.7965899483147,2860.4254932500476,68.5354932500477
TR-045978,2025-10-18,october,Reefer,75.1,232.99,229.8662343411295,255.7961553435739,242.8311948423517,9.841194842351683
TR-045979,2025-10-18,october,Dry Van,935.5,1938.75,1967.6046673894448,1931.3508184517048,1949.4777429205747,10.727742920574656
TR-045980,2025-10-18,october,Dry Van,654.9,1434.58,1411.9132458389222,1407.564508091747,1409.7388769653346,24.841123034665316
TR-045981,2025-10-18,october,Dry Van,1860.0,3447.98,3609.334966250519,3593.846927135833,3601.590946693176,153.61094669317617
TR-045982,2025-10-18,october,Dry Van,1689.0,3196.73,3330.738503363668,3284.2474040462944,3307.492953704981,110.7629537049811
TR-045983,2025-10-18,october,Dry Van,379.2,831.63,835.4009215517327,816.4257717259823,825.9133466388575,5.716653361142448
TR-045984,2025-10-18,october,Flatbed,544.8,1194.13,1217.4556762156378,1237.8411272258004,1227.648401720719,33.518401720718884
TR-045985,2025-10-19,october,Dry Van,1443.5,2972.9,3035.985275967716,2977.2364626359167,3006.6108693018164,33.710869301816274
TR-045986,2025-10-19,october,Flatbed,1766.5,3692.68,3760.003372158771,3827.310473012078,3793.6569225854246,100.97692258542475
TR-045987,2025-10-19,october,Dry Van,253.1,577.78,595.2614447209569,556.8573546278001,576.0593996743785,1.72060032562149
TR-045988,2025-10-19,october,Flatbed,832.2,5308.55,1820.7819460125502,1783.120880954594,1801.9514134835722,3506.598586516428
TR-045989,2025-10-19,october,Reefer,813.5,1946.12,1834.453378134584,1825.943514587099,1830.1984463608414,115.92155363915845
TR-045990,2025-10-19,october,Reefer,645.9,1497.97,1474.198228815761,1448.3332865704974,1461.2657576931292,36.70424230687081
TR-045991,2025-10-19,october,Dry Van,2176.5,4009.74,4187.826219354407,4142.41448651823,4165.120352936318,155.38035293631856
TR-045992,2025-10-19,october,Dry Van,243.8,203.4,593.8870679873463,563.4980410002338,578.6925544937901,375.29255449379013
TR-045993,2025-10-19,october,Reefer,1822.1,3823.32,3775.5854884440137,3781.712529333483,3778.6490088887485,44.670991111251624
TR-045994,2025-10-19,october,Dry Van,678.2,1448.26,1424.0669033935148,1420.1410608334654,1422.10398211349,26.15601788650997
TR-045995,2025-10-19,october,Dry Van,554.8,1275.97,1180.6280229285883,1195.377029802903,1188.0025263657458,87.96747363425425
TR-045996,2025-10-19,october,Dry Van,1989.5,3808.34,3966.44759810381,3821.431320926549,3893.9394595151794,85.5994595151792
TR-045997,2025-10-19,october,Dry Van,436.5,1009.93,997.4014941448985,960.5767418325081,978.9891179887034,30.940882011296594
TR-045998,2025-10-19,october,Dry Van,1092.3,2297.59,2286.426983788195,2324.8719359613683,2305.6494598747813,8.059459874781169
TR-045999,2025-10-19,october,Dry Van,599.9,1380.6,1318.5544496581076,1317.0257481400222,1317.790098899065,62.809901100934894
TR-046000,2025-10-19,october,Reefer,429.9,1216.79,1162.0910194970163,1122.1360809427829,1142.1135502198995,74.67644978010048
TR-046001,2025-10-19,october,Reefer,1293.2,2834.77,2741.8074095555394,2724.1340559709297,2732.9707327632345,101.79926723676544
TR-046002,2025-10-19,october,Dry Van,892.0,1837.35,1838.0098868606078,1830.197639201093,1834.1037630308504,3.2462369691495496
TR-046003,2025-10-19,october,Reefer,1280.6,2738.58,2751.9461960983576,2779.06180842839,2765.504002263374,26.92400226337395
TR-046004,2025-10-19,october,Reefer,2253.0,4711.99,4747.429480071805,4802.167804611167,4774.798642341486,62.80864234148612
TR-046005,2025-10-19,october,Dry Van,467.3,1046.58,998.898902368587,968.8255730139526,983.8622376912698,62.71776230873013
TR-046006,2025-10-19,october,Dry Van,558.9,1310.53,1221.811758001765,1244.0512267156937,1232.9314923587294,77.59850764127054
TR-046007,2025-10-19,october,Dry Van,1033.7,2036.13,2088.2108565840845,2083.9903370645443,2086.1005968243144,49.97059682431427
TR-046008,2025-10-19,october,Dry Van,786.0,1668.7,1623.3371492067856,1621.836421420189,1622.5867853134873,46.11321468651272
TR-046009,2025-10-19,october,Dry Van,818.5,1690.83,1755.4965103881425,1745.4827851709683,1750.4896477795555,59.6596477795556
TR-046010,2025-10-19,october,Reefer,1627.7,3493.39,3481.264885340165,3510.5578597886733,3495.9113725644193,2.52137256441938
TR-046011,2025-10-19,october,Dry Van,871.5,1820.83,1787.9793592384779,1805.4455888168468,1796.7124740276622,24.117525972337717
TR-046012,2025-10-19,october,Dry Van,2228.1,4232.87,4280.098676976636,4320.4207768484275,4300.259726912532,67.38972691253184
TR-046013,2025-10-19,october,Reefer,318.5,808.29,794.6312508863946,782.8691559349145,788.7502034106545,19.53979658934543
TR-046014,2025-10-19,october,Dry Van,2567.4,4654.64,4758.168845920629,4682.675622562233,4720.4222342414305,65.78223424143016
TR-046015,2025-10-19,october,Reefer,1051.5,2316.06,2291.092815481532,2346.862247920115,2318.9775317008234,2.9175317008234742
TR-046016,2025-10-19,october,Reefer,435.9,1117.41,1133.7587582807025,1089.2910027702744,1111.5248805254885,5.885119474511612
TR-046017,2025-10-19,october,Reefer,674.0,1566.31,1519.8056304870033,1528.6741676675626,1524.239899077283,42.07010092271685
TR-046018,2025-10-19,october,Reefer,827.0,1961.67,1894.6505386447411,1853.2399074599396,1873.9452230523402,87.72477694765985
TR-046019,2025-10-19,october,Reefer,1212.1,2755.15,2636.363633973332,2598.556436849483,2617.4600354114073,137.68996458859283
TR-046020,2025-10-19,october,Dry Van,264.6,624.02,619.8765655099152,602.7072426402158,611.2919040750655,12.72809592493445
TR-046021,2025-10-19,october,Dry Van,819.0,1671.31,1664.941711234006,1674.01448776647,1669.478099500238,1.831900499762014
TR-046022,2025-10-19,october,Dry Van,498.9,1104.74,1095.9346210276228,1088.4974635832455,1092.2160423054343,12.523957694565752
TR-046023,2025-10-19,october,Flatbed,813.0,1790.74,1762.5139514980976,1782.2554936623096,1772.3847225802037,18.355277419796266
TR-046024,2025-10-19,october,Dry Van,1401.9,2793.65,2831.872921506188,2776.9150245739766,2804.3939730400825,10.743973040082437
TR-046025,2025-10-19,october,Dry Van,733.8,1581.9,1575.050496485397,1542.852769522481,1558.951633003939,22.948366996061168
TR-046026,2025-10-19,october,Dry Van,2018.9,3786.01,3977.2275094954666,3931.5193894561494,3954.3734494758082,168.363449475808
TR-046027,2025-10-19,october,Dry Van,2118.5,3922.14,4097.67005767852,4105.342603433022,4101.506330555771,179.36633055577067
TR-046028,2025-10-19,october,Dry Van,388.7,865.79,866.0653226559289,841.3155633883546,853.6904430221417,12.099556977858242
TR-046029,2025-10-19,october,Dry Van,1710.0,3232.85,3402.5201552948492,3295.8921704344903,3349.2061628646697,116.35616286466984
TR-046030,2025-10-19,october,Dry Van,1086.7,2073.63,2038.5290104574935,2145.790039526442,2092.159524991968,18.52952499196772
TR-046031,2025-10-19,october,Dry Van,148.1,418.53,436.93102101089556,389.4989477585905,413.21498438474305,5.315015615256925
TR-046032,2025-10-19,october,Dry Van,1266.4,2477.44,2550.7334960560834,2509.8739566483046,2530.3037263521937,52.86372635219368
TR-046033,2025-10-19,october,Flatbed,301.5,814.05,809.7022249062605,800.6196408287656,805.1609328675131,8.889067132486844
TR-046034,2025-10-19,october,Flatbed,1582.8,3458.16,3390.4363457767918,3443.052548686587,3416.7444472316893,41.41555276831059
TR-046035,2025-10-19,october,Flatbed,826.4,1931.36,1761.2872809517112,1795.7000839979291,1778.4936824748202,152.86631752517974
TR-046036,2025-10-19,october,Dry Van,1999.2,3959.29,4002.2920358500983,3968.9139567273173,3985.602996288708,26.312996288707836
TR-046037,2025-10-19,october,Reefer,367.2,938.56,936.4721284383127,910.3467423631787,923.4094354007457,15.150564599254267
TR-046038,2025-10-19,october,Reefer,2403.9,5088.62,5012.678122805668,5085.078879422008,5048.878501113838,39.741498886161935
TR-046039,2025-10-19,october,Dry Van,392.8,869.11,873.1997998272926,874.7274177377012,873.963608782497,4.853608782496963
TR-046040,2025-10-19,october,Reefer,2717.9,5387.61,5679.039071135045,5609.574810763721,5644.306940949383,256.69694094938313
TR-046041,2025-10-19,october,Flatbed,1240.2,2733.64,2656.5962802928466,2631.2622152939293,2643.9292477933877,89.71075220661214
TR-046042,2025-10-19,october,Flatbed,1152.4,2519.16,2576.891104912112,2554.4083410670373,2565.649722989575,46.48972298957506
TR-046043,2025-10-19,october,Flatbed,1245.1,2553.28,2678.8288474864385,2587.0182550120917,2632.923551249265,79.64355124926487
TR-046044,2025-10-19,october,Dry Van,3067.3,5467.46,5610.702529940695,5480.441472132185,5545.57200103644,78.11200103644023
TR-046045,2025-10-19,october,Dry Van,1684.7,3192.96,3328.3081650521303,3282.2549980051385,3305.2815815286344,112.3215815286344
TR-046046,2025-10-19,october,Reefer,1780.2,3736.86,3698.8473837438423,3810.7403422398916,3754.793862991867,17.933862991867045
TR-046047,2025-10-19,october,Dry Van,652.1,1365.36,1350.0764960319455,1338.4052730035137,1344.2408845177297,21.119115482270217
TR-046048,2025-10-19,october,Flatbed,792.6,1714.72,1696.931443589089,1708.166124817749,1702.548784203419,12.17121579658101
TR-046049,2025-10-19,october,Flatbed,423.7,1071.09,1102.6708117070693,1058.7014639850345,1080.686137846052,9.596137846051988
TR-046050,2025-10-19,october,Dry Van,448.3,1093.07,1041.9869680866286,1042.3424676068767,1042.1647178467526,50.9052821532473
TR-046051,2025-10-19,october,Dry Van,464.3,1103.5,1047.3413922001544,1009.6506337723577,1028.4960129862561,75.00398701374388
TR-046052,2025-10-19,october,Dry Van,1730.4,3489.16,3523.6467185890956,3476.5516278265045,3500.0991732078,10.939173207800195
TR-046053,2025-10-19,october,Dry Van,555.2,1184.35,1151.6878776345354,1181.132334165955,1166.410105900245,17.939894099754838
TR-046054,2025-10-19,october,Dry Van,285.3,664.86,662.666344473933,650.4567609074115,656.5615526906722,8.298447309327798
TR-046055,2025-10-19,october,Reefer,1804.1,3849.6,3853.934114372107,3941.0670268024064,3897.500570587257,47.90057058725688
TR-046056,2025-10-19,october,Flatbed,527.7,1221.83,1212.4685245391165,1182.0742601706202,1197.2713923548683,24.558607645131588
TR-046057,2025-10-19,october,Dry Van,588.2,1200.2,1227.6358008628438,1222.7951166324183,1225.2154587476311,25.0154587476311
TR-046058,2025-10-19,october,Flatbed,656.4,1477.99,1458.3148327592771,1429.260405513417,1443.787619136347,34.202380863652934
TR-046059,2025-10-19,october,Dry Van,779.7,1532.71,1574.3531522302414,1576.0343567002692,1575.1937544652553,42.48375446525529
TR-046060,2025-10-19,october,Dry Van,70.0,209.86,257.4765625448735,252.13177702557368,254.8041697852236,44.94416978522358
TR-046061,2025-10-19,october,Dry Van,775.8,1643.8,1630.4638756066408,1598.2564271626334,1614.360151384637,29.439848615362962
TR-046062,2025-10-19,october,Flatbed,1218.1,2579.5,2617.16916402365,2552.7862851693817,2584.977724596516,5.477724596516055
TR-046063,2025-10-19,october,Reefer,273.9,166.3,747.685982894719,718.2626454586084,732.9743141766637,566.6743141766638
TR-046064,2025-10-19,october,Dry Van,1240.7,2537.25,2572.0073538111214,2544.1754489258824,2558.091401368502,20.84140136850192
TR-046065,2025-10-19,october,Dry Van,990.6,1975.87,1958.3830100655673,2011.799447961086,1985.0912290133265,9.221229013326592
TR-046066,2025-10-19,october,Dry Van,1235.7,2517.98,2560.361232111465,2484.4766880791312,2522.418960095298,4.438960095298171
TR-046067,2025-10-19,october,Dry Van,626.7,1375.57,1348.2677927046132,1319.8840162430029,1334.075904473808,41.49409552619204
TR-046068,2025-10-19,october,Flatbed,965.9,2025.27,2024.4540880932618,2045.9627129885291,2035.2084005408956,9.9384005408956
TR-046069,2025-10-19,october,Dry Van,1721.2,3283.73,3422.7219066600255,3319.0869043748507,3370.904405517438,87.17440551743812
TR-046070,2025-10-19,october,Reefer,797.2,1952.05,1853.7699211673641,1897.0711934536134,1875.4205573104887,76.62944268951128
TR-046071,2025-10-19,october,Reefer,989.4,2152.52,2135.582796176252,2099.8879059609444,2117.735351068598,34.78464893140199
TR-046072,2025-10-19,october,Reefer,1678.9,3506.58,3551.2803445414042,3616.1682862173475,3583.724315379376,77.14431537937617
TR-046073,2025-10-19,october,Dry Van,917.8,1834.32,1920.3463578390592,1889.0690278513523,1904.7076928452057,70.38769284520572
TR-046074,2025-10-19,october,Flatbed,614.5,1386.17,1376.6315063126826,1344.2306047087798,1360.4310555107313,25.73894448926876
TR-046075,2025-10-19,october,Flatbed,3218.4,6311.76,6244.0422567519445,6556.3582194349165,6400.20023809343,88.4402380934298
TR-046076,2025-10-19,october,Dry Van,1663.8,3193.54,3325.5695676852024,3311.510828722314,3318.5401982037583,125.00019820375837
TR-046077,2025-10-19,october,Dry Van,1035.9,2138.43,2103.217908662189,2137.96295171212,2120.590430187154,17.83956981284564
TR-046078,2025-10-19,october,Dry Van,684.6,1502.48,1504.3827296342847,1469.2531770849855,1486.817953359635,15.662046640364906
TR-046079,2025-10-19,october,Reefer,359.9,914.91,917.1318621968534,872.0162933867521,894.5740777918027,20.335922208197303
TR-046080,2025-10-19,october,Flatbed,890.4,1903.41,1882.0547034254578,1898.301082748529,1890.1778930869934,13.232106913006646
TR-046081,2025-10-19,october,Dry Van,1547.4,3032.86,3118.2005777438294,3022.654255501994,3070.4274166229116,37.56741662291142
TR-046082,2025-10-19,october,Reefer,1807.8,3811.86,3693.4174830598745,3772.6384282790223,3733.0279556694486,78.83204433055153
TR-046083,2025-10-19,october,Dry Van,1037.9,1914.61,2007.4565530674327,2022.8731199223625,2015.1648364948976,100.5548364948977
TR-046084,2025-10-19,october,Flatbed,2693.8,5434.56,5385.7980000631715,5502.042034365581,5443.920017214376,9.360017214375148
TR-046085,2025-10-19,october,Reefer,1547.5,3428.65,3293.508129288803,3255.070135803865,3274.2891325463343,154.36086745366583
TR-046086,2025-10-19,october,Flatbed,1215.2,2580.89,2568.856737009239,2609.277048367665,2589.066892688452,8.176892688451971
TR-046087,2025-10-19,october,Dry Van,170.3,429.61,457.08219150207134,415.68732058736146,436.38475604471637,6.774756044716355
TR-046088,2025-10-19,october,Dry Van,1440.5,2916.04,2965.0857768964656,2926.8530520623767,2945.969414479421,29.92941447942121
TR-046089,2025-10-19,october,Reefer,827.8,1955.92,1869.3485470270195,1839.2880304927444,1854.3182887598819,101.60171124011822
TR-046090,2025-10-19,october,Dry Van,191.3,506.13,502.00263662065026,437.12876204891154,469.5656993347809,36.56430066521909
TR-046091,2025-10-19,october,Dry Van,834.3,1823.82,1757.9083294073084,1770.8936412110572,1764.400985309183,59.419014690816994
TR-046092,2025-10-19,october,Flatbed,427.2,1013.06,1055.6952515484602,983.0387664024322,1019.3670089754462,6.3070089754462515
TR-046093,2025-10-19,october,Dry Van,1744.3,3521.99,3527.8415269910247,3462.0683183863475,3494.954922688686,27.03507731131367
TR-046094,2025-10-19,october,Reefer,1386.6,3087.82,3054.4970345674687,3008.290255738464,3031.393645152966,56.42635484703396
TR-046095,2025-10-19,october,Dry Van,1536.9,3197.41,3143.6028069548406,3079.37404905342,3111.4884280041306,85.92157199586927
TR-046096,2025-10-19,october,Dry Van,1063.5,2038.75,2053.1889802069945,2091.993094775968,2072.591037491481,33.841037491481075
TR-046097,2025-10-19,october,Reefer,697.3,1784.15,1696.1370135219504,1640.2407671281983,1668.1888903250742,115.96110967492586
TR-046098,2025-10-19,october,Reefer,1034.1,2309.56,2242.037663737381,2193.1085528381404,2217.573108287761,91.98689171223896
TR-046099,2025-10-19,october,Dry Van,1488.6,2927.76,2989.7040211460094,2917.0688583474393,2953.386439746724,25.626439746723918
TR-046100,2025-10-19,october,Dry Van,707.7,1478.71,1511.8650243817117,1505.0826635610592,1508.4738439713856,29.76384397138554
TR-046101,2025-10-19,october,Flatbed,1275.5,2838.14,2735.7178596385174,2738.4490672729535,2737.0834634557355,101.05653654426442
TR-046102,2025-10-19,october,Dry Van,458.2,1052.13,1016.6140243647794,1000.0656593059555,1008.3398418353675,43.79015816463266
TR-046103,2025-10-19,october,Dry Van,616.1,1314.12,1291.5527457396806,1275.6684428139206,1283.6105942768006,30.50940572319928
TR-046104,2025-10-19,october,Dry Van,2321.9,4264.23,4443.534495771316,4348.272819323593,4395.903657547455,131.67365754745515
TR-046105,2025-10-19,october,Reefer,1739.0,3861.12,3716.5345324158857,3773.0395730336513,3744.7870527247687,116.33294727523116
TR-046106,2025-10-19,october,Dry Van,341.1,813.92,783.1750958503549,767.5018323313607,775.3384640908578,38.58153590914219
TR-046107,2025-10-19,october,Flatbed,2560.2,4785.48,4994.411097899305,5053.586598078704,5023.998847989004,238.51884798900483
TR-046108,2025-10-19,october,Flatbed,294.5,743.51,751.5932013411302,741.6719360875888,746.6325687143595,3.122568714359545
TR-046109,2025-10-19,october,Dry Van,846.7,1722.44,1711.388156907064,1758.5340986758097,1734.9611277914369,12.521127791436811
TR-046110,2025-10-19,october,Reefer,2742.9,5409.7,5544.7981592130645,5534.653375830003,5539.725767521533,130.02576752153345
TR-046111,2025-10-19,october,Dry Van,497.7,1180.89,1137.8890176931116,1103.0987994541833,1120.4939085736473,60.39609142635277
TR-046112,2025-10-19,october,Flatbed,330.3,850.95,827.0754988393842,828.7523852950305,827.9139420672074,23.036057932792687
TR-046113,2025-10-19,october,Dry Van,625.1,1457.78,1394.268903323854,1379.1947783723922,1386.731840848123,71.04815915187692
TR-046114,2025-10-19,october,Dry Van,395.3,934.94,909.0811695223041,897.5188022473244,903.2999858848143,31.64001411518575
TR-046115,2025-10-19,october,Reefer,1049.7,2563.17,2376.568734443754,2436.9536140841456,2406.7611742639497,156.4088257360504
TR-046116,2025-10-19,october,Dry Van,479.2,1103.2,1076.0520710541052,1055.0230214933822,1065.5375462737438,37.66245372625622
TR-046117,2025-10-19,october,Dry Van,2173.1,3858.33,4125.649857986353,4057.9018306048615,4091.7758442956074,233.44584429560746
TR-046118,2025-10-19,october,Flatbed,300.9,811.8,814.5999414200551,806.0191345059266,810.3095379629908,1.490462037009138
TR-046119,2025-10-19,october,Reefer,237.9,694.21,680.6708167607775,646.171216818542,663.4210167896597,30.788983210340348
TR-046120,2025-10-19,october,Dry Van,2298.9,4276.51,4403.341730943778,4319.438239522044,4361.3899852329105,84.87998523291026
TR-046121,2025-10-19,october,Dry Van,622.7,1329.1,1326.9075760828794,1312.072589946602,1319.4900830147408,9.609916985259133
TR-046122,2025-10-19,october,Reefer,787.3,1824.99,1803.1592615735037,1756.8232125648447,1779.991237069174,44.99876293082593
TR-046123,2025-10-19,october,Dry Van,1266.4,2615.77,2641.311665843471,2627.4126916220566,2634.362178732764,18.59217873276384
TR-046124,2025-10-19,october,Flatbed,815.1,1894.04,1846.7203123883428,1856.4445466046054,1851.582429496474,42.45757050352586
TR-046125,2025-10-19,october,Reefer,2242.1,4763.57,4780.255138847478,4822.5757679773615,4801.415453412419,37.845453412419374
TR-046126,2025-10-19,october,Reefer,1340.0,3106.0,2960.1642548874106,3003.8700883137853,2982.017171600598,123.98282839940202
TR-046127,2025-10-19,october,Flatbed,1065.5,2282.79,2370.8856602114233,2301.484463942792,2336.1850620771074,53.39506207710747
TR-046128,2025-10-19,october,Dry Van,804.4,1703.71,1674.0964684207474,1676.6119582752392,1675.3542133479932,28.355786652006827
TR-046129,2025-10-19,october,Dry Van,936.6,1827.34,1932.5689751903242,1944.4544302432419,1938.511702716783,111.1717027167831
TR-046130,2025-10-19,october,Dry Van,2396.2,4196.79,4454.479394885075,4320.450562607691,4387.464978746382,190.6749787463823
TR-046131,2025-10-19,october,Reefer,519.5,1285.74,1277.7920956387165,1273.201180326433,1275.4966379825746,10.243362017425397
TR-046132,2025-10-19,october,Reefer,2303.1,4933.39,4903.650040709393,4941.497553952746,4922.57379733107,10.8162026689306
TR-046133,2025-10-19,october,Reefer,762.4,1785.49,1758.2553285033632,1673.4170582479442,1715.8361933756537,69.65380662434632
TR-046134,2025-10-20,october,Reefer,1082.7,2564.55,2453.1214968329537,2540.067317956794,2496.594407394874,67.95559260512618
TR-046135,2025-10-20,october,Dry Van,966.1,2035.32,2028.9696778921389,2004.6154568405339,2016.7925673663362,18.527432633663693
TR-046136,2025-10-20,october,Reefer,671.0,1579.19,1541.943804835802,1524.299190897524,1533.121497866663,46.068502133337006
TR-046137,2025-10-20,october,Dry Van,1164.5,2395.54,2350.1377829543326,2369.0646272467834,2359.601205100558,35.938794899441746
TR-046138,2025-10-20,october,Flatbed,427.9,1045.84,1046.6531912237951,999.4965191501849,1023.07485518699,22.765144813009897
TR-046139,2025-10-20,october,Dry Van,686.5,1404.54,1381.3832855728538,1381.8340589246786,1381.6086722487662,22.931327751233766
TR-046140,2025-10-20,october,Dry Van,848.8,1697.02,1705.3161510038135,1725.546192379869,1715.4311716918412,18.41117169184122
TR-046141,2025-10-20,october,Dry Van,567.3,1219.35,1213.4545262825022,1219.227089725991,1216.3408080042466,3.0091919957533264
TR-046142,2025-10-20,october,Reefer,939.7,752.15,2122.6735454499494,2213.385892906663,2168.029719178306,1415.879719178306
TR-046143,2025-10-20,october,Dry Van,418.0,1006.1,990.7375054437522,948.6861117661483,969.7118086049502,36.38819139504983
TR-046144,2025-10-20,october,Flatbed,1420.7,3102.66,3043.380554160558,3127.2208044362087,3085.3006792983833,17.359320701616525
TR-046145,2025-10-20,october,Reefer,958.5,2242.82,2132.5601510816546,2173.025642196041,2152.792896638848,90.02710336115206
TR-046146,2025-10-20,october,Dry Van,999.5,2031.75,2085.0313541455275,2083.3008176888816,2084.1660859172043,52.41608591720433
TR-046147,2025-10-20,october,Dry Van,1461.4,2920.58,2999.4274507352047,2988.8063241429404,2994.1168874390723,73.53688743907242
TR-046148,2025-10-20,october,Dry Van,683.9,1431.46,1448.9382224740136,1423.5742742674556,1436.2562483707347,4.796248370734702
TR-046149,2025-10-20,october,Dry Van,1124.5,2304.5,2222.9903849920383,2266.9658411899854,2244.978113091012,59.52188690898811
TR-046150,2025-10-20,october,Reefer,221.0,642.59,656.1318551496132,609.4521337663205,632.7919944579669,9.798005542033138
TR-046151,2025-10-20,october,Dry Van,999.9,2082.87,2074.090647316521,2060.178612574163,2067.1346299453417,15.735370054658233
TR-046152,2025-10-20,october,Reefer,2029.8,4400.83,4386.160830521828,4430.824300384347,4408.492565453087,7.662565453087154
TR-046153,2025-10-20,october,Reefer,751.2,1768.13,1701.7080236602985,1662.8716236779205,1682.2898236691094,85.8401763308907
TR-046154,2025-10-20,october,Flatbed,912.4,2004.74,1906.931904834536,1973.0762009118346,1940.0040528731852,64.73594712681484
TR-046155,2025-10-20,october,Dry Van,1017.4,2072.48,2066.6659302239937,2082.684407280538,2074.6751687522656,2.1951687522655448
TR-046156,2025-10-20,october,Flatbed,741.0,1697.36,1657.8399443720184,1693.2465019008914,1675.5432231364548,21.8167768635451
TR-046157,2025-10-20,october,Dry Van,709.1,1501.82,1522.9522185945432,1513.5758895336678,1518.2640540641055,16.444054064105558
TR-046158,2025-10-20,october,Reefer,1371.3,2901.18,2875.044265890597,2984.4206608095606,2929.732463350079,28.55246335007905
TR-046159,2025-10-20,october,Flatbed,791.3,1745.83,1738.32727730116,1724.378004899376,1731.352641100268,14.477358899731826
TR-046160,2025-10-20,october,Dry Van,755.2,1685.45,1629.9610877313771,1579.1968335827705,1604.5789606570738,80.87103934292622
TR-046161,2025-10-20,october,Reefer,1252.3,2878.12,2744.1034224968657,2717.3370924505743,2730.7202574737203,147.39974252627962
TR-046162,2025-10-20,october,Dry Van,530.0,1168.91,1135.833184911801,1125.5461366858808,1130.689660798841,38.22033920115905
TR-046163,2025-10-20,october,Dry Van,124.3,332.78,335.6882863586132,284.89089420400865,310.2895902813109,22.49040971868908
TR-046164,2025-10-20,october,Reefer,813.7,1992.45,1913.75832786341,1931.8105954687185,1922.784461666064,69.66553833393596
TR-046165,2025-10-20,october,Dry Van,1084.6,2112.63,2069.8033006056526,2148.4582774248865,2109.1307890152693,3.49921098473078
TR-046166,2025-10-20,october,Flatbed,330.6,855.72,834.3668231769468,846.6293623655185,840.4980927712327,15.22190722876735
TR-046167,2025-10-20,october,Dry Van,1001.9,2086.28,2067.0779077520515,2073.9906132336014,2070.5342604928264,15.745739507173766
TR-046168,2025-10-20,october,Flatbed,817.5,1866.42,1813.4729670777688,1813.3985461117427,1813.4357565947557,52.98424340524434
TR-046169,2025-10-20,october,Dry Van,783.6,1611.06,1595.2970592866557,1619.6356220352777,1607.4663406609666,3.5936593390333655
TR-046170,2025-10-20,october,Dry Van,666.4,1445.43,1439.7332743824275,1445.2625740794142,1442.497924230921,2.9320757690791197
TR-046171,2025-10-20,october,Reefer,202.2,639.17,602.4954750983594,594.4428084611757,598.4691417797676,40.70085822023236
TR-046172,2025-10-20,october,Flatbed,1702.2,3505.44,3622.124630593127,3699.7217190122683,3660.9231748026978,155.4831748026977
TR-046173,2025-10-20,october,Flatbed,2011.2,4057.31,4216.017056673777,4141.606298741324,4178.81167770755,121.50167770755024
TR-046174,2025-10-20,october,Dry Van,2490.9,880.13,4611.335759784405,4494.291069887533,4552.8134148359695,3672.6834148359694
TR-046175,2025-10-20,october,Flatbed,1936.8,3739.53,3925.212659035662,4001.4549697062735,3963.333814370968,223.80381437096776
TR-046176,2025-10-20,october,Reefer,1311.4,2821.23,2801.418433683231,2823.6528646078514,2812.5356491455414,8.694350854458662
TR-046177,2025-10-20,october,Flatbed,929.9,1805.43,2054.0709344321986,2022.6002429397472,2038.3355886859729,232.90558868597282
TR-046178,2025-10-20,october,Reefer,1506.5,3140.88,3198.3023395648074,3248.98403866273,3223.643189113769,82.76318911376893
TR-046179,2025-10-20,october,Dry Van,1589.7,643.58,3270.9609546022143,3175.497798388673,3223.229376495444,2579.649376495444
TR-046180,2025-10-20,october,Flatbed,308.4,863.53,842.6952788105483,812.0938761777627,827.3945774941556,36.13542250584442
TR-046181,2025-10-20,october,Dry Van,378.0,870.15,832.303207475382,803.467155007482,817.8851812414321,52.26481875856791
TR-046182,2025-10-20,october,Flatbed,547.5,1308.78,1284.9908201537417,1263.0881337020537,1274.0394769278978,34.74052307210218
TR-046183,2025-10-20,october,Dry Van,1464.9,2957.72,3077.2888638096692,3087.904867976708,3082.596865893189,124.876865893189
TR-046184,2025-10-20,october,Dry Van,639.7,1330.65,1334.210338012881,1339.564463685169,1336.887400849025,6.23740084902488
TR-046185,2025-10-20,october,Dry Van,1651.1,3113.18,3245.569655020815,3227.786526675141,3236.6780908479777,123.49809084797789
TR-046186,2025-10-20,october,Dry Van,279.4,670.27,645.6137983804839,584.498213034329,615.0560057074065,55.2139942925935
TR-046187,2025-10-20,october,Dry Van,946.5,1839.62,1915.4149473997034,1917.998565101568,1916.7067562506356,77.08675625063574
TR-046188,2025-10-20,october,Reefer,1032.5,2320.32,2312.433558129739,2307.1631848505926,2309.7983714901657,10.5216285098345
TR-046189,2025-10-20,october,Flatbed,1791.2,3781.31,3759.3774055908807,3891.7127505156486,3825.5450780532647,44.235078053264715
TR-046190,2025-10-20,october,Dry Van,1760.3,3502.7,3508.796053317994,3526.8472503303137,3517.821651824154,15.121651824154014
TR-046191,2025-10-20,october,Dry Van,1052.7,2120.92,2197.426213266025,2141.8537584209803,2169.6399858435025,48.7199858435024
TR-046192,2025-10-20,october,Reefer,1679.7,3533.69,3556.858198648889,3612.7782312102963,3584.8182149295926,51.12821492959256
TR-046193,2025-10-20,october,Dry Van,687.7,1466.97,1426.2004450952322,1450.5482846160753,1438.3743648556538,28.59563514434626
TR-046194,2025-10-20,october,Dry Van,1476.0,2790.85,2943.8090744079404,2889.0414522580695,2916.425263333005,125.5752633330053
TR-046195,2025-10-20,october,Dry Van,1034.3,2088.92,2141.5724289270506,2080.7854320209753,2111.178930474013,22.25893047401314
TR-046196,2025-10-20,october,Reefer,458.9,1246.26,1219.8469740620378,1163.6346388962402,1191.7408064791389,54.51919352086111
TR-046197,2025-10-20,october,Flatbed,1515.6,3141.33,3199.195814025388,3264.968605579556,3232.082209802472,90.75220980247195
TR-046198,2025-10-20,october,Reefer,621.8,1529.35,1484.8488598933727,1456.5055973503822,1470.6772286218775,58.672771378122434
TR-046199,2025-10-20,october,Dry Van,2296.7,4278.23,4398.871712876206,4243.908899420081,4321.390306148143,43.16030614814372
TR-046200,2025-10-20,october,Dry Van,837.8,1631.08,1736.633666652463,1715.4092774828546,1726.0214720676588,94.94147206765888
TR-046201,2025-10-20,october,Reefer,923.8,2174.48,2064.813004741499,2095.167482887551,2079.990243814525,94.48975618547502
TR-046202,2025-10-20,october,Flatbed,2278.3,4503.27,4681.678251219453,4646.278352367083,4663.978301793268,160.7083017932673
TR-046203,2025-10-20,october,Dry Van,1990.6,3701.77,3839.771812714273,3796.970824929474,3818.3713188218735,116.60131882187352
TR-046204,2025-10-20,october,Reefer,2823.9,5496.55,5559.022642582999,5619.841137161535,5589.431889872267,92.88188987226658
TR-046205,2025-10-20,october,Dry Van,464.2,1028.64,1024.7091583806553,959.6266449557286,992.1679016681919,36.47209833180818
TR-046206,2025-10-20,october,Dry Van,2215.9,4063.51,4247.554145812544,4134.139798716486,4190.846972264515,127.33697226451477
TR-046207,2025-10-20,october,Flatbed,1099.9,2347.37,2413.8909744936923,2386.2897250407714,2400.0903497672316,52.72034976723171
TR-046208,2025-10-20,october,Dry Van,2324.2,4332.59,4384.625675822656,4307.09741852503,4345.861547173843,13.271547173842919
TR-046209,2025-10-20,october,Dry Van,1731.2,3252.55,3496.4074928044456,3353.284902749168,3424.8461977768065,172.29619777680637
TR-046210,2025-10-20,october,Dry Van,407.6,908.37,908.8147006331131,916.5667434168561,912.6907220249846,4.320722024984548
TR-046211,2025-10-20,october,Flatbed,375.8,970.39,923.7865589565066,911.5812729666945,917.6839159616006,52.706084038399354
TR-046212,2025-10-20,october,Dry Van,735.4,1558.89,1543.4797955403494,1551.245086462683,1547.3624410015163,11.527558998483755
TR-046213,2025-10-20,october,Flatbed,454.9,1149.12,1126.1393215534233,1102.549997200248,1114.3446593768358,34.775340623164084
TR-046214,2025-10-20,october,Flatbed,2023.4,17893.17,4296.558922159744,4379.079681420397,4337.81930179007,13555.350698209928
TR-046215,2025-10-20,october,Reefer,1078.4,2487.72,2387.4944509957554,2409.256606777752,2398.3755288867537,89.34447111324607
TR-046216,2025-10-20,october,Reefer,1469.0,3335.74,3237.0803118145054,3329.4044383437194,3283.242375079112,52.497624920887574
TR-046217,2025-10-20,october,Dry Van,631.7,1412.73,1369.9222755910516,1343.3410349949854,1356.6316552930184,56.09834470698161
TR-046218,2025-10-20,october,Flatbed,1300.5,2712.93,2816.2982010065743,2825.2110544811617,2820.754627743868,107.82462774386795
TR-046219,2025-10-20,october,Flatbed,2987.6,6093.6,5816.386474752835,6141.407197143813,5978.896835948324,114.70316405167614
TR-046220,2025-10-20,october,Reefer,816.4,1868.59,1800.782895319997,1804.0367522019671,1802.409823760982,66.18017623901801
TR-046221,2025-10-20,october,Dry Van,522.1,1202.95,1162.6870134133646,1172.6368490450468,1167.6619312292057,35.288068770794325
TR-046222,2025-10-20,october,Dry Van,828.0,1604.74,1698.4872247917335,1663.1732707619185,1680.8302477768261,76.09024777682612
TR-046223,2025-10-20,october,Reefer,274.0,793.55,764.2543303458442,727.1928767616794,745.7236035537618,47.826396446238164
TR-046224,2025-10-20,october,Reefer,1348.4,3115.6,3050.8995874092802,3085.4403812669116,3068.1699843380957,47.430015661904235
TR-046225,2025-10-20,october,Flatbed,438.0,997.17,1034.7093366670692,984.7313921168134,1009.7203643919413,12.550364391941343
TR-046226,2025-10-20,october,Dry Van,753.5,1617.98,1604.3786810010379,1586.1966783663124,1595.2876796836752,22.692320316324867
TR-046227,2025-10-20,october,Dry Van,179.2,463.0,475.78289111459617,446.68664456772217,461.23476784115917,1.7652321588408313
TR-046228,2025-10-20,october,Reefer,257.6,701.71,700.8068621722131,670.4739821256451,685.640422148929,16.069577851071017
TR-046229,2025-10-20,october,Reefer,2688.6,5490.26,5617.039786832218,5581.781288162243,5599.4105374972305,109.15053749723029
TR-046230,2025-10-20,october,Reefer,3163.4,6302.46,5785.689960418536,5761.81465039992,5773.752305409228,528.707694590772
TR-046231,2025-10-20,october,Dry Van,559.5,1213.94,1203.1747572626375,1179.6228492398552,1191.3988032512464,22.54119674875369
TR-046232,2025-10-20,october,Dry Van,617.5,1349.39,1317.55730846318,1314.892450295988,1316.224879379584,33.16512062041602
TR-046233,2025-10-20,october,Reefer,355.9,951.71,949.8306339554592,907.7908901759001,928.8107620656797,22.899237934320354
TR-046234,2025-10-20,october,Dry Van,542.1,1143.94,1159.9769634230288,1166.9968758875166,1163.4869196552727,19.54691965527263
TR-046235,2025-10-20,october,Dry Van,1539.4,2796.13,3045.904301995568,2923.711537573274,2984.807919784421,188.67791978442074
TR-046236,2025-10-20,october,Flatbed,1021.9,2108.65,2232.6422392680265,2223.7544579348614,2228.198348601444,119.5483486014441
TR-046237,2025-10-20,october,Dry Van,1448.9,2942.78,2986.200428298053,2961.921515164566,2974.060971731309,31.28097173130891
TR-046238,2025-10-20,october,Reefer,2876.1,5652.74,5801.463287498486,5803.563555142108,5802.513421320297,149.77342132029753
TR-046239,2025-10-20,october,Dry Van,540.4,1153.25,1152.0534700412447,1106.6072546535443,1129.3303623473944,23.919637652605616
TR-046240,2025-10-20,october,Flatbed,1201.7,2403.82,2567.251287714283,2468.303160489096,2517.7772241016896,113.95722410168946
TR-046241,2025-10-20,october,Dry Van,564.0,1205.46,1184.200004285165,1199.3157086529036,1191.7578564690343,13.702143530965714
TR-046242,2025-10-20,october,Reefer,529.1,1314.3,1242.6606035154364,1249.830075097661,1246.2453393065487,68.0546606934513
TR-046243,2025-10-20,october,Dry Van,760.5,1570.88,1575.6085943185858,1568.1372821710224,1571.8729382448041,0.9929382448040087
TR-046244,2025-10-20,october,Reefer,559.8,1391.18,1342.0230721369023,1340.6120499955316,1341.317561066217,49.862438933783096
TR-046245,2025-10-20,october,Dry Van,1761.1,3513.88,3566.2366354655246,3531.300314317994,3548.768474891759,34.88847489175896
TR-046246,2025-10-20,october,Dry Van,838.2,1768.2,1731.894592150126,1769.0933408235728,1750.4939664868493,17.706033513150714
TR-046247,2025-10-20,october,Reefer,470.1,1140.79,1135.7766265259734,1098.8471575956137,1117.3118920607935,23.47810793920644
TR-046248,2025-10-20,october,Flatbed,1674.4,3582.0,3542.2336139066056,3647.385804535794,3594.8097092211997,12.809709221199682
TR-046249,2025-10-20,october,Flatbed,2260.5,4426.12,4684.986160187502,4706.678806071969,4695.832483129736,269.71248312973603
TR-046250,2025-10-20,october,Reefer,335.2,846.98,835.4437851768846,812.4683788185882,823.9560819977364,23.0239180022636
TR-046251,2025-10-20,october,Dry Van,1743.3,3262.37,3426.8804673285313,3275.4226280023922,3351.1515476654617,88.78154766546186
TR-046252,2025-10-20,october,Reefer,1962.8,4354.23,4164.416094025358,4174.000801392935,4169.208447709147,185.02155229085292
TR-046253,2025-10-20,october,Dry Van,2501.2,4758.16,4844.384861970123,4725.168111568119,4784.77648676912,26.616486769120456
TR-046254,2025-10-20,october,Flatbed,630.0,1497.92,1451.0981893096168,1448.1203715737988,1449.6092804417078,48.31071955829225
TR-046255,2025-10-20,october,Dry Van,1538.4,2976.78,3143.9642911620963,3017.5794947821623,3080.7718929721295,103.99189297212934
TR-046256,2025-10-20,october,Flatbed,2151.1,4264.03,4530.250401240756,4476.340998772673,4503.2957000067145,239.26570000671472
TR-046257,2025-10-20,october,Dry Van,71.6,205.02,226.60519129235433,236.72858865495277,231.66688997365355,26.646889973653543
TR-046258,2025-10-20,october,Reefer,2661.8,5651.99,5481.91411441075,5565.933271382343,5523.9236928965465,128.06630710345325
TR-046259,2025-10-20,october,Flatbed,2618.3,5131.79,5309.2962478770105,5324.483696357562,5316.889972117286,185.0999721172857
TR-046260,2025-10-20,october,Dry Van,829.2,352.82,1701.336482487839,1707.6942600774316,1704.5153712826354,1351.6953712826355
TR-046261,2025-10-20,october,Dry Van,1544.3,3052.75,3170.582499577664,3094.1019423973794,3132.3422209875216,79.59222098752161
TR-046262,2025-10-20,october,Reefer,1046.4,2457.69,2379.0748944640386,2406.1014305410313,2392.588162502535,65.10183749746511
TR-046263,2025-10-20,october,Flatbed,626.7,1367.22,1362.7380308004258,1352.4366128114752,1357.5873218059505,9.632678194049504
TR-046264,2025-10-20,october,Dry Van,327.9,778.67,740.2441157902207,748.431038843371,744.3375773167959,34.33242268320407
TR-046265,2025-10-20,october,Dry Van,547.8,1166.08,1175.8218230779453,1215.889052119585,1195.855437598765,29.775437598765166
TR-046266,2025-10-20,october,Reefer,832.9,1893.57,1873.7183217119994,1843.2185473957425,1858.4684345538708,35.10156544612914
TR-046267,2025-10-20,october,Reefer,1945.4,3891.99,4083.4084669327467,4193.485906004323,4138.447186468535,246.45718646853493
TR-046268,2025-10-20,october,Dry Van,739.3,1579.23,1552.0690585602931,1574.2039456680782,1563.1365021141855,16.093497885814486
TR-046269,2025-10-20,october,Dry Van,1414.7,2759.83,2839.1614666654714,2785.9566651953805,2812.559065930426,52.72906593042626
TR-046270,2025-10-20,october,Reefer,439.3,1146.7,1128.7556137948263,1102.14156870046,1115.4485912476432,31.251408752356838
TR-046271,2025-10-20,october,Flatbed,632.4,1488.97,1459.876259423604,1475.945357725037,1467.9108085743205,21.0591914256795
TR-046272,2025-10-20,october,Flatbed,2890.4,5647.19,5712.531923822124,5858.430985839839,5785.481454830981,138.29145483098182
TR-046273,2025-10-20,october,Dry Van,1679.4,3202.7,3403.436433932391,3348.6096078236496,3376.0230208780204,173.32302087802054
TR-046274,2025-10-20,october,Dry Van,343.1,822.46,815.3329740781884,808.9136034610367,812.1232887696126,10.336711230387436
TR-046275,2025-10-20,october,Reefer,1764.4,3652.13,3715.7590401091124,3777.497834656908,3746.6284373830104,94.49843738301024
TR-046276,2025-10-20,october,Dry Van,1045.8,2099.75,2100.8988942251262,2139.505073023495,2120.2019836243107,20.451983624310742
TR-046277,2025-10-20,october,Dry Van,1972.3,3852.49,4021.3959911720376,3859.646949195258,3940.5214701836476,88.0314701836478
TR-046278,2025-10-20,october,Reefer,2233.7,4740.97,4651.249125234511,4705.755110511631,4678.502117873071,62.467882126929
TR-046279,2025-10-20,october,Dry Van,710.3,1435.86,1468.4885789813338,1474.0047560265657,1471.2466675039498,35.386667503949866
TR-046280,2025-10-20,october,Reefer,1775.4,3776.77,3721.2694437942455,3811.371535989125,3766.320489891685,10.449510108314826
TR-046281,2025-10-20,october,Dry Van,517.7,1114.5,1102.1235483636722,1094.883799060857,1098.5036737122646,15.996326287735428
TR-046282,2025-10-20,october,Dry Van,935.6,1885.05,1925.1638780908247,1893.0074720183693,1909.085675054597,24.03567505459705
TR-046283,2025-10-20,october,Dry Van,530.0,1108.88,1095.6770636839015,1109.0858280504926,1102.381445867197,6.498554132803065
TR-046284,2025-10-20,october,Flatbed,74.8,236.51,236.8281789938699,281.84277364312675,259.3354763184983,22.825476318498318
TR-046285,2025-10-20,october,Reefer,1190.0,2782.84,2673.60987168489,2654.2895472184728,2663.9497094516814,118.89029054831872
TR-046286,2025-10-20,october,Flatbed,338.8,906.58,868.3367305808063,862.6246659712608,865.4806982760335,41.099301723966505
TR-046287,2025-10-20,october,Dry Van,1370.1,2757.06,2768.5604604791924,2682.5879115382854,2725.574186008739,31.485813991260784
TR-046288,2025-10-20,october,Dry Van,453.6,1024.01,1012.5842360527038,979.8987373390296,996.2414866958667,27.768513304133307
TR-046289,2025-10-20,october,Dry Van,1314.7,2577.82,2628.245220822032,2658.8011195481695,2643.5231701851008,65.70317018510059
TR-046290,2025-10-20,october,Reefer,1039.6,2378.1,2380.22493607607,2374.4846563438477,2377.354796209959,0.7452037900407049
TR-046291,2025-10-20,october,Dry Van,1867.2,3382.5,3596.978655156643,3568.751358712567,3582.865006934605,200.36500693460493
TR-046292,2025-10-20,october,Dry Van,847.3,1836.09,1739.9255360342709,1756.2568455167916,1748.0911907755312,87.99880922446869
TR-046293,2025-10-20,october,Flatbed,1997.9,4000.03,4131.427078336411,4153.083536712955,4142.255307524683,142.2253075246831
TR-046294,2025-10-20,october,Dry Van,344.1,809.92,786.4394935978353,774.2458576316803,780.3426756147578,29.57732438524215
TR-046295,2025-10-20,october,Reefer,517.6,1291.54,1273.1455623215759,1266.1289608812444,1269.63726160141,21.902738398589918
TR-046296,2025-10-20,october,Flatbed,1275.8,2571.24,2638.129852510301,2651.2985845282465,2644.714218519274,73.47421851927402
TR-046297,2025-10-20,october,Reefer,304.8,861.44,832.410353212142,805.4097764358455,818.9100648239937,42.52993517600635
TR-046298,2025-10-20,october,Flatbed,1721.5,3261.52,3616.5199327116106,3599.2523188757013,3607.886125793656,346.366125793656
TR-046299,2025-10-20,october,Dry Van,1826.5,3466.18,3591.142731358506,3631.643246503504,3611.3929889310048,145.21298893100493
TR-046300,2025-10-20,october,Reefer,941.6,2155.31,2074.9386835695777,2146.7268109336424,2110.8327472516103,44.477252748389674
TR-046301,2025-10-20,october,Reefer,2815.7,5782.14,5865.190318716576,5820.501856857656,5842.846087787117,60.7060877871163
TR-046302,2025-10-20,october,Reefer,2340.2,4846.66,4906.715106926243,4963.446499068783,4935.080802997512,88.42080299751251
TR-046303,2025-10-20,october,Reefer,1238.9,2839.88,2686.6754819185808,2740.146828631556,2713.4111552750683,126.46884472493184
TR-046304,2025-10-20,october,Dry Van,459.6,1014.97,1005.0005995366746,1020.4316328192202,1012.7161161779475,2.2538838220525577
TR-046305,2025-10-20,october,Dry Van,1056.9,2054.25,2165.274888419062,2165.6300994865082,2165.452493952785,111.20249395278506
TR-046306,2025-10-20,october,Reefer,1543.2,3441.52,3358.9301977706305,3356.364006359058,3357.647102064844,83.87289793515583
TR-046307,2025-10-20,october,Reefer,1049.0,2326.16,2275.5665513425324,2230.1113472670036,2252.838949304768,73.32105069523186
TR-046308,2025-10-20,october,Reefer,1174.6,2543.87,2543.357388434809,2576.139931166255,2559.7486598005316,15.87865980053175
TR-046309,2025-10-20,october,Dry Van,78.6,217.22,253.4704750477406,238.1026681483704,245.7865715980555,28.566571598055504
TR-046310,2025-10-21,october,Reefer,2350.2,4765.0,4834.708467784234,4774.251912016822,4804.480189900528,39.480189900527876
TR-046311,2025-10-21,october,Dry Van,1685.1,3339.97,3469.4951211569055,3375.6840704695514,3422.5895958132287,82.6195958132289
TR-046312,2025-10-21,october,Dry Van,465.5,993.99,986.5644123938648,989.8413464993,988.2028794465824,5.787120553417594
TR-046313,2025-10-21,october,Dry Van,2892.2,5297.75,5423.647373502495,5303.321708977637,5363.484541240066,65.73454124006639
TR-046314,2025-10-21,october,Dry Van,774.5,1519.48,1570.648534421323,1560.2984872356537,1565.4735108284883,45.9935108284883
TR-046315,2025-10-21,october,Dry Van,760.0,1564.5,1551.6939211942565,1570.4951759619048,1561.0945485780808,3.4054514219192242
TR-046316,2025-10-21,october,Dry Van,1646.2,3197.15,3313.894477034108,3283.118383425087,3298.5064302295978,101.35643022959766
TR-046317,2025-10-21,october,Flatbed,325.3,856.63,861.0007692998772,803.2894472782004,832.1451082890388,24.484891710961165
TR-046318,2025-10-21,october,Dry Van,253.9,661.49,654.6592138392087,587.8196189219261,621.2394163805675,40.25058361943252
TR-046319,2025-10-21,october,Reefer,3005.0,5920.98,6092.357510602656,6194.574330506944,6143.4659205548,222.48592055480003
TR-046320,2025-10-21,october,Dry Van,865.5,1842.89,1793.200731255672,1781.5198950492606,1787.3603131524665,55.52968684753364
TR-046321,2025-10-21,october,Reefer,2130.7,4230.45,4434.388622305883,4520.254810318872,4477.321716312377,246.87171631237743
TR-046322,2025-10-21,october,Reefer,261.2,679.64,671.961673131346,625.3783588525407,648.6700159919433,30.969984008056713
TR-046323,2025-10-21,october,Reefer,574.5,1350.69,1296.820301874877,1297.9484415384602,1297.3843717066686,53.30562829333144
TR-046324,2025-10-21,october,Dry Van,1008.4,2179.9,2148.1550832323046,2179.929759251037,2164.042421241671,15.857578758329055
TR-046325,2025-10-21,october,Dry Van,251.9,650.05,639.8915142352532,582.9925565420367,611.442035388645,38.60796461135499
TR-046326,2025-10-21,october,Dry Van,555.9,1164.1,1127.9878630845794,1163.4074885793807,1145.6976758319802,18.40232416801973
TR-046327,2025-10-21,october,Dry Van,396.3,894.69,889.6924977168243,874.998006100993,882.3452519089087,12.344748091091333
TR-046328,2025-10-21,october,Reefer,443.3,1093.01,1088.3070076673243,1057.1090321275244,1072.7080198974245,20.3019801025755
TR-046329,2025-10-21,october,Dry Van,399.6,924.22,939.0811158709979,887.5790935485538,913.3301047097759,10.889895290224104
TR-046330,2025-10-21,october,Flatbed,340.1,882.1,871.4007633349352,848.4522104509856,859.9264868929604,22.17351310703964
TR-046331,2025-10-21,october,Reefer,481.8,1330.32,1282.8596895305982,1233.48393101999,1258.171810275294,72.14818972470584
TR-046332,2025-10-21,october,Flatbed,888.3,2065.63,1948.7579289438513,1993.8982837711328,1971.328106357492,94.30189364250805
TR-046333,2025-10-21,october,Flatbed,399.5,960.84,955.2574038157527,929.2358961719201,942.2466499938364,18.593350006163632
TR-046334,2025-10-21,october,Dry Van,1168.2,2291.87,2398.910148674595,2371.265609553911,2385.087879114253,93.21787911425326
TR-046335,2025-10-21,october,Reefer,1404.8,3093.85,2998.1007636214713,3023.36699965036,3010.7338816359156,83.11611836408429
TR-046336,2025-10-21,october,Flatbed,596.1,1412.82,1374.701443564523,1365.9916516504295,1370.3465476074762,42.47345239252377
TR-046337,2025-10-21,october,Flatbed,428.0,1023.6,1064.2302715704834,996.7385794722529,1030.4844255213682,6.884425521368144
TR-046338,2025-10-21,october,Dry Van,103.9,279.98,294.29164302850586,292.6116975634252,293.4516702959655,13.47167029596551
TR-046339,2025-10-21,october,Dry Van,2248.6,4390.62,4545.600849916738,4379.413093591394,4462.506971754066,71.88697175406651
TR-046340,2025-10-21,october,Dry Van,1205.3,2552.75,2472.8260501200275,2540.4098055119816,2506.6179278160043,46.13207218399566
TR-046341,2025-10-21,october,Dry Van,1085.7,2199.41,2262.8796584594434,2210.23458754019,2236.557122999817,37.14712299981693
TR-046342,2025-10-21,october,Dry Van,1457.5,2786.26,2885.4814444643175,2846.0820806736156,2865.7817625689668,79.52176256896655
TR-046343,2025-10-21,october,Dry Van,1468.4,2759.26,2890.396993672824,2888.1944233167146,2889.2957084947693,130.0357084947691
TR-046344,2025-10-21,october,Dry Van,612.2,1399.28,1345.14767817587,1346.895618493745,1346.0216483348074,53.25835166519255
TR-046345,2025-10-21,october,Reefer,2792.1,5735.76,5793.9878671939705,5751.502715289085,5772.745291241528,36.9852912415281
TR-046346,2025-10-21,october,Dry Van,1440.9,2905.85,2992.0858376123256,2942.3031227224515,2967.1944801673885,61.34448016738861
TR-046347,2025-10-21,october,Dry Van,355.3,873.69,863.4688303659781,830.4961967183528,846.9825135421654,26.707486457834648
TR-046348,2025-10-21,october,Flatbed,1118.1,2606.58,2326.545396104197,2455.3465948508665,2390.945995477532,215.63400452246788
TR-046349,2025-10-21,october,Flatbed,594.7,1449.76,1437.7603918481834,1421.7906091461846,1429.775500497184,19.98449950281588
TR-046350,2025-10-21,october,Reefer,749.7,1768.41,1721.6274743121678,1680.1187803718979,1700.8731273420328,67.53687265796725
TR-046351,2025-10-21,october,Flatbed,265.5,691.16,695.7798715618814,647.1665969975002,671.4732342796908,19.686765720309154
TR-046352,2025-10-21,october,Dry Van,3024.9,5460.56,5636.262310520886,5563.8586537503015,5600.060482135594,139.5004821355933
TR-046353,2025-10-21,october,Flatbed,204.1,560.6,562.9635405453502,518.413212656709,540.6883766010296,19.91162339897039
TR-046354,2025-10-21,october,Reefer,1572.4,3315.73,3455.2745748280176,3444.410531346145,3449.8425530870813,134.11255308708132
TR-046355,2025-10-21,october,Flatbed,1103.7,2407.3,2360.922534946614,2394.985184212764,2377.9538595796894,29.346140420310803
TR-046356,2025-10-21,october,Dry Van,1377.3,2650.84,2687.7529631015123,2694.0558370167914,2690.904400059152,40.06440005915192
TR-046357,2025-10-21,october,Dry Van,696.4,1512.06,1457.6440708565308,1445.424501710343,1451.5342862834368,60.52571371656313
TR-046358,2025-10-21,october,Flatbed,604.7,1388.84,1334.3004072595102,1303.9052007615305,1319.1028040105202,69.73719598947969
TR-046359,2025-10-21,october,Dry Van,1055.8,2063.13,2044.9355907997824,2086.4488982341795,2065.692244516981,2.5622445169810817
TR-046360,2025-10-21,october,Flatbed,1682.5,3377.12,3569.355588122765,3587.219639669448,3578.2876138961064,201.16761389610656
TR-046361,2025-10-21,october,Dry Van,1320.4,2542.36,2591.477314250085,2628.8049115389153,2610.1411128945,67.78111289449998
TR-046362,2025-10-21,october,Dry Van,3075.3,5786.64,5770.863078614553,5889.4722795989055,5830.167679106729,43.52767910672901
TR-046363,2025-10-21,october,Dry Van,1988.2,4013.23,4040.909237311288,3946.1264977355495,3993.5178675234188,19.712132476581246
TR-046364,2025-10-21,october,Flatbed,480.8,1182.77,1157.8481181459167,1126.6993378750662,1142.2737280104916,40.49627198950839
TR-046365,2025-10-21,october,Dry Van,1091.9,2264.85,2303.127744046185,2283.949479401105,2293.538611723645,28.688611723644954
TR-046366,2025-10-21,october,Reefer,1141.0,2624.82,2585.458728168425,2556.630384580303,2571.044556374364,53.775443625635944
TR-046367,2025-10-21,october,Dry Van,2251.9,14403.14,4543.800584132165,4416.1165895876,4479.958586859882,9923.181413140117
TR-046368,2025-10-21,october,Dry Van,1891.3,3615.45,3843.5076714935994,3683.629396266736,3763.5685338801677,148.1185338801679
TR-046369,2025-10-21,october,Dry Van,1289.1,2619.84,2642.778641745436,2618.2230117088825,2630.500826727159,10.66082672715902
TR-046370,2025-10-21,october,Flatbed,462.3,1068.05,1086.5371157252362,1019.8037647378632,1053.1704402315497,14.879559768450235
TR-046371,2025-10-21,october,Dry Van,1827.4,3466.53,3653.0267117859667,3569.007617271466,3611.0171645287164,144.48716452871622
TR-046372,2025-10-21,october,Dry Van,702.1,1505.31,1490.5840863205308,1512.6671061760167,1501.6255962482737,3.6844037517262223
TR-046373,2025-10-21,october,Dry Van,716.6,1579.25,1503.65143236951,1504.9724466940604,1504.3119395317854,74.93806046821464
TR-046374,2025-10-21,october,Reefer,1986.2,4247.13,4193.143967843838,4212.942924572482,4203.04344620816,44.08655379183983
TR-046375,2025-10-21,october,Flatbed,1079.9,2177.46,2343.316207578047,2264.1786068367037,2303.7474072073755,126.28740720737551
TR-046376,2025-10-21,october,Dry Van,416.7,913.89,925.0336580604547,920.0942266171296,922.5639423387922,8.673942338792244
TR-046377,2025-10-21,october,Flatbed,993.8,2220.12,2262.716593697284,2225.3326559145685,2244.0246248059266,23.904624805926687
TR-046378,2025-10-21,october,Reefer,885.0,2065.94,1968.617266089339,1983.7788636573591,1976.198064873349,89.74193512665101
TR-046379,2025-10-21,october,Flatbed,1507.0,3139.19,3147.4629027934434,3150.243643953348,3148.8532733733955,9.663273373395441
TR-046380,2025-10-21,october,Dry Van,115.6,350.21,374.7741318829448,342.1215039423537,358.44781791264927,8.237817912649291
TR-046381,2025-10-21,october,Dry Van,886.6,1969.61,1868.17267786587,1886.561679424724,1877.367178645297,92.24282135470298
TR-046382,2025-10-21,october,Flatbed,720.5,1734.62,1736.6549687485708,1637.0470726875578,1686.8510207180643,47.76897928193557
TR-046383,2025-10-21,october,Dry Van,1694.8,3348.55,3384.204892643372,3354.4146713641558,3369.3097820037638,20.759782003763576
TR-046384,2025-10-21,october,Dry Van,510.2,1207.14,1145.2523288353404,1140.9593602549178,1143.105844545129,64.0341554548711
TR-046385,2025-10-21,october,Dry Van,1127.1,2235.95,2216.772604286718,2300.5639049321044,2258.668254609411,22.71825460941136
TR-046386,2025-10-21,october,Reefer,1273.3,2726.46,2708.9906594897707,2701.577489172135,2705.2840743309525,21.1759256690475
TR-046387,2025-10-21,october,Flatbed,522.3,1165.49,1194.7741824412606,1181.7564640134042,1188.2653232273324,22.775323227332365
TR-046388,2025-10-21,october,Dry Van,1140.6,2383.0,2373.2115788693736,2362.915292880796,2368.063435875085,14.936564124915094
TR-046389,2025-10-21,october,Dry Van,286.7,642.65,655.6836627869807,650.9863335180885,653.3349981525346,10.684998152534604
TR-046390,2025-10-21,october,Dry Van,1555.1,3106.83,3173.5040722902,3073.842325600138,3123.673198945169,16.843198945169206
TR-046391,2025-10-21,october,Dry Van,319.0,793.99,767.8199254889089,735.1236376368702,751.4717815628895,42.51821843711048
TR-046392,2025-10-21,october,Dry Van,1271.2,2652.98,2642.8682054404153,2667.601274944465,2655.23474019244,2.25474019243984
TR-046393,2025-10-21,october,Reefer,126.6,395.97,383.2518515093747,344.98858962801637,364.1202205686956,31.849779431304455
TR-046394,2025-10-21,october,Flatbed,2034.6,4351.68,4294.221585569221,4387.832636807971,4341.027111188596,10.65288881140441
TR-046395,2025-10-21,october,Dry Van,2766.2,4900.65,5003.293344993119,4969.710178463127,4986.501761728123,85.85176172812317
TR-046396,2025-10-21,october,Dry Van,343.2,806.79,809.9458236781861,764.9898501459379,787.467836912062,19.322163087937952
TR-046397,2025-10-21,october,Dry Van,1003.4,1983.68,1948.2016884821624,2006.0964575811352,1977.1490730316486,6.530926968351423
TR-046398,2025-10-21,october,Dry Van,534.1,1251.21,1199.9873361717703,1198.8316732593305,1199.4095047155504,51.80049528444965
TR-046399,2025-10-21,october,Flatbed,984.1,2168.35,2138.1201057238436,2137.695971252489,2137.9080384881663,30.441961511833597
TR-046400,2025-10-21,october,Dry Van,276.6,123.32,672.618480538434,635.1158519057587,653.8671662220963,530.5471662220964
TR-046401,2025-10-21,october,Dry Van,541.3,1202.82,1185.4665563912292,1173.5817411494643,1179.5241487703468,23.29585122965318
TR-046402,2025-10-21,october,Dry Van,1274.9,2559.32,2563.5251033125323,2595.0351207107014,2579.280112011617,19.96011201161673
TR-046403,2025-10-21,october,Reefer,1903.5,4021.92,4024.157685025431,4102.074880495375,4063.116282760403,41.19628276040294
TR-046404,2025-10-21,october,Dry Van,1373.7,2681.19,2733.688598028643,2839.5238712426512,2786.606234635647,105.41623463564702
TR-046405,2025-10-21,october,Flatbed,531.5,1214.87,1221.6203356302412,1168.5469537170056,1195.0836446736234,19.78635532637645
TR-046406,2025-10-21,october,Dry Van,329.2,802.46,797.5983564319768,765.4348612231283,781.5166088275525,20.94339117244749
TR-046407,2025-10-21,october,Dry Van,1089.3,2216.38,2251.4011290069134,2248.081821357317,2249.741475182115,33.3614751821151
TR-046408,2025-10-21,october,Reefer,1258.7,2832.47,2779.212700901487,2741.075413162116,2760.144057031802,72.32594296819798
TR-046409,2025-10-21,october,Dry Van,673.8,1331.75,1357.3167145225736,1370.1996772624627,1363.7581958925182,32.00819589251819
TR-046410,2025-10-21,october,Flatbed,2263.4,4764.41,4668.794256141198,4727.1123763896485,4697.953316265423,66.45668373457647
TR-046411,2025-10-21,october,Reefer,1204.5,2618.04,2591.5453579605405,2576.106915132106,2583.826136546323,34.21386345367682
TR-046412,2025-10-21,october,Dry Van,833.7,1687.86,1689.2007559541128,1689.41394848054,1689.3073522173263,1.4473522173263973
TR-046413,2025-10-21,october,Dry Van,2058.6,4184.37,4170.459280297645,4081.0600132621694,4125.759646779907,58.6103532200932
TR-046414,2025-10-21,october,Dry Van,906.8,2011.67,1879.8598734027746,1914.9203483916947,1897.3901108972345,114.27988910276554
TR-046415,2025-10-21,october,Reefer,2407.5,4893.47,5161.870846691236,4971.443417979021,5066.657132335129,173.1871323351288
TR-046416,2025-10-21,october,Dry Van,1363.3,2747.92,2777.5553747888516,2788.0200028616773,2782.7876888252645,34.867688825264395
TR-046417,2025-10-21,october,Dry Van,1686.0,3304.22,3456.0606762329717,3354.3492920867748,3405.204984159873,100.98498415987342
TR-046418,2025-10-21,october,Flatbed,753.6,1742.78,1702.1549357866113,1684.0567060501746,1693.105820918393,49.67417908160701
TR-046419,2025-10-21,october,Dry Van,2299.5,4480.53,4508.688903401836,4466.162740631031,4487.425822016434,6.895822016434067
TR-046420,2025-10-21,october,Dry Van,2436.8,4119.27,4577.094213561666,4402.276406307724,4489.685309934695,370.41530993469496
TR-046421,2025-10-21,october,Dry Van,710.3,1618.05,1588.7703047568552,1551.012087171508,1569.8911959641816,48.15880403581832
TR-046422,2025-10-21,october,Dry Van,2346.2,4173.85,4394.135136201295,4245.317552765346,4319.726344483321,145.87634448332028
TR-046423,2025-10-21,october,Reefer,791.7,1981.96,1858.560005668682,1856.6701822852356,1857.6150939769586,124.3449060230414
TR-046424,2025-10-21,october,Dry Van,2489.1,4446.89,4760.477320661379,4540.834318593282,4650.655819627331,203.76581962733053
TR-046425,2025-10-21,october,Dry Van,475.9,1085.97,1072.6389995922593,1016.8703786138349,1044.754689103047,41.21531089695304
TR-046426,2025-10-21,october,Dry Van,417.8,2970.76,923.1662572332349,924.3414095005494,923.7538333668922,2047.006166633108
TR-046427,2025-10-21,october,Dry Van,406.8,900.96,939.5065686743643,856.7053954415383,898.1059820579512,2.854017942048813
TR-046428,2025-10-21,october,Flatbed,325.4,886.73,866.5139360856791,843.4258627762208,854.9698994309499,31.76010056905011
TR-046429,2025-10-21,october,Dry Van,1933.4,3790.58,3926.199827372773,3853.611008471875,3889.905417922324,99.32541792232405
TR-046430,2025-10-21,october,Reefer,634.8,1548.2,1484.4078955930408,1504.4355709462964,1494.4217332696685,53.77826673033155
TR-046431,2025-10-21,october,Dry Van,1059.5,2085.41,2124.1922037925615,2139.1504212447862,2131.671312518674,46.261312518674
TR-046432,2025-10-21,october,Reefer,758.4,1793.53,1771.498062688812,1727.0995542544697,1749.2988084716408,44.231191528359204
TR-046433,2025-10-21,october,Reefer,604.0,1428.25,1395.3614806496394,1371.291940172445,1383.3267104110423,44.92328958895769
TR-046434,2025-10-21,october,Flatbed,1057.1,2269.47,2259.118695557033,2196.255161943166,2227.6869287500995,41.78307124990033
TR-046435,2025-10-21,october,Dry Van,2130.0,3921.97,4065.719258473678,3971.475620672745,4018.597439573212,96.62743957321209
TR-046436,2025-10-21,october,Dry Van,200.0,521.48,530.9565640687628,487.0990080684164,509.0277860685896,12.452213931410427
TR-046437,2025-10-21,october,Flatbed,397.6,1046.26,1046.8424830504218,1002.2035711625917,1024.5230271065068,21.736972893493203
TR-046438,2025-10-21,october,Flatbed,658.2,1497.97,1451.5369810342906,1470.6617275819904,1461.0993543081404,36.870645691859636
TR-046439,2025-10-21,october,Dry Van,440.6,971.46,995.6142921516706,953.490689396418,974.5524907740444,3.092490774044336
TR-046440,2025-10-21,october,Dry Van,2041.5,3965.03,4027.3706329090237,4048.62402090863,4037.997326908827,72.96732690882664
TR-046441,2025-10-21,october,Dry Van,689.7,1476.03,1438.6684106861512,1454.0147780851978,1446.3415943856744,29.688405614325575
TR-046442,2025-10-21,october,Flatbed,1548.0,3213.37,3275.3429972463905,3261.4968313923987,3268.4199143193946,55.0499143193947
TR-046443,2025-10-21,october,Flatbed,872.9,1882.4,1828.6438311619615,1849.867643343048,1839.2557372525048,43.144262747495304
TR-046444,2025-10-21,october,Reefer,996.8,2276.2,2215.6176639875525,2187.18484384161,2201.4012539145815,74.79874608541832
TR-046445,2025-10-21,october,Dry Van,1555.5,3191.38,3167.91390375723,3092.4122044002474,3130.1630540787387,61.21694592126141
TR-046446,2025-10-21,october,Dry Van,1194.8,2435.41,2441.1288364529223,2515.5995168834165,2478.3641766681694,42.954176668169566
TR-046447,2025-10-21,october,Dry Van,503.2,1046.13,1049.5297479871942,1074.5314843667838,1062.030616176989,15.900616176988933
TR-046448,2025-10-21,october,Flatbed,1021.4,2198.38,2173.3053315885018,2179.304263744474,2176.304797666488,22.075202333512152
TR-046449,2025-10-21,october,Reefer,2874.3,5545.41,5574.903311990023,5701.496151717637,5638.199731853831,92.78973185383074
TR-046450,2025-10-21,october,Reefer,2135.1,4186.26,4603.832476417116,4600.008552082926,4601.920514250021,415.66051425002115
TR-046451,2025-10-21,october,Reefer,419.3,978.93,985.3789309937191,949.8472367343436,967.6130838640313,11.316916135968654
TR-046452,2025-10-21,october,Dry Van,282.5,693.04,673.8216374331807,644.9802475062504,659.4009424697156,33.63905753028439
TR-046453,2025-10-21,october,Dry Van,536.3,1110.26,1111.8904365971955,1116.6731625017678,1114.2817995494815,4.021799549481557
TR-046454,2025-10-21,october,Dry Van,2380.3,4600.85,4636.141601609235,4503.9756559143825,4570.058628761809,30.79137123819146
TR-046455,2025-10-21,october,Reefer,1663.3,3850.44,3677.3318531406558,3758.909295020203,3718.1205740804294,132.31942591957068
TR-046456,2025-10-21,october,Reefer,1704.3,3724.61,3552.171586294664,3618.9512773564984,3585.561431825581,139.04856817441896
TR-046457,2025-10-21,october,Dry Van,997.5,1986.47,2050.454841624814,2065.7157444502486,2058.0852930375313,71.61529303753127
TR-046458,2025-10-21,october,Dry Van,999.4,2088.18,2110.697753127069,2099.460382052608,2105.079067589839,16.899067589838978
TR-046459,2025-10-21,october,Dry Van,814.0,1708.45,1622.6121880547619,1661.078863357334,1641.845525706048,66.60447429395208
TR-046460,2025-10-21,october,Dry Van,218.0,530.1,546.5173702778195,479.33317239515486,512.9252713364872,17.174728663512838
TR-046461,2025-10-21,october,Dry Van,3096.8,5947.51,5831.83384258037,5974.280829966616,5903.057336273493,44.452663726507126
TR-046462,2025-10-21,october,Reefer,1622.3,3570.86,3548.7663875715534,3645.345348950268,3597.0558682609108,26.19586826091063
TR-046463,2025-10-21,october,Flatbed,568.6,1307.4,1304.676165267342,1282.745817355972,1293.710991311657,13.689008688343165
TR-046464,2025-10-21,october,Dry Van,991.0,1953.16,1941.3388456736811,2000.9511354938384,1971.1449905837599,17.98499058375978
TR-046465,2025-10-22,october,Flatbed,745.2,1663.21,1665.6658526558183,1651.9367558943356,1658.801304275077,4.408695724923064
TR-046466,2025-10-22,october,Dry Van,2864.2,5004.7,5044.5524522682745,5042.439330135401,5043.495891201837,38.79589120183755
TR-046467,2025-10-22,october,Dry Van,1700.2,3356.83,3378.144878021168,3319.5574139635246,3348.8511459923466,7.978854007653354
TR-046468,2025-10-22,october,Dry Van,833.1,1721.07,1738.9237159303773,1732.9439791622965,1735.933847546337,14.863847546336956
TR-046469,2025-10-22,october,Dry Van,458.5,1102.33,1062.334776579208,1054.7096559044735,1058.5222162418409,43.807783758159076
TR-046470,2025-10-22,october,Flatbed,1301.6,3000.82,2854.63280606909,2872.4435524845007,2863.5381792767953,137.28182072320487
TR-046471,2025-10-22,october,Reefer,1553.8,3408.71,3294.582543612465,3318.058163382468,3306.3203534974664,102.38964650253365
TR-046472,2025-10-22,october,Dry Van,102.4,301.74,330.7113572198043,322.6973581113873,326.7043576655958,24.9643576655958
TR-046473,2025-10-22,october,Flatbed,1491.3,3371.82,3184.6873321075423,3230.6995761547014,3207.693454131122,164.1265458688781
TR-046474,2025-10-22,october,Dry Van,91.6,258.37,311.491859752033,308.83789589540856,310.16487782372076,51.79487782372075
TR-046475,2025-10-22,october,Dry Van,525.8,1236.06,1176.8253670871268,1161.1442704755784,1168.9848187813527,67.07518121864723
TR-046476,2025-10-22,october,Reefer,2228.1,4921.06,4736.749763418325,4853.491218732253,4795.1204910752895,125.93950892471094
TR-046477,2025-10-22,october,Dry Van,2314.9,4096.07,4308.880749256495,4212.837841455898,4260.8592953561965,164.78929535619682
TR-046478,2025-10-22,october,Reefer,3049.9,6303.7,6198.583293261899,6329.04041861475,6263.811855938324,39.88814406167603
TR-046479,2025-10-22,october,Reefer,859.1,1930.36,1893.1762333842132,1901.5915016145002,1897.3838674993567,32.97613250064319
TR-046480,2025-10-22,october,Reefer,2018.7,3892.0,4039.432838373627,4144.655282160498,4092.0440602670624,200.04406026706238
TR-046481,2025-10-22,october,Dry Van,296.2,712.44,716.5952144704896,692.7964133160119,704.6958138932507,7.744186106749339
TR-046482,2025-10-22,october,Reefer,2139.9,4318.34,4556.541747450511,4535.087947879364,4545.814847664938,227.47484766493744
TR-046483,2025-10-22,october,Flatbed,1046.6,2411.85,2289.9594544064485,2282.280629689878,2286.120042048163,125.7299579518367
TR-046484,2025-10-22,october,Flatbed,838.8,1988.26,1922.3176524866021,1963.320221876789,1942.8189371816957,45.44106281830432
TR-046485,2025-10-22,october,Reefer,1257.8,2760.03,2783.9257666740027,2824.222272260853,2804.074019467428,44.044019467427916
TR-046486,2025-10-22,october,Flatbed,1187.3,2644.84,2625.908960945071,2686.6558731669393,2656.282417056005,11.44241705600507
TR-046487,2025-10-22,october,Flatbed,418.4,1058.45,1026.512518032489,990.2823363807818,1008.3974272066354,50.052572793364675
TR-046488,2025-10-22,october,Dry Van,1985.8,3678.77,3753.366679668118,3650.398850817741,3701.8827652429295,23.112765242929527
TR-046489,2025-10-22,october,Dry Van,2105.9,3868.49,4006.082450615497,3949.5226017577806,3977.8025261866387,109.31252618663893
TR-046490,2025-10-22,october,Flatbed,532.0,1309.84,1305.362891921749,1273.9997024110426,1289.6812971663958,20.15870283360414
TR-046491,2025-10-22,october,Dry Van,330.2,775.99,790.1273542831404,753.0874731507608,771.6074137169506,4.382586283049363
TR-046492,2025-10-22,october,Reefer,912.5,2155.11,2007.7196894501287,2044.5356974726747,2026.1276934614016,128.98230653859855
TR-046493,2025-10-22,october,Flatbed,1025.6,2146.27,2152.287871747026,2207.358256438859,2179.8230640929423,33.55306409294235
TR-046494,2025-10-22,october,Flatbed,1661.1,3629.61,3459.469088185968,3531.9100840295887,3495.6895861077783,133.92041389222186
TR-046495,2025-10-22,october,Dry Van,756.3,1742.47,1679.0921974952014,1656.410678654336,1667.7514380747687,74.71856192523137
TR-046496,2025-10-22,october,Reefer,2161.3,4523.99,4556.625421011444,4570.074808501506,4563.350114756475,39.360114756475014
TR-046497,2025-10-22,october,Reefer,2051.7,4220.16,4409.810632699194,4339.744834239331,4374.777733469262,154.61773346926202
TR-046498,2025-10-22,october,Dry Van,231.1,664.29,629.9286635688766,616.388521706923,623.1585926378998,41.13140736210016
TR-046499,2025-10-22,october,Reefer,507.2,1347.83,1284.2664993957924,1237.9669921762406,1261.1167457860165,86.71325421398342
TR-046500,2025-10-22,october,Dry Van,2958.2,5551.03,5536.210171667497,5522.291246413122,5529.25070904031,21.779290959690115
TR-046501,2025-10-22,october,Dry Van,811.1,1691.2,1679.2979607397965,1700.6530612486067,1689.9755109942016,1.2244890057984321
TR-046502,2025-10-22,october,Dry Van,504.1,1144.41,1114.7087349126118,1098.2348938312346,1106.4718143719233,37.93818562807678
TR-046503,2025-10-22,october,Flatbed,132.8,407.52,406.4408747833322,398.99666879023766,402.71877178678494,4.80122821321504
TR-046504,2025-10-22,october,Dry Van,696.5,1455.6,1454.0873486539174,1427.304277673114,1440.6958131635156,14.904186836484314
TR-046505,2025-10-22,october,Dry Van,1015.6,2043.47,2002.1454227411566,2113.577281975292,2057.8613523582244,14.391352358224367
TR-046506,2025-10-22,october,Reefer,2460.4,4995.47,5136.155280718755,5083.149416916036,5109.652348817395,114.182348817395
TR-046507,2025-10-22,october,Dry Van,446.5,1049.62,1020.481790920912,989.7744363943395,1005.1281136576258,44.49188634237407
TR-046508,2025-10-22,october,Flatbed,1136.5,2624.53,2470.129783060833,2612.283760213146,2541.2067716369893,83.32322836301091
TR-046509,2025-10-22,october,Flatbed,987.9,2138.6,2121.6985532737845,2173.9904699351273,2147.844511604456,9.244511604455965
TR-046510,2025-10-22,october,Dry Van,983.1,2022.03,2035.612279735442,2062.7068410213783,2049.15956037841,27.129560378409906
TR-046511,2025-10-22,october,Dry Van,305.9,780.71,773.3136134417184,743.0290889489606,758.1713511953395,22.53864880466051
TR-046512,2025-10-22,october,Dry Van,601.4,1385.85,1369.3680127616626,1345.8100862049907,1357.5890494833266,28.260950516673347
TR-046513,2025-10-22,october,Reefer,412.3,1025.05,1050.5433517695305,985.3882154585319,1017.9657836140312,7.084216385968716
TR-046514,2025-10-22,october,Dry Van,2444.4,4544.18,4648.6392019446885,4606.954568078712,4627.7968850117,83.6168850117001
TR-046515,2025-10-22,october,Dry Van,1471.7,2853.82,2876.5570568460907,2851.648933251618,2864.1029950488546,10.282995048854445
TR-046516,2025-10-22,october,Reefer,1325.5,2863.43,2826.2869123358473,2825.329775250588,2825.808343793218,37.62165620678206
TR-046517,2025-10-22,october,Reefer,1684.3,14784.38,3716.257051334903,3667.4468258083207,3691.8519385716118,11092.528061428387
TR-046518,2025-10-22,october,Dry Van,451.0,1045.82,1022.4803600720633,1009.9105423797921,1016.1954512259276,29.62454877407231
TR-046519,2025-10-22,october,Reefer,3059.5,6452.47,6275.281247568846,6493.734924304174,6384.50808593651,67.96191406349044
TR-046520,2025-10-22,october,Dry Van,755.0,1636.03,1577.7952908627233,1582.8223007829583,1580.3087958228407,55.72120417715928
TR-046521,2025-10-22,october,Flatbed,1105.1,2357.26,2414.398476367702,2397.526507932518,2405.96249215011,48.70249215010972
TR-046522,2025-10-22,october,Flatbed,582.4,1354.85,1379.0777967626116,1319.0912533247365,1349.0845250436741,5.765474956325761
TR-046523,2025-10-22,october,Flatbed,908.1,2044.87,1946.810816965665,1979.3822081483702,1963.0965125570176,81.77348744298229
TR-046524,2025-10-22,october,Dry Van,695.0,1441.9,1445.0042751329293,1421.830043397793,1433.417159265361,8.482840734639012
TR-046525,2025-10-22,october,Reefer,2324.6,4770.79,5043.465944221305,5008.529158432097,5025.997551326701,255.20755132670092
TR-046526,2025-10-22,october,Reefer,512.2,1328.25,1301.5620080217373,1267.2122491219402,1284.3871285718387,43.86287142816127
TR-046527,2025-10-22,october,Reefer,1826.3,3980.59,3932.2587193665345,3977.0466660020215,3954.652692684278,25.937307315722137
TR-046528,2025-10-22,october,Dry Van,391.8,871.19,888.9129970372619,839.3094107171532,864.1112038772076,7.0787961227924825
TR-046529,2025-10-22,october,Dry Van,2219.9,4028.2,4248.190615413909,4122.376256637854,4185.283436025881,157.08343602588138
TR-046530,2025-10-22,october,Reefer,1016.8,2551.19,2373.3843209063016,2379.5853847550043,2376.484852830653,174.70514716934713
TR-046531,2025-10-22,october,Reefer,1211.0,2642.91,2601.436481114978,2627.381812633955,2614.4091468744664,28.500853125533467
TR-046532,2025-10-22,october,Dry Van,1018.1,2143.64,2047.0812027086922,2125.3271964362457,2086.204199572469,57.43580042753092
TR-046533,2025-10-22,october,Dry Van,1694.9,3494.61,3476.0108485976157,3503.0386642230615,3489.5247564103383,5.085243589661786
TR-046534,2025-10-22,october,Flatbed,192.8,542.56,542.6619351278787,520.2280563572951,531.4449957425869,11.115004257413034
TR-046535,2025-10-22,october,Flatbed,1110.1,2533.72,2492.4194586817553,2513.043720031943,2502.7315893568493,30.988410643150473
TR-046536,2025-10-22,october,Dry Van,2873.2,5232.81,5373.305465604928,5264.866866211041,5319.086165907985,86.27616590798425
TR-046537,2025-10-22,october,Reefer,505.4,1309.66,1284.0711054920978,1236.33709313962,1260.204099315859,49.45590068414117
TR-046538,2025-10-22,october,Flatbed,2417.8,5006.3,5011.421030695857,5032.883710926862,5022.152370811359,15.852370811358924
TR-046539,2025-10-22,october,Dry Van,826.8,1748.43,1699.494407370497,1665.6995157839783,1682.5969615772376,65.83303842276246
TR-046540,2025-10-22,october,Reefer,793.2,1983.25,1901.6252104047203,1901.871241415365,1901.7482259100425,81.50177408995751
TR-046541,2025-10-22,october,Flatbed,2772.4,5723.31,5618.563944475515,5743.916618133125,5681.24028130432,42.06971869568042
TR-046542,2025-10-22,october,Flatbed,727.5,1560.71,1575.7873055346179,1615.3627934195038,1595.575049477061,34.86504947706089
TR-046543,2025-10-22,october,Dry Van,1146.0,2335.15,2338.259200721931,2372.5243052862374,2355.3917530040844,20.24175300408433
TR-046544,2025-10-22,october,Dry Van,463.9,1011.88,1004.8372691901114,986.5834001302005,995.7103346601559,16.169665339844073
TR-046545,2025-10-22,october,Flatbed,537.7,1238.84,1295.0909818625867,1217.8710805100636,1256.4810311863253,17.641031186325336
TR-046546,2025-10-22,october,Dry Van,2402.2,4584.52,4676.902363763341,4669.697551890609,4673.2999578269755,88.77995782697508
TR-046547,2025-10-22,october,Dry Van,1435.8,2942.45,2987.876118610072,2989.6817279843453,2988.7789232972086,46.3289232972088
TR-046548,2025-10-22,october,Dry Van,772.9,1604.29,1549.8200454045032,1530.5336386595873,1540.1768420320452,64.11315796795475
TR-046549,2025-10-22,october,Dry Van,1990.6,3721.16,3851.0856253053385,3858.5200052824985,3854.8028152939187,133.64281529391883
TR-046550,2025-10-22,october,Flatbed,500.0,1185.29,1157.7529478396502,1130.0365034922243,1143.8947256659371,41.39527433406283
TR-046551,2025-10-22,october,Flatbed,778.3,1726.53,1670.1970225342411,1686.6200480966104,1678.4085353154258,48.12146468457422
TR-046552,2025-10-22,october,Dry Van,1161.5,2301.62,2368.6695336991525,2399.2408446329805,2383.9551891660667,82.33518916606681
TR-046553,2025-10-22,october,Reefer,706.0,1660.06,1654.3918274276496,1613.4513816540696,1633.9216045408596,26.138395459140384
TR-046554,2025-10-22,october,Dry Van,522.9,1141.94,1134.6504384124794,1115.363535445841,1125.0069869291601,16.933013070839934
TR-046555,2025-10-22,october,Dry Van,487.9,1060.19,1043.9258220881677,1033.596806172433,1038.7613141303004,21.42868586969962
TR-046556,2025-10-22,october,Dry Van,2037.3,3839.75,3965.73081952105,3981.8792746957906,3973.8050471084202,134.05504710842024
TR-046557,2025-10-22,october,Flatbed,663.7,1530.79,1559.7121105181438,1498.7059279549485,1529.2090192365463,1.580980763453681
TR-046558,2025-10-22,october,Reefer,1745.0,3652.95,3693.610713374995,3766.6244676102806,3730.1175904926376,77.16759049263783
TR-046559,2025-10-22,october,Dry Van,1343.3,2699.39,2786.9139579882394,2780.930871027366,2783.9224145078024,84.53241450780251
TR-046560,2025-10-22,october,Reefer,1376.3,3332.52,3053.9538972909218,3126.2644062678137,3090.1091517793675,242.4108482206325
TR-046561,2025-10-22,october,Dry Van,326.9,780.38,767.9840088364626,740.7202194867402,754.3521141616014,26.02788583839856
TR-046562,2025-10-22,october,Flatbed,1705.9,3557.23,3572.2384373929312,3659.0196842474593,3615.6290608201953,58.399060820195245
TR-046563,2025-10-22,october,Reefer,2833.0,5851.62,5795.914173685563,5842.332283896294,5819.123228790928,32.496771209071994
TR-046564,2025-10-22,october,Dry Van,274.0,651.91,657.350542981643,600.5816062862573,628.9660746339501,22.943925366049825
TR-046565,2025-10-22,october,Flatbed,1124.0,2381.33,2391.2262097573453,2344.841024784832,2368.0336172710886,13.29638272891134
TR-046566,2025-10-22,october,Reefer,1355.9,3104.16,3073.7310278819164,3127.9943421244234,3100.8626850031696,3.2973149968302096
TR-046567,2025-10-22,october,Flatbed,1266.8,2614.42,2797.8603600135093,2757.6142467921745,2777.737303402842,163.31730340284184
TR-046568,2025-10-22,october,Dry Van,593.1,1229.26,1268.2029732362953,1254.0558286470425,1261.1294009416688,31.8694009416688
TR-046569,2025-10-22,october,Dry Van,475.0,1144.34,1092.8901029562273,1076.2160668794627,1084.553084917845,59.78691508215502
TR-046570,2025-10-22,october,Reefer,603.1,1590.58,1508.6785285113017,1462.2258049981453,1485.4521667547235,105.1278332452764
TR-046571,2025-10-22,october,Reefer,2204.7,4717.8,4775.0375273664,4832.781940829485,4803.909734097942,86.10973409794224
TR-046572,2025-10-22,october,Reefer,2934.5,6053.36,6043.973052939205,6139.54634823635,6091.759700587778,38.39970058777817
TR-046573,2025-10-22,october,Reefer,656.3,1631.66,1574.4673715579806,1522.0104994284288,1548.2389354932047,83.42106450679535
TR-046574,2025-10-22,october,Reefer,1363.5,2989.44,2942.1845302931793,2910.84278243114,2926.51365636216,62.92634363784009
TR-046575,2025-10-22,october,Dry Van,948.6,1851.21,1907.2868522487988,1944.5469058644271,1925.916879056613,74.70687905661293
TR-046576,2025-10-22,october,Reefer,2451.3,5316.93,5257.190451467292,5338.912914179829,5298.051682823561,18.87831717643894
TR-046577,2025-10-22,october,Dry Van,2646.8,4696.47,4830.528509104403,4736.018598791303,4783.273553947853,86.80355394785238
TR-046578,2025-10-22,october,Dry Van,2232.0,4048.34,4286.8988940890895,4155.498767066515,4221.198830577802,172.8588305778021
TR-046579,2025-10-22,october,Dry Van,352.3,807.53,821.1923317956577,763.1333981547707,792.1628649752142,15.367135024785739
TR-046580,2025-10-22,october,Dry Van,759.3,1628.52,1583.706312223371,1568.272822083839,1575.989567153605,52.53043284639489
TR-046581,2025-10-22,october,Dry Van,1868.2,3859.48,3814.0148153967293,3825.536523901069,3819.775669648899,39.70433035110091
TR-046582,2025-10-22,october,Dry Van,1505.8,2912.89,2981.13195560512,2941.3623215162643,2961.2471385606923,48.35713856069242
TR-046583,2025-10-22,october,Reefer,645.1,4892.72,1533.8034913747713,1501.34010568353,1517.5717985291508,3375.1482014708495
TR-046584,2025-10-22,october,Dry Van,2250.8,4314.84,4424.575511945238,4349.846114064318,4387.210813004778,72.37081300477803
TR-046585,2025-10-22,october,Dry Van,582.0,1322.8,1333.4951681363932,1290.4146038687481,1311.9548860025707,10.84511399742928
TR-046586,2025-10-22,october,Reefer,184.5,612.12,573.2502462399268,543.0990989899547,558.1746726149407,53.94532738505927
TR-046587,2025-10-22,october,Dry Van,2019.5,3585.07,3802.529798230061,3675.478562592022,3739.0041804110415,153.93418041104132
TR-046588,2025-10-22,october,Dry Van,956.4,1959.85,1962.9152190837056,1938.6887817644597,1950.8020004240825,9.047999575917402
TR-046589,2025-10-22,october,Reefer,902.8,2105.22,1987.4044408061573,1976.0225795679373,1981.7135101870472,123.50648981295262
TR-046590,2025-10-22,october,Flatbed,277.2,726.82,698.5321649615844,675.5895357856728,687.0608503736286,39.75914962637148
TR-046591,2025-10-22,october,Dry Van,470.7,1132.13,1106.10843447195,1095.0523725129449,1100.5804034924474,31.54959650755268
TR-046592,2025-10-22,october,Dry Van,1216.6,2583.27,2520.241895805301,2544.877146850454,2532.5595213278775,50.71047867212246
TR-046593,2025-10-22,october,Flatbed,349.7,873.47,883.1088364317399,831.7742679000264,857.4415521658832,16.028447834116832
TR-046594,2025-10-22,october,Flatbed,131.1,394.73,395.67349542772797,389.0530386298956,392.3632670288118,2.3667329711882417
TR-046595,2025-10-22,october,Dry Van,581.4,1211.67,1189.7763254656181,1203.002049324471,1196.3891873950447,15.280812604955372
TR-046596,2025-10-22,october,Dry Van,596.7,1225.8,1253.5963293242487,1246.6211103767162,1250.1087198504824,24.308719850482476
TR-046597,2025-10-22,october,Flatbed,692.2,1670.77,1650.0206651325088,1586.919170896728,1618.4699180146185,52.30008198538144
TR-046598,2025-10-22,october,Dry Van,684.5,1376.74,1380.3393340166178,1395.3212527730532,1387.8302933948355,11.090293394835498
TR-046599,2025-10-22,october,Flatbed,180.6,513.66,517.7554130804112,487.2223193186419,502.48886619952657,11.171133800473399
TR-046600,2025-10-22,october,Reefer,626.1,1525.01,1467.7822220517678,1465.3573159523366,1466.5697690020522,58.440230997947765
TR-046601,2025-10-22,october,Dry Van,1015.4,2052.74,2004.0306955365916,2060.0196713504583,2032.0251834435248,20.714816556474943
TR-046602,2025-10-22,october,Flatbed,794.5,1720.26,1710.4916316393299,1756.4890534062995,1733.4903425228147,13.23034252281468
TR-046603,2025-10-22,october,Dry Van,1154.7,2343.8,2398.8081445453654,2447.952198747603,2423.380171646484,79.5801716464839
TR-046604,2025-10-22,october,Flatbed,795.8,1926.44,1858.907590505602,1888.4702384342668,1873.6889144699344,52.751085530065666
TR-046605,2025-10-22,october,Dry Van,956.6,2037.74,1992.1428322637403,2006.0492453050463,1999.0960387843934,38.64396121560662
TR-046606,2025-10-22,october,Dry Van,1556.2,2916.59,3097.7109451572514,2940.915158703521,3019.313051930386,102.72305193038574
TR-046607,2025-10-22,october,Reefer,820.1,2022.85,1910.9993937886898,1916.6552218250263,1913.827307806858,109.02269219314189
TR-046608,2025-10-22,october,Reefer,2797.6,5664.3,5824.616709687108,5794.250784373107,5809.433747030107,145.13374703010686
TR-046609,2025-10-22,october,Reefer,789.1,1881.48,1906.9047521280902,1836.5501162943804,1871.7274342112353,9.752565788764741
TR-046610,2025-10-22,october,Dry Van,543.5,1164.69,1168.6993516391428,1128.4886811896286,1148.5940164143858,16.09598358561425
TR-046611,2025-10-22,october,Reefer,290.9,804.22,793.6891249250892,745.0898440587657,769.3894844919275,34.830515508072494
TR-046612,2025-10-23,october,Reefer,825.9,1942.88,1902.1571890138343,1882.3302924812172,1892.2437407475259,50.63625925247425
TR-046613,2025-10-23,october,Dry Van,176.7,474.38,464.9098631649863,418.7833013645743,441.8465822647803,32.5334177352197
TR-046614,2025-10-23,october,Flatbed,1038.6,7151.41,2227.970592873172,2198.543111706015,2213.2568522895936,4938.153147710406
TR-046615,2025-10-23,october,Flatbed,2824.2,5187.81,5589.841661369593,5608.548712048378,5599.195186708985,411.3851867089843
TR-046616,2025-10-23,october,Dry Van,531.6,1237.21,1211.958872486747,1186.922735795154,1199.4408041409506,37.76919585904943
TR-046617,2025-10-23,october,Dry Van,2116.9,4052.55,4149.6544116437835,4051.069938317609,4100.362174980696,47.812174980696
TR-046618,2025-10-23,october,Dry Van,917.0,1794.23,1842.7293087163619,1811.5528070129649,1827.1410578646633,32.911057864663235
TR-046619,2025-10-23,october,Flatbed,2310.1,4903.84,4829.732822266445,4928.742494492382,4879.237658379414,24.60234162058623
TR-046620,2025-10-23,october,Flatbed,1149.9,2588.61,2579.938534543336,2635.637293220403,2607.78791388187,19.1779138818697
TR-046621,2025-10-23,october,Flatbed,409.6,1006.81,1028.0724314658837,992.7231192027525,1010.3977753343181,3.5877753343181666
TR-046622,2025-10-23,october,Reefer,908.9,2132.94,2027.295717376387,2016.4973557374635,2021.8965365569252,111.04346344307487
TR-046623,2025-10-23,october,Reefer,1130.0,2449.96,2409.4177472066453,2409.4126811499154,2409.4152141782806,40.544785821719415
TR-046624,2025-10-23,october,Dry Van,689.6,1644.47,1551.073040909771,1528.7713169541025,1539.9221789319367,104.54782106806329
TR-046625,2025-10-23,october,Dry Van,2299.0,4481.13,4592.1539950842525,4427.508193244881,4509.831094164567,28.70109416456671
TR-046626,2025-10-23,october,Dry Van,1991.7,4032.37,4027.8729146507167,3971.508852398433,3999.690883524575,32.67911647542496
TR-046627,2025-10-23,october,Dry Van,2139.9,4170.26,4316.549411772584,4180.245769052889,4248.3975904127365,78.13759041273624
TR-046628,2025-10-23,october,Dry Van,467.8,1009.38,1009.3406974425341,992.1869643791606,1000.7638309108473,8.616169089152663
TR-046629,2025-10-23,october,Dry Van,2256.4,4048.53,4206.35047230199,4084.29348559668,4145.321978949335,96.79197894933486
TR-046630,2025-10-23,october,Dry Van,843.5,1971.47,1847.7237635473432,1899.1875037851867,1873.455633666265,98.0143663337351
TR-046631,2025-10-23,october,Reefer,396.1,1011.13,1029.075244666899,935.5562406730728,982.3157426699859,28.81425733001413
TR-046632,2025-10-23,october,Reefer,909.9,2157.52,2075.1777836760125,2064.054015578856,2069.6158996274344,87.90410037256561
TR-046633,2025-10-23,october,Dry Van,1845.8,3353.42,3519.1920434312237,3451.244449973453,3485.2182467023385,131.79824670233847
TR-046634,2025-10-23,october,Reefer,1000.9,2241.31,2270.1810395882258,2162.3134690128068,2216.247254300516,25.062745699483912
TR-046635,2025-10-23,october,Reefer,835.2,1890.04,1890.007051352762,1880.4326911563276,1885.2198712545446,4.820128745455349
TR-046636,2025-10-23,october,Reefer,428.9,1191.43,1162.5864170897048,1092.694396046793,1127.6404065682489,63.7895934317512
TR-046637,2025-10-23,october,Dry Van,150.9,380.11,411.29945092161273,359.88365079107484,385.5915508563438,5.481550856343802
TR-046638,2025-10-23,october,Reefer,465.4,1158.68,1169.42492002168,1116.435341428351,1142.9301307250155,15.749869274984576
TR-046639,2025-10-23,october,Dry Van,897.3,1884.25,1812.3240988409234,1840.9556626421902,1826.6398807415567,57.61011925844332
TR-046640,2025-10-23,october,Dry Van,1006.0,2046.68,2037.7210510285138,2053.387265119478,2045.554158073996,1.1258419260041137
TR-046641,2025-10-23,october,Dry Van,2637.6,5011.38,4996.541153327963,4880.997373442311,4938.769263385137,72.61073661486353
TR-046642,2025-10-23,october,Reefer,2343.7,5139.92,5005.616112356807,5136.937096403066,5071.2766043799365,68.64339562006353
TR-046643,2025-10-23,october,Reefer,523.3,1342.34,1315.8835800462634,1273.2147068916688,1294.5491434689661,47.790856531033796
TR-046644,2025-10-23,october,Reefer,2416.0,5367.21,5088.424917927955,5146.253089699473,5117.339003813714,249.870996186286
TR-046645,2025-10-23,october,Dry Van,2474.7,4407.32,4607.498443780697,4500.51416306358,4554.006303422138,146.68630342213874
TR-046646,2025-10-23,october,Dry Van,398.6,910.72,925.4693012092686,871.9306725306128,898.6999868699406,12.020013130059397
TR-046647,2025-10-23,october,Reefer,748.4,1780.1,1765.7631187931202,1752.705545305399,1759.2343320492596,20.865667950740317
TR-046648,2025-10-23,october,Flatbed,381.7,1003.47,993.962425310439,938.5654870982853,966.2639562043621,37.206043795637925
TR-046649,2025-10-23,october,Dry Van,847.2,1667.28,1746.8263482979423,1696.4419693993732,1721.6341588486578,54.35415884865779
TR-046650,2025-10-23,october,Dry Van,498.1,1159.83,1125.321404267953,1083.7058874386205,1104.5136458532868,55.31635414671314
TR-046651,2025-10-23,october,Dry Van,2517.9,4641.2,4773.359087204593,4702.82577451543,4738.0924308600115,96.8924308600117
TR-046652,2025-10-23,october,Flatbed,994.2,2204.92,2183.0757606791335,2146.769538977883,2164.922649828508,39.997350171492144
TR-046653,2025-10-23,october,Dry Van,529.6,1142.58,1118.816528927738,1125.4785880843838,1122.147558506061,20.432441493938995
TR-046654,2025-10-23,october,Dry Van,1550.1,3071.49,3174.340348200707,3080.020513265349,3127.180430733028,55.69043073302828
TR-046655,2025-10-23,october,Dry Van,134.5,363.25,371.6148893988984,343.05980133355024,357.3373453662243,5.912654633775674
TR-046656,2025-10-23,october,Dry Van,485.6,1041.25,1044.4098129804706,1046.6393621308894,1045.52458755568,4.27458755568
TR-046657,2025-10-23,october,Dry Van,70.0,206.33,217.8408691279706,249.21356845472246,233.5272187913465,27.1972187913465
TR-046658,2025-10-23,october,Flatbed,713.8,1676.94,1677.6155269115145,1639.9676786677642,1658.7916027896395,18.1483972103606
TR-046659,2025-10-23,october,Dry Van,813.3,1745.14,1704.6791180952666,1743.1381730096289,1723.9086455524478,21.23135444755235
TR-046660,2025-10-23,october,Dry Van,415.3,859.39,893.4745651025784,890.008252838506,891.7414089705421,32.35140897054214
TR-046661,2025-10-23,october,Reefer,864.1,2021.14,1952.1061432808233,1961.650782963192,1956.8784631220076,64.26153687799251
TR-046662,2025-10-23,october,Flatbed,638.0,1470.99,1440.3295316456304,1400.5874489274704,1420.4584902865504,50.53150971344962
TR-046663,2025-10-23,october,Dry Van,484.5,1089.06,1073.7089546450336,1070.2059241377588,1071.9574393913963,17.102560608603653
TR-046664,2025-10-23,october,Flatbed,1285.7,2824.36,2770.3525598031983,2791.8888330251066,2781.1206964141525,43.239303585847665
TR-046665,2025-10-23,october,Reefer,499.8,1336.62,1268.6666086552946,1253.7474801956662,1261.2070444254805,75.4129555745194
TR-046666,2025-10-23,october,Flatbed,1202.1,2595.2,2575.013099245087,2596.2527916931026,2585.632945469095,9.567054530904898
TR-046667,2025-10-23,october,Reefer,1735.6,3908.33,3805.5633289361554,3778.6334891821234,3792.098409059139,116.23159094086077
TR-046668,2025-10-23,october,Dry Van,1643.6,9305.14,3141.6102351446243,3199.077620519911,3170.3439278322676,6134.796072167732
TR-046669,2025-10-23,october,Dry Van,1109.2,2133.09,2102.7596320862735,2213.877844843847,2158.31873846506,25.228738465059905
TR-046670,2025-10-23,october,Flatbed,913.5,2152.1,1991.009994270489,2014.1627758879613,2002.5863850792252,149.51361492077467
TR-046671,2025-10-23,october,Dry Van,2021.2,849.97,4032.244170913568,3915.033514916932,3973.63884291525,3123.66884291525
TR-046672,2025-10-23,october,Reefer,1292.7,2949.86,2893.746680620259,2864.178911745909,2878.962796183084,70.89720381691632
TR-046673,2025-10-23,october,Reefer,366.6,969.41,944.7925522141877,864.4520273486346,904.6222897814112,64.78771021858881
TR-046674,2025-10-23,october,Reefer,100.5,321.41,287.004839719717,326.45241612134896,306.728627920533,14.681372079467053
TR-046675,2025-10-23,october,Dry Van,2161.9,4139.61,4288.24838637287,4152.916557768605,4220.582472070738,80.97247207073815
TR-046676,2025-10-23,october,Dry Van,1591.9,3197.79,3292.929556848701,3148.9894756834065,3220.9595162660535,23.169516266053506
TR-046677,2025-10-23,october,Dry Van,745.4,1596.29,1563.5043509247007,1568.8679367381624,1566.1861438314315,30.103856168568427
TR-046678,2025-10-23,october,Reefer,958.0,2167.17,2167.75740636614,2113.8363416641437,2140.796874015142,26.373125984858234
TR-046679,2025-10-23,october,Flatbed,560.2,1306.45,1299.7482383728586,1277.037455992437,1288.3928471826478,18.05715281735229
TR-046680,2025-10-23,october,Dry Van,506.5,1080.08,1066.0039158256232,1027.8624599017553,1046.9331878636892,33.1468121363107
TR-046681,2025-10-23,october,Flatbed,755.3,1786.5,1760.7139121921234,1718.014147032078,1739.3640296121007,47.135970387899306
TR-046682,2025-10-23,october,Reefer,1999.9,4514.59,4289.86739223285,4315.420694672124,4302.644043452487,211.94595654751356
TR-046683,2025-10-23,october,Dry Van,833.7,1693.15,1706.5285881285347,1702.5899722511904,1704.5592801898624,11.40928018986233
TR-046684,2025-10-23,october,Flatbed,588.2,1431.47,1437.6828663431681,1406.6416762713466,1422.1622713072575,9.307728692742558
TR-046685,2025-10-23,october,Dry Van,688.7,1443.55,1382.2405763307631,1400.4357463339443,1391.3381613323536,52.21183866764636
TR-046686,2025-10-23,october,Dry Van,197.2,546.54,529.6962565509762,512.1259503956521,520.9111034733141,25.62889652668582
TR-046687,2025-10-23,october,Reefer,580.2,1462.18,1440.5105035023346,1373.7711711597065,1407.1408373310205,55.03916266897954
TR-046688,2025-10-23,october,Dry Van,633.4,1377.08,1341.5049512079693,1363.8855721000764,1352.695261654023,24.384738345976984
TR-046689,2025-10-23,october,Flatbed,2732.4,5099.7,5306.13876419582,5284.403813184663,5295.271288690241,195.5712886902411
TR-046690,2025-10-23,october,Dry Van,2513.6,4880.25,4935.673989037379,4802.511604871399,4869.092796954389,11.157203045610913
TR-046691,2025-10-23,october,Reefer,1480.5,3442.11,3320.0888160212053,3331.33921451613,3325.714015268668,116.39598473133219
TR-046692,2025-10-23,october,Dry Van,1664.5,3305.45,3302.829959201047,3251.4841461274023,3277.1570526642245,28.292947335775352
TR-046693,2025-10-23,october,Dry Van,1148.2,2266.92,2307.101044592056,2335.215761859054,2321.158403225555,54.238403225554976
TR-046694,2025-10-23,october,Flatbed,1184.5,2714.72,2606.6999651066285,2737.782071397234,2672.2410182519316,42.478981748068236
TR-046695,2025-10-23,october,Dry Van,532.0,1242.06,1216.8382291385753,1190.6564308761597,1203.7473300073675,38.312669992632436
TR-046696,2025-10-23,october,Dry Van,837.5,1845.46,1797.5752315413376,1800.6148532474538,1799.0950423943957,46.36495760560433
TR-046697,2025-10-23,october,Reefer,1092.5,2500.44,2422.7106139594575,2375.7941953017103,2399.252404630584,101.18759536941616
TR-046698,2025-10-23,october,Dry Van,160.0,413.84,433.955197926635,386.5294025955925,410.24230026111377,3.597699738886206
TR-046699,2025-10-23,october,Reefer,665.5,1587.93,1561.6708711325675,1554.9150980700092,1558.2929846012885,29.637015398711583
TR-046700,2025-10-23,october,Flatbed,491.9,1253.74,1242.7851989135354,1189.3580263820409,1216.0716126477882,37.66838735221177
TR-046701,2025-10-23,october,Flatbed,1629.8,3568.3,3454.5363498737684,3512.680482595356,3483.6084162345624,84.69158376543783
TR-046702,2025-10-23,october,Dry Van,1508.0,3088.52,3049.2645198231917,3084.9810060988366,3067.122762961014,21.397237038986077
TR-046703,2025-10-23,october,Dry Van,517.2,1125.09,1097.1370250054883,1087.9018104250708,1092.5194177152796,32.57058228472033
TR-046704,2025-10-23,october,Dry Van,887.0,2035.6,1891.8245155420802,1927.927054927384,1909.8757852347321,125.72421476526779
TR-046705,2025-10-23,october,Dry Van,542.3,1169.61,1159.7315630013184,1142.7375807055644,1151.2345718534414,18.375428146558534
TR-046706,2025-10-23,october,Dry Van,2027.0,3717.95,3862.082829292023,3699.962556724624,3781.0226930083236,63.07269300832377
TR-046707,2025-10-23,october,Dry Van,2004.4,3829.0,3792.6934143160693,3826.6225703647947,3809.657992340432,19.342007659568026
TR-046708,2025-10-23,october,Dry Van,451.2,1075.14,1066.3748772739332,1052.4456575359866,1059.41026740496,15.729732595040105
TR-046709,2025-10-23,october,Dry Van,2120.3,4018.27,4161.4583107319295,4125.9284844762215,4143.6933976040755,125.42339760407549
TR-046710,2025-10-23,october,Dry Van,622.1,1428.98,1376.395662096918,1365.2524615889151,1370.8240618429165,58.15593815708348
TR-046711,2025-10-23,october,Dry Van,2168.0,4100.18,4299.4872648405835,4093.1188831104932,4196.303073975539,96.12307397553832
TR-046712,2025-10-23,october,Reefer,1209.1,2780.68,2700.202005535891,2758.5409330857624,2729.371469310827,51.30853068917304
TR-046713,2025-10-23,october,Dry Van,677.2,1518.72,1477.601669439204,1460.451621467238,1469.0266454532211,49.69335454677889
TR-046714,2025-10-23,october,Reefer,948.2,2200.86,2123.940013166253,2123.291648234437,2123.615830700345,77.24416929965491
TR-046715,2025-10-23,october,Dry Van,1038.4,2308.44,2191.5744078387597,2203.2066245701403,2197.3905162044503,111.0494837955498
TR-046716,2025-10-23,october,Flatbed,410.9,1109.65,1074.1923403230633,1030.1600255784456,1052.1761829507545,57.473817049245554
TR-046717,2025-10-23,october,Dry Van,2845.4,5354.03,5459.817377455577,5306.224957355111,5383.021167405344,28.99116740534464
TR-046718,2025-10-23,october,Dry Van,439.1,972.57,974.2721184997584,965.022210398404,969.6471644490812,2.922835550918876
TR-046719,2025-10-23,october,Dry Van,277.5,722.84,688.9698021883763,667.5017642734715,678.235783230924,44.60421676907606
TR-046720,2025-10-23,october,Flatbed,616.7,572.98,1383.1898944954316,1370.5746144936265,1376.8822544945292,803.9022544945292
TR-046721,2025-10-23,october,Flatbed,348.2,921.11,918.2723565561547,898.099015291057,908.1856859236059,12.924314076394126
TR-046722,2025-10-23,october,Dry Van,2100.1,4135.5,4185.722707022277,4056.6797995974102,4121.201253309844,14.298746690155895
TR-046723,2025-10-23,october,Dry Van,2980.2,5618.27,5589.606998531687,5564.034055612719,5576.820527072203,41.449472927797615
TR-046724,2025-10-23,october,Dry Van,230.8,612.01,606.0458718249222,553.3598249612342,579.7028483930782,32.30715160692182
TR-046725,2025-10-23,october,Flatbed,599.8,1371.1,1397.887731499455,1333.8578867931997,1365.8728091463272,5.22719085367271
TR-046726,2025-10-23,october,Dry Van,509.1,1230.04,1196.3522998819417,1191.6487489928668,1194.0005244374042,36.039475562595726
TR-046727,2025-10-23,october,Flatbed,661.5,1563.23,1558.9033985038175,1486.3522584353345,1522.627828469576,40.60217153042413
TR-046728,2025-10-23,october,Dry Van,2436.5,4268.73,4610.9502673779925,4353.397054697339,4482.173661037666,213.44366103766606
TR-046729,2025-10-23,october,Reefer,955.2,2114.63,2104.9214469162685,2092.1215658278634,2098.521506372066,16.108493627933967
TR-046730,2025-10-23,october,Dry Van,447.5,990.67,1012.1563020703334,958.4394272656818,985.2978646680076,5.372135331992354
TR-046731,2025-10-23,october,Dry Van,479.3,4635.85,1108.812925528439,1086.1543489663943,1097.4836372474167,3538.366362752584
TR-046732,2025-10-23,october,Dry Van,1190.0,2393.29,2380.704945143587,2456.6841740371988,2418.6945595903926,25.404559590392637
TR-046733,2025-10-23,october,Flatbed,2310.6,4605.7,4737.657134966082,4674.422322853794,4706.039728909938,100.33972890993846
TR-046734,2025-10-23,october,Reefer,2415.1,4970.7,5082.723475433575,5021.576133804036,5052.149804618805,81.4498046188055
TR-046735,2025-10-23,october,Dry Van,586.3,1245.2,1245.5313328600357,1201.4507229068545,1223.491027883445,21.70897211655506
TR-046736,2025-10-23,october,Flatbed,2367.8,4815.53,5058.736261244734,4965.189798139903,5011.963029692319,196.433029692319
TR-046737,2025-10-23,october,Dry Van,790.3,1624.97,1613.505825640383,1634.1373581042153,1623.821591872299,1.1484081277010318
TR-046738,2025-10-23,october,Dry Van,2799.4,5035.02,5150.340393728154,5038.294951759795,5094.317672743975,59.297672743974545
TR-046739,2025-10-23,october,Dry Van,940.3,1853.8,1924.5503965767045,1937.0778610741572,1930.814128825431,77.01412882543104
TR-046740,2025-10-23,october,Dry Van,2003.5,3895.0,3930.9212809268374,3855.2821505155434,3893.1017157211904,1.8982842788095695
TR-046741,2025-10-23,october,Flatbed,2451.1,5150.17,5059.1115641142505,5169.2530602358665,5114.1823121750585,35.98768782494153
TR-046742,2025-10-23,october,Flatbed,500.4,1112.23,1134.2972285414296,1072.984683491098,1103.6409560162638,8.589043983736246
TR-046743,2025-10-23,october,Dry Van,275.2,654.13,666.5528054837223,617.7965736216822,642.1746895527023,11.955310447297734
TR-046744,2025-10-23,october,Dry Van,219.1,583.45,560.4987084938847,538.8583166899473,549.6785125919159,33.77148740808411
TR-046745,2025-10-23,october,Reefer,695.5,1596.84,1597.3593393540104,1527.3695400952374,1562.364439724624,34.47556027537598
TR-046746,2025-10-23,october,Reefer,1681.0,3731.56,3553.3269115631165,3588.787597299369,3571.0572544312427,160.5027455687573
TR-046747,2025-10-23,october,Dry Van,364.3,863.63,865.1696200073783,819.1398549980836,842.154737502731,21.475262497269
TR-046748,2025-10-23,october,Dry Van,2049.1,3944.99,3996.2947798079226,3868.921784635584,3932.608282221753,12.381717778246639
TR-046749,2025-10-23,october,Dry Van,1113.4,2142.57,2121.5973368112664,2216.7564271286515,2169.176881969959,26.606881969958977
TR-046750,2025-10-23,october,Dry Van,383.7,924.83,912.7780176479234,874.9608830914929,893.8694503697081,30.960549630291894
TR-046751,2025-10-23,october,Reefer,929.1,2187.86,2138.8231082408383,2103.859775697441,2121.34144196914,66.51855803086028
TR-046752,2025-10-23,october,Dry Van,2433.2,4645.48,4705.433811080792,4585.673919555282,4645.553865318037,0.07386531803786056
TR-046753,2025-10-23,october,Dry Van,687.4,1480.07,1417.58762798179,1426.6770952975353,1422.1323616396626,57.93763836033736
TR-046754,2025-10-23,october,Dry Van,785.0,1706.94,1687.3947344367905,1687.4451309489364,1687.4199326928633,19.520067307136742
TR-046755,2025-10-23,october,Dry Van,1876.2,3748.08,3842.1118470195006,3806.836303519881,3824.4740752696907,76.3940752696908
TR-046756,2025-10-23,october,Dry Van,866.3,1852.24,1799.6790668686258,1801.7613568711106,1800.7202118698683,51.5197881301317
TR-046757,2025-10-23,october,Dry Van,1235.4,2619.79,2604.319867792175,2628.2906940806097,2616.3052809363926,3.484719063607372
TR-046758,2025-10-23,october,Reefer,374.3,939.94,947.4271616778284,868.9103410333892,908.1687513556087,31.771248644391335
TR-046759,2025-10-23,october,Dry Van,434.4,1062.75,1057.0516866466264,1021.1769023199294,1039.114294483278,23.635705516722055
TR-046760,2025-10-23,october,Dry Van,465.8,1153.14,1126.7679603913482,1105.2955146329177,1116.031737512133,37.10826248786702
TR-046761,2025-10-23,october,Flatbed,1771.3,3789.36,3742.1050368639408,3780.231068761271,3761.168052812606,28.191947187393907
TR-046762,2025-10-23,october,Reefer,185.8,596.86,581.5420761379655,556.1376094264397,568.8398427822026,28.02015721779742
TR-046763,2025-10-23,october,Dry Van,1490.2,3084.04,3052.832161118957,3011.984690215583,3032.4084256672704,51.63157433272954
TR-046764,2025-10-23,october,Dry Van,508.3,1255.82,1179.386974652034,1165.2492668741643,1172.3181207630992,83.50187923690078
TR-046765,2025-10-23,october,Flatbed,693.2,1761.27,1726.5825810612464,1608.7524683123254,1667.6675246867858,93.6024753132142
TR-046766,2025-10-23,october,Reefer,916.9,2288.92,2128.7774793007948,2129.5576740524425,2129.1675766766184,159.75242332338166
TR-046767,2025-10-23,october,Dry Van,1066.2,2211.88,2279.9721625342554,2218.675199081368,2249.323680807812,37.44368080781169
TR-046768,2025-10-24,october,Dry Van,1451.4,3003.33,3078.353766147707,3008.1615966048203,3043.2576813762635,39.927681376263536
TR-046769,2025-10-24,october,Flatbed,1612.3,3553.74,3401.586266169266,3389.7582756528927,3395.672270911079,158.06772908892071
TR-046770,2025-10-24,october,Dry Van,1054.4,2133.6,2138.5901966185234,2189.0324221103865,2163.811309364455,30.211309364455246
TR-046771,2025-10-24,october,Dry Van,1087.7,2137.08,2097.2110165431304,2193.679267092649,2145.4451418178896,8.365141817889707
TR-046772,2025-10-24,october,Dry Van,376.5,882.15,878.1530992366525,840.0978356732562,859.1254674549543,23.024532545045645
TR-046773,2025-10-24,october,Dry Van,207.0,568.79,553.094263659668,545.2779740944422,549.1861188770552,19.603881122944813
TR-046774,2025-10-24,october,Flatbed,2586.1,5267.14,5278.281382269471,5203.826397629007,5241.0538899492385,26.086110050761818
TR-046775,2025-10-24,october,Flatbed,2632.8,5090.24,5283.282314728869,5360.128606941244,5321.705460835056,231.46546083505655
TR-046776,2025-10-24,october,Dry Van,345.9,842.01,839.5736311030249,807.6518676787882,823.6127493909066,18.397250609093362
TR-046777,2025-10-24,october,Dry Van,615.8,1398.76,1351.5057552458861,1330.917772495023,1341.2117638704544,57.54823612954556
TR-046778,2025-10-24,october,Dry Van,1001.8,537.57,2082.277906691612,2083.206474058299,2082.7421903749555,1545.1721903749553
TR-046779,2025-10-24,october,Dry Van,1832.4,3574.44,3731.3284516204876,3706.3715071667166,3718.849979393602,144.40997939360204
TR-046780,2025-10-24,october,Reefer,818.5,1894.78,1848.2947422349828,1850.1878885790654,1849.241315407024,45.53868459297587
TR-046781,2025-10-24,october,Dry Van,435.1,1015.18,1001.5933901513058,978.2698620154567,989.9316260833813,25.248373916618675
TR-046782,2025-10-24,october,Reefer,836.0,2059.56,2000.8765522988303,1993.5579904196352,1997.2172713592327,62.34272864076729
TR-046783,2025-10-24,october,Dry Van,201.7,526.96,539.5413687643452,539.1397248611538,539.3405468127495,12.380546812749458
TR-046784,2025-10-24,october,Reefer,726.1,1841.3,1792.4941426565983,1688.141075311033,1740.3176089838157,100.98239101618424
TR-046785,2025-10-24,october,Dry Van,572.4,1316.74,1315.4369943677734,1295.0450924428274,1305.2410434053004,11.49895659469962
TR-046786,2025-10-24,october,Reefer,721.5,1620.85,1586.516177264694,1553.9437692230463,1570.22997324387,50.620026756129846
TR-046787,2025-10-24,october,Reefer,654.4,1602.69,1598.571348843051,1549.9417494574686,1574.2565491502598,28.43345084974021
TR-046788,2025-10-24,october,Dry Van,725.4,1542.94,1525.7709018717815,1504.1522936536007,1514.961597762691,27.978402237308956
TR-046789,2025-10-24,october,Dry Van,444.8,1030.9,1019.7542198214492,992.6904997148065,1006.2223597681278,24.67764023187226
TR-046790,2025-10-24,october,Dry Van,334.9,848.27,818.4248382366085,806.6105781712163,812.5177082039124,35.75229179608755
TR-046791,2025-10-24,october,Reefer,859.7,1942.11,1888.5137477922456,1909.088418340453,1898.8010830663493,43.30891693365061
TR-046792,2025-10-24,october,Dry Van,449.4,1080.16,1064.6509874009294,1040.4238597184622,1052.5374235596958,27.62257644030433
TR-046793,2025-10-24,october,Dry Van,201.1,539.01,542.0436501465639,519.2065311836136,530.6250906650887,8.384909334911299
TR-046794,2025-10-24,october,Dry Van,732.2,1612.83,1556.4124998833524,1554.8005772750566,1555.6065385792044,57.2234614207955
TR-046795,2025-10-24,october,Dry Van,580.7,1313.54,1257.5964424257345,1240.9230931277116,1249.259767776723,64.28023222327693
TR-046796,2025-10-24,october,Dry Van,1148.2,2270.13,2336.8897172387283,2415.0833641681384,2375.986540703433,105.85654070343298
TR-046797,2025-10-24,october,Dry Van,3071.2,5919.08,5868.595069345241,5850.505615212197,5859.550342278719,59.52965772128118
TR-046798,2025-10-24,october,Flatbed,611.9,1522.89,1430.6470867991839,1412.3343903260666,1421.4907385626252,101.39926143737489
TR-046799,2025-10-24,october,Dry Van,2097.2,4063.42,4193.183158494851,4035.402656094305,4114.292907294578,50.872907294578
TR-046800,2025-10-24,october,Reefer,811.1,2003.53,1916.9173272978358,1896.6798012884242,1906.7985642931299,96.73143570687012
TR-046801,2025-10-24,october,Dry Van,1204.1,2485.6,2512.5639996892796,2482.3071062786403,2497.43555298396,11.835552983960042
TR-046802,2025-10-24,october,Dry Van,2800.4,4817.06,5127.847889169793,4810.98115213967,4969.414520654731,152.35452065473055
TR-046803,2025-10-24,october,Reefer,2776.7,5560.64,5751.280848527229,5593.35407854418,5672.3174635357045,111.67746353570419
TR-046804,2025-10-24,october,Dry Van,341.2,786.95,775.9699214638737,733.7184934805,754.8442074721868,32.105792527813264
TR-046805,2025-10-24,october,Dry Van,334.7,831.97,831.8761380813866,811.043871357376,821.4600047193812,10.509995280618796
TR-046806,2025-10-24,october,Dry Van,1158.2,2488.38,2422.289277864472,2404.8785315438126,2413.5839047041422,74.79609529585787
TR-046807,2025-10-24,october,Reefer,1579.0,3544.56,3397.171541462943,3399.2810304769573,3398.2262859699504,146.33371403004958
TR-046808,2025-10-24,october,Dry Van,744.7,1578.16,1559.5017462318713,1596.0479128430416,1577.7748295374563,0.3851704625437833
TR-046809,2025-10-24,october,Reefer,2946.0,6105.86,6015.365209963943,5941.933077976411,5978.649143970177,127.21085602982293
TR-046810,2025-10-24,october,Dry Van,2235.7,4422.7,4490.8609380933685,4306.926532232491,4398.89373516293,23.806264837069648
TR-046811,2025-10-24,october,Reefer,820.2,2020.54,1918.3471170538241,1854.7317358652558,1886.53942645954,134.00057354045998
TR-046812,2025-10-24,october,Reefer,2713.3,5842.97,5629.54962774625,5592.200023375355,5610.8748255608025,232.09517443919776
TR-046813,2025-10-24,october,Dry Van,1455.9,2829.31,2932.4646806408823,2882.3673447814804,2907.4160127111813,78.10601271118139
TR-046814,2025-10-24,october,Dry Van,1994.1,4112.14,3998.1711493176567,3985.9297817129186,3992.0504655152877,120.08953448471266
TR-046815,2025-10-24,october,Dry Van,1650.7,3326.87,3359.1892777643025,3331.5557074821663,3345.3724926232344,18.502492623234502
TR-046816,2025-10-24,october,Flatbed,1143.1,2364.43,2436.265825499915,2452.008966385521,2444.1373959427183,79.70739594271845
TR-046817,2025-10-24,october,Reefer,132.4,410.84,413.59216583539586,391.3088073769113,402.4504866061536,8.389513393846357
TR-046818,2025-10-24,october,Dry Van,567.9,1273.33,1206.4353128435146,1209.7079111323364,1208.0716119879255,65.25838801207442
TR-046819,2025-10-24,october,Reefer,1019.9,2496.4,2347.24411803924,2254.78744215155,2301.015780095395,195.3842199046053
TR-046820,2025-10-24,october,Dry Van,977.6,1930.19,1940.4504691704826,1978.6555803777442,1959.5530247741135,29.363024774113455
TR-046821,2025-10-24,october,Dry Van,1166.0,2322.58,2345.237927613871,2441.748490450905,2393.493209032388,70.9132090323883
TR-046822,2025-10-24,october,Reefer,1295.4,2919.45,2934.1769573588213,2922.660414751426,2928.4186860551235,8.968686055123726
TR-046823,2025-10-24,october,Reefer,405.6,1032.25,1042.4106928057358,943.695795434126,993.0532441199309,39.19675588006908
TR-046824,2025-10-24,october,Dry Van,331.8,781.04,764.2249922477256,767.9045341221358,766.0647631849307,14.975236815069252
TR-046825,2025-10-24,october,Dry Van,387.9,856.78,869.4024368173451,867.3997253602224,868.4010810887837,11.62108108878374
TR-046826,2025-10-24,october,Flatbed,976.0,2152.48,2127.6228680287504,2122.501436046801,2125.0621520377754,27.41784796222464
TR-046827,2025-10-24,october,Reefer,371.7,914.61,912.6749271679282,829.3653679689698,871.020147568449,43.58985243155098
TR-046828,2025-10-24,october,Dry Van,1717.1,3218.52,3387.11529111458,3323.2844301019923,3355.199860608286,136.67986060828616
TR-046829,2025-10-24,october,Dry Van,481.2,1056.33,1063.0676333629842,1032.561552008729,1047.8145926858565,8.515407314143431
TR-046830,2025-10-24,october,Dry Van,94.1,247.16,269.2343680623881,272.022632035671,270.6285000490295,23.46850004902953
TR-046831,2025-10-24,october,Reefer,445.6,1241.29,1186.8026180298311,1140.114853298815,1163.458735664323,77.8312643356769
TR-046832,2025-10-24,october,Dry Van,1666.9,3273.81,3395.6225726082725,3361.852796216049,3378.737684412161,104.92768441216094
TR-046833,2025-10-24,october,Dry Van,1057.7,2064.72,2109.590488184764,2101.075462369198,2105.332975276981,40.61297527698116
TR-046834,2025-10-24,october,Dry Van,623.0,1351.0,1326.6750335049962,1334.5657066688543,1330.6203700869253,20.379629913074723
TR-046835,2025-10-24,october,Dry Van,1169.9,2366.54,2433.5225977313935,2443.9692390732785,2438.745918402336,72.20591840233601
TR-046836,2025-10-24,october,Dry Van,721.5,1549.05,1533.4488069534252,1513.8820820991136,1523.6654445262693,25.384555473730643
TR-046837,2025-10-24,october,Dry Van,901.2,1963.48,1881.5517446388374,1862.7288295435947,1872.1402870912161,91.3397129087839
TR-046838,2025-10-24,october,Reefer,981.1,2183.37,2143.01380205558,2135.806309231617,2139.4100556435988,43.95994435640114
TR-046839,2025-10-24,october,Dry Van,2328.4,4612.68,4632.91138289585,4374.821854308758,4503.866618602304,108.8133813976965
TR-046840,2025-10-24,october,Reefer,446.8,1146.4,1143.091188359005,1067.6866177502777,1105.3889030546413,41.01109694535876
TR-046841,2025-10-24,october,Dry Van,2873.6,5041.36,5166.145696344445,5020.044241219014,5093.09496878173,51.73496878173046
TR-046842,2025-10-24,october,Dry Van,2481.8,4460.36,4649.02249253607,4603.614895998437,4626.318694267253,165.95869426725312
TR-046843,2025-10-24,october,Flatbed,875.0,2027.34,1931.818598082992,1936.8265976443552,1934.3225978636735,93.01740213632638
TR-046844,2025-10-24,october,Reefer,347.0,906.44,899.377728107922,812.573173175259,855.9754506415904,50.46454935840961
TR-046845,2025-10-24,october,Reefer,2333.7,5016.76,5061.4055183472865,5021.386005517257,5041.395761932272,24.635761932271635
TR-046846,2025-10-24,october,Reefer,1801.3,3947.41,3910.6932655880128,3918.5171454832603,3914.6052055356367,32.80479446436311
TR-046847,2025-10-24,october,Reefer,105.2,347.45,357.8925891180148,330.1942579534975,344.0434235357562,3.4065764642438126
TR-046848,2025-10-24,october,Dry Van,722.9,1544.49,1509.2528011060576,1476.939549888678,1493.0961754973678,51.39382450263224
TR-046849,2025-10-24,october,Reefer,1295.1,2957.02,2821.8058561952466,2856.499386321605,2839.152621258426,117.86737874157416
TR-046850,2025-10-24,october,Dry Van,1021.1,2004.06,1938.7096644124995,2018.0457192487036,1978.3776918306016,25.68230816939831
TR-046851,2025-10-24,october,Dry Van,2770.4,5197.41,5307.833548124857,5224.711826257968,5266.272687191413,68.86268719141299
TR-046852,2025-10-24,october,Dry Van,484.7,1037.31,1010.3535052763018,1038.1120119690715,1024.2327586226866,13.077241377313385
TR-046853,2025-10-24,october,Dry Van,2573.2,4484.15,4675.504349216492,4564.250522687573,4619.877435952032,135.72743595203247
TR-046854,2025-10-24,october,Dry Van,1093.0,2182.45,2179.940092744727,2223.491691601514,2201.7158921731207,19.265892173120847
TR-046855,2025-10-24,october,Flatbed,810.9,1961.82,1896.3709976052653,1898.2970991683817,1897.3340483868235,64.48595161317644
TR-046856,2025-10-24,october,Dry Van,792.9,1764.57,1725.2708297526087,1732.600527080635,1728.9356784166218,35.634321583378096
TR-046857,2025-10-24,october,Dry Van,2091.6,3778.16,3944.625414961905,3800.515093287049,3872.570254124477,94.41025412447698
TR-046858,2025-10-24,october,Reefer,2048.7,4545.43,4414.523371708276,4501.268944670917,4457.8961581895965,87.53384181040383
TR-046859,2025-10-24,october,Dry Van,1429.4,2828.93,2948.6796460490427,2906.9697694159854,2927.824707732514,98.89470773251423
TR-046860,2025-10-24,october,Dry Van,1186.7,2500.76,2417.552645961357,2443.3003841802424,2430.4265150707997,70.3334849292005
TR-046861,2025-10-24,october,Dry Van,1831.3,3571.42,3687.294321436983,3563.1798853467017,3625.2371033918425,53.817103391842465
TR-046862,2025-10-24,october,Flatbed,472.6,1177.33,1148.3114511031067,1144.1142474082924,1146.2128492556994,31.11715074430049
TR-046863,2025-10-24,october,Flatbed,874.8,2040.47,1928.0720641546236,1943.7865412281576,1935.9293026913906,104.54069730860942
TR-046864,2025-10-24,october,Dry Van,973.0,2075.72,2046.2118044084689,2024.7064456303292,2035.459125019399,40.260874980600875
TR-046865,2025-10-24,october,Reefer,1554.5,3351.21,3339.7134103985877,3290.735782331111,3315.2245963648493,35.98540363515076
TR-046866,2025-10-24,october,Dry Van,1746.4,3446.99,3607.164454256423,3550.0408292608126,3578.602641758618,131.61264175861834
TR-046867,2025-10-24,october,Dry Van,444.2,1019.9,1006.904922369056,1002.2136608700921,1004.559291619574,15.340708380426008
TR-046868,2025-10-24,october,Flatbed,271.9,691.24,681.8066866222827,642.3362356458156,662.0714611340491,29.16853886595095
TR-046869,2025-10-24,october,Dry Van,293.7,721.17,702.8779125376699,708.8782425618715,705.8780775497708,15.291922450229208
TR-046870,2025-10-24,october,Flatbed,2060.1,4280.56,4394.823909330708,4424.735551884295,4409.779730607502,129.21973060750133
TR-046871,2025-10-24,october,Dry Van,2184.0,4269.87,4391.081529215818,4275.489988402149,4333.285758808983,63.4157588089829
TR-046872,2025-10-24,october,Reefer,428.0,1132.72,1147.9494950274561,1045.7162967737404,1096.8328959005983,35.88710409940177
TR-046873,2025-10-24,october,Reefer,1127.2,2543.19,2495.3759797959788,2411.8606059020462,2453.6182928490125,89.57170715098755
TR-046874,2025-10-24,october,Dry Van,2709.4,5106.94,5126.021623682619,5034.154740959841,5080.088182321229,26.851817678770203
TR-046875,2025-10-24,october,Flatbed,440.5,1206.29,1173.3005144661931,1130.320602462039,1151.8105584641162,54.47944153588378
TR-046876,2025-10-24,october,Dry Van,238.1,611.2,614.8357054055463,586.6242906958232,600.7299980506848,10.470001949315247
TR-046877,2025-10-24,october,Flatbed,751.4,1821.59,1789.6359505687876,1762.277632451173,1775.9567915099803,45.63320849001957
TR-046878,2025-10-24,october,Reefer,547.1,1352.69,1295.9217294920677,1241.730042306655,1268.8258858993613,83.86411410063874
TR-046879,2025-10-24,october,Dry Van,918.9,1817.19,1908.654015210303,1851.2122263002873,1879.933120755295,62.74312075529497
TR-046880,2025-10-24,october,Dry Van,1189.4,2391.6,2411.497401734056,2477.273468118907,2444.3854349264816,52.785434926481685
TR-046881,2025-10-24,october,Dry Van,747.3,1508.97,1536.5601327518634,1530.587444633863,1533.5737886928632,24.60378869286319
TR-046882,2025-10-24,october,Reefer,1230.5,2706.87,2683.6019857441693,2731.5382138429723,2707.570099793571,0.7000997935710984
TR-046883,2025-10-24,october,Dry Van,930.8,1930.36,1918.7880923447144,1900.7910058670973,1909.7895491059057,20.570450894094165
TR-046884,2025-10-24,october,Dry Van,366.9,877.06,873.9833325834845,830.5863403829555,852.28483648322,24.775163516779912
TR-046885,2025-10-24,october,Dry Van,863.1,1760.68,1759.9833461946716,1788.482527217207,1774.2329367059392,13.552936705939146
TR-046886,2025-10-24,october,Dry Van,767.1,1657.13,1624.4876550080921,1606.539844104672,1615.5137495563822,41.6162504436179
TR-046887,2025-10-24,october,Dry Van,1829.7,3536.49,3560.24914259256,3602.6084653973107,3581.428803994935,44.93880399493537
TR-046888,2025-10-24,october,Dry Van,848.8,1843.39,1775.2715494000686,1769.9485773639199,1772.6100633819942,70.77993661800588
TR-046889,2025-10-24,october,Reefer,1176.1,2850.6,2566.3641499691025,2690.320472685472,2628.3423113272875,222.25768867271245
TR-046890,2025-10-24,october,Dry Van,914.2,1834.67,1819.0112281222898,1780.3208892850184,1799.666058703654,35.003941296346056
TR-046891,2025-10-24,october,Dry Van,1340.7,2720.09,2739.4787795523885,2681.24956249104,2710.3641710217144,9.72582897828579
TR-046892,2025-10-24,october,Flatbed,2109.7,4049.7,4303.525985885417,4317.0114589914465,4310.268722438432,260.5687224384319
TR-046893,2025-10-25,october,Flatbed,992.6,2168.46,2104.2876144148936,2136.1155916340886,2120.2016030244913,48.25839697550873
TR-046894,2025-10-25,october,Dry Van,335.1,824.89,805.2774423589211,802.2079869759068,803.742714667414,21.147285332585966
TR-046895,2025-10-25,october,Dry Van,1935.0,3542.49,3648.225252415855,3655.318900966018,3651.7720766909365,109.28207669093672
TR-046896,2025-10-25,october,Flatbed,1164.2,2423.51,2498.606630065402,2444.4433355797028,2471.5249828225524,48.014982822552156
TR-046897,2025-10-25,october,Dry Van,421.8,1054.99,1021.4983219109519,1009.3765915848453,1015.4374567478985,39.552543252101486
TR-046898,2025-10-25,october,Flatbed,588.4,1499.88,1434.9508398627445,1390.5840495209525,1412.7674446918486,87.11255530815151
TR-046899,2025-10-25,october,Dry Van,817.9,1700.4,1660.3209772571772,1688.6025423286521,1674.4617597929146,25.938240207085528
TR-046900,2025-10-25,october,Dry Van,140.3,394.21,377.3729878871911,357.9844298326004,367.6787088598958,26.5312911401042
TR-046901,2025-10-25,october,Dry Van,628.7,1338.77,1304.9540040366203,1305.0217456654755,1304.9878748510478,33.78212514895222
TR-046902,2025-10-25,october,Dry Van,180.4,519.46,503.60500684855714,488.0909768869153,495.84799186773625,23.61200813226378
TR-046903,2025-10-25,october,Flatbed,196.8,506.74,529.0704955437706,494.98686339546975,512.0286794696201,5.288679469620092
TR-046904,2025-10-25,october,Dry Van,2817.6,5194.25,5257.929987321177,5315.050248640493,5286.490117980835,92.24011798083484
TR-046905,2025-10-25,october,Dry Van,1752.8,3421.33,3525.5872418129793,3465.8403832495596,3495.7138125312695,74.38381253126954
TR-046906,2025-10-25,october,Reefer,1042.0,2192.85,2266.2948035119066,2251.3750861833823,2258.8349448476447,65.98494484764478
TR-046907,2025-10-25,october,Dry Van,1476.1,2772.67,2934.4069704319954,2786.9263750463924,2860.666672739194,87.99667273919385
TR-046908,2025-10-25,october,Flatbed,298.7,858.95,814.5018050322919,795.0505579313722,804.776181481832,54.17381851816799
TR-046909,2025-10-25,october,Flatbed,1651.4,3442.24,3442.0963461871875,3492.035543739067,3467.0659449631275,24.825944963127768
TR-046910,2025-10-25,october,Dry Van,2176.1,4007.86,4180.3616294663425,4067.532260767421,4123.946945116882,116.08694511688145
TR-046911,2025-10-25,october,Dry Van,1861.0,3533.47,3693.13378716604,3652.703482377924,3672.918634771982,139.44863477198214
TR-046912,2025-10-25,october,Dry Van,2803.2,5124.21,5333.475814835284,5221.878179388255,5277.67699711177,153.46699711177007
TR-046913,2025-10-25,october,Dry Van,2175.5,4082.26,4153.130853977427,4114.52376419043,4133.827309083928,51.567309083928194
TR-046914,2025-10-25,october,Dry Van,135.0,361.46,368.3253813877643,344.8467834314324,356.58608240959836,4.873917590401618
TR-046915,2025-10-25,october,Dry Van,864.4,1753.15,1784.3488644138174,1796.2344685218027,1790.29166646781,37.141666467809955
TR-046916,2025-10-25,october,Flatbed,274.4,193.34,706.9761386009283,656.845792157131,681.9109653790297,488.57096537902964
TR-046917,2025-10-25,october,Dry Van,664.1,1519.81,1466.0163304657758,1426.0250592353254,1446.0206948505506,73.78930514944932
TR-046918,2025-10-25,october,Dry Van,1259.0,2580.8,2555.2357359432417,2588.4933051083062,2571.864520525774,8.935479474226213
TR-046919,2025-10-25,october,Dry Van,2206.8,4092.76,4251.46059046606,4198.983194602866,4225.221892534463,132.461892534463
TR-046920,2025-10-25,october,Dry Van,997.6,2131.5,2117.758625342395,2116.3442257201727,2117.0514255312837,14.448574468716288
TR-046921,2025-10-25,october,Dry Van,2233.8,3939.01,4209.562001411847,4091.8096611013325,4150.685831256589,211.67583125658894
TR-046922,2025-10-25,october,Reefer,962.3,2286.05,2180.594630265644,2128.9129423346444,2154.7537863001444,131.2962136998558
TR-046923,2025-10-25,october,Dry Van,566.4,1223.1,1214.635594292885,1209.7922889818283,1212.2139416373566,10.886058362643325
TR-046924,2025-10-25,october,Dry Van,1054.3,2033.55,2036.9451770382939,2066.7441290701454,2051.8446530542196,18.29465305421968
TR-046925,2025-10-25,october,Dry Van,762.6,1547.7,1576.6228133841,1549.8905930214448,1563.2567032027723,15.556703202772269
TR-046926,2025-10-25,october,Flatbed,1334.9,2775.97,2855.264401993617,2859.7400032057276,2857.5022025996723,81.53220259967247
TR-046927,2025-10-25,october,Flatbed,1090.4,2267.05,2361.7051932373056,2327.611570710944,2344.6583819741245,77.60838197412431
TR-046928,2025-10-25,october,Dry Van,1239.7,2285.95,2453.8658888972045,2399.6149194334885,2426.7404041653463,140.79040416534644
TR-046929,2025-10-25,october,Flatbed,832.9,1934.56,1869.242685025979,1871.4565096228077,1870.3495973243935,64.21040267560647
TR-046930,2025-10-25,october,Dry Van,437.4,960.9,983.1405897742694,942.6433884878925,962.8919891310809,1.9919891310809135
TR-046931,2025-10-25,october,Reefer,1603.0,3321.85,3368.9452400269306,3342.0376905297544,3355.4914652783427,33.64146527834282
TR-046932,2025-10-25,october,Dry Van,1041.5,2138.88,2141.0673791385484,2135.1703229825835,2138.118851060566,0.7611489394339515
TR-046933,2025-10-25,october,Reefer,950.2,2064.59,2065.966547339032,2049.7904509853147,2057.8784991621733,6.711500837826861
TR-046934,2025-10-25,october,Flatbed,2677.0,5088.39,5162.890135965213,5208.93240681247,5185.911271388841,97.52127138884043
TR-046935,2025-10-25,october,Reefer,490.7,1120.58,1147.8516158604157,1084.5791470038748,1116.2153814321453,4.364618567854677
TR-046936,2025-10-25,october,Dry Van,1906.2,3792.49,3896.372035212494,3813.477728782258,3854.9248819973764,62.43488199737658
TR-046937,2025-10-25,october,Dry Van,1071.4,2333.64,2291.723516249045,2220.4337543947304,2256.0786353218878,77.56136467811211
TR-046938,2025-10-25,october,Reefer,701.2,1505.32,1568.381867020168,1547.7611078117193,1558.0714874159437,52.75148741594376
TR-046939,2025-10-25,october,Flatbed,1390.1,2956.38,2911.390517529375,2915.8966066432267,2913.643562086301,42.73643791369932
TR-046940,2025-10-25,october,Dry Van,802.6,1714.9,1697.5882535757294,1701.4761159768682,1699.532184776299,15.3678152237012
TR-046941,2025-10-25,october,Flatbed,1980.9,4096.18,4132.133651519696,4233.51459999404,4182.824125756868,86.64412575686765
TR-046942,2025-10-25,october,Dry Van,905.0,1983.74,1854.5599967412368,1890.3826186997792,1872.4713077205079,111.26869227949214
TR-046943,2025-10-25,october,Flatbed,1371.7,3072.03,2932.8439824798247,2957.706364098649,2945.2751732892366,126.75482671076361
TR-046944,2025-10-25,october,Reefer,116.1,353.74,356.09826545125566,348.1842750642029,352.1412702577293,1.5987297422707343
TR-046945,2025-10-25,october,Dry Van,2179.5,4059.09,4126.026618531269,4079.2519914241816,4102.639304977725,43.549304977725114
TR-046946,2025-10-25,october,Dry Van,265.5,680.55,656.1836412438519,655.6103873890968,655.8970143164743,24.652985683525685
TR-046947,2025-10-25,october,Dry Van,333.4,887.53,829.2783302074478,810.1292273720771,819.7037787897625,67.82622121023746
TR-046948,2025-10-25,october,Reefer,232.3,714.42,704.2867232703661,682.7649877880035,693.5258555291848,20.89414447081515
TR-046949,2025-10-25,october,Dry Van,776.1,1673.57,1663.1416823098523,1663.0226860185517,1663.0821841642019,10.487815835798074
TR-046950,2025-10-25,october,Dry Van,303.0,751.87,871.8293631364738,710.0035454072929,790.9164542718834,39.04645427188336
TR-046951,2025-10-25,october,Dry Van,652.4,1492.31,1434.3327283906758,1420.2544750867628,1427.2936017387192,65.01639826128076
TR-046952,2025-10-25,october,Dry Van,466.5,1059.77,1041.8673229912943,1012.8295403436412,1027.3484316674676,32.42156833253239
TR-046953,2025-10-25,october,Dry Van,626.3,1370.51,1313.949557807736,1299.7016286050568,1306.8255932063964,63.68440679360356
TR-046954,2025-10-25,october,Reefer,949.5,2252.81,2159.661849725869,2196.279258448549,2177.970554087209,74.83944591279078
TR-046955,2025-10-25,october,Dry Van,1148.7,2196.46,2243.3512117823016,2229.2781582578214,2236.3146850200615,39.854685020061424
TR-046956,2025-10-25,october,Reefer,3117.1,6393.87,6197.338010408564,6600.522244367153,6398.930127387858,5.0601273878583015
TR-046957,2025-10-25,october,Dry Van,612.6,1279.85,1279.9809904912115,1266.980534426637,1273.4807624589243,6.369237541075563
TR-046958,2025-10-25,october,Dry Van,1738.1,3198.68,3423.977672441602,3313.097452806236,3368.5375626239193,169.85756262391942
TR-046959,2025-10-25,october,Dry Van,1509.1,2844.94,2988.8393967530537,2857.304281841911,2923.0718392974823,78.1318392974822
TR-046960,2025-10-25,october,Reefer,1152.9,2515.87,2486.2820732619343,2472.337250077943,2479.3096616699386,36.56033833006131
TR-046961,2025-10-25,october,Reefer,1179.4,2616.17,2572.6140784103104,2532.025522467165,2552.3198004387377,63.85019956126234
TR-046962,2025-10-25,october,Reefer,947.3,2227.13,2079.134119055973,2110.6352530594586,2094.884686057716,132.24531394228416
TR-046963,2025-10-25,october,Flatbed,2786.4,5362.45,5371.547202897521,5455.52025001926,5413.53372645839,51.08372645839063
TR-046964,2025-10-25,october,Dry Van,689.3,1397.89,1384.518477846104,1410.3807706612688,1397.4496242536864,0.4403757463137481
TR-046965,2025-10-25,october,Flatbed,356.6,876.75,867.2712643151151,819.9546046219059,843.6129344685105,33.1370655314895
TR-046966,2025-10-25,october,Reefer,1282.4,2865.13,2830.4164656195426,2745.4613182773646,2787.9388919484536,77.19110805154651
TR-046967,2025-10-25,october,Dry Van,1747.6,3264.18,3437.9625923746667,3335.9829902245856,3386.972791299626,122.79279129962606
TR-046968,2025-10-25,october,Dry Van,2118.9,3843.33,4026.4482760646893,3936.5759710546736,3981.5121235596816,138.1821235596817
TR-046969,2025-10-25,october,Flatbed,807.3,1834.44,1817.7862514417707,1863.6329000300339,1840.7095757359023,6.269575735902208
TR-046970,2025-10-25,october,Dry Van,741.1,1668.77,1591.033076236842,1588.251830539287,1589.6424533880645,79.12754661193549
TR-046971,2025-10-25,october,Dry Van,916.0,1873.64,1868.6706545948646,1863.3682803933675,1866.019467494116,7.620532505884057
TR-046972,2025-10-25,october,Reefer,855.9,1896.67,1840.3487151719714,1846.6965702198756,1843.5226426959234,53.14735730407665
TR-046973,2025-10-25,october,Dry Van,1427.0,2854.8,2978.8825019652563,2909.45409408361,2944.168298024433,89.36829802443299
TR-046974,2025-10-25,october,Reefer,984.2,2317.04,2202.990920941152,2248.9679512707753,2225.979436105964,91.06056389403602
TR-046975,2025-10-25,october,Dry Van,623.2,1347.61,1322.2540448120733,1308.0976893215218,1315.1758670667975,32.43413293320236
TR-046976,2025-10-25,october,Dry Van,976.5,2020.36,2067.5132949388444,2043.1107048883773,2055.3119999136106,34.951999913610734
TR-046977,2025-10-25,october,Reefer,2618.5,5504.73,5470.39853344981,5523.554432053999,5496.976482751905,7.753517248094795
TR-046978,2025-10-25,october,Dry Van,294.5,729.69,727.9007516577518,713.7686134107855,720.8346825342687,8.855317465731332
TR-046979,2025-10-25,october,Reefer,85.5,287.65,247.55616880390662,267.46608023942713,257.5111245216669,30.13887547833309
TR-046980,2025-10-25,october,Reefer,2242.7,1955.15,4518.237814298844,4444.894612559212,4481.566213429028,2526.4162134290277
TR-046981,2025-10-25,october,Dry Van,1045.6,2232.83,2199.3108744296287,2216.0923107872686,2207.7015926084487,25.128407391551264
TR-046982,2025-10-25,october,Reefer,2308.4,4704.57,4884.825041079675,4768.238806760272,4826.531923919974,121.96192391997465
TR-046983,2025-10-25,october,Dry Van,373.0,882.19,857.593542568381,828.3920272584282,842.9927849134046,39.197215086595406
TR-046984,2025-10-25,october,Dry Van,418.2,927.8,900.9518188222262,905.7119534048531,903.3318861135397,24.468113886460287
TR-046985,2025-10-25,october,Dry Van,572.2,1228.72,1193.0073705120067,1181.0335271893994,1187.020448850703,41.69955114929712
TR-046986,2025-10-25,october,Reefer,1379.7,2975.48,2976.23546095519,2886.0475872611146,2931.141524108152,44.33847589184779
TR-046987,2025-10-25,october,Dry Van,1496.1,3145.82,3087.861669666371,3096.683066565128,3092.2723681157495,53.54763188425068
TR-046988,2025-10-25,october,Dry Van,1008.6,2111.77,2040.1932896819658,2092.865882009191,2066.5295858455784,45.240414154421615
TR-046989,2025-10-25,october,Reefer,364.9,999.58,983.8658271592425,909.9426341304752,946.9042306448589,52.67576935514114
TR-046990,2025-10-25,october,Dry Van,2396.6,4468.02,4651.797363903618,4538.876690782351,4595.337027342985,127.31702734298415
TR-046991,2025-10-25,october,Reefer,1226.0,2834.71,2691.328168353237,2745.2051796858973,2718.2666740195673,116.44332598043275
TR-046992,2025-10-25,october,Flatbed,1863.3,3645.57,3990.8068919595703,3886.2612449794833,3938.5340684695266,292.9640684695264
TR-046993,2025-10-25,october,Dry Van,1054.6,2165.8,2191.467566133267,2156.1688674970906,2173.818216815179,8.018216815178675
TR-046994,2025-10-25,october,Dry Van,1074.2,2232.43,2177.808610346812,2171.1297891665035,2174.469199756658,57.960800243341964
TR-046995,2025-10-25,october,Dry Van,1262.3,2607.9,2650.105951262983,2653.690823169486,2651.8983872162344,43.99838721623428
TR-046996,2025-10-25,october,Dry Van,558.8,1177.69,1143.9224378676952,1171.2280712628394,1157.5752545652672,20.114745434732868
TR-046997,2025-10-25,october,Dry Van,397.4,908.07,908.2424510086943,870.4234261085385,889.3329385586164,18.737061441383617
TR-046998,2025-10-25,october,Reefer,947.8,2156.17,2110.3909442115646,2096.6053491013813,2103.498146656473,52.67185334352689
TR-046999,2025-10-25,october,Dry Van,337.0,768.23,759.4430875276653,758.9081507511723,759.1756191394188,9.054380860581205
TR-047000,2025-10-25,october,Dry Van,444.1,1000.2,988.6885092649437,952.9514903885886,970.8199998267662,29.38000017323384
TR-047001,2025-10-25,october,Dry Van,907.2,2022.55,1929.91539546891,1925.9765813085378,1927.945988388724,94.60401161127606
TR-047002,2025-10-25,october,Dry Van,223.4,232.16,579.1331162273939,538.6904741206183,558.9117951740061,326.75179517400613
TR-047003,2025-10-25,october,Reefer,676.9,1712.44,1675.0432071635526,1594.8949430055525,1634.9690750845525,77.47092491544754
TR-047004,2025-10-25,october,Dry Van,691.7,1638.62,1551.4516766818783,1510.548265206673,1530.9999709442757,107.62002905572422
TR-047005,2025-10-25,october,Flatbed,2789.2,5783.94,5636.429409464633,5730.59667270018,5683.513041082406,100.42695891759377
TR-047006,2025-10-25,october,Reefer,2065.3,4325.87,4302.692481569569,4350.257645734699,4326.475063652134,0.6050636521340493
TR-047007,2025-10-25,october,Flatbed,2147.4,4102.43,4437.9894663588475,4376.084260040226,4407.036863199537,304.60686319953675
TR-047008,2025-10-25,october,Flatbed,964.5,2084.15,2095.0936483064197,2081.146774446649,2088.1202113765344,3.97021137653428
TR-047009,2025-10-25,october,Dry Van,1017.3,2062.62,2069.7132613306385,2068.4770094769965,2069.0951354038175,6.475135403817603
TR-047010,2025-10-25,october,Flatbed,648.9,1514.16,1489.943765047961,1480.5548957368055,1485.2493303923834,28.910669607616683
TR-047011,2025-10-25,october,Dry Van,2426.3,4488.55,4655.7516409667605,4437.157085645686,4546.454363306223,57.904363306222876
TR-047012,2025-10-25,october,Flatbed,2084.1,4502.22,4351.058372734789,4335.861283122171,4343.45982792848,158.76017207152017
TR-047013,2025-10-25,october,Reefer,493.4,1148.13,1169.7009466600555,1108.2968453355952,1138.9988959978255,9.131104002174652
TR-047014,2025-10-25,october,Reefer,557.8,1550.93,1416.9594323453944,1410.1521332833427,1413.5557828143685,137.37421718563155
TR-047015,2025-10-25,october,Dry Van,242.0,621.03,623.0229498467754,618.8946116993782,620.9587807730768,0.07121922692317639
TR-047016,2025-10-25,october,Reefer,704.1,1630.48,1582.6457819120583,1565.9499674032336,1574.297874657646,56.182125342354084
TR-047017,2025-10-25,october,Dry Van,194.9,503.56,493.80463305478077,462.6086237877498,478.2066284212653,25.35337157873471
TR-047018,2025-10-25,october,Flatbed,1798.4,3910.78,3803.167617304115,3897.54130631216,3850.354461808138,60.425538191862415
TR-047019,2025-10-25,october,Dry Van,1758.7,3313.8,3455.1630717402195,3406.54595847338,3430.8545151067997,117.0545151067995
TR-047020,2025-10-25,october,Dry Van,301.8,705.41,701.2538742557944,689.2875603896107,695.2707173227025,10.139282677297501
TR-047021,2025-10-25,october,Dry Van,1965.1,3831.16,3886.754055360775,3837.4331673960496,3862.0936113784123,30.93361137841248
TR-047022,2025-10-25,october,Dry Van,1945.9,3677.44,3740.239580477544,3731.6659440715953,3735.95276227457,58.51276227456992
TR-047023,2025-10-25,october,Dry Van,1611.8,3306.69,3305.938825416143,3239.504916615693,3272.721871015918,33.968128984081886
TR-047024,2025-10-25,october,Flatbed,462.7,1086.2,1101.216991406317,1074.5411087519922,1087.8790500791547,1.6790500791546492
TR-047025,2025-10-25,october,Dry Van,337.2,809.72,810.5080083555453,782.9525582039632,796.7302832797543,12.989716720245724
TR-047026,2025-10-25,october,Dry Van,825.7,1850.22,1770.688290769318,1792.7818307686805,1781.7350607689991,68.48493923100091
TR-047027,2025-10-25,october,Flatbed,1735.7,3629.01,3761.5303119270584,3780.2001514234253,3770.865231675242,141.8552316752416
TR-047028,2025-10-25,october,Dry Van,850.3,1753.44,1725.8805626126784,1765.0197235164037,1745.450143064541,7.989856935459102
TR-047029,2025-10-25,october,Reefer,2076.0,4322.72,4459.420043740488,4379.470623775319,4419.445333757903,96.72533375790317
TR-047030,2025-10-25,october,Reefer,1090.2,2545.72,2425.0709932908007,2463.613991296262,2444.3424922935314,101.37750770646835
TR-047031,2025-10-25,october,Flatbed,851.3,1831.3,1775.9410215640958,1813.656187615718,1794.798604589907,36.50139541009298
TR-047032,2025-10-25,october,Dry Van,1296.4,2527.94,2524.253262407086,2587.5654372502736,2555.9093498286798,27.969349828679697
TR-047033,2025-10-25,october,Flatbed,1241.6,2811.06,2760.913610376436,2686.860133900774,2723.886872138605,87.17312786139473
TR-047034,2025-10-25,october,Dry Van,1013.5,2014.89,2044.3050234888801,2073.4933329001597,2058.8991781945197,44.00917819451956
TR-047035,2025-10-25,october,Reefer,1218.5,2753.01,2652.0245931077575,2658.9515862057574,2655.4880896567574,97.52191034324278
TR-047036,2025-10-25,october,Reefer,233.1,638.47,645.3251755013373,599.6444605664003,622.4848180338688,15.985181966131222
TR-047037,2025-10-25,october,Dry Van,778.2,1552.97,1578.6189224525165,1595.7029524757625,1587.1609374641394,34.190937464139324
TR-047038,2025-10-25,october,Flatbed,1362.5,2860.54,2846.3356351662137,2841.747727017433,2844.041681091823,16.49831890817677
TR-047039,2025-10-25,october,Dry Van,405.0,1000.42,949.9108611372949,900.0853120192774,924.9980865782861,75.42191342171384
TR-047040,2025-10-25,october,Reefer,591.9,1423.75,1393.9730177960862,1398.5119236680362,1396.242470732061,27.507529267938935
TR-047041,2025-10-25,october,Flatbed,204.0,550.15,561.6862831360492,578.4861574769711,570.0862203065101,19.93622030651011
TR-047042,2025-10-25,october,Dry Van,1856.4,3613.02,3730.778940830084,3731.038454075144,3730.908697452614,117.888697452614
TR-047043,2025-10-25,october,Dry Van,2010.2,3992.29,4071.8999079056434,3987.2673922813287,4029.583650093486,37.29365009348612
TR-047044,2025-10-25,october,Dry Van,352.5,820.69,832.0074114690005,767.623277619175,799.8153445440878,20.87465545591226
TR-047045,2025-10-25,october,Dry Van,542.6,1142.57,1154.279065979629,1141.2518524659272,1147.7654592227782,5.195459222778254
TR-047046,2025-10-25,october,Dry Van,708.9,1583.21,1531.1113884972442,1494.056548429484,1512.5839684633643,70.62603153663576
TR-047047,2025-10-25,october,Dry Van,368.1,904.35,884.3871902336753,860.3904081635494,872.3887991986123,31.96120080138769
TR-047048,2025-10-25,october,Dry Van,354.2,856.49,830.9713298745108,787.167186925677,809.069258400094,47.42074159990602
TR-047049,2025-10-25,october,Dry Van,1878.6,3438.35,3601.4223186687686,3630.553640196561,3615.987979432665,177.6379794326649
TR-047050,2025-10-25,october,Reefer,394.7,999.99,1002.4194926332336,931.6647898023712,967.0421412178024,32.94785878219761
TR-047051,2025-10-25,october,Reefer,2191.9,4391.4,4679.909116931162,4525.741437062108,4602.825276996635,211.42527699663515
TR-047052,2025-10-25,october,Dry Van,779.2,1713.46,1636.3380351076903,1633.6136591062716,1634.9758471069808,78.4841528930192
TR-047053,2025-10-25,october,Reefer,2490.5,4830.23,5329.0899114569365,5099.2099234569205,5214.149917456929,383.9199174569294
TR-047054,2025-10-25,october,Dry Van,2047.0,3839.87,3934.6644918698184,3730.1937170014717,3832.429104435645,7.4408955643548325
TR-047055,2025-10-25,october,Dry Van,242.7,562.6,579.2051428971024,540.3435573695665,559.7743501333345,2.8256498666655716
TR-047056,2025-10-25,october,Dry Van,983.1,1876.18,1917.1003615012055,1956.1392081069207,1936.619784804063,60.43978480406304
TR-047057,2025-10-26,october,Dry Van,489.2,1075.78,1085.297381542869,1042.9418104793472,1064.1195960111081,11.660403988891858
TR-047058,2025-10-26,october,Flatbed,196.8,467.14,497.65203789586576,484.36640995201924,491.0092239239425,23.869223923942513
TR-047059,2025-10-26,october,Dry Van,1359.3,2669.92,2683.3515735137776,2730.3715616261134,2706.8615675699457,36.94156756994562
TR-047060,2025-10-26,october,Reefer,1188.2,2629.73,2607.8493185690427,2628.7298300168277,2618.289574292935,11.44042570706506
TR-047061,2025-10-26,october,Dry Van,1414.2,2729.68,2910.628049471234,2778.922239617799,2844.7751445445165,115.09514454451664
TR-047062,2025-10-26,october,Reefer,1218.8,2785.11,2689.273356736869,2747.894978775428,2718.5841677561484,66.52583224385171
TR-047063,2025-10-26,october,Reefer,914.5,1877.18,1915.039450637957,1915.0858291680565,1915.0626399030068,37.88263990300675
TR-047064,2025-10-26,october,Dry Van,576.1,1208.17,1216.7761373031055,1201.072803656946,1208.9244704800258,0.7544704800257023
TR-047065,2025-10-26,october,Dry Van,1320.9,2493.38,2550.014673947216,2569.9901148203808,2560.0023943837987,66.62239438379856
TR-047066,2025-10-26,october,Flatbed,958.0,2134.04,2094.25113891899,2124.98488760656,2109.618013262775,24.42198673722487
TR-047067,2025-10-26,october,Reefer,3190.3,5961.73,6068.531512623582,6197.430804852673,6132.981158738127,171.25115873812774
TR-047068,2025-10-26,october,Dry Van,449.8,1043.04,1009.6717489018773,992.9438952165115,1001.3078220591945,41.732177940805514
TR-047069,2025-10-26,october,Dry Van,785.3,1604.57,1584.8918513884212,1618.6741068517315,1601.7829791200763,2.7870208799236025
TR-047070,2025-10-26,october,Dry Van,1117.5,2177.93,2155.662524865455,2212.8987675811804,2184.2806462233175,6.3506462233176535
TR-047071,2025-10-26,october,Dry Van,1337.6,2723.05,2769.0261741013123,2696.9927960727573,2733.0094850870346,9.959485087034409
TR-047072,2025-10-26,october,Dry Van,1142.7,2322.67,2374.8325537342844,2401.6209700744703,2388.2267619043773,65.55676190437725
TR-047073,2025-10-26,october,Reefer,99.6,316.19,346.94024090659155,333.7964031876977,340.3683220471446,24.178322047144604
TR-047074,2025-10-26,october,Dry Van,782.5,1538.13,1586.4792354670014,1584.0341745758292,1585.2567050214152,47.12670502141509
TR-047075,2025-10-26,october,Reefer,959.3,2218.04,2178.058335094273,2132.198592028921,2155.128463561597,62.91153643840289
TR-047076,2025-10-26,october,Flatbed,989.1,2165.46,2118.5698485896432,2071.8399146810425,2095.2048816353426,70.25511836465739
TR-047077,2025-10-26,october,Dry Van,363.0,796.48,793.9543822037577,788.4554249652538,791.2049035845057,5.275096415494318
TR-047078,2025-10-26,october,Flatbed,407.8,1035.14,1025.895897390543,1009.8179428928761,1017.8569201417096,17.283079858290535
TR-047079,2025-10-26,october,Reefer,1934.6,4339.62,4111.333505892007,4184.276929429441,4147.805217660724,191.81478233927555
TR-047080,2025-10-26,october,Reefer,475.5,1204.52,1194.9402443847964,1105.493721179699,1150.2169827822477,54.30301721775231
TR-047081,2025-10-26,october,Dry Van,569.8,1202.43,1179.6141108069503,1189.6110892025667,1184.6126000047584,17.817399995241658
TR-047082,2025-10-26,october,Reefer,2121.7,4601.72,4444.315334395786,4465.805553762884,4455.060444079335,146.6595559206653
TR-047083,2025-10-26,october,Reefer,1355.5,3094.01,3011.4143679672065,2980.673286036249,2996.0438270017275,97.96617299827267
TR-047084,2025-10-26,october,Dry Van,1865.1,3508.16,3688.070058007066,3544.5927847597613,3616.3314213834137,108.17142138341387
TR-047085,2025-10-26,october,Dry Van,497.2,1173.87,1210.4148201573232,1120.4094101399555,1165.4121151486393,8.457884851360632
TR-047086,2025-10-26,october,Flatbed,1470.0,2992.98,3104.1115498785925,3175.019827336729,3139.565688607661,146.5856886076608
TR-047087,2025-10-26,october,Reefer,489.3,1221.18,1183.495255344825,1152.9396859535234,1168.2174706491742,52.96252935082589
TR-047088,2025-10-26,october,Dry Van,1814.6,3365.79,3457.9022966015796,3433.1966413882064,3445.549468994893,79.75946899489281
TR-047089,2025-10-26,october,Dry Van,423.9,999.35,1013.358568380793,958.4710279009989,985.914798140896,13.43520185910404
TR-047090,2025-10-26,october,Dry Van,297.2,716.5,697.5056110469085,684.7332764766015,691.1194437617551,25.380556238244935
TR-047091,2025-10-26,october,Dry Van,1824.0,3386.88,3523.582178767511,3445.643338323268,3484.6127585453896,97.73275854538952
TR-047092,2025-10-26,october,Reefer,2211.8,4523.93,4681.481711028556,4676.110542138809,4678.796126583682,154.86612658368176
TR-047093,2025-10-26,october,Dry Van,770.8,1609.02,1588.630693928941,1572.2434290246883,1580.4370614768145,28.582938523185476
TR-047094,2025-10-26,october,Flatbed,736.1,1624.53,1655.4173794682836,1582.2722809667184,1618.844830217501,5.6851697824988605
TR-047095,2025-10-26,october,Flatbed,514.8,1310.28,1265.2331964836624,1223.2448140604013,1244.2390052720318,66.04099472796815
TR-047096,2025-10-26,october,Dry Van,242.6,576.36,587.8114204283286,549.5593454000527,568.6853829141907,7.674617085809359
TR-047097,2025-10-26,october,Dry Van,2007.8,3738.72,3853.724278960426,3844.8364179258097,3849.280348443118,110.56034844311807
TR-047098,2025-10-26,october,Dry Van,538.0,1184.51,1167.1669272154816,1153.8942843474306,1160.530605781456,23.97939421854403
TR-047099,2025-10-26,october,Dry Van,387.2,903.88,890.6220514339094,874.4133169412262,882.5176841875677,21.362315812432257
TR-047100,2025-10-26,october,Dry Van,689.2,1480.21,1443.7227478086966,1423.1130066135986,1433.4178772111477,46.79212278885234
TR-047101,2025-10-26,october,Dry Van,925.0,1939.16,1899.8631258975383,1908.763718950459,1904.3134224239986,34.84657757600144
TR-047102,2025-10-26,october,Dry Van,746.3,1586.46,1562.7217718860463,1563.125947575001,1562.9238597305236,23.53614026947639
TR-047103,2025-10-26,october,Flatbed,192.4,525.86,539.5565826108666,468.3407763025816,503.9486794567241,21.911320543275906
TR-047104,2025-10-26,october,Dry Van,522.2,1096.6,1122.154751065478,1123.7733480164316,1122.9640495409549,26.364049540954966
TR-047105,2025-10-26,october,Dry Van,416.9,897.24,910.264126738283,911.6756150602932,910.9698708992881,13.72987089928813
TR-047106,2025-10-26,october,Flatbed,2052.8,3777.14,4103.391968765896,4200.528050300709,4151.960009533303,374.8200095333027
TR-047107,2025-10-26,october,Dry Van,862.2,1747.26,1739.2884217642948,1768.9490395246055,1754.1187306444501,6.858730644450134
TR-047108,2025-10-26,october,Dry Van,2058.0,3631.71,3871.4053860766776,3798.756231677753,3835.0808088772155,203.3708088772155
TR-047109,2025-10-26,october,Dry Van,302.6,750.84,728.6287692630832,725.5588557910912,727.0938125270873,23.746187472912766
TR-047110,2025-10-26,october,Flatbed,886.7,1947.04,1878.481582615486,1925.216088568171,1901.8488355918284,45.19116440817152
TR-047111,2025-10-26,october,Dry Van,1641.5,3150.87,3289.741397337208,3219.9938331225667,3254.8676152298876,103.99761522988774
TR-047112,2025-10-26,october,Flatbed,1086.0,2372.96,2370.41582176065,2353.14507655586,2361.780449158255,11.179550841744913
TR-047113,2025-10-26,october,Reefer,641.7,1601.61,1550.970884540336,1526.5958660613492,1538.7833753008426,62.826624699157264
TR-047114,2025-10-26,october,Dry Van,1692.9,3251.97,3374.3783766737906,3297.045878996699,3335.7121278352447,83.7421278352449
TR-047115,2025-10-26,october,Dry Van,681.0,1375.7,1375.4357911338366,1359.6682368810812,1367.5520140074589,8.14798599254118
TR-047116,2025-10-26,october,Dry Van,2358.6,4391.77,4590.864856746652,4494.532333313662,4542.698595030157,150.92859503015643
TR-047117,2025-10-26,october,Reefer,219.8,610.81,635.0685497086939,601.9224410855315,618.4954953971128,7.685495397112845
TR-047118,2025-10-26,october,Dry Van,995.3,1954.43,1926.0317151765794,1975.9570429035007,1950.99437904004,3.4356209599600334
TR-047119,2025-10-26,october,Dry Van,138.4,363.75,369.1003238522771,341.1614002073484,355.13086202981276,8.61913797018724
TR-047120,2025-10-26,october,Dry Van,750.5,1581.12,1548.2954468196044,1536.424220026798,1542.359833423201,38.76016657679884
TR-047121,2025-10-26,october,Dry Van,1534.4,2855.03,3139.3928523125387,3032.6302644019615,3086.01155835725,230.98155835724992
TR-047122,2025-10-26,october,Dry Van,1178.1,2315.97,2296.935435707205,2302.754160757181,2299.844798232193,16.12520176780663
TR-047123,2025-10-26,october,Flatbed,417.7,1039.88,1031.577920159036,997.3028060184647,1014.4403630887504,25.43963691124975
TR-047124,2025-10-26,october,Flatbed,832.9,1768.74,1793.7963709756364,1788.0998371996784,1790.9481040876574,22.208104087657375
TR-047125,2025-10-26,october,Dry Van,2005.5,4009.09,3999.28329104676,3968.748005077493,3984.0156480621263,25.07435193787387
TR-047126,2025-10-26,october,Reefer,572.7,1435.58,1380.7429398362135,1378.716621752332,1379.7297807942728,55.85021920572717
TR-047127,2025-10-26,october,Flatbed,1071.8,2449.02,2336.9977164515817,2380.260098932428,2358.6289076920048,90.39109230799522
TR-047128,2025-10-26,october,Dry Van,1631.1,3162.5,3293.509064771058,3235.8693362675476,3264.689200519303,102.18920051930309
TR-047129,2025-10-26,october,Reefer,552.4,1419.17,1373.796148977347,1339.2791059199812,1356.5376274486641,62.63237255133595
TR-047130,2025-10-26,october,Dry Van,696.2,1514.44,1466.0487008933574,1446.0199072731493,1456.0343040832533,58.40569591674671
TR-047131,2025-10-26,october,Dry Van,873.9,1809.27,1809.3271555799756,1832.3685725937287,1820.847864086852,11.57786408685206
TR-047132,2025-10-26,october,Flatbed,2264.7,4673.35,4679.368388618126,4772.518569425194,4725.94347902166,52.59347902165973
TR-047133,2025-10-26,october,Dry Van,76.2,204.65,244.2484260471898,249.28098579560856,246.76470592139918,42.11470592139918
TR-047134,2025-10-26,october,Flatbed,1929.8,3786.22,4101.876695033473,4090.6010391382906,4096.238867085882,310.018867085882
TR-047135,2025-10-26,october,Dry Van,1451.2,2924.77,3081.4908619780394,2995.1137163611547,3038.3022891695973,113.53228916959733
TR-047136,2025-10-26,october,Flatbed,2232.7,4470.57,4626.5719185598455,4608.069470390673,4617.320694475259,146.75069447525948
TR-047137,2025-10-26,october,Reefer,941.7,2093.28,2057.2273577968926,2105.129200951725,2081.1782793743087,12.101720625691541
TR-047138,2025-10-26,october,Dry Van,312.5,804.46,767.9089248368388,761.1930081781707,764.5509665075047,39.90903349249538
TR-047139,2025-10-26,october,Dry Van,612.6,1283.69,1255.577971533321,1294.4973920275663,1275.0376817804436,8.652318219556491
TR-047140,2025-10-26,october,Reefer,940.6,2333.08,2139.150321929749,2224.6936181335345,2181.9219700316416,151.15802996835828
TR-047141,2025-10-26,october,Flatbed,1253.5,2746.68,2690.1318451836905,2669.593059277897,2679.8624522307937,66.81754776920616
TR-047142,2025-10-26,october,Reefer,338.0,832.66,836.7542583659277,810.7748453841048,823.7645518750162,8.895448124983773
TR-047143,2025-10-26,october,Dry Van,2913.9,5189.37,5431.392399012701,5418.97806993083,5425.185234471766,235.81523447176642
TR-047144,2025-10-26,october,Reefer,919.2,2265.6,2068.030112321619,2082.2947260252936,2075.1624191734563,190.43758082654358
TR-047145,2025-10-26,october,Dry Van,515.2,1134.75,1128.0328583359633,1122.7161191046098,1125.3744887202865,9.375511279713464
TR-047146,2025-10-26,october,Flatbed,1155.4,2539.5,2492.916155324011,2494.6489401754134,2493.782547749712,45.717452250287806
TR-047147,2025-10-26,october,Dry Van,559.8,1265.17,1208.3685328583806,1217.429434429072,1212.8989836437263,52.271016356273776
TR-047148,2025-10-26,october,Dry Van,1299.9,2443.52,2470.8862129342774,2462.8045672646135,2466.8453900994455,23.325390099445485
TR-047149,2025-10-26,october,Dry Van,450.5,936.09,962.7647154048856,946.6679936968956,954.7163545508906,18.626354550890596
TR-047150,2025-10-26,october,Reefer,2451.0,4903.27,5034.780007954571,4971.579650993062,5003.179829473816,99.90982947381599
TR-047151,2025-10-26,october,Dry Van,2618.1,4915.66,4893.899571767755,4795.281613163281,4844.590592465518,71.0694075344818
TR-047152,2025-10-26,october,Dry Van,294.7,690.82,694.2571373491509,667.7753629250976,681.0162501371242,9.803749862875861
TR-047153,2025-10-26,october,Dry Van,1699.5,3352.24,3466.082070838377,3392.1617591548606,3429.121914996619,76.88191499661934
TR-047154,2025-10-26,october,Reefer,1949.9,4219.08,4075.654852971389,4091.003728721714,4083.329290846552,135.75070915344804
TR-047155,2025-10-26,october,Dry Van,766.1,1518.42,1548.7319922861218,1512.6006229067907,1530.6663075964561,12.246307596456063
TR-047156,2025-10-26,october,Dry Van,1063.3,2197.26,2200.703851441514,2166.6418707149646,2183.6728610782393,13.587138921760925
TR-047157,2025-10-26,october,Reefer,1022.1,2318.07,2345.4435351456555,2357.316018005665,2351.37977657566,33.309776575659725
TR-047158,2025-10-26,october,Flatbed,1120.6,2344.86,2393.809006476346,2324.5664276032717,2359.187717039809,14.327717039808704
TR-047159,2025-10-26,october,Flatbed,827.8,1832.09,1812.831906554979,1777.8313353604422,1795.3316209577106,36.758379042289334
TR-047160,2025-10-26,october,Flatbed,1040.5,2110.46,2270.6809485770536,2211.8001658398343,2241.240557208444,130.78055720844395
TR-047161,2025-10-26,october,Dry Van,1447.0,2966.79,3034.4053454771197,2949.6908328388445,2992.048089157982,25.258089157981885
TR-047162,2025-10-26,october,Dry Van,567.5,1199.79,1209.9707428098448,1190.861503744356,1200.4161232771003,0.6261232771003051
TR-047163,2025-10-26,october,Dry Van,946.9,1790.95,1864.0334488215228,1890.9198437773443,1877.4766462994335,86.52664629943342
TR-047164,2025-10-26,october,Dry Van,2126.6,4273.4,4257.485010217958,4160.444354229985,4208.964682223972,64.43531777602766
TR-047165,2025-10-26,october,Reefer,853.9,1994.42,1909.0842314459485,1938.1341265321214,1923.609178989035,70.81082101096513
TR-047166,2025-10-26,october,Reefer,1007.7,2375.65,2284.9600458418627,2259.736746352656,2272.3483960972594,103.30160390274068
TR-047167,2025-10-26,october,Dry Van,85.2,229.4,252.92583572344245,243.83673440352368,248.38128506348306,18.981285063483057
TR-047168,2025-10-26,october,Dry Van,975.7,1825.29,1918.7846477845653,1938.4347386251497,1928.6096932048576,103.31969320485769
TR-047169,2025-10-26,october,Flatbed,456.1,1150.95,1110.454679798792,1097.17425902982,1103.8144694143061,47.135530585693914
TR-047170,2025-10-26,october,Dry Van,1071.8,2146.33,2196.803527336934,2189.1811881326257,2192.99235773478,46.66235773478002
TR-047171,2025-10-26,october,Dry Van,316.4,754.81,744.7495924388363,723.288873411363,734.0192329250997,20.79076707490026
TR-047172,2025-10-26,october,Dry Van,202.3,490.24,507.586100124759,482.7920802296351,495.18909017719704,4.949090177197036
TR-047173,2025-10-26,october,Flatbed,2580.8,5270.27,5200.030288400011,5281.07848898501,5240.554388692511,29.71561130748978
TR-047174,2025-10-26,october,Dry Van,660.3,1464.49,1393.2239743485077,1359.811570423608,1376.517772386058,87.9722276139421
TR-047175,2025-10-26,october,Dry Van,1012.0,2065.37,2068.2770543061533,2086.806351974434,2077.541703140294,12.171703140294085
TR-047176,2025-10-26,october,Flatbed,797.4,1798.36,1784.4732602431607,1768.3655001547993,1776.41938019898,21.94061980101992
TR-047177,2025-10-26,october,Dry Van,238.2,628.05,602.855202278352,583.7716510430289,593.3134266606904,34.73657333930953
TR-047178,2025-10-26,october,Dry Van,1026.0,2205.02,2147.2796840376295,2139.257153156402,2143.2684185970156,61.75158140298436
TR-047179,2025-10-26,october,Reefer,791.0,1831.61,1769.6589209496371,1761.499167185731,1765.5790440676842,66.03095593231569
TR-047180,2025-10-26,october,Flatbed,1026.1,2346.99,2330.1571618167745,2308.620435567267,2319.388798692021,27.601201307978954
TR-047181,2025-10-26,october,Reefer,1236.2,2915.38,2688.9794989634697,2728.9650159583002,2708.972257460885,206.40774253911513
TR-047182,2025-10-26,october,Reefer,260.2,658.0,679.8378242158466,627.1645053162993,653.5011647660729,4.498835233927139
TR-047183,2025-10-26,october,Dry Van,2607.7,4472.38,4646.099980420066,4491.8768955835385,4568.988438001802,96.60843800180191
TR-047184,2025-10-26,october,Reefer,942.9,2212.41,2096.7129171643446,2128.742076740541,2112.727496952443,99.68250304755702
TR-047185,2025-10-26,october,Dry Van,459.3,1003.07,1000.1040882774071,990.9647246039701,995.5344064406886,7.535593559311451
TR-047186,2025-10-26,october,Flatbed,1203.8,2525.13,2561.5275661391247,2477.9527353266317,2519.740150732878,5.389849267121917
TR-047187,2025-10-26,october,Flatbed,459.7,1105.06,1067.8941551175735,1047.6657243932968,1057.7799397554352,47.280060244564766
TR-047188,2025-10-26,october,Flatbed,612.1,1316.35,1320.8957333726016,1301.6607310901954,1311.2782322313985,5.071767768601376
TR-047189,2025-10-26,october,Flatbed,2603.8,5248.45,5247.485827887689,5292.3649077763175,5269.925367832004,21.47536783200394
TR-047190,2025-10-26,october,Dry Van,480.8,1069.29,1056.4187733680023,1040.9773680934695,1048.698070730736,20.59192926926403
TR-047191,2025-10-26,october,Dry Van,1171.6,2366.62,2369.902987731763,2332.253696285093,2351.078342008428,15.54165799157181
TR-047192,2025-10-26,october,Dry Van,930.1,1946.38,1987.6963705894768,1979.6443517349003,1983.6703611621886,37.29036116218845
TR-047193,2025-10-26,october,Reefer,1232.7,2925.5,2669.964469194217,2773.7575285336666,2721.860998863942,203.63900113605814
TR-047194,2025-10-26,october,Dry Van,1151.0,2284.63,2369.9887287632764,2320.2264928206214,2345.107610791949,60.47761079194879
TR-047195,2025-10-26,october,Dry Van,663.2,1422.5,1395.672435316208,1369.4423936412136,1382.5574144787108,39.942585521289175
TR-047196,2025-10-26,october,Flatbed,1190.9,2401.67,2483.396862912933,2424.5517798924975,2453.9743214027153,52.30432140271523
TR-047197,2025-10-26,october,Dry Van,124.9,327.17,343.93034322462915,314.50036843265934,329.21535582864425,2.045355828644233
TR-047198,2025-10-26,october,Dry Van,655.1,1329.96,1334.5075444350346,1332.8906982795015,1333.699121357268,3.7391213572680044
TR-047199,2025-10-26,october,Reefer,352.7,1020.81,955.5743282089129,905.8147169376023,930.6945225732576,90.11547742674236
TR-047200,2025-10-26,october,Flatbed,1693.1,3684.06,3576.325442142926,3667.5278099146726,3621.9266260287995,62.1333739712004
TR-047201,2025-10-26,october,Reefer,626.5,1470.86,1395.6803160863408,1390.039423226304,1392.8598696563224,78.00013034367748
TR-047202,2025-10-26,october,Dry Van,1569.2,2831.48,3169.6892571525336,3057.6426207340146,3113.6659389432743,282.1859389432743
TR-047203,2025-10-26,october,Dry Van,2255.2,4296.46,4387.0793155421015,4287.241502894329,4337.160409218215,40.7004092182151
TR-047204,2025-10-26,october,Flatbed,1653.3,3567.75,3468.9405623745592,3559.0448135787756,3513.992687976667,53.757312023332815
TR-047205,2025-10-27,october,Dry Van,991.5,2119.21,2144.336823664077,2095.8027627039364,2120.069793184007,0.8597931840067758
TR-047206,2025-10-27,october,Flatbed,714.6,1584.08,1605.5718659583306,1551.973199593623,1578.7725327759767,5.307467224023185
TR-047207,2025-10-27,october,Dry Van,1580.8,3084.43,3238.547128624542,3155.7407033964428,3197.1439160104924,112.71391601049254
TR-047208,2025-10-27,october,Dry Van,1555.6,3030.94,3158.8390487527663,3026.124365202085,3092.4817069774253,61.54170697742529
TR-047209,2025-10-27,october,Reefer,592.1,1576.31,1458.6640717911316,1478.14588639165,1468.404979091391,107.905020908609
TR-047210,2025-10-27,october,Dry Van,1873.0,3628.01,3800.360966067519,3719.898923979998,3760.1299450237584,132.1199450237582
TR-047211,2025-10-27,october,Dry Van,1179.1,2322.3,2358.2808448723486,2324.7734107587544,2341.5271278155515,19.227127815551285
TR-047212,2025-10-27,october,Dry Van,1285.2,2454.04,2522.3363751300176,2498.3585460699746,2510.3474605999963,56.307460599996375
TR-047213,2025-10-27,october,Dry Van,2265.4,4056.14,4249.654768291998,4137.609330784835,4193.632049538417,137.49204953841718
TR-047214,2025-10-27,october,Flatbed,799.2,1807.01,1757.1970685067627,1767.9167416919083,1762.5569050993354,44.45309490066461
TR-047215,2025-10-27,october,Flatbed,1789.6,3782.13,3708.163481591756,3788.10992000381,3748.1367007977833,33.993299202216804
TR-047216,2025-10-27,october,Flatbed,809.3,1723.55,1687.8773242787586,1687.7930916335695,1687.8352079561641,35.714792043835814
TR-047217,2025-10-27,october,Reefer,2065.1,3953.78,4292.89313976806,4191.2315483837065,4242.062344075883,288.2823440758825
TR-047218,2025-10-27,october,Flatbed,712.2,1711.52,1646.1494452694715,1600.3884849470141,1623.2689651082428,88.25103489175717
TR-047219,2025-10-27,october,Flatbed,145.2,420.2,446.5548656330134,413.56282333182844,430.0588444824209,9.85884448242092
TR-047220,2025-10-27,october,Dry Van,275.6,610.07,631.3000962666222,603.1669344754173,617.2335153710197,7.163515371019685
TR-047221,2025-10-27,october,Reefer,1034.6,2265.35,2260.7185775644775,2195.0869207446967,2227.902749154587,37.44725084541278
TR-047222,2025-10-27,october,Reefer,903.0,2055.67,1963.1571883605618,1959.2330534557157,1961.1951209081387,94.47487909186134
TR-047223,2025-10-27,october,Flatbed,323.2,841.61,835.1516217365912,806.7691531302473,820.9603874334193,20.649612566580686
TR-047224,2025-10-27,october,Dry Van,1729.8,3190.69,3401.6963003792475,3269.4636904017834,3335.5799953905153,144.8899953905152
TR-047225,2025-10-27,october,Dry Van,1296.4,2582.43,2590.138635641709,2524.389340062351,2557.26398785203,25.166012147969923
TR-047226,2025-10-27,october,Dry Van,2542.2,4550.45,4652.648081513564,4577.171628341774,4614.909854927669,64.45985492766886
TR-047227,2025-10-27,october,Dry Van,514.6,1076.88,1076.6430670236384,1067.0320885174224,1071.8375777705305,5.042422229469594
TR-047228,2025-10-27,october,Dry Van,166.4,422.77,470.34180033314254,413.060334652909,441.7010674930258,18.931067493025807
TR-047229,2025-10-27,october,Flatbed,900.0,2037.77,1933.6250435605502,2004.83421001277,1969.22962678666,68.54037321333999
TR-047230,2025-10-27,october,Reefer,455.2,1126.61,1100.891353797744,1088.4661913183486,1094.6787725580461,31.93122744195375
TR-047231,2025-10-27,october,Dry Van,612.6,1358.41,1316.6001150970362,1326.4422690724978,1321.5211920847669,36.8888079152332
TR-047232,2025-10-27,october,Dry Van,620.0,1427.86,1373.8183816866856,1385.201362369336,1379.5098720280107,48.350127971989195
TR-047233,2025-10-27,october,Dry Van,367.4,812.38,825.971215563163,816.5253320333604,821.2482737982617,8.868273798261725
TR-047234,2025-10-27,october,Dry Van,336.8,788.83,784.2878421475107,777.0709312808074,780.679386714159,8.150613285841018
TR-047235,2025-10-27,october,Dry Van,1529.9,3078.27,3152.6546431444294,3039.3863490643043,3096.020496104367,17.750496104366903
TR-047236,2025-10-27,october,Reefer,117.3,344.85,369.47633201513236,317.60618613767406,343.5412590764032,1.3087409235968153
TR-047237,2025-10-27,october,Dry Van,1515.8,2930.32,2982.476105705226,3014.377599077583,2998.4268523914043,68.10685239140412
TR-047238,2025-10-27,october,Dry Van,314.3,777.61,746.578238292907,725.5056102085657,736.0419242507364,41.568075749263585
TR-047239,2025-10-27,october,Dry Van,764.4,1493.29,1545.1865268689908,1541.2859074353826,1543.2362171521868,49.94621715218682
TR-047240,2025-10-27,october,Reefer,1341.3,2918.22,2836.223293684944,2787.1771368840227,2811.7002152844834,106.51978471551638
TR-047241,2025-10-27,october,Flatbed,1058.9,2144.64,2314.0804291422696,2220.5644482741313,2267.3224387082005,122.6824387082006
TR-047242,2025-10-27,october,Dry Van,392.7,892.17,885.5082559511164,851.969066681205,868.7386613161607,23.43133868383927
TR-047243,2025-10-27,october,Reefer,1252.9,2709.66,2681.3843394858695,2665.6372535522187,2673.510796519044,36.14920348095575
TR-047244,2025-10-27,october,Dry Van,1138.2,2232.87,2340.4747242278518,2338.356903470853,2339.415813849352,106.54581384935227
TR-047245,2025-10-27,october,Reefer,180.5,570.97,546.3801422126226,516.0450939141426,531.2126180633826,39.757381936617435
TR-047246,2025-10-27,october,Dry Van,438.9,956.7,962.0515962042895,929.9910299869207,946.0213130956051,10.678686904394908
TR-047247,2025-10-27,october,Dry Van,1186.4,2367.47,2416.1520579109456,2370.6886955327536,2393.4203767218496,25.950376721849807
TR-047248,2025-10-27,october,Flatbed,929.3,1881.5,1983.277228226645,1983.7674657778514,1983.5223470022484,102.02234700224835
TR-047249,2025-10-27,october,Reefer,446.3,1101.36,1098.5136281560983,1078.4025501098283,1088.4580891329633,12.901910867036577
TR-047250,2025-10-27,october,Dry Van,1655.3,3281.87,3323.3454151458413,3280.3095125420277,3301.8274638439343,19.95746384393442
TR-047251,2025-10-27,october,Dry Van,1598.9,3285.09,3306.6317565848403,3193.86365070163,3250.247703643235,34.84229635676502
TR-047252,2025-10-27,october,Dry Van,763.4,1487.21,1570.2867313185466,1542.2352488385536,1556.26099007855,69.05099007855006
TR-047253,2025-10-27,october,Reefer,788.0,1979.85,1903.7060359711734,1839.325734508678,1871.5158852399256,108.33411476007427
TR-047254,2025-10-27,october,Dry Van,1317.4,2463.55,2594.1505110196235,2562.5767206009505,2578.3636158102872,114.81361581028705
TR-047255,2025-10-27,october,Reefer,1275.0,2865.84,2804.4833884163713,2807.9803250115237,2806.2318567139473,59.60814328605284
TR-047256,2025-10-27,october,Reefer,927.8,2200.08,2112.6051092291023,2175.3594817685334,2143.9822954988176,56.09770450118231
TR-047257,2025-10-27,october,Dry Van,2144.5,4098.55,4289.900467609299,4096.320376422246,4193.110422015772,94.56042201577202
TR-047258,2025-10-27,october,Dry Van,276.9,713.13,687.3161199800819,652.4059908998984,669.8610554399902,43.2689445600098
TR-047259,2025-10-27,october,Reefer,615.6,1493.65,1460.5330708454153,1425.4347229349314,1442.9838968901734,50.666103109826736
TR-047260,2025-10-27,october,Flatbed,2191.0,4291.12,4554.677888943726,4475.190643366084,4514.934266154905,223.81426615490545
TR-047261,2025-10-27,october,Reefer,2616.0,5450.63,5492.54946912065,5401.028610722751,5446.789039921701,3.840960078298849
TR-047262,2025-10-27,october,Flatbed,1636.0,3452.83,3466.7951448081644,3598.142783667644,3532.4689642379044,79.63896423790447
TR-047263,2025-10-27,october,Dry Van,922.8,1992.41,1951.3495219609497,1939.0993538238718,1945.2244378924106,47.185562107589476
TR-047264,2025-10-27,october,Dry Van,319.7,781.27,761.222929322397,729.4897979226187,745.3563636225078,35.91363637749214
TR-047265,2025-10-27,october,Dry Van,710.8,1559.38,1540.723659279604,1520.3379344896493,1530.5307968846266,28.849203115373484
TR-047266,2025-10-27,october,Dry Van,1535.2,3012.34,3167.5198598047846,3096.7016726478023,3132.1107662262934,119.77076622629329
TR-047267,2025-10-27,october,Dry Van,969.4,2001.79,2030.3868738666886,2022.5549945278613,2026.4709341972748,24.680934197274837
TR-047268,2025-10-27,october,Dry Van,2213.4,4180.37,4328.825345987688,4196.304468729296,4262.564907358492,82.19490735849195
TR-047269,2025-10-27,october,Flatbed,430.4,1008.7,1053.2346400778451,1001.421703920349,1027.328171999097,18.62817199909705
TR-047270,2025-10-27,october,Dry Van,477.1,1119.83,1065.683962375728,1041.722557274718,1053.703259825223,66.12674017477684
TR-047271,2025-10-27,october,Flatbed,2621.1,5029.22,5183.787057732232,5147.961212191523,5165.874134961878,136.6541349618774
TR-047272,2025-10-27,october,Dry Van,193.6,485.95,509.4922498538452,464.847874871936,487.1700623628906,1.2200623628905873
TR-047273,2025-10-27,october,Dry Van,463.4,1165.7,1078.6989549611158,1075.0958927758254,1076.8974238684705,88.80257613152958
TR-047274,2025-10-27,october,Dry Van,1039.1,2037.11,2060.149890786193,2047.459153040787,2053.80452191349,16.694521913490235
TR-047275,2025-10-27,october,Reefer,2520.1,5264.57,5206.164345711881,5191.666877548645,5198.915611630263,65.65438836973681
TR-047276,2025-10-27,october,Reefer,768.7,1992.37,1887.5804931119735,1795.9429930201159,1841.7617430660448,150.6082569339551
TR-047277,2025-10-27,october,Dry Van,219.4,614.66,592.728547247539,593.2143401250003,592.9714436862696,21.688556313730373
TR-047278,2025-10-27,october,Reefer,1987.7,4113.53,4120.5072241113485,4154.832737892426,4137.669981001887,24.139981001887463
TR-047279,2025-10-27,october,Reefer,2196.7,4347.35,4684.908262174106,4599.47385312922,4642.191057651663,294.8410576516626
TR-047280,2025-10-27,october,Dry Van,957.4,1962.23,2031.6437460824238,2007.101953030815,2019.3728495566193,57.14284955661924
TR-047281,2025-10-27,october,Dry Van,570.4,1179.2,1192.2935034143989,1210.1624068574629,1201.2279551359309,22.027955135930824
TR-047282,2025-10-27,october,Dry Van,207.2,517.3,512.1555793256424,487.8272213196242,499.9914003226333,17.308599677366658
TR-047283,2025-10-27,october,Dry Van,2175.4,3901.87,4133.521303347534,4005.324709243323,4069.4230062954284,167.55300629542853
TR-047284,2025-10-27,october,Flatbed,310.9,783.99,785.0377131710911,749.8824763748526,767.4600947729718,16.529905227028166
TR-047285,2025-10-27,october,Dry Van,772.6,1658.47,1632.0676673112937,1596.6750113685512,1614.3713393399225,44.098660660077485
TR-047286,2025-10-27,october,Dry Van,1588.3,2984.09,3160.893869182993,2992.1600801202458,3076.5269746516196,92.4369746516195
TR-047287,2025-10-27,october,Dry Van,103.8,292.09,273.6000794074871,287.32912470653764,280.46460205701237,11.625397942987604
TR-047288,2025-10-27,october,Dry Van,1211.3,2375.88,2508.4964992722357,2401.653645135215,2455.0750722037255,79.19507220372543
TR-047289,2025-10-27,october,Flatbed,2256.6,4115.51,4539.752704448934,4462.203476548059,4500.978090498496,385.46809049849617
TR-047290,2025-10-27,october,Dry Van,1334.2,2571.32,2620.2659737656973,2611.147912592538,2615.706943179118,44.38694317911768
TR-047291,2025-10-27,october,Flatbed,425.5,1138.74,1125.8524430452296,1057.2612216563948,1091.5568323508123,47.18316764918768
TR-047292,2025-10-27,october,Flatbed,1477.0,2899.76,3119.1471405268094,3166.3502991866953,3142.7487198567524,242.98871985675214
TR-047293,2025-10-27,october,Reefer,2801.9,5327.47,5580.617484085689,5436.702084102491,5508.65978409409,181.1897840940901
TR-047294,2025-10-27,october,Flatbed,807.2,1662.74,1691.0510206617787,1726.518807575213,1708.7849141184959,46.04491411849585
TR-047295,2025-10-27,october,Dry Van,750.2,1535.64,1532.389869892089,1547.8986120134741,1540.1442409527817,4.504240952781629
TR-047296,2025-10-27,october,Flatbed,1225.5,2740.37,2687.108187337358,2668.7842158335243,2677.946201585441,62.42379841455886
TR-047297,2025-10-27,october,Reefer,1467.2,3171.33,3121.1568355680265,3201.2220598449794,3161.189447706503,10.140552293496967
TR-047298,2025-10-27,october,Flatbed,776.1,1657.15,1668.3013604025468,1664.4530071636073,1666.377183783077,9.227183783076953
TR-047299,2025-10-27,october,Reefer,2979.1,19110.3,6023.035159702466,6098.280251725557,6060.657705714011,13049.642294285988
TR-047300,2025-10-27,october,Dry Van,411.7,1042.31,997.8232661803344,965.1379631216112,981.4806146509727,60.829385349027234
TR-047301,2025-10-27,october,Flatbed,2312.6,4466.18,4731.596824878763,4703.008943644945,4717.302884261854,251.12288426185387
TR-047302,2025-10-27,october,Flatbed,1715.6,3304.3,3575.5923121609117,3534.4074504292767,3554.9998812950944,250.6998812950942
TR-047303,2025-10-27,october,Dry Van,2936.3,5149.54,5277.205587154869,5297.674020159171,5287.43980365702,137.89980365702013
TR-047304,2025-10-27,october,Reefer,1953.2,4210.91,4182.782282529463,4223.751887113996,4203.267084821729,7.642915178270414
TR-047305,2025-10-27,october,Dry Van,2365.4,4473.29,4654.682197930351,4518.375524055121,4586.528860992736,113.23886099273568
TR-047306,2025-10-27,october,Dry Van,930.0,1837.59,1917.6968224409459,1936.6926934967248,1927.1947579688353,89.60475796883543
TR-047307,2025-10-27,october,Dry Van,1167.3,2456.79,2416.7577612727086,2384.0425613701873,2400.4001613214477,56.38983867855222
TR-047308,2025-10-27,october,Reefer,1257.1,2818.51,2828.579143983264,2762.8361965188565,2795.7076702510603,22.802329748939883
TR-047309,2025-10-27,october,Flatbed,2019.7,3911.92,4229.98206542062,4210.935786324235,4220.458925872427,308.53892587242717
TR-047310,2025-10-27,october,Flatbed,2139.9,4311.77,4444.718036752009,4398.135618087608,4421.426827419808,109.656827419808
TR-047311,2025-10-27,october,Flatbed,728.4,1608.17,1633.9770644838086,1608.3942708972347,1621.1856676905218,13.015667690521695
TR-047312,2025-10-27,october,Reefer,2786.7,5637.98,5393.420912403875,5481.180554322982,5437.300733363429,200.6792666365709
TR-047313,2025-10-27,october,Dry Van,879.9,1728.39,1772.8603784859492,1767.0876670640578,1769.9740227750035,41.584022775003405
TR-047314,2025-10-27,october,Reefer,835.3,2008.6,1897.6953454399918,1925.991417366151,1911.8433814030714,96.75661859692855
TR-047315,2025-10-27,october,Dry Van,719.1,1564.16,1533.1977658316446,1478.475542080004,1505.8366539558242,58.32334604417588
TR-047316,2025-10-27,october,Dry Van,614.9,1320.45,1318.469582098739,1272.8636482537559,1295.6666151762474,24.783384823752613
TR-047317,2025-10-27,october,Flatbed,1741.4,3409.07,3666.9772643486435,3632.671490840062,3649.824377594353,240.75437759435272
TR-047318,2025-10-27,october,Dry Van,1693.3,3084.87,3379.6505917186123,3373.5265510356976,3376.588571377155,291.71857137715506
TR-047319,2025-10-27,october,Flatbed,1356.1,2904.7,2897.296980419104,2895.863145228172,2896.580062823638,8.119937176361873
TR-047320,2025-10-27,october,Dry Van,658.3,1355.05,1377.6617862887827,1365.956380669088,1371.8090834789355,16.75908347893551
TR-047321,2025-10-27,october,Dry Van,417.0,968.23,954.5521180779361,929.7644681820475,942.1582931299918,26.071706870008256
TR-047322,2025-10-27,october,Dry Van,1258.0,2451.68,2515.7734063052026,2460.377033726507,2488.075220015855,36.3952200158551
TR-047323,2025-10-27,october,Dry Van,485.4,1040.5,1046.0164620818232,1079.3934895242887,1062.704975803056,22.20497580305596
TR-047324,2025-10-27,october,Reefer,784.5,1729.69,1719.7792793296524,1703.6748455454936,1711.7270624375728,17.962937562427214
TR-047325,2025-10-27,october,Dry Van,1209.6,2546.21,2531.0001439446883,2447.1368819234985,2489.0685129340936,57.141487065906404
TR-047326,2025-10-27,october,Dry Van,544.3,1149.91,1118.789920868567,1127.543877039771,1123.166898954169,26.743101045831054
TR-047327,2025-10-27,october,Dry Van,493.2,1124.24,1091.4094798230788,1055.3024362587157,1073.3559580408973,50.88404195910266
TR-047328,2025-10-27,october,Dry Van,457.1,1078.91,1042.673593671288,1046.8035904560675,1044.7385920636777,34.17140793632234
TR-047329,2025-10-27,october,Flatbed,470.1,1082.86,1120.8028320725352,1065.4001590765358,1093.1014955745354,10.24149557453552
TR-047330,2025-10-27,october,Dry Van,288.3,754.18,748.2986978529087,717.0440080585804,732.6713529557446,21.508647044255326
TR-047331,2025-10-27,october,Dry Van,586.4,1260.1,1264.5832155070561,1251.4746369975746,1258.0289262523154,2.0710737476845225
TR-047332,2025-10-27,october,Reefer,1219.1,2947.21,2675.987501272305,2809.509626545482,2742.7485639088936,204.4614360911064
TR-047333,2025-10-27,october,Dry Van,169.0,467.71,476.1924723099371,454.63537944043856,465.41392587518783,2.296074124812151
TR-047334,2025-10-27,october,Flatbed,886.2,1963.72,1861.980570394608,1884.3283989376787,1873.1544846661434,90.56551533385664
TR-047335,2025-10-27,october,Dry Van,2440.9,4254.89,4527.320626162334,4355.16454608164,4441.242586121987,186.35258612198686
TR-047336,2025-10-27,october,Flatbed,926.2,2173.71,2041.2453894712312,2115.030546745055,2078.137968108143,95.57203189185702
TR-047337,2025-10-27,october,Flatbed,3097.3,5916.65,5873.303940838109,6220.209756876395,6046.756848857252,130.10684885725277
TR-047338,2025-10-27,october,Dry Van,1032.8,2248.82,2183.227864439075,2148.2255406567974,2165.726702547936,83.09329745206423
TR-047339,2025-10-27,october,Reefer,820.9,1837.42,1792.63323709204,1802.8085949896258,1797.720916040833,39.69908395916718
TR-047340,2025-10-27,october,Dry Van,922.8,1909.42,1907.1535613427593,1905.9559433198147,1906.554752331287,2.865247668712982
TR-047341,2025-10-27,october,Dry Van,382.9,969.54,917.3421011669896,907.8220073684954,912.5820542677425,56.957945732257485
TR-047342,2025-10-27,october,Flatbed,437.1,1081.86,1090.2678788600228,1044.5212892013767,1067.3945840306997,14.465415969300238
TR-047343,2025-10-27,october,Dry Van,355.7,880.2,831.1400075396664,794.3977767526196,812.768892146143,67.43110785385704
TR-047344,2025-10-27,october,Flatbed,366.4,910.03,920.1992702868217,846.713955181255,883.4566127340383,26.573387265961628
TR-047345,2025-10-27,october,Dry Van,2596.2,4879.54,4911.41030917859,4847.9354062430175,4879.672857710804,0.13285771080427367
TR-047346,2025-10-27,october,Dry Van,3173.4,5653.31,5641.33851972977,5728.380253773999,5684.859386751885,31.549386751884413
TR-047347,2025-10-27,october,Dry Van,699.3,1481.77,1505.5823472018517,1449.0425054595753,1477.3124263307136,4.457573669286376
TR-047348,2025-10-27,october,Reefer,202.9,600.37,599.7346440690087,597.4062202389243,598.5704321539665,1.799567846033483
TR-047349,2025-10-27,october,Dry Van,552.6,1181.66,1160.895116713637,1202.2371634208557,1181.5661400672464,0.09385993275373039
TR-047350,2025-10-27,october,Reefer,1320.9,3020.37,2850.9165494296803,2939.6212798212223,2895.2689146254515,125.10108537454835
TR-047351,2025-10-27,october,Dry Van,1067.6,1953.54,2057.1448789524043,2055.266083343742,2056.205481148073,102.66548114807301
TR-047352,2025-10-27,october,Dry Van,1262.8,2506.68,2590.0809797892907,2519.629378940673,2554.855179364982,48.17517936498234
TR-047353,2025-10-28,october,Flatbed,715.7,1575.97,1540.751069602501,1551.5457297197731,1546.148399661137,29.821600338862936
TR-047354,2025-10-28,october,Dry Van,324.2,696.47,709.0155469450027,722.4713086320471,715.743427788525,19.27342778852494
TR-047355,2025-10-28,october,Reefer,831.6,2128.96,1991.320260188109,1971.7059956861106,1981.5131279371099,147.44687206289018
TR-047356,2025-10-28,october,Dry Van,198.6,504.28,501.809323140395,451.5369569062648,476.6731400233299,27.60685997667008
TR-047357,2025-10-28,october,Dry Van,1954.9,3847.37,3915.941335108327,3732.9507470819854,3824.446041095156,22.923958904843857
TR-047358,2025-10-28,october,Flatbed,2384.7,5009.28,4952.317891075955,4918.372342015013,4935.345116545484,73.93488345451533
TR-047359,2025-10-28,october,Reefer,1233.6,2709.64,2712.2099376102583,2593.3484070720037,2652.779172341131,56.86082765886886
TR-047360,2025-10-28,october,Dry Van,1743.9,3458.39,3551.8441234638467,3487.976041639121,3519.910082551484,61.52008255148394
TR-047361,2025-10-28,october,Dry Van,770.4,1718.9,1666.3157706642855,1626.3728536763094,1646.3443121702976,72.55568782970249
TR-047362,2025-10-28,october,Dry Van,705.6,1468.62,1474.2875473588185,1493.688293138456,1483.9879202486372,15.367920248637347
TR-047363,2025-10-28,october,Flatbed,225.6,618.21,644.2318288340119,597.4090845569892,620.8204566955005,2.6104566955004884
TR-047364,2025-10-28,october,Flatbed,487.6,1285.55,1228.621544154963,1210.9265399456972,1219.77404205033,65.77595794966987
TR-047365,2025-10-28,october,Reefer,529.9,1391.52,1351.4632162741623,1306.8197158264616,1329.141466050312,62.37853394968806
TR-047366,2025-10-28,october,Flatbed,818.8,1832.71,1770.9158608490154,1798.3338682027695,1784.6248645258925,48.085135474107574
TR-047367,2025-10-28,october,Dry Van,967.4,2095.3,2035.855756963972,2036.2698015221733,2036.0627792430728,59.2372207569274
TR-047368,2025-10-28,october,Flatbed,442.0,1044.28,1031.0134243056539,983.6013179286358,1007.3073711171448,36.97262888285513
TR-047369,2025-10-28,october,Dry Van,975.4,2093.14,2005.7550797468236,2022.355612129488,2014.0553459381558,79.08465406184405
TR-047370,2025-10-28,october,Reefer,314.8,888.73,865.1550452070096,863.5507212372966,864.3528832221531,24.377116777846936
TR-047371,2025-10-28,october,Dry Van,2183.5,3924.86,4112.793871183071,4061.903829073415,4087.348850128243,162.48885012824303
TR-047372,2025-10-28,october,Reefer,1198.9,2569.09,2602.160970222789,2487.9595424016384,2545.060256312214,24.029743687786322
TR-047373,2025-10-28,october,Reefer,848.6,1998.58,1930.2114892807601,1978.0051642497265,1954.1083267652434,44.47167323475651
TR-047374,2025-10-28,october,Dry Van,533.8,1234.58,1163.0741399627766,1140.4509832033937,1151.7625615830852,82.81743841691468
TR-047375,2025-10-28,october,Reefer,863.3,2035.9,1980.8561224824307,1967.8060249714504,1974.3310737269405,61.56892627305956
TR-047376,2025-10-28,october,Dry Van,1886.6,3597.23,3744.9004695313565,3649.700770694435,3697.3006201128956,100.07062011289554
TR-047377,2025-10-28,october,Dry Van,1139.4,2321.27,2289.7796319692416,2341.7646707328604,2315.772151351051,5.497848648949002
TR-047378,2025-10-28,october,Dry Van,1672.1,3163.93,3330.300147169855,3245.8123405311753,3288.056243850515,124.12624385051504
TR-047379,2025-10-28,october,Flatbed,884.5,1939.15,1825.132598398087,1879.3572480284065,1852.2449232132467,86.9050767867534
TR-047380,2025-10-28,october,Dry Van,361.0,856.65,853.5218657143004,812.9251655854302,833.2235156498652,23.42648435013473
TR-047381,2025-10-28,october,Reefer,2035.1,4463.62,4393.680112393408,4416.706865520322,4405.193488956866,58.42651104313427
TR-047382,2025-10-28,october,Flatbed,2040.7,4338.95,4308.9389667646055,4373.851968977254,4341.39546787093,2.4454678709298605
TR-047383,2025-10-28,october,Dry Van,685.8,1498.89,1458.6647892717826,1465.679546153352,1462.1721677125674,36.71783228743266
TR-047384,2025-10-28,october,Reefer,634.2,1571.22,1499.7664171449635,1490.9890551575586,1495.3777361512612,75.84226384873887
TR-047385,2025-10-28,october,Dry Van,2338.2,4355.11,4530.275389808623,4430.523551953998,4480.399470881311,125.28947088131099
TR-047386,2025-10-28,october,Flatbed,1049.3,2270.1,2276.415288753226,2232.0486181116116,2254.231953432419,15.868046567581132
TR-047387,2025-10-28,october,Flatbed,458.9,1042.46,1080.9237820552867,985.9053358162062,1033.4145589357463,9.045441064253737
TR-047388,2025-10-28,october,Dry Van,2095.1,3678.26,3920.9913315625704,3785.9562891794394,3853.473810371005,175.2138103710049
TR-047389,2025-10-28,october,Dry Van,679.8,1425.24,1386.5935448953476,1402.854270206166,1394.7239075507568,30.51609244924316
TR-047390,2025-10-28,october,Dry Van,2531.1,4745.33,4769.71420393979,4646.961115919589,4708.33765992969,36.99234007031009
TR-047391,2025-10-28,october,Reefer,598.2,1405.42,1384.988129128332,1364.8631623487913,1374.9256457385618,30.494354261438275
TR-047392,2025-10-28,october,Reefer,435.0,1120.77,1092.7407773755237,1038.354455653132,1065.5476165143277,55.22238348567225
TR-047393,2025-10-28,october,Dry Van,428.0,941.6,939.9374541952346,924.9737292456721,932.4555917204534,9.14440827954661
TR-047394,2025-10-28,october,Flatbed,2306.4,4749.79,4773.872354101041,4812.494017056224,4793.183185578633,43.393185578633165
TR-047395,2025-10-28,october,Dry Van,1652.5,3187.5,3275.0208213299143,3205.276824561167,3240.148822945541,52.648822945540815
TR-047396,2025-10-28,october,Flatbed,1413.1,3189.23,3095.1079080965337,3059.047985623851,3077.0779468601922,112.15205313980778
TR-047397,2025-10-28,october,Dry Van,248.3,656.46,622.5336896458393,623.2843737940191,622.9090317199292,33.55096828007083
TR-047398,2025-10-28,october,Reefer,1151.6,2465.88,2512.2483655791925,2478.6472978989077,2495.4478317390503,29.567831739050234
TR-047399,2025-10-28,october,Reefer,909.5,2112.89,2034.0808255128677,2004.9016658930248,2019.4912457029463,93.39875429705353
TR-047400,2025-10-28,october,Dry Van,637.7,1354.66,1355.0706586304366,1377.646388742519,1366.3585236864778,11.698523686477756
TR-047401,2025-10-28,october,Reefer,356.8,1019.77,963.4011054824484,905.110428834153,934.2557671583007,85.51423284169925
TR-047402,2025-10-28,october,Dry Van,1442.5,2754.21,2909.373446985947,2868.059361264901,2888.7164041254237,134.50640412542361
TR-047403,2025-10-28,october,Flatbed,2829.3,5681.27,5727.209515671061,5828.619204033166,5777.914359852113,96.64435985211276
TR-047404,2025-10-28,october,Reefer,2355.5,4655.6,4969.988448239212,4791.344899136121,4880.666673687667,225.06667368766648
TR-047405,2025-10-28,october,Dry Van,468.7,1077.64,1052.2266433452658,1029.623618515911,1040.9251309305882,36.71486906941186
TR-047406,2025-10-28,october,Dry Van,1249.0,2642.51,2607.482516920482,2605.5506717955914,2606.516594358037,35.99340564196336
TR-047407,2025-10-28,october,Dry Van,1611.3,3069.81,3166.7304046810405,3151.3395106356757,3159.034957658358,89.22495765835811
TR-047408,2025-10-28,october,Dry Van,2026.7,3993.34,4087.5980638118913,3943.919235306892,4015.7586495593914,22.41864955939127
TR-047409,2025-10-28,october,Dry Van,723.9,1605.8,1537.799337211787,1502.1586402156408,1519.978988713714,85.82101128628597
TR-047410,2025-10-28,october,Dry Van,1500.2,3021.1,3087.887523623953,3034.371623934778,3061.1295737793653,40.029573779365364
TR-047411,2025-10-28,october,Flatbed,1197.4,2578.04,2532.4701157447885,2501.6578110565447,2517.0639634006666,60.97603659933338
TR-047412,2025-10-28,october,Dry Van,1852.0,3556.61,3682.461777458512,3656.0855214892363,3669.2736494738742,112.6636494738741
TR-047413,2025-10-28,october,Dry Van,596.6,1183.25,1227.1114142047345,1201.4511151419779,1214.2812646733562,31.03126467335619
TR-047414,2025-10-28,october,Reefer,428.5,1176.14,1127.5241021473378,1107.1178936391825,1117.32099789326,58.81900210674007
TR-047415,2025-10-28,october,Flatbed,2587.3,5096.63,5232.855897619935,5221.5765980308115,5227.216247825373,130.586247825373
TR-047416,2025-10-28,october,Dry Van,769.0,1591.65,1618.73796519734,1585.9158955981422,1602.326930397741,10.676930397740989
TR-047417,2025-10-28,october,Dry Van,1149.8,2284.94,2328.211084848598,2319.109026943014,2323.660055895806,38.72005589580613
TR-047418,2025-10-28,october,Dry Van,2187.1,4063.92,4190.807718526347,4052.482675281655,4121.645196904001,57.72519690400077
TR-047419,2025-10-28,october,Reefer,421.9,1091.27,1071.653998865013,1046.0423770732398,1058.8481879691262,32.42181203087375
TR-047420,2025-10-28,october,Dry Van,1650.6,3212.28,3247.6582182493003,3213.177227896026,3230.417723072663,18.137723072662993
TR-047421,2025-10-28,october,Dry Van,2190.8,4325.34,4369.16120525824,4200.220198964254,4284.690702111247,40.6492978887527
TR-047422,2025-10-28,october,Flatbed,404.4,1022.33,1011.6737099749477,948.0828330142901,979.878271494619,42.451728505381084
TR-047423,2025-10-28,october,Flatbed,658.0,1600.71,1528.5278324851256,1517.5931225117388,1523.0604774984322,77.64952250156784
TR-047424,2025-10-28,october,Reefer,2896.1,5972.82,5951.759504861655,5942.735189396737,5947.247347129196,25.572652870803722
TR-047425,2025-10-28,october,Dry Van,2544.0,4709.46,4778.173196917875,4760.649559156099,4769.411378036987,59.95137803698708
TR-047426,2025-10-28,october,Flatbed,1639.3,3365.06,3414.850029089612,3476.8151592458075,3445.8325941677094,80.77259416770949
TR-047427,2025-10-28,october,Reefer,1148.9,2540.54,2565.137193403836,2518.35794710069,2541.7475702522634,1.2075702522633947
TR-047428,2025-10-28,october,Dry Van,419.1,993.52,964.6305174129145,950.640307980106,957.6354126965102,35.88458730348975
TR-047429,2025-10-28,october,Dry Van,272.6,692.88,689.7414996182085,671.2311713483973,680.4863354833029,12.393664516697072
TR-047430,2025-10-28,october,Reefer,783.7,1841.61,1785.4733922806831,1763.344005286035,1774.4086987833591,67.20130121664079
TR-047431,2025-10-28,october,Dry Van,926.5,1806.26,1864.056690410158,1812.6925217212117,1838.374606065685,32.11460606568494
TR-047432,2025-10-28,october,Flatbed,1978.6,4295.45,4144.148525518756,4186.561012171826,4165.354768845291,130.09523115470893
TR-047433,2025-10-28,october,Reefer,664.6,1613.18,1598.201330835037,1590.6951304395902,1594.4482306373136,18.731769362686464
TR-047434,2025-10-28,october,Dry Van,1096.5,2271.94,2237.904098411983,2273.2028198345233,2255.553459123253,16.38654087674695
TR-047435,2025-10-28,october,Dry Van,928.7,2060.68,1969.5788458113573,1954.1696223082274,1961.8742340597923,98.8057659402075
TR-047436,2025-10-28,october,Flatbed,650.4,1447.73,1432.2453247404871,1419.4246855199183,1425.8350051302027,21.8949948697973
TR-047437,2025-10-28,october,Reefer,527.7,1373.08,1329.5898363081026,1313.9062737388542,1321.7480550234784,51.33194497652153
TR-047438,2025-10-28,october,Flatbed,1867.0,3974.95,3992.635285220226,4091.9679809387626,4042.3016330794944,67.3516330794946
TR-047439,2025-10-28,october,Reefer,1186.8,2686.94,2605.8763803641123,2647.2644336697595,2626.570407016936,60.369592983064194
TR-047440,2025-10-28,october,Dry Van,1242.8,2579.09,2542.539132257644,2550.581790512786,2546.5604613852147,32.52953861478545
TR-047441,2025-10-28,october,Flatbed,1458.4,3125.81,3128.203059851471,3137.155257942636,3132.6791588970536,6.869158897053694
TR-047442,2025-10-28,october,Reefer,738.3,1760.31,1725.1566412390507,1696.7787887038194,1710.967714971435,49.3422850285649
TR-047443,2025-10-28,october,Flatbed,1287.2,2912.71,2807.249400585389,2810.5098237412244,2808.879612163307,103.83038783669326
TR-047444,2025-10-28,october,Dry Van,3024.7,5224.85,5446.368611256615,5239.278964013846,5342.8237876352305,117.97378763523011
TR-047445,2025-10-28,october,Dry Van,443.2,985.67,973.524491250818,970.0371769420174,971.7808340964177,13.889165903582239
TR-047446,2025-10-28,october,Dry Van,735.8,1465.33,1477.423595663926,1470.566537942042,1473.9950668029842,8.665066802984256
TR-047447,2025-10-28,october,Dry Van,1882.9,3575.15,3792.242879494219,3649.250050745683,3720.7464651199507,145.5964651199506
TR-047448,2025-10-28,october,Dry Van,1495.0,3023.55,3071.6913083073077,3071.6855195769967,3071.6884139421522,48.138413942152056
TR-047449,2025-10-28,october,Dry Van,737.2,1474.64,1483.2307341516016,1474.837457851542,1479.034096001572,4.394096001571825
TR-047450,2025-10-28,october,Reefer,920.4,2197.71,2086.0309184793355,2068.3598092988786,2077.1953638891073,120.51463611089275
TR-047451,2025-10-28,october,Dry Van,850.0,1698.45,1666.9033158935763,1694.547290614825,1680.7253032542008,17.724696745799292
TR-047452,2025-10-28,october,Reefer,623.3,1540.06,1509.9500803087076,1477.9379704818198,1493.9440253952637,46.115974604736266
TR-047453,2025-10-28,october,Dry Van,2091.9,3650.16,3677.436209910322,3811.0128842800686,3744.2245470951952,94.0645470951954
TR-047454,2025-10-28,october,Dry Van,2376.2,4413.94,4498.093492176609,4372.873652871591,4435.4835725241,21.543572524100455
TR-047455,2025-10-28,october,Dry Van,932.1,1871.9,1931.6332315217517,1913.530212554082,1922.5817220379167,50.68172203791664
TR-047456,2025-10-28,october,Flatbed,1708.0,3295.02,3606.8101140105623,3552.3841791962377,3579.5971466034,284.5771466033998
TR-047457,2025-10-28,october,Reefer,958.0,2174.2,2113.6002601193977,2085.577831686878,2099.589045903138,74.61095409686186
TR-047458,2025-10-28,october,Dry Van,2267.2,4308.62,4431.843009351597,4346.697953160923,4389.270481256261,80.65048125626072
TR-047459,2025-10-28,october,Reefer,490.2,1258.82,1247.2944316102582,1193.6207149908012,1220.4575733005297,38.362426699470234
TR-047460,2025-10-28,october,Dry Van,549.0,1200.85,1149.5538303136145,1149.2729786475006,1149.4134044805576,51.436595519442335
TR-047461,2025-10-28,october,Reefer,987.4,2207.48,2212.314435474522,2182.508833097787,2197.4116342861544,10.068365713845651
TR-047462,2025-10-28,october,Flatbed,2069.7,3936.26,4294.585697716767,4204.9935636481605,4249.789630682464,313.5296306824639
TR-047463,2025-10-28,october,Reefer,1640.8,3628.24,3544.650559333918,3569.1729077369005,3556.9117335354094,71.32826646459034
TR-047464,2025-10-28,october,Flatbed,2642.2,5167.12,5332.134032972712,5365.856048883303,5348.995040928007,181.87504092800737
TR-047465,2025-10-28,october,Dry Van,807.5,1696.9,1621.3937915281304,1657.3832536224463,1639.3885225752883,57.51147742471176
TR-047466,2025-10-28,october,Dry Van,541.3,1179.5,1171.3982325818283,1185.6063475357978,1178.502290058813,0.9977099411869403
TR-047467,2025-10-28,october,Dry Van,507.6,1083.36,1079.1314592520114,1070.0094639454642,1074.570461598738,8.789538401262007
TR-047468,2025-10-28,october,Dry Van,746.6,1641.29,1604.7190912773342,1598.7073653665313,1601.7132283219328,39.57677167806719
TR-047469,2025-10-28,october,Dry Van,624.4,1458.78,1390.4096185592448,1400.2038558461013,1395.306737202673,63.473262797326925
TR-047470,2025-10-28,october,Reefer,534.0,1330.5,1291.6538631108663,1258.9869393884019,1275.320401249634,55.17959875036604
TR-047471,2025-10-28,october,Flatbed,1766.6,3611.22,3740.7674974738,3692.8585427236376,3716.813020098719,105.59302009871908
TR-047472,2025-10-28,october,Dry Van,235.1,595.09,593.5265023301577,571.6756567610412,582.6010795455994,12.488920454400613
TR-047473,2025-10-28,october,Dry Van,2465.2,4372.61,4577.150027946674,4427.8606762420095,4502.505352094342,129.89535209434234
TR-047474,2025-10-28,october,Flatbed,774.0,1745.58,1678.8357209739866,1640.0196399750216,1659.427680474504,86.15231952549584
TR-047475,2025-10-28,october,Reefer,548.7,1307.46,1280.6632646802082,1237.1384526617385,1258.9008586709733,48.559141329026716
TR-047476,2025-10-28,october,Reefer,282.3,751.16,750.6655712498908,714.6163394924827,732.6409553711867,18.519044628813276
TR-047477,2025-10-28,october,Dry Van,383.6,916.19,897.4449088559066,862.1253433620495,879.7851261089781,36.40487389102191
TR-047478,2025-10-28,october,Flatbed,1408.6,2860.24,3026.2493184496007,3031.9448152154728,3029.0970668325367,168.85706683253693
TR-047479,2025-10-28,october,Dry Van,2101.8,4115.49,4174.090708125953,3984.399583242083,4079.245145684018,36.244854315981684
TR-047480,2025-10-28,october,Dry Van,1473.1,2873.82,2956.888084316067,2977.44809321465,2967.1680887653583,93.34808876535817
TR-047481,2025-10-28,october,Dry Van,108.5,283.17,289.4926950142169,274.459901087831,281.97629805102395,1.19370194897607
TR-047482,2025-10-28,october,Dry Van,1040.7,2125.82,2176.607656216482,2144.943101831889,2160.775379024186,34.95537902418573
TR-047483,2025-10-28,october,Dry Van,975.2,1976.8,1959.8300466078772,1965.1895373083382,1962.5097919581076,14.290208041892356
TR-047484,2025-10-29,october,Reefer,1518.9,3370.38,3240.0015404372657,3266.6508584289822,3253.326199433124,117.0538005668759
TR-047485,2025-10-29,october,Dry Van,823.5,1870.23,1769.0818852464909,1748.2321679329766,1758.6570265897337,111.57297341026629
TR-047486,2025-10-29,october,Reefer,152.1,484.6,471.96080776359395,436.9158936206836,454.4383506921388,30.16164930786124
TR-047487,2025-10-29,october,Dry Van,490.5,1121.9,1092.5676091040075,1056.8200159294738,1074.6938125167408,47.20618748325933
TR-047488,2025-10-29,october,Reefer,1014.5,2270.61,2234.496158247226,2187.0907544050506,2210.7934563261383,59.816543673861815
TR-047489,2025-10-29,october,Dry Van,1602.4,2892.34,3145.199292337194,2941.2547209749705,3043.2270066560823,150.88700665608212
TR-047490,2025-10-29,october,Flatbed,1283.9,2747.48,2723.7755720063155,2693.2920361895794,2708.5338040979477,38.946195902052295
TR-047491,2025-10-29,october,Reefer,556.8,1363.85,1333.0003949749432,1324.1384446536688,1328.569419814306,35.28058018569391
TR-047492,2025-10-29,october,Dry Van,1737.9,3559.43,3590.3293974434787,3506.5962196770943,3548.4628085602862,10.967191439713588
TR-047493,2025-10-29,october,Dry Van,1066.8,2250.61,2182.400777800448,2182.2077539532793,2182.3042658768636,68.30573412313652
TR-047494,2025-10-29,october,Dry Van,327.0,731.72,740.599196176932,717.3257131344747,728.9624546557034,2.757545344296659
TR-047495,2025-10-29,october,Flatbed,341.3,888.94,886.1783935918747,827.2852979424447,856.7318457671597,32.20815423284034
TR-047496,2025-10-29,october,Dry Van,1743.6,3390.51,3486.7336395947377,3419.5412384815836,3453.1374390381607,62.627439038160446
TR-047497,2025-10-29,october,Flatbed,169.4,500.4,516.8570810673757,482.711394775278,499.78423792132685,0.6157620786731286
TR-047498,2025-10-29,october,Dry Van,731.6,1606.79,1547.2438473176123,1547.614592480843,1547.4292198992275,59.360780100772445
TR-047499,2025-10-29,october,Dry Van,1796.7,3778.61,3594.2399310874457,3659.033204405281,3626.6365677463637,151.97343225363647
TR-047500,2025-10-29,october,Dry Van,2319.7,4190.67,4432.154277928569,4292.3742002677955,4362.264239098182,171.5942390981818
TR-047501,2025-10-29,october,Reefer,790.2,1783.42,1702.8765228446277,1712.0249253705028,1707.4507241075653,75.96927589243478
TR-047502,2025-10-29,october,Flatbed,299.5,846.81,819.5400243698979,781.4553185165157,800.4976714432069,46.31232855679309
TR-047503,2025-10-29,october,Reefer,1674.0,3685.43,3650.947194297948,3554.64285914906,3602.7950267235037,82.63497327649611
TR-047504,2025-10-29,october,Reefer,2063.5,880.04,4328.43483874144,4374.699531793771,4351.567185267606,3471.527185267606
TR-047505,2025-10-29,october,Reefer,1691.5,3606.92,3640.6023720173876,3711.2790860357254,3675.9407290265563,69.02072902655618
TR-047506,2025-10-29,october,Dry Van,1112.3,2312.14,2286.097892284891,2243.949275574136,2265.0235839295137,47.11641607048614
TR-047507,2025-10-29,october,Reefer,2454.6,5152.2,5182.0573830075355,5179.8564265302375,5180.9569047688865,28.75690476888667
TR-047508,2025-10-29,october,Dry Van,290.9,766.56,746.9274637432637,727.3801257648679,737.1537947540658,29.40620524593419
TR-047509,2025-10-29,october,Dry Van,160.3,446.16,431.97905859278785,381.92435368187375,406.9517061373308,39.20829386266922
TR-047510,2025-10-29,october,Flatbed,959.7,2272.15,2171.4533446898668,2201.42106720953,2186.437205949698,85.71279405030191
TR-047511,2025-10-29,october,Dry Van,1398.3,2651.73,2723.9393622411962,2694.092074312047,2709.0157182766216,57.28571827662154
TR-047512,2025-10-29,october,Dry Van,2002.3,3767.08,3800.7654201711694,3794.4624842039066,3797.613952187538,30.533952187538034
TR-047513,2025-10-29,october,Flatbed,2399.3,4946.8,4995.26908209885,5017.4605715511025,5006.364826824976,59.56482682497608
TR-047514,2025-10-29,october,Dry Van,450.4,994.65,995.6809555447211,994.5902337722316,995.1355946584763,0.485594658476316
TR-047515,2025-10-29,october,Flatbed,944.0,2144.48,2061.452737336337,2084.24944689925,2072.8510921177935,71.62890788220648
TR-047516,2025-10-29,october,Dry Van,856.3,1957.2,1846.9457775905566,1883.5198424885682,1865.2328100395625,91.96718996043751
TR-047517,2025-10-29,october,Dry Van,564.1,1357.67,1286.6584521696275,1309.449499108182,1298.0539756389048,59.61602436109524
TR-047518,2025-10-29,october,Reefer,749.1,1760.13,1742.2064494934493,1689.252188457454,1715.7293189754516,44.400681024548476
TR-047519,2025-10-29,october,Dry Van,689.0,1602.83,1501.0648416257252,1481.2912185372493,1491.1780300814871,111.6519699185128
TR-047520,2025-10-29,october,Reefer,484.8,1269.47,1228.8956150991237,1198.6389920841198,1213.7673035916218,55.70269640837819
TR-047521,2025-10-29,october,Dry Van,697.9,1527.82,1508.9232391367243,1456.2739771194374,1482.5986081280807,45.221391871919195
TR-047522,2025-10-29,october,Dry Van,286.4,757.91,710.5646666736031,704.1343249022843,707.3494957879437,50.56050421205623
TR-047523,2025-10-29,october,Reefer,433.5,1174.09,1165.740519381521,1108.4054069235337,1137.0729631525273,37.01703684747258
TR-047524,2025-10-29,october,Flatbed,675.2,1547.03,1528.7237259543426,1500.0146509015221,1514.3691884279324,32.66081157206759
TR-047525,2025-10-29,october,Dry Van,2321.5,4199.93,4372.365612942149,4245.156043423613,4308.760828182881,108.8308281828804
TR-047526,2025-10-29,october,Dry Van,692.5,1434.93,1443.3160626622096,1414.0278356241383,1428.671949143174,6.258050856826003
TR-047527,2025-10-29,october,Dry Van,1469.7,2909.37,2916.108283466698,2902.5593477997704,2909.3338156332343,0.03618436676561032
TR-047528,2025-10-29,october,Flatbed,93.0,299.74,310.00312926540147,307.5449845698449,308.77405691762317,9.034056917623161
TR-047529,2025-10-29,october,Dry Van,453.6,996.52,990.992699213285,991.7561637554545,991.3744314843698,5.1455685156302025
TR-047530,2025-10-29,october,Dry Van,424.6,1043.66,1026.4148158908313,1014.2829669294216,1020.3488914101265,23.311108589873584
TR-047531,2025-10-29,october,Dry Van,2037.1,3939.96,4041.4483245477536,4041.489451878163,4041.4688882129585,101.50888821295848
TR-047532,2025-10-29,october,Dry Van,1562.2,3087.48,3191.230064759574,3112.7084159971782,3151.969240378376,64.48924037837605
TR-047533,2025-10-29,october,Reefer,831.6,2012.77,1971.6643183445992,1990.6742253857906,1981.1692718651948,31.600728134805195
TR-047534,2025-10-29,october,Flatbed,686.7,1537.05,1502.6055698933683,1512.8195457032894,1507.7125577983288,29.337442201671138
TR-047535,2025-10-29,october,Dry Van,1357.2,2731.05,2724.879004147106,2790.1367386915963,2757.5078714193514,26.45787141935125
TR-047536,2025-10-29,october,Dry Van,734.7,1532.23,1504.8790006369043,1518.7249700309364,1511.8019853339204,20.42801466607966
TR-047537,2025-10-29,october,Dry Van,2782.4,15003.55,5055.254414652622,4967.045182092144,5011.149798372383,9992.400201627617
TR-047538,2025-10-29,october,Dry Van,2847.6,5253.36,5399.506982235069,5352.141469700949,5375.824225968008,122.46422596800858
TR-047539,2025-10-29,october,Dry Van,1041.1,472.91,1986.529085622143,2009.089840469673,1997.809463045908,1524.8994630459079
TR-047540,2025-10-29,october,Dry Van,596.3,1301.4,1288.4428916466563,1280.368247711524,1284.4055696790901,16.99443032090994
TR-047541,2025-10-29,october,Flatbed,405.4,1028.05,1026.7157255094203,955.7758624809821,991.2457939952012,36.80420600479874
TR-047542,2025-10-29,october,Dry Van,1129.3,2245.8,2198.2089618222844,2240.571211415264,2219.390086618774,26.409913381226033
TR-047543,2025-10-29,october,Dry Van,1579.2,3160.91,3265.4109238827245,3194.917256198964,3230.1640900408443,69.2540900408444
TR-047544,2025-10-29,october,Dry Van,1291.1,2737.09,2619.0597638160293,2656.9818499976154,2638.020806906822,99.069193093178
TR-047545,2025-10-29,october,Flatbed,1881.2,4073.56,3952.064857140102,4042.036021201777,3997.0504391709396,76.50956082906032
TR-047546,2025-10-29,october,Dry Van,1367.0,2729.05,2793.294869446072,2731.1247359120143,2762.209802679043,33.15980267904297
TR-047547,2025-10-29,october,Dry Van,1091.3,2164.35,2181.5277567596218,2166.1729699567945,2173.850363358208,9.500363358208233
TR-047548,2025-10-29,october,Dry Van,716.4,1457.56,1417.4949061014906,1467.7229817069428,1442.6089439042166,14.951056095783315
TR-047549,2025-10-29,october,Reefer,1650.7,3814.07,3585.18684879103,3663.6684385448652,3624.4276436679475,189.6423563320527
TR-047550,2025-10-29,october,Dry Van,406.9,934.1,913.8988187968476,873.0662484202985,893.482533608573,40.617466391427
TR-047551,2025-10-29,october,Dry Van,491.2,1173.54,1131.392283170179,1134.7959686645531,1133.094125917366,40.445874082633964
TR-047552,2025-10-29,october,Flatbed,2283.8,4781.72,4881.4253664384905,4951.179827789016,4916.302597113753,134.58259711375285
TR-047553,2025-10-29,october,Dry Van,672.2,1576.9,1505.9182445383146,1494.9862088049406,1500.4522266716276,76.44777332837248
TR-047554,2025-10-29,october,Reefer,1471.7,3164.95,3175.329270642254,3231.4750458867065,3203.40215826448,38.452158264480204
TR-047555,2025-10-29,october,Dry Van,513.7,1121.82,1122.3727048989883,1085.3945127943534,1103.883608846671,17.93639115332894
TR-047556,2025-10-29,october,Dry Van,937.4,2021.99,1926.2111147054222,1971.4073483403245,1948.8092315228732,73.18076847712678
TR-047557,2025-10-29,october,Dry Van,844.9,1802.15,1776.437489675431,1781.4976154533565,1778.9675525643938,23.182447435606264
TR-047558,2025-10-29,october,Dry Van,1054.5,2256.25,2198.4400167397043,2168.6705055501757,2183.5552611449402,72.69473885505977
TR-047559,2025-10-29,october,Reefer,276.0,751.56,752.7731072721621,699.5787566726619,726.175931972412,25.384068027588
TR-047560,2025-10-29,october,Reefer,2107.5,4370.07,4463.96549195069,4453.8621575279085,4458.913824739299,88.84382473929963
TR-047561,2025-10-29,october,Dry Van,737.8,1661.68,1634.0905390184355,1642.450051439125,1638.2702952287802,23.409704771219822
TR-047562,2025-10-29,october,Dry Van,1173.4,2324.37,2265.6252605594977,2294.6733657817467,2280.149313170622,44.22068682937788
TR-047563,2025-10-29,october,Reefer,2159.5,4417.81,4538.872909268622,4580.606314704473,4559.739611986548,141.92961198654757
TR-047564,2025-10-29,october,Reefer,1023.1,2238.49,2218.0701067123073,2218.912969373768,2218.4915380430375,19.998461956962274
TR-047565,2025-10-29,october,Dry Van,910.8,1859.53,1887.7270421280102,1866.8283893935254,1877.277715760768,17.74771576076796
TR-047566,2025-10-29,october,Reefer,841.8,2168.55,2033.47428666977,2009.5714219060317,2021.5228542879008,147.02714571209935
TR-047567,2025-10-29,october,Dry Van,225.5,555.65,560.11795641697,522.6160682753725,541.3670123461712,14.28298765382874
TR-047568,2025-10-29,october,Flatbed,105.9,327.27,358.85335369246286,351.8886395116929,355.37099660207787,28.100996602077885
TR-047569,2025-10-29,october,Flatbed,693.1,1633.65,1655.383448842753,1586.205592193242,1620.7945205179976,12.855479482002465
TR-047570,2025-10-29,october,Dry Van,467.2,1086.62,1063.8183707827252,1034.7351747996195,1049.2767727911723,37.34322720882756
TR-047571,2025-10-29,october,Flatbed,263.2,748.27,721.1780696519852,665.6891193559668,693.433594503976,54.836405496023986
TR-047572,2025-10-29,october,Dry Van,594.9,1375.77,1295.0082575373133,1300.743204891616,1297.8757312144646,77.89426878553536
TR-047573,2025-10-29,october,Dry Van,805.6,1783.98,1697.744839014672,1716.8446883639126,1707.2947636892923,76.68523631070775
TR-047574,2025-10-29,october,Flatbed,467.7,1187.99,1160.9285639444483,1106.637908973098,1133.7832364587732,54.20676354122679
TR-047575,2025-10-29,october,Dry Van,842.9,1710.9,1694.3256740733245,1729.99368208152,1712.1596780774223,1.2596780774222225
TR-047576,2025-10-29,october,Dry Van,944.2,1943.9,1939.0814701523275,1926.8661468651114,1932.9738085087195,10.926191491280633
TR-047577,2025-10-29,october,Reefer,337.2,966.33,942.1725757905239,906.0567657215033,924.1146707560135,42.2153292439865
TR-047578,2025-10-29,october,Dry Van,431.4,1018.54,1024.216891357254,969.7360405253371,996.9764659412956,21.563534058704363
TR-047579,2025-10-29,october,Flatbed,387.8,980.92,988.5859659070832,943.8903631865492,966.2381645468162,14.681835453183794
TR-047580,2025-10-29,october,Dry Van,1374.0,2600.37,2635.3240629829584,2655.915031192805,2645.619547087882,45.24954708788209
TR-047581,2025-10-29,october,Reefer,2337.1,4798.37,4854.301932808042,4842.745847223625,4848.523890015833,50.153890015832985
TR-047582,2025-10-29,october,Dry Van,371.2,820.66,834.0799709515218,805.7985671862182,819.93926906887,0.7207309311299923
TR-047583,2025-10-29,october,Flatbed,1852.6,3789.3,3908.4134869744576,3759.5369896255957,3833.975238300027,44.67523830002665
TR-047584,2025-10-29,october,Dry Van,214.0,558.82,553.1336968421116,527.4622275845913,540.2979622133514,18.52203778664864
TR-047585,2025-10-29,october,Dry Van,1394.4,2854.93,2799.8984551634785,2786.5193110530927,2793.2088831082856,61.721116891714246
TR-047586,2025-10-29,october,Dry Van,1140.7,2215.0,2220.1070578568133,2351.352750816203,2285.7299043365083,70.7299043365083
TR-047587,2025-10-29,october,Flatbed,1383.3,11596.28,2915.9000612272584,2932.088544689181,2923.99430295822,8672.285697041782
TR-047588,2025-10-29,october,Dry Van,631.7,1390.99,1346.459602489446,1373.1338573844223,1359.7967299369343,31.19327006306571
TR-047589,2025-10-29,october,Reefer,746.7,1834.12,1777.6694691898426,1724.058998196789,1750.8642336933158,83.25576630668411
TR-047590,2025-10-29,october,Dry Van,2719.2,4873.36,4989.943095382169,4810.869623610125,4900.406359496147,27.04635949614749
TR-047591,2025-10-29,october,Dry Van,832.3,1774.21,1695.3216693737572,1736.3725751207674,1715.8471222472622,58.36287775273786
TR-047592,2025-10-29,october,Dry Van,325.4,754.97,757.5401381979683,722.3931433716225,739.9666407847953,15.003359215204682
TR-047593,2025-10-29,october,Reefer,1197.4,2991.48,2635.9392598177587,2614.8333199677836,2625.386289892771,366.0937101072291
TR-047594,2025-10-29,october,Dry Van,518.3,1191.82,1162.109047983448,1139.2827952716393,1150.6959216275436,41.124078372456324
TR-047595,2025-10-29,october,Reefer,308.4,927.59,892.3937401972182,843.4030413938563,867.8983907955372,59.69160920446279
TR-047596,2025-10-29,october,Reefer,416.2,1161.51,1138.9536496429585,1102.0284003857332,1120.4910250143457,41.01897498565427
TR-047597,2025-10-29,october,Dry Van,979.8,2108.62,2040.7692266386784,2049.7708548889236,2045.270040763801,63.349959236198856
TR-047598,2025-10-29,october,Reefer,535.7,1375.06,1332.406941426565,1293.2734995482972,1312.840220487431,62.21977951256895
TR-047599,2025-10-29,october,Reefer,1151.6,2611.37,2592.1301779230434,2624.227806519329,2608.1789922211865,3.1910077788134004
TR-047600,2025-10-29,october,Dry Van,1006.7,1993.97,2033.7901084449309,2096.572912491327,2065.181510468129,71.21151046812906
TR-047601,2025-10-29,october,Dry Van,940.9,1948.36,1923.2080955906824,1957.5720023979168,1940.3900489942996,7.969951005700295
TR-047602,2025-10-29,october,Flatbed,1145.7,2421.4,2464.3801541858456,2472.271537082976,2468.325845634411,46.92584563441096
TR-047603,2025-10-29,october,Flatbed,270.6,699.65,697.109138922681,652.9730145519318,675.0410767373064,24.608923262693565
TR-047604,2025-10-29,october,Flatbed,1922.3,3920.05,4084.0046160037546,4158.640609102611,4121.322612553183,201.27261255318263
TR-047605,2025-10-29,october,Dry Van,2815.5,5026.75,5114.576855221357,4935.64518509537,5025.111020158363,1.638979841636683
TR-047606,2025-10-29,october,Reefer,1395.2,3122.21,2954.7582104554763,2976.0773485982336,2965.417779526855,156.79222047314488
TR-047607,2025-10-29,october,Flatbed,2132.7,4301.42,4538.823538956651,4542.931303901001,4540.877421428826,239.4574214288259
TR-047608,2025-10-29,october,Dry Van,2339.5,4614.73,4679.606808220547,4592.744047119188,4636.175427669867,21.44542766986706
TR-047609,2025-10-29,october,Reefer,1557.7,3294.52,3329.453094636731,3312.039765597401,3320.7464301170658,26.226430117065775
TR-047610,2025-10-29,october,Flatbed,1080.6,2559.98,2425.888395686769,2476.3033599101927,2451.0958777984806,108.8841222015194
TR-047611,2025-10-29,october,Reefer,233.7,660.61,651.5039374648844,597.4871423150378,624.495539889961,36.114460110038976
TR-047612,2025-10-29,october,Reefer,1911.1,4203.68,4106.200124400767,4129.528890340087,4117.8645073704265,85.81549262957378
TR-047613,2025-10-29,october,Dry Van,144.8,403.88,615.9442073471768,405.696901376067,510.8205543616219,106.94055436162188
TR-047614,2025-10-29,october,Reefer,1396.3,3243.76,3121.2904508324277,3165.341861818573,3143.3161563255003,100.44384367449993
TR-047615,2025-10-29,october,Dry Van,463.8,1073.46,1064.6756326050836,1041.088739570717,1052.8821860879002,20.577813912099828
TR-047616,2025-10-29,october,Flatbed,1912.3,4092.42,4012.269752265994,4116.9906612529885,4064.6302067594916,27.789793240508516
TR-047617,2025-10-29,october,Dry Van,2609.2,4874.2,4905.493809949385,4851.400273261781,4878.447041605583,4.247041605583036
TR-047618,2025-10-29,october,Reefer,1569.1,3464.06,3411.6007530690163,3444.105867662276,3427.8533103656464,36.20668963435355
TR-047619,2025-10-29,october,Dry Van,1723.4,3399.68,3514.0028951742315,3442.950777356652,3478.4768362654418,78.79683626544193
TR-047620,2025-10-29,october,Flatbed,182.8,539.46,540.6499439737562,493.25502340242474,516.9524836880905,22.507516311909512
TR-047621,2025-10-29,october,Dry Van,1527.8,3160.75,3119.1746576672317,3082.6014966434777,3100.888077155355,59.86192284464505
TR-047622,2025-10-29,october,Reefer,758.8,1856.54,1831.4244642091187,1750.4730805422719,1790.9487723756952,65.59122762430479
TR-047623,2025-10-29,october,Dry Van,910.4,2012.18,1928.6237582454867,1923.9823354776304,1926.3030468615584,85.87695313844165
TR-047624,2025-10-29,october,Dry Van,1225.8,2564.63,2538.202539482233,2528.868360399753,2533.535449940993,31.094550059006906
TR-047625,2025-10-29,october,Reefer,2070.0,4277.21,4375.388192827651,4410.065441025767,4392.726816926709,115.516816926709
TR-047626,2025-10-29,october,Dry Van,138.3,385.1,382.0069822845239,351.78907124095826,366.8980267627411,18.201973237258926
TR-047627,2025-10-29,october,Dry Van,1238.6,2471.08,2460.1650555146102,2477.536942716331,2468.8509991154706,2.2290008845293414
TR-047628,2025-10-29,october,Dry Van,310.5,688.18,702.7365385552163,708.3193153089935,705.527926932105,17.347926932104997
TR-047629,2025-10-29,october,Dry Van,1667.7,3398.73,3447.291670279717,3382.2694312677822,3414.7805507737494,16.050550773749364
TR-047630,2025-10-29,october,Reefer,1248.2,2907.44,2729.9976727647986,2839.745914168492,2784.8717934666456,122.56820653335444
TR-047631,2025-10-29,october,Flatbed,3092.4,5797.06,5863.002131684985,5983.353290881269,5923.177711283127,126.11771128312648
TR-047632,2025-10-29,october,Dry Van,707.8,1385.22,1464.1092602611902,1466.0834698460988,1465.0963650536446,79.87636505364458
TR-047633,2025-10-29,october,Dry Van,2260.1,4146.93,4235.676754075646,4124.650074201452,4180.163414138549,33.23341413854905
TR-047634,2025-10-29,october,Dry Van,997.8,2093.42,2112.211876776952,2113.1643301829395,2112.6881034799458,19.268103479945694
TR-047635,2025-10-29,october,Dry Van,2424.6,4355.51,4547.956177120553,4429.065829762487,4488.511003441519,133.00100344151906
TR-047636,2025-10-29,october,Dry Van,925.1,1774.25,1870.0689794462442,1834.4176507086452,1852.2433150774445,77.99331507744455
TR-047637,2025-10-29,october,Flatbed,657.5,1606.38,1569.1534155589873,1514.8418306801548,1541.997623119571,64.38237688042909
TR-047638,2025-10-29,october,Dry Van,968.5,2087.61,2049.151385312054,2078.7036895133065,2063.92753741268,23.68246258732006
TR-047639,2025-10-29,october,Dry Van,961.3,2068.13,1980.8413514414337,1965.2750936073157,1973.0582225243747,95.07177747562537
TR-047640,2025-10-29,october,Dry Van,697.8,1393.76,1457.9845708228554,1427.7273264530122,1442.8559486379338,49.095948637933816
TR-047641,2025-10-29,october,Dry Van,1202.4,2581.13,2532.673232466652,2564.838791462845,2548.7560119647487,32.37398803525139
TR-047642,2025-10-29,october,Flatbed,592.5,1378.94,1343.6371497378468,1358.9625245536583,1351.2998371457525,27.640162854247592
TR-047643,2025-10-29,october,Dry Van,2671.6,5279.51,5202.765823144659,5174.941421440951,5188.853622292805,90.65637770719513
TR-047644,2025-10-29,october,Dry Van,1836.2,3453.76,3569.4930909766126,3490.8852911267686,3530.1891910516906,76.4291910516904
TR-047645,2025-10-29,october,Dry Van,2512.9,4502.62,4661.712479493022,4604.131619274802,4632.922049383912,130.30204938391216
TR-047646,2025-10-29,october,Flatbed,1835.1,4087.37,3906.1184666817303,4030.9237290120736,3968.521097846902,118.8489021530977
TR-047647,2025-10-29,october,Reefer,668.5,1532.92,1509.9736852045583,1469.3845817067588,1489.6791334556585,43.24086654434154
TR-047648,2025-10-30,october,Dry Van,724.1,1647.93,1642.0547818865195,1571.526817743427,1606.7907998149733,41.139200185026766
TR-047649,2025-10-30,october,Dry Van,2500.5,4892.67,4955.625083266431,4852.880747629225,4904.252915447828,11.582915447827872
TR-047650,2025-10-30,october,Flatbed,206.5,601.03,606.7244377476725,571.9259694254549,589.3252035865637,11.70479641343627
TR-047651,2025-10-30,october,Dry Van,1738.4,3349.82,3410.4718480537426,3366.377345247136,3388.4245966504395,38.60459665043936
TR-047652,2025-10-30,october,Reefer,768.6,1898.3,1860.1825676875383,1762.417478309286,1811.3000229984123,86.9999770015877
TR-047653,2025-10-30,october,Dry Van,868.7,1840.18,1809.9299602527951,1803.0023408415502,1806.4661505471727,33.71384945282739
TR-047654,2025-10-30,october,Dry Van,765.2,1635.87,1573.5527323222932,1549.2317903008984,1561.3922613115958,74.47773868840409
TR-047655,2025-10-30,october,Dry Van,794.9,1709.94,1644.316036656186,1687.4606228259702,1665.888329741078,44.05167025892206
TR-047656,2025-10-30,october,Reefer,1178.2,2658.31,2600.036995768703,2562.205363056505,2581.121179412604,77.1888205873961
TR-047657,2025-10-30,october,Reefer,1125.7,552.14,2497.8456908227718,2380.874126571463,2439.359908697117,1887.2199086971173
TR-047658,2025-10-30,october,Dry Van,246.5,602.47,599.1409373575088,544.3584425949357,571.7496899762223,30.720310023777756
TR-047659,2025-10-30,october,Dry Van,2087.6,4068.07,4072.850400646227,3930.699204627134,4001.7748026366808,66.2951973633194
TR-047660,2025-10-30,october,Dry Van,1580.2,3247.49,3246.2802794169597,3215.917917161586,3231.0990982892727,16.39090171072712
TR-047661,2025-10-30,october,Dry Van,328.1,864.68,828.2926839492993,803.6457530347341,815.9692184920167,48.710781507983256
TR-047662,2025-10-30,october,Dry Van,1261.3,8276.0,2636.812723292745,2688.9802231344474,2662.8964732135964,5613.103526786404
TR-047663,2025-10-30,october,Reefer,1107.4,2573.87,2485.403482078823,2441.6001103744984,2463.5017962266606,110.36820377333925
TR-047664,2025-10-30,october,Dry Van,3104.8,5530.61,5651.457387283766,5562.53991970803,5606.998653495898,76.38865349589832
TR-047665,2025-10-30,october,Dry Van,1113.4,2292.7,2281.603675053504,2252.371250747345,2266.9874629004244,25.712537099575457
TR-047666,2025-10-30,october,Reefer,446.9,1110.85,1117.1035541046217,1056.182310473504,1086.6429322890629,24.207067710937054
TR-047667,2025-10-30,october,Dry Van,646.4,1352.21,1317.1145485583834,1337.2098429970638,1327.1621957777236,25.047804222276454
TR-047668,2025-10-30,october,Dry Van,824.9,1856.57,1741.1394971410712,1757.1803572228116,1749.1599271819414,107.41007281805855
TR-047669,2025-10-30,october,Flatbed,551.2,1369.62,1336.4981149508767,1285.6052177223655,1311.051666336621,58.56833366337878
TR-047670,2025-10-30,october,Dry Van,776.6,1781.06,1691.1295279392493,1715.64790818605,1703.3887180626498,77.67128193735016
TR-047671,2025-10-30,october,Flatbed,793.5,1756.84,1750.3742111247202,1803.7775580724042,1777.0758845985622,20.23588459856228
TR-047672,2025-10-30,october,Reefer,183.4,535.76,543.8587118398715,496.7243785577798,520.2915451988256,15.468454801174403
TR-047673,2025-10-30,october,Dry Van,822.7,1799.38,1713.8983629880781,1696.4220298973762,1705.1601964427273,94.21980355727283
TR-047674,2025-10-30,october,Reefer,284.2,822.11,777.168180962004,767.2155657981418,772.1918733800729,49.91812661992708
TR-047675,2025-10-30,october,Flatbed,2592.4,5216.72,5297.016899599291,5295.363576647485,5296.190238123389,79.4702381233883
TR-047676,2025-10-30,october,Reefer,1935.7,4313.84,4188.81492215551,4221.496735446472,4205.155828800991,108.68417119900914
TR-047677,2025-10-30,october,Dry Van,447.5,1055.51,1045.0636740116058,1032.1300702297785,1038.5968721206923,16.913127879307694
TR-047678,2025-10-30,october,Reefer,2151.8,4646.88,4588.711442656067,4702.2970734258915,4645.504258040979,1.3757419590210702
TR-047679,2025-10-30,october,Dry Van,1417.6,2993.39,2956.0072062195095,2868.6559772203873,2912.3315917199484,81.05840828005148
TR-047680,2025-10-30,october,Dry Van,1175.7,2374.26,2393.545786411149,2453.53842552531,2423.5421059682294,49.28210596822919
TR-047681,2025-10-30,october,Dry Van,778.2,1670.64,1610.5188989211667,1616.2260427214953,1613.372470821331,57.267529178669065
TR-047682,2025-10-30,october,Flatbed,1530.9,3188.2,3235.4208230375307,3220.1140480617305,3227.7674355496306,39.56743554963077
TR-047683,2025-10-30,october,Dry Van,1696.3,3388.71,3473.252458437676,3473.653585266986,3473.453021852331,84.74302185233091
TR-047684,2025-10-30,october,Dry Van,1311.1,2595.54,2645.392318985362,2656.3704406449133,2650.8813798151377,55.34137981513777
TR-047685,2025-10-30,october,Reefer,497.4,1173.21,1160.0695533452724,1104.0494756468854,1132.059514496079,41.15048550392112
TR-047686,2025-10-30,october,Reefer,2523.5,5443.58,5295.40543266971,5465.058927919288,5380.232180294499,63.347819705501024
TR-047687,2025-10-30,october,Dry Van,842.1,1735.58,1679.1877674894724,1694.4558647155598,1686.821816102516,48.75818389748383
TR-047688,2025-10-30,october,Reefer,1184.3,2720.24,2721.1015407934283,2702.1029919305465,2711.6022663619874,8.637733638012378
TR-047689,2025-10-30,october,Dry Van,461.9,1102.45,1077.394774978224,1044.0132944897778,1060.7040347340007,41.7459652659993
TR-047690,2025-10-30,october,Reefer,288.2,811.26,811.2695406991465,768.1816700482821,789.7256053737143,21.53439462628569
TR-047691,2025-10-30,october,Dry Van,2851.8,5264.69,5261.597369623244,5175.184815261631,5218.391092442438,46.298907557561506
TR-047692,2025-10-30,october,Dry Van,900.4,1822.65,1851.822487131154,1848.595470984714,1850.208979057934,27.55897905793381
TR-047693,2025-10-30,october,Flatbed,672.6,1566.62,1527.4731959458327,1516.56456962323,1522.0188827845313,44.60111721546855
TR-047694,2025-10-30,october,Dry Van,2240.8,4492.79,4577.052411632097,4337.781764329417,4457.417087980757,35.372912019242904
TR-047695,2025-10-30,october,Dry Van,619.3,1375.3,1343.7868764206178,1362.8902745365822,1353.3385754786,21.961424521399977
TR-047696,2025-10-30,october,Dry Van,1582.9,3265.76,3209.2075812795115,3205.5779292160487,3207.39275524778,58.36724475222036
TR-047697,2025-10-30,october,Flatbed,1210.4,2802.67,2679.4640881089094,2805.193529933456,2742.3288090211827,60.341190978817394
TR-047698,2025-10-30,october,Dry Van,789.8,1773.38,1701.150641396676,1708.9309904135857,1705.0408159051308,68.33918409486932
TR-047699,2025-10-30,october,Dry Van,464.1,1114.11,1082.8348050621294,1036.4284592004437,1059.6316321312866,54.47836786871335
TR-047700,2025-10-30,october,Flatbed,409.2,1134.89,1107.8657170795113,1058.230463329541,1083.048090204526,51.841909795474066
TR-047701,2025-10-30,october,Dry Van,570.8,1262.99,1288.939773457147,1291.9046380780628,1290.422205767605,27.432205767604955
TR-047702,2025-10-30,october,Flatbed,670.3,370.24,1497.8239579272276,1472.9528731247042,1485.388415525966,1115.148415525966
TR-047703,2025-10-30,october,Flatbed,78.2,246.59,227.1069396016773,270.87641558626433,248.99167759397082,2.401677593970817
TR-047704,2025-10-30,october,Reefer,1307.3,3005.3,3000.3490567004087,2987.316718185838,2993.8328874431236,11.4671125568766
TR-047705,2025-10-30,october,Flatbed,418.8,1154.41,1112.6278487476732,1074.6564478246883,1093.6421482861806,60.76785171381948
TR-047706,2025-10-30,october,Dry Van,432.2,1009.87,997.1421437965568,941.1124784302297,969.1273111133933,40.74268888660674
TR-047707,2025-10-30,october,Dry Van,579.2,1327.71,1297.9439362415515,1254.3854915004342,1276.1647138709927,51.54528612900731
TR-047708,2025-10-30,october,Reefer,369.6,1000.75,1002.0391012586523,908.8595421147929,955.4493216867227,45.30067831327733
TR-047709,2025-10-30,october,Dry Van,2979.0,5532.34,5492.288640523189,5564.9547123975735,5528.621676460381,3.718323539618723
TR-047710,2025-10-30,october,Dry Van,1190.3,2247.46,2308.6948768343423,2341.252938281917,2324.9739075581297,77.51390755812963
TR-047711,2025-10-30,october,Dry Van,1728.6,3451.23,3505.6268141952096,3427.6243307605,3466.625572477855,15.395572477854785
TR-047712,2025-10-30,october,Dry Van,862.6,1851.58,1788.5415706216104,1798.0631859551875,1793.3023782883988,58.277621711601114
TR-047713,2025-10-30,october,Dry Van,500.7,1212.03,1140.9775844179778,1128.6672679115813,1134.8224261647797,77.20757383522027
TR-047714,2025-10-30,october,Dry Van,542.9,1197.57,1193.4455494497076,1182.6985192397747,1188.072034344741,9.497965655258895
TR-047715,2025-10-30,october,Reefer,363.5,958.18,942.3383479486558,894.3545916610519,918.3464698048539,39.83353019514607
TR-047716,2025-10-30,october,Reefer,1500.1,3469.99,3310.9073866162603,3345.458978088123,3328.1831823521916,141.8068176478082
TR-047717,2025-10-30,october,Reefer,1994.0,4434.45,4196.155386777731,4252.145615190967,4224.1505009843495,210.29949901565033
TR-047718,2025-10-30,october,Dry Van,699.6,1591.71,1570.8861467586464,1470.3009462806901,1520.5935465196683,71.11645348033176
TR-047719,2025-10-30,october,Reefer,306.2,859.86,857.7596285963483,825.1427754532767,841.4512020248126,18.40879797518744
TR-047720,2025-10-30,october,Dry Van,1142.3,2463.27,2388.4210901888173,2439.4387307215848,2413.929910455201,49.34008954479896
TR-047721,2025-10-30,october,Dry Van,465.5,1022.08,1016.2379996255817,1015.3689548364067,1015.8034772309942,6.276522769005851
TR-047722,2025-10-30,october,Dry Van,1524.9,3134.03,3154.969294856964,3086.8940007358597,3120.931647796412,13.098352203588092
TR-047723,2025-10-30,october,Dry Van,370.3,864.61,846.394082531094,802.7425387362646,824.5683106336793,40.041689366320725
TR-047724,2025-10-30,october,Reefer,1183.7,2620.82,2612.465153912748,2662.911440552978,2637.688297232863,16.868297232862915
TR-047725,2025-10-30,october,Dry Van,2129.3,4171.25,4247.997633633835,4175.301044719121,4211.649339176478,40.39933917647795
TR-047726,2025-10-30,october,Dry Van,1194.3,2395.25,2407.7255070482506,2421.2170367982108,2414.4712719232307,19.221271923230688
TR-047727,2025-10-30,october,Dry Van,1148.3,2551.54,2411.8844546581886,2355.6200765276294,2383.7522655929088,167.7877344070912
TR-047728,2025-10-30,october,Dry Van,2456.1,4757.71,4746.945057719628,4665.843534305681,4706.394296012654,51.31570398734584
TR-047729,2025-10-30,october,Dry Van,226.1,598.72,594.9495161722803,556.1511822699297,575.550349221105,23.16965077889506
TR-047730,2025-10-30,october,Dry Van,1514.9,3021.06,3076.708046448709,3042.258229299082,3059.4831378738954,38.423137873895485
TR-047731,2025-10-30,october,Dry Van,658.0,1477.27,1399.9976648026066,1367.0817589232322,1383.5397118629194,93.7302881370806
TR-047732,2025-10-30,october,Dry Van,201.6,541.2,526.5091094107231,512.3425839070471,519.4258466588851,21.774153341114925
TR-047733,2025-10-30,october,Reefer,392.2,987.59,963.461833082373,868.0014491081349,915.731641095254,71.85835890474607
TR-047734,2025-10-30,october,Flatbed,2008.7,4243.72,4262.208114271457,4248.681411677691,4255.444762974574,11.724762974573423
TR-047735,2025-10-30,october,Reefer,1221.1,2664.27,2635.48947169068,2628.760176067706,2632.124823879193,32.14517612080681
TR-047736,2025-10-30,october,Reefer,1689.1,3933.12,3695.0168576432816,3749.2779672008564,3722.147412422069,210.97258757793088
TR-047737,2025-10-30,october,Reefer,839.9,1857.61,1830.248614334547,1844.0586754435694,1837.1536448890583,20.45635511094156
TR-047738,2025-10-30,october,Dry Van,1633.8,3134.32,3183.0007915915767,3117.6294957347536,3150.315143663165,15.995143663164981
TR-047739,2025-10-30,october,Dry Van,1149.2,2388.37,2342.2644910905683,2349.1720599038676,2345.718275497218,42.65172450278169
TR-047740,2025-10-30,october,Flatbed,2116.3,4577.61,4455.335392305648,4532.597165301517,4493.966278803582,83.64372119641757
TR-047741,2025-10-30,october,Dry Van,446.0,1091.78,1059.4319839838663,1034.2423047850875,1046.837144384477,44.94285561552306
TR-047742,2025-10-30,october,Reefer,2161.5,4815.8,4539.283634321619,4590.411994670312,4564.847814495965,250.9521855040348
TR-047743,2025-10-30,october,Reefer,136.8,104.38,420.5794733753822,404.72815652122495,412.65381494830353,308.27381494830354
TR-047744,2025-10-30,october,Dry Van,915.4,1834.95,1826.291032442367,1799.869612712252,1813.0803225773095,21.86967742269053
TR-047745,2025-10-30,october,Dry Van,2619.5,4610.22,4869.071661390755,4650.387193610604,4759.72942750068,149.50942750067952
TR-047746,2025-10-30,october,Reefer,2408.8,5077.85,5153.828216514568,5069.264292802292,5111.54625465843,33.69625465843001
TR-047747,2025-10-30,october,Dry Van,946.8,1871.61,1912.860494596749,1935.3683890816826,1924.114441839216,52.50444183921604
TR-047748,2025-10-30,october,Dry Van,651.2,1281.55,1292.6826605661045,1304.9619010384934,1298.8222808022988,17.272280802298837
TR-047749,2025-10-30,october,Dry Van,467.6,998.55,1024.5553857672066,1007.2200802388223,1015.8877330030145,17.33773300301459
TR-047750,2025-10-30,october,Dry Van,2058.6,4007.09,4053.6114571097405,4009.232348843946,4031.4219029768433,24.33190297684314
TR-047751,2025-10-30,october,Reefer,1752.5,3863.28,3829.1116525078664,3776.3759141081164,3802.743783307991,60.53621669200902
TR-047752,2025-10-30,october,Reefer,471.5,1317.88,1252.8507846622172,1219.1202539482615,1235.9855193052394,81.89448069476066
TR-047753,2025-10-30,october,Dry Van,878.1,1839.63,1780.702926707683,1785.5880602366965,1783.1454934721896,56.48450652781048
TR-047754,2025-10-30,october,Flatbed,1131.3,2338.56,2375.93750120574,2399.5150259481084,2387.726263576924,49.16626357692394
TR-047755,2025-10-30,october,Reefer,982.4,2331.19,2208.838704241045,2195.6403768471178,2202.239540544081,128.95045945591892
TR-047756,2025-10-30,october,Reefer,2449.0,5356.55,5181.288321794195,5202.662458948098,5191.975390371146,164.57460962885398
TR-047757,2025-10-30,october,Reefer,2735.6,5369.38,5603.897704927504,5531.65108184555,5567.774393386527,198.39439338652664
TR-047758,2025-10-30,october,Reefer,1012.2,2288.61,2245.1981987689915,2245.3678947356993,2245.2830467523454,43.32695324765473
TR-047759,2025-10-30,october,Dry Van,347.5,858.63,840.9464031041261,781.0014449265886,810.9739240153574,47.6560759846426
TR-047760,2025-10-30,october,Reefer,858.1,2020.71,1909.966810430275,1911.198696088388,1910.5827532593316,110.1272467406684
TR-047761,2025-10-30,october,Reefer,1230.4,2982.91,2733.7341781624564,2897.84496992209,2815.789574042273,167.12042595772664
TR-047762,2025-10-30,october,Dry Van,2768.3,5281.62,5410.695921353906,5351.2010849502985,5380.948503152102,99.3285031521018
TR-047763,2025-10-30,october,Reefer,986.6,2309.11,2220.9461067509365,2198.9418546789634,2209.94398071495,99.16601928504997
TR-047764,2025-10-30,october,Reefer,856.0,2099.94,2028.7543593552089,2008.9647679666753,2018.859563660942,81.080436339058
TR-047765,2025-10-30,october,Dry Van,1900.7,3771.54,3840.0472504957584,3814.3728642012593,3827.2100573485086,55.670057348508635
TR-047766,2025-10-30,october,Dry Van,2190.0,4121.98,4209.867442168981,4117.989891999238,4163.92866708411,41.94866708411064
TR-047767,2025-10-30,october,Reefer,113.4,371.98,359.716334534868,319.1510562485307,339.43369539169936,32.54630460830066
TR-047768,2025-10-30,october,Flatbed,1151.3,2543.77,2523.1202289449143,2523.052227746973,2523.0862283459437,20.683771654056272
TR-047769,2025-10-30,october,Dry Van,839.3,1651.48,1719.6140573514224,1717.8526687917354,1718.7333630715789,67.25336307157886
TR-047770,2025-10-30,october,Flatbed,397.6,947.08,984.1939596618569,922.2090767945249,953.2015182281909,6.121518228190894
TR-047771,2025-10-30,october,Flatbed,1986.6,4036.76,4264.84870916248,4275.454172867687,4270.151441015083,233.39144101508282
TR-047772,2025-10-30,october,Reefer,530.2,1362.09,1311.5265131574035,1287.3800926870385,1299.4533029222212,62.63669707777876
TR-047773,2025-10-30,october,Reefer,480.5,1137.26,1141.9695255228444,1069.71595210954,1105.8427388161922,31.417261183807796
TR-047774,2025-10-30,october,Dry Van,1704.6,3282.64,3357.8914993441904,3337.670854035867,3347.7811766900286,65.14117669002871
TR-047775,2025-10-30,october,Dry Van,692.5,1449.52,1429.0342873651343,1408.2992990633034,1418.6667932142188,30.85320678578114
TR-047776,2025-10-30,october,Dry Van,1196.3,2360.09,2331.649993273974,2390.3695263486475,2361.0097598113107,0.9197598113105414
TR-047777,2025-10-30,october,Flatbed,3094.9,6393.83,6177.217793345653,6434.311320621323,6305.764556983488,88.06544301651229
TR-047778,2025-10-30,october,Dry Van,457.0,1120.44,1082.4083498676944,1049.1329609982356,1065.770655432965,54.66934456703507
TR-047779,2025-10-30,october,Flatbed,919.6,1973.74,1911.8504581271277,1922.6002226979863,1917.225340412557,56.51465958744302
TR-047780,2025-10-30,october,Flatbed,396.9,1009.07,1029.2493588576808,970.0648302286647,999.6570945431728,9.412905456827275
TR-047781,2025-10-30,october,Dry Van,1122.2,2420.89,2307.1257929701337,2381.389237362569,2344.2575151663514,76.6324848336485
TR-047782,2025-10-30,october,Dry Van,2558.4,4697.23,4870.720673196501,4774.452878472064,4822.586775834283,125.35677583428333
TR-047783,2025-10-30,october,Dry Van,1225.6,2639.31,2616.632810516833,2544.2155138508006,2580.424162183817,58.885837816183084
TR-047784,2025-10-30,october,Flatbed,479.5,1199.51,1193.5059674041095,1147.3504339296808,1170.428200666895,29.081799333104982
TR-047785,2025-10-30,october,Reefer,363.1,975.31,967.3791880708662,894.3007174699105,930.8399527703884,44.47004722961151
TR-047786,2025-10-30,october,Dry Van,2007.6,4067.77,4031.111534212721,4048.3496540442507,4039.730594128486,28.03940587151419
TR-047787,2025-10-30,october,Reefer,511.7,1296.79,1294.464103190332,1235.0669938347276,1264.7655485125297,32.02445148747029
TR-047788,2025-10-30,october,Dry Van,2464.2,4760.41,4845.392444501084,4752.038082335616,4798.71526341835,38.30526341835048
TR-047789,2025-10-30,october,Dry Van,672.1,1544.73,1501.1865642061343,1492.6429241642304,1496.9147441851824,47.81525581481765
TR-047790,2025-10-30,october,Reefer,786.1,1814.99,1768.2972707287897,1763.6963971271,1765.9968339279449,48.993166072055146
TR-047791,2025-10-30,october,Dry Van,305.8,734.35,731.3214092542739,720.1397376752207,725.7305734647473,8.619426535252728
TR-047792,2025-10-30,october,Dry Van,717.5,1613.34,1584.467479409118,1571.6172084872453,1578.0423439481815,35.29765605181842
TR-047793,2025-10-30,october,Flatbed,970.7,2255.27,2192.3171707259107,2229.221472221107,2210.769321473509,44.5006785264909
TR-047794,2025-10-30,october,Dry Van,1881.6,3558.09,3660.2706350662997,3606.905151097175,3633.587893081737,75.49789308173695
TR-047795,2025-10-30,october,Reefer,741.1,1782.82,1743.7552246003795,1698.7535916437362,1721.2544081220578,61.5655918779421
TR-047796,2025-10-30,october,Flatbed,239.2,227.15,664.7500219754451,633.7084666392182,649.2292443073316,422.0792443073316
TR-047797,2025-10-30,october,Dry Van,711.6,1677.55,1630.6499865066944,1614.511665305618,1622.5808259061562,54.969174093843776
TR-047798,2025-10-30,october,Dry Van,1240.0,2600.14,2577.163624305657,2573.641457200866,2575.4025407532617,24.737459246738126
TR-047799,2025-10-30,october,Dry Van,631.4,1440.59,1400.5365281393845,1381.4511429826387,1390.9938355610116,49.59616443898835
TR-047800,2025-10-30,october,Flatbed,2145.7,4466.72,4601.931991731574,4623.43148830185,4612.681740016712,145.9617400167117
TR-047801,2025-10-30,october,Dry Van,675.7,1518.01,1473.555520594377,1473.541021359959,1473.548270977168,44.46172902283206
TR-047802,2025-10-30,october,Dry Van,849.4,1753.32,1753.1201531568388,1743.8562444999473,1748.488198828393,4.831801171606912
TR-047803,2025-10-30,october,Flatbed,459.3,1163.6,1191.0021916781996,1135.2565750475217,1163.1293833628606,0.470616637139301
TR-047804,2025-10-30,october,Reefer,2139.6,4403.34,4500.169706401303,4521.009478588248,4510.589592494776,107.24959249477615
TR-047805,2025-10-30,october,Reefer,855.8,2043.4,1992.906428636677,1993.4616304845079,1993.1840295605925,50.215970439407556
TR-047806,2025-10-30,october,Dry Van,2250.4,4158.35,4270.519518298097,4183.692408370946,4227.105963334521,68.75596333452086
TR-047807,2025-10-30,october,Dry Van,1311.1,2463.2,2618.009430800317,2572.6155347922927,2595.3124827963047,132.1124827963049
TR-047808,2025-10-30,october,Reefer,1084.1,2390.13,2382.071420859113,2364.1153917527267,2373.09340630592,17.03659369408024
TR-047809,2025-10-30,october,Dry Van,908.7,1819.36,1901.090198266335,1839.267804151492,1870.1790012089136,50.81900120891373
TR-047810,2025-10-30,october,Dry Van,2041.1,3985.1,4007.089519551825,3945.499108475992,3976.2943140139087,8.805685986091248
TR-047811,2025-10-30,october,Dry Van,811.8,1612.1,1636.898634155641,1650.2201419964067,1643.5593880760239,31.45938807602397
TR-047812,2025-10-30,october,Dry Van,323.5,766.77,752.2365599902494,741.087435607541,746.6619977988952,20.108002201104796
TR-047813,2025-10-30,october,Dry Van,278.0,673.77,671.0165894723605,625.6156814554693,648.3161354639149,25.45386453608512
TR-047814,2025-10-30,october,Reefer,890.4,1927.01,1919.3112835039663,1915.158220077022,1917.234751790494,9.77524820950589
TR-047815,2025-10-30,october,Reefer,196.7,611.85,600.6558837738266,563.9462464230587,582.3010650984427,29.548934901557345
TR-047816,2025-10-30,october,Dry Van,1732.4,3137.04,3373.448602311117,3294.6440562862135,3334.046329298665,197.00632929866515
TR-047817,2025-10-30,october,Reefer,1481.0,3474.52,3302.9654010344743,3340.0433785448595,3321.5043897896667,153.0156102103333
TR-047818,2025-10-30,october,Dry Van,668.3,1465.84,1468.175191086255,1447.9356578557708,1458.0554244710129,7.784575528987034
TR-047819,2025-10-30,october,Dry Van,1730.4,3234.9,3389.3881433242314,3280.5774425775408,3334.982792950886,100.08279295088596
TR-047820,2025-10-30,october,Flatbed,409.9,1037.63,1057.202200924451,993.0431566208408,1025.122678772646,12.507321227354169
TR-047821,2025-10-30,october,Reefer,1722.4,9939.89,3800.350574103689,3814.3610521737846,3807.3558131387367,6132.534186861263
TR-047822,2025-10-30,october,Flatbed,1046.0,2533.96,2415.562262855689,2409.734262355963,2412.648262605826,121.31173739417409
TR-047823,2025-10-30,october,Reefer,2536.4,5043.29,5368.103050511097,5212.449240278193,5290.276145394645,246.98614539464506
TR-047824,2025-10-30,october,Dry Van,451.6,1019.9,1005.5674058194088,993.2031178530667,999.3852618362378,20.514738163762217
TR-047825,2025-10-31,october,Dry Van,992.1,2182.09,2102.197983470291,2112.9872131733364,2107.592598321814,74.49740167818618
TR-047826,2025-10-31,october,Dry Van,594.5,1312.38,1263.9023844886133,1256.2198884980585,1260.0611364933359,52.31886350666423
TR-047827,2025-10-31,october,Dry Van,386.6,863.6,868.1486816252627,853.141551191083,860.6451164081728,2.9548835918271834
TR-047828,2025-10-31,october,Dry Van,1088.0,2233.22,2292.8417522137124,2251.227440815165,2272.034596514439,38.81459651443902
TR-047829,2025-10-31,october,Flatbed,894.5,1987.95,1900.459321941263,1929.7113272834285,1915.0853246123456,72.86467538765442
TR-047830,2025-10-31,october,Flatbed,1405.0,2865.04,2979.7933614311123,3042.538454770882,3011.165908100997,146.1259081009971
TR-047831,2025-10-31,october,Dry Van,2958.8,5261.3,5383.876603248911,5231.133482200497,5307.505042724704,46.20504272470407
TR-047832,2025-10-31,october,Dry Van,969.9,1956.59,1969.9549968407152,2003.7975700048958,1986.8762834228055,30.28628342280558
TR-047833,2025-10-31,october,Flatbed,281.0,718.63,712.128977448464,680.4831400233152,696.3060587358896,22.32394126411043
TR-047834,2025-10-31,october,Dry Van,2639.4,5079.05,5105.475109549653,5017.714037090927,5061.59457332029,17.4554266797104
TR-047835,2025-10-31,october,Dry Van,185.1,477.89,470.03560039606566,463.3405910295894,466.68809571282753,11.201904287172454
TR-047836,2025-10-31,october,Dry Van,1220.6,2529.12,2478.808074734236,2521.499330626256,2500.153702680246,28.96629731975372
TR-047837,2025-10-31,october,Flatbed,1829.0,3755.65,3904.0088015814686,3975.0548930230007,3939.5318473022344,183.8818473022343
TR-047838,2025-10-31,october,Reefer,1188.3,2813.02,2699.465028758099,2751.8333561877107,2725.649192472905,87.37080752709517
TR-047839,2025-10-31,october,Flatbed,316.5,798.38,807.5469279596161,751.1023310762034,779.3246295179098,19.05537048209021
TR-047840,2025-10-31,october,Dry Van,1139.5,772.61,2378.7237943072496,2407.495362552222,2393.109578429736,1620.4995784297357
TR-047841,2025-10-31,october,Dry Van,706.5,1628.64,1590.9478732770403,1562.071233582861,1576.5095534299508,52.130446570049344
TR-047842,2025-10-31,october,Dry Van,451.6,1037.85,1025.270284689697,983.3925053039247,1004.3313949968109,33.51860500318901
TR-047843,2025-10-31,october,Reefer,1232.0,3006.47,2714.79721142459,2809.0521720480797,2761.924691736335,244.545308263665
TR-047844,2025-10-31,october,Dry Van,470.7,1162.01,1124.7489627249304,1092.2466733676838,1108.4978180463072,53.51218195369279
TR-047845,2025-10-31,october,Dry Van,855.0,1648.06,1741.34144869127,1735.1045638993728,1738.2230062953213,90.16300629532134
TR-047846,2025-10-31,october,Dry Van,284.4,734.99,699.500715952019,687.191304594661,693.34601027334,41.64398972666004
TR-047847,2025-10-31,october,Dry Van,488.1,1236.93,1158.3867883239182,1153.633357006193,1156.0100726650555,80.91992733494453
TR-047848,2025-10-31,october,Dry Van,2013.7,3562.85,3809.704458413922,3731.035327213132,3770.3698928135273,207.51989281352735
TR-047849,2025-10-31,october,Flatbed,614.2,1502.63,1480.8271814232562,1413.4541344260376,1447.1406579246468,55.489342075353306
TR-047850,2025-10-31,october,Dry Van,2139.5,3933.98,4099.569950521325,3944.830595389465,4022.200272955395,88.2202729553951
TR-047851,2025-10-31,october,Dry Van,538.3,1191.61,1179.0553981490343,1166.2913296514312,1172.6733639002327,18.936636099767156
TR-047852,2025-10-31,october,Reefer,1150.4,2620.28,2563.3767388053693,2540.504561889706,2551.9406503475375,68.33934965246272
TR-047853,2025-10-31,october,Dry Van,451.4,997.09,1005.5117993251102,978.276872500094,991.8943359126022,5.195664087397859
TR-047854,2025-10-31,october,Flatbed,257.2,739.26,724.6218016117718,692.6729940195708,708.6473978156713,30.612602184328694
TR-047855,2025-10-31,october,Dry Van,546.6,1152.24,1154.908415966302,1144.3809301967226,1149.6446730815123,2.5953269184876717
TR-047856,2025-10-31,october,Dry Van,1115.4,2145.81,2153.836157348566,2163.803217280716,2158.8196873146408,13.009687314640814
TR-047857,2025-10-31,october,Dry Van,1215.3,2506.8,2465.5606031380753,2455.434475213501,2460.497539175788,46.302460824212176
TR-047858,2025-10-31,october,Dry Van,308.7,703.44,713.2654360391882,668.0736966830029,690.6695663610956,12.770433638904478
TR-047859,2025-10-31,october,Reefer,1035.4,2371.11,2276.9489173791712,2234.186830725727,2255.567874052449,115.54212594755109
TR-047860,2025-10-31,october,Dry Van,904.6,1782.08,1825.563302202538,1831.1339097692219,1828.3486059858799,46.26860598587996
TR-047861,2025-10-31,october,Flatbed,759.7,1711.56,1678.4145243426121,1640.7141732630457,1659.564348802829,51.9956511971709
TR-047862,2025-10-31,october,Dry Van,131.1,355.88,362.29908273124016,321.7573701689703,342.0282264501052,13.851773549894801
TR-047863,2025-10-31,october,Dry Van,242.2,577.77,579.1783748299241,571.9972068925447,575.5877908612345,2.182209138765529
TR-047864,2025-10-31,october,Flatbed,1533.1,3135.27,3209.891855543157,3244.972638869426,3227.4322472062913,92.16224720629134
TR-047865,2025-10-31,october,Dry Van,2085.8,3874.49,4027.163688603408,3940.7064439742735,3983.935066288841,109.44506628884119
TR-047866,2025-10-31,october,Flatbed,298.3,746.12,760.9853005556382,710.1512237363204,735.5682621459794,10.551737854020644
TR-047867,2025-10-31,october,Flatbed,744.3,1646.65,1667.7124970103841,1656.7730918979585,1662.2427944541714,15.592794454171326
TR-047868,2025-10-31,october,Reefer,1547.4,3529.14,3322.124057452708,3355.2495828828123,3338.68682016776,190.45317983224004
TR-047869,2025-10-31,october,Flatbed,835.6,1892.15,1827.9597861270204,1850.01790786779,1838.9888469974053,53.1611530025948
TR-047870,2025-10-31,october,Dry Van,989.7,2033.55,2096.281425779079,2087.148588759304,2091.7150072691916,58.16500726919162
TR-047871,2025-10-31,october,Flatbed,329.6,854.46,841.3986691775178,816.003302732765,828.7009859551414,25.759014044858645
TR-047872,2025-10-31,october,Dry Van,1204.2,2493.55,2522.544642747582,2528.294181372581,2525.4194120600814,31.86941206008123
TR-047873,2025-10-31,october,Reefer,1181.8,2766.59,2595.9539455073073,2694.220449131568,2645.0871973194376,121.50280268056258
TR-047874,2025-10-31,october,Reefer,1264.6,2787.97,2734.2685137761896,2731.689955523985,2732.979234650087,54.990765349912635
TR-047875,2025-10-31,october,Dry Van,749.0,1565.76,1555.0307192374466,1562.665848787378,1558.8482840124125,6.911715987587513
TR-047876,2025-10-31,october,Dry Van,1083.1,2282.64,2316.625543110367,2229.0564808318086,2272.841011971088,9.798988028911936
TR-047877,2025-10-31,october,Dry Van,305.4,788.83,740.7850098417041,737.538364766865,739.1616873042846,49.668312695715485
TR-047878,2025-10-31,october,Dry Van,887.6,1716.52,1753.249065724241,1738.2729504974031,1745.761008110822,29.241008110822122
TR-047879,2025-10-31,october,Dry Van,413.0,888.23,883.0815658241668,885.7350118973748,884.4082888607708,3.821711139229251
TR-047880,2025-10-31,october,Dry Van,565.4,1264.64,1245.285413536901,1230.7858777538231,1238.035645645362,26.60435435463819
TR-047881,2025-10-31,october,Reefer,2548.0,5507.65,5295.947677941884,5385.673403645559,5340.810540793722,166.83945920627775
TR-047882,2025-10-31,october,Dry Van,2093.9,4049.65,4103.630962929744,4031.893473256655,4067.7622180931994,18.112218093199317
TR-047883,2025-10-31,october,Flatbed,853.9,1756.24,1805.5705262620847,1841.8846889375993,1823.727607599842,67.48760759984202
TR-047884,2025-10-31,october,Dry Van,764.9,1596.37,1602.0988809618188,1579.5683638546454,1590.8336224082323,5.536377591767632
TR-047885,2025-10-31,october,Reefer,656.8,1454.79,1448.61686136578,1430.4016794980655,1439.5092704319227,15.280729568077277
TR-047886,2025-10-31,october,Flatbed,271.0,760.7,713.4680799605087,674.9041415136423,694.1861107370755,66.51388926292452
TR-047887,2025-10-31,october,Dry Van,450.0,1078.09,1053.3307905894558,1061.218363606029,1057.2745770977424,20.815422902257524
TR-047888,2025-10-31,october,Flatbed,184.1,525.91,535.0931796720432,492.53950665128514,513.8163431616642,12.093656838335733
TR-047889,2025-10-31,october,Flatbed,635.4,1536.02,1498.7410051503127,1493.1137464473225,1495.9273757988176,40.09262420118239
TR-047890,2025-10-31,october,Dry Van,196.3,561.02,544.4555717202675,540.9716265810507,542.7135991506591,18.30640084934089
TR-047891,2025-10-31,october,Dry Van,199.4,552.6,548.0731253055243,502.8349313422664,525.4540283238953,27.14597167610475
TR-047892,2025-10-31,october,Reefer,477.0,1254.05,1237.8104128352363,1177.8591301635115,1207.8347714993738,46.215228500626154
TR-047893,2025-10-31,october,Dry Van,3090.5,5877.77,5811.486015731711,5929.589007028115,5870.537511379913,7.232488620087679
TR-047894,2025-10-31,october,Dry Van,142.6,406.71,390.1367121270781,366.9670510662868,378.55188159668245,28.15811840331753
TR-047895,2025-10-31,october,Flatbed,878.9,1803.86,1841.462885976786,1859.2203512711114,1850.3416186239488,46.48161862394886
TR-047896,2025-10-31,october,Flatbed,677.9,1484.36,1451.2979182909748,1473.294762129714,1462.2963402103444,22.063659789655503
TR-047897,2025-10-31,october,Dry Van,967.2,1920.32,1983.2105373912564,2000.0404294093933,1991.6254834003248,71.30548340032487
TR-047898,2025-10-31,october,Dry Van,965.5,1935.63,1964.3523683828707,2006.232151799081,1985.292260090976,49.662260090975906
TR-047899,2025-10-31,october,Dry Van,559.2,389.18,1174.7492043308364,1185.9112141229139,1180.330209226875,791.150209226875
TR-047900,2025-10-31,october,Reefer,864.1,1936.26,1901.1678076596725,1865.8761827880583,1883.5219952238654,52.73800477613463
TR-047901,2025-10-31,october,Dry Van,183.2,498.57,496.68326366423395,470.1448170699416,483.41404036708775,15.155959632912243
TR-047902,2025-10-31,october,Dry Van,566.3,1298.84,1267.4041416065022,1256.5737754212046,1261.9889585138535,36.851041486146414
TR-047903,2025-10-31,october,Reefer,1517.0,3544.7,3369.7272063896944,3432.274737704587,3401.0009720471407,143.69902795285907
TR-047904,2025-10-31,october,Dry Van,1584.9,3014.39,3190.659388690044,3045.4842791033097,3118.071833896677,103.68183389667729
TR-047905,2025-10-31,october,Flatbed,443.1,1193.87,1187.2638382195535,1114.8694684271352,1151.0666533233443,42.803346676655565
TR-047906,2025-10-31,october,Dry Van,1529.9,2972.61,2994.1583121493827,2952.9220945924317,2973.540203370907,0.9302033709068382
TR-047907,2025-10-31,october,Dry Van,386.0,889.76,891.465240164127,820.9731452822757,856.2191927232013,33.54080727679866
TR-047908,2025-10-31,october,Reefer,999.7,2196.67,2208.2547365626815,2199.807902702004,2204.0313196323427,7.361319632342656
TR-047909,2025-10-31,october,Dry Van,1831.9,3726.44,3695.4979774615063,3603.9414039221933,3649.71969069185,76.72030930815026
TR-047910,2025-10-31,october,Dry Van,1904.2,3806.72,3843.663777033135,3750.4077956878755,3797.035786360505,9.684213639494828
TR-047911,2025-10-31,october,Dry Van,2182.6,4081.47,4196.197300562844,4158.773189242891,4177.485244902868,96.01524490286783
TR-047912,2025-10-31,october,Dry Van,844.4,1776.62,1759.5641919982213,1778.7761851453988,1769.17018857181,7.449811428189832
TR-047913,2025-10-31,october,Flatbed,72.8,225.89,278.68174689746036,269.6241720958096,274.152959496635,48.262959496635006
TR-047914,2025-10-31,october,Dry Van,638.3,1428.79,1411.1925573650276,1407.624439091402,1409.4084982282147,19.381501771785224
TR-047915,2025-10-31,october,Dry Van,700.0,1520.95,1458.0458436208041,1406.3695107997169,1432.2076772102605,88.74232278973955
TR-047916,2025-10-31,october,Dry Van,889.2,1964.56,1864.210012985436,1850.2233839010757,1857.2166984432558,107.34330155674411
TR-047917,2025-10-31,october,Reefer,2147.8,4747.86,4569.31216986765,4663.370233427567,4616.341201647609,131.51879835239106
TR-047918,2025-10-31,october,Dry Van,626.4,1423.65,1410.5603397468917,1405.7742381569592,1408.1672889519255,15.482711048074634
TR-047919,2025-10-31,october,Dry Van,2115.8,4047.69,4181.948856964725,4091.176093349713,4136.562475157219,88.87247515721856
TR-047920,2025-10-31,october,Dry Van,1986.1,3750.58,3836.531043195735,3800.6078767601666,3818.569459977951,67.9894599779509
TR-047921,2025-10-31,october,Dry Van,1005.3,2241.06,2099.5196465032554,2115.72710550979,2107.6233760065224,133.4366239934775
TR-047922,2025-10-31,october,Flatbed,831.9,1862.13,1834.9174811283451,1855.523112367194,1845.2202967477697,16.90970325223043
TR-047923,2025-10-31,october,Flatbed,615.7,1487.72,1473.685349319749,1452.5027989952323,1463.0940741574907,24.625925842509332
TR-047924,2025-10-31,october,Dry Van,1334.7,2781.65,2760.6997797136096,2655.8299819479507,2708.2648808307804,73.3851191692197
TR-047925,2025-10-31,october,Dry Van,1501.7,3013.52,3029.8112319685524,2962.410799993433,2996.1110159809928,17.40898401900722
TR-047926,2025-10-31,october,Dry Van,705.2,1624.99,1559.628347406933,1553.1341139777828,1556.3812306923578,68.6087693076422
TR-047927,2025-10-31,october,Flatbed,367.0,928.29,920.8597164815864,867.6844289896094,894.2720727355979,34.01792726440203
TR-047928,2025-10-31,october,Dry Van,177.0,464.45,464.42156892775637,439.251260598058,451.8364147629072,12.613585237092764
TR-047929,2025-10-31,october,Dry Van,1139.1,2419.63,2346.4670378294586,2366.4214803153827,2356.4442590724207,63.185740927579445
TR-047930,2025-10-31,october,Dry Van,564.5,1245.87,1227.8854326147414,1240.6778017578085,1234.281617186275,11.58838281372482
TR-047931,2025-10-31,october,Dry Van,1008.1,2083.49,2131.055417890199,2152.338802464303,2141.697110177251,58.20711017725125
TR-047932,2025-10-31,october,Dry Van,916.6,2105.01,1925.1121597632082,1943.0078255847689,1934.0599926739885,170.9500073260117
TR-047933,2025-10-31,october,Dry Van,2412.3,4779.53,4723.643326865841,4647.677773062469,4685.6605499641555,93.86945003584424
TR-047934,2025-10-31,october,Flatbed,798.8,1694.68,1733.0423993632542,1771.362476030866,1752.20243769706,57.52243769706001
TR-047935,2025-10-31,october,Dry Van,330.2,757.39,756.3044186762171,721.7625991547955,739.0335089155062,18.35649108449377
TR-047936,2025-10-31,october,Dry Van,2016.8,4018.5,4033.917387473597,3957.2056718990025,3995.5615296862998,22.938470313700236
TR-047937,2025-10-31,october,Flatbed,388.8,914.89,922.557053152074,886.5272851005902,904.542169126332,10.347830873667931
TR-047938,2025-10-31,october,Dry Van,451.9,1148.08,1085.36445159529,1062.5797899746476,1073.9721207849689,74.10787921503106
TR-047939,2025-10-31,october,Dry Van,3003.7,5543.53,5548.844729543791,5469.643652238043,5509.244190890917,34.28580910908295
TR-047940,2025-10-31,october,Dry Van,863.3,1865.96,1779.9875126182533,1803.452512740347,1791.7200126793,74.23998732070004
TR-047941,2025-10-31,october,Dry Van,399.1,920.97,944.2185147621534,913.143940737089,928.6812277496213,7.71122774962123
TR-047942,2025-10-31,october,Reefer,939.9,2285.41,2121.636906627796,2161.828543190089,2141.7327249089426,143.67727509105725
TR-047943,2025-10-31,october,Dry Van,1857.4,3381.99,3555.267061357966,3531.420303997535,3543.3436826777506,161.35368267775084
TR-047944,2025-10-31,october,Reefer,1350.6,3118.76,2998.7924001226856,3078.8121900700917,3038.8022950963887,79.95770490361156
TR-047945,2025-10-31,october,Reefer,2261.2,5091.54,4728.532102642329,4778.828033809279,4753.680068225804,337.8599317741964
TR-047946,2025-10-31,october,Flatbed,646.1,1509.1,1450.8294289702194,1467.629722696417,1459.2295758333182,49.87042416668169
TR-047947,2025-10-31,october,Flatbed,1014.4,2269.05,2263.004640978814,2236.085946965987,2249.545293972401,19.50470602759924
TR-047948,2025-10-31,october,Dry Van,2641.9,4788.74,4880.530991338839,4682.9414600697,4781.73622570427,7.003774295730182
TR-047949,2025-10-31,october,Dry Van,121.8,337.43,351.82765891314034,321.03051744466075,336.42908817890054,1.0009118210994643
TR-047950,2025-10-31,october,Dry Van,2075.2,4091.21,4123.3813285213555,4089.574395543887,4106.4778620326215,15.267862032621451
TR-047951,2025-10-31,october,Dry Van,830.8,1803.63,1763.9272020538544,1768.8485877811709,1766.3878949175128,37.24210508248734
TR-047952,2025-10-31,october,Dry Van,908.1,1832.95,1866.3823093296874,1842.931455468169,1854.6568823989282,21.7068823989282
TR-047953,2025-10-31,october,Dry Van,873.0,1872.97,1789.602062536468,1761.5081068617699,1775.555084699119,97.41491530088092
TR-047954,2025-10-31,october,Dry Van,1173.6,2435.84,2451.999047747121,2451.3612497714403,2451.6801487592807,15.84014875928051
TR-047955,2025-10-31,october,Dry Van,1953.3,4018.16,3923.588048114781,3910.5124483859463,3917.0502482503634,101.10975174963642
TR-047956,2025-10-31,october,Reefer,964.6,2252.0,2183.9780307776205,2161.195742310986,2172.5868865443035,79.41311345569648
TR-047957,2025-10-31,october,Dry Van,1569.9,3142.24,3233.3953095523484,3224.918550521784,3229.156930037066,86.91693003706632
TR-047958,2025-10-31,october,Dry Van,2314.4,4321.21,4387.438355218998,4350.688550880878,4369.063453049938,47.85345304993825
TR-047959,2025-10-31,october,Dry Van,184.3,486.72,481.73429211624364,468.23872626938487,474.98650919281425,11.733490807185774
TR-047960,2025-10-31,october,Dry Van,1574.5,3166.71,3249.993223971834,3229.7208964606316,3239.8570602162326,73.1470602162326
TR-047961,2025-10-31,october,Dry Van,1788.8,3440.82,3502.407163061697,3496.651876849034,3499.5295199553657,58.70951995536552
TR-047962,2025-10-31,october,Reefer,70.0,241.41,245.9502524551862,283.23878585656894,264.59451915587755,23.184519155877553
TR-047963,2025-10-31,october,Reefer,1731.7,3897.49,3738.131143850459,3712.7966318810677,3725.4638878657634,172.02611213423643
TR-047964,2025-10-31,october,Reefer,750.6,1730.14,1702.9858437306523,1678.7642603277855,1690.8750520292188,39.26494797078135
TR-047965,2025-10-31,october,Dry Van,1232.6,2612.25,2636.349225446426,2622.66336850396,2629.506296975193,17.25629697519298
TR-047966,2025-10-31,october,Dry Van,1031.2,2131.84,2126.740117880863,2106.7821611583145,2116.761139519589,15.078860480411095
TR-047967,2025-10-31,october,Reefer,1868.5,4242.21,4033.5058400072176,4097.520132372063,4065.5129861896403,176.69701381035975
TR-047968,2025-10-31,october,Dry Van,2029.5,4143.03,4068.496832238316,4069.592792774129,4069.0448125062226,73.98518749377718
TR-047969,2025-10-31,october,Flatbed,1320.8,2756.18,2748.45047725413,2787.501152149641,2767.9758147018856,11.795814701885774
TR-047970,2025-10-31,october,Flatbed,1160.2,2578.62,2511.1218300509327,2571.46261271206,2541.2922213814963,37.327778618503544
TR-047971,2025-10-31,october,Reefer,414.4,1140.1,1089.559818016259,1084.711670879483,1087.135744447871,52.96425555212886
TR-047972,2025-10-31,october,Reefer,816.3,1856.36,1793.0654250478372,1783.5233094424113,1788.2943672451242,68.06563275487565
TR-047973,2025-10-31,october,Reefer,283.3,780.73,752.4902702435427,699.7747962831957,726.1325332633692,54.59746673663085
TR-047974,2025-10-31,october,Dry Van,238.9,575.35,572.0907498511634,564.0410754893048,568.0659126702342,7.284087329765839
TR-047975,2025-10-31,october,Dry Van,1605.1,3168.5,3369.5878863420126,3258.2983610081246,3313.943123675069,145.44312367506882
TR-047976,2025-10-31,october,Dry Van,1306.0,2373.86,2555.3451786159167,2548.7685358142444,2552.0568572150805,178.1968572150804
TR-047977,2025-10-31,october,Dry Van,132.4,361.79,372.65202357377694,352.0920901667139,362.3720568702454,0.582056870245367
TR-047978,2025-10-31,october,Flatbed,858.6,1861.13,1800.7511736894012,1824.6705470152824,1812.7108603523418,48.41913964765831
TR-047979,2025-10-31,october,Dry Van,80.1,210.91,251.1606756981855,246.2494279274165,248.705051812801,37.795051812801006
TR-047980,2025-10-31,october,Reefer,2784.4,5609.53,5754.310162210847,5710.471801505506,5732.390981858176,122.86098185817627
TR-047981,2025-10-31,october,Dry Van,1588.9,3381.74,3251.50475077973,3208.053739048666,3229.779244914198,151.9607550858018
TR-047982,2025-10-31,october,Dry Van,2144.0,3993.28,4143.882378948214,3974.486961054793,4059.1846700015035,65.90467000150329
TR-047983,2025-10-31,october,Dry Van,337.5,890.41,825.3034131318609,829.4928216262929,827.3981173790769,63.011882620923075
TR-047984,2025-10-31,october,Reefer,1890.3,4368.15,4124.751478724938,4162.908033029107,4143.829755877023,224.32024412297687
TR-047985,2025-10-31,october,Dry Van,3396.6,6482.04,6094.166772980495,6161.803001313044,6127.984887146769,354.05511285323064
TR-047986,2025-10-31,october,Dry Van,1101.8,2257.13,2208.645583086995,2245.9417068765897,2227.2936449817926,29.83635501820754
TR-047987,2025-10-31,october,Reefer,303.4,863.24,856.8092992603938,822.1969903134657,839.5031447869297,23.73685521307027
TR-047988,2025-10-31,october,Dry Van,325.2,809.92,800.0388423543128,771.7213733985018,785.8801078764072,24.039892123592722
TR-047989,2025-10-31,october,Dry Van,1951.5,3792.58,3916.5790534236307,3776.7813372270166,3846.6801953253234,54.10019532532351
TR-047990,2025-10-31,october,Reefer,314.9,855.05,852.6424943954547,805.1698507609931,828.906172578224,26.143827421775995
TR-047991,2025-10-31,october,Reefer,681.1,1703.72,1645.0924804045512,1598.2927752451487,1621.69262782485,82.02737217515005
TR-047992,2025-10-31,october,Flatbed,1788.3,3804.9,3801.2825986436433,3870.525183598198,3835.903891120921,31.003891120920798
TR-047993,2025-10-31,october,Reefer,457.0,5561.19,1173.5454290070697,1150.750731279294,1162.148080143182,4399.041919856818
TR-047994,2025-10-31,october,Dry Van,2295.2,4371.59,4466.858951337734,4360.856175993226,4413.8575636654805,42.26756366548034
TR-047995,2025-10-31,october,Dry Van,1297.5,2682.29,2639.7786613334733,2589.3039055014024,2614.5412834174376,67.74871658256234
TR-047996,2025-10-31,october,Flatbed,1830.9,3787.32,3813.2507224330516,3834.392051377705,3823.821386905378,36.501386905377785
TR-047997,2025-10-31,october,Reefer,445.8,1171.93,1162.204849796407,1093.9498689800837,1128.0773593882454,43.85264061175462
TR-047998,2025-10-31,october,Flatbed,267.9,713.36,703.1394388703433,647.2514105876196,675.1954247289814,38.164575271018634
TR-047999,2025-10-31,october,Flatbed,1901.3,3987.46,4034.715873092124,4094.6762078707084,4064.6960404814163,77.23604048141624
TR-048000,2025-10-31,october,Dry Van,2860.4,5264.84,5343.975585325068,5271.1643906372865,5307.569987981177,42.729987981177146
