load_id,date,fold,equipment,distance,actual_rate,lightgbm_prediction,catboost_prediction,ensemble_prediction,absolute_error
TR-038478,2025-09-01,september,Dry Van,126.8,323.23,328.2191511588616,303.402188328693,315.81066974377734,7.419330256222679
TR-038479,2025-09-01,september,Flatbed,540.2,1264.2,1306.6653005613903,1295.50909044622,1301.087195503805,36.88719550380506
TR-038480,2025-09-01,september,Dry Van,549.3,1203.42,1172.8713508324115,1172.3110821001574,1172.5912164662845,30.828783533715523
TR-038481,2025-09-01,september,Dry Van,689.3,1478.3,1482.631876621773,1462.8760056853062,1472.7539411535395,5.5460588464604825
TR-038482,2025-09-01,september,Dry Van,1103.7,2311.83,2296.0774786984584,2289.147750969719,2292.6126148340886,19.21738516591131
TR-038483,2025-09-01,september,Dry Van,1955.5,3527.11,3635.2826847720385,3583.7253938887884,3609.5040393304134,82.3940393304133
TR-038484,2025-09-01,september,Dry Van,437.4,1052.15,1015.5576482252849,1028.9858979166806,1022.2717730709828,29.878226929017274
TR-038485,2025-09-01,september,Reefer,339.9,907.09,914.1188009996368,924.3742947207265,919.2465478601816,12.156547860181604
TR-038486,2025-09-01,september,Dry Van,71.4,187.49,213.98243495634438,246.38794470244534,230.18518982939486,42.69518982939485
TR-038487,2025-09-01,september,Dry Van,633.8,1347.42,1328.9666446985143,1318.1678042322344,1323.5672244653742,23.852775534625835
TR-038488,2025-09-01,september,Dry Van,2178.1,3913.63,4006.523575018117,3893.044235944206,3949.783905481161,36.15390548116102
TR-038489,2025-09-01,september,Flatbed,549.8,1308.86,1364.2448476466611,1363.8014766976085,1364.0231621721348,55.16316217213489
TR-038490,2025-09-01,september,Dry Van,1521.2,2843.97,2802.432135171876,2881.6104547240548,2842.0212949479655,1.9487050520342564
TR-038491,2025-09-01,september,Dry Van,1702.1,3182.84,3144.7150241825593,3143.083628035011,3143.8993261087853,38.94067389121483
TR-038492,2025-09-01,september,Dry Van,3387.5,6146.13,5859.217353470883,5824.17353105881,5841.695442264847,304.43455773515325
TR-038493,2025-09-01,september,Dry Van,906.5,1846.46,1800.3247336183451,1817.5341767069244,1808.929455162635,37.53054483736514
TR-038494,2025-09-01,september,Dry Van,291.4,645.51,641.3809771732214,678.8186348476522,660.0998060104369,14.58980601043686
TR-038495,2025-09-01,september,Reefer,356.5,956.77,933.5291544522645,915.9453098379363,924.7372321451004,32.03276785489959
TR-038496,2025-09-01,september,Dry Van,1403.9,2570.31,2663.940569781447,2669.969861630189,2666.955215705818,96.64521570581792
TR-038497,2025-09-01,september,Flatbed,1336.6,2800.31,2836.4993215204345,2797.6472047917687,2817.0732631561013,16.763263156101402
TR-038498,2025-09-01,september,Reefer,1682.4,3540.56,3415.192917914803,3617.651197161131,3516.422057537967,24.137942462033152
TR-038499,2025-09-01,september,Reefer,339.8,940.89,928.8166337171717,921.3878696620136,925.1022516895927,15.787748310407324
TR-038500,2025-09-01,september,Reefer,878.3,1965.28,2015.1790314863617,1974.7553739214272,1994.9672027038946,29.687202703894627
TR-038501,2025-09-01,september,Dry Van,261.8,640.92,638.392870761875,637.6019337602786,637.9974022610768,2.922597738923173
TR-038502,2025-09-01,september,Dry Van,1660.3,3084.4,3063.418751893882,3192.8974487291825,3128.1581003115325,43.75810031153242
TR-038503,2025-09-01,september,Dry Van,728.9,1518.53,1487.5238300229523,1509.7886560656223,1498.6562430442873,19.87375695571268
TR-038504,2025-09-01,september,Dry Van,428.0,952.96,947.684646212742,961.4277374975898,954.5561918551659,1.5961918551658982
TR-038505,2025-09-01,september,Dry Van,306.7,753.12,762.8052658302015,766.8021462125621,764.8037060213818,11.683706021381795
TR-038506,2025-09-01,september,Dry Van,940.1,1760.57,1775.8492758849954,1787.9765056551514,1781.9128907700733,21.34289077007338
TR-038507,2025-09-01,september,Dry Van,1168.8,2324.24,2358.717745223471,2370.5191649248973,2364.618455074184,40.37845507418433
TR-038508,2025-09-01,september,Dry Van,317.6,697.99,706.2099588873808,694.6446827918985,700.4273208396396,2.4373208396395967
TR-038509,2025-09-01,september,Flatbed,2180.6,4320.99,4279.40960175219,4314.120483258259,4296.765042505224,24.22495749477548
TR-038510,2025-09-01,september,Dry Van,1085.7,2179.31,2244.7981434977887,2182.999842285558,2213.8989928916735,34.58899289167357
TR-038511,2025-09-01,september,Dry Van,652.6,1477.25,1450.5349757275483,1417.1011126989292,1433.8180442132389,43.43195578676114
TR-038512,2025-09-01,september,Dry Van,1178.6,2308.35,2313.3695198649125,2331.5565447779795,2322.463032321446,14.113032321446099
TR-038513,2025-09-01,september,Reefer,1217.1,2753.14,2624.5673769609284,2667.575919700389,2646.0716483306587,107.06835166934115
TR-038514,2025-09-01,september,Reefer,2318.8,4438.04,4373.733838650557,4511.42916845454,4442.581503552548,4.54150355254842
TR-038515,2025-09-01,september,Dry Van,2104.4,3801.75,3871.0285620696277,3853.707002845611,3862.3677824576193,60.61778245761934
TR-038516,2025-09-01,september,Dry Van,389.3,870.8,853.2642731468999,868.7499972449245,861.0071351959123,9.792864804087685
TR-038517,2025-09-01,september,Flatbed,707.4,1525.42,1519.6047095180274,1530.9655623900317,1525.2851359540296,0.1348640459705166
TR-038518,2025-09-01,september,Dry Van,2043.7,3819.07,3840.3752171998535,3776.9865398502875,3808.6808785250705,10.389121474929652
TR-038519,2025-09-01,september,Dry Van,207.3,533.1,520.4350603038521,579.4632003756869,549.9491303397695,16.84913033976943
TR-038520,2025-09-01,september,Dry Van,215.2,572.08,556.8798839489697,621.8520277353375,589.3659558421537,17.285955842153612
TR-038521,2025-09-01,september,Dry Van,1999.7,3762.42,3770.5498356127255,3778.165058001782,3774.357446807254,11.937446807253764
TR-038522,2025-09-01,september,Dry Van,551.6,1246.71,1252.192712284135,1226.843314906287,1239.518013595211,7.191986404789077
TR-038523,2025-09-01,september,Dry Van,1718.1,3167.45,3177.8553521768386,3202.4720355983955,3190.1636938876172,22.71369388761741
TR-038524,2025-09-01,september,Reefer,627.1,1453.26,1427.756367112775,1435.4371013581326,1431.5967342354538,21.663265764546168
TR-038525,2025-09-01,september,Dry Van,1283.6,2493.1,2495.343854699373,2487.5637971985902,2491.453825948982,1.646174051018079
TR-038526,2025-09-01,september,Flatbed,336.3,890.4,861.5743103936364,876.4772830288821,869.0257967112593,21.37420328874066
TR-038527,2025-09-01,september,Reefer,1205.2,2813.6,2736.9434874420053,2732.296359211672,2734.619923326839,78.98007667316097
TR-038528,2025-09-01,september,Reefer,1190.4,2631.8,2553.211774611217,2566.1486538776826,2559.68021424445,72.11978575555031
TR-038529,2025-09-01,september,Flatbed,1262.1,2767.04,2703.282282626473,2770.3424101386563,2736.8123463825646,30.227653617435408
TR-038530,2025-09-01,september,Dry Van,508.7,1076.48,1086.6630612939255,1064.9200751964752,1075.7915682452003,0.6884317547996943
TR-038531,2025-09-01,september,Dry Van,1215.0,2464.66,2501.9030246797784,2481.923970866942,2491.91349777336,27.253497773360323
TR-038532,2025-09-01,september,Dry Van,1109.8,2139.93,2108.007985575912,2086.899900368003,2097.453942971957,42.47605702804276
TR-038533,2025-09-01,september,Dry Van,374.8,803.35,795.4861261568469,816.7006335306642,806.0933798437555,2.7433798437555197
TR-038534,2025-09-01,september,Dry Van,3234.6,5609.77,5537.295160602394,5528.2315710384555,5532.763365820425,77.00663417957549
TR-038535,2025-09-01,september,Dry Van,1277.5,2462.59,2474.154441892584,2524.845183522471,2499.499812707528,36.909812707527635
TR-038536,2025-09-01,september,Dry Van,432.8,996.39,988.4212892878991,989.0513251014806,988.7363071946899,7.653692805310129
TR-038537,2025-09-01,september,Dry Van,1183.7,2365.84,2344.5509670781003,2360.8683573830904,2352.7096622305953,13.130337769404832
TR-038538,2025-09-01,september,Dry Van,589.4,1244.22,1258.2845425730877,1266.8444313435075,1262.5644869582975,18.344486958297466
TR-038539,2025-09-01,september,Dry Van,2762.3,4972.2,4978.79590322088,4995.488739123548,4987.142321172214,14.942321172214179
TR-038540,2025-09-01,september,Dry Van,179.8,462.1,464.69717107624973,520.3132197803056,492.5051954282777,30.405195428277693
TR-038541,2025-09-01,september,Dry Van,858.6,1752.1,1758.0934449403687,1728.3424046454372,1743.217924792903,8.882075207096932
TR-038542,2025-09-01,september,Reefer,659.2,1532.71,1515.7850069503431,1507.334062559953,1511.559534755148,21.150465244852057
TR-038543,2025-09-01,september,Dry Van,248.5,599.05,604.1185969733649,612.1285240418415,608.1235605076032,9.073560507603247
TR-038544,2025-09-01,september,Dry Van,859.6,1884.4,1868.2022182815158,1787.3157300574344,1827.758974169475,56.641025830524995
TR-038545,2025-09-01,september,Dry Van,1022.5,2099.41,2127.9362425602476,2164.403452009535,2146.169847284891,46.75984728489129
TR-038546,2025-09-01,september,Dry Van,134.8,362.54,345.84208259479624,401.5222646318264,373.6821736133113,11.142173613311286
TR-038547,2025-09-01,september,Flatbed,2248.2,4425.96,4314.207511386722,4291.404809013227,4302.806160199974,123.15383980002571
TR-038548,2025-09-01,september,Reefer,780.5,1674.34,1729.2774772382786,1652.8247201317968,1691.0510986850377,16.71109868503777
TR-038549,2025-09-01,september,Dry Van,613.4,1217.27,1211.2900412720148,1248.6820692092388,1229.9860552406267,12.716055240626702
TR-038550,2025-09-01,september,Dry Van,1125.7,2215.87,2262.933586379633,2238.3948082480824,2250.6641973138576,34.794197313857694
TR-038551,2025-09-01,september,Dry Van,473.7,1081.85,1064.945091227245,1048.3954942772978,1056.6702927522715,25.179707247728402
TR-038552,2025-09-01,september,Dry Van,1247.5,2539.08,2565.6665846324963,2492.524061792944,2529.0953232127204,9.984676787279568
TR-038553,2025-09-01,september,Flatbed,228.0,631.3,611.4071941325262,595.8085025662281,603.6078483493772,27.692151650622804
TR-038554,2025-09-01,september,Dry Van,566.7,1240.32,1261.4276064231108,1254.5843479718171,1258.0059771974638,17.6859771974639
TR-038555,2025-09-01,september,Dry Van,578.3,1195.21,1179.368941557576,1178.894141124622,1179.131541341099,16.078458658901127
TR-038556,2025-09-01,september,Flatbed,171.2,505.53,476.52371180784195,530.5522691607441,503.537990484293,1.9920095157069682
TR-038557,2025-09-01,september,Dry Van,2061.1,3821.49,3855.335803341397,3796.07941230869,3825.7076078250434,4.217607825043615
TR-038558,2025-09-01,september,Reefer,1233.8,2931.77,2848.8881810005846,2887.806448812421,2868.347314906503,63.422685093496966
TR-038559,2025-09-01,september,Dry Van,2575.7,4389.73,4413.128334274558,4378.702788151706,4395.915561213133,6.185561213133042
TR-038560,2025-09-01,september,Flatbed,212.9,572.82,559.2500088877433,573.1124529931315,566.1812309404374,6.638769059562605
TR-038561,2025-09-01,september,Dry Van,2846.6,4825.78,4927.195813404721,5002.015018789399,4964.60541609706,138.82541609706004
TR-038562,2025-09-01,september,Dry Van,2430.3,4468.22,4460.3448383439245,4438.17974501479,4449.262291679357,18.957708320643178
TR-038563,2025-09-01,september,Dry Van,1187.3,2185.71,2198.4150568144787,2232.439896410143,2215.427476612311,29.717476612310747
TR-038564,2025-09-01,september,Dry Van,1163.6,2180.78,2173.9213600633066,2184.9444432325386,2179.4329016479223,1.3470983520778645
TR-038565,2025-09-01,september,Reefer,238.6,676.22,668.2514268667304,726.5509819548336,697.4012044107819,21.181204410781902
TR-038566,2025-09-01,september,Reefer,862.1,1951.88,1915.4365295138934,1963.7193456655837,1939.5779375897387,12.302062410261442
TR-038567,2025-09-01,september,Dry Van,1896.1,3434.23,3523.0080557453607,3440.039814536221,3481.523935140791,47.293935140790836
TR-038568,2025-09-01,september,Dry Van,1816.8,3250.49,3164.567531976584,3245.819060040605,3205.1932960085946,45.29670399140514
TR-038569,2025-09-01,september,Dry Van,463.7,985.7,1006.0622878838003,999.9568616431393,1003.0095747634698,17.309574763469755
TR-038570,2025-09-01,september,Dry Van,442.6,977.59,953.7730478550333,984.5035558752395,969.1383018651363,8.451698134863705
TR-038571,2025-09-01,september,Reefer,1341.7,2811.5,2786.2521007366454,2758.1434581700123,2772.1977794533286,39.30222054667138
TR-038572,2025-09-01,september,Dry Van,1173.7,2379.08,2381.6040427276425,2376.5948529208154,2379.099447824229,0.01944782422924618
TR-038573,2025-09-01,september,Reefer,1672.3,3669.98,3551.4227207084464,3623.103096527056,3587.2629086177512,82.71709138224878
TR-038574,2025-09-01,september,Flatbed,533.8,1300.57,1245.0245085249508,1223.0862693536,1234.0553889392754,66.51461106072452
TR-038575,2025-09-01,september,Dry Van,2420.0,4301.88,4297.360548495943,4136.866215269425,4217.113381882684,84.76661811731628
TR-038576,2025-09-01,september,Reefer,909.5,1931.02,1938.3331700000992,1901.6242323572255,1919.9787011786625,11.041298821337477
TR-038577,2025-09-01,september,Reefer,987.5,2258.98,2248.0549040612786,2232.7680741096838,2240.411489085481,18.56851091451881
TR-038578,2025-09-01,september,Dry Van,1013.8,1985.68,2007.6069407337507,1997.8129647807375,2002.709952757244,17.02995275724402
TR-038579,2025-09-01,september,Dry Van,1578.1,2990.87,2964.8059638320947,2987.0453084740643,2975.9256361530797,14.944363846920169
TR-038580,2025-09-01,september,Dry Van,586.7,1255.91,1254.985314045689,1288.3131737726922,1271.6492439091905,15.739243909190463
TR-038581,2025-09-01,september,Dry Van,2051.4,3678.91,3654.1062534442704,3667.6830207707717,3660.894637107521,18.01536289247906
TR-038582,2025-09-01,september,Reefer,828.5,1959.31,1985.418335590417,1968.7538317689398,1977.0860836796783,17.776083679678322
TR-038583,2025-09-01,september,Reefer,1444.1,3101.21,3006.167579546057,3067.8253849617813,3036.996482253919,64.21351774608092
TR-038584,2025-09-01,september,Flatbed,2426.8,4804.71,4629.535719170621,4648.979294573377,4639.257506871999,165.45249312800115
TR-038585,2025-09-01,september,Dry Van,816.2,1797.48,1781.6115148233675,1724.027655246437,1752.8195850349023,44.66041496509774
TR-038586,2025-09-01,september,Dry Van,2006.2,3816.99,3885.545326155363,3798.982314081702,3842.2638201185327,25.273820118532967
TR-038587,2025-09-01,september,Dry Van,945.9,1758.12,1810.1137982325859,1818.7187698419998,1814.4162840372928,56.296284037292935
TR-038588,2025-09-01,september,Dry Van,980.1,1932.73,2013.5093793502117,2007.1526826202191,2010.3310309852154,77.6010309852154
TR-038589,2025-09-01,september,Dry Van,1369.8,2559.65,2674.2852310064827,2603.352105026965,2638.8186680167237,79.16866801672359
TR-038590,2025-09-01,september,Flatbed,3029.1,5774.35,5625.750069068965,5705.353601483152,5665.551835276058,108.79816472394214
TR-038591,2025-09-01,september,Flatbed,365.7,170.36,909.7923762675464,886.329884727148,898.0611304973472,727.7011304973472
TR-038592,2025-09-01,september,Flatbed,368.0,903.41,915.0376463402273,926.5631139363813,920.8003801383043,17.390380138304295
TR-038593,2025-09-01,september,Reefer,1852.2,4025.92,3956.670257885364,3940.722431954151,3948.6963449197574,77.22365508024268
TR-038594,2025-09-01,september,Reefer,1435.3,2995.32,2954.0185060719614,2952.7789858632004,2953.398745967581,41.921254032419256
TR-038595,2025-09-01,september,Dry Van,233.7,625.19,599.8250057380136,663.1196921411188,631.4723489395662,6.282348939566191
TR-038596,2025-09-01,september,Dry Van,769.8,1603.62,1575.0162645352918,1560.5142299874105,1567.7652472613513,35.854752738648585
TR-038597,2025-09-01,september,Dry Van,1088.7,2282.16,2265.506017095697,2203.2465255570637,2234.3762713263804,47.78372867361941
TR-038598,2025-09-01,september,Dry Van,1026.5,2156.07,2170.52765968709,2112.839060451262,2141.683360069176,14.386639930824003
TR-038599,2025-09-01,september,Reefer,2093.5,4271.25,4172.022642885417,4244.495523236774,4208.259083061095,62.990916938904775
TR-038600,2025-09-01,september,Reefer,462.2,1208.44,1204.956737039974,1206.7912904788,1205.874013759387,2.5659862406130287
TR-038601,2025-09-01,september,Flatbed,520.0,1359.2,1368.4881423753086,1305.8014493025212,1337.144795838915,22.055204161085157
TR-038602,2025-09-01,september,Dry Van,2670.9,4943.0,4768.592837356305,4707.973439292826,4738.283138324565,204.7168616754352
TR-038603,2025-09-01,september,Reefer,474.7,1211.88,1173.6890326528048,1170.615395373671,1172.1522140132379,39.72778598676223
TR-038604,2025-09-01,september,Dry Van,2164.1,4176.25,4088.5407348652016,4125.561001136659,4107.05086800093,69.19913199907023
TR-038605,2025-09-01,september,Reefer,781.7,1783.92,1834.002561947144,1762.2504277262065,1798.1264948366752,14.20649483667512
TR-038606,2025-09-01,september,Flatbed,1971.5,4093.8,4051.889644966673,4081.631498880512,4066.7605719235926,27.039428076407603
TR-038607,2025-09-01,september,Flatbed,493.1,1170.43,1159.2204101190355,1161.932808004027,1160.5766090615311,9.85339093846892
TR-038608,2025-09-01,september,Dry Van,702.8,1531.76,1512.4431314031128,1525.6485935117469,1519.0458624574298,12.714137542570143
TR-038609,2025-09-01,september,Reefer,1416.9,3029.69,2978.7594080223603,2984.8943368125874,2981.826872417474,47.863127582525976
TR-038610,2025-09-01,september,Dry Van,973.7,1823.43,1916.0289503553429,1917.2842385219476,1916.6565944386452,93.22659443864518
TR-038611,2025-09-01,september,Reefer,1625.7,3550.19,3447.1088589902456,3573.4645508713475,3510.2867049307965,39.90329506920352
TR-038612,2025-09-01,september,Flatbed,1476.1,3088.61,2973.959695620508,3122.808124474521,3048.3839100475143,40.226089952485836
TR-038613,2025-09-01,september,Reefer,1173.0,2651.65,2575.0388225953593,2652.4778226974922,2613.7583226464258,37.89167735357432
TR-038614,2025-09-01,september,Flatbed,282.2,697.21,694.5095305895932,706.558489382589,700.5340099860911,3.3240099860910277
TR-038615,2025-09-01,september,Flatbed,2328.5,4672.93,4507.908217094041,4572.21550639682,4540.061861745431,132.8681382545692
TR-038616,2025-09-01,september,Dry Van,2320.1,4100.58,4079.1291444960734,4038.443256389631,4058.7862004428525,41.793799557147395
TR-038617,2025-09-01,september,Dry Van,1416.2,2638.3,2694.876383563561,2707.6134552642925,2701.2449194139267,62.94491941392653
TR-038618,2025-09-01,september,Dry Van,1972.8,3906.01,3866.911738838124,3825.6731695772432,3846.2924542076835,59.71754579231674
TR-038619,2025-09-01,september,Flatbed,799.3,1650.6,1645.5299132731782,1632.6789653585506,1639.1044393158645,11.495560684135398
TR-038620,2025-09-01,september,Dry Van,818.9,1660.7,1672.0727558509313,1664.410912852487,1668.2418343517093,7.541834351709213
TR-038621,2025-09-01,september,Dry Van,473.2,1080.36,1081.9881651345843,1056.2243703828192,1069.1062677587017,11.253732241298167
TR-038622,2025-09-01,september,Reefer,2035.9,4108.95,4093.0054467067225,4116.020342502308,4104.512894604515,4.43710539548465
TR-038623,2025-09-01,september,Dry Van,916.7,1846.81,1868.951031255577,1851.5230799008664,1860.2370555782218,13.427055578221825
TR-038624,2025-09-01,september,Flatbed,945.5,2020.1,1974.9292690857671,1981.8817325951225,1978.4055008404448,41.69449915955511
TR-038625,2025-09-01,september,Dry Van,1356.3,2581.57,2633.398399778224,2569.776124023251,2601.5872619007378,20.017261900737594
TR-038626,2025-09-01,september,Flatbed,612.1,1384.61,1387.382136126623,1356.5891197275237,1371.9856279270734,12.624372072926462
TR-038627,2025-09-01,september,Flatbed,296.8,831.27,807.5681723363821,814.9205073312742,811.2443398338281,20.02566016617186
TR-038628,2025-09-01,september,Flatbed,453.6,1132.05,1179.9308480716907,1146.7752028765285,1163.3530254741095,31.303025474109518
TR-038629,2025-09-01,september,Reefer,969.4,2231.06,2209.844887354509,2239.4598488649804,2224.6523681097447,6.4076318902552885
TR-038630,2025-09-01,september,Reefer,2204.0,4629.23,4386.606199683852,4536.842773622362,4461.724486653107,167.50551334689226
TR-038631,2025-09-01,september,Reefer,2419.3,5099.24,4929.7833640165945,4970.022937002891,4949.903150509743,149.336849490257
TR-038632,2025-09-01,september,Dry Van,2923.7,4975.45,5107.60088246166,4988.910622505158,5048.255752483409,72.80575248340938
TR-038633,2025-09-01,september,Dry Van,459.7,1064.92,1044.9205534430378,1029.3806203882204,1037.150586915629,27.76941308437108
TR-038634,2025-09-01,september,Reefer,200.4,597.28,581.5574625960675,661.1532972402963,621.3553799181818,24.075379918181852
TR-038635,2025-09-02,september,Reefer,2211.2,4595.4,4476.083632353331,4531.266225491317,4503.674928922324,91.72507107767524
TR-038636,2025-09-02,september,Dry Van,1864.5,3621.16,3692.415919524579,3655.9381350902086,3674.1770273073935,53.01702730739362
TR-038637,2025-09-02,september,Dry Van,2064.0,3845.42,3875.8170431431226,3830.7865089583147,3853.3017760507187,7.881776050718599
TR-038638,2025-09-02,september,Dry Van,465.3,1036.45,1034.0035978802428,1045.9898545318727,1039.9967262060577,3.546726206057656
TR-038639,2025-09-02,september,Dry Van,190.5,537.66,524.4820373346986,562.2811758934806,543.3816066140896,5.721606614089637
TR-038640,2025-09-02,september,Dry Van,1112.2,2250.41,2243.899330391505,2229.96095899058,2236.930144691042,13.479855308957667
TR-038641,2025-09-02,september,Dry Van,711.5,1496.94,1502.56268367818,1517.0582355751112,1509.8104596266458,12.870459626645697
TR-038642,2025-09-02,september,Dry Van,1218.9,2435.72,2491.2752840987587,2427.475747637703,2459.3755158682307,23.65551586823085
TR-038643,2025-09-02,september,Flatbed,3119.2,6323.82,5937.310330784737,6208.626461777853,6072.968396281295,250.8516037187046
TR-038644,2025-09-02,september,Flatbed,835.3,1820.96,1818.853459421556,1821.1126291438113,1819.9830442826837,0.9769557173162866
TR-038645,2025-09-02,september,Flatbed,740.1,1755.11,1746.4503042577435,1749.6776422066168,1748.0639732321802,7.04602676781974
TR-038646,2025-09-02,september,Reefer,422.1,1069.87,1078.145970658176,1064.3259430482294,1071.2359568532029,1.365956853202988
TR-038647,2025-09-02,september,Flatbed,1350.3,2949.22,2827.666148170106,2835.60812934813,2831.637138759118,117.58286124088181
TR-038648,2025-09-02,september,Dry Van,1220.8,2536.23,2514.036665802929,2518.741605389514,2516.3891355962214,19.840864403778596
TR-038649,2025-09-02,september,Dry Van,918.8,1919.59,1876.918791379545,1889.5953206470326,1883.2570560132888,36.33294398671114
TR-038650,2025-09-02,september,Dry Van,2801.3,4617.91,4693.654784897593,4693.031190414896,4693.342987656244,75.43298765624422
TR-038651,2025-09-02,september,Dry Van,571.0,1258.57,1240.4470684514235,1223.5088278349494,1231.9779481431865,26.59205185681344
TR-038652,2025-09-02,september,Reefer,528.7,1433.77,1464.25254210022,1380.2478177172356,1422.2501799087277,11.519820091272322
TR-038653,2025-09-02,september,Dry Van,2055.1,3736.23,3820.8786429310017,3841.4468615643304,3831.162752247666,94.93275224766603
TR-038654,2025-09-02,september,Flatbed,835.5,1727.75,1721.5627153697553,1713.6585335377567,1717.610624453756,10.139375546244082
TR-038655,2025-09-02,september,Dry Van,276.0,624.33,641.7551230174255,612.4084189301061,627.0817709737657,2.7517709737657015
TR-038656,2025-09-02,september,Dry Van,616.2,1272.52,1291.8882032198867,1302.7386792203213,1297.3134412201039,24.793441220103887
TR-038657,2025-09-02,september,Dry Van,924.6,2012.09,1976.018772859104,1962.0807866292791,1969.0497797441917,43.04022025580821
TR-038658,2025-09-02,september,Dry Van,287.2,707.77,683.354442889393,719.6237271053121,701.4890849973526,6.280915002647362
TR-038659,2025-09-02,september,Flatbed,1698.2,3591.23,3402.1550231293395,3409.739371211488,3405.947197170414,185.28280282958622
TR-038660,2025-09-02,september,Dry Van,237.2,555.34,550.393233304706,530.8057609856126,540.5994971451593,14.74050285484077
TR-038661,2025-09-02,september,Reefer,540.7,1352.42,1359.4084913457946,1358.5789415318268,1358.9937164388107,6.573716438810607
TR-038662,2025-09-02,september,Dry Van,1217.9,2666.14,2626.785466760147,2501.4992091056865,2564.1423379329167,101.99766206708318
TR-038663,2025-09-02,september,Reefer,1174.8,2476.54,2480.0635450883365,2565.4058122039796,2522.734678646158,46.19467864615808
TR-038664,2025-09-02,september,Flatbed,427.7,1058.7,1030.3404175878304,1043.0938791316585,1036.7171483597444,21.982851640255603
TR-038665,2025-09-02,september,Flatbed,818.5,1824.73,1881.1682182412153,1881.489956066011,1881.3290871536133,56.599087153613254
TR-038666,2025-09-02,september,Reefer,1572.7,3424.84,3352.539872759437,3438.6272047947587,3395.5835387770976,29.256461222902544
TR-038667,2025-09-02,september,Dry Van,2902.1,5041.13,5197.5920470578,5124.41105122553,5161.001549141665,119.87154914166513
TR-038668,2025-09-02,september,Dry Van,629.1,1331.36,1376.197702043665,1343.6501715077495,1359.9239367757073,28.56393677570736
TR-038669,2025-09-02,september,Reefer,556.4,1309.45,1280.9749604412978,1287.3974497837662,1284.186205112532,25.263794887468066
TR-038670,2025-09-02,september,Flatbed,508.7,1223.28,1239.1273486783216,1230.772419395548,1234.9498840369347,11.669884036934718
TR-038671,2025-09-02,september,Dry Van,1100.5,2249.04,2292.0149737340953,2289.002691310041,2290.508832522068,41.46883252206817
TR-038672,2025-09-02,september,Reefer,1485.1,3292.86,3054.740439679753,3130.403353594582,3092.5718966371674,200.28810336283277
TR-038673,2025-09-02,september,Dry Van,755.1,1464.17,1424.5581300409126,1474.151760313323,1449.3549451771178,14.815054822882303
TR-038674,2025-09-02,september,Dry Van,645.9,1328.24,1302.2591649263836,1329.1597762518709,1315.7094705891272,12.53052941087276
TR-038675,2025-09-02,september,Dry Van,1245.7,2566.52,2586.2363037950727,2488.696842913431,2537.4665733542515,29.05342664574846
TR-038676,2025-09-02,september,Reefer,859.5,2064.9,2114.6987539516763,2089.9420161380262,2102.3203850448513,37.42038504485117
TR-038677,2025-09-02,september,Dry Van,323.2,748.11,742.3632512257133,740.4507432866089,741.406997256161,6.703002743838965
TR-038678,2025-09-02,september,Reefer,788.7,1697.16,1705.7607353453018,1697.1588637014402,1701.459799523371,4.299799523370893
TR-038679,2025-09-02,september,Dry Van,630.4,1408.45,1405.5670518621034,1384.0043381633973,1394.7856950127502,13.664304987249807
TR-038680,2025-09-02,september,Dry Van,299.4,733.24,712.32439544493,729.0372881310104,720.6808417879702,12.559158212029843
TR-038681,2025-09-02,september,Reefer,1414.4,3208.32,3041.4376745648697,3042.777701882833,3042.1076882238513,166.2123117761489
TR-038682,2025-09-02,september,Flatbed,721.7,1629.6,1608.7119451527174,1587.8218172878578,1598.2668812202876,31.333118779712322
TR-038683,2025-09-02,september,Dry Van,2432.9,4484.01,4484.4291323339285,4461.0237616772865,4472.726447005607,11.283552994393176
TR-038684,2025-09-02,september,Dry Van,1256.8,2440.1,2467.1344838186524,2485.27945738717,2476.2069706029115,36.10697060291159
TR-038685,2025-09-02,september,Reefer,403.9,971.68,935.6990080860564,940.7950764960447,938.2470422910505,33.4329577089494
TR-038686,2025-09-02,september,Dry Van,1485.9,2932.54,2949.326416030965,2915.4858435505193,2932.406129790742,0.13387020925802062
TR-038687,2025-09-02,september,Reefer,1952.9,4163.72,4139.522355278826,4230.536412156692,4185.029383717759,21.309383717758465
TR-038688,2025-09-02,september,Dry Van,423.3,971.1,964.0846033427772,981.1019200265794,972.5932616846783,1.4932616846782594
TR-038689,2025-09-02,september,Dry Van,641.0,1426.2,1391.5865816837686,1415.773370099751,1403.6799758917598,22.52002410824025
TR-038690,2025-09-02,september,Flatbed,1819.9,3818.1,3754.2213305304435,3784.1316350186385,3769.176482774541,48.92351722545891
TR-038691,2025-09-02,september,Dry Van,1535.7,2983.74,3050.8630171308623,2933.028416510637,2991.9457168207496,8.205716820749785
TR-038692,2025-09-02,september,Reefer,997.6,2106.36,2154.1813650802274,2089.5475521667117,2121.8644586234695,15.504458623469418
TR-038693,2025-09-02,september,Dry Van,1637.1,3245.38,3226.9781488857843,3272.560702963436,3249.76942592461,4.3894259246098954
TR-038694,2025-09-02,september,Dry Van,303.4,716.13,717.3325664866888,705.3660371794961,711.3493018330925,4.780698166907541
TR-038695,2025-09-02,september,Dry Van,515.8,1193.79,1171.0538031039544,1152.304135878222,1161.678969491088,32.11103050891188
TR-038696,2025-09-02,september,Dry Van,1029.0,2066.21,2062.9482168124127,2072.1203233408132,2067.534270076613,1.3242700766131748
TR-038697,2025-09-02,september,Dry Van,564.4,1278.23,1276.9611307636053,1267.6315464334984,1272.2963385985518,5.933661401448262
TR-038698,2025-09-02,september,Flatbed,908.5,1949.92,1893.663899447483,1885.8548875746203,1889.7593935110517,60.16060648894836
TR-038699,2025-09-02,september,Dry Van,755.1,1593.01,1584.0602215641513,1565.2046116900474,1574.6324166270992,18.377583372900745
TR-038700,2025-09-02,september,Flatbed,832.1,1798.74,1802.0270181608712,1759.6327585431595,1780.8298883520154,17.91011164798465
TR-038701,2025-09-02,september,Dry Van,1893.5,3556.26,3532.602801853209,3508.8003326067387,3520.701567229974,35.55843277002623
TR-038702,2025-09-02,september,Dry Van,1153.5,2136.24,2121.190929455625,2125.3880024584637,2123.2894659570443,12.950534042955496
TR-038703,2025-09-02,september,Reefer,884.2,2000.26,2058.482744213051,2059.224068950158,2058.8534065816048,58.59340658160477
TR-038704,2025-09-02,september,Dry Van,1055.0,2167.17,2250.6060843734826,2252.4482021224503,2251.5271432479667,84.35714324796663
TR-038705,2025-09-02,september,Reefer,206.1,607.3,576.437547682576,657.8026485663131,617.1200981244446,9.820098124444598
TR-038706,2025-09-02,september,Dry Van,383.3,889.82,873.7100959967715,874.5325686520239,874.1213323243977,15.698667675602337
TR-038707,2025-09-02,september,Dry Van,709.2,1406.42,1401.7102164897854,1453.895732901005,1427.8029746953953,21.382974695395205
TR-038708,2025-09-02,september,Dry Van,712.8,1436.54,1435.8970290112404,1483.9666156863846,1459.9318223488126,23.39182234881264
TR-038709,2025-09-02,september,Flatbed,2038.3,4129.04,4083.9874773806923,4130.84481725439,4107.416147317541,21.623852682459074
TR-038710,2025-09-02,september,Reefer,334.8,309.15,835.640169956798,834.4421093723126,835.0411396645553,525.8911396645553
TR-038711,2025-09-02,september,Reefer,1546.9,3408.34,3373.287192544909,3435.479843551094,3404.3835180480014,3.9564819519987395
TR-038712,2025-09-02,september,Flatbed,2168.1,4460.9,4309.946102181007,4328.578296649838,4319.262199415422,141.63780058457723
TR-038713,2025-09-02,september,Dry Van,1632.0,3214.87,3210.7209400040597,3329.9551228666614,3270.338031435361,55.4680314353609
TR-038714,2025-09-02,september,Flatbed,2837.4,5681.04,5367.059853493947,5540.385692682074,5453.72277308801,227.31722691198956
TR-038715,2025-09-02,september,Reefer,529.8,1206.46,1214.5359349487524,1233.6188807018204,1224.0774078252864,17.617407825286364
TR-038716,2025-09-02,september,Flatbed,575.9,1346.17,1342.0423397849881,1321.5305402573645,1331.7864400211763,14.383559978823769
TR-038717,2025-09-02,september,Flatbed,2305.3,4389.4,4292.119452460446,4338.598251462568,4315.358851961508,74.04114803849188
TR-038718,2025-09-02,september,Reefer,206.4,596.38,580.2497296899652,684.9119508072265,632.5808402485959,36.20084024859591
TR-038719,2025-09-02,september,Reefer,445.9,1179.97,1136.9753748176145,1160.0375415894769,1148.5064582035457,31.463541796454365
TR-038720,2025-09-02,september,Flatbed,1725.3,3426.51,3494.926192654699,3425.7867328821635,3460.3564627684314,33.84646276843114
TR-038721,2025-09-02,september,Dry Van,728.6,1540.25,1491.969625155803,1520.4941003185372,1506.23186273717,34.018137262829896
TR-038722,2025-09-02,september,Dry Van,266.0,685.55,667.4667631297783,722.1292581255759,694.7980106276771,9.248010627677104
TR-038723,2025-09-02,september,Flatbed,1151.5,2445.9,2424.32578930155,2470.8064727841534,2447.5661310428513,1.666131042851248
TR-038724,2025-09-02,september,Reefer,1321.2,2989.15,2892.563002634213,2947.401259453389,2919.982131043801,69.16786895619907
TR-038725,2025-09-02,september,Dry Van,1207.9,2450.2,2501.0626848619168,2389.464764747066,2445.263724804491,4.936275195508642
TR-038726,2025-09-02,september,Dry Van,1439.1,2853.25,2757.246876044045,2798.944633501633,2778.095754772839,75.15424522716103
TR-038727,2025-09-02,september,Flatbed,902.8,1874.72,1838.1235839940769,1850.678867245113,1844.401225619595,30.318774380405102
TR-038728,2025-09-02,september,Flatbed,450.7,1070.88,1045.7846886772609,1049.3272387849597,1047.5559637311103,23.324036268889813
TR-038729,2025-09-02,september,Flatbed,2017.1,4071.21,4083.6706526839334,4097.174610318572,4090.422631501253,19.212631501252872
TR-038730,2025-09-02,september,Flatbed,349.1,926.33,913.7190927088968,919.0816809981286,916.4003868535127,9.929613146487327
TR-038731,2025-09-02,september,Dry Van,1381.5,2760.09,2723.335440304029,2674.263538214262,2698.7994892591455,61.29051074085464
TR-038732,2025-09-02,september,Dry Van,1238.3,2307.59,2317.5260284078363,2401.721984035096,2359.624006221466,52.034006221465916
TR-038733,2025-09-02,september,Reefer,1444.4,3145.59,3077.567487804976,3179.9261377322755,3128.7468127686257,16.843187231374486
TR-038734,2025-09-02,september,Flatbed,2007.3,4096.04,4021.2182075599408,3967.90723645708,3994.5627220085107,101.47727799148925
TR-038735,2025-09-02,september,Dry Van,2806.0,5060.03,5092.800316770621,5030.228257975248,5061.514287372935,1.4842873729348867
TR-038736,2025-09-02,september,Dry Van,901.3,1780.41,1756.7379858483707,1789.4627725541486,1773.1003792012598,7.309620798740298
TR-038737,2025-09-02,september,Reefer,424.7,1130.16,1149.0588983184678,1126.376892516008,1137.7178954172377,7.55789541723766
TR-038738,2025-09-02,september,Flatbed,1101.4,2245.46,2241.56999304602,2244.4147971680354,2242.9923951070277,2.467604892972304
TR-038739,2025-09-02,september,Dry Van,973.1,1889.19,1870.5086587228038,1896.5890488195785,1883.5488537711913,5.641146228808793
TR-038740,2025-09-02,september,Dry Van,126.1,361.07,341.38794477121616,384.5800687540441,362.9840067626301,1.9140067626300947
TR-038741,2025-09-02,september,Dry Van,1086.0,2153.71,2151.785743955984,2117.7444433929413,2134.7650936744626,18.94490632553743
TR-038742,2025-09-02,september,Dry Van,1130.1,2173.75,2247.6526145976122,2204.722107897106,2226.187361247359,52.43736124735915
TR-038743,2025-09-02,september,Dry Van,120.7,329.42,329.51326973738105,336.5345310228265,333.0239003801038,3.6039003801037666
TR-038744,2025-09-02,september,Dry Van,2680.7,4928.27,4923.3086989259955,4849.227995361931,4886.268347143963,42.00165285603725
TR-038745,2025-09-02,september,Dry Van,738.9,1506.14,1476.356170455889,1478.7445870029783,1477.5503787294338,28.58962127056634
TR-038746,2025-09-02,september,Dry Van,197.2,489.93,486.5289375223333,510.9822372121953,498.7555873672643,8.82558736726429
TR-038747,2025-09-02,september,Reefer,314.9,857.48,867.229321285697,866.8940691415798,867.0616952136384,9.58169521363834
TR-038748,2025-09-02,september,Dry Van,684.7,1450.53,1437.1237784979671,1413.6869405684538,1425.4053595332105,25.124640466789515
TR-038749,2025-09-02,september,Dry Van,1244.4,2548.51,2678.945410772729,2573.0985746566994,2626.021992714714,77.51199271471387
TR-038750,2025-09-02,september,Flatbed,813.3,1842.42,1875.3857861712188,1789.5574907150683,1832.4716384431435,9.948361556856526
TR-038751,2025-09-02,september,Dry Van,634.0,1355.34,1330.1876791424152,1321.2216670130902,1325.7046730777527,29.63532692224726
TR-038752,2025-09-02,september,Dry Van,2160.0,4107.15,4178.875349467266,4136.248096862559,4157.561723164912,50.41172316491247
TR-038753,2025-09-02,september,Dry Van,801.6,1658.81,1610.0865598474913,1624.1859986979669,1617.136279272729,41.67372072727085
TR-038754,2025-09-02,september,Dry Van,1129.8,2344.9,2359.8034752800963,2337.644853833343,2348.7241645567196,3.824164556719552
TR-038755,2025-09-02,september,Reefer,590.5,1471.43,1478.1849339992743,1460.4879583723532,1469.3364461858137,2.093553814186407
TR-038756,2025-09-02,september,Flatbed,2244.6,4262.27,4262.938408544855,4211.476440777523,4237.207424661188,25.062575338812167
TR-038757,2025-09-02,september,Reefer,1806.5,3974.2,3902.9950751668903,3967.900090106493,3935.4475826366915,38.75241736330827
TR-038758,2025-09-02,september,Dry Van,310.7,722.95,722.0307126352416,749.1349684849988,735.5828405601202,12.632840560120144
TR-038759,2025-09-02,september,Dry Van,2220.9,4274.76,4246.079294081387,4165.2374961530395,4205.658395117213,69.10160488278689
TR-038760,2025-09-02,september,Dry Van,997.9,2024.78,2014.2880000448772,1993.6452644506608,2003.966632247769,20.813367752230988
TR-038761,2025-09-02,september,Dry Van,1007.3,1951.68,1997.264851764355,1980.180280697666,1988.7225662310104,37.04256623101037
TR-038762,2025-09-02,september,Flatbed,730.8,1592.58,1593.201477970617,1592.3199700091768,1592.7607239898969,0.18072398989693284
TR-038763,2025-09-02,september,Dry Van,358.8,824.12,832.3811987240342,833.5337283796146,832.9574635518244,8.837463551824385
TR-038764,2025-09-02,september,Dry Van,1926.8,3466.51,3556.9064280566035,3455.376297521806,3506.141362789205,39.63136278920456
TR-038765,2025-09-02,september,Dry Van,569.0,1313.46,1314.8207423800332,1302.164011533217,1308.492376956625,4.967623043374942
TR-038766,2025-09-02,september,Dry Van,436.0,1023.67,1013.0622335096529,1012.0195445329631,1012.540889021308,11.129110978691983
TR-038767,2025-09-02,september,Dry Van,1141.1,2309.25,2356.313629997187,2346.3520470888743,2351.3328385430304,42.08283854303045
TR-038768,2025-09-02,september,Reefer,570.4,1352.59,1371.2351402228978,1347.3226815875373,1359.2789109052176,6.688910905217654
TR-038769,2025-09-02,september,Dry Van,323.8,768.48,761.3083746374516,768.6375339140743,764.972954275763,3.5070457242370594
TR-038770,2025-09-02,september,Reefer,172.1,511.2,487.4920094543046,674.3513552087632,580.9216823315339,69.72168233153394
TR-038771,2025-09-02,september,Dry Van,285.2,709.94,698.2167373095621,714.8372172667209,706.5269772881416,3.4130227118585026
TR-038772,2025-09-02,september,Reefer,1543.2,11377.49,3363.349334313386,3365.1632137760243,3364.256274044705,8013.233725955295
TR-038773,2025-09-02,september,Flatbed,1583.9,3197.82,3153.0095577560846,3235.5106257676875,3194.260091761886,3.559908238114076
TR-038774,2025-09-02,september,Dry Van,2071.3,4027.32,4009.2173849495325,3945.6576623215183,3977.4375236355254,49.88247636447477
TR-038775,2025-09-02,september,Dry Van,1863.2,3581.43,3608.4662731392223,3579.1388415168813,3593.802557328052,12.372557328052153
TR-038776,2025-09-02,september,Dry Van,1526.3,3052.83,2997.633637876181,2966.17931155062,2981.9064747134007,70.92352528659922
TR-038777,2025-09-02,september,Dry Van,1097.0,2180.09,2215.4386056080098,2174.6829298423945,2195.060767725202,14.970767725201767
TR-038778,2025-09-02,september,Reefer,603.7,1427.22,1458.2565189252157,1438.3020516889114,1448.2792853070637,21.059285307063647
TR-038779,2025-09-02,september,Reefer,328.6,921.05,904.6619899453107,900.7308812851568,902.6964356152337,18.353564384766287
TR-038780,2025-09-02,september,Dry Van,2210.4,4116.3,4092.558339745735,4064.3588150090072,4078.458577377371,37.841422622629125
TR-038781,2025-09-02,september,Dry Van,1846.9,3626.27,3652.2450257053306,3523.8724710438582,3588.0587483745944,38.211251625405566
TR-038782,2025-09-02,september,Dry Van,2047.1,3614.41,3630.0218954569277,3749.6581660635684,3689.840030760248,75.43003076024797
TR-038783,2025-09-02,september,Reefer,540.7,1300.9,1385.9745098013923,1288.616505701862,1337.2955077516272,36.395507751627065
TR-038784,2025-09-02,september,Flatbed,1206.2,2673.39,2692.2334757291032,2661.57367154652,2676.903573637812,3.5135736378119873
TR-038785,2025-09-02,september,Dry Van,831.0,1624.66,1627.790940998768,1644.8598304524244,1636.3253857255963,11.665385725596252
TR-038786,2025-09-02,september,Dry Van,419.8,918.03,904.4771101026639,925.5343922193726,915.0057511610182,3.024248838981748
TR-038787,2025-09-02,september,Reefer,686.3,1607.67,1657.8888293338891,1618.9851393829306,1638.43698435841,30.7669843584099
TR-038788,2025-09-03,september,Dry Van,984.0,2102.38,2079.8558581740094,2072.234155123267,2076.0450066486383,26.334993351361845
TR-038789,2025-09-03,september,Reefer,2935.3,5768.28,5798.953457186567,5909.002194287504,5853.977825737035,85.6978257370356
TR-038790,2025-09-03,september,Dry Van,1234.1,2568.2,2684.3724077075817,2589.4615680227917,2636.9169878651865,68.71698786518664
TR-038791,2025-09-03,september,Flatbed,804.0,1837.9,1756.7108266110984,1784.848574743547,1770.7797006773226,67.12029932267751
TR-038792,2025-09-03,september,Dry Van,1952.3,3673.71,3669.5771387071127,3746.1811489356287,3707.8791438213707,34.16914382137065
TR-038793,2025-09-03,september,Dry Van,1132.0,2317.84,2344.696926692495,2318.923890720905,2331.8104087067,13.9704087066998
TR-038794,2025-09-03,september,Dry Van,1758.2,3469.94,3434.9176669386907,3420.8298958267915,3427.873781382741,42.06621861725898
TR-038795,2025-09-03,september,Dry Van,1673.0,3365.78,3395.3001273230407,3367.189419730933,3381.244773526987,15.464773526986846
TR-038796,2025-09-03,september,Dry Van,304.5,714.78,698.7837049978575,701.6934691323925,700.238587065125,14.541412934874984
TR-038797,2025-09-03,september,Dry Van,288.2,689.93,686.149822385889,683.9295565244563,685.0396894551727,4.89031054482723
TR-038798,2025-09-03,september,Dry Van,1609.1,3144.44,3193.588994021259,3203.5533949187175,3198.5711944699883,54.13119446998826
TR-038799,2025-09-03,september,Flatbed,822.9,1841.62,1788.747282257566,1809.537784981834,1799.1425336196999,42.47746638030003
TR-038800,2025-09-03,september,Flatbed,429.7,1007.46,1007.5253181323426,1033.6543604997726,1020.5898393160576,13.129839316057542
TR-038801,2025-09-03,september,Dry Van,1371.7,2787.96,2775.9316808752424,2704.4990676483544,2740.2153742617984,47.74462573820165
TR-038802,2025-09-03,september,Reefer,1188.3,2484.83,2547.583175627215,2479.079379429323,2513.3312775282693,28.501277528269384
TR-038803,2025-09-03,september,Flatbed,527.4,486.09,1211.0948842609855,1214.8191316624789,1212.9570079617322,726.8670079617323
TR-038804,2025-09-03,september,Dry Van,1871.9,3665.65,3703.061578461685,3750.269075842031,3726.665327151858,61.015327151857946
TR-038805,2025-09-03,september,Dry Van,1820.7,3329.54,3338.430067400945,3378.274483275788,3358.352275338367,28.812275338366817
TR-038806,2025-09-03,september,Reefer,1878.9,4243.19,4137.9928808451605,4153.901706053252,4145.947293449206,97.24270655079363
TR-038807,2025-09-03,september,Reefer,534.3,1384.46,1431.0942530793184,1335.0835076865524,1383.0888803829353,1.3711196170647781
TR-038808,2025-09-03,september,Dry Van,873.6,1782.17,1742.80891616238,1774.207002062557,1758.5079591124686,23.662040887531475
TR-038809,2025-09-03,september,Flatbed,1022.5,2329.64,2274.3183784460516,2292.7676404109616,2283.5430094285066,46.09699057149328
TR-038810,2025-09-03,september,Dry Van,422.2,1025.98,1006.8190063769601,1022.7757723613852,1014.7973893691726,11.182610630827412
TR-038811,2025-09-03,september,Flatbed,1050.3,2262.13,2313.8587753118286,2326.110117973576,2319.984446642702,57.85444664270199
TR-038812,2025-09-03,september,Dry Van,706.5,1653.13,1642.3141682097555,1601.7056803383402,1622.009924274048,31.12007572595212
TR-038813,2025-09-03,september,Dry Van,936.8,1809.32,1826.8627547912167,1833.7412475664817,1830.3020011788492,20.98200117884926
TR-038814,2025-09-03,september,Flatbed,2011.8,4192.29,4139.97732477955,4184.895653266035,4162.436489022793,29.853510977207407
TR-038815,2025-09-03,september,Dry Van,595.5,1311.58,1314.8562041906885,1299.7853402494688,1307.3207722200787,4.259227779921275
TR-038816,2025-09-03,september,Reefer,1312.2,2941.49,2910.0259936081934,2917.4096688036934,2913.717831205943,27.772168794056597
TR-038817,2025-09-03,september,Flatbed,624.2,1438.42,1439.7187513872996,1438.1009778880748,1438.9098646376872,0.48986463768710564
TR-038818,2025-09-03,september,Dry Van,1225.2,2279.18,2230.735320015774,2340.141899727033,2285.4386098714035,6.258609871403678
TR-038819,2025-09-03,september,Reefer,616.2,1501.31,1553.3307396267005,1535.6101241936,1544.4704319101502,43.16043191015024
TR-038820,2025-09-03,september,Reefer,2704.5,5645.59,5421.738236311933,5339.109227266236,5380.423731789085,265.1662682109154
TR-038821,2025-09-03,september,Dry Van,1690.6,3301.88,3258.4301450032185,3290.4306658183705,3274.4304054107943,27.449594589205844
TR-038822,2025-09-03,september,Dry Van,550.5,1177.46,1185.083977750062,1193.138384595862,1189.111181172962,11.65118117296197
TR-038823,2025-09-03,september,Reefer,116.9,353.31,568.7233253464382,389.603357073325,479.1633412098816,125.85334120988159
TR-038824,2025-09-03,september,Dry Van,756.1,1588.32,1544.9870625722428,1567.9572129707547,1556.4721377714986,31.8478622285013
TR-038825,2025-09-03,september,Reefer,153.5,508.45,462.4580231364319,674.9093037897089,568.6836634630704,60.2336634630704
TR-038826,2025-09-03,september,Flatbed,600.6,1418.54,1423.72065676348,1405.1881272623034,1414.4543920128917,4.085607987108233
TR-038827,2025-09-03,september,Reefer,1616.7,3545.47,3485.4518858525826,3472.2042113673197,3478.828048609951,66.64195139004869
TR-038828,2025-09-03,september,Dry Van,2131.0,3947.82,3938.6701642305507,3871.5526263622614,3905.111395296406,42.70860470359412
TR-038829,2025-09-03,september,Dry Van,655.5,1314.47,1301.8958795452904,1292.0636542890484,1296.9797669171694,17.490233082830628
TR-038830,2025-09-03,september,Dry Van,475.4,1045.11,1024.490673152257,1042.2359406483224,1033.3633069002897,11.746693099710228
TR-038831,2025-09-03,september,Dry Van,763.6,1658.81,1637.7953423339718,1643.2190682066102,1640.507205270291,18.30279472970892
TR-038832,2025-09-03,september,Reefer,365.0,950.23,970.8570099143284,950.455663981289,960.6563369478088,10.42633694780875
TR-038833,2025-09-03,september,Dry Van,1069.0,2122.98,2144.424093558952,2156.5304386135626,2150.4772660862573,27.49726608625724
TR-038834,2025-09-03,september,Dry Van,381.0,914.67,892.425543162164,922.3319447884046,907.3787439752844,7.291256024715608
TR-038835,2025-09-03,september,Reefer,326.3,856.83,848.8632288438051,847.975111587775,848.41917021579,8.410829784210023
TR-038836,2025-09-03,september,Dry Van,974.9,2005.14,1974.2777572735665,2021.501043758781,1997.8894005161737,7.250599483826363
TR-038837,2025-09-03,september,Dry Van,881.0,1740.1,1698.7488856010368,1732.3736894687063,1715.5612875348716,24.538712465128356
TR-038838,2025-09-03,september,Dry Van,858.3,4931.28,1696.011983445597,1733.841130878467,1714.9265571620322,3216.3534428379676
TR-038839,2025-09-03,september,Dry Van,719.4,1509.11,1533.0762195874822,1517.3909586432062,1525.2335891153443,16.12358911534443
TR-038840,2025-09-03,september,Dry Van,662.6,1366.36,1353.1826335882467,1356.3355768328802,1354.7591052105636,11.600894789436325
TR-038841,2025-09-03,september,Dry Van,277.4,643.59,647.7685005875372,650.034066122214,648.9012833548757,5.311283354875627
TR-038842,2025-09-03,september,Dry Van,2155.0,4159.14,4183.646460296456,4193.127275274595,4188.386867785526,29.246867785525865
TR-038843,2025-09-03,september,Dry Van,1077.4,2019.72,2000.2935470700015,2047.6877286947454,2023.9906378823734,4.270637882373421
TR-038844,2025-09-03,september,Dry Van,1956.8,3574.04,3593.145802238067,3574.839467268662,3583.9926347533647,9.952634753364691
TR-038845,2025-09-03,september,Reefer,653.8,1405.61,1396.3878544423583,1432.7259720998595,1414.556913271109,8.946913271108997
TR-038846,2025-09-03,september,Flatbed,486.8,1190.88,1187.3684512701143,1188.8056175375364,1188.0870344038253,2.7929655961747812
TR-038847,2025-09-03,september,Dry Van,769.6,1552.07,1538.6904296919067,1549.7290744980849,1544.2097520949958,7.860247905004144
TR-038848,2025-09-03,september,Flatbed,2008.1,3967.87,3914.520979043011,3915.612808030994,3915.066893537002,52.803106462997675
TR-038849,2025-09-03,september,Dry Van,1051.7,2152.14,2142.482527659236,2135.091552122146,2138.7870398906907,13.352960109309151
TR-038850,2025-09-03,september,Flatbed,2032.3,4376.41,4279.765689811308,4218.313045529941,4249.039367670624,127.37063232937544
TR-038851,2025-09-03,september,Reefer,584.8,1509.58,1497.2244982407988,1450.6616867111325,1473.9430924759656,35.636907524034314
TR-038852,2025-09-03,september,Flatbed,891.7,2125.38,2170.3923587538966,2077.087646815704,2123.7400027848003,1.6399972151998554
TR-038853,2025-09-03,september,Dry Van,1372.7,2774.52,2750.8110259769696,2768.8657870140314,2759.8384064955007,14.681593504499233
TR-038854,2025-09-03,september,Dry Van,525.4,1137.04,1130.300407777955,1122.365188112066,1126.3327979450105,10.707202054989466
TR-038855,2025-09-03,september,Dry Van,825.5,1778.32,1716.6592930773047,1763.0943138844973,1739.876803480901,38.44319651909905
TR-038856,2025-09-03,september,Dry Van,440.2,1096.27,1064.3645411789712,1065.8068471186511,1065.0856941488112,31.18430585118881
TR-038857,2025-09-03,september,Dry Van,2550.2,4400.76,4494.6487759304255,4514.0812893058255,4504.365032618125,103.60503261812482
TR-038858,2025-09-03,september,Dry Van,840.8,1838.06,1844.168485510344,1845.0981248416747,1844.6333051760093,6.573305176009399
TR-038859,2025-09-03,september,Dry Van,541.6,1196.71,1189.8842869261193,1203.287839084226,1196.5860630051727,0.1239369948273179
TR-038860,2025-09-03,september,Dry Van,481.3,1062.89,1060.837156488548,1049.24722175013,1055.0421891193391,7.8478108806609725
TR-038861,2025-09-03,september,Dry Van,294.1,756.61,755.2042955869113,788.9177793238716,772.0610374553914,15.451037455391429
TR-038862,2025-09-03,september,Dry Van,856.5,1790.45,1758.8145510665383,1788.6952835587638,1773.754917312651,16.695082687348986
TR-038863,2025-09-03,september,Dry Van,654.1,1368.54,1360.242861304684,1371.705265832809,1365.9740635687465,2.5659364312534763
TR-038864,2025-09-03,september,Reefer,777.8,1933.62,1999.4881530463801,1907.2166915578548,1953.3524223021175,19.732422302117584
TR-038865,2025-09-03,september,Reefer,447.0,1143.89,1127.3524490614866,1141.3862025855483,1134.3693258235176,9.520674176482544
TR-038866,2025-09-03,september,Dry Van,253.0,634.01,629.184056898443,639.0213194524404,634.1026881754417,0.09268817544170815
TR-038867,2025-09-03,september,Dry Van,365.7,833.33,814.5429584539011,778.3549811885587,796.4489698212299,36.881030178770175
TR-038868,2025-09-03,september,Dry Van,1540.5,2896.96,2891.1998534483732,2912.136706765225,2901.668280106799,4.708280106799066
TR-038869,2025-09-03,september,Reefer,803.0,1804.39,1802.483477819948,1819.5475168344751,1811.0154973272115,6.625497327211406
TR-038870,2025-09-03,september,Reefer,2530.5,5502.7,5371.6941366721885,5312.551669515655,5342.122903093921,160.57709690607862
TR-038871,2025-09-03,september,Flatbed,491.2,1177.76,1159.8684137839186,1157.246252935846,1158.5573333598823,19.20266664011774
TR-038872,2025-09-03,september,Reefer,737.6,1790.91,1750.8335280538374,1740.5227066450323,1745.6781173494348,45.23188265056524
TR-038873,2025-09-03,september,Dry Van,1287.2,2419.58,2488.6245148564553,2484.3093174632713,2486.466916159863,66.88691615986318
TR-038874,2025-09-03,september,Dry Van,381.7,824.38,796.9080144226554,805.9306823831064,801.4193484028808,22.96065159711918
TR-038875,2025-09-03,september,Dry Van,2230.8,4138.03,4163.294858808777,4233.919494085221,4198.607176446999,60.57717644699915
TR-038876,2025-09-03,september,Reefer,504.5,1264.58,1256.9607610167104,1271.0529981571785,1264.0068795869445,0.5731204130554488
TR-038877,2025-09-03,september,Dry Van,798.1,1609.32,1593.1284243216423,1598.1800022009663,1595.6542132613044,13.665786738695488
TR-038878,2025-09-03,september,Flatbed,382.0,948.67,921.1384130763952,943.798057017036,932.4682350467156,16.201764953284396
TR-038879,2025-09-03,september,Dry Van,1293.8,2408.22,2380.369718098756,2443.6300336640234,2411.99987588139,3.779875881390126
TR-038880,2025-09-03,september,Dry Van,2225.6,4037.25,4022.3954799389207,4034.3529318965084,4028.374205917715,8.87579408228521
TR-038881,2025-09-03,september,Dry Van,3195.4,5870.15,5894.119305268656,5815.3721543295715,5854.745729799113,15.404270200886458
TR-038882,2025-09-03,september,Flatbed,1995.9,4332.21,4139.8979676364115,4188.024958881089,4163.961463258751,168.24853674124915
TR-038883,2025-09-03,september,Dry Van,709.0,1429.26,1419.9286932422497,1466.5648974603491,1443.2467953512994,13.986795351299406
TR-038884,2025-09-03,september,Dry Van,1418.2,2736.58,2645.0134583084173,2676.1572662883673,2660.5853622983923,75.99463770160764
TR-038885,2025-09-03,september,Flatbed,373.9,920.82,899.6671064826794,916.0707854370999,907.8689459598896,12.95105404011042
TR-038886,2025-09-03,september,Flatbed,613.0,1344.11,1353.9625853821665,1363.7149695921223,1358.8387774871444,14.728777487144498
TR-038887,2025-09-03,september,Dry Van,910.5,1846.08,1796.6981258887447,1830.6205265219678,1813.6593262053561,32.42067379464379
TR-038888,2025-09-03,september,Dry Van,162.5,454.76,431.1810630558791,497.4329102141155,464.3069866349973,9.546986634997324
TR-038889,2025-09-03,september,Flatbed,1108.8,2334.05,2293.416395430047,2306.302148323686,2299.859271876867,34.19072812313334
TR-038890,2025-09-03,september,Dry Van,477.4,1120.7,1101.18467386903,1093.001596190377,1097.0931350297035,23.606864970296556
TR-038891,2025-09-03,september,Dry Van,1434.1,2885.45,2930.343530221353,2898.270017851543,2914.3067740364477,28.85677403644786
TR-038892,2025-09-03,september,Reefer,518.3,1412.11,1409.2465769578228,1372.7010116991828,1390.9737943285027,21.136205671497237
TR-038893,2025-09-03,september,Dry Van,2296.6,4126.36,4111.501308056274,4274.525763955452,4193.013536005863,66.65353600586332
TR-038894,2025-09-03,september,Reefer,2234.8,4536.4,4591.519591761229,4637.43197539197,4614.4757835765995,78.07578357659986
TR-038895,2025-09-03,september,Flatbed,380.2,988.98,940.571168544802,961.6067528276419,951.088960686222,37.89103931377804
TR-038896,2025-09-03,september,Reefer,1674.6,3696.76,3709.0923125079544,3773.1665184095255,3741.12941545874,44.369415458739695
TR-038897,2025-09-03,september,Flatbed,2476.5,4929.32,4835.329625039815,4948.264052971975,4891.796839005895,37.52316099410473
TR-038898,2025-09-03,september,Dry Van,169.0,445.85,444.4624134756712,499.749354199947,472.1058838378091,26.25588383780905
TR-038899,2025-09-03,september,Flatbed,1761.2,3456.36,3445.2754255211817,3452.5205047598884,3448.8979651405352,7.462034859464893
TR-038900,2025-09-03,september,Dry Van,809.9,1799.05,1809.8999051990447,1747.7949963838141,1778.8474507914293,20.202549208570645
TR-038901,2025-09-03,september,Dry Van,852.9,1899.77,1834.684657191444,1860.9673826299027,1847.8260199106735,51.94398008932649
TR-038902,2025-09-03,september,Dry Van,544.9,1246.44,1351.1922064367207,1247.0671131711292,1299.1296598039248,52.68965980392477
TR-038903,2025-09-03,september,Dry Van,463.5,1034.94,1030.6571382044644,1008.4415908651664,1019.5493645348154,15.390635465184687
TR-038904,2025-09-03,september,Dry Van,543.5,1244.67,1227.8566201436702,1232.333266359608,1230.094943251639,14.575056748361021
TR-038905,2025-09-03,september,Dry Van,1695.4,3381.01,3433.8066758600335,3323.9220042668885,3378.864340063461,2.145659936539232
TR-038906,2025-09-03,september,Dry Van,491.5,1186.89,1176.6026389799058,1139.8050986880824,1158.203868833994,28.686131166006135
TR-038907,2025-09-03,september,Dry Van,695.6,1574.67,1572.7182769208641,1540.559921790956,1556.63909935591,18.030900644090025
TR-038908,2025-09-03,september,Dry Van,606.5,1412.04,1345.7576890715666,1344.243903923093,1345.0007964973297,67.03920350267026
TR-038909,2025-09-03,september,Dry Van,733.1,1618.75,1603.3684773079726,1610.0561868462796,1606.7123320771261,12.03766792287388
TR-038910,2025-09-03,september,Dry Van,830.1,1711.45,1688.67154726742,1644.895445804472,1666.7834965359461,44.6665034640539
TR-038911,2025-09-03,september,Dry Van,492.6,1058.96,1062.7567686605487,1088.1469721056164,1075.4518703830827,16.49187038308264
TR-038912,2025-09-03,september,Reefer,979.9,2342.99,2258.3122586758395,2257.615345286071,2257.9638019809554,85.02619801904439
TR-038913,2025-09-03,september,Reefer,2167.3,4769.86,4675.468915135444,4748.430510079855,4711.949712607649,57.910287392350256
TR-038914,2025-09-03,september,Dry Van,1320.6,2749.61,2728.365202158215,2685.055343217397,2706.710272687806,42.899727312194045
TR-038915,2025-09-03,september,Flatbed,175.3,478.51,469.9141321610072,536.1005772540752,503.00735470754125,24.497354707541263
TR-038916,2025-09-03,september,Reefer,1874.4,4031.4,4066.874857245569,4089.2250504492854,4078.049953847427,46.64995384742679
TR-038917,2025-09-03,september,Flatbed,603.1,1398.6,1392.8092319141003,1400.0159813964883,1396.4126066552944,2.1873933447054696
TR-038918,2025-09-03,september,Flatbed,870.3,2035.61,2057.159267570003,2009.7496775930322,2033.4544725815176,2.1555274184822792
TR-038919,2025-09-03,september,Dry Van,146.0,379.08,400.3912122866626,423.487195014048,411.9392036503553,32.85920365035531
TR-038920,2025-09-03,september,Flatbed,810.0,1762.2,1772.8287078969631,1733.2905731051137,1753.0596405010383,9.140359498961743
TR-038921,2025-09-03,september,Flatbed,178.4,490.18,484.17732681409734,555.6723560513849,519.9248414327411,29.74484143274111
TR-038922,2025-09-03,september,Dry Van,932.6,1833.07,1752.409340015557,1803.1676158210182,1777.7884779182878,55.28152208171218
TR-038923,2025-09-03,september,Dry Van,569.6,1228.28,1170.078552424531,1163.1409135126642,1166.6097329685977,61.67026703140232
TR-038924,2025-09-03,september,Dry Van,149.7,390.61,396.44075017985773,436.60296878994404,416.5218594849009,25.9118594849009
TR-038925,2025-09-03,september,Reefer,902.4,2120.23,2102.6952228159994,2066.3455236642044,2084.520373240102,35.70962675989813
TR-038926,2025-09-03,september,Flatbed,516.8,1281.36,1296.8859375978845,1315.6732803576465,1306.2796089777655,24.91960897776562
TR-038927,2025-09-03,september,Dry Van,881.0,1811.89,1746.6100219817117,1758.0947348447285,1752.35237841322,59.537621586780006
TR-038928,2025-09-03,september,Dry Van,807.2,1657.1,1620.4019981440488,1614.8796974959635,1617.640847820006,39.45915217999391
TR-038929,2025-09-03,september,Reefer,2066.9,4494.52,4506.963336227703,4512.286107157668,4509.624721692686,15.104721692685416
TR-038930,2025-09-03,september,Flatbed,2334.8,4903.95,4678.789751340244,4742.213230143572,4710.501490741908,193.4485092580917
TR-038931,2025-09-03,september,Dry Van,2000.6,3719.11,3738.860138924913,3706.8298995820714,3722.845019253492,3.735019253491828
TR-038932,2025-09-03,september,Dry Van,1801.1,3395.51,3440.481922607798,3408.388637476719,3424.4352800422585,28.925280042258237
TR-038933,2025-09-03,september,Dry Van,1236.7,2534.45,2528.641295299964,2532.1909008192956,2530.41609805963,4.033901940370015
TR-038934,2025-09-03,september,Flatbed,1418.0,2884.07,2916.524250230037,2941.8819753235866,2929.203112776812,45.133112776811686
TR-038935,2025-09-03,september,Reefer,1541.4,3287.09,3316.044775584438,3341.2729439922414,3328.6588597883397,41.56885978833952
TR-038936,2025-09-04,september,Dry Van,1008.1,2103.52,2102.253112317826,2133.1664341953324,2117.709773256579,14.189773256578974
TR-038937,2025-09-04,september,Dry Van,481.1,1119.29,1091.6005460475565,1099.7442470933952,1095.672396570476,23.617603429524024
TR-038938,2025-09-04,september,Dry Van,2055.0,3831.98,3843.3526448322555,3784.4151375481897,3813.8838911902226,18.096108809777434
TR-038939,2025-09-04,september,Dry Van,248.2,611.13,591.2585322621486,594.245059792351,592.7517960272498,18.378203972750157
TR-038940,2025-09-04,september,Reefer,1238.8,2807.36,2799.4547383874815,2836.7374249097033,2818.096081648592,10.736081648592062
TR-038941,2025-09-04,september,Dry Van,1036.1,2071.96,2047.0710043438148,2060.257082295439,2053.664043319627,18.29595668037291
TR-038942,2025-09-04,september,Reefer,995.4,2339.95,2263.5728432519363,2271.355445009374,2267.464144130655,72.48585586934496
TR-038943,2025-09-04,september,Reefer,2365.9,4874.27,4896.329091067224,4884.442752060915,4890.38592156407,16.11592156406914
TR-038944,2025-09-04,september,Reefer,776.7,1768.91,1793.4182054728353,1785.137427485463,1789.2778164791491,20.36781647914904
TR-038945,2025-09-04,september,Dry Van,2288.4,4304.74,4291.259082892149,4324.785964848646,4308.022523870397,3.282523870397199
TR-038946,2025-09-04,september,Reefer,1698.0,3572.95,3640.341989159114,3650.6052814896148,3645.4736353243643,72.52363532436448
TR-038947,2025-09-04,september,Reefer,1731.5,3764.61,3767.3308063477466,3680.818696222275,3724.0747512850107,40.53524871498939
TR-038948,2025-09-04,september,Dry Van,387.7,870.61,857.5584825539476,851.7347225195415,854.6466025367445,15.963397463255546
TR-038949,2025-09-04,september,Dry Van,144.7,413.09,403.78358294211733,455.4411734095454,429.6123781758314,16.52237817583142
TR-038950,2025-09-04,september,Dry Van,1206.7,2544.99,2527.505947926266,2442.9162773300145,2485.21111262814,59.77888737185958
TR-038951,2025-09-04,september,Dry Van,825.3,1660.37,1599.1263956021894,1638.3624154910988,1618.744405546644,41.625594453355916
TR-038952,2025-09-04,september,Flatbed,496.5,1092.96,1114.0666990881587,1138.969215523981,1126.5179573060698,33.55795730606974
TR-038953,2025-09-04,september,Flatbed,2915.7,5716.18,5513.06562834763,5666.185920417828,5589.625774382729,126.55422561727119
TR-038954,2025-09-04,september,Dry Van,1792.0,3141.19,3215.1075155553963,3215.7726013580523,3215.4400584567243,74.25005845672422
TR-038955,2025-09-04,september,Flatbed,3020.8,6185.0,5832.290728416377,5971.131969837882,5901.711349127129,283.2886508728707
TR-038956,2025-09-04,september,Reefer,2072.0,4636.85,4423.839025613171,4493.230686874362,4458.534856243767,178.31514375623374
TR-038957,2025-09-04,september,Dry Van,2029.1,3625.04,3565.084371683671,3621.488401965493,3593.286386824582,31.75361317541774
TR-038958,2025-09-04,september,Dry Van,1016.7,1954.2,2009.9412771403909,1989.5463342780254,1999.7438057092081,45.54380570920807
TR-038959,2025-09-04,september,Reefer,1586.3,3415.8,3341.2964110508915,3375.0118445796415,3358.1541278152663,57.64587218473389
TR-038960,2025-09-04,september,Dry Van,368.5,819.65,821.4242776178601,841.8557604178802,831.6400190178701,11.990019017870168
TR-038961,2025-09-04,september,Dry Van,361.0,835.18,829.2266037530393,840.4527856505506,834.839694701795,0.34030529820495303
TR-038962,2025-09-04,september,Dry Van,214.3,517.61,526.9409170492838,523.0111619684719,524.9760395088779,7.366039508877861
TR-038963,2025-09-04,september,Dry Van,414.6,958.93,952.7342530901349,947.030624687392,949.8824388887634,9.047561111236519
TR-038964,2025-09-04,september,Dry Van,545.6,1197.57,1196.6771742603482,1170.0649085198042,1183.3710413900762,14.198958609923693
TR-038965,2025-09-04,september,Dry Van,739.6,1674.76,1659.3598053576432,1672.171458279996,1665.7656318188197,8.994368181180334
TR-038966,2025-09-04,september,Flatbed,2767.7,5233.71,5125.776179972721,5257.559961965532,5191.668070969126,42.04192903087369
TR-038967,2025-09-04,september,Dry Van,2519.2,4807.93,4658.265008691142,4807.81965335733,4733.042331024236,74.88766897576443
TR-038968,2025-09-04,september,Dry Van,847.2,1614.61,1641.9604702984286,1688.975331134503,1665.467900716466,50.85790071646602
TR-038969,2025-09-04,september,Reefer,2976.6,5839.12,5751.556455436328,5810.756427715237,5781.156441575782,57.96355842421781
TR-038970,2025-09-04,september,Reefer,1033.0,2360.93,2337.86818018269,2329.3402883172075,2333.6042342499486,27.325765750051232
TR-038971,2025-09-04,september,Reefer,1927.8,4100.64,4025.2379045289213,4030.7168643927016,4027.9773844608117,72.66261553918866
TR-038972,2025-09-04,september,Flatbed,1082.2,2338.31,2275.1858121945147,2279.0554786280236,2277.120645411269,61.18935458873102
TR-038973,2025-09-04,september,Dry Van,328.6,777.59,757.743203903387,770.0087972950641,763.8760005992256,13.713999400774469
TR-038974,2025-09-04,september,Reefer,1435.5,3240.89,3237.283854904308,3294.929917036964,3266.106885970636,25.216885970636213
TR-038975,2025-09-04,september,Reefer,1578.5,3635.79,3590.3260527729285,3576.178884336326,3583.2524685546273,52.53753144537268
TR-038976,2025-09-04,september,Dry Van,507.7,1166.61,1172.143595528408,1148.008146283767,1160.0758709060874,6.534129093912497
TR-038977,2025-09-04,september,Reefer,2534.0,5181.47,4779.561176938263,4852.085424593764,4815.823300766014,365.6466992339865
TR-038978,2025-09-04,september,Reefer,2007.8,4170.51,4186.33462205884,4158.1417430436495,4172.238182551245,1.728182551244572
TR-038979,2025-09-04,september,Flatbed,1276.4,2723.28,2654.2711324722804,2673.977369137431,2664.124250804856,59.15574919514438
TR-038980,2025-09-04,september,Dry Van,388.3,830.68,838.4524679017624,844.9534500508728,841.7029589763176,11.022958976317682
TR-038981,2025-09-04,september,Flatbed,2291.3,4731.45,4510.444357820845,4554.120626178491,4532.282491999667,199.16750800033242
TR-038982,2025-09-04,september,Flatbed,354.6,946.26,969.1602965017121,973.476888624384,971.318592563048,25.058592563048023
TR-038983,2025-09-04,september,Dry Van,306.3,711.59,721.1139858830196,706.9079156713883,714.010950777204,2.420950777203984
TR-038984,2025-09-04,september,Flatbed,419.3,1082.09,1060.4323310727677,1065.5308934629015,1062.9816122678346,19.108387732165284
TR-038985,2025-09-04,september,Dry Van,998.5,2041.64,1998.67312403927,1996.9530859211075,1997.8131049801887,43.826895019811445
TR-038986,2025-09-04,september,Flatbed,1092.1,2599.43,2536.788382562764,2490.8972539494425,2513.8428182561033,85.58718174389651
TR-038987,2025-09-04,september,Flatbed,1690.2,3685.54,3594.119535715717,3633.194926182253,3613.6572309489848,71.8827690510152
TR-038988,2025-09-04,september,Flatbed,569.9,1417.52,1430.8985300897311,1401.0907041456194,1415.9946171176753,1.5253828823247204
TR-038989,2025-09-04,september,Dry Van,2634.7,4591.38,4607.8584391975055,4569.860713934575,4588.85957656604,2.520423433959877
TR-038990,2025-09-04,september,Dry Van,2783.6,5144.4,5137.775458461669,5149.483927626002,5143.629693043835,0.770306956164859
TR-038991,2025-09-04,september,Dry Van,2205.7,4160.37,4141.497404571151,4149.245884774712,4145.371644672931,14.998355327068566
TR-038992,2025-09-04,september,Flatbed,1219.1,2771.41,2783.3663673580168,2708.511513693205,2745.9389405256106,25.47105947438922
TR-038993,2025-09-04,september,Dry Van,334.8,812.49,793.7323945250749,813.3681268732505,803.5502606991627,8.939739300837346
TR-038994,2025-09-04,september,Dry Van,430.0,989.2,985.5966666724164,995.1767980835291,990.3867323779727,1.186732377972703
TR-038995,2025-09-04,september,Dry Van,92.8,251.45,226.0546594692191,276.1426872222137,251.0986733457164,0.35132665428358223
TR-038996,2025-09-04,september,Flatbed,165.3,498.55,504.7630461846442,561.1105079296296,532.936777057137,34.38677705713695
TR-038997,2025-09-04,september,Dry Van,762.1,1607.21,1626.272643863699,1614.0165893363067,1620.1446166000028,12.934616600002755
TR-038998,2025-09-04,september,Dry Van,70.0,196.37,216.38537443303701,258.9842679490871,237.68482119106204,41.31482119106204
TR-038999,2025-09-04,september,Dry Van,1930.8,3701.75,3717.3817079018368,3661.8878527687093,3689.634780335273,12.115219664727192
TR-039000,2025-09-04,september,Reefer,70.5,236.37,235.9703124577855,372.97429042288104,304.47230144033324,68.10230144033324
TR-039001,2025-09-04,september,Dry Van,120.1,345.86,342.0033520428082,392.97588716430687,367.48961960355757,21.629619603557558
TR-039002,2025-09-04,september,Dry Van,1055.2,2077.33,2066.777265518819,2086.623598004353,2076.700431761586,0.6295682384138672
TR-039003,2025-09-04,september,Flatbed,2832.1,5633.17,4995.936522230658,5360.853414276113,5178.394968253386,454.77503174661433
TR-039004,2025-09-04,september,Dry Van,846.0,1878.85,1846.8628081462375,1831.1076302295844,1838.9852191879108,39.864780812089066
TR-039005,2025-09-04,september,Dry Van,305.0,742.41,731.4860304650637,742.7333722206215,737.1097013428425,5.300298657157441
TR-039006,2025-09-04,september,Dry Van,994.0,1934.15,1971.1977003246714,1988.910182813343,1980.0539415690073,45.9039415690072
TR-039007,2025-09-04,september,Dry Van,2408.2,4583.28,4497.471285750342,4515.520770043473,4506.496027896907,76.78397210309231
TR-039008,2025-09-04,september,Reefer,470.1,1155.21,1134.7106315892281,1142.5252898994036,1138.617960744316,16.592039255684085
TR-039009,2025-09-04,september,Dry Van,1169.7,2265.2,2287.0117061971077,2248.819172033496,2267.915439115302,2.7154391153021606
TR-039010,2025-09-04,september,Dry Van,523.0,1152.28,1152.5785566734094,1152.4000588946617,1152.4893077840356,0.20930778403567274
TR-039011,2025-09-04,september,Reefer,1664.6,3524.5,3531.533909839905,3528.508819368157,3530.021364604031,5.521364604031078
TR-039012,2025-09-04,september,Reefer,574.5,1333.02,1352.3020782879053,1355.7850547556504,1354.0435665217778,21.023566521777866
TR-039013,2025-09-04,september,Dry Van,1077.3,2290.51,2259.7136332714545,2268.795757022958,2264.254695147206,26.255304852794325
TR-039014,2025-09-04,september,Dry Van,1479.6,2815.63,2883.7637314454983,2832.794212984711,2858.2789722151047,42.64897221510455
TR-039015,2025-09-04,september,Dry Van,1948.1,3706.5,3767.2684905033216,3822.2785650463948,3794.773527774858,88.27352777485794
TR-039016,2025-09-04,september,Dry Van,822.3,1625.36,1576.796691901574,1638.6803639802577,1607.738527940916,17.621472059084
TR-039017,2025-09-04,september,Flatbed,865.8,2034.63,2061.3433744851204,2033.0426981470478,2047.193036316084,12.56303631608398
TR-039018,2025-09-04,september,Dry Van,1066.6,2154.52,2152.404241542899,2177.526652616249,2164.965447079574,10.445447079574024
TR-039019,2025-09-04,september,Dry Van,488.4,1086.45,1032.4895272186127,994.2877184457732,1013.3886228321929,73.06137716780711
TR-039020,2025-09-04,september,Flatbed,767.2,1719.87,1687.427816861867,1656.6011869988672,1672.0145019303673,47.85549806963263
TR-039021,2025-09-04,september,Dry Van,1130.4,2197.15,2157.252078150619,2183.982933881587,2170.617506016103,26.532493983896984
TR-039022,2025-09-04,september,Flatbed,2203.0,4716.82,4486.0375335276485,4529.749017836237,4507.893275681943,208.92672431805659
TR-039023,2025-09-04,september,Reefer,1245.7,2940.08,2844.6571864793227,2851.001345618471,2847.829266048897,92.25073395110303
TR-039024,2025-09-04,september,Dry Van,876.5,1864.87,1791.5031977484452,1806.308816927282,1798.9060073378637,65.9639926621362
TR-039025,2025-09-04,september,Dry Van,1942.3,3495.24,3575.5507352322898,3549.6534287017903,3562.6020819670402,67.36208196704047
TR-039026,2025-09-04,september,Dry Van,217.7,544.25,528.2084256784331,526.6079059862614,527.4081658323472,16.84183416765279
TR-039027,2025-09-04,september,Dry Van,1614.0,3230.31,3199.5919946086487,3227.9802675967985,3213.7861311027236,16.523868897276316
TR-039028,2025-09-04,september,Dry Van,1784.6,3459.65,3556.8333015620256,3500.453617781417,3528.6434596717213,68.99345967172121
TR-039029,2025-09-04,september,Reefer,416.8,1036.49,1035.5394779896703,1031.763748320454,1033.651613155062,2.838386844937986
TR-039030,2025-09-04,september,Flatbed,636.9,1434.39,1447.3915111882727,1447.164732361209,1447.2781217747408,12.888121774740739
TR-039031,2025-09-04,september,Reefer,834.4,2102.58,2182.586791810492,2118.4883783908313,2150.5375851006615,47.95758510066162
TR-039032,2025-09-04,september,Reefer,1424.4,3041.2,3096.8987908287227,3103.180844560875,3100.039817694799,58.83981769479897
TR-039033,2025-09-04,september,Reefer,769.8,1922.11,1964.1202741276743,1900.9256400485706,1932.5229570881224,10.412957088122539
TR-039034,2025-09-04,september,Flatbed,1135.7,2411.56,2502.5302363664296,2460.78821042916,2481.6592233977944,70.0992233977945
TR-039035,2025-09-04,september,Dry Van,564.9,1202.71,1219.3598896767476,1175.8534384016077,1197.6066640391778,5.103335960822278
TR-039036,2025-09-04,september,Flatbed,515.3,1342.71,1378.284464873462,1319.6030431326553,1348.9437540030585,6.233754003058493
TR-039037,2025-09-04,september,Dry Van,928.1,1951.86,1918.0223992755657,1941.2356597620167,1929.6290295187912,22.230970481208715
TR-039038,2025-09-04,september,Flatbed,615.6,1492.67,1485.2025706132047,1471.3106953860552,1478.2566329996298,14.413367000370272
TR-039039,2025-09-04,september,Reefer,1029.3,2293.08,2331.4988138827557,2315.6288320594203,2323.563822971088,30.483822971088102
TR-039040,2025-09-04,september,Reefer,195.2,579.89,574.4716051732942,637.5509365628684,606.0112708680813,26.121270868081297
TR-039041,2025-09-04,september,Dry Van,2214.6,4312.53,4281.066868316021,4273.221066191043,4277.1439672535325,35.38603274646721
TR-039042,2025-09-04,september,Dry Van,896.6,1993.26,1943.294084344963,1908.7741235299459,1926.0341039374543,67.22589606254564
TR-039043,2025-09-04,september,Reefer,839.1,1803.31,1816.2359899330504,1846.3688934019415,1831.302441667496,27.992441667495996
TR-039044,2025-09-04,september,Flatbed,816.2,1870.98,1825.1761680994503,1794.411882467102,1809.7940252832761,61.18597471672388
TR-039045,2025-09-04,september,Flatbed,438.6,1035.33,1034.7965648990116,1030.3825770833369,1032.5895709911742,2.7404290088256857
TR-039046,2025-09-04,september,Dry Van,1107.9,2346.17,2337.129386516287,2353.649856215443,2345.389621365865,0.7803786341351042
TR-039047,2025-09-04,september,Dry Van,1328.6,2565.6,2645.6573485866893,2591.795282985441,2618.7263157860652,53.126315786065334
TR-039048,2025-09-04,september,Dry Van,1192.2,2561.74,2534.5526924366527,2467.3792923435362,2500.9659923900945,60.77400760990531
TR-039049,2025-09-04,september,Dry Van,1761.1,3226.05,3193.6191917378505,3248.66026894676,3221.1397303423055,4.910269657694698
TR-039050,2025-09-04,september,Dry Van,1888.9,3600.54,3639.2469346392368,3611.470676690985,3625.3588056651106,24.81880566511063
TR-039051,2025-09-04,september,Dry Van,75.2,224.92,245.61409263719787,296.13749545801556,270.87579404760675,45.95579404760676
TR-039052,2025-09-04,september,Dry Van,462.1,1038.92,1015.4789119825205,997.6541939731469,1006.5665529778337,32.35344702216639
TR-039053,2025-09-04,september,Dry Van,2224.3,4309.6,4288.687584421961,4283.547546183987,4286.117565302974,23.482434697026292
TR-039054,2025-09-04,september,Dry Van,478.6,1073.55,1068.8414427945042,1053.2456093418605,1061.0435260681825,12.506473931817482
TR-039055,2025-09-04,september,Dry Van,1370.6,2717.74,2723.9824101450768,2659.211883313627,2691.597146729352,26.14285327064772
TR-039056,2025-09-04,september,Flatbed,187.6,545.79,558.2890969981538,584.7296958756731,571.5093964369134,25.719396436913485
TR-039057,2025-09-04,september,Dry Van,781.6,1635.9,1627.776562518885,1594.1999866367405,1610.9882745778127,24.911725422187374
TR-039058,2025-09-04,september,Flatbed,1017.2,2223.7,2226.9042290852703,2247.5967709038014,2237.250499994536,13.55049999453604
TR-039059,2025-09-04,september,Dry Van,311.0,706.43,697.4169170933724,694.6200768835668,696.0184969884696,10.411503011530385
TR-039060,2025-09-04,september,Dry Van,950.4,1993.08,1989.6840032548992,2000.8568373622372,1995.2704203085682,2.190420308568264
TR-039061,2025-09-04,september,Dry Van,150.7,419.81,403.9663985220603,447.80480842698375,425.885603474522,6.075603474521984
TR-039062,2025-09-04,september,Reefer,2310.4,4728.81,4632.810847505298,4658.55278468335,4645.681816094324,83.12818390567645
TR-039063,2025-09-04,september,Dry Van,832.5,1619.87,1592.9710952097569,1605.7070601469118,1599.3390776783344,20.530922321665457
TR-039064,2025-09-04,september,Dry Van,370.2,829.81,822.3428441384054,833.336974049874,827.8399090941398,1.970090905860161
TR-039065,2025-09-04,september,Reefer,253.5,675.2,671.215075931555,771.0597775169094,721.1374267242322,45.93742672423218
TR-039066,2025-09-04,september,Reefer,249.9,669.78,686.738929687463,788.0193674988764,737.3791485931697,67.59914859316973
TR-039067,2025-09-04,september,Dry Van,804.8,1777.59,1800.2235829176561,1746.4246120961884,1773.3240975069223,4.265902493077647
TR-039068,2025-09-04,september,Dry Van,2329.5,4479.42,4328.867867722848,4403.708074160864,4366.287970941856,113.13202905814433
TR-039069,2025-09-04,september,Reefer,348.7,882.08,866.888104504789,876.180519527569,871.534312016179,10.54568798382104
TR-039070,2025-09-04,september,Flatbed,1495.8,3210.13,3245.429162415284,3290.6834389189676,3268.0563006671255,57.92630066712536
TR-039071,2025-09-04,september,Reefer,823.0,2080.39,2184.21009613344,2106.9859479557113,2145.5980220445754,65.2080220445755
TR-039072,2025-09-04,september,Reefer,584.8,1442.01,1422.5630394856496,1389.3381962021085,1405.9506178438792,36.05938215612082
TR-039073,2025-09-04,september,Dry Van,414.3,995.5,995.5105188429859,1004.5132115856012,1000.0118652142935,4.511865214293493
TR-039074,2025-09-04,september,Flatbed,196.2,557.08,551.5418021639858,551.3185192041155,551.4301606840506,5.649839315949407
TR-039075,2025-09-04,september,Dry Van,1526.0,2895.45,2864.7809418896436,2887.0668155485096,2875.9238787190766,19.526121280923235
TR-039076,2025-09-04,september,Dry Van,1368.1,2750.9,2738.7595889101767,2723.2535128738878,2731.0065508920325,19.893449107967626
TR-039077,2025-09-04,september,Dry Van,186.1,497.6,497.38406650161045,531.3149898277095,514.34952816466,16.749528164659978
TR-039078,2025-09-04,september,Reefer,2783.0,5931.57,5665.32533887262,5702.986442028487,5684.155890450553,247.41410954944695
TR-039079,2025-09-04,september,Dry Van,2660.4,4678.42,4677.436751064052,4643.780178059931,4660.608464561992,17.811535438007922
TR-039080,2025-09-04,september,Dry Van,775.2,1735.69,1702.1334629551545,1652.495427798374,1677.3144453767643,58.37555462323576
TR-039081,2025-09-04,september,Reefer,606.9,1491.48,1538.314613416836,1530.8417131517333,1534.5781632842845,43.09816328428451
TR-039082,2025-09-04,september,Dry Van,1134.0,2227.63,2224.1118913380287,2214.5327287885957,2219.322310063312,8.307689936687893
TR-039083,2025-09-04,september,Dry Van,1308.3,2606.74,2569.693134294389,2601.316374277156,2585.5047542857724,21.235245714227403
TR-039084,2025-09-04,september,Dry Van,2725.0,5037.89,5103.485823738205,5150.856397925771,5127.171110831988,89.28111083198746
TR-039085,2025-09-04,september,Reefer,2660.5,5580.78,5431.665176170845,5494.430530433421,5463.047853302133,117.73214669786648
TR-039086,2025-09-04,september,Flatbed,540.4,1339.97,1376.8049873837456,1326.8268926510034,1351.8159400173745,11.84594001737446
TR-039087,2025-09-04,september,Reefer,2301.8,4731.22,4693.391173794625,4801.045087201806,4747.218130498215,15.998130498214778
TR-039088,2025-09-04,september,Dry Van,1617.7,3136.86,3126.120582961008,3125.9526373775725,3126.0366101692903,10.823389830709857
TR-039089,2025-09-04,september,Reefer,2243.7,4776.59,4727.692512392789,4778.362212837306,4753.027362615047,23.562637384952723
TR-039090,2025-09-04,september,Reefer,932.2,2207.44,2142.6300061232087,2093.172888983577,2117.901447553393,89.5385524466069
TR-039091,2025-09-04,september,Dry Van,375.0,873.34,855.7522252375618,874.7629478573479,865.2575865474548,8.082413452545211
TR-039092,2025-09-05,september,Dry Van,1001.3,1990.86,2076.7582051666436,2048.08376360638,2062.420984386512,71.56098438651202
TR-039093,2025-09-05,september,Dry Van,622.5,1383.52,1378.9833699028268,1369.4167265399612,1374.200048221394,9.319951778606082
TR-039094,2025-09-05,september,Flatbed,3098.1,5939.13,5786.1730714192245,5874.239468087364,5830.206269753295,108.92373024670542
TR-039095,2025-09-05,september,Reefer,720.2,1602.12,1609.2133315335318,1631.2481870647164,1620.2307592991242,18.11075929912431
TR-039096,2025-09-05,september,Dry Van,959.3,1943.74,1956.9388796933424,1943.6797703408035,1950.309325017073,6.56932501707297
TR-039097,2025-09-05,september,Reefer,1176.5,2558.28,2487.4359570500737,2519.8789872627926,2503.657472156433,54.62252784356724
TR-039098,2025-09-05,september,Reefer,802.7,1898.24,1869.2816336827318,1870.1377960686239,1869.709714875678,28.530285124322063
TR-039099,2025-09-05,september,Flatbed,333.6,833.5,793.5115621158969,824.914797066476,809.2131795911864,24.286820408813583
TR-039100,2025-09-05,september,Reefer,880.8,2025.05,2077.258058474882,2039.080827816811,2058.1694431458463,33.11944314584639
TR-039101,2025-09-05,september,Dry Van,1049.8,2231.66,2127.7231442463317,2158.12878598894,2142.9259651176358,88.73403488236409
TR-039102,2025-09-05,september,Reefer,634.6,1574.91,1568.5752281674095,1535.3782894393082,1551.9767588033587,22.933241196641347
TR-039103,2025-09-05,september,Dry Van,422.4,992.27,932.1306766043504,951.2774351009152,941.7040558526328,50.56594414736719
TR-039104,2025-09-05,september,Dry Van,2177.4,3972.75,4003.5991023429124,4048.9272719649084,4026.2631871539106,53.51318715391062
TR-039105,2025-09-05,september,Dry Van,520.6,1104.17,1065.2873497255416,1070.7910699556273,1068.0392098405846,36.13079015941548
TR-039106,2025-09-05,september,Reefer,2212.2,4521.64,4479.84754067393,4561.812053815578,4520.829797244754,0.8102027552458821
TR-039107,2025-09-05,september,Dry Van,764.0,1668.8,1602.5791665323611,1604.6344725006188,1603.6068195164898,65.1931804835101
TR-039108,2025-09-05,september,Dry Van,1470.1,2740.42,2752.150122176352,2734.176072659647,2743.163097418,2.7430974179997065
TR-039109,2025-09-05,september,Flatbed,1167.6,2446.6,2412.0643658612057,2404.2612148234048,2408.162790342305,38.43720965769489
TR-039110,2025-09-05,september,Dry Van,620.2,1368.65,1350.8267784944017,1324.7329343907877,1337.7798564425948,30.8701435574053
TR-039111,2025-09-05,september,Reefer,1494.9,3261.55,3203.839447421241,3171.877040352666,3187.8582438869535,73.69175611304672
TR-039112,2025-09-05,september,Dry Van,287.9,640.63,629.0790624856447,637.8300556694996,633.4545590775722,7.175440922427811
TR-039113,2025-09-05,september,Reefer,329.6,857.79,854.9376839293044,837.4723828083552,846.2050333688298,11.584966631170118
TR-039114,2025-09-05,september,Reefer,461.1,1076.26,1104.207645532158,1084.4989005862199,1094.353273059189,18.09327305918896
TR-039115,2025-09-05,september,Dry Van,577.6,1153.1,1135.2767741627515,1156.9857495406932,1146.1312618517222,6.96873814827768
TR-039116,2025-09-05,september,Dry Van,2941.7,5027.1,5177.311920626246,5007.975547437267,5092.643734031757,65.54373403175668
TR-039117,2025-09-05,september,Dry Van,1436.2,2671.85,2636.06552803725,2691.094695293321,2663.5801116652856,8.269888334714324
TR-039118,2025-09-05,september,Reefer,489.5,1254.71,1231.0268206235642,1223.0125761178892,1227.0196983707267,27.690301629273335
TR-039119,2025-09-05,september,Reefer,324.2,965.6,925.1605682297825,929.9649775899466,927.5627729098645,38.0372270901355
TR-039120,2025-09-05,september,Reefer,505.9,1290.97,1302.0900589507303,1293.2166030332219,1297.653330991976,6.683330991975936
TR-039121,2025-09-05,september,Reefer,292.6,791.06,772.5210404948738,840.4379314023226,806.4794859485983,15.419485948598322
TR-039122,2025-09-05,september,Reefer,485.8,1227.54,1219.648525229002,1239.3875930386707,1229.5180591338362,1.9780591338362683
TR-039123,2025-09-05,september,Reefer,113.8,341.56,355.3651872189056,506.22676160839524,430.7959744136504,89.23597441365041
TR-039124,2025-09-05,september,Reefer,206.4,581.85,552.8338035505955,704.7964136386306,628.8151085946131,46.96510859461307
TR-039125,2025-09-05,september,Dry Van,238.9,578.63,571.0919609612806,608.428531394446,589.7602461778633,11.130246177863341
TR-039126,2025-09-05,september,Dry Van,2077.8,3915.16,3939.011876380259,3906.9492346291427,3922.9805555047005,7.820555504700678
TR-039127,2025-09-05,september,Dry Van,1213.9,2473.31,2501.4355204964636,2443.2370258596275,2472.3362731780453,0.9737268219546422
TR-039128,2025-09-05,september,Dry Van,495.8,1056.11,1037.2198830157297,1064.9816008801718,1051.1007419479506,5.00925805204929
TR-039129,2025-09-05,september,Dry Van,863.1,1683.15,1659.251963414439,1676.4474684057004,1667.8497159100698,15.300284089930301
TR-039130,2025-09-05,september,Flatbed,294.4,788.94,783.2693171324216,787.8107608701855,785.5400390013035,3.3999609986965424
TR-039131,2025-09-05,september,Flatbed,822.4,1950.21,1934.021483821257,1927.0868436551175,1930.5541637381873,19.655836261812738
TR-039132,2025-09-05,september,Reefer,456.4,1155.37,1143.6003009724218,1153.4475813860745,1148.5239411792481,6.84605882075175
TR-039133,2025-09-05,september,Flatbed,320.1,785.6,778.8072109960045,821.1141524857258,799.9606817408651,14.360681740865061
TR-039134,2025-09-05,september,Dry Van,2145.3,4124.89,4117.720815242331,4126.255071909018,4121.987943575674,2.9020564243264744
TR-039135,2025-09-05,september,Dry Van,1556.7,3112.26,3132.5566194138323,3160.3273878616747,3146.4420036377533,34.18200363775304
TR-039136,2025-09-05,september,Dry Van,2229.9,4107.05,4175.481463444148,4100.255248901893,4137.86835617302,30.81835617302022
TR-039137,2025-09-05,september,Flatbed,988.5,2265.1,2185.1546617553827,2177.0547655079845,2181.104713631684,83.9952863683161
TR-039138,2025-09-05,september,Reefer,582.4,1455.36,1442.3292480959744,1385.8866191341979,1414.107933615086,41.25206638491386
TR-039139,2025-09-05,september,Flatbed,256.6,689.69,678.0899174540772,713.9950502549107,696.0424838544939,6.352483854493812
TR-039140,2025-09-05,september,Flatbed,1173.7,2395.68,2528.972267938472,2467.0261775217746,2497.9992227301236,102.31922273012378
TR-039141,2025-09-05,september,Dry Van,2663.8,4954.29,4891.758787938151,4941.634882429372,4916.696835183761,37.59316481623864
TR-039142,2025-09-05,september,Dry Van,749.0,1474.97,1459.823873236116,1495.0573240357699,1477.440598635943,2.470598635942906
TR-039143,2025-09-05,september,Dry Van,1375.6,2664.11,2689.011360963067,2669.799908854913,2679.40563490899,15.295634908989996
TR-039144,2025-09-05,september,Flatbed,2120.8,4592.34,4318.458997463291,4359.666387348965,4339.062692406128,253.27730759387214
TR-039145,2025-09-05,september,Dry Van,1212.5,2469.17,2453.019237553247,2402.6431917209648,2427.831214637106,41.338785362894214
TR-039146,2025-09-05,september,Reefer,421.2,1028.4,1012.7770327788112,1029.5612264123647,1021.169129595588,7.230870404412144
TR-039147,2025-09-05,september,Reefer,1945.3,4251.39,4135.70265761089,4106.095288360148,4120.898972985518,130.49102701448192
TR-039148,2025-09-05,september,Reefer,927.2,2009.23,2062.2889974752766,2063.278121369946,2062.7835594226112,53.553559422611215
TR-039149,2025-09-05,september,Reefer,972.9,2139.57,2145.236595681674,2137.6511760088874,2141.4438858452804,1.873885845280256
TR-039150,2025-09-05,september,Reefer,985.7,2307.9,2269.6126420530863,2266.056874827407,2267.8347584402463,40.06524155975376
TR-039151,2025-09-05,september,Dry Van,142.4,361.96,357.0175193699971,406.55738932278587,381.7874543463915,19.827454346391505
TR-039152,2025-09-05,september,Reefer,1988.8,4078.17,4064.6939498366287,4153.538005378627,4109.115977607627,30.945977607627356
TR-039153,2025-09-05,september,Dry Van,1107.1,2118.24,2100.784646826078,2122.4698856410187,2111.6272662335487,6.612733766451129
TR-039154,2025-09-05,september,Dry Van,1312.8,2511.37,2642.9989751861995,2628.0463855039793,2635.5226803450896,124.15268034508972
TR-039155,2025-09-05,september,Dry Van,870.7,1714.1,1711.9350643667215,1701.1636662241335,1706.5493652954274,7.550634704572531
TR-039156,2025-09-05,september,Reefer,2470.3,5335.02,5151.700717115323,5000.4495638597755,5076.075140487549,258.94485951245133
TR-039157,2025-09-05,september,Reefer,449.2,1169.68,1190.5506785304626,1193.1679661380103,1191.8593223342364,22.179322334236304
TR-039158,2025-09-05,september,Dry Van,1625.6,3081.04,3060.6445810548817,3079.975467627466,3070.3100243411736,10.729975658826334
TR-039159,2025-09-05,september,Flatbed,501.0,1187.65,1207.254454688795,1224.5033061424865,1215.8788804156407,28.22888041564056
TR-039160,2025-09-05,september,Flatbed,342.0,927.17,883.7388269223474,897.9255828905559,890.8322049064516,36.33779509354838
TR-039161,2025-09-05,september,Dry Van,1611.6,3278.97,3235.1365851553037,3228.6175279573,3231.877056556302,47.092943443698005
TR-039162,2025-09-05,september,Reefer,2287.1,4844.98,4705.29963963509,4813.242918959348,4759.271279297219,85.70872070278074
TR-039163,2025-09-05,september,Dry Van,698.2,1538.53,1538.3902024775896,1485.4136861161594,1511.9019442968745,26.628055703125483
TR-039164,2025-09-05,september,Dry Van,689.7,1556.98,1557.3968221110672,1540.0673674300197,1548.7320947705434,8.247905229456592
TR-039165,2025-09-05,september,Flatbed,769.1,1639.49,1638.1692127492056,1632.0653840860405,1635.117298417623,4.372701582376976
TR-039166,2025-09-05,september,Dry Van,2672.0,4829.59,4827.098532487146,4757.0268671499225,4792.062699818534,37.52730018146576
TR-039167,2025-09-05,september,Reefer,1663.6,3605.8,3548.992098490488,3594.561885914486,3571.7769922024872,34.023007797512946
TR-039168,2025-09-05,september,Reefer,988.6,2372.36,2298.41520679568,2302.5873369583924,2300.5012718770363,71.85872812296384
TR-039169,2025-09-05,september,Flatbed,784.8,1848.35,1875.4396438737076,1790.9913919774554,1833.2155179255815,15.134482074418429
TR-039170,2025-09-05,september,Reefer,649.3,1545.64,1572.4595036609157,1594.093257074432,1583.276380367674,37.63638036767384
TR-039171,2025-09-05,september,Dry Van,1143.5,2236.81,2200.8054821149267,2266.158513906082,2233.4819980105044,3.328001989495533
TR-039172,2025-09-05,september,Reefer,2235.2,4856.02,4772.078553732845,4735.36821566736,4753.7233847001025,102.2966152998979
TR-039173,2025-09-05,september,Reefer,1443.3,2963.57,2993.6959616299314,2974.305210094566,2984.000585862249,20.43058586224879
TR-039174,2025-09-05,september,Dry Van,2093.3,3804.05,3913.8548143389835,3795.9255429246177,3854.8901786318006,50.84017863180043
TR-039175,2025-09-05,september,Dry Van,1213.2,2504.29,2550.950008686354,2481.309566387965,2516.1297875371592,11.839787537159282
TR-039176,2025-09-05,september,Dry Van,516.2,1161.24,1146.95275562013,1166.7032501733333,1156.8280028967315,4.411997103268504
TR-039177,2025-09-05,september,Dry Van,2754.5,5084.27,5055.1635986355595,4995.721770136132,5025.4426843858455,58.82731561415494
TR-039178,2025-09-05,september,Dry Van,742.3,1551.07,1544.6654310745737,1553.7673558642039,1549.2163934693888,1.8536065306111595
TR-039179,2025-09-05,september,Flatbed,1947.6,3925.06,3843.2074596230837,3883.870794116418,3863.539126869751,61.52087313024913
TR-039180,2025-09-05,september,Flatbed,829.8,1940.07,1934.7450427731658,1900.3728374306343,1917.5589401019001,22.511059898099802
TR-039181,2025-09-05,september,Flatbed,1111.2,2458.96,2439.3654586430343,2446.461346154232,2442.9134023986335,16.046597601366557
TR-039182,2025-09-05,september,Reefer,1667.3,3749.01,3699.531178246172,3756.531643426666,3728.031410836419,20.97858916358109
TR-039183,2025-09-05,september,Dry Van,1810.9,3545.25,3488.1623374986084,3472.2028825900115,3480.18261004431,65.06738995569003
TR-039184,2025-09-05,september,Flatbed,267.3,770.47,763.5261248139706,790.7271408747818,777.1266328443762,6.65663284437619
TR-039185,2025-09-05,september,Flatbed,982.8,2194.96,2163.469076490965,2145.2539736686954,2154.3615250798302,40.59847492016979
TR-039186,2025-09-05,september,Reefer,1114.7,2501.52,2463.0450361859744,2510.6617705992876,2486.8534033926308,14.666596607369229
TR-039187,2025-09-05,september,Dry Van,2486.7,4472.64,4538.367579778685,4410.562391247305,4474.464985512995,1.824985512994317
TR-039188,2025-09-05,september,Reefer,646.7,1597.1,1577.7193055858277,1578.5994465413978,1578.1593760636129,18.940623936387055
TR-039189,2025-09-05,september,Reefer,480.1,1233.95,1223.502974565521,1214.9744964319307,1219.2387354987259,14.711264501274172
TR-039190,2025-09-05,september,Reefer,1092.7,2445.17,2460.094830826255,2423.3589784410815,2441.7269046336683,3.443095366331818
TR-039191,2025-09-05,september,Reefer,1446.4,3131.14,3111.124296989862,3069.202704023526,3090.163500506694,40.97649949330571
TR-039192,2025-09-05,september,Reefer,1279.0,2965.22,2853.0977450376445,2897.169546120803,2875.1336455792234,90.08635442077639
TR-039193,2025-09-05,september,Flatbed,735.2,1744.51,1774.5807300630947,1760.3043996190004,1767.4425648410474,22.93256484104745
TR-039194,2025-09-05,september,Dry Van,568.7,1126.29,1122.0827184230834,1137.4693627771644,1129.776040600124,3.4860406001239426
TR-039195,2025-09-05,september,Dry Van,494.0,1086.72,1055.975950155564,1082.8429046052474,1069.4094273804058,17.310572619594268
TR-039196,2025-09-05,september,Dry Van,814.3,1638.54,1592.007534024252,1576.5895744210331,1584.2985542226425,54.24144577735751
TR-039197,2025-09-05,september,Dry Van,750.9,1528.0,1533.055248363087,1554.3555892298923,1543.7054187964895,15.705418796489539
TR-039198,2025-09-05,september,Dry Van,454.3,1023.08,1030.0868777694184,1029.884121202218,1029.9854994858183,6.905499485818268
TR-039199,2025-09-05,september,Reefer,184.5,555.88,524.9073518765175,708.4541989035683,616.680775390043,60.800775390042986
TR-039200,2025-09-05,september,Dry Van,1546.5,3039.5,3055.355770825996,3089.16284419267,3072.2593075093328,32.75930750933276
TR-039201,2025-09-05,september,Dry Van,331.0,796.76,772.6073422828736,792.3690756875671,782.4882089852204,14.271791014779637
TR-039202,2025-09-05,september,Flatbed,2675.6,5059.84,4922.70612418907,5049.790536190503,4986.248330189786,73.59166981021372
TR-039203,2025-09-05,september,Dry Van,2098.9,3827.69,3900.0183672859393,3811.9038750334375,3855.9611211596884,28.27112115968839
TR-039204,2025-09-05,september,Dry Van,809.0,1725.56,1686.3554556242445,1643.4204497286921,1664.8879526764683,60.672047323531615
TR-039205,2025-09-05,september,Reefer,276.0,806.04,794.5402457957133,841.3374952410416,817.9388705183774,11.898870518377407
TR-039206,2025-09-05,september,Reefer,521.7,1340.8,1350.7042621725816,1310.4309494169947,1330.567605794788,10.232394205211904
TR-039207,2025-09-05,september,Reefer,2410.3,4949.75,4782.342923644992,4837.507128484775,4809.925026064884,139.82497393511585
TR-039208,2025-09-05,september,Dry Van,2369.8,4428.74,4383.412842198399,4383.261599242563,4383.337220720481,45.402779279518654
TR-039209,2025-09-05,september,Dry Van,1348.9,2715.57,2694.554233774475,2641.1059922646773,2667.830113019576,47.73988698042422
TR-039210,2025-09-05,september,Dry Van,969.3,2048.31,2087.389727276035,2074.5020073178143,2080.945867296925,32.63586729692497
TR-039211,2025-09-05,september,Dry Van,1521.2,3028.91,3037.6130064091526,3042.6994718820324,3040.1562391455927,11.246239145592881
TR-039212,2025-09-05,september,Dry Van,1024.4,2167.26,2076.766266744517,2088.822754516195,2082.794510630356,84.46548936964427
TR-039213,2025-09-05,september,Dry Van,589.5,1241.89,1212.2507587433938,1239.0180007865629,1225.6343797649783,16.255620235021752
TR-039214,2025-09-05,september,Dry Van,438.5,1036.02,1030.8748906831008,1016.9211272467843,1023.8980089649426,12.121991035057363
TR-039215,2025-09-05,september,Dry Van,2020.1,3925.28,3935.300821760743,3882.814398198334,3909.0576099795385,16.222390020461717
TR-039216,2025-09-05,september,Dry Van,2731.8,4953.28,4961.457749083899,5014.982668049634,4988.220208566767,34.94020856676707
TR-039217,2025-09-05,september,Dry Van,586.1,1273.52,1260.2632854156798,1245.2133352331102,1252.7383103243951,20.781689675604866
TR-039218,2025-09-05,september,Flatbed,464.6,1118.18,1095.0505198298154,1112.3415775162698,1103.6960486730427,14.483951326957367
TR-039219,2025-09-05,september,Dry Van,338.9,823.81,810.771369488863,813.6699767087377,812.2206730988004,11.58932690119957
TR-039220,2025-09-05,september,Dry Van,708.9,1408.04,1410.018501620564,1457.0506998570356,1433.5346007387998,25.494600738799818
TR-039221,2025-09-05,september,Dry Van,659.7,1432.23,1420.909313892332,1420.2323534258257,1420.5708336590787,11.659166340921274
TR-039222,2025-09-05,september,Flatbed,461.6,1137.48,1113.572719539748,1099.3384024064758,1106.455560973112,31.024439026888103
TR-039223,2025-09-05,september,Dry Van,1628.4,3174.53,3162.5285570661445,3204.197885742249,3183.363221404197,8.833221404196593
TR-039224,2025-09-05,september,Reefer,1910.8,4107.89,4057.8509700194436,4041.4581816130203,4049.654575816232,58.23542418376837
TR-039225,2025-09-05,september,Flatbed,1746.3,3376.19,3417.1509662109797,3415.5426766762876,3416.3468214436334,40.15682144363336
TR-039226,2025-09-05,september,Reefer,968.8,2297.51,2273.951419308218,2278.653670267079,2276.302544787649,21.207455212351306
TR-039227,2025-09-05,september,Flatbed,817.4,1884.83,1900.1753379323077,1861.152458149176,1880.663898040742,4.166101959257958
TR-039228,2025-09-05,september,Reefer,76.6,258.05,260.0749096026209,468.9613977343927,364.5181536685068,106.46815366850677
TR-039229,2025-09-05,september,Flatbed,2385.7,4859.34,4754.086041691709,4833.716742028526,4793.901391860118,65.43860813988249
TR-039230,2025-09-05,september,Reefer,259.6,683.15,679.4961515672074,719.9219906570504,699.7090711121289,16.55907111212889
TR-039231,2025-09-05,september,Dry Van,2125.6,4073.23,3941.0783624355035,3992.6282247674744,3966.853293601489,106.37670639851103
TR-039232,2025-09-05,september,Dry Van,742.6,1592.93,1568.0140113867703,1551.1571796575322,1559.5855955221514,33.344404477848684
TR-039233,2025-09-05,september,Dry Van,145.5,405.5,415.5564845114738,452.1534749857492,433.8549797486115,28.354979748611527
TR-039234,2025-09-05,september,Dry Van,473.9,1084.65,1077.507790906664,1082.05692021684,1079.782355561752,4.867644438248135
TR-039235,2025-09-05,september,Reefer,1429.5,3092.79,2974.94764373786,3073.5006647548835,3024.2241542463717,68.56584575362831
TR-039236,2025-09-05,september,Dry Van,811.4,1672.09,1622.536040678573,1587.89751542557,1605.2167780520715,66.87322194792841
TR-039237,2025-09-05,september,Dry Van,367.8,893.28,869.2211482990116,868.6358291330575,868.9284887160345,24.351511283965465
TR-039238,2025-09-05,september,Dry Van,556.2,1240.53,1169.102474044261,1173.224953761332,1171.1637139027966,69.36628609720333
TR-039239,2025-09-05,september,Flatbed,877.0,2059.35,2129.4552689074258,2066.9103699015222,2098.182819404474,38.83281940447387
TR-039240,2025-09-05,september,Flatbed,2282.1,4666.64,4549.575387847462,4591.109876126553,4570.342631987007,96.2973680129935
TR-039241,2025-09-05,september,Dry Van,406.1,883.17,886.17223975077,886.3030125476948,886.2376261492325,3.067626149232524
TR-039242,2025-09-06,september,Flatbed,1608.9,3389.96,3259.8625601839385,3320.0823600068943,3289.9724600954164,99.98753990458363
TR-039243,2025-09-06,september,Dry Van,1373.7,2719.01,2753.2163102874742,2703.991401150749,2728.6038557191114,9.593855719111161
TR-039244,2025-09-06,september,Dry Van,1453.8,2808.78,2762.817807620863,2862.6134529411547,2812.715630281009,3.935630281008798
TR-039245,2025-09-06,september,Dry Van,415.5,929.65,927.928895374843,924.1639242491524,926.0464098119977,3.603590188002272
TR-039246,2025-09-06,september,Flatbed,392.7,1023.48,975.8022133051802,1009.7600442297014,992.7811287674408,30.698871232559213
TR-039247,2025-09-06,september,Dry Van,780.9,1735.32,1723.637176859931,1651.2373841085546,1687.4372804842428,47.88271951575712
TR-039248,2025-09-06,september,Dry Van,2434.7,4370.43,4374.041430916431,4354.2775352299195,4364.159483073176,6.270516926824712
TR-039249,2025-09-06,september,Dry Van,782.2,1546.16,1528.6200299125658,1507.1220162235304,1517.871023068048,28.288976931951993
TR-039250,2025-09-06,september,Flatbed,930.9,2035.95,1986.918660668585,1989.7471196925392,1988.3328901805621,47.61710981943793
TR-039251,2025-09-06,september,Dry Van,2444.7,4485.15,4369.224547882268,4423.124681311033,4396.17461459665,88.97538540334972
TR-039252,2025-09-06,september,Dry Van,743.7,1601.21,1621.2890664704598,1582.7048495657918,1601.996958018126,0.7869580181259153
TR-039253,2025-09-06,september,Flatbed,951.8,2066.06,2095.770383383595,2069.0640238808783,2082.4172036322366,16.357203632236633
TR-039254,2025-09-06,september,Dry Van,1068.4,2197.3,2241.3424171986057,2231.710929355104,2236.526673276855,39.226673276854854
TR-039255,2025-09-06,september,Reefer,1943.4,4122.85,3998.3691150128225,4040.7880458503187,4019.5785804315706,103.27141956842979
TR-039256,2025-09-06,september,Dry Van,310.8,730.65,710.6886681025289,723.2584781624316,716.9735731324803,13.676426867519694
TR-039257,2025-09-06,september,Reefer,3231.4,6768.62,6343.9630387686875,6549.739612358028,6446.851325563358,321.76867443664196
TR-039258,2025-09-06,september,Reefer,465.4,1179.45,1184.9323785917404,1206.8449032877372,1195.8886409397387,16.43864093973866
TR-039259,2025-09-06,september,Dry Van,836.5,1844.5,1855.8018311798496,1833.3076580876782,1844.554744633764,0.05474463376390304
TR-039260,2025-09-06,september,Reefer,1418.5,3040.63,2970.6667556899733,2982.7975321536137,2976.7321439217935,63.89785607820659
TR-039261,2025-09-06,september,Flatbed,688.3,1386.89,1410.0330151903881,1393.2646706331925,1401.6488429117903,14.758842911790225
TR-039262,2025-09-06,september,Reefer,1414.6,3061.97,2967.6996920192632,3031.141392914411,2999.420542466837,62.549457533162695
TR-039263,2025-09-06,september,Reefer,2182.1,4734.52,4502.7455144933865,4581.736930546628,4542.241222520008,192.27877747999264
TR-039264,2025-09-06,september,Flatbed,1922.2,3864.33,3735.9128594510466,3799.6338994966345,3767.7733794738406,96.55662052615935
TR-039265,2025-09-06,september,Dry Van,3220.7,5608.43,5490.9675581938745,5632.272009585458,5561.619783889666,46.810216110334295
TR-039266,2025-09-06,september,Reefer,1787.0,3828.43,3774.976175765777,3861.1169179395574,3818.0465468526672,10.383453147332602
TR-039267,2025-09-06,september,Reefer,1595.4,3648.31,3534.0522441496014,3532.032711521612,3533.0424778356064,115.26752216439354
TR-039268,2025-09-06,september,Flatbed,867.6,1949.08,2009.9314832805335,1977.8350415506586,1993.8832624155962,44.80326241559624
TR-039269,2025-09-06,september,Dry Van,387.0,847.69,861.3851649455617,838.8671285408864,850.126146743224,2.436146743223958
TR-039270,2025-09-06,september,Reefer,718.9,1749.83,1805.5260545240565,1762.375919567072,1783.9509870455643,34.120987045564334
TR-039271,2025-09-06,september,Dry Van,1507.6,3076.42,2986.7390947203116,2977.8885739198663,2982.313834320089,94.1061656799111
TR-039272,2025-09-06,september,Dry Van,1242.1,2587.34,2539.8547635667655,2508.2790292899817,2524.0668964283736,63.27310357162651
TR-039273,2025-09-06,september,Dry Van,1019.0,2080.38,2075.9430226361424,2097.7950057634894,2086.869014199816,6.489014199815756
TR-039274,2025-09-06,september,Flatbed,2320.0,4656.27,4564.480822973182,4667.156489015778,4615.81865599448,40.451344005520696
TR-039275,2025-09-06,september,Dry Van,425.3,969.15,947.2026634442329,948.1032291913978,947.6529463178153,21.497053682184628
TR-039276,2025-09-06,september,Dry Van,273.5,651.83,649.1711118755385,657.8328812545487,653.5019965650436,1.6719965650435142
TR-039277,2025-09-06,september,Reefer,201.5,594.15,571.1223680951475,691.5359283970038,631.3291482460756,37.17914824607567
TR-039278,2025-09-06,september,Reefer,1232.8,2794.78,2681.9672220990656,2758.581652559028,2720.274437329047,74.50556267095317
TR-039279,2025-09-06,september,Reefer,374.1,1051.15,1012.2159190405965,989.7431567356443,1000.9795378881204,50.170462111879715
TR-039280,2025-09-06,september,Dry Van,1030.6,2149.2,2182.6346188229572,2156.4009934233736,2169.5178061231654,20.31780612316561
TR-039281,2025-09-06,september,Dry Van,991.2,2044.32,2049.199106589111,2051.290520590365,2050.244813589738,5.924813589738051
TR-039282,2025-09-06,september,Dry Van,1434.7,2618.27,2531.9217755067275,2644.7227860888684,2588.322280797798,29.947719202201824
TR-039283,2025-09-06,september,Dry Van,1440.9,2764.5,2710.509859137711,2785.391125849975,2747.950492493843,16.54950750615717
TR-039284,2025-09-06,september,Dry Van,375.8,851.04,843.9001720683106,852.0552440849542,847.9777080766323,3.0622919233676384
TR-039285,2025-09-06,september,Dry Van,1211.0,2490.81,2504.389876119146,2514.8400422473906,2509.614959183268,18.804959183268238
TR-039286,2025-09-06,september,Dry Van,246.1,570.47,567.0517383371202,556.3470635208641,561.6994009289922,8.770599071007837
TR-039287,2025-09-06,september,Dry Van,1108.8,2306.35,2355.485690054994,2303.8004585564295,2329.6430743057117,23.293074305711798
TR-039288,2025-09-06,september,Reefer,2810.6,5439.24,5432.398132251654,5347.186616626728,5389.792374439191,49.447625560808774
TR-039289,2025-09-06,september,Dry Van,924.1,1855.19,1862.4008062985365,1862.2960620566005,1862.3484341775684,7.158434177568324
TR-039290,2025-09-06,september,Flatbed,2026.5,4090.46,3947.7428829322535,3942.207143239788,3944.9750130860207,145.48498691397936
TR-039291,2025-09-06,september,Reefer,419.6,1072.6,1082.7773899297808,1109.8166184539223,1096.2970041918516,23.697004191851647
TR-039292,2025-09-06,september,Dry Van,1083.3,6295.71,2314.144454244886,2210.4053966362917,2262.274925440589,4033.435074559411
TR-039293,2025-09-06,september,Dry Van,1199.2,2469.45,2471.2720761985593,2435.573400737563,2453.422738468061,16.02726153193862
TR-039294,2025-09-06,september,Dry Van,436.8,997.29,985.1961396304623,985.7546715164899,985.4754055734761,11.814594426523854
TR-039295,2025-09-06,september,Reefer,647.8,1656.07,1702.6152061009498,1625.101430377907,1663.8583182394284,7.788318239428463
TR-039296,2025-09-06,september,Reefer,1276.5,2849.08,2779.445697185719,2816.899657939704,2798.172677562711,50.90732243728871
TR-039297,2025-09-06,september,Reefer,514.5,1245.26,1266.2992565535176,1266.1554283430764,1266.227342448297,20.967342448296904
TR-039298,2025-09-06,september,Reefer,242.6,663.83,649.9042477767955,745.1000471720081,697.5021474744018,33.672147474401754
TR-039299,2025-09-06,september,Dry Van,1256.7,2596.02,2638.5119694941413,2595.2235709580755,2616.8677702261084,20.847770226108423
TR-039300,2025-09-06,september,Dry Van,1270.2,2518.86,2472.971423400886,2511.811959509319,2492.391691455103,26.468308544897354
TR-039301,2025-09-06,september,Reefer,418.3,1096.44,1084.3187304277963,1058.8320088858447,1071.5753696568204,24.86463034317967
TR-039302,2025-09-06,september,Dry Van,830.5,1698.47,1698.785331961112,1672.217030592415,1685.5011812767634,12.968818723236609
TR-039303,2025-09-06,september,Reefer,1523.2,3405.77,3233.3666783255494,3357.1977690456943,3295.282223685622,110.48777631437815
TR-039304,2025-09-06,september,Dry Van,334.7,763.32,753.829694569844,768.6858800428747,761.2577873063594,2.0622126936406175
TR-039305,2025-09-06,september,Reefer,615.2,1418.95,1417.605015455641,1434.6403618137865,1426.1226886347138,7.172688634713722
TR-039306,2025-09-06,september,Flatbed,1451.4,3069.94,2886.5584257028177,2974.8067174085104,2930.6825715556643,139.2574284443358
TR-039307,2025-09-06,september,Dry Van,606.0,519.57,1304.5250736011071,1305.2858873766227,1304.905480488865,785.3354804888648
TR-039308,2025-09-06,september,Reefer,2894.6,5686.61,5551.050398812582,5550.241391957174,5550.645895384878,135.96410461512187
TR-039309,2025-09-06,september,Dry Van,1666.7,3282.87,3240.288079800996,3325.236057631754,3282.7620687163753,0.10793128362456628
TR-039310,2025-09-06,september,Dry Van,901.7,1849.22,1841.2441818512816,1827.5726518848705,1834.408416868076,14.811583131923953
TR-039311,2025-09-06,september,Reefer,962.1,2167.65,2176.275991955642,2141.8076448988463,2159.041818427244,8.608181572756166
TR-039312,2025-09-06,september,Dry Van,1186.9,2175.71,2215.195309266766,2257.8748046967726,2236.5350569817692,60.825056981769194
TR-039313,2025-09-06,september,Dry Van,1403.7,2605.28,2575.8572672938503,2698.140135586263,2636.9987014400567,31.71870144005652
TR-039314,2025-09-06,september,Dry Van,498.9,1126.8,1127.9890338031166,1157.7343799983066,1142.8617069007116,16.06170690071167
TR-039315,2025-09-06,september,Dry Van,1190.4,2325.47,2337.300238430874,2369.0010311901347,2353.150634810504,27.680634810504216
TR-039316,2025-09-06,september,Dry Van,1429.9,2859.86,2820.397670585826,2810.0754538624237,2815.236562224125,44.62343777587512
TR-039317,2025-09-06,september,Dry Van,441.0,940.39,921.7520718013051,928.363467771677,925.057769786491,15.332230213508979
TR-039318,2025-09-06,september,Reefer,2410.7,4794.14,4768.493928219036,4847.73366329248,4808.1137957557585,13.973795755758147
TR-039319,2025-09-06,september,Dry Van,552.3,1120.78,1108.7920751145728,1098.0013782711526,1103.3967266928626,17.383273307137415
TR-039320,2025-09-06,september,Reefer,212.4,645.29,621.5663373199096,732.334753555049,676.9505454374794,31.660545437479414
TR-039321,2025-09-06,september,Reefer,106.9,327.62,314.00353497346356,505.98335770263134,409.9934463380474,82.37344633804742
TR-039322,2025-09-06,september,Reefer,547.8,1318.46,1307.0318261971154,1286.5393563173147,1296.785591257215,21.67440874278509
TR-039323,2025-09-06,september,Reefer,350.9,925.32,939.8884427988895,949.8623875496512,944.8754151742703,19.55541517427025
TR-039324,2025-09-06,september,Reefer,131.9,382.63,376.8740740343123,605.2959542830645,491.0850141586884,108.45501415868841
TR-039325,2025-09-06,september,Flatbed,1218.2,2652.69,2632.7171178371223,2665.1188114395923,2648.9179646383573,3.772035361642793
TR-039326,2025-09-06,september,Dry Van,541.9,1159.79,1128.3567097176042,1157.7590113184447,1143.0578605180244,16.732139481975537
TR-039327,2025-09-06,september,Dry Van,209.9,591.03,571.4950280072732,630.7788478591426,601.136937933208,10.106937933207973
TR-039328,2025-09-06,september,Dry Van,484.0,1084.2,1039.451375041147,1026.245786517945,1032.848580779546,51.35141922045409
TR-039329,2025-09-06,september,Dry Van,940.7,1814.58,1772.286862865374,1800.9395713625875,1786.6132171139807,27.966782886019246
TR-039330,2025-09-06,september,Reefer,710.3,1651.04,1618.1694003533455,1632.6921557296387,1625.430778041492,25.609221958507987
TR-039331,2025-09-06,september,Dry Van,307.2,694.25,688.6438488724177,688.1884122896238,688.4161305810208,5.833869418979248
TR-039332,2025-09-06,september,Dry Van,411.7,973.92,946.5247097579394,971.0218770118524,958.7732933848959,15.146706615104108
TR-039333,2025-09-06,september,Dry Van,2431.4,4522.88,4471.772443706982,4478.466446543665,4475.119445125323,47.76055487467693
TR-039334,2025-09-06,september,Dry Van,771.4,1533.94,1481.3866861054862,1479.9676086629188,1480.6771473842025,53.262852615797556
TR-039335,2025-09-06,september,Flatbed,1958.4,3744.98,3699.161423237768,3694.794249079715,3696.9778361587414,48.00216384125861
TR-039336,2025-09-06,september,Reefer,1905.7,3921.95,3870.458572381402,3914.8299365906387,3892.64425448602,29.305745513979673
TR-039337,2025-09-06,september,Dry Van,937.9,1883.57,1888.1720540739848,1887.8727739626997,1888.0224140183423,4.452414018342324
TR-039338,2025-09-06,september,Flatbed,798.8,1797.06,1739.2627931972272,1760.5269734677315,1749.8948833324794,47.16511666752058
TR-039339,2025-09-06,september,Reefer,288.4,766.34,773.0265252053396,783.4561010111631,778.2413131082513,11.901313108251315
TR-039340,2025-09-06,september,Reefer,2744.3,5553.3,5462.346685661468,5520.543426846411,5491.44505625394,61.8549437460606
TR-039341,2025-09-06,september,Dry Van,2066.3,3607.34,3599.641730983162,3633.9403620339526,3616.791046508557,9.451046508556828
TR-039342,2025-09-06,september,Dry Van,533.6,1099.18,1072.2905233831864,1111.3574427360468,1091.8239830596167,7.35601694038337
TR-039343,2025-09-06,september,Reefer,2491.7,5329.38,5111.2391831924,5058.634594381194,5084.936888786797,244.44311121320334
TR-039344,2025-09-06,september,Dry Van,206.3,542.84,527.5594338724287,591.5409692204421,559.5502015464353,16.710201546435314
TR-039345,2025-09-06,september,Dry Van,692.5,1431.19,1416.4805562377505,1392.765042985091,1404.6227996114208,26.567200388579295
TR-039346,2025-09-06,september,Dry Van,1959.5,3645.68,3601.644182776297,3562.592988760768,3582.1185857685323,63.56141423146755
TR-039347,2025-09-06,september,Flatbed,600.2,1386.26,1386.2978448311524,1378.6049516231662,1382.4513982271592,3.8086017728408024
TR-039348,2025-09-06,september,Dry Van,1178.3,2183.38,2119.6620119120084,2247.905118856711,2183.7835653843595,0.40356538435935363
TR-039349,2025-09-06,september,Flatbed,272.3,669.86,778.2419138916262,691.0671777386999,734.654545815163,64.79454581516302
TR-039350,2025-09-06,september,Dry Van,522.2,1096.55,1080.868615491942,1106.2541926013096,1093.5614040466257,2.9885959533742152
TR-039351,2025-09-06,september,Flatbed,2079.3,4066.97,3968.771797957214,4000.0609505527027,3984.416374254958,82.5536257450417
TR-039352,2025-09-06,september,Reefer,346.3,901.47,910.0430901702686,904.3124122045062,907.1777511873875,5.70775118738743
TR-039353,2025-09-06,september,Flatbed,1449.3,2912.56,2869.2982258689285,2930.742323213803,2900.020274541366,12.539725458634166
TR-039354,2025-09-06,september,Reefer,1125.9,2402.59,2366.07038758836,2353.6690354265866,2359.8697115074733,42.720288492526834
TR-039355,2025-09-06,september,Reefer,70.6,219.83,218.5421283652063,337.6494330279759,278.0957806965911,58.265780696591065
TR-039356,2025-09-06,september,Flatbed,2491.8,5018.5,4836.337643104075,4910.543586709051,4873.4406149065635,145.0593850934365
TR-039357,2025-09-06,september,Dry Van,642.6,1366.89,1375.894177455869,1396.5107063515698,1386.2024419037193,19.31244190371922
TR-039358,2025-09-06,september,Dry Van,972.0,1822.67,1886.3469890603833,1902.199801812513,1894.273395436448,71.60339543644795
TR-039359,2025-09-06,september,Dry Van,460.7,394.42,972.7566353288198,965.6946747987292,969.2256550637745,574.8056550637746
TR-039360,2025-09-06,september,Dry Van,1420.1,2779.53,2781.264778603265,2797.778611912314,2789.5216952577894,9.99169525778916
TR-039361,2025-09-06,september,Reefer,323.4,820.3,825.4871371362595,809.3383071839544,817.412722160107,2.8872778398929313
TR-039362,2025-09-06,september,Dry Van,693.7,1441.33,1400.1347241756664,1394.1498460657028,1397.1422851206846,44.18771487931531
TR-039363,2025-09-06,september,Dry Van,1477.7,11684.7,2839.289838183011,2878.378750172787,2858.834294177899,8825.865705822102
TR-039364,2025-09-06,september,Dry Van,1536.2,3140.85,3112.5341785234236,3038.787033738522,3075.660606130973,65.18939386902684
TR-039365,2025-09-06,september,Flatbed,535.2,1295.72,1267.9402928101965,1247.505487729606,1257.7228902699012,37.99710973009883
TR-039366,2025-09-06,september,Dry Van,940.4,1827.9,1819.0814674948708,1816.6501703359124,1817.8658189153916,10.034181084608463
TR-039367,2025-09-06,september,Reefer,2948.2,5673.91,5589.099318937086,5645.967174137835,5617.53324653746,56.376753462539455
TR-039368,2025-09-06,september,Dry Van,1103.7,9250.6,2100.820115389769,2088.821292333305,2094.820703861537,7155.779296138464
TR-039369,2025-09-06,september,Flatbed,315.2,819.34,812.5429157030717,850.1378638965682,831.34038979982,12.000389799819914
TR-039370,2025-09-06,september,Dry Van,858.8,1700.82,1725.2103376393172,1675.943023243172,1700.5766804412447,0.24331955875527456
TR-039371,2025-09-06,september,Dry Van,1044.1,2067.45,2122.6767441628394,2099.490748810639,2111.083746486739,43.633746486739255
TR-039372,2025-09-06,september,Dry Van,1165.3,2351.81,2386.714097923885,2388.9672244320022,2387.8406611779437,36.030661177943784
TR-039373,2025-09-06,september,Reefer,163.0,422.75,397.1858132968689,483.1813056881399,440.1835594925044,17.4335594925044
TR-039374,2025-09-06,september,Dry Van,664.5,1417.7,1415.3766638375448,1376.8133547282996,1396.095009282922,21.604990717077953
TR-039375,2025-09-06,september,Reefer,1403.9,2924.5,2916.9490790161653,2978.9944275620587,2947.971753289112,23.471753289111803
TR-039376,2025-09-06,september,Flatbed,549.4,1320.2,1297.7316934372595,1280.6560825171016,1289.1938879771806,31.00611202281948
TR-039377,2025-09-06,september,Dry Van,425.7,979.97,988.3870088105299,983.9671984101033,986.1771036103166,6.207103610316608
TR-039378,2025-09-06,september,Reefer,194.1,518.55,514.9968683895956,627.2900495764802,571.1434589830379,52.593458983037976
TR-039379,2025-09-06,september,Dry Van,1117.5,2348.29,2286.148499887449,2258.518520363967,2272.333510125708,75.95648987429195
TR-039380,2025-09-06,september,Dry Van,1077.1,2307.08,2233.5237269804697,2251.9325864194248,2242.7281566999472,64.35184330005268
TR-039381,2025-09-06,september,Dry Van,887.5,1720.0,1705.7347197655442,1748.010618397062,1726.8726690813032,6.872669081303229
TR-039382,2025-09-06,september,Dry Van,1374.1,2573.08,2611.0992194648447,2599.1092227546565,2605.1042211097506,32.02422110975067
TR-039383,2025-09-06,september,Dry Van,180.9,474.06,472.7892335189279,540.4843591273129,506.6367963231204,32.57679632312039
TR-039384,2025-09-06,september,Dry Van,575.6,1251.61,1274.146414647254,1287.011285303664,1280.578849975459,28.96884997545908
TR-039385,2025-09-06,september,Dry Van,377.2,798.99,772.9915032776996,806.941450627543,789.9664769526213,9.023523047378717
TR-039386,2025-09-06,september,Dry Van,670.0,1537.76,1493.2859130861784,1478.2917608454613,1485.7888369658199,51.97116303418011
TR-039387,2025-09-06,september,Reefer,696.8,1718.98,1765.4926013950912,1683.9961408830522,1724.7443711390717,5.764371139071727
TR-039388,2025-09-06,september,Reefer,442.3,1168.83,1155.2019453177152,1177.5917590430263,1166.3968521803708,2.4331478196290846
TR-039389,2025-09-06,september,Dry Van,612.4,1276.72,1287.6126850129976,1278.7242693615417,1283.1684771872697,6.448477187269646
TR-039390,2025-09-06,september,Dry Van,954.9,1934.18,1972.517981011199,1936.6919868169875,1954.6049839140933,20.424983914093218
TR-039391,2025-09-06,september,Reefer,2891.2,5635.6,5494.592724362032,5499.515917334324,5497.054320848178,138.5456791518227
TR-039392,2025-09-06,september,Dry Van,1704.4,3236.78,3235.055984252262,3283.5120510524625,3259.2840176523623,22.50401765236211
TR-039393,2025-09-06,september,Dry Van,1843.4,3619.2,3598.846440941468,3573.4902310336047,3586.168335987536,33.03166401246381
TR-039394,2025-09-06,september,Dry Van,2146.7,3929.2,3918.187766187656,3878.198754174299,3898.1932601809776,31.006739819022187
TR-039395,2025-09-06,september,Dry Van,834.8,1680.95,1722.9417501924763,1676.4934353981682,1699.7175927953222,18.767592795322116
TR-039396,2025-09-06,september,Reefer,1413.1,3259.67,3109.093387546736,3195.445320112337,3152.269353829536,107.40064617046392
TR-039397,2025-09-06,september,Dry Van,605.6,1274.14,1263.3251351785327,1269.6654539280166,1266.4952945532746,7.644705446725538
TR-039398,2025-09-06,september,Flatbed,862.6,2091.65,2152.9541809269094,2060.167059256213,2106.5606200915613,14.910620091561213
TR-039399,2025-09-06,september,Reefer,2114.0,4500.84,4388.974989713559,4454.9470593222495,4421.961024517905,78.87897548209548
TR-039400,2025-09-06,september,Flatbed,1075.7,2187.86,2229.458882112751,2206.64647378473,2218.0526779487404,30.19267794874031
TR-039401,2025-09-06,september,Reefer,916.0,2024.09,2097.7276286713554,2040.9726181897067,2069.3501234305313,45.260123430531394
TR-039402,2025-09-06,september,Flatbed,1102.7,2494.08,2460.5640436303825,2486.2227155281907,2473.3933795792864,20.686620420713552
TR-039403,2025-09-06,september,Dry Van,339.5,823.14,800.1779039038266,793.365844533557,796.7718742186919,26.368125781308095
TR-039404,2025-09-06,september,Dry Van,682.6,1519.16,1493.9076147365495,1478.3053152665443,1486.106465001547,33.05353499845319
TR-039405,2025-09-06,september,Dry Van,526.5,1095.6,1090.6806459002694,1119.4659485208467,1105.073297210558,9.47329721055803
TR-039406,2025-09-06,september,Flatbed,1397.1,2834.89,2729.5587169048254,2819.3876529674617,2774.4731849361433,60.416815063856575
TR-039407,2025-09-06,september,Dry Van,250.1,611.65,601.6493035592597,591.4088336980208,596.5290686286403,15.120931371359688
TR-039408,2025-09-06,september,Dry Van,423.3,904.38,900.4603158926477,900.0367260619507,900.2485209772992,4.131479022700773
TR-039409,2025-09-06,september,Flatbed,888.5,1940.13,1926.8919882496737,1937.7606793566424,1932.326333803158,7.803666196842187
TR-039410,2025-09-06,september,Reefer,557.9,1397.51,1389.4809212213793,1347.4555304915161,1368.4682258564476,29.041774143552402
TR-039411,2025-09-06,september,Reefer,845.3,1946.57,1928.562009791552,1943.7655234401652,1936.1637666158585,10.406233384141387
TR-039412,2025-09-07,september,Reefer,610.3,1472.84,1504.0899281554557,1491.463405278115,1497.7766667167853,24.93666671678534
TR-039413,2025-09-07,september,Flatbed,1065.9,2260.94,2250.7433848049286,2226.750293127257,2238.7468389660926,22.193161033907472
TR-039414,2025-09-07,september,Flatbed,2275.5,4649.91,4435.976654873068,4473.353464724323,4454.665059798695,195.24494020130442
TR-039415,2025-09-07,september,Dry Van,1724.5,3356.25,3336.1311339868835,3289.129590281176,3312.63036213403,43.61963786597016
TR-039416,2025-09-07,september,Flatbed,2037.5,3912.24,3839.5613077440344,3855.537337906522,3847.549322825278,64.69067717472171
TR-039417,2025-09-07,september,Dry Van,1689.8,3145.67,3083.2023387247987,3132.609712605844,3107.906025665321,37.763974334679006
TR-039418,2025-09-07,september,Dry Van,857.4,1711.18,1726.0250068904513,1695.2685858185932,1710.6467963545224,0.5332036454776699
TR-039419,2025-09-07,september,Dry Van,567.3,1275.03,1250.4392643600304,1231.6035340465755,1241.021399203303,34.00860079669701
TR-039420,2025-09-07,september,Dry Van,137.7,346.53,359.21289349162583,313.1333376155394,336.17311555358265,10.356884446417325
TR-039421,2025-09-07,september,Dry Van,805.9,1610.93,1553.5999092444397,1564.0147958639975,1558.8073525542186,52.12264744578147
TR-039422,2025-09-07,september,Dry Van,1016.3,2137.02,2156.413685065487,2114.631121455559,2135.522403260523,1.4975967394771033
TR-039423,2025-09-07,september,Dry Van,954.4,1913.01,1930.5908562237603,1911.1789762648734,1920.8849162443169,7.874916244316864
TR-039424,2025-09-07,september,Dry Van,756.1,1530.06,1512.6680263717944,1537.7466994925462,1525.2073629321703,4.852637067829619
TR-039425,2025-09-07,september,Dry Van,98.1,259.85,246.66174910477076,296.9533278616959,271.8075384832333,11.957538483233293
TR-039426,2025-09-07,september,Reefer,533.7,1239.05,1211.9456578405361,1226.7095496269517,1219.327603733744,19.722396266256055
TR-039427,2025-09-07,september,Reefer,3320.9,6507.07,6154.875006369829,6305.2042384422175,6230.039622406023,277.0303775939765
TR-039428,2025-09-07,september,Dry Van,2269.0,4073.5,4006.344837261527,3901.696855187423,3954.020846224475,119.47915377552499
TR-039429,2025-09-07,september,Reefer,1572.8,3438.62,3242.9313803477467,3403.1073084112513,3323.0193443794988,115.60065562050113
TR-039430,2025-09-07,september,Flatbed,339.0,826.33,820.410640313254,839.3156181273598,829.863129220307,3.5331292203069324
TR-039431,2025-09-07,september,Reefer,1420.6,3170.07,3003.218663784582,3116.1282668810445,3059.673465332813,110.3965346671871
TR-039432,2025-09-07,september,Dry Van,1050.4,2023.51,2044.6193708455594,2044.2570665110577,2044.4382186783087,20.928218678308667
TR-039433,2025-09-07,september,Reefer,954.4,2196.22,2200.8681086544275,2180.819630866986,2190.8438697607066,5.376130239293161
TR-039434,2025-09-07,september,Dry Van,3026.4,5451.7,5268.836378432273,5337.43767029132,5303.137024361797,148.56297563820317
TR-039435,2025-09-07,september,Dry Van,448.9,1009.88,1010.7007058960246,1014.7987215387997,1012.7497137174121,2.8697137174120826
TR-039436,2025-09-07,september,Dry Van,244.7,575.32,567.2115851623819,569.0318925686588,568.1217388655203,7.198261134479708
TR-039437,2025-09-07,september,Dry Van,2177.2,3864.89,3957.1515931689255,3860.8310517570544,3908.99132246299,44.10132246299008
TR-039438,2025-09-07,september,Flatbed,1141.2,2386.99,2430.8111240660014,2401.053387028952,2415.9322555474764,28.942255547476634
TR-039439,2025-09-07,september,Dry Van,1292.0,7773.89,2625.771897498831,2613.2986920402273,2619.535294769529,5154.354705230471
TR-039440,2025-09-07,september,Reefer,1188.6,2518.56,2508.9193972196267,2570.0774963601943,2539.4984467899103,20.93844678991036
TR-039441,2025-09-07,september,Dry Van,769.9,1471.93,1485.4242925453916,1491.7458324541262,1488.5850624997588,16.655062499758742
TR-039442,2025-09-07,september,Dry Van,452.2,1040.31,1046.7690349399452,1038.6984393308733,1042.7337371354092,2.423737135409283
TR-039443,2025-09-07,september,Reefer,2150.6,4546.95,4382.688944837124,4521.3078257982015,4451.998385317663,94.9516146823371
TR-039444,2025-09-07,september,Dry Van,932.9,1865.15,1927.508296155422,1907.172076973127,1917.3401865642745,52.19018656427443
TR-039445,2025-09-07,september,Dry Van,3201.1,5853.34,5760.991636641367,5782.212037256732,5771.60183694905,81.73816305094988
TR-039446,2025-09-07,september,Reefer,1253.2,2738.53,2683.1091487021067,2679.7113733404703,2681.4102610212885,57.119738978711666
TR-039447,2025-09-07,september,Dry Van,1239.9,2411.71,2444.003276665016,2411.3114927098563,2427.657384687436,15.94738468743617
TR-039448,2025-09-07,september,Dry Van,635.3,1384.37,1354.4288618845421,1329.4062531468076,1341.9175575156748,42.45244248432505
TR-039449,2025-09-07,september,Reefer,791.5,1714.74,1703.1953049662798,1652.7715049576516,1677.9834049619658,36.75659503803422
TR-039450,2025-09-07,september,Dry Van,547.2,1172.76,1184.8296732539907,1208.7602761012258,1196.7949746776083,24.03497467760826
TR-039451,2025-09-07,september,Flatbed,331.1,829.69,804.9230441749175,820.1511109070632,812.5370775409904,17.152922459009687
TR-039452,2025-09-07,september,Flatbed,1045.0,2345.65,2324.968734637404,2299.722769612748,2312.3457521250757,33.304247874924386
TR-039453,2025-09-07,september,Reefer,2325.3,4680.61,4528.5725503848935,4572.318997464735,4550.445773924814,130.16422607518598
TR-039454,2025-09-07,september,Dry Van,604.3,1312.28,1295.7873016204346,1280.317530026883,1288.052415823659,24.227584176340997
TR-039455,2025-09-07,september,Reefer,1707.6,3535.13,3388.757472860508,3512.6939159898207,3450.7256944251644,84.40430557483569
TR-039456,2025-09-07,september,Reefer,938.1,2159.99,2187.7287020376316,2164.1807958756594,2175.9547489566457,15.964748956645963
TR-039457,2025-09-07,september,Dry Van,444.4,1007.21,989.0058387413358,989.847149274513,989.4264940079244,17.783505992075675
TR-039458,2025-09-07,september,Reefer,2933.7,5895.32,5684.664980014379,5886.3054844303915,5785.485232222385,109.83476777761462
TR-039459,2025-09-07,september,Dry Van,653.9,1375.54,1321.8206787861989,1328.1765855783453,1324.998632182272,50.54136781772786
TR-039460,2025-09-07,september,Dry Van,2217.9,10528.39,4127.206483186426,4041.6419707710684,4084.4242269787474,6443.965773021252
TR-039461,2025-09-07,september,Dry Van,731.7,1606.52,1587.6012502919245,1589.6368878102862,1588.6190690511053,17.90093094889471
TR-039462,2025-09-07,september,Dry Van,1091.1,2156.76,2294.8815855784433,2202.8780369565434,2248.879811267493,92.11981126749288
TR-039463,2025-09-07,september,Flatbed,755.4,1607.8,1592.6763298623844,1533.7400357776787,1563.2081828200317,44.5918171799683
TR-039464,2025-09-07,september,Dry Van,399.3,879.23,881.9561050719179,878.6368231716554,880.2964641217866,1.0664641217865665
TR-039465,2025-09-07,september,Flatbed,1903.0,3696.98,3783.45014403879,3777.693826866856,3780.571985452823,83.59198545282288
TR-039466,2025-09-07,september,Dry Van,604.0,1221.65,1201.2969439477988,1195.0985632307709,1198.1977535892847,23.45224641071536
TR-039467,2025-09-07,september,Dry Van,840.3,1670.68,1666.6144254166732,1684.0708331241208,1675.342629270397,4.662629270397019
TR-039468,2025-09-07,september,Reefer,1020.3,2493.04,2432.0158926641834,2426.591079007663,2429.3034858359233,63.73651416407665
TR-039469,2025-09-07,september,Dry Van,433.2,1001.46,987.7352653832844,966.0740935187753,976.9046794510298,24.555320548970258
TR-039470,2025-09-07,september,Flatbed,1362.6,2768.33,2762.2724648129984,2750.7480981244976,2756.510281468748,11.819718531251965
TR-039471,2025-09-07,september,Dry Van,2062.1,3948.28,3975.4955072473063,3857.8506327588743,3916.6730700030903,31.606929996909912
TR-039472,2025-09-07,september,Dry Van,364.8,799.58,818.8981286687261,824.2994064756217,821.598767572174,22.018767572173942
TR-039473,2025-09-07,september,Flatbed,2039.8,4030.59,3993.4784923664074,3967.542235012197,3980.5103636893023,50.07963631069788
TR-039474,2025-09-07,september,Dry Van,547.9,1098.18,1118.7309821667282,1096.8408060632757,1107.785894115002,9.605894115002002
TR-039475,2025-09-07,september,Reefer,437.9,1158.69,1142.2029867958058,1155.576282569561,1148.8896346826834,9.800365317316619
TR-039476,2025-09-07,september,Dry Van,1785.4,3359.77,3409.6348024936237,3399.422574509422,3404.528688501523,44.75868850152301
TR-039477,2025-09-07,september,Flatbed,776.7,1643.12,1613.6088581429262,1594.4668023640086,1604.0378302534673,39.0821697465326
TR-039478,2025-09-07,september,Reefer,1661.2,3729.06,3557.555561779677,3602.618244385907,3580.086903082792,148.97309691720784
TR-039479,2025-09-07,september,Dry Van,1970.7,3395.52,3320.1341082727245,3446.818436806234,3383.4762725394794,12.043727460520586
TR-039480,2025-09-07,september,Reefer,829.7,8354.94,1827.5771058372554,1829.643014669416,1828.6100602533356,6526.329939746665
TR-039481,2025-09-07,september,Reefer,414.2,1166.12,1122.4516886299805,1108.536453006363,1115.4940708181716,50.62592918182827
TR-039482,2025-09-07,september,Dry Van,1657.2,3297.59,3189.2892364337963,3202.7151345187376,3196.002185476267,101.58781452373296
TR-039483,2025-09-07,september,Flatbed,524.8,1215.34,1218.876793988955,1206.2392568302982,1212.5580254096267,2.7819745903732382
TR-039484,2025-09-07,september,Dry Van,2501.0,4191.0,4269.510112837434,4161.9527964481185,4215.731454642776,24.731454642776043
TR-039485,2025-09-07,september,Dry Van,609.7,1413.69,1354.5513089248163,1334.5360262955874,1344.5436676102017,69.14633238979832
TR-039486,2025-09-07,september,Dry Van,993.6,2152.77,2110.3316462484904,2056.005042380504,2083.1683443144975,69.60165568550246
TR-039487,2025-09-07,september,Reefer,105.5,343.33,324.96582942008473,532.9204304716407,428.94312994586267,85.61312994586268
TR-039488,2025-09-07,september,Reefer,320.9,820.83,807.1256313736354,813.8731148666984,810.4993731201669,10.330626879833176
TR-039489,2025-09-07,september,Reefer,1246.6,2721.38,2593.012959490463,2551.010827087733,2572.011893289098,149.36810671090188
TR-039490,2025-09-07,september,Dry Van,394.3,858.77,860.3798377572977,869.6123087772239,864.9960732672607,6.226073267260745
TR-039491,2025-09-07,september,Flatbed,3193.0,6095.83,5806.224394601618,6044.508701557334,5925.366548079475,170.46345192052468
TR-039492,2025-09-07,september,Dry Van,1177.4,2285.94,2271.2974219564926,2263.2257245988317,2267.261573277662,18.678426722337917
TR-039493,2025-09-07,september,Reefer,439.0,1089.0,1069.9190749501709,1131.2872866545406,1100.6031808023558,11.603180802355837
TR-039494,2025-09-07,september,Dry Van,602.2,1203.48,1186.4180854892425,1223.9187226412441,1205.1684040652433,1.688404065243276
TR-039495,2025-09-07,september,Dry Van,433.9,921.46,917.9877328583234,934.1654502334609,926.0765915458921,4.616591545892106
TR-039496,2025-09-07,september,Flatbed,2357.4,4839.21,4616.052134530102,4674.47447017692,4645.263302353511,193.94669764648916
TR-039497,2025-09-07,september,Dry Van,2790.4,5064.37,4998.385840810336,4981.86149526786,4990.1236680390975,74.24633196090235
TR-039498,2025-09-07,september,Reefer,1223.8,2760.21,2716.145406219583,2722.932077792989,2719.538742006286,40.67125799371388
TR-039499,2025-09-07,september,Reefer,1972.6,4159.52,4079.4074784086692,4192.984990955443,4136.1962346820565,23.32376531794398
TR-039500,2025-09-07,september,Dry Van,742.3,1480.7,1477.3682031790772,1466.2549566722364,1471.8115799256568,8.88842007434323
TR-039501,2025-09-07,september,Reefer,1634.4,3547.97,3375.828805988509,3406.13367798547,3390.9812419869895,156.98875801301028
TR-039502,2025-09-07,september,Dry Van,2411.1,4401.81,4415.953242067978,4386.162814222895,4401.058028145437,0.7519718545636351
TR-039503,2025-09-07,september,Dry Van,1976.4,3708.8,3762.5790309112253,3742.3887469863325,3752.483888948779,43.683888948778986
TR-039504,2025-09-07,september,Dry Van,1098.1,2099.69,2123.126849644787,2110.515989555648,2116.8214196002173,17.131419600217214
TR-039505,2025-09-07,september,Dry Van,1335.3,2482.71,2478.4062748408546,2473.6757366846514,2476.0410057627532,6.668994237246807
TR-039506,2025-09-07,september,Dry Van,1696.3,3321.61,3253.0779330358546,3240.3341344486066,3246.706033742231,74.9039662577693
TR-039507,2025-09-07,september,Dry Van,1052.7,2144.55,2214.3036121239857,2185.15388280593,2199.728747464958,55.17874746495772
TR-039508,2025-09-07,september,Reefer,826.8,1894.1,1931.766946995317,1902.2457462108148,1917.006346603066,22.90634660306614
TR-039509,2025-09-07,september,Reefer,755.5,1717.44,1760.9199284612262,1751.267497020625,1756.0937127409256,38.653712740925585
TR-039510,2025-09-07,september,Dry Van,565.1,1262.04,1274.918527789212,1291.519710150384,1283.219118969798,21.179118969798083
TR-039511,2025-09-07,september,Reefer,770.7,1674.09,1699.8008949008934,1665.943908293929,1682.8724015974112,8.782401597411308
TR-039512,2025-09-07,september,Reefer,1910.9,4191.96,4072.91244184407,4133.885256159609,4103.398849001839,88.56115099816088
TR-039513,2025-09-07,september,Reefer,1111.9,2461.67,2417.1290338192,2397.16400153941,2407.146517679305,54.523482320695166
TR-039514,2025-09-07,september,Flatbed,593.2,3509.58,1363.4918258059151,1344.5929809011955,1354.0424033535553,2155.5375966464444
TR-039515,2025-09-07,september,Reefer,866.1,2129.99,2168.7195071069095,2136.2886357959615,2152.5040714514353,22.514071451435484
TR-039516,2025-09-07,september,Dry Van,1356.7,2738.76,2762.53825651739,2677.896171428214,2720.217213972802,18.542786027198417
TR-039517,2025-09-07,september,Dry Van,640.2,1305.73,1283.3712935778515,1279.4378816468789,1281.404587612365,24.32541238763497
TR-039518,2025-09-07,september,Dry Van,197.1,491.43,476.6410609277049,468.3789511744362,472.5100060510706,18.919993948929402
TR-039519,2025-09-07,september,Reefer,337.4,869.11,854.0896073690711,842.2359258913746,848.1627666302229,20.94723336977711
TR-039520,2025-09-07,september,Reefer,735.2,1721.63,1694.7049776366396,1702.412897217754,1698.5589374271967,23.071062572803385
TR-039521,2025-09-07,september,Reefer,1869.6,3966.54,3810.491455853039,3939.8191453030468,3875.155300578043,91.38469942195707
TR-039522,2025-09-07,september,Flatbed,512.5,1171.48,1151.3755429443354,1157.0754227339444,1154.2254828391399,17.254517160860132
TR-039523,2025-09-07,september,Flatbed,811.7,1922.81,1897.1150458570028,1850.710277635673,1873.912661746338,48.89733825366193
TR-039524,2025-09-07,september,Dry Van,1286.1,2341.29,2369.1046297829134,2399.8609430304587,2384.482786406686,43.19278640668608
TR-039525,2025-09-07,september,Reefer,1270.0,2751.76,2660.8670726380747,2639.662058004692,2650.264565321383,101.49543467861713
TR-039526,2025-09-07,september,Reefer,1987.0,4251.85,4094.079720918787,4182.225271658892,4138.15249628884,113.6975037111606
TR-039527,2025-09-07,september,Reefer,2008.8,4103.62,4001.993904468389,4027.508376386429,4014.751140427409,88.86885957259074
TR-039528,2025-09-07,september,Dry Van,129.8,352.04,352.6598558129084,413.3283592143655,382.99410751363695,30.954107513636927
TR-039529,2025-09-07,september,Reefer,2283.1,4337.4,4345.3968404816,4392.955398751696,4369.176119616648,31.77611961664843
TR-039530,2025-09-07,september,Dry Van,602.4,1205.49,1214.8606077644026,1216.0761855673315,1215.4683966658672,9.978396665867194
TR-039531,2025-09-07,september,Flatbed,882.6,2005.36,2041.6032850089623,2011.6046012169813,2026.6039431129718,21.24394311297192
TR-039532,2025-09-07,september,Dry Van,848.0,1652.64,1642.0085422350178,1672.1261143001343,1657.0673282675762,4.427328267576058
TR-039533,2025-09-07,september,Dry Van,1812.4,3379.91,3349.2284379744815,3374.7255480657523,3361.976993020117,17.933006979882975
TR-039534,2025-09-07,september,Reefer,1772.8,3821.57,3574.3678207602043,3694.2425331477434,3634.305176953974,187.26482304602632
TR-039535,2025-09-07,september,Flatbed,659.4,1529.04,1507.9258540578815,1490.0359174036741,1498.9808857307778,30.059114269222164
TR-039536,2025-09-07,september,Dry Van,845.1,1693.03,1703.4555710978705,1710.1308458469662,1706.7932084724184,13.763208472418455
TR-039537,2025-09-07,september,Dry Van,2004.0,3646.69,3671.547703332896,3606.924765853124,3639.23623459301,7.453765406989987
TR-039538,2025-09-07,september,Dry Van,2746.4,4841.75,4769.090364929672,4801.915042715749,4785.502703822711,56.24729617728917
TR-039539,2025-09-07,september,Flatbed,463.0,1130.84,1107.5936790615535,1111.0511214764579,1109.3224002690058,21.517599730994107
TR-039540,2025-09-07,september,Reefer,982.4,2359.22,2332.1494665905943,2323.9557052318482,2328.0525859112213,31.167414088778514
TR-039541,2025-09-07,september,Dry Van,1001.5,2047.67,2071.877958166917,2023.3637656458463,2047.6208619063816,0.04913809361846688
TR-039542,2025-09-07,september,Dry Van,475.3,1014.08,996.2977765545118,1008.8159257211859,1002.5568511378488,11.523148862151288
TR-039543,2025-09-07,september,Flatbed,2356.2,4740.83,4545.485710439047,4595.901758552562,4570.693734495804,170.13626550419576
TR-039544,2025-09-07,september,Flatbed,1154.5,2396.78,2394.720763812668,2350.006503363571,2372.3636335881192,24.416366411880972
TR-039545,2025-09-07,september,Dry Van,287.1,646.25,645.0029958232889,668.0236227980686,656.5133093106788,10.263309310678778
TR-039546,2025-09-07,september,Flatbed,1787.5,1477.09,3651.609803378228,3725.184571680671,3688.3971875294496,2211.30718752945
TR-039547,2025-09-07,september,Dry Van,435.2,971.37,969.8967046826563,969.8976930560284,969.8971988693423,1.4728011306576718
TR-039548,2025-09-07,september,Reefer,491.9,1157.04,1148.396070667755,1129.6584052597123,1139.0272379637336,18.012762036266395
TR-039549,2025-09-07,september,Reefer,820.1,2065.89,2150.8239932460924,2100.94231004872,2125.8831516474065,59.99315164740665
TR-039550,2025-09-07,september,Dry Van,1906.2,3716.51,3595.1265699692703,3692.591697075707,3643.8591335224887,72.6508664775115
TR-039551,2025-09-07,september,Dry Van,1518.5,2890.69,2877.645977646706,2931.2704650106243,2904.458221328665,13.768221328664822
TR-039552,2025-09-07,september,Dry Van,504.8,1114.15,1096.6057068616185,1122.0656150324176,1109.335660947018,4.814339052982177
TR-039553,2025-09-07,september,Reefer,584.7,1465.64,1435.2864142271585,1379.0119846714206,1407.1491994492894,58.490800550710674
TR-039554,2025-09-07,september,Dry Van,1192.8,2266.5,2192.0469915229437,2244.9930942393366,2218.5200428811404,47.9799571188596
TR-039555,2025-09-07,september,Flatbed,650.4,1482.34,1511.6522158195098,1505.8920304194398,1508.7721231194748,26.43212311947491
TR-039556,2025-09-07,september,Flatbed,564.0,1209.0,1185.4566595986696,1213.6617653804803,1199.559212489575,9.440787510425025
TR-039557,2025-09-07,september,Dry Van,1950.4,3641.16,3702.7679103058913,3532.6013881561166,3617.684649231004,23.475350768995668
TR-039558,2025-09-07,september,Flatbed,171.0,499.9,476.0245074866454,552.0088688809192,514.0166881837823,14.116688183782344
TR-039559,2025-09-07,september,Dry Van,346.4,198.16,818.6548469883915,837.1555920226474,827.9052195055194,629.7452195055195
TR-039560,2025-09-07,september,Flatbed,460.9,1136.33,1128.4010839436885,1105.3217188918106,1116.8614014177497,19.46859858225025
TR-039561,2025-09-07,september,Flatbed,502.3,1211.34,1177.7077363741428,1183.697257583324,1180.7024969787335,30.63750302126641
TR-039562,2025-09-07,september,Dry Van,2311.2,4067.4,4138.334998142744,4102.505327959589,4120.420163051166,53.02016305116604
TR-039563,2025-09-07,september,Dry Van,641.7,1334.81,1341.6375075715519,1357.4331588621158,1349.5353332168338,14.72533321683386
TR-039564,2025-09-07,september,Flatbed,1156.2,2365.18,2358.1162551931848,2301.373413041731,2329.7448341174577,35.43516588254215
TR-039565,2025-09-07,september,Flatbed,264.9,664.79,657.111837825083,659.7535842866566,658.4327110558697,6.357288944130232
TR-039566,2025-09-07,september,Dry Van,1808.8,3399.59,3433.16295462915,3523.038069520395,3478.1005120747723,78.51051207477212
TR-039567,2025-09-07,september,Dry Van,405.6,905.5,877.2016234151912,858.5886087370366,867.8951160761139,37.604883923886064
TR-039568,2025-09-07,september,Reefer,955.8,2122.6,2136.616836470494,2143.3382887114044,2139.977562590949,17.37756259094931
TR-039569,2025-09-07,september,Dry Van,2182.4,3813.01,3944.868717880878,3856.016510512608,3900.4426141967433,87.43261419674309
TR-039570,2025-09-07,september,Dry Van,1706.5,3183.5,3080.999550600319,3187.2219914466723,3134.1107710234955,49.389228976504455
TR-039571,2025-09-07,september,Dry Van,1134.7,2124.08,2118.9906752617635,2124.8732336455314,2121.9319544536474,2.1480455463524777
TR-039572,2025-09-08,september,Flatbed,552.4,1258.26,1240.7678594971546,1272.9224776739893,1256.845168585572,1.4148314144279084
TR-039573,2025-09-08,september,Dry Van,910.7,1832.43,1774.3098945997683,1777.8218791026945,1776.0658868512314,56.36411314876864
TR-039574,2025-09-08,september,Dry Van,1311.4,2684.71,2698.34060565141,2672.8247095707375,2685.582657611074,0.8726576110739188
TR-039575,2025-09-08,september,Dry Van,951.0,1779.91,1776.7233408449401,1780.4261316683169,1778.5747362566285,1.33526374337157
TR-039576,2025-09-08,september,Dry Van,904.2,1643.21,1624.089388573137,1696.7523441779397,1660.4208663755385,17.210866375538444
TR-039577,2025-09-08,september,Dry Van,608.0,1308.17,1303.9079305722491,1284.9474248664628,1294.4276777193559,13.742322280644203
TR-039578,2025-09-08,september,Dry Van,877.3,1834.7,1836.4015370844597,1795.3368157935781,1815.869176439019,18.830823560981116
TR-039579,2025-09-08,september,Dry Van,488.8,1106.89,1085.8469810247232,1061.8650866757616,1073.8560338502425,33.03396614975759
TR-039580,2025-09-08,september,Dry Van,2429.3,4308.44,4378.773858002588,4289.635476165058,4334.204667083823,25.764667083823042
TR-039581,2025-09-08,september,Dry Van,785.0,1659.41,1626.867234848298,1588.10623586025,1607.486735354274,51.92326464572602
TR-039582,2025-09-08,september,Dry Van,453.1,1010.14,1005.6318187989084,988.5702286483561,997.1010237236322,13.038976276367748
TR-039583,2025-09-08,september,Reefer,842.0,2052.54,2156.1589661061703,2088.132896567635,2122.1459313369023,69.60593133690236
TR-039584,2025-09-08,september,Flatbed,249.4,664.46,655.739995356439,664.7811689401128,660.260582148276,4.1994178517240925
TR-039585,2025-09-08,september,Flatbed,2202.4,4409.01,4283.4816644653365,4329.114744063835,4306.298204264585,102.71179573541485
TR-039586,2025-09-08,september,Reefer,481.9,1144.42,1122.608609790981,1127.7074777007379,1125.1580437458595,19.261956254140614
TR-039587,2025-09-08,september,Reefer,886.7,2062.26,2134.5584082813493,2047.7048484807538,2091.1316283810515,28.871628381051323
TR-039588,2025-09-08,september,Reefer,1253.4,2791.08,2860.493464871409,2869.147185816238,2864.8203253438232,73.74032534382332
TR-039589,2025-09-08,september,Dry Van,650.0,1374.41,1378.609182232106,1375.3041614775784,1376.9566718548422,2.5466718548420886
TR-039590,2025-09-08,september,Reefer,1780.1,3729.88,3590.5903829045633,3783.002008152184,3686.7961955283736,43.083804471626536
TR-039591,2025-09-08,september,Dry Van,759.6,1611.62,1585.7441261594197,1579.9167637812695,1582.8304449703446,28.789555029655276
TR-039592,2025-09-08,september,Dry Van,2823.6,4852.21,4838.428848392115,4907.329257025967,4872.8790527090405,20.669052709040443
TR-039593,2025-09-08,september,Dry Van,908.2,1714.23,1698.4943590131477,1669.9175309495445,1684.205944981346,30.024055018654053
TR-039594,2025-09-08,september,Dry Van,1004.1,1990.99,2040.4000720302656,2009.9834346878756,2025.1917533590706,34.20175335907061
TR-039595,2025-09-08,september,Dry Van,846.5,1764.95,1747.7507888312089,1769.2375959684246,1758.4941923998167,6.455807600183334
TR-039596,2025-09-08,september,Dry Van,678.8,1322.52,1321.267429466804,1331.0997521549507,1326.1835908108774,3.6635908108773947
TR-039597,2025-09-08,september,Dry Van,2151.2,4247.79,4144.592395985688,4077.2697203009166,4110.931058143302,136.85894185669804
TR-039598,2025-09-08,september,Dry Van,592.0,1340.5,1354.4858104018883,1300.443955519063,1327.4648829604757,13.035117039524266
TR-039599,2025-09-08,september,Reefer,2775.9,5620.89,5503.43726558297,5531.992815899539,5517.715040741255,103.17495925874573
TR-039600,2025-09-08,september,Dry Van,867.0,1717.38,1722.9323534195025,1717.4142684533144,1720.1733109364086,2.7933109364084885
TR-039601,2025-09-08,september,Flatbed,1537.8,3365.65,3163.0394502384934,3327.291240858306,3245.1653455483997,120.48465445160036
TR-039602,2025-09-08,september,Dry Van,224.7,556.94,551.0852462372941,556.8154515264155,553.9503488818548,2.989651118145275
TR-039603,2025-09-08,september,Dry Van,497.8,1058.37,1045.158951152957,1063.5000809808369,1054.3295160668968,4.040483933103133
TR-039604,2025-09-08,september,Flatbed,1911.7,3903.03,3829.432935141767,3944.0926822545384,3886.7628086981526,16.26719130184756
TR-039605,2025-09-08,september,Reefer,935.5,2014.63,2025.7834781340855,2042.0714664001046,2033.927472267095,19.297472267094918
TR-039606,2025-09-08,september,Flatbed,883.1,1999.43,1983.3216404433213,2010.26054095391,1996.7910906986158,2.638909301384274
TR-039607,2025-09-08,september,Reefer,750.9,1801.21,1841.0475763392658,1783.4487796256049,1812.2481779824352,11.038177982435172
TR-039608,2025-09-08,september,Reefer,2168.3,4431.09,4277.524418238032,4313.586497174127,4295.555457706079,135.53454229392082
TR-039609,2025-09-08,september,Dry Van,2032.1,3905.77,3930.9189485644333,3834.0769730539905,3882.4979608092117,23.27203919078829
TR-039610,2025-09-08,september,Dry Van,335.5,809.6,793.1697519574116,819.3804429158517,806.2750974366317,3.3249025633683686
TR-039611,2025-09-08,september,Dry Van,924.9,1872.88,1929.423068160887,1919.2047701014772,1924.313919131182,51.43391913118194
TR-039612,2025-09-08,september,Dry Van,289.2,2021.98,720.1138827257258,702.4445389814848,711.2792108536053,1310.7007891463948
TR-039613,2025-09-08,september,Dry Van,2785.9,4791.87,4708.4117250923755,4795.622329902202,4752.017027497289,39.852972502711054
TR-039614,2025-09-08,september,Reefer,2030.6,4200.31,4134.487614717334,4174.893785898445,4154.690700307889,45.61929969211178
TR-039615,2025-09-08,september,Dry Van,821.4,1667.08,1652.248755485138,1652.123214971658,1652.1859852283978,14.894014771602087
TR-039616,2025-09-08,september,Reefer,1366.2,2948.72,2901.222309016603,2899.663544033631,2900.442926525117,48.277073474882854
TR-039617,2025-09-08,september,Dry Van,963.1,2027.06,2027.7826064752971,1958.7192444590082,1993.2509254671527,33.80907453284726
TR-039618,2025-09-08,september,Flatbed,992.9,2292.08,2232.155116854801,2215.9044218555837,2224.029769355192,68.05023064480793
TR-039619,2025-09-08,september,Flatbed,607.4,1387.72,1348.687681522597,1357.7650669868574,1353.226374254727,34.49362574527299
TR-039620,2025-09-08,september,Reefer,742.8,1751.27,1763.520770540062,1700.0315281998498,1731.7761493699559,19.493850630044108
TR-039621,2025-09-08,september,Reefer,1272.8,2850.46,2736.5832171650827,2763.801344769569,2750.192280967326,100.267719032674
TR-039622,2025-09-08,september,Dry Van,223.9,573.2,554.5799669155917,552.6701284421176,553.6250476788547,19.57495232114536
TR-039623,2025-09-08,september,Dry Van,662.5,1357.84,1358.5578872476658,1334.9001672338336,1346.7290272407497,11.110972759250217
TR-039624,2025-09-08,september,Reefer,1160.6,2689.88,2595.7908696094755,2597.88961511682,2596.840242363148,93.0397576368523
TR-039625,2025-09-08,september,Dry Van,1476.1,2836.8,2850.5415650442137,2831.5870113012675,2841.064288172741,4.264288172740635
TR-039626,2025-09-08,september,Reefer,814.9,1854.62,1909.3184986094996,1845.2448804183189,1877.2816895139092,22.661689513909323
TR-039627,2025-09-08,september,Flatbed,1051.0,2213.5,2300.6139719083753,2258.2098895509425,2279.4119307296587,65.9119307296587
TR-039628,2025-09-08,september,Dry Van,1419.1,2589.09,2754.775886674371,2692.0254823747246,2723.4006845245476,134.31068452454747
TR-039629,2025-09-08,september,Reefer,888.6,1942.25,1975.6570802462943,1962.706107296615,1969.1815937714546,26.931593771454573
TR-039630,2025-09-08,september,Flatbed,1672.3,3568.34,3428.317436569864,3546.068525167603,3487.1929808687337,81.14701913126646
TR-039631,2025-09-08,september,Dry Van,342.2,767.26,743.6830942334744,748.0371498242528,745.8601220288635,21.399877971136448
TR-039632,2025-09-08,september,Dry Van,728.6,1623.8,1590.8905621463243,1612.5429106606603,1601.7167364034922,22.083263596507777
TR-039633,2025-09-08,september,Flatbed,1308.4,2904.7,2865.0455223034273,2885.0203917958165,2875.032957049622,29.66704295037789
TR-039634,2025-09-08,september,Reefer,521.6,1282.29,1293.140968637351,1272.7534857902644,1282.9472272138078,0.6572272138078006
TR-039635,2025-09-08,september,Dry Van,853.6,1670.61,1640.6389875131417,1681.6859372108568,1661.1624623619991,9.447537638000767
TR-039636,2025-09-08,september,Dry Van,1208.5,2446.14,2457.720422240299,2419.4076604424345,2438.5640413413666,7.575958658633226
TR-039637,2025-09-08,september,Dry Van,2332.5,3952.07,4026.183530750429,3968.935642779413,3997.559586764921,45.48958676492066
TR-039638,2025-09-08,september,Flatbed,789.9,1746.0,1724.5868419608562,1739.0624050976148,1731.8246235292354,14.175376470764604
TR-039639,2025-09-08,september,Reefer,1335.3,2833.34,2705.811463664176,2688.6923442440448,2697.2519039541103,136.08809604588987
TR-039640,2025-09-08,september,Dry Van,1023.1,1984.86,2021.4673166508874,1998.4042577819223,2009.9357872164048,25.075787216404933
TR-039641,2025-09-08,september,Flatbed,1990.6,3964.88,3978.7089658019786,4057.7022725354855,4018.205619168732,53.32561916873192
TR-039642,2025-09-08,september,Dry Van,380.1,896.28,871.2115410417011,884.3376720968749,877.774606569288,18.505393430711933
TR-039643,2025-09-08,september,Reefer,2139.6,4288.2,4233.183416724218,4244.479706413513,4238.831561568865,49.368438431134564
TR-039644,2025-09-08,september,Reefer,402.1,1008.41,996.3048866587741,1004.9343695174066,1000.6196280880904,7.790371911909574
TR-039645,2025-09-08,september,Flatbed,2039.6,3975.86,3879.5165536255226,3865.5235644704962,3872.5200590480094,103.33994095199068
TR-039646,2025-09-08,september,Dry Van,3152.6,5396.01,5405.129659246177,5382.565483497231,5393.847571371703,2.162428628296766
TR-039647,2025-09-08,september,Dry Van,2786.7,5007.64,4830.48018072809,4854.238473209109,4842.359326968599,165.28067303140142
TR-039648,2025-09-08,september,Dry Van,1386.9,2653.14,2658.463976275112,2678.572281345488,2668.5181288103004,15.378128810300495
TR-039649,2025-09-08,september,Reefer,1115.0,2458.79,2600.798219074162,2622.0533441328853,2611.4257816035233,152.63578160352336
TR-039650,2025-09-08,september,Reefer,197.1,579.86,570.3326373368161,692.3503926201149,631.3415149784655,51.4815149784655
TR-039651,2025-09-08,september,Dry Van,1627.4,3207.95,3144.3989162520015,3108.502084161337,3126.450500206669,81.49949979333087
TR-039652,2025-09-08,september,Flatbed,439.1,1140.47,1106.8190715936273,1114.93411508883,1110.8765933412287,29.5934066587713
TR-039653,2025-09-08,september,Dry Van,443.0,936.17,927.9019793867401,947.6506868493002,937.7763331180201,1.6063331180201885
TR-039654,2025-09-08,september,Flatbed,1699.3,3444.93,3232.2326265853726,3323.2946249546194,3277.763625769996,167.16637423000384
TR-039655,2025-09-08,september,Dry Van,369.7,846.27,847.9065490035431,843.870778332828,845.8886636681855,0.3813363318145093
TR-039656,2025-09-08,september,Dry Van,1939.9,1039.33,3460.4650885973397,3439.6447061538447,3450.054897375592,2410.7248973755923
TR-039657,2025-09-08,september,Reefer,1430.4,3077.83,3015.8157162661855,3130.6350710268316,3073.2253936465086,4.604606353491363
TR-039658,2025-09-08,september,Dry Van,668.5,1366.54,1365.4431477953142,1351.2512107456832,1358.3471792704986,8.192820729501364
TR-039659,2025-09-08,september,Dry Van,682.2,1341.67,1344.2132076280093,1321.9846992405726,1333.098953434291,8.571046565709139
TR-039660,2025-09-08,september,Dry Van,339.4,819.55,818.3415762531183,824.2511886657462,821.2963824594323,1.7463824594323114
TR-039661,2025-09-08,september,Dry Van,322.5,801.7,776.1712293999693,808.5660595441375,792.3686444720533,9.331355527946698
TR-039662,2025-09-08,september,Dry Van,764.3,1574.89,1581.7218208277257,1577.7251577706193,1579.7234892991723,4.833489299172243
TR-039663,2025-09-08,september,Reefer,679.0,1580.81,1563.9527012044016,1576.9733018469833,1570.4630015256926,10.346998474307384
TR-039664,2025-09-08,september,Dry Van,370.6,895.55,872.4150092643705,879.1949005351662,875.8049548997683,19.745045100231664
TR-039665,2025-09-08,september,Flatbed,325.2,810.22,787.5324265714021,804.9224719370422,796.2274492542222,13.992550745777862
TR-039666,2025-09-08,september,Dry Van,2983.9,5216.82,5141.670202549107,5267.804596597313,5204.7373995732105,12.082600426789213
TR-039667,2025-09-08,september,Dry Van,1871.8,3482.9,3480.507369612074,3451.993740945505,3466.2505552787898,16.64944472121033
TR-039668,2025-09-08,september,Dry Van,1203.7,2322.91,2317.2484768501185,2266.988852925674,2292.1186648878966,30.791335112103297
TR-039669,2025-09-08,september,Flatbed,1695.3,3360.0,3277.656860360497,3363.6507482282527,3320.653804294375,39.34619570562518
TR-039670,2025-09-08,september,Reefer,195.1,599.52,559.8256115566446,726.4883593937132,643.1569854751789,43.6369854751789
TR-039671,2025-09-08,september,Flatbed,1217.6,2524.95,2428.462492020354,2387.143255776959,2407.802873898657,117.14712610134302
TR-039672,2025-09-08,september,Dry Van,411.6,996.28,984.3845434812084,991.6742458183762,988.0293946497923,8.250605350207707
TR-039673,2025-09-08,september,Reefer,1169.2,2615.19,2601.585027896718,2619.610959798625,2610.5979938476717,4.592006152328395
TR-039674,2025-09-08,september,Dry Van,2707.8,4876.72,4806.2934847465285,4796.959379327305,4801.626432036917,75.09356796308293
TR-039675,2025-09-08,september,Reefer,448.4,1123.76,1137.358283440208,1120.3071168568672,1128.8327001485377,5.072700148537706
TR-039676,2025-09-08,september,Reefer,1054.5,2486.05,2498.1107909832212,2490.1286540130322,2494.119722498127,8.069722498126794
TR-039677,2025-09-08,september,Flatbed,848.9,758.12,1886.9329127245446,1893.3811744946597,1890.1570436096022,1132.0370436096023
TR-039678,2025-09-08,september,Flatbed,146.5,402.44,399.94183989743203,404.64623384082097,402.2940368691265,0.145963130873497
TR-039679,2025-09-08,september,Dry Van,1467.6,2950.34,2854.8086606281786,2842.1557959110955,2848.482228269637,101.85777173036331
TR-039680,2025-09-08,september,Reefer,180.1,514.24,510.2453706827762,750.6665953008685,630.4559829918223,116.21598299182233
TR-039681,2025-09-08,september,Flatbed,122.1,381.97,362.74421847629964,427.6098918549644,395.17705516563205,13.207055165632028
TR-039682,2025-09-08,september,Dry Van,474.8,997.23,989.969467243366,1011.1713302450262,1000.5703987441962,3.3403987441961362
TR-039683,2025-09-08,september,Dry Van,1226.3,2412.98,2467.7165539440343,2450.6601864678996,2459.1883702059667,46.20837020596673
TR-039684,2025-09-08,september,Reefer,313.3,833.53,835.4972321751094,897.7047585399694,866.6009953575394,33.07099535753946
TR-039685,2025-09-08,september,Dry Van,840.6,1871.96,1868.0739474316845,1837.5257194035883,1852.7998334176364,19.160166582363672
TR-039686,2025-09-08,september,Dry Van,467.3,1062.85,1060.296290956622,1052.3168434152185,1056.3065671859204,6.5434328140795515
TR-039687,2025-09-08,september,Reefer,2103.7,4653.73,4409.885007550206,4472.260805293852,4441.072906422029,212.65709357797095
TR-039688,2025-09-08,september,Flatbed,457.8,1095.41,1115.8442651093353,1092.9279365282573,1104.3861008187964,8.97610081879634
TR-039689,2025-09-08,september,Dry Van,1492.9,2891.35,2867.4904662264416,2921.6195478546165,2894.555007040529,3.205007040528926
TR-039690,2025-09-08,september,Flatbed,1553.3,3059.64,3003.545991996054,3070.612686811629,3037.0793394038415,22.560660596158414
TR-039691,2025-09-08,september,Dry Van,1252.0,2568.75,2590.6647773532154,2472.773219477321,2531.7189984152683,37.03100158473171
TR-039692,2025-09-08,september,Reefer,1894.8,3891.56,3856.5616328740734,3893.563430427129,3875.062531650601,16.497468349398787
TR-039693,2025-09-08,september,Flatbed,700.3,1641.31,1702.6324012631262,1605.1996186593121,1653.916009961219,12.606009961219115
TR-039694,2025-09-08,september,Flatbed,444.3,1132.92,1105.0164093478904,1111.561274155733,1108.2888417518116,24.631158248188513
TR-039695,2025-09-08,september,Dry Van,1042.1,2132.59,2198.425261046094,2166.5407669452593,2182.4830139956766,49.89301399567648
TR-039696,2025-09-08,september,Dry Van,1351.4,2650.23,2708.4406606702487,2631.8059695053425,2670.1233150877956,19.8933150877956
TR-039697,2025-09-08,september,Reefer,450.3,1138.21,1165.2556100261606,1141.9167291257781,1153.5861695759695,15.37616957596947
TR-039698,2025-09-08,september,Dry Van,769.6,1704.6,1707.1063828803628,1626.5434708017908,1666.8249268410768,37.77507315892308
TR-039699,2025-09-08,september,Flatbed,1601.2,3238.85,3103.8180732447026,3222.092319577174,3162.9551964109382,75.89480358906167
TR-039700,2025-09-08,september,Dry Van,805.7,1688.91,1664.132542384445,1648.4692592065483,1656.3009007954965,32.609099204503536
TR-039701,2025-09-08,september,Dry Van,954.7,1946.66,1926.4861367867488,1892.1843720590784,1909.3352544229137,37.32474557708633
TR-039702,2025-09-08,september,Reefer,737.2,1786.14,1803.5120798432283,1742.2186006004533,1772.8653402218408,13.274659778159275
TR-039703,2025-09-08,september,Dry Van,2051.6,3806.95,3858.782465314972,3787.4471116699883,3823.1147884924803,16.16478849248051
TR-039704,2025-09-08,september,Flatbed,2106.4,4380.38,4175.680009624006,4273.008087438477,4224.344048531241,156.03595146875887
TR-039705,2025-09-08,september,Dry Van,1132.1,2149.63,2153.638836576497,2143.641115063445,2148.639975819971,0.9900241800291951
TR-039706,2025-09-08,september,Dry Van,1481.5,2873.29,2772.896220742895,2787.253709342858,2780.0749650428766,93.21503495712341
TR-039707,2025-09-08,september,Reefer,2243.4,4481.33,4372.035963893444,4516.09556821707,4444.065766055257,37.264233944742955
TR-039708,2025-09-08,september,Flatbed,282.8,765.21,743.4100777505103,754.2873519844907,748.8487148675005,16.361285132499575
TR-039709,2025-09-08,september,Dry Van,997.1,1949.17,2039.564819660934,1995.3895008802565,2017.4771602705953,68.3071602705952
TR-039710,2025-09-08,september,Flatbed,1997.2,3869.27,3826.92330102106,3814.4326526811165,3820.6779768510883,48.59202314891172
TR-039711,2025-09-08,september,Reefer,2440.4,5057.26,4861.915633033602,4807.661957279357,4834.788795156479,222.47120484352126
TR-039712,2025-09-08,september,Dry Van,770.9,1532.53,1513.824539296953,1502.8352996154906,1508.329919456222,24.200080543778085
TR-039713,2025-09-08,september,Flatbed,447.7,1015.6,973.2244074559474,984.6626192076728,978.9435133318101,36.65648666818993
TR-039714,2025-09-08,september,Reefer,1079.1,2156.21,2295.0005381450997,2251.079761944372,2273.040150044736,116.830150044736
TR-039715,2025-09-08,september,Dry Van,2224.8,4022.03,4074.483261482415,4035.0226379160504,4054.752949699233,32.722949699232686
TR-039716,2025-09-08,september,Reefer,3326.1,6853.93,6282.652336577179,6570.072971150065,6426.362653863622,427.56734613637855
TR-039717,2025-09-08,september,Flatbed,2251.2,4327.24,4342.942475107446,4352.042533516687,4347.492504312067,20.252504312066776
TR-039718,2025-09-08,september,Reefer,821.4,1861.62,1835.1407708273855,1789.0841365442664,1812.112453685826,49.50754631417385
TR-039719,2025-09-08,september,Dry Van,300.8,771.61,737.6160199202294,803.4798799964001,770.5479499583148,1.062050041685211
TR-039720,2025-09-08,september,Flatbed,749.3,1803.52,1843.4392752929318,1767.018390047042,1805.2288326699868,1.7088326699868048
TR-039721,2025-09-08,september,Dry Van,2503.6,4459.47,4474.916799003657,4465.605343235371,4470.261071119514,10.791071119513617
TR-039722,2025-09-08,september,Reefer,1852.3,3829.72,3714.598658669351,3796.1947290611224,3755.3966938652366,74.32330613476324
TR-039723,2025-09-08,september,Dry Van,109.7,288.59,260.02333807064775,314.41053101890793,287.2169345447778,1.3730654552221608
TR-039724,2025-09-08,september,Dry Van,971.2,1997.43,1988.8482539939891,1992.3842811032737,1990.6162675486314,6.813732451368651
TR-039725,2025-09-08,september,Dry Van,636.9,1357.32,1353.4098358121657,1323.988430420379,1338.6991331162724,18.620866883727558
TR-039726,2025-09-08,september,Dry Van,1329.2,2560.61,2578.8906660484854,2577.945130235684,2578.4178981420846,17.80789814208447
TR-039727,2025-09-08,september,Reefer,510.9,1210.84,1191.2316147159354,1193.836793215153,1192.5342039655443,18.305796034455625
TR-039728,2025-09-08,september,Reefer,2273.2,4652.33,4580.217930750163,4658.925696854778,4619.57181380247,32.75818619752954
TR-039729,2025-09-08,september,Dry Van,703.5,1475.59,1494.0553449595645,1486.7587598967357,1490.40705242815,14.817052428150191
TR-039730,2025-09-08,september,Flatbed,194.6,536.68,537.9702393497067,526.3068645450696,532.1385519473881,4.541448052611827
TR-039731,2025-09-08,september,Flatbed,627.9,1455.89,1473.8310787721082,1478.3256974033739,1476.0783880877411,20.188388087741032
TR-039732,2025-09-08,september,Reefer,479.9,1140.25,1129.1474883412027,1118.7232345704283,1123.9353614558154,16.314638544184618
TR-039733,2025-09-08,september,Dry Van,676.5,1431.89,1428.8897262275705,1414.0177542137208,1421.4537402206456,10.436259779354486
TR-039734,2025-09-08,september,Dry Van,930.6,1824.25,1856.7430985694307,1881.0745851100917,1868.9088418397612,44.65884183976118
TR-039735,2025-09-09,september,Dry Van,1350.7,2646.9,2628.6936592376346,2586.920318283498,2607.806988760566,39.09301123943396
TR-039736,2025-09-09,september,Dry Van,1756.8,3419.98,3350.6314907210913,3274.9780459859967,3312.804768353544,107.17523164645581
TR-039737,2025-09-09,september,Dry Van,2473.1,4409.54,4371.610925775529,4473.809960501307,4422.710443138418,13.170443138417795
TR-039738,2025-09-09,september,Dry Van,1784.7,3293.99,3263.302435351607,3240.025202253567,3251.6638188025872,42.32618119741255
TR-039739,2025-09-09,september,Dry Van,2040.6,3756.14,3713.007310683085,3764.5550023415512,3738.7811565123184,17.358843487681497
TR-039740,2025-09-09,september,Reefer,254.0,736.62,724.7474444566993,803.4235296083009,764.0854870325002,27.465487032500164
TR-039741,2025-09-09,september,Reefer,744.2,1736.13,1711.0056825587214,1683.9455965783345,1697.475639568528,38.654360431472014
TR-039742,2025-09-09,september,Flatbed,873.4,2129.31,2133.9007706042244,2069.873241150734,2101.887005877479,27.422994122520777
TR-039743,2025-09-09,september,Dry Van,343.2,798.6,769.5369293667782,797.0677998718281,783.3023646193031,15.297635380696875
TR-039744,2025-09-09,september,Dry Van,1530.3,2937.98,2838.543789223758,2924.414185208162,2881.47898721596,56.501012784040086
TR-039745,2025-09-09,september,Dry Van,1700.4,3102.39,3082.817494744668,3172.8957433236237,3127.8566190341458,25.46661903414588
TR-039746,2025-09-09,september,Dry Van,366.7,841.5,846.613648187895,863.9090038334061,855.2613260106506,13.761326010650578
TR-039747,2025-09-09,september,Dry Van,2383.2,4439.53,4423.950201092077,4413.193464626862,4418.571832859469,20.95816714053035
TR-039748,2025-09-09,september,Reefer,2034.9,4346.79,4201.125674102921,4177.662459353458,4189.3940667281895,157.39593327181046
TR-039749,2025-09-09,september,Dry Van,285.3,741.53,721.4887789449663,776.3254063198005,748.9070926323834,7.377092632383437
TR-039750,2025-09-09,september,Dry Van,711.7,1441.03,1405.9556726637045,1440.8773681010848,1423.4165203823945,17.613479617605435
TR-039751,2025-09-09,september,Reefer,2591.8,5273.19,5193.303358977941,5142.03970571418,5167.67153234606,105.5184676539393
TR-039752,2025-09-09,september,Dry Van,1201.2,2324.44,2326.8834286487736,2310.0961268590736,2318.4897777539236,5.950222246076464
TR-039753,2025-09-09,september,Reefer,847.5,2011.22,2107.574973468602,2047.9281277166765,2077.7515505926394,66.5315505926394
TR-039754,2025-09-09,september,Dry Van,1216.8,2411.65,2486.0658328581094,2401.971709249827,2444.0187710539685,32.36877105396843
TR-039755,2025-09-09,september,Reefer,1401.8,3101.74,3021.633501887134,3128.0333570604607,3074.8334294737974,26.90657052620236
TR-039756,2025-09-09,september,Dry Van,901.4,1843.06,1779.011235477633,1815.073750939327,1797.04249320848,46.01750679151996
TR-039757,2025-09-09,september,Flatbed,286.5,758.22,728.4459738538087,770.2446080761256,749.3452909649671,8.874709035032879
TR-039758,2025-09-09,september,Reefer,1070.7,2375.16,2395.13007068997,2388.7047478110394,2391.9174092505045,16.75740925050468
TR-039759,2025-09-09,september,Reefer,490.0,1248.98,1207.8176301468097,1237.7297098630906,1222.7736700049502,26.206329995049828
TR-039760,2025-09-09,september,Reefer,810.4,1877.24,1934.3501509506125,1867.3619345675518,1900.8560427590821,23.61604275908212
TR-039761,2025-09-09,september,Dry Van,1804.0,3194.83,3254.8319190451243,3256.8099286806,3255.8209238628624,60.99092386286247
TR-039762,2025-09-09,september,Dry Van,1673.6,3115.19,3098.6325163498823,3133.1499071654457,3115.8912117576638,0.7012117576637138
TR-039763,2025-09-09,september,Flatbed,642.3,1535.4,1508.7722895412414,1521.3246939545543,1515.048491747898,20.35150825210212
TR-039764,2025-09-09,september,Reefer,1796.9,3986.13,3866.5186888068642,3953.2411436427537,3909.8799162248088,76.25008377519134
TR-039765,2025-09-09,september,Reefer,2122.5,4330.26,4220.811884936439,4265.576388416981,4243.19413667671,87.06586332329061
TR-039766,2025-09-09,september,Dry Van,613.0,1308.15,1288.2374438524141,1335.5648523045215,1311.901148078468,3.7511480784678497
TR-039767,2025-09-09,september,Dry Van,334.1,805.56,792.273322876491,802.1890835529948,797.2312032147429,8.328796785257055
TR-039768,2025-09-09,september,Flatbed,1016.1,2185.16,2151.7271632457227,2155.7956684417,2153.7614158437113,31.398584156288507
TR-039769,2025-09-09,september,Dry Van,502.0,1068.62,1051.8709420839996,1028.1504886015941,1040.0107153427969,28.609284657203034
TR-039770,2025-09-09,september,Reefer,970.0,2118.18,2173.649406041639,2151.1357814009134,2162.392593721276,44.212593721276335
TR-039771,2025-09-09,september,Dry Van,712.0,1420.85,1398.2983937630536,1413.2682851594436,1405.7833394612485,15.066660538751421
TR-039772,2025-09-09,september,Dry Van,917.0,1881.54,1890.7439713612594,1883.0374913954029,1886.890731378331,5.350731378331147
TR-039773,2025-09-09,september,Reefer,1046.8,2523.52,2457.9042017007323,2421.238118789503,2439.5711602451174,83.94883975488256
TR-039774,2025-09-09,september,Dry Van,466.9,1079.58,1052.6595634507512,1045.705666201609,1049.18261482618,30.397385173819885
TR-039775,2025-09-09,september,Reefer,171.3,476.49,460.1947384152636,626.702940160601,543.4488392879323,66.95883928793228
TR-039776,2025-09-09,september,Reefer,721.9,1790.29,1844.1176177002114,1776.9429518539719,1810.5302847770918,20.2402847770918
TR-039777,2025-09-09,september,Dry Van,1973.5,3825.67,3804.593919688273,3806.932691814828,3805.7633057515504,19.90669424844964
TR-039778,2025-09-09,september,Reefer,450.5,1168.88,1162.4079516440186,1166.82508923296,1164.6165204384893,4.263479561510849
TR-039779,2025-09-09,september,Dry Van,216.9,540.28,659.2056795059414,550.9555371420902,605.0806083240158,64.8006083240158
TR-039780,2025-09-09,september,Dry Van,2268.9,4144.97,4149.173947391649,4035.9972435090385,4092.5855954503436,52.384404549656665
TR-039781,2025-09-09,september,Dry Van,1810.5,3430.45,3343.774432367783,3349.9247541025798,3346.8495932351816,83.60040676481822
TR-039782,2025-09-09,september,Dry Van,489.4,1089.14,1056.9487101250566,1064.7488779594114,1060.848794042234,28.291205957766124
TR-039783,2025-09-09,september,Reefer,611.2,1496.16,1537.4739003059983,1482.8671380941141,1510.1705192000563,14.010519200056251
TR-039784,2025-09-09,september,Dry Van,136.9,357.82,356.4645452444572,398.81262844454864,377.6385868445029,19.81858684450293
TR-039785,2025-09-09,september,Dry Van,1674.6,776.5,3163.616886246527,3212.959350529881,3188.2881183882037,2411.7881183882037
TR-039786,2025-09-09,september,Dry Van,773.2,1563.27,1509.0337369796143,1517.1941959723986,1513.1139664760065,50.15603352399353
TR-039787,2025-09-09,september,Reefer,70.0,235.09,256.4185652852178,477.60094814423746,367.00975671472764,131.91975671472764
TR-039788,2025-09-09,september,Reefer,526.2,1284.8,1232.4389719737287,1224.2055181500023,1228.3222450618655,56.47775493813447
TR-039789,2025-09-09,september,Dry Van,774.4,1632.44,1573.064733501956,1568.10044654926,1570.582590025608,61.85740997439211
TR-039790,2025-09-09,september,Dry Van,2290.5,4249.72,4238.366169737614,4197.632173338695,4217.999171538155,31.720828461845485
TR-039791,2025-09-09,september,Dry Van,299.4,734.9,725.6409859236368,732.3703518326242,729.0056688781306,5.894331121869413
TR-039792,2025-09-09,september,Dry Van,1046.7,2122.27,2092.072322994026,2073.6075950993977,2082.8399590467116,39.430040953288426
TR-039793,2025-09-09,september,Dry Van,1159.4,2356.26,2418.0336691368757,2463.6521899950176,2440.8429295659466,84.58292956594642
TR-039794,2025-09-09,september,Flatbed,1413.3,2940.91,2839.0591586061323,2912.2273264913615,2875.643242548747,65.26675745125294
TR-039795,2025-09-09,september,Dry Van,801.3,1697.13,1628.6487085509839,1624.987830015472,1626.818269283228,70.31173071677222
TR-039796,2025-09-09,september,Dry Van,570.0,1153.23,1136.15878193449,1160.119146347928,1148.138964141209,5.091035858790974
TR-039797,2025-09-09,september,Flatbed,828.3,1760.2,1741.0875552968864,1730.340321735111,1735.7139385159987,24.48606148400131
TR-039798,2025-09-09,september,Dry Van,370.5,826.5,823.7515740274332,847.111497203208,835.4315356153206,8.931535615320627
TR-039799,2025-09-09,september,Dry Van,200.8,522.73,489.7327757048803,571.6504016386234,530.6915886717518,7.96158867175177
TR-039800,2025-09-09,september,Dry Van,1651.9,3088.51,3075.717400894812,3160.844702485788,3118.2810516903,29.771051690299828
TR-039801,2025-09-09,september,Dry Van,2053.6,3918.45,3909.2888657740073,3871.920438706071,3890.6046522400393,27.845347759960532
TR-039802,2025-09-09,september,Reefer,756.0,1744.76,1777.6598256804823,1774.0090278755908,1775.8344267780367,31.074426778036695
TR-039803,2025-09-09,september,Dry Van,1616.5,3267.04,3208.4823120191286,3201.997311676404,3205.2398118477663,61.80018815223366
TR-039804,2025-09-09,september,Dry Van,431.4,955.94,945.2870965254095,967.8007225480119,956.5439095367108,0.6039095367107166
TR-039805,2025-09-09,september,Flatbed,511.1,1145.81,1148.2651328034221,1174.6318295004019,1161.448481151912,15.638481151911947
TR-039806,2025-09-09,september,Dry Van,305.2,783.88,782.5236466888487,797.2226766762515,789.8731616825501,5.993161682550067
TR-039807,2025-09-09,september,Dry Van,1216.4,2393.62,2388.5835469331773,2338.0725960384316,2363.3280714858047,30.291928514195206
TR-039808,2025-09-09,september,Flatbed,2659.9,5099.65,4940.6801226173675,4958.959463326195,4949.819792971781,149.83020702821887
TR-039809,2025-09-09,september,Dry Van,2076.4,3823.37,3841.9556418372595,3853.7346730050776,3847.8451574211686,24.47515742116866
TR-039810,2025-09-09,september,Flatbed,253.3,714.31,677.9069405434386,690.8090326138786,684.3579865786586,29.95201342134135
TR-039811,2025-09-09,september,Dry Van,2694.9,4718.05,4601.8945347502395,4672.973732192873,4637.434133471556,80.6158665284438
TR-039812,2025-09-09,september,Dry Van,904.9,1832.35,1798.4188575460705,1838.608542924441,1818.5137002352558,13.836299764744126
TR-039813,2025-09-09,september,Reefer,2426.5,5180.3,5011.702241656808,5019.568881287902,5015.635561472354,164.66443852764587
TR-039814,2025-09-09,september,Dry Van,110.9,299.01,304.80133932967584,310.07919311905357,307.4402662243647,8.430266224364686
TR-039815,2025-09-09,september,Dry Van,618.1,1361.79,1380.5641497054512,1363.9531872082607,1372.258668456856,10.468668456855994
TR-039816,2025-09-09,september,Reefer,1265.3,2786.74,2787.5259421467695,2812.5619495808623,2800.0439458638157,13.303945863815898
TR-039817,2025-09-09,september,Dry Van,2463.8,4467.02,4488.533676566799,4334.494765922172,4411.514221244485,55.505778755515166
TR-039818,2025-09-09,september,Dry Van,1902.5,3448.36,3404.998723067956,3439.960177942293,3422.479450505124,25.88054949487605
TR-039819,2025-09-09,september,Dry Van,1566.1,2934.27,2953.835646664744,2947.097722112455,2950.4666843886,16.196684388599806
TR-039820,2025-09-09,september,Dry Van,736.9,1515.65,1453.2877021827062,1486.3727374578575,1469.8302198202819,45.81978017971824
TR-039821,2025-09-09,september,Dry Van,1970.3,3623.26,3574.923774037097,3602.668608273433,3588.7961911552648,34.46380884473547
TR-039822,2025-09-09,september,Flatbed,309.3,772.57,742.92327906832,749.4628419468784,746.1930605075992,26.37693949240088
TR-039823,2025-09-09,september,Reefer,597.1,1400.18,1451.2703128438523,1447.5787300652546,1449.4245214545535,49.24452145455348
TR-039824,2025-09-09,september,Reefer,1127.1,2645.92,2576.1650688738296,2563.8857391738616,2570.0254040238456,75.8945959761545
TR-039825,2025-09-09,september,Flatbed,815.5,1751.61,1754.1232854203138,1670.892369531316,1712.5078274758148,39.10217252418511
TR-039826,2025-09-09,september,Dry Van,2707.4,4606.47,4762.002425470452,4591.9247780253445,4676.963601747899,70.49360174789854
TR-039827,2025-09-09,september,Reefer,1773.8,3726.44,3648.2251174849134,3779.7396039795512,3713.9823607322323,12.457639267767718
TR-039828,2025-09-09,september,Dry Van,534.1,1188.52,1142.6041177106595,1149.5518605213801,1146.0779891160198,42.442010883980174
TR-039829,2025-09-09,september,Dry Van,874.4,1854.52,1859.6488807864423,1795.6788385919956,1827.663859689219,26.85614031078103
TR-039830,2025-09-09,september,Dry Van,546.7,1108.73,1084.9465284890655,1125.8601854659362,1105.4033569775008,3.3266430224991836
TR-039831,2025-09-09,september,Dry Van,2076.1,3805.0,3910.693254778492,3841.976230408837,3876.3347425936645,71.33474259366449
TR-039832,2025-09-09,september,Dry Van,813.8,1569.73,1534.7075745259526,1535.8489841693483,1535.2782793476504,34.45172065234965
TR-039833,2025-09-09,september,Dry Van,174.0,474.35,460.1636515333362,513.7038584213171,486.93375497732666,12.583754977326635
TR-039834,2025-09-09,september,Flatbed,783.3,1865.49,1909.5688845043137,1778.9211644677896,1844.2450244860515,21.244975513948475
TR-039835,2025-09-09,september,Reefer,301.1,827.22,842.3779013056584,897.6360881255348,870.0069947155966,42.78699471559662
TR-039836,2025-09-09,september,Reefer,2154.4,4380.71,4321.185872809296,4401.099571803754,4361.142722306525,19.567277693475262
TR-039837,2025-09-09,september,Dry Van,307.1,770.35,751.8693125476578,768.3958553413331,760.1325839444955,10.217416055504486
TR-039838,2025-09-09,september,Dry Van,184.1,501.55,475.0939996811908,522.1253449324868,498.6096723068388,2.9403276931612368
TR-039839,2025-09-09,september,Flatbed,163.5,494.72,464.77089581660556,541.9702988296126,503.3705973231091,8.650597323109082
TR-039840,2025-09-09,september,Dry Van,345.8,835.94,812.1625427024773,829.9486541425208,821.0555984224991,14.884401577500967
TR-039841,2025-09-09,september,Dry Van,660.8,1419.19,1421.6247839163823,1401.3535172925485,1411.4891506044655,7.700849395534533
TR-039842,2025-09-09,september,Dry Van,1109.3,2237.19,2223.641773637403,2199.554277009496,2211.5980253234493,25.591974676550763
TR-039843,2025-09-09,september,Dry Van,1991.1,3770.8,3839.495269312108,3860.505502297217,3850.0003858046625,79.20038580466235
TR-039844,2025-09-09,september,Flatbed,1394.3,2954.69,2846.1376035436992,2939.803722751856,2892.9706631477775,61.71933685222257
TR-039845,2025-09-09,september,Flatbed,2765.8,5432.67,5126.71754427819,5169.404838621063,5148.061191449627,284.6088085503734
TR-039846,2025-09-09,september,Dry Van,1240.6,2532.98,2458.9115766355562,2475.1270906929794,2467.019333664268,65.96066633573218
TR-039847,2025-09-09,september,Flatbed,1563.9,3328.7,3207.747155265432,3300.3377292366345,3254.042442251033,74.65755774896661
TR-039848,2025-09-09,september,Dry Van,566.6,1125.98,1117.9891998133492,1134.897500085336,1126.4433499493425,0.4633499493425006
TR-039849,2025-09-09,september,Dry Van,1587.2,3038.98,3046.9758950641617,3030.524254112408,3038.750074588285,0.22992541171515768
TR-039850,2025-09-09,september,Dry Van,2215.1,4046.38,4107.490890915533,4029.4991173677126,4068.4950041416228,22.11500414162265
TR-039851,2025-09-09,september,Dry Van,411.1,1010.4,977.2057698071839,999.717726139532,988.4617479733579,21.93825202664209
TR-039852,2025-09-09,september,Reefer,732.6,1766.85,1768.5112954052645,1747.723193635122,1758.1172445201933,8.732755479806656
TR-039853,2025-09-09,september,Reefer,573.2,1401.81,1394.8634538722577,1379.9147049840328,1387.3890794281451,14.420920571854822
TR-039854,2025-09-09,september,Dry Van,477.9,1068.44,1057.6780309917601,1054.6081010780017,1056.143066034881,12.296933965119024
TR-039855,2025-09-09,september,Dry Van,1483.5,2901.08,2813.4883459678726,2822.697944548239,2818.0931452580558,82.98685474194417
TR-039856,2025-09-09,september,Dry Van,735.7,1490.23,1476.8610492042844,1497.1934900668502,1487.0272696355673,3.202730364432682
TR-039857,2025-09-09,september,Reefer,1430.2,3120.02,2977.4303170275994,3078.246698373424,3027.8385077005114,92.18149229948858
TR-039858,2025-09-09,september,Dry Van,1611.0,3082.78,2976.071010041029,2994.6878702994104,2985.37944017022,97.40055982978038
TR-039859,2025-09-09,september,Reefer,716.5,1764.32,1784.2673685063903,1723.1549443828308,1753.7111564446104,10.608843555389512
TR-039860,2025-09-09,september,Dry Van,588.2,1232.86,1193.9716711632075,1235.77760273684,1214.8746369500236,17.985363049976286
TR-039861,2025-09-09,september,Reefer,604.9,1528.31,1551.9967127829314,1492.4767562691013,1522.2367345260163,6.073265473983611
TR-039862,2025-09-09,september,Dry Van,2448.9,4537.71,4431.562563574736,4487.7132049866195,4459.637884280677,78.07211571932294
TR-039863,2025-09-09,september,Dry Van,1151.1,2369.38,2383.626480097112,2357.6401600008853,2370.633320048999,1.2533200489988303
TR-039864,2025-09-09,september,Reefer,826.7,1911.08,1901.626043585209,1910.5723129914295,1906.0991782883193,4.980821711680619
TR-039865,2025-09-09,september,Reefer,332.3,899.29,883.8944380731831,888.9073280238308,886.400883048507,12.889116951492952
TR-039866,2025-09-09,september,Dry Van,2676.7,4862.84,4853.157645978123,4843.587989198129,4848.372817588126,14.467182411874091
TR-039867,2025-09-09,september,Flatbed,396.3,1014.12,998.0232397693204,1020.0573220527511,1009.0402809110358,5.079719088964225
TR-039868,2025-09-09,september,Reefer,1052.0,2439.93,2404.7497539721226,2431.848523931937,2418.29913895203,21.63086104797003
TR-039869,2025-09-09,september,Dry Van,2917.8,5375.41,5237.991562767801,5313.00465859356,5275.498110680681,99.91188931931902
TR-039870,2025-09-09,september,Flatbed,881.2,1855.47,1868.9509214996629,1842.3456249697037,1855.6482732346833,0.1782732346832745
TR-039871,2025-09-09,september,Reefer,441.4,1120.17,1118.916276839978,1143.6797567697872,1131.2980168048825,11.128016804882463
TR-039872,2025-09-09,september,Reefer,1667.3,3529.76,3380.675981675053,3491.986524875968,3436.331253275511,93.42874672448943
TR-039873,2025-09-09,september,Flatbed,2058.8,4233.88,4115.749927865075,4190.746269763164,4153.24809881412,80.63190118588045
TR-039874,2025-09-09,september,Dry Van,799.0,1775.71,1771.947581654369,1745.680052137925,1758.813816896147,16.89618310385299
TR-039875,2025-09-09,september,Reefer,754.1,1887.01,1900.034215097838,1838.4404266241531,1869.2373208609956,17.772679139004367
TR-039876,2025-09-09,september,Dry Van,2929.2,5250.05,5207.882713128768,5193.095590610057,5200.489151869413,49.560848130587146
TR-039877,2025-09-09,september,Dry Van,1141.3,2407.73,2409.969344053726,2383.3557151031223,2396.6625295784243,11.067470421575763
TR-039878,2025-09-09,september,Reefer,2337.9,4875.93,4745.225444180994,4833.240833753008,4789.233138967001,86.69686103299955
TR-039879,2025-09-09,september,Dry Van,2608.5,4505.4,4519.224837815681,4392.909629823349,4456.0672338195145,49.33276618048512
TR-039880,2025-09-09,september,Dry Van,1576.9,2985.84,2933.4538108629336,2903.7167698886033,2918.5852903757686,67.25470962423151
TR-039881,2025-09-09,september,Dry Van,373.6,926.34,884.1348689027418,880.1958060828897,882.1653374928158,44.17466250718428
TR-039882,2025-09-09,september,Dry Van,555.8,1185.19,1200.411789987381,1214.8577472429106,1207.6347686151457,22.444768615145676
TR-039883,2025-09-09,september,Flatbed,1185.0,2529.83,2440.1351017516376,2456.7423883203296,2448.4387450359836,81.3912549640163
TR-039884,2025-09-09,september,Reefer,882.5,2072.02,2132.4728712706424,2078.418366961324,2105.4456191159834,33.42561911598341
TR-039885,2025-09-09,september,Flatbed,472.9,1134.3,1131.9267349556903,1128.3243895804053,1130.1255622680478,4.174437731952139
TR-039886,2025-09-09,september,Reefer,1827.0,4011.04,3846.118673422199,3947.279143806758,3896.6989086144786,114.3410913855214
TR-039887,2025-09-09,september,Reefer,2315.7,4606.8,4552.2682890367205,4634.14614120547,4593.207215121095,13.59278487890515
TR-039888,2025-09-09,september,Dry Van,1164.6,2324.44,2286.137394770652,2273.4319698470663,2279.7846823088594,44.65531769114068
TR-039889,2025-09-09,september,Dry Van,835.0,1663.25,1621.8551108422892,1684.6974091157488,1653.276259979019,9.97374002098104
TR-039890,2025-09-09,september,Dry Van,1136.9,2317.78,2274.600143193889,2255.5140687569656,2265.0571059754275,52.722894024572724
TR-039891,2025-09-09,september,Flatbed,1078.1,2253.5,2236.2339181296534,2212.6889091320168,2224.461413630835,29.038586369164932
TR-039892,2025-09-09,september,Dry Van,248.0,625.09,587.6415298563281,654.5061266820476,621.0738282691879,4.016171730812175
TR-039893,2025-09-09,september,Dry Van,1110.5,2214.63,2182.6839615038334,2198.23750193255,2190.4607317181917,24.1692682818084
TR-039894,2025-09-09,september,Dry Van,993.0,2005.03,2023.9812781557928,2036.9570265768532,2030.469152366323,25.439152366323015
TR-039895,2025-09-09,september,Dry Van,848.5,1734.28,1649.920268627841,1665.3208311601477,1657.6205498939944,76.65945010600558
TR-039896,2025-09-09,september,Reefer,1034.0,2513.73,2417.7125201006643,2396.8470717623013,2407.279795931483,106.450204068517
TR-039897,2025-09-09,september,Reefer,723.9,1601.42,1600.5775690206729,1587.6175584284501,1594.0975637245615,7.322436275438577
TR-039898,2025-09-09,september,Flatbed,946.5,1949.56,1931.468989673189,1924.5905437055121,1928.0297666893507,21.530233310649237
TR-039899,2025-09-09,september,Reefer,1067.8,2424.14,2433.4633487355377,2432.209928080364,2432.836638407951,8.696638407951014
TR-039900,2025-09-09,september,Reefer,194.5,587.37,566.4733401306268,743.4980024735917,654.9856713021093,67.61567130210926
TR-039901,2025-09-10,september,Reefer,510.9,1234.24,1224.7865536253407,1228.700225650392,1226.7433896378664,7.4966103621336515
TR-039902,2025-09-10,september,Flatbed,2608.8,5383.25,5028.4527204472515,5056.539530154703,5042.496125300977,340.7538746990231
TR-039903,2025-09-10,september,Dry Van,2029.2,3849.67,3816.5660040138673,3717.902386406622,3767.2341952102447,82.43580478975537
TR-039904,2025-09-10,september,Dry Van,1146.1,2218.39,2202.424973068139,2258.7258305780338,2230.5754018230864,12.185401823086522
TR-039905,2025-09-10,september,Flatbed,455.6,1165.07,1168.6098928711208,1141.0510686872317,1154.8304807791762,10.239519220823695
TR-039906,2025-09-10,september,Dry Van,796.3,1591.62,1568.127760836653,1603.4509340717213,1585.789347454187,5.830652545812882
TR-039907,2025-09-10,september,Dry Van,3123.9,5842.69,5877.79314018512,5752.706921744062,5815.250030964591,27.439969035408467
TR-039908,2025-09-10,september,Dry Van,691.8,1422.84,1446.5959951419675,1443.2402097370496,1444.9181024395084,22.078102439508484
TR-039909,2025-09-10,september,Reefer,838.2,5795.79,1933.121138450979,1961.90568775218,1947.5134131015795,3848.2765868984206
TR-039910,2025-09-10,september,Dry Van,1986.2,3704.0,3782.136611422892,3691.3819011533797,3736.759256288136,32.75925628813593
TR-039911,2025-09-10,september,Dry Van,616.7,1330.84,1368.0570862871325,1375.4465654536195,1371.751825870376,40.911825870376106
TR-039912,2025-09-10,september,Dry Van,3377.2,5969.57,5697.658342677653,5547.813600461699,5622.735971569677,346.8340284303231
TR-039913,2025-09-10,september,Dry Van,1003.4,2057.92,2078.9018934532573,2041.1163158733589,2060.009104663308,2.0891046633078076
TR-039914,2025-09-10,september,Dry Van,2844.3,5233.94,5117.854686176984,5141.631800432175,5129.74324330458,104.19675669541994
TR-039915,2025-09-10,september,Dry Van,839.4,1654.8,1630.034212006824,1701.012618843151,1665.5234154249874,10.72341542498748
TR-039916,2025-09-10,september,Dry Van,258.5,630.26,629.7996618597108,627.4878300467176,628.6437459532142,1.616254046785798
TR-039917,2025-09-10,september,Reefer,1856.1,3902.89,3828.081905486791,3836.6687928086685,3832.37534914773,70.51465085226982
TR-039918,2025-09-10,september,Dry Van,201.2,548.19,532.8486258385516,602.667195441488,567.7579106400199,19.567910640019818
TR-039919,2025-09-10,september,Dry Van,974.5,1953.83,1902.9863885031014,1922.7356515562906,1912.861020029696,40.96897997030396
TR-039920,2025-09-10,september,Dry Van,859.5,1834.95,1778.2821729472653,1778.0475387361091,1778.1648558416873,56.78514415831273
TR-039921,2025-09-10,september,Dry Van,2263.7,4355.98,4232.891346049073,4249.686674163764,4241.289010106419,114.69098989358099
TR-039922,2025-09-10,september,Reefer,532.9,1391.81,1443.13856923971,1363.4260531818095,1403.2823112107599,11.472311210759926
TR-039923,2025-09-10,september,Reefer,509.1,1323.33,1305.9822039251771,1268.69655957446,1287.3393817498186,35.99061825018134
TR-039924,2025-09-10,september,Dry Van,779.2,1682.87,1637.9574578915706,1605.823393457647,1621.8904256746087,60.97957432539124
TR-039925,2025-09-10,september,Reefer,1764.2,3642.58,3580.454337047816,3607.31458838991,3593.884462718863,48.69553728113715
TR-039926,2025-09-10,september,Flatbed,1810.4,3688.48,3640.822037742334,3675.4133672909534,3658.1177025166435,30.362297483356542
TR-039927,2025-09-10,september,Dry Van,1249.0,2459.73,2459.3765930631976,2450.3131682469693,2454.844880655083,4.885119344916802
TR-039928,2025-09-10,september,Dry Van,815.4,1716.4,1709.2960747926322,1665.3852323915853,1687.3406535921088,29.059346407891326
TR-039929,2025-09-10,september,Reefer,1425.4,3159.05,3088.3592231454577,3121.196039572775,3104.7776313591166,54.27236864088354
TR-039930,2025-09-10,september,Flatbed,578.0,1375.61,1321.7539242377345,1320.2418728078064,1320.9978985227704,54.612101477229544
TR-039931,2025-09-10,september,Dry Van,1815.0,3457.21,3513.4667672995206,3427.1532100749305,3470.3099886872255,13.099988687225505
TR-039932,2025-09-10,september,Reefer,300.9,805.25,801.7282044238824,894.2119769515941,847.9700906877383,42.72009068773832
TR-039933,2025-09-10,september,Dry Van,1731.7,3318.89,3286.958751968058,3174.2381717520484,3230.5984618600532,88.29153813994662
TR-039934,2025-09-10,september,Dry Van,2280.6,4213.04,4241.8276616054245,4204.231235292469,4223.029448448947,9.98944844894686
TR-039935,2025-09-10,september,Flatbed,722.6,1800.09,1818.8013975343408,1753.563212029004,1786.1823047816724,13.90769521832749
TR-039936,2025-09-10,september,Dry Van,361.6,830.98,812.122400491227,814.3663114994483,813.2443559953376,17.73564400466239
TR-039937,2025-09-10,september,Flatbed,297.8,822.94,809.7025588909405,805.9645967839217,807.8335778374311,15.106422162568947
TR-039938,2025-09-10,september,Flatbed,199.7,606.05,567.3006855523279,563.6819662949738,565.4913259236508,40.55867407634912
TR-039939,2025-09-10,september,Dry Van,1998.4,3890.56,3854.4032880097984,3926.2910050727583,3890.3471465412786,0.2128534587213835
TR-039940,2025-09-10,september,Flatbed,891.9,1978.86,1950.9860959261143,1990.243927899317,1970.6150119127155,8.244988087284355
TR-039941,2025-09-10,september,Reefer,352.5,932.38,911.1209404419885,906.2661630224134,908.693551732201,23.68644826779905
TR-039942,2025-09-10,september,Dry Van,1875.7,3379.98,3386.202956521158,3465.9784281403895,3426.090692330774,46.11069233077387
TR-039943,2025-09-10,september,Dry Van,81.6,245.86,242.0706055287095,283.3122435604016,262.69142454455556,16.831424544555546
TR-039944,2025-09-10,september,Dry Van,410.2,910.23,882.2805608484289,888.6809967914648,885.4807788199469,24.749221180053155
TR-039945,2025-09-10,september,Dry Van,2082.2,3826.97,3852.746906681316,3754.7797256151557,3803.763316148236,23.206683851763955
TR-039946,2025-09-10,september,Dry Van,173.3,468.64,451.43792293220025,510.404031995447,480.92097746382365,12.28097746382366
TR-039947,2025-09-10,september,Dry Van,1970.1,3655.22,3667.172774293815,3679.0895933962365,3673.1311838450256,17.91118384502579
TR-039948,2025-09-10,september,Reefer,481.7,1227.68,1216.8701295719425,1200.3055827859782,1208.5878561789605,19.0921438210396
TR-039949,2025-09-10,september,Dry Van,1988.1,3892.71,3872.005677263533,3876.6360326834842,3874.3208549735086,18.389145026491406
TR-039950,2025-09-10,september,Dry Van,552.7,1159.83,1139.6345733832018,1149.3999836628414,1144.5172785230216,15.312721476978368
TR-039951,2025-09-10,september,Dry Van,861.4,1714.46,1667.6531204537887,1687.7869567118887,1677.7200385828387,36.73996141716134
TR-039952,2025-09-10,september,Dry Van,1816.2,3751.53,3561.782335954248,3538.436231853059,3550.1092839036537,201.4207160963465
TR-039953,2025-09-10,september,Dry Van,758.7,1490.03,1431.063561412083,1484.7605887502232,1457.912075081153,32.11792491884694
TR-039954,2025-09-10,september,Flatbed,2049.9,4221.78,4136.466433131377,4161.7205471984,4149.093490164889,72.68650983511088
TR-039955,2025-09-10,september,Reefer,530.1,1274.03,1233.1208186533866,1249.822628588623,1241.471723621005,32.55827637899506
TR-039956,2025-09-10,september,Dry Van,1250.9,2456.19,2498.8759094051356,2452.0607107635406,2475.468310084338,19.278310084338045
TR-039957,2025-09-10,september,Dry Van,274.5,706.67,694.9584399038744,753.3053998653702,724.1319198846222,17.46191988462226
TR-039958,2025-09-10,september,Dry Van,1105.6,2134.16,2093.9059862859863,2132.6118561719068,2113.2589212289467,20.901078771053108
TR-039959,2025-09-10,september,Flatbed,3072.9,5990.75,5832.907468661203,5929.797594984846,5881.352531823024,109.39746817697596
TR-039960,2025-09-10,september,Reefer,789.6,1891.27,1930.301270524959,1877.9472438863154,1904.1242572056372,12.854257205637168
TR-039961,2025-09-10,september,Dry Van,558.5,1261.09,1225.6052791439258,1241.1359902613672,1233.3706347026464,27.719365297353534
TR-039962,2025-09-10,september,Flatbed,636.6,1495.45,1437.5030356436673,1444.1898178092645,1440.8464267264658,54.603573273534266
TR-039963,2025-09-10,september,Dry Van,3101.9,5714.34,5654.472239626909,5629.937410913672,5642.20482527029,72.13517472971034
TR-039964,2025-09-10,september,Dry Van,373.1,857.81,837.3955623493598,843.2716908112227,840.3336265802913,17.476373419708693
TR-039965,2025-09-10,september,Reefer,291.0,810.24,805.8472215922774,847.5168035932136,826.6820125927454,16.442012592745414
TR-039966,2025-09-10,september,Flatbed,307.9,856.86,848.3365171345226,837.2014647345832,842.7689909345529,14.09100906544711
TR-039967,2025-09-10,september,Dry Van,2353.9,4324.74,4388.155705302511,4393.184933285662,4390.670319294086,65.93031929408608
TR-039968,2025-09-10,september,Dry Van,336.8,775.28,763.239081213632,764.9244925472412,764.0817868804365,11.198213119563434
TR-039969,2025-09-10,september,Dry Van,1557.5,2897.11,2808.6948965281103,2841.9003040514085,2825.2976002897594,71.8123997102407
TR-039970,2025-09-10,september,Dry Van,1451.5,2932.4,2934.119485955635,2913.1299873452986,2923.6247366504667,8.775263349533361
TR-039971,2025-09-10,september,Reefer,307.3,899.18,868.8824942392636,887.5118556754176,878.1971749573406,20.98282504265933
TR-039972,2025-09-10,september,Dry Van,2964.6,5282.81,5318.324217731954,5337.6637738752715,5327.993995803613,45.18399580361256
TR-039973,2025-09-10,september,Dry Van,774.4,1604.96,1601.2861075519954,1591.9288245968248,1596.6074660744102,8.352533925589796
TR-039974,2025-09-10,september,Reefer,1961.5,4190.71,4134.490395624705,4238.802338018452,4186.646366821578,4.063633178421696
TR-039975,2025-09-10,september,Dry Van,394.0,902.06,864.911860903743,873.3373850587357,869.1246229812393,32.93537701876062
TR-039976,2025-09-10,september,Reefer,486.4,1284.52,1271.0816701075707,1255.5910601613737,1263.336365134472,21.183634865527893
TR-039977,2025-09-10,september,Dry Van,2502.0,4791.56,4695.60843918957,4780.273177656069,4737.94080842282,53.61919157718057
TR-039978,2025-09-10,september,Dry Van,2323.0,4493.19,4358.2673352377,4360.300019445532,4359.283677341616,133.90632265838394
TR-039979,2025-09-10,september,Reefer,499.8,1194.45,1195.191415262342,1168.191259008573,1181.6913371354576,12.75866286454243
TR-039980,2025-09-10,september,Dry Van,739.5,1403.96,1400.144917210239,1463.6469725266666,1431.8959448684527,27.93594486845268
TR-039981,2025-09-10,september,Dry Van,627.6,1389.2,1353.6995622515906,1352.2983956574303,1352.9989789545104,36.2010210454896
TR-039982,2025-09-10,september,Reefer,2745.9,5433.92,5499.53866800801,5440.876570430359,5470.207619219184,36.28761921918431
TR-039983,2025-09-10,september,Dry Van,1004.2,2077.41,2041.8122255365145,2018.514765652591,2030.1634955945528,47.24650440544701
TR-039984,2025-09-10,september,Dry Van,396.0,867.11,867.0713314142943,885.5039487791926,876.2876400967434,9.177640096743403
TR-039985,2025-09-10,september,Dry Van,814.6,1673.2,1646.3813231842396,1626.9429626848987,1636.6621429345691,36.5378570654309
TR-039986,2025-09-10,september,Dry Van,2810.7,5348.71,5176.876056154869,5216.785751560939,5196.830903857905,151.87909614209548
TR-039987,2025-09-10,september,Flatbed,308.9,851.64,823.4519755037643,859.7509953031547,841.6014854034595,10.038514596540494
TR-039988,2025-09-10,september,Dry Van,1706.0,3442.21,3461.8256672738407,3420.8735926282498,3441.3496299510452,0.8603700489547919
TR-039989,2025-09-10,september,Flatbed,771.8,1870.77,1921.63636408124,1804.2596988438297,1862.9480314625348,7.821968537465182
TR-039990,2025-09-10,september,Dry Van,1072.5,2203.39,2183.437042203037,2182.736636028947,2183.086839115992,20.303160884007866
TR-039991,2025-09-10,september,Reefer,2330.1,4945.33,4758.5317209655195,4816.276328407767,4787.404024686643,157.9259753133565
TR-039992,2025-09-10,september,Reefer,2089.0,4316.9,4199.218957547781,4174.423513460146,4186.821235503963,130.07876449603646
TR-039993,2025-09-10,september,Reefer,706.7,1617.61,1647.591364446074,1629.9252160100393,1638.7582902280567,21.148290228056794
TR-039994,2025-09-10,september,Reefer,877.6,2135.53,2188.799936916487,2138.031304187244,2163.4156205518657,27.885620551865486
TR-039995,2025-09-10,september,Flatbed,2678.0,5390.41,5136.487993135922,5251.237805795658,5193.86289946579,196.54710053420968
TR-039996,2025-09-10,september,Flatbed,1265.5,2952.58,2870.4112024697347,2883.5402979125765,2876.9757501911554,75.60424980884454
TR-039997,2025-09-10,september,Dry Van,297.8,745.55,742.8350372930246,729.9467445781509,736.3908909355878,9.159109064412178
TR-039998,2025-09-10,september,Dry Van,976.0,2039.12,2067.3185218736658,2062.0311910488253,2064.6748564612453,25.554856461245436
TR-039999,2025-09-10,september,Reefer,697.3,1642.87,1679.8850058698786,1619.7225095390063,1649.8037577044424,6.933757704442542
TR-040000,2025-09-10,september,Dry Van,1628.1,3055.7,3064.151133442737,3000.1513187617807,3032.151226102259,23.54877389774083
TR-040001,2025-09-10,september,Dry Van,1682.5,3333.07,3362.4602351171343,3348.7987110450304,3355.6294730810823,22.55947308108216
TR-040002,2025-09-10,september,Dry Van,536.2,1175.9,1144.3494131463478,1153.0156231282836,1148.6825181373156,27.217481862684508
TR-040003,2025-09-10,september,Dry Van,1445.3,2813.46,2738.2499481059617,2731.8155871084036,2735.032767607183,78.42723239281713
TR-040004,2025-09-10,september,Dry Van,425.0,977.98,959.6827871323004,956.9616465889342,958.3222168606173,19.657783139382673
TR-040005,2025-09-10,september,Reefer,1290.6,3025.17,2826.678802991094,2899.6818779714577,2863.180340481276,161.98965951872424
TR-040006,2025-09-10,september,Dry Van,547.4,1174.92,1184.0333196008542,1194.7089156045135,1189.3711176026839,14.45111760268378
TR-040007,2025-09-10,september,Dry Van,785.9,1652.47,1611.3782857082892,1605.0357732293025,1608.207029468796,44.26297053120402
TR-040008,2025-09-10,september,Dry Van,2236.9,4186.74,4187.248359845793,4200.51848300468,4193.8834214252365,7.143421425236738
TR-040009,2025-09-10,september,Reefer,897.7,2057.18,2085.956849963859,2016.4729562697714,2051.214903116815,5.965096883184742
TR-040010,2025-09-10,september,Reefer,384.2,961.79,936.3909890917158,959.3775249378748,947.8842570147954,13.905742985204597
TR-040011,2025-09-10,september,Dry Van,619.6,1417.14,1433.6898507995686,1417.430523793817,1425.5601872966927,8.420187296692575
TR-040012,2025-09-10,september,Flatbed,2186.9,4233.0,4126.654676719236,4106.870144004031,4116.762410361634,116.23758963836644
TR-040013,2025-09-10,september,Dry Van,777.4,1563.34,1499.8500979528171,1541.6113567940342,1520.7307273734257,42.60927262657424
TR-040014,2025-09-10,september,Reefer,1590.6,3545.53,3470.064510544978,3489.589822615494,3479.827166580236,65.70283341976437
TR-040015,2025-09-10,september,Reefer,1977.9,4307.33,4289.745038720536,4312.114388771528,4300.929713746033,6.4002862539673515
TR-040016,2025-09-10,september,Reefer,527.8,1407.48,1460.3980425017285,1372.2709769666621,1416.3345097341953,8.85450973419529
TR-040017,2025-09-10,september,Reefer,1998.6,4376.2,4268.921736747025,4317.173150897752,4293.047443822388,83.15255617761159
TR-040018,2025-09-10,september,Flatbed,187.8,548.09,558.8929812239878,530.6986964821256,544.7958388530567,3.2941611469433383
TR-040019,2025-09-10,september,Dry Van,1610.4,3124.92,3108.0600475715028,3087.4746505436524,3097.7673490575776,27.152650942422497
TR-040020,2025-09-10,september,Dry Van,1457.5,2782.8,2688.898487921453,2690.664150814728,2689.7813193680904,93.01868063190977
TR-040021,2025-09-10,september,Dry Van,1013.1,2012.52,1973.9579537629043,1987.1053522055922,1980.5316529842482,31.988347015751742
TR-040022,2025-09-10,september,Dry Van,2611.8,4860.78,4845.535904176548,4898.580477930905,4872.058191053726,11.278191053726005
TR-040023,2025-09-10,september,Reefer,987.8,2276.91,2266.5268793702708,2222.1876271392794,2244.357253254775,32.552746745224795
TR-040024,2025-09-10,september,Dry Van,1950.8,3663.3,3669.5346804144096,3679.8196832587705,3674.67718183659,11.377181836589898
TR-040025,2025-09-10,september,Dry Van,1204.1,2406.78,2459.171784419214,2405.737057433,2432.4544209261066,25.67442092610645
TR-040026,2025-09-10,september,Reefer,215.8,643.83,633.6061809760408,687.1746055699448,660.3903932729928,16.56039327299277
TR-040027,2025-09-10,september,Dry Van,831.2,1711.91,1689.2829440875676,1697.9487479679651,1693.6158460277663,18.294153972233744
TR-040028,2025-09-10,september,Reefer,851.9,2042.48,2100.5831222697007,2046.4387933684793,2073.51095781909,31.030957819089963
TR-040029,2025-09-10,september,Flatbed,434.5,1098.71,1073.8216625738146,1048.7284241460404,1061.2750433599276,37.434956640072414
TR-040030,2025-09-10,september,Dry Van,438.1,1070.18,1051.6236123670471,1036.0994675197653,1043.8615399434061,26.31846005659395
TR-040031,2025-09-10,september,Dry Van,600.4,1395.18,1418.6676982657432,1379.0874441683372,1398.8775712170402,3.6975712170401493
TR-040032,2025-09-10,september,Dry Van,2914.6,5241.8,5278.733545262939,5228.049655681549,5253.391600472243,11.591600472243044
TR-040033,2025-09-10,september,Reefer,1278.3,2710.93,2686.282400257677,2677.538273892228,2681.9103370749526,29.019662925047214
TR-040034,2025-09-10,september,Dry Van,2617.1,4813.65,4770.982540542171,4745.95714617828,4758.469843360225,55.180156639774395
TR-040035,2025-09-10,september,Dry Van,1067.3,2195.23,2176.5156151865835,2177.396753697989,2176.956184442286,18.273815557713988
TR-040036,2025-09-10,september,Dry Van,1431.3,2806.77,2753.9243223843114,2759.2720882104827,2756.598205297397,50.171794702603165
TR-040037,2025-09-10,september,Reefer,228.3,636.64,637.9963403510422,737.6986913102569,687.8475158306496,51.20751583064964
TR-040038,2025-09-10,september,Dry Van,950.5,1887.3,1884.2507593829343,1901.807579634629,1893.0291695087817,5.729169508781752
TR-040039,2025-09-10,september,Reefer,957.3,2192.73,2183.64047698118,2184.122854629835,2183.8816658055075,8.848334194492509
TR-040040,2025-09-10,september,Reefer,1129.5,2680.22,2626.650825685803,2599.677387007883,2613.1641063468433,67.05589365315655
TR-040041,2025-09-10,september,Dry Van,180.2,477.61,456.35735373007213,497.0631009458482,476.7102273379602,0.8997726620398225
TR-040042,2025-09-10,september,Reefer,1625.8,3401.18,3342.711829527563,3374.8373872893935,3358.7746084084783,42.40539159152149
TR-040043,2025-09-10,september,Dry Van,1292.1,2511.55,2488.7278949421425,2491.666124032966,2490.197009487554,21.352990512446013
TR-040044,2025-09-10,september,Reefer,2688.4,5641.98,5483.419926183469,5523.227755631554,5503.323840907511,138.65615909248845
TR-040045,2025-09-10,september,Dry Van,1916.8,3808.59,3713.790086795726,3782.799331091111,3748.2947089434183,60.295291056581846
TR-040046,2025-09-10,september,Dry Van,688.3,3348.83,1433.6521444887806,1448.6402226379632,1441.1461835633718,1907.6838164366281
TR-040047,2025-09-10,september,Dry Van,957.6,2049.34,2032.3797924503351,2004.1178012431544,2018.2487968467449,31.091203153255265
TR-040048,2025-09-10,september,Dry Van,1370.4,2807.39,2827.1962062354205,2694.52875525548,2760.8624807454503,46.52751925454959
TR-040049,2025-09-10,september,Flatbed,2887.9,1758.37,5419.767836675382,5643.182496073472,5531.475166374426,3773.1051663744265
TR-040050,2025-09-10,september,Dry Van,2285.2,4302.88,4293.2331115751,4285.67446144982,4289.45378651246,13.426213487539826
TR-040051,2025-09-10,september,Dry Van,993.1,1969.6,1952.5903742732382,1960.8594467144558,1956.724910493847,12.875089506153017
TR-040052,2025-09-10,september,Dry Van,356.3,855.3,855.6662942180083,884.8582987476993,870.2622964828538,14.962296482853844
TR-040053,2025-09-10,september,Dry Van,1447.5,2914.9,2890.509668921607,2842.627396063597,2866.568532492602,48.331467507397974
TR-040054,2025-09-10,september,Dry Van,1248.3,2465.22,2496.851769997946,2474.861641504378,2485.856705751162,20.636705751162026
TR-040055,2025-09-10,september,Flatbed,1007.4,2399.07,2356.3519868636213,2322.4961820529297,2339.4240844582755,59.64591554172466
TR-040056,2025-09-10,september,Dry Van,3100.0,5383.59,5330.441214584251,5297.774862307011,5314.108038445631,69.48196155436926
TR-040057,2025-09-10,september,Flatbed,703.5,1579.77,1521.774372581743,1554.5859666749232,1538.180169628333,41.58983037166695
TR-040058,2025-09-10,september,Flatbed,2091.8,4140.08,4037.2244121406784,3982.640524220845,4009.9324681807616,130.14753181923834
TR-040059,2025-09-10,september,Dry Van,1421.4,2887.23,2834.377337409511,2779.865990026029,2807.12166371777,80.10833628223008
TR-040060,2025-09-10,september,Dry Van,327.0,3869.45,783.705199844129,787.9714267668803,785.8383133055047,3083.611686694495
TR-040061,2025-09-10,september,Dry Van,265.1,657.63,655.5290993952287,645.1755603157137,650.3523298554712,7.27767014452877
TR-040062,2025-09-11,september,Dry Van,1166.6,2291.53,2295.121407182741,2333.5935501030062,2314.3574786428735,22.827478642873302
TR-040063,2025-09-11,september,Dry Van,1822.9,3516.64,3504.873670820059,3522.9187463991425,3513.8962086096008,2.7437913903991102
TR-040064,2025-09-11,september,Reefer,988.2,2417.85,2326.491021002859,2297.84793560987,2312.1694783063645,105.68052169363546
TR-040065,2025-09-11,september,Reefer,1922.5,4033.26,4012.347446951105,3968.7258462199206,3990.536646585513,42.723353414487065
TR-040066,2025-09-11,september,Flatbed,1027.1,2439.49,2345.1445000688727,2327.7836673405936,2336.464083704733,103.0259162952666
TR-040067,2025-09-11,september,Dry Van,417.9,934.11,884.7170593346614,888.1478145225667,886.432436928614,47.677563071385975
TR-040068,2025-09-11,september,Reefer,1652.6,3825.7,3745.1040244697347,3782.3488264114976,3763.7264254406164,61.97357455938345
TR-040069,2025-09-11,september,Dry Van,2197.5,4007.04,3993.6211622901646,4008.4495982241374,4001.035380257151,6.004619742849172
TR-040070,2025-09-11,september,Dry Van,697.1,1452.89,1438.4471076535124,1399.6074730668956,1419.027290360204,33.862709639796094
TR-040071,2025-09-11,september,Reefer,217.2,627.33,595.6399626045309,709.207363160562,652.4236628825464,25.09366288254637
TR-040072,2025-09-11,september,Flatbed,597.4,1337.53,1299.2408142405604,1278.681302575591,1288.9610584080756,48.568941591924386
TR-040073,2025-09-11,september,Reefer,2744.5,5729.48,5560.974468394077,5570.2326905758155,5565.603579484947,163.8764205150528
TR-040074,2025-09-11,september,Dry Van,1355.0,2534.93,2532.268323016239,2509.793417490306,2521.0308702532725,13.89912974672734
TR-040075,2025-09-11,september,Reefer,753.5,1893.57,1932.6251756599459,1863.19878927012,1897.911982465033,4.34198246503297
TR-040076,2025-09-11,september,Dry Van,1765.6,3118.9,3192.4429265407334,3202.7960975905853,3197.6195120656594,78.71951206565927
TR-040077,2025-09-11,september,Dry Van,931.9,1991.68,1954.268429783532,1944.0672276986625,1949.1678287410973,42.512171258902754
TR-040078,2025-09-11,september,Reefer,1626.9,3709.46,3602.7365973249684,3634.5422837986016,3618.639440561785,90.82055943821524
TR-040079,2025-09-11,september,Reefer,116.3,363.4,355.75387424824146,407.1232336628768,381.43855395555914,18.038553955559166
TR-040080,2025-09-11,september,Flatbed,2046.7,9993.31,4072.2995523593345,4035.9626013006655,4054.13107683,5939.1789231699995
TR-040081,2025-09-11,september,Dry Van,201.8,548.2,536.1162999912331,593.6582507825797,564.8872753869064,16.68727538690632
TR-040082,2025-09-11,september,Reefer,1657.6,3595.73,3492.265674990472,3504.8906179260093,3498.5781464582406,97.15185354175946
TR-040083,2025-09-11,september,Dry Van,573.4,1190.03,1153.3029855901677,1182.6771456383108,1167.9900656142393,22.039934385760716
TR-040084,2025-09-11,september,Reefer,464.9,1258.59,1249.6178666524147,1234.829225607382,1242.2235461298983,16.366453870101623
TR-040085,2025-09-11,september,Dry Van,528.1,1169.27,1110.6152072444365,1105.0200882364352,1107.8176477404359,61.45235225956412
TR-040086,2025-09-11,september,Dry Van,183.5,468.28,453.45953456012876,430.1302654258134,441.79489999297107,26.485100007028905
TR-040087,2025-09-11,september,Dry Van,1556.1,3077.55,2982.1797909494785,3025.199581853349,3003.689686401414,73.86031359858634
TR-040088,2025-09-11,september,Flatbed,792.1,1750.91,1688.8018703377136,1654.3108030264098,1671.5563366820616,79.35366331793853
TR-040089,2025-09-11,september,Dry Van,2508.0,4867.0,4774.5236957160805,4860.680385459045,4817.602040587562,49.39795941243756
TR-040090,2025-09-11,september,Dry Van,266.7,674.55,653.5986775467123,639.6833685318409,646.6410230392767,27.908976960723294
TR-040091,2025-09-11,september,Reefer,217.5,637.22,607.1711084255134,656.8555348035623,632.0133216145377,5.206678385462283
TR-040092,2025-09-11,september,Dry Van,274.6,632.9,626.2129204455028,614.196570655382,620.2047455504423,12.695254449557638
TR-040093,2025-09-11,september,Dry Van,455.6,1013.09,1003.6422464901709,998.0441925292989,1000.8432195097349,12.24678049026511
TR-040094,2025-09-11,september,Dry Van,638.8,1437.98,1393.314236585835,1383.8486246959187,1388.581430640877,49.39856935912303
TR-040095,2025-09-11,september,Dry Van,133.1,392.73,370.60628181815116,419.07517054454456,394.84072618134786,2.110726181347843
TR-040096,2025-09-11,september,Dry Van,181.6,480.28,463.39297758428046,502.5488377812683,482.9709076827744,2.690907682774423
TR-040097,2025-09-11,september,Reefer,1760.3,20132.37,3820.552989484163,3796.9697504802366,3808.7613699821995,16323.6086300178
TR-040098,2025-09-11,september,Dry Van,1312.0,2463.78,2468.5366312369047,2513.3555578413866,2490.9460945391456,27.166094539145433
TR-040099,2025-09-11,september,Flatbed,324.5,879.33,865.5059735984389,882.8776817929029,874.1918276956709,5.138172304329146
TR-040100,2025-09-11,september,Flatbed,641.8,1495.51,1449.627838223092,1476.7022398769814,1463.1650390500367,32.34496094996325
TR-040101,2025-09-11,september,Dry Van,741.7,1606.71,1603.293247369101,1578.0033640538932,1590.648305711497,16.061694288503077
TR-040102,2025-09-11,september,Dry Van,770.0,1606.62,1558.6115128512376,1555.9515356894726,1557.281524270355,49.33847572964487
TR-040103,2025-09-11,september,Dry Van,1079.0,2213.28,2186.6593635591926,2196.4116764951,2191.535520027146,21.74447997285415
TR-040104,2025-09-11,september,Dry Van,810.8,1625.51,1590.6471876143394,1567.8790033892014,1579.2630955017703,46.246904498229696
TR-040105,2025-09-11,september,Dry Van,1143.6,2270.71,2281.474443666812,2324.5708475749875,2303.0226456208998,32.31264562089973
TR-040106,2025-09-11,september,Dry Van,863.5,1872.91,1860.7659514371549,1839.0961491843666,1849.9310503107608,22.978949689239244
TR-040107,2025-09-11,september,Dry Van,554.5,1196.5,1164.1551571903872,1192.4208035157,1178.2879803530436,18.212019646956378
TR-040108,2025-09-11,september,Flatbed,997.3,2320.06,2262.173023487093,2213.1871324606273,2237.68007797386,82.37992202613987
TR-040109,2025-09-11,september,Dry Van,2303.8,4229.61,4173.778344439587,4158.2346572751285,4166.006500857358,63.60349914264134
TR-040110,2025-09-11,september,Flatbed,995.3,2167.33,2212.328700425493,2150.3051855822487,2181.3169430038706,13.986943003870692
TR-040111,2025-09-11,september,Dry Van,1844.6,3664.86,3655.954679302638,3597.8031326412793,3626.8789059719584,37.98109402804175
TR-040112,2025-09-11,september,Dry Van,1025.3,2196.15,2072.5051030703335,2107.4701208744023,2089.9876119723676,106.16238802763246
TR-040113,2025-09-11,september,Reefer,337.2,977.56,910.8027347447861,929.3419238509416,920.0723292978639,57.48767070213603
TR-040114,2025-09-11,september,Reefer,712.8,1685.94,1675.341525147312,1702.5787103207495,1688.9601177340307,3.0201177340306913
TR-040115,2025-09-11,september,Reefer,918.0,1979.6,1959.0964266432316,1948.7948234310154,1953.9456250371236,25.654374962876318
TR-040116,2025-09-11,september,Dry Van,481.9,1098.94,1077.2355627335621,1076.728254850546,1076.9819087920541,21.958091207945927
TR-040117,2025-09-11,september,Dry Van,1478.9,2989.01,2960.910893043129,2976.569615580862,2968.740254311995,20.26974568800506
TR-040118,2025-09-11,september,Dry Van,2866.2,5292.37,5150.735262318004,5173.026324813165,5161.880793565584,130.4892064344158
TR-040119,2025-09-11,september,Dry Van,1532.8,3098.97,3074.529275369612,3101.3825591005702,3087.955917235091,11.014082764908835
TR-040120,2025-09-11,september,Reefer,1856.4,4344.65,4147.791468515391,4157.666313426633,4152.728890971011,191.9211090289882
TR-040121,2025-09-11,september,Dry Van,174.5,492.83,468.7104483629407,515.6931547707852,492.20180156686297,0.6281984331370154
TR-040122,2025-09-11,september,Reefer,694.1,1599.16,1589.430841234729,1591.441792889292,1590.4363170620104,8.723682937989679
TR-040123,2025-09-11,september,Dry Van,442.3,941.77,946.810905894608,968.5069109268495,957.6589084107288,15.888908410728845
TR-040124,2025-09-11,september,Reefer,1917.8,4198.18,4035.31492494928,4024.740059296181,4030.02749212273,168.15250787727018
TR-040125,2025-09-11,september,Dry Van,941.8,1749.01,1731.9542772609987,1784.441709163717,1758.1979932123577,9.187993212357696
TR-040126,2025-09-11,september,Dry Van,2295.9,4168.47,4186.58886956159,4161.970524015636,4174.279696788613,5.80969678861311
TR-040127,2025-09-11,september,Reefer,494.1,1301.34,1285.9414167104278,1282.4914767477417,1284.2164467290847,17.12355327091518
TR-040128,2025-09-11,september,Dry Van,1891.9,3471.55,3441.873255922053,3451.612896824178,3446.7430763731154,24.80692362688478
TR-040129,2025-09-11,september,Flatbed,2184.9,4630.06,4383.398947291148,4445.449474621305,4414.4242109562265,215.6357890437739
TR-040130,2025-09-11,september,Flatbed,1126.7,2434.73,2376.1097490193138,2302.0009581568243,2339.055353588069,95.67464641193101
TR-040131,2025-09-11,september,Flatbed,507.1,1194.91,1253.321391918613,1200.8225163865318,1227.0719541525723,32.16195415257221
TR-040132,2025-09-11,september,Flatbed,1298.2,2820.43,2750.4810343295367,2711.943031974367,2731.212033151952,89.21796684804804
TR-040133,2025-09-11,september,Flatbed,331.1,880.53,854.1789923130572,863.2006986721619,858.6898454926095,21.84015450739048
TR-040134,2025-09-11,september,Reefer,1547.7,3309.54,3301.603667618765,3247.9281285490943,3274.7658980839296,34.77410191607032
TR-040135,2025-09-11,september,Dry Van,558.9,1195.38,1169.389703550235,1214.7325967188576,1192.0611501345463,3.3188498654537852
TR-040136,2025-09-11,september,Flatbed,1311.3,2679.76,2618.248501372711,2664.771982366399,2641.510241869555,38.249758130445116
TR-040137,2025-09-11,september,Dry Van,2157.5,4219.73,4156.977352386166,4146.968439763601,4151.9728960748835,67.7571039251161
TR-040138,2025-09-11,september,Dry Van,798.7,1606.18,1565.4371802157975,1599.460617504948,1582.4488988603728,23.7311011396273
TR-040139,2025-09-11,september,Dry Van,588.6,1217.29,1197.8359406174945,1227.7963928259464,1212.8161667217205,4.473833278279471
TR-040140,2025-09-11,september,Reefer,343.6,958.52,937.7741023233273,938.0538797843933,937.9139910538603,20.606008946139696
TR-040141,2025-09-11,september,Dry Van,2325.6,4241.61,4233.535667112804,4215.252799673009,4224.394233392906,17.21576660709343
TR-040142,2025-09-11,september,Dry Van,1989.7,3791.78,3784.2195625877207,3829.598831933215,3806.909197260468,15.129197260467663
TR-040143,2025-09-11,september,Reefer,1256.7,2814.93,2841.401227738275,2878.088329170292,2859.7447784542837,44.814778454283896
TR-040144,2025-09-11,september,Dry Van,2122.2,3895.62,3942.064586293415,3983.9891653178147,3963.0268758056145,67.40687580561462
TR-040145,2025-09-11,september,Dry Van,2036.5,3866.67,3906.531562432659,3931.029354420658,3918.7804584266587,52.110458426658624
TR-040146,2025-09-11,september,Dry Van,591.3,1328.04,1345.313380607973,1319.5469442077547,1332.430162407864,4.390162407863954
TR-040147,2025-09-11,september,Reefer,2363.2,5113.28,4976.902244105454,4915.710627878436,4946.306435991944,166.9735640080553
TR-040148,2025-09-11,september,Dry Van,3082.4,5746.04,5622.135004571583,5736.392762275198,5679.26388342339,66.77611657660964
TR-040149,2025-09-11,september,Flatbed,576.3,1360.11,1316.264070082791,1324.7928373692523,1320.5284537260218,39.58154627397812
TR-040150,2025-09-11,september,Reefer,917.1,2140.16,2134.852211018586,2069.4966261917307,2102.1744186051583,37.985581394841574
TR-040151,2025-09-11,september,Reefer,1693.2,3534.88,3489.5972887462785,3418.052774536193,3453.825031641236,81.0549683587642
TR-040152,2025-09-11,september,Dry Van,454.7,967.48,982.8872029062508,991.0779422284616,986.9825725673561,19.502572567356083
TR-040153,2025-09-11,september,Flatbed,370.3,869.7,869.7649010619464,862.7560511179806,866.2604760899635,3.4395239100365416
TR-040154,2025-09-11,september,Dry Van,284.9,732.91,713.0200920789607,773.2474011448346,743.1337466118977,10.223746611897695
TR-040155,2025-09-11,september,Dry Van,1280.0,2668.05,2659.5464012549214,2607.1248273595747,2633.335614307248,34.71438569275233
TR-040156,2025-09-11,september,Reefer,272.7,770.42,770.0178289546081,836.7695309568387,803.3936799557234,32.97367995572347
TR-040157,2025-09-11,september,Dry Van,498.0,1172.93,1148.3232747259908,1188.2287335721503,1168.2760041490706,4.653995850929505
TR-040158,2025-09-11,september,Dry Van,518.8,1098.51,1090.1413775531882,1085.693594689768,1087.917486121478,10.592513878521913
TR-040159,2025-09-11,september,Dry Van,1950.8,12240.81,3860.268329212791,3843.492323209334,3851.8803262110623,8388.929673788938
TR-040160,2025-09-11,september,Dry Van,215.4,550.71,539.9325420311055,607.4611018930191,573.6968219620624,22.986821962062322
TR-040161,2025-09-11,september,Reefer,362.0,993.48,986.7539396094433,954.6555267533249,970.7047331813841,22.775266818615933
TR-040162,2025-09-11,september,Flatbed,840.7,1879.68,1815.630162087284,1863.3372880312206,1839.4837250592523,40.1962749407478
TR-040163,2025-09-11,september,Dry Van,1292.9,2545.64,2500.613467016914,2493.6859049080244,2497.1496859624694,48.490314037530425
TR-040164,2025-09-11,september,Dry Van,441.5,1010.27,986.4102464389822,991.2580012956071,988.8341238672947,21.43587613270529
TR-040165,2025-09-11,september,Reefer,2026.7,4331.88,4250.81783756948,4215.3800092844185,4233.098923426949,98.781076573051
TR-040166,2025-09-11,september,Flatbed,967.0,2163.98,2138.2257517709463,2155.5991984717516,2146.912475121349,17.067524878651056
TR-040167,2025-09-11,september,Dry Van,1442.6,2695.4,2663.298009411227,2726.1673544331793,2694.7326819222035,0.6673180777966081
TR-040168,2025-09-11,september,Flatbed,1229.2,2682.78,2666.584267969406,2706.256173204016,2686.420220586711,3.6402205867107114
TR-040169,2025-09-11,september,Dry Van,2044.4,3981.03,3935.8503606222334,3893.0773274756957,3914.4638440489643,66.56615595103585
TR-040170,2025-09-11,september,Flatbed,1127.4,2474.47,2492.932589722046,2430.8266277801113,2461.8796087510786,12.59039124892115
TR-040171,2025-09-11,september,Reefer,484.8,1212.72,1189.5712377916739,1161.6886764253768,1175.6299571085253,37.090042891474695
TR-040172,2025-09-11,september,Dry Van,2283.4,20361.89,4292.878628986202,4277.577148316746,4285.227888651474,16076.662111348525
TR-040173,2025-09-11,september,Flatbed,362.0,899.35,878.935629122183,903.2737821166797,891.1047056194313,8.24529438056868
TR-040174,2025-09-11,september,Flatbed,521.0,244.05,1243.3452428497244,1249.42582765629,1246.3855352530072,1002.3355352530073
TR-040175,2025-09-11,september,Dry Van,1358.0,2526.64,2508.228370665983,2490.7483481824065,2499.4883594241946,27.15164057580523
TR-040176,2025-09-11,september,Dry Van,1192.0,2423.17,2376.322574784768,2369.4836688603255,2372.903121822547,50.266878177453236
TR-040177,2025-09-11,september,Dry Van,1335.2,2534.0,2550.458101251302,2520.839578005385,2535.648839628344,1.6488396283439215
TR-040178,2025-09-11,september,Dry Van,845.3,1879.01,1862.384706876471,1864.6372387492147,1863.5109728128427,15.499027187157253
TR-040179,2025-09-11,september,Dry Van,3000.0,5488.25,5434.415005525554,5398.897015911934,5416.656010718744,71.59398928125574
TR-040180,2025-09-11,september,Dry Van,801.8,1711.83,1685.386128052908,1698.2420862062966,1691.8141071296022,20.015892870397693
TR-040181,2025-09-11,september,Dry Van,1064.7,2250.71,2229.9030139201022,2238.0738122234034,2233.988413071753,16.721586928247234
TR-040182,2025-09-11,september,Dry Van,2439.7,4541.48,4471.951420836228,4432.668116606004,4452.309768721116,89.17023127888388
TR-040183,2025-09-11,september,Dry Van,1733.3,3295.32,3238.794044776354,3281.387979525065,3260.0910121507095,35.22898784929066
TR-040184,2025-09-11,september,Dry Van,2025.2,4008.71,3953.502401173832,3979.5013955520303,3966.501898362931,42.20810163706892
TR-040185,2025-09-11,september,Dry Van,359.9,780.62,765.1929436291385,798.4751005233375,781.8340220762379,1.2140220762379386
TR-040186,2025-09-11,september,Reefer,348.8,963.27,947.4924401856591,964.0756493107581,955.7840447482085,7.485955251791438
TR-040187,2025-09-11,september,Flatbed,1658.8,3688.72,3610.4361342944,3611.2762636405705,3610.8561989674854,77.8638010325144
TR-040188,2025-09-11,september,Reefer,444.6,1139.9,1111.242142840629,1139.0664344164768,1125.1542886285529,14.745711371447214
TR-040189,2025-09-11,september,Dry Van,795.6,1562.41,1515.9503411162,1587.936571181188,1551.943456148694,10.466543851306142
TR-040190,2025-09-11,september,Reefer,369.7,939.43,942.290654776237,941.4732126603183,941.8819337182777,2.451933718277701
TR-040191,2025-09-11,september,Reefer,1698.2,3780.8,3648.5931902418038,3643.262093703591,3645.9276419726975,134.87235802730265
TR-040192,2025-09-11,september,Dry Van,2178.8,4087.56,4011.521182190775,4160.298311691762,4085.9097469412686,1.650253058731323
TR-040193,2025-09-11,september,Flatbed,1068.1,2435.69,2402.018817293288,2429.7733961528015,2415.896106723045,19.79389327695526
TR-040194,2025-09-11,september,Flatbed,1730.8,3586.64,3529.9890021253696,3553.6406556463407,3541.814828885855,44.82517111414472
TR-040195,2025-09-11,september,Reefer,2240.6,4789.73,4754.693495880723,4750.862717709146,4752.7781067949345,36.95189320506506
TR-040196,2025-09-11,september,Dry Van,1764.6,3313.06,3356.135023759728,3341.3008627041477,3348.717943231938,35.657943231938134
TR-040197,2025-09-11,september,Flatbed,1018.5,2325.49,2273.7099972573096,2289.862807349176,2281.7864023032425,43.70359769675724
TR-040198,2025-09-11,september,Dry Van,962.2,2019.28,2042.6560893522908,2055.277408165343,2048.9667487588167,29.686748758816748
TR-040199,2025-09-11,september,Dry Van,1593.3,3086.07,3070.7942496055794,3027.0248925291075,3048.9095710673437,37.16042893265649
TR-040200,2025-09-11,september,Dry Van,866.2,1863.61,1884.8749461502562,1862.8141549862328,1873.8445505682444,10.234550568244458
TR-040201,2025-09-11,september,Reefer,855.1,1956.54,1954.2650761723387,1938.3433978829567,1946.3042370276476,10.235762972352404
TR-040202,2025-09-11,september,Flatbed,2178.9,4542.1,4373.036304877386,4484.543843998232,4428.790074437809,113.30992556219098
TR-040203,2025-09-11,september,Reefer,672.7,1690.71,1698.8519036771286,1627.5525141413789,1663.2022089092538,27.507791090746196
TR-040204,2025-09-11,september,Reefer,2419.5,5069.2,4990.788151534066,4945.528162777988,4968.158157156027,101.04184284397252
TR-040205,2025-09-11,september,Reefer,1241.6,2925.33,2786.2373755212534,2888.339130438319,2837.288252979786,88.04174702021373
TR-040206,2025-09-11,september,Dry Van,2559.1,4590.57,4646.069036639763,4598.099647212846,4622.084341926305,31.51434192630495
TR-040207,2025-09-11,september,Reefer,2300.7,4872.62,4753.614050203854,4914.788144434027,4834.201097318941,38.41890268105908
TR-040208,2025-09-11,september,Dry Van,2675.9,4808.27,4728.63584741994,4687.9016934855445,4708.268770452742,100.00122954725884
TR-040209,2025-09-11,september,Reefer,635.7,1603.47,1636.8369446718325,1564.8155088111366,1600.8262267414846,2.6437732585154663
TR-040210,2025-09-11,september,Reefer,222.1,643.67,644.1020364350234,723.9043899748965,684.0032132049599,40.333213204959975
TR-040211,2025-09-11,september,Dry Van,3157.1,5816.71,5604.530416036268,5723.744101622877,5664.137258829573,152.57274117042743
TR-040212,2025-09-11,september,Dry Van,425.2,979.75,950.0281975691241,960.085055584806,955.0566265769651,24.693373423034927
TR-040213,2025-09-11,september,Dry Van,593.8,1342.92,1288.8624187630687,1275.7817724387626,1282.3220956009156,60.59790439908443
TR-040214,2025-09-11,september,Reefer,2056.9,4292.87,4231.849695800607,4213.495153559866,4222.672424680237,70.19757531976302
TR-040215,2025-09-11,september,Dry Van,1700.9,3390.36,3362.8351032170663,3333.7593557906434,3348.297229503855,42.062770496145276
TR-040216,2025-09-11,september,Dry Van,310.3,820.63,795.6068309884898,838.159036645249,816.8829338168694,3.7470661831306415
TR-040217,2025-09-11,september,Dry Van,2286.9,4105.79,4135.258779011704,4086.548841444578,4110.903810228141,5.113810228141119
TR-040218,2025-09-11,september,Reefer,1829.6,4006.85,3909.5908484156407,3784.542007115653,3847.066427765647,159.78357223435296
TR-040219,2025-09-12,september,Dry Van,336.1,863.19,838.9844162073667,860.3132419099268,849.6488290586467,13.541170941353357
TR-040220,2025-09-12,september,Dry Van,295.9,767.37,728.9262549860483,764.2901318544514,746.6081934202498,20.761806579750214
TR-040221,2025-09-12,september,Dry Van,2064.1,3793.98,3799.5525629584063,3732.825289148991,3766.1889260536987,27.791073946301367
TR-040222,2025-09-12,september,Dry Van,2052.0,3929.53,3931.6491234568534,3905.8892672344464,3918.7691953456497,10.760804654350522
TR-040223,2025-09-12,september,Reefer,812.7,1980.42,1972.8870066179422,1893.5814960263328,1933.2342513221374,47.18574867786265
TR-040224,2025-09-12,september,Reefer,1212.5,2759.38,2722.4992295066336,2695.2386703513353,2708.8689499289844,50.51105007101569
TR-040225,2025-09-12,september,Flatbed,674.8,1625.12,1578.5590709171217,1523.892569306018,1551.2258201115699,73.89417988843002
TR-040226,2025-09-12,september,Dry Van,2047.0,4099.71,4033.0232390612055,3928.0416328646024,3980.532435962904,119.17756403709609
TR-040227,2025-09-12,september,Dry Van,634.3,1379.44,1366.256375776314,1338.5923545693395,1352.4243651728266,27.01563482717347
TR-040228,2025-09-12,september,Dry Van,1310.1,2548.48,2570.5237541440956,2593.9798423623533,2582.2517982532245,33.77179825322446
TR-040229,2025-09-12,september,Dry Van,501.6,1158.71,1120.1360484016036,1123.9745947650667,1122.0553215833352,36.654678416664865
TR-040230,2025-09-12,september,Dry Van,670.5,1487.45,1519.5249549632897,1501.5619390876036,1510.5434470254468,23.09344702544672
TR-040231,2025-09-12,september,Dry Van,309.1,767.78,750.430795510853,760.5643887525323,755.4975921316927,12.282407868307246
TR-040232,2025-09-12,september,Dry Van,795.6,1667.13,1570.1040442159353,1609.7761203972414,1589.9400823065885,77.18991769341164
TR-040233,2025-09-12,september,Reefer,2805.7,5722.29,5554.3812437250745,5543.643536952537,5549.012390338806,173.27760966119422
TR-040234,2025-09-12,september,Flatbed,1279.7,2938.6,2850.6228295447213,2850.895306814912,2850.7590681798165,87.84093182018341
TR-040235,2025-09-12,september,Reefer,2072.6,4591.1,4325.243405739654,4386.950659728343,4356.097032733998,235.0029672660021
TR-040236,2025-09-12,september,Reefer,2051.1,4100.14,4093.7381393536834,4076.7086701086687,4085.223404731176,14.916595268824494
TR-040237,2025-09-12,september,Reefer,742.3,1824.41,1818.5239052499053,1771.8292184476068,1795.1765618487561,29.233438151243945
TR-040238,2025-09-12,september,Reefer,594.3,1438.34,1416.1825448625482,1385.2108764996137,1400.696710681081,37.64328931891896
TR-040239,2025-09-12,september,Dry Van,915.1,1776.7,1746.6689342109457,1756.864616028423,1751.7667751196843,24.93322488031572
TR-040240,2025-09-12,september,Dry Van,833.7,1791.57,1754.022450775461,1734.3597762143393,1744.1911134949,47.3788865050999
TR-040241,2025-09-12,september,Dry Van,1182.2,2270.22,2289.8270272171553,2338.280647139391,2314.053837178273,43.83383717827337
TR-040242,2025-09-12,september,Dry Van,928.9,2023.04,1994.8690394088708,1966.7627912477024,1980.8159153282866,42.2240846717134
TR-040243,2025-09-12,september,Flatbed,654.9,1554.3,1484.5973157836681,1506.3518040729582,1495.4745599283133,58.82544007168667
TR-040244,2025-09-12,september,Dry Van,765.6,1638.1,1675.4302677031485,1648.8568634579608,1662.1435655805547,24.04356558055474
TR-040245,2025-09-12,september,Reefer,1394.5,3209.87,3158.512714560699,3168.956507247792,3163.7346109042455,46.13538909575436
TR-040246,2025-09-12,september,Dry Van,1242.3,2315.18,2308.1151206098175,2361.51446665017,2334.814793629994,19.634793629993965
TR-040247,2025-09-12,september,Dry Van,1389.5,2765.1,2674.1752393777588,2725.1879107462846,2699.6815750620217,65.41842493797822
TR-040248,2025-09-12,september,Dry Van,2156.3,4187.65,4135.179668041954,4059.3943862264696,4097.287027134212,90.36297286578792
TR-040249,2025-09-12,september,Dry Van,2952.2,5413.49,5247.582086353126,5236.331245654608,5241.956666003867,171.53333399613257
TR-040250,2025-09-12,september,Dry Van,979.2,2089.53,2113.2328340263066,2112.472000386437,2112.8524172063717,23.322417206371483
TR-040251,2025-09-12,september,Dry Van,745.9,1529.14,1490.6649203035454,1472.0862553782954,1481.3755878409204,47.76441215907971
TR-040252,2025-09-12,september,Reefer,1696.5,3547.22,3504.981159405499,3543.390858658928,3524.1860090322134,23.033990967786394
TR-040253,2025-09-12,september,Flatbed,442.4,1091.26,1056.316224011885,1074.8794966385542,1065.5978603252197,25.662139674780292
TR-040254,2025-09-12,september,Reefer,2010.8,4639.2,4327.796564305776,4318.061789044313,4322.929176675045,316.270823324955
TR-040255,2025-09-12,september,Dry Van,3013.0,5437.19,5400.291312648618,5411.416913834681,5405.854113241649,31.33588675835017
TR-040256,2025-09-12,september,Dry Van,2706.1,4618.42,4636.29669848669,4558.501076772953,4597.398887629821,21.021112370179253
TR-040257,2025-09-12,september,Dry Van,1247.0,2496.84,2506.1020774545286,2438.5664757003287,2472.3342765774287,24.505723422571464
TR-040258,2025-09-12,september,Dry Van,517.1,1135.31,1111.6790716829971,1125.6338534946856,1118.6564625888414,16.653537411158595
TR-040259,2025-09-12,september,Flatbed,1961.2,4185.43,4034.970671874938,4058.9483503623705,4046.9595111186545,138.47048888134577
TR-040260,2025-09-12,september,Flatbed,2450.1,4591.58,4408.182656653424,4494.253475905107,4451.218066279265,140.36193372073467
TR-040261,2025-09-12,september,Reefer,1052.6,2364.33,2365.984872575521,2366.0822570054097,2366.0335647904653,1.703564790465407
TR-040262,2025-09-12,september,Dry Van,1156.1,2225.24,2242.4398729875775,2217.029602601503,2229.7347377945403,4.49473779454047
TR-040263,2025-09-12,september,Dry Van,2574.8,4945.19,4750.894733168783,4761.709739213051,4756.302236190917,188.88776380908257
TR-040264,2025-09-12,september,Flatbed,337.1,879.21,849.008482789108,884.5897570963923,866.7991199427502,12.41088005724987
TR-040265,2025-09-12,september,Reefer,2027.5,4561.04,4424.954300388838,4419.163418356253,4422.058859372546,138.9811406274539
TR-040266,2025-09-12,september,Dry Van,1234.1,2543.79,2549.3416154981637,2522.314941743556,2535.82827862086,7.961721379139817
TR-040267,2025-09-12,september,Reefer,2276.1,5028.04,4753.063579410526,4793.3798925703695,4773.221735990448,254.81826400955197
TR-040268,2025-09-12,september,Reefer,1558.3,3489.82,3347.5632942380403,3428.6182878972036,3388.090791067622,101.72920893237824
TR-040269,2025-09-12,september,Dry Van,833.9,1882.39,1870.6216073864337,1841.6333473600382,1856.127477373236,26.262522626764166
TR-040270,2025-09-12,september,Dry Van,962.9,1972.59,1952.4623319695058,1967.7605215285232,1960.1114267490145,12.478573250985391
TR-040271,2025-09-12,september,Reefer,435.6,1106.33,1082.894083421464,1058.659956624097,1070.7770200227806,35.552979977219366
TR-040272,2025-09-12,september,Reefer,532.0,1328.03,1320.7382773634006,1303.56673466007,1312.1525060117353,15.877493988264632
TR-040273,2025-09-12,september,Flatbed,1576.0,3357.98,3164.4570006624162,3269.598442865473,3217.0277217639446,140.95227823605546
TR-040274,2025-09-12,september,Dry Van,581.3,352.31,1327.3882417493528,1300.4342800779816,1313.9112609136673,961.6012609136674
TR-040275,2025-09-12,september,Dry Van,2237.0,4259.95,4251.454286962746,4183.970573763256,4217.712430363001,42.23756963699907
TR-040276,2025-09-12,september,Flatbed,1930.7,3901.63,3768.5186860613553,3770.2799718068786,3769.399328934117,132.23067106588314
TR-040277,2025-09-12,september,Dry Van,895.9,1806.24,1763.0824019567253,1794.3121002908824,1778.6972511238039,27.54274887619613
TR-040278,2025-09-12,september,Dry Van,637.5,1302.11,1284.4475754751002,1285.9947659601698,1285.221170717635,16.888829282364895
TR-040279,2025-09-12,september,Reefer,222.6,659.64,675.375316547329,708.0027207593209,691.689018653325,32.04901865332499
TR-040280,2025-09-12,september,Flatbed,674.3,1475.99,1416.9147343025381,1440.9096771899744,1428.9122057462564,47.077794253743605
TR-040281,2025-09-12,september,Flatbed,674.1,1490.26,1410.84580675638,1440.376160299013,1425.6109835276966,64.6490164723034
TR-040282,2025-09-12,september,Flatbed,1526.6,3320.42,3237.835116372636,3301.6728312481237,3269.7539738103796,50.666026189620425
TR-040283,2025-09-12,september,Flatbed,1701.2,3472.54,3286.946207658791,3361.5820103091373,3324.2641089839644,148.27589101603553
TR-040284,2025-09-12,september,Reefer,469.2,1137.73,1107.3427851401577,1120.7512894618606,1114.0470373010091,23.682962698990877
TR-040285,2025-09-12,september,Reefer,1648.2,3696.43,3620.5188273864264,3725.8614814701878,3673.1901544283073,23.239845571692513
TR-040286,2025-09-12,september,Dry Van,243.9,577.85,574.5326814818708,569.3885792326882,571.9606303572796,5.889369642720453
TR-040287,2025-09-12,september,Flatbed,1525.8,3239.2,3088.480456552296,3149.0856652397006,3118.7830608959985,120.41693910400136
TR-040288,2025-09-12,september,Dry Van,1818.2,3561.78,3520.68162009946,3516.5966804421587,3518.6391502708093,43.140849729190904
TR-040289,2025-09-12,september,Dry Van,1836.6,3320.48,3345.344976957404,3344.460840237869,3344.9029085976363,24.42290859763625
TR-040290,2025-09-12,september,Reefer,2315.7,4697.77,4553.269481679,4517.887553525326,4535.578517602164,162.1914823978368
TR-040291,2025-09-12,september,Flatbed,389.2,1046.21,987.9404925121495,969.2400902703414,978.5902913912455,67.61970860875454
TR-040292,2025-09-12,september,Flatbed,2349.6,4717.95,4584.516300319382,4593.625618934955,4589.070959627168,128.8790403728317
TR-040293,2025-09-12,september,Reefer,1037.8,2420.04,2383.7710359403377,2315.3981923219567,2349.584614131147,70.45538586885277
TR-040294,2025-09-12,september,Dry Van,306.7,763.18,758.8859809061222,761.9546170053832,760.4202989557527,2.7597010442472083
TR-040295,2025-09-12,september,Dry Van,2091.4,3908.63,3925.3364787288547,3888.827707665322,3907.0820931970884,1.5479068029117116
TR-040296,2025-09-12,september,Flatbed,762.4,1672.54,1646.0023729513073,1599.0396482528595,1622.5210106020834,50.018989397916584
TR-040297,2025-09-12,september,Dry Van,409.6,971.23,947.8068516383281,949.063378608992,948.4351151236601,22.794884876339893
TR-040298,2025-09-12,september,Dry Van,2883.5,4982.94,5053.491414570216,4976.000023901677,5014.745719235947,31.805719235947436
TR-040299,2025-09-12,september,Flatbed,1002.1,2276.71,2232.9593952799764,2197.4180072249355,2215.1887012524558,61.52129874754428
TR-040300,2025-09-12,september,Reefer,704.6,461.77,1581.635978891479,1595.5078422094093,1588.571910550444,1126.801910550444
TR-040301,2025-09-12,september,Dry Van,477.5,1077.4,1108.0605379984559,1064.3256886864276,1086.1931133424418,8.793113342441757
TR-040302,2025-09-12,september,Flatbed,295.4,739.46,722.6304771925452,739.0909362877389,730.8607067401421,8.599293259857973
TR-040303,2025-09-12,september,Flatbed,2299.5,4373.27,4332.39272990559,4369.236459204638,4350.814594555114,22.45540544488631
TR-040304,2025-09-12,september,Reefer,416.1,1141.5,1092.7520513762713,1105.3174831671552,1099.0347672717132,42.465232728286765
TR-040305,2025-09-12,september,Dry Van,706.3,1558.84,1562.5795096553038,1555.2416167766091,1558.9105632159565,0.0705632159565539
TR-040306,2025-09-12,september,Dry Van,1312.1,2644.28,2646.1464205137236,2651.9041116830185,2649.025266098371,4.745266098370848
TR-040307,2025-09-12,september,Dry Van,2135.5,3979.89,3914.8681815577434,3906.7767180127903,3910.822449785267,69.06755021473282
TR-040308,2025-09-12,september,Dry Van,2641.3,4787.12,4761.871661535409,4789.269767756201,4775.570714645804,11.54928535419549
TR-040309,2025-09-12,september,Reefer,783.7,1811.81,1857.1764523122995,1777.4183090140605,1817.2973806631799,5.48738066317992
TR-040310,2025-09-12,september,Dry Van,664.2,1369.82,1345.3722766392607,1339.7437807996853,1342.558028719473,27.26197128052695
TR-040311,2025-09-12,september,Flatbed,1608.7,3467.94,3350.8461553167995,3380.232064957613,3365.539110137206,102.40088986279397
TR-040312,2025-09-12,september,Dry Van,418.6,1037.14,1042.7468784152657,1018.7640466013777,1030.7554625083217,6.384537491678429
TR-040313,2025-09-12,september,Reefer,477.1,1214.34,1219.1652555148798,1225.5853729509527,1222.3753142329163,8.035314232916335
TR-040314,2025-09-12,september,Dry Van,971.7,2044.98,2038.5629838311668,2024.1944220340533,2031.37870293261,13.601297067390078
TR-040315,2025-09-12,september,Dry Van,490.1,1042.66,1042.1710359371107,1041.730657878408,1041.9508469077593,0.7091530922407401
TR-040316,2025-09-12,september,Dry Van,326.3,794.57,768.4039997701901,783.0158352390038,775.7099175045969,18.860082495403162
TR-040317,2025-09-12,september,Dry Van,439.6,1026.46,1017.904807700721,1039.175459916813,1028.540133808767,2.080133808766959
TR-040318,2025-09-12,september,Reefer,2621.2,5451.58,5295.943484325051,5301.380230810368,5298.661857567709,152.91814243229055
TR-040319,2025-09-12,september,Flatbed,2813.1,5482.58,5328.140360839227,5300.240181722842,5314.190271281034,168.38972871896567
TR-040320,2025-09-12,september,Dry Van,1556.0,2956.1,2918.4766701453855,2890.6901865185255,2904.5834283319555,51.516571668044435
TR-040321,2025-09-12,september,Dry Van,666.7,1364.46,1312.0927092032618,1318.0304990135573,1315.0616041084095,49.39839589159055
TR-040322,2025-09-12,september,Reefer,71.3,247.85,276.2827423072645,438.8657561427783,357.5742492250214,109.7242492250214
TR-040323,2025-09-12,september,Dry Van,1639.9,14949.25,3251.9247542681246,3357.299991624161,3304.612372946143,11644.637627053857
TR-040324,2025-09-12,september,Reefer,142.9,447.8,409.16096538154494,623.2492798678775,516.2051226247112,68.40512262471117
TR-040325,2025-09-12,september,Flatbed,1018.3,2262.85,2247.3792741672114,2278.1365944772915,2262.7579343222515,0.09206567774845098
TR-040326,2025-09-12,september,Dry Van,179.1,473.51,463.4173940739682,533.5145259922035,498.4659600330858,24.95596003308583
TR-040327,2025-09-12,september,Dry Van,1040.5,2161.89,2142.9774655459555,2112.856688526847,2127.917077036401,33.97292296359865
TR-040328,2025-09-12,september,Dry Van,1589.8,3072.12,3142.4235767839145,3117.169741929161,3129.796659356538,57.67665935653804
TR-040329,2025-09-12,september,Reefer,3190.6,6656.87,6131.958655316499,6550.0627076428245,6341.010681479662,315.8593185203381
TR-040330,2025-09-12,september,Dry Van,2411.3,4522.94,4498.0942537067485,4508.770228308023,4503.4322410073855,19.50775899261407
TR-040331,2025-09-12,september,Dry Van,1647.6,3198.8,3187.52074202415,3158.202421270639,3172.861581647395,25.938418352605368
TR-040332,2025-09-12,september,Reefer,921.7,2312.51,2236.326550315539,2234.061331454237,2235.193940884888,77.31605911511224
TR-040333,2025-09-12,september,Dry Van,1242.4,2666.9,2583.9373689658346,2569.808519506868,2576.872944236351,90.02705576364906
TR-040334,2025-09-12,september,Flatbed,337.7,905.78,849.9926772253275,878.2467106352633,864.1196939302954,41.660306069704575
TR-040335,2025-09-12,september,Reefer,122.7,406.25,377.1356932600037,552.019269003619,464.57748113181134,58.32748113181134
TR-040336,2025-09-12,september,Flatbed,994.1,2386.95,2274.209666676866,2258.368918735825,2266.289292706346,120.66070729365401
TR-040337,2025-09-12,september,Reefer,923.0,2234.94,2242.158127958483,2210.339896976387,2226.249012467435,8.690987532565032
TR-040338,2025-09-12,september,Dry Van,2121.8,4093.95,4034.3298209320824,3915.351406403245,3974.840613667664,119.10938633233582
TR-040339,2025-09-12,september,Reefer,300.9,828.81,803.8474343121418,859.7752261874382,831.81133024979,3.001330249790044
TR-040340,2025-09-12,september,Dry Van,1124.5,2263.03,2267.1876394554406,2234.1312083591324,2250.6594239072865,12.37057609271369
TR-040341,2025-09-12,september,Dry Van,237.0,598.68,570.7294968001727,583.6476676880095,577.1885822440911,21.491417755908856
TR-040342,2025-09-12,september,Flatbed,1223.6,2710.46,2675.806725975292,2724.1009486461567,2699.9538373107243,10.506162689275698
TR-040343,2025-09-12,september,Dry Van,2286.2,4232.89,4215.371770260505,4211.237331264006,4213.3045507622555,19.585449237744797
TR-040344,2025-09-12,september,Dry Van,1110.1,2243.11,2225.9568468398843,2260.5227516402247,2243.2397992400547,0.12979924005458088
TR-040345,2025-09-12,september,Reefer,2727.3,5715.39,5511.185172178654,5607.314501625313,5559.249836901983,156.14016309801718
TR-040346,2025-09-12,september,Dry Van,373.0,866.51,847.0542949528013,840.041912621753,843.5481037872771,22.961896212722877
TR-040347,2025-09-12,september,Reefer,329.8,853.76,857.7194012113911,860.7446605195057,859.2320308654485,5.47203086544846
TR-040348,2025-09-12,september,Dry Van,525.3,1085.75,1075.088986451794,1102.218671150281,1088.6538288010374,2.9038288010374345
TR-040349,2025-09-12,september,Dry Van,1072.6,2089.87,2172.9978805042383,2159.6969872438276,2166.347433874033,76.47743387403307
TR-040350,2025-09-12,september,Dry Van,677.5,1467.17,1432.788378423074,1432.1489768477554,1432.4686776354147,34.701322364585394
TR-040351,2025-09-12,september,Dry Van,1076.3,2314.16,2252.9593008014854,2250.928167889649,2251.9437343455675,62.21626565443239
TR-040352,2025-09-12,september,Dry Van,578.1,1235.15,1212.8400067434075,1204.936204214012,1208.8881054787098,26.261894521290287
TR-040353,2025-09-12,september,Reefer,1214.5,2838.17,2771.1530343704853,2746.1040151357865,2758.628524753136,79.54147524686414
TR-040354,2025-09-12,september,Reefer,358.3,956.43,962.4946436444981,988.8738657341707,975.6842546893345,19.254254689334516
TR-040355,2025-09-12,september,Dry Van,650.6,1326.12,1291.99894638863,1315.2592352865797,1303.629090837605,22.490909162394928
TR-040356,2025-09-12,september,Dry Van,1056.4,2133.45,2130.9364905051334,2142.8680776125275,2136.9022840588304,3.452284058830628
TR-040357,2025-09-12,september,Reefer,123.8,377.23,363.4412588839844,571.4263047739898,467.4337818289871,90.20378182898708
TR-040358,2025-09-12,september,Flatbed,2556.1,5109.12,4829.106171803433,4920.582955373366,4874.8445635884,234.2754364115999
TR-040359,2025-09-12,september,Flatbed,804.9,1660.54,1638.3901769762992,1625.9226676564872,1632.1564223163932,28.383577683606745
TR-040360,2025-09-12,september,Dry Van,1281.9,2562.34,2540.2676439183415,2497.777504036761,2519.0225739775515,43.31742602244867
TR-040361,2025-09-12,september,Dry Van,2168.7,4194.09,4154.119735638464,4142.21948645736,4148.1696110479115,45.920388952088615
TR-040362,2025-09-12,september,Reefer,946.3,2122.65,2119.551051797802,2114.6167199813544,2117.083885889578,5.56611411042195
TR-040363,2025-09-12,september,Dry Van,882.0,1989.84,1903.3652118726957,1915.9428078867443,1909.65400987972,80.18599012027994
TR-040364,2025-09-12,september,Dry Van,631.6,1352.36,1377.6345317011223,1351.964299565852,1364.7994156334871,12.439415633487215
TR-040365,2025-09-12,september,Reefer,1512.7,3269.05,3217.423847351297,3287.8831590079603,3252.6535031796284,16.396496820371794
TR-040366,2025-09-12,september,Dry Van,581.6,1384.88,1353.8945837925896,1325.1557084113201,1339.5251461019548,45.35485389804535
TR-040367,2025-09-12,september,Reefer,771.5,1760.79,1788.013499797303,1753.2988301523878,1770.6561649748455,9.86616497484556
TR-040368,2025-09-12,september,Dry Van,1181.2,2275.58,2216.5062367519595,2308.3084184328036,2262.4073275923815,13.172672407618393
TR-040369,2025-09-12,september,Dry Van,617.3,1365.44,1322.6419007883233,1312.1496428106484,1317.3957717994858,48.044228200514226
TR-040370,2025-09-12,september,Reefer,352.0,870.24,890.8000186607552,863.0603535487107,876.9301861047329,6.690186104732902
TR-040371,2025-09-12,september,Dry Van,2122.0,4070.73,4013.624677029756,4052.373257932608,4032.9989674811823,37.731032518817756
TR-040372,2025-09-12,september,Reefer,945.1,2270.2,2204.7293649188596,2206.3223145281117,2205.5258397234857,64.67416027651416
TR-040373,2025-09-12,september,Dry Van,1543.5,2926.04,2962.6141287442824,2936.1886842041536,2949.4014064742178,23.3614064742178
TR-040374,2025-09-12,september,Flatbed,1351.2,2770.25,2704.235974007948,2670.8972732836824,2687.566623645815,82.68337635418493
TR-040375,2025-09-12,september,Dry Van,545.0,1254.79,1263.321070850364,1227.6623804921182,1245.491725671241,9.298274328758907
TR-040376,2025-09-12,september,Flatbed,1217.4,2776.29,2702.855942710366,2691.606403842951,2697.2311732766584,79.05882672334155
TR-040377,2025-09-12,september,Flatbed,979.9,2124.53,2104.506096475972,2072.3845192053464,2088.445307840659,36.0846921593411
TR-040378,2025-09-12,september,Dry Van,685.0,1496.82,1436.737284988776,1404.283148803227,1420.5102168960016,76.30978310399837
TR-040379,2025-09-12,september,Dry Van,465.7,1110.55,1073.5078185818256,1081.8588431014234,1077.6833308416244,32.866669158375544
TR-040380,2025-09-13,september,Reefer,2688.4,5032.44,5023.021857287225,4907.321101200951,4965.171479244088,67.2685207559116
TR-040381,2025-09-13,september,Flatbed,464.0,1156.27,1120.5404244977317,1130.5509231025121,1125.545673800122,30.724326199878078
TR-040382,2025-09-13,september,Flatbed,1615.9,3594.44,3372.9598779750227,3401.661443867526,3387.3106609212746,207.12933907872548
TR-040383,2025-09-13,september,Dry Van,2923.1,5024.42,5081.957827848753,4997.267692684677,5039.612760266715,15.192760266714686
TR-040384,2025-09-13,september,Dry Van,1690.3,3518.99,3370.713246627624,3367.1734699525737,3368.943358290099,150.046641709901
TR-040385,2025-09-13,september,Dry Van,630.6,1308.11,1316.0096687723137,1302.282323501423,1309.1459961368682,1.0359961368683344
TR-040386,2025-09-13,september,Reefer,1144.9,2641.06,2590.6773715702916,2600.7608403285335,2595.7191059494126,45.340894050587394
TR-040387,2025-09-13,september,Dry Van,997.4,2047.73,2057.4606918529735,2046.9257429396932,2052.1932173963332,4.463217396333221
TR-040388,2025-09-13,september,Dry Van,499.5,1098.51,1076.7243122617979,1120.233369198651,1098.4788407302244,0.031159269775571374
TR-040389,2025-09-13,september,Reefer,997.5,2165.4,2193.837295937546,2131.110884827779,2162.4740903826623,2.9259096173377657
TR-040390,2025-09-13,september,Dry Van,267.1,642.34,637.0438948692433,600.8073931369945,618.9256440031189,23.414355996881113
TR-040391,2025-09-13,september,Reefer,981.0,2312.59,2247.8558219978104,2231.3744446488104,2239.61513332331,72.97486667669
TR-040392,2025-09-13,september,Dry Van,1645.1,3300.38,3178.2966825344874,3217.5294481444453,3197.9130653394664,102.46693466053375
TR-040393,2025-09-13,september,Dry Van,2107.6,4012.45,4035.0019350515754,4005.752782477024,4020.3773587643,7.927358764300152
TR-040394,2025-09-13,september,Dry Van,2036.2,3842.18,3878.2278158450704,3831.9706775949257,3855.099246719998,12.919246719998227
TR-040395,2025-09-13,september,Reefer,1835.8,4067.4,3850.3528043872743,3974.4428770078766,3912.3978406975757,155.0021593024244
TR-040396,2025-09-13,september,Reefer,819.9,1871.23,1842.009810388463,1798.5113257187797,1820.2605680536212,50.96943194637879
TR-040397,2025-09-13,september,Dry Van,602.5,1345.09,1292.1194705838345,1275.6681436808317,1283.8938071323332,61.196192867666696
TR-040398,2025-09-13,september,Dry Van,1225.8,2379.95,2392.9966332855133,2425.287637564691,2409.1421354251024,29.192135425102606
TR-040399,2025-09-13,september,Dry Van,1729.6,3234.86,3237.3409959538108,3316.6855979476404,3277.013296950726,42.15329695072569
TR-040400,2025-09-13,september,Dry Van,2034.4,3888.05,3861.364476964561,3824.2933624701136,3842.828919717337,45.221080282663024
TR-040401,2025-09-13,september,Dry Van,3238.9,5546.62,5285.865856438287,5381.372467324248,5333.619161881267,213.00083811873264
TR-040402,2025-09-13,september,Reefer,429.4,1170.83,1122.8235563358635,1141.0342369888986,1131.928896662381,38.901103337618906
TR-040403,2025-09-13,september,Dry Van,335.5,827.34,783.0307211017741,792.3369132066603,787.6838171542172,39.65618284578284
TR-040404,2025-09-13,september,Dry Van,669.1,1401.93,1394.9699655365098,1399.72346860453,1397.3467170705198,4.5832829294802195
TR-040405,2025-09-13,september,Dry Van,1317.4,2614.48,2630.2568252768,2614.6596935802263,2622.458259428513,7.978259428512956
TR-040406,2025-09-13,september,Reefer,502.6,1219.14,1191.7286954700685,1222.7514262134046,1207.2400608417365,11.899939158263578
TR-040407,2025-09-13,september,Reefer,1520.3,3280.39,3109.6023018509118,3218.3684221554604,3163.9853620031863,116.40463799681356
TR-040408,2025-09-13,september,Dry Van,800.0,1654.89,1641.5741740570395,1616.483721213042,1629.0289476350408,25.861052364959278
TR-040409,2025-09-13,september,Dry Van,2115.6,3701.25,3591.706474156283,3733.1063356094137,3662.4064048828486,38.84359511715138
TR-040410,2025-09-13,september,Reefer,1948.6,4009.05,3890.47416001238,3932.0881693061165,3911.281164659248,97.76883534075205
TR-040411,2025-09-13,september,Flatbed,1423.8,3045.39,2931.51833506361,3068.1280497505245,2999.823192407067,45.566807592932946
TR-040412,2025-09-13,september,Reefer,1043.5,2354.32,2246.06098370748,2296.836587861548,2271.4487857845143,82.8712142154859
TR-040413,2025-09-13,september,Flatbed,426.9,1044.62,1012.0917053723037,1049.6086065755203,1030.850155973912,13.769844026087867
TR-040414,2025-09-13,september,Reefer,2033.5,4472.56,4266.08877178139,4322.993755166799,4294.541263474095,178.0187365259053
TR-040415,2025-09-13,september,Flatbed,1691.2,3543.62,3352.950372832605,3475.8511901860848,3414.4007815093446,129.2192184906553
TR-040416,2025-09-13,september,Dry Van,563.6,1172.55,1158.3195628147625,1205.9422197791612,1182.1308912969619,9.580891296961909
TR-040417,2025-09-13,september,Dry Van,212.7,522.39,517.582424633036,514.8443318182533,516.2133782256446,6.17662177435534
TR-040418,2025-09-13,september,Flatbed,380.4,946.45,862.4088706373115,894.6373972634865,878.5231339503989,67.92686604960113
TR-040419,2025-09-13,september,Reefer,523.0,1287.81,1244.71821551188,1256.6099462679763,1250.6640808899283,37.145919110071645
TR-040420,2025-09-13,september,Reefer,1132.2,2479.11,2428.821989075032,2466.5417451601734,2447.6818671176025,31.428132882397676
TR-040421,2025-09-13,september,Dry Van,495.0,1079.36,1056.354700809945,1075.5856492189496,1065.9701750144472,13.38982498555265
TR-040422,2025-09-13,september,Dry Van,1031.4,2108.65,2092.540153855277,2077.293574613944,2084.9168642346103,23.73313576538976
TR-040423,2025-09-13,september,Reefer,466.7,1228.34,1199.9149676386098,1191.8283562252427,1195.8716619319262,32.46833806807376
TR-040424,2025-09-13,september,Flatbed,732.9,1651.44,1622.1700663057031,1641.1363077196208,1631.6531870126619,19.78681298733818
TR-040425,2025-09-13,september,Reefer,1262.9,2785.71,2667.920535095562,2710.946887127552,2689.4337111115574,96.27628888844265
TR-040426,2025-09-13,september,Dry Van,458.7,1009.66,992.5576810530652,1025.2902095961417,1008.9239453246034,0.7360546753965309
TR-040427,2025-09-13,september,Dry Van,1116.4,2166.72,2178.0323383121686,2177.0887912155877,2177.560564763878,10.84056476387832
TR-040428,2025-09-13,september,Dry Van,965.5,2058.77,2053.768623385674,2030.0126373477387,2041.8906303667063,16.879369633293663
TR-040429,2025-09-13,september,Dry Van,1846.8,3388.79,3339.41149297035,3262.6554593359097,3301.03347615313,87.7565238468701
TR-040430,2025-09-13,september,Reefer,1639.1,3731.04,3610.89857624684,3739.8470060406826,3675.3727911437613,55.66720885623863
TR-040431,2025-09-13,september,Dry Van,1317.6,2474.14,2500.282858777855,2528.7240312642825,2514.5034450210687,40.363445021068856
TR-040432,2025-09-13,september,Dry Van,2191.1,3947.05,3875.5352615999814,3887.6918676451132,3881.6135646225475,65.43643537745265
TR-040433,2025-09-13,september,Dry Van,1993.3,3475.62,3476.290701480562,3535.932830120935,3506.1117658007483,30.491765800748453
TR-040434,2025-09-13,september,Dry Van,1347.9,2662.84,2703.38679049443,2677.3824497377764,2690.384620116103,27.544620116103033
TR-040435,2025-09-13,september,Dry Van,2055.0,3904.05,3932.489375697329,3789.1523327400905,3860.8208542187094,43.229145781290754
TR-040436,2025-09-13,september,Dry Van,580.5,1296.1,1254.5090340152922,1237.3582994783696,1245.933666746831,50.16633325316889
TR-040437,2025-09-13,september,Dry Van,2833.7,5031.51,5028.673480937813,5009.528099820842,5019.100790379327,12.40920962067321
TR-040438,2025-09-13,september,Dry Van,1520.9,3090.11,2940.440895547461,2994.041656813702,2967.2412761805817,122.86872381941839
TR-040439,2025-09-13,september,Dry Van,183.8,463.47,461.33951200297037,451.375349222601,456.3574306127857,7.112569387214307
TR-040440,2025-09-13,september,Dry Van,1311.4,2545.48,2532.7446956929243,2515.25164721849,2523.998171455707,21.481828544292966
TR-040441,2025-09-13,september,Flatbed,728.2,1686.2,1656.9409911119799,1657.8398046167536,1657.3903978643666,28.80960213563344
TR-040442,2025-09-13,september,Dry Van,695.4,1454.96,1470.4890701366596,1454.4949347562886,1462.492002446474,7.532002446474053
TR-040443,2025-09-13,september,Dry Van,2530.0,4695.81,4584.4402123751615,4587.860486577496,4586.150349476329,109.65965052367119
TR-040444,2025-09-13,september,Dry Van,1533.4,2958.37,2888.6404591401906,2911.7391101344347,2900.1897846373126,58.18021536268725
TR-040445,2025-09-13,september,Dry Van,798.2,1734.08,1708.5329710162362,1711.098360040862,1709.815665528549,24.264334471450866
TR-040446,2025-09-13,september,Flatbed,685.5,1585.84,1581.6548002351283,1584.6417960139725,1583.1482981245504,2.691701875449553
TR-040447,2025-09-13,september,Flatbed,999.6,2357.09,2253.1699962825196,2237.9711517266733,2245.5705740045964,111.51942599540371
TR-040448,2025-09-13,september,Dry Van,538.5,1203.48,1188.6758077703553,1201.3044708350967,1194.990139302726,8.489860697274025
TR-040449,2025-09-13,september,Dry Van,2316.5,4194.59,4255.052556909037,4218.6144928141875,4236.833524861612,42.24352486161206
TR-040450,2025-09-13,september,Reefer,791.8,1836.72,1852.0254403774043,1772.5810852931884,1812.3032628352962,24.416737164703818
TR-040451,2025-09-13,september,Dry Van,502.6,1044.71,1034.9798236312292,1048.5143457763263,1041.7470847037778,2.9629152962222634
TR-040452,2025-09-13,september,Reefer,849.9,1951.01,1915.5998718054698,1946.3786662861698,1930.9892690458198,20.02073095418018
TR-040453,2025-09-13,september,Reefer,539.0,1304.13,1300.0581113376109,1309.2917688161397,1304.6749400768754,0.5449400768752639
TR-040454,2025-09-13,september,Flatbed,965.8,2187.52,2160.8164562690176,2165.9148285182628,2163.36564239364,24.15435760636001
TR-040455,2025-09-13,september,Reefer,202.0,615.98,576.5810642321483,651.8695313579121,614.2252977950302,1.754702204969817
TR-040456,2025-09-13,september,Dry Van,3031.6,5455.82,5345.295396704497,5470.8155632360695,5408.055479970283,47.76452002971655
TR-040457,2025-09-13,september,Flatbed,1393.9,3089.77,2994.5533646079393,3078.703948095089,3036.628656351514,53.14134364848587
TR-040458,2025-09-13,september,Dry Van,1304.9,2391.71,2383.1556318521466,2499.5115506946986,2441.333591273423,49.62359127342279
TR-040459,2025-09-13,september,Flatbed,2296.9,4738.84,4370.41087710372,4573.533354488684,4471.972115796202,266.867884203798
TR-040460,2025-09-13,september,Dry Van,87.9,255.06,243.66074542196745,324.757308472505,284.2090269472362,29.149026947236223
TR-040461,2025-09-13,september,Dry Van,832.8,1799.91,1782.2525945090074,1768.4405080735291,1775.3465512912683,24.563448708731812
TR-040462,2025-09-13,september,Reefer,1977.9,4376.14,4147.814064655215,4188.921326513448,4168.367695584331,207.77230441566917
TR-040463,2025-09-13,september,Reefer,720.9,1688.51,1697.3734114520623,1664.9715513558176,1681.1724814039399,7.337518596060136
TR-040464,2025-09-13,september,Dry Van,1115.7,2187.93,2198.6689125218973,2256.736056478914,2227.7024845004057,39.77248450040588
TR-040465,2025-09-13,september,Dry Van,1922.6,3475.74,3522.01875823605,3515.7822658967934,3518.9005120664215,43.16051206642169
TR-040466,2025-09-13,september,Flatbed,744.9,1608.67,1581.2935024044325,1573.6601458704768,1577.4768241374545,31.19317586254556
TR-040467,2025-09-13,september,Flatbed,186.2,552.07,527.8903631476659,572.2199367904595,550.0551499690628,2.014850030937282
TR-040468,2025-09-13,september,Dry Van,1443.1,2883.87,2868.7382097707055,2911.1568010147816,2889.9475053927436,6.07750539274366
TR-040469,2025-09-13,september,Flatbed,948.4,2079.12,2071.492108990545,2053.5256015650175,2062.5088552777815,16.61114472221834
TR-040470,2025-09-13,september,Dry Van,578.0,1328.98,1304.3947871825194,1291.0582293187185,1297.726508250619,31.253491749381055
TR-040471,2025-09-13,september,Flatbed,842.7,2066.4,2129.459968577872,2054.8799115869106,2092.1699400823913,25.76994008239126
TR-040472,2025-09-13,september,Reefer,1208.1,2886.97,2787.5230357492874,2775.0734893432673,2781.2982625462773,105.67173745372247
TR-040473,2025-09-13,september,Dry Van,933.8,1878.13,1861.6622788273648,1816.4734974064088,1839.067888116887,39.062111883113175
TR-040474,2025-09-13,september,Dry Van,1035.1,1906.74,1968.5784946099586,2047.4311771483704,2008.0048358791646,101.2648358791646
TR-040475,2025-09-13,september,Reefer,677.7,1632.62,1653.2897243805214,1591.6669375237364,1622.478330952129,10.141669047870892
TR-040476,2025-09-13,september,Dry Van,1303.9,2622.33,2605.6275035703397,2513.8936334263135,2559.7605684983264,62.569431501673535
TR-040477,2025-09-13,september,Dry Van,2228.9,4250.53,4231.946172023842,4117.716913280246,4174.831542652044,75.69845734795581
TR-040478,2025-09-13,september,Dry Van,604.0,1417.05,1367.2555705962086,1359.1153911673985,1363.1854808818034,53.86451911819654
TR-040479,2025-09-13,september,Dry Van,1056.3,2092.12,2101.065038184441,2105.167715492326,2103.1163768383835,10.99637683838364
TR-040480,2025-09-13,september,Dry Van,302.1,719.31,724.1074976093917,720.151155845939,722.1293267276653,2.819326727665384
TR-040481,2025-09-13,september,Flatbed,347.6,863.27,845.2579539890231,869.6598954809053,857.4589247349643,5.811075265035697
TR-040482,2025-09-13,september,Dry Van,958.3,1933.73,1984.7845422803314,1956.4278600048322,1970.6062011425818,36.87620114258175
TR-040483,2025-09-13,september,Dry Van,789.7,1571.83,1516.4897530515957,1538.7654336050214,1527.6275933283086,44.20240667169128
TR-040484,2025-09-13,september,Dry Van,609.6,1271.19,1289.021629425573,1283.7453401781945,1286.3834848018837,15.193484801883642
TR-040485,2025-09-13,september,Dry Van,931.6,1900.04,1920.2256558068739,1908.5635102579377,1914.3945830324058,14.354583032405799
TR-040486,2025-09-13,september,Reefer,1932.3,3954.63,3819.1475049885285,3893.4957413112156,3856.321623149872,98.3083768501283
TR-040487,2025-09-13,september,Dry Van,1378.0,2561.78,2620.7991387734987,2646.839832367279,2633.8194855703887,72.03948557038848
TR-040488,2025-09-13,september,Reefer,2983.6,5851.44,5633.338714128408,5715.199275430026,5674.268994779217,177.17100522078272
TR-040489,2025-09-13,september,Dry Van,1019.1,1960.67,1974.3654708989254,1992.9482734099793,1983.6568721544522,22.986872154452158
TR-040490,2025-09-13,september,Dry Van,1513.8,2971.31,2865.4558692942132,2904.4666088983176,2884.9612390962657,86.34876090373427
TR-040491,2025-09-13,september,Dry Van,3033.7,5391.91,5278.489339615766,5228.603308518195,5253.546324066981,138.3636759330193
TR-040492,2025-09-13,september,Flatbed,2089.9,4266.21,4040.5912589792893,4129.739201972854,4085.165230476072,181.04476952392815
TR-040493,2025-09-13,september,Reefer,1180.9,2520.81,2474.8471285234186,2482.09046249502,2478.4687955092195,42.341204490780456
TR-040494,2025-09-13,september,Dry Van,1655.1,3124.48,3089.088898169114,3139.200406597759,3114.1446523834366,10.335347616563467
TR-040495,2025-09-13,september,Dry Van,915.4,1878.81,1879.2029661417903,1848.4182834307449,1863.8106247862675,14.999375213732492
TR-040496,2025-09-13,september,Dry Van,244.1,585.46,577.6017562829753,593.9056775382237,585.7537169105995,0.2937169105994144
TR-040497,2025-09-13,september,Dry Van,1272.2,2333.85,2316.634493255297,2427.609200389783,2372.1218468225397,38.27184682253983
TR-040498,2025-09-13,september,Dry Van,1005.9,2162.01,2092.0269658111415,2047.0522599874023,2069.539612899272,92.4703871007282
TR-040499,2025-09-13,september,Reefer,276.0,780.38,781.8983436855726,829.4649894751587,805.6816665803657,25.30166658036569
TR-040500,2025-09-13,september,Flatbed,841.4,2027.02,2039.0907128308945,1996.6061552885992,2017.848434059747,9.171565940253004
TR-040501,2025-09-13,september,Dry Van,1184.1,2341.29,2296.16870783723,2287.234629761627,2291.7016687994283,49.5883312005717
TR-040502,2025-09-13,september,Dry Van,1218.5,2582.43,2571.698678787836,2497.3573853351436,2534.5280320614897,47.9019679385101
TR-040503,2025-09-13,september,Dry Van,2266.7,4209.28,4179.013122963701,4134.82647607241,4156.919799518055,52.36020048194496
TR-040504,2025-09-13,september,Dry Van,3011.3,5482.81,5404.779044980203,5493.293767700237,5449.03640634022,33.77359365978009
TR-040505,2025-09-13,september,Reefer,539.4,1292.29,1277.1237225300458,1262.0505932917067,1269.5871579108762,22.702842089123806
TR-040506,2025-09-13,september,Dry Van,1199.2,2350.57,2288.739977771236,2372.7799319658784,2330.7599548685575,19.81004513144262
TR-040507,2025-09-13,september,Dry Van,812.9,1693.84,1738.1709844046452,1668.6099513980266,1703.3904679013358,9.550467901335878
TR-040508,2025-09-13,september,Dry Van,1415.7,2750.57,2696.843024762795,2803.055448178803,2749.949236470799,0.6207635292012128
TR-040509,2025-09-13,september,Dry Van,1163.0,2500.8,2397.203342868452,2414.050851293815,2405.627097081134,95.17290291886638
TR-040510,2025-09-13,september,Dry Van,292.9,679.62,656.005953492028,669.9871425782828,662.9965480351555,16.62345196484455
TR-040511,2025-09-13,september,Dry Van,595.7,1405.66,1356.2983090665377,1348.0674577458196,1352.1828834061787,53.47711659382139
TR-040512,2025-09-13,september,Flatbed,1254.9,2735.13,2687.330629739031,2803.0722044554204,2745.2014170972257,10.071417097225549
TR-040513,2025-09-13,september,Reefer,2107.4,4475.25,4366.866756850964,4489.08129361906,4427.974025235011,47.27597476498886
TR-040514,2025-09-13,september,Dry Van,433.5,900.01,892.3535497693103,909.1378485449734,900.7456991571419,0.7356991571418803
TR-040515,2025-09-13,september,Reefer,659.3,1601.14,1594.8490543723112,1565.7141695936548,1580.2816119829831,20.858388017016978
TR-040516,2025-09-13,september,Dry Van,1461.1,2754.85,2641.3452194999977,2763.424584450092,2702.384901975045,52.46509802495484
TR-040517,2025-09-13,september,Dry Van,286.9,698.07,688.4110296867418,702.8349162934517,695.6229729900967,2.4470270099033087
TR-040518,2025-09-13,september,Dry Van,261.7,586.07,587.0039686226758,582.7026489962846,584.8533088094802,1.2166911905198958
TR-040519,2025-09-13,september,Flatbed,291.3,804.41,762.0037741954905,774.7623498921341,768.3830620438123,36.02693795618768
TR-040520,2025-09-13,september,Dry Van,445.3,1061.76,995.7100977245725,1013.5196009878292,1004.6148493562009,57.14515064379907
TR-040521,2025-09-13,september,Dry Van,1832.4,3432.15,3433.870850045189,3388.8802211187253,3411.375535581957,20.774464418042953
TR-040522,2025-09-13,september,Flatbed,463.9,1152.91,1160.1531864203487,1142.950509137474,1151.5518477789115,1.3581522210886305
TR-040523,2025-09-13,september,Flatbed,1601.4,3445.34,3252.4271407986284,3340.076086418496,3296.2516136085624,149.08838639143778
TR-040524,2025-09-13,september,Dry Van,2602.0,4873.57,4727.633094533044,4764.408135683567,4746.020615108306,127.54938489169399
TR-040525,2025-09-13,september,Reefer,1671.1,3772.59,3654.3965617801396,3796.533952366609,3725.4652570733742,47.12474292662591
TR-040526,2025-09-13,september,Dry Van,1080.9,2065.79,2097.381279985364,2088.449879668241,2092.9155798268025,27.12557982680255
TR-040527,2025-09-13,september,Dry Van,230.4,608.99,595.1607237995942,653.9113818509418,624.5360528252679,15.546052825267907
TR-040528,2025-09-13,september,Dry Van,1233.6,2507.83,2523.116633977729,2488.8261385242718,2505.9713862510007,1.8586137489992325
TR-040529,2025-09-13,september,Dry Van,1647.7,3101.53,3149.738670486157,3285.2008671898166,3217.4697688379865,115.93976883798632
TR-040530,2025-09-13,september,Reefer,519.2,1398.57,1421.4117716332962,1359.5279422797314,1390.469856956514,8.100143043486014
TR-040531,2025-09-13,september,Dry Van,1039.3,2085.72,2100.7571544750026,2086.968843733931,2093.862999104467,8.14299910446698
TR-040532,2025-09-13,september,Reefer,845.7,1932.61,1905.4982720745847,1921.6712676030115,1913.5847698387981,19.025230161201762
TR-040533,2025-09-13,september,Dry Van,2120.1,3847.17,3795.821846183303,3759.896171578484,3777.8590088808933,69.3109911191068
TR-040534,2025-09-13,september,Dry Van,1032.6,2083.05,2021.1934030251982,2007.226659797864,2014.210031411531,68.83996858846922
TR-040535,2025-09-13,september,Dry Van,2238.8,3883.47,3844.8613575776526,3863.5025971251544,3854.1819773514035,29.288022648596325
TR-040536,2025-09-13,september,Dry Van,232.9,590.85,576.2251631353593,589.4572367028547,582.841199919107,8.008800080893025
TR-040537,2025-09-13,september,Dry Van,840.6,1809.43,1790.4934237413668,1793.26264258112,1791.8780331612434,17.551966838756698
TR-040538,2025-09-13,september,Dry Van,641.3,1466.23,1440.6359621293284,1470.9219466026038,1455.778954365966,10.451045634034017
TR-040539,2025-09-13,september,Dry Van,2784.1,4734.69,4733.3425163028605,4718.721708970754,4726.032112636807,8.657887363192458
TR-040540,2025-09-13,september,Reefer,2738.1,5571.21,5395.529496975729,5346.35340040311,5370.941448689419,200.26855131058073
TR-040541,2025-09-13,september,Dry Van,778.5,1483.49,1468.2095751433935,1481.9576043643813,1475.0835897538873,8.406410246112728
TR-040542,2025-09-13,september,Dry Van,2316.0,4169.76,4188.227978295552,4140.7571189471255,4164.492548621339,5.2674513786614625
TR-040543,2025-09-14,september,Reefer,2087.6,4597.16,4339.278001199315,4377.907644022468,4358.592822610892,238.5671773891081
TR-040544,2025-09-14,september,Dry Van,387.2,834.73,841.6278589973326,853.3350256462766,847.4814423218046,12.751442321804575
TR-040545,2025-09-14,september,Reefer,2008.6,3989.26,3946.2576600987245,4009.8724468506102,3978.0650534746674,11.194946525332853
TR-040546,2025-09-14,september,Dry Van,2128.6,4060.39,4041.9866514970486,4056.7120741978765,4049.3493628474625,11.040637152537329
TR-040547,2025-09-14,september,Reefer,437.2,1175.58,1140.824975360824,1151.1935277587322,1146.009251559778,29.570748440221905
TR-040548,2025-09-14,september,Dry Van,1971.1,3964.42,3764.813976836947,3793.9581691425187,3779.386072989733,185.03392701026723
TR-040549,2025-09-14,september,Dry Van,1839.5,3539.25,3409.4326269393587,3387.15428163668,3398.2934542880193,140.95654571198065
TR-040550,2025-09-14,september,Dry Van,762.7,1590.9,1556.4388581515518,1537.767131675532,1547.1029949135418,43.797005086458284
TR-040551,2025-09-14,september,Reefer,1000.7,2372.35,2335.660597219706,2245.0330435194896,2290.3468203695975,82.00317963040243
TR-040552,2025-09-14,september,Flatbed,2052.6,4168.59,3966.263750288681,3921.0955560189086,3943.679653153795,224.91034684620536
TR-040553,2025-09-14,september,Reefer,329.4,872.33,856.7594435142954,866.062900676731,861.4111720955132,10.918827904486875
TR-040554,2025-09-14,september,Flatbed,726.7,1805.4,1822.8424396742078,1788.668768733051,1805.7556042036294,0.35560420362935474
TR-040555,2025-09-14,september,Dry Van,1644.8,3184.99,3138.6390442170864,3194.657796317836,3166.648420267461,18.341579732538776
TR-040556,2025-09-14,september,Dry Van,1286.8,2393.93,2377.9427802007344,2454.496554474211,2416.219667337473,22.28966733747302
TR-040557,2025-09-14,september,Dry Van,1840.2,3498.42,3537.3350832391343,3560.5223230579104,3548.9287031485223,50.50870314852227
TR-040558,2025-09-14,september,Dry Van,672.3,1421.64,1360.3861355512875,1371.6718422684903,1366.028988909889,55.611011090111106
TR-040559,2025-09-14,september,Reefer,896.0,2119.94,2084.19807790093,2061.7525276346128,2072.9753027677716,46.964697232228446
TR-040560,2025-09-14,september,Dry Van,3267.0,5663.09,5651.635179569274,5714.627334177398,5683.131256873336,20.041256873335442
TR-040561,2025-09-14,september,Dry Van,386.2,872.19,881.7962369587876,854.9515749309535,868.3739059448706,3.816094055129497
TR-040562,2025-09-14,september,Dry Van,1185.0,2379.3,2323.9594159403337,2306.823782098051,2315.3915990191927,63.90840098080753
TR-040563,2025-09-14,september,Dry Van,967.3,1978.44,1968.2560848482397,1908.4165146732225,1938.336299760731,40.103700239269074
TR-040564,2025-09-14,september,Dry Van,446.3,1041.46,995.1882889772581,1013.4918874543438,1004.340088215801,37.119911784199076
TR-040565,2025-09-14,september,Dry Van,1348.5,2637.86,2676.9411791394405,2615.339501843313,2646.1403404913767,8.280340491376592
TR-040566,2025-09-14,september,Reefer,686.4,1581.62,1577.2469126176154,1554.8407054413215,1566.0438090294683,15.57619097053157
TR-040567,2025-09-14,september,Flatbed,971.6,2171.01,2098.678457469063,2107.3674248554166,2103.0229411622395,67.98705883776074
TR-040568,2025-09-14,september,Flatbed,1494.3,3184.5,3062.7870457917497,3117.782366820451,3090.2847063061004,94.21529369389964
TR-040569,2025-09-14,september,Dry Van,2390.9,4227.95,4170.912240775715,4109.599915081964,4140.25607792884,87.69392207116016
TR-040570,2025-09-14,september,Reefer,392.0,935.55,922.4269007669541,918.9777084254702,920.7023045962121,14.847695403787839
TR-040571,2025-09-14,september,Dry Van,658.5,1426.71,1370.9091085161692,1358.538731957813,1364.723920236991,61.986079763009
TR-040572,2025-09-14,september,Flatbed,462.4,1196.62,1178.9144493219396,1142.034638213473,1160.4745437677063,36.145456232293554
TR-040573,2025-09-14,september,Flatbed,390.1,947.92,878.2265511944997,943.3835037814888,910.8050274879943,37.11497251200569
TR-040574,2025-09-14,september,Dry Van,2728.9,4848.77,4792.56598315134,4798.7737248489975,4795.669854000169,53.10014599983151
TR-040575,2025-09-14,september,Reefer,1409.2,3257.67,3075.316451584412,3230.883429219475,3153.0999404019435,104.57005959805656
TR-040576,2025-09-14,september,Reefer,798.3,1827.95,1810.8863798601756,1810.2474501562479,1810.5669150082117,17.383084991788337
TR-040577,2025-09-14,september,Flatbed,71.3,211.07,226.78277674371557,278.7276719862148,252.75522436496516,41.685224364965165
TR-040578,2025-09-14,september,Reefer,739.7,1751.84,1787.6145188534747,1785.6024833115105,1786.6085010824927,34.768501082492776
TR-040579,2025-09-14,september,Flatbed,1049.7,2328.71,2301.9961877182054,2271.002767241639,2286.4994774799225,42.210522520077575
TR-040580,2025-09-14,september,Reefer,1233.3,2739.57,2610.4995828834967,2587.166129704348,2598.8328562939223,140.73714370607786
TR-040581,2025-09-14,september,Dry Van,484.5,1036.14,1021.8008139844616,1028.365244051444,1025.0830290179529,11.056970982047233
TR-040582,2025-09-14,september,Dry Van,1691.9,3452.05,3320.458031790764,3283.43336532176,3301.945698556262,150.10430144373822
TR-040583,2025-09-14,september,Flatbed,449.4,1072.22,1041.892760386779,1055.5515020258567,1048.722131206318,23.497868793682073
TR-040584,2025-09-14,september,Flatbed,1117.7,2411.77,2461.112071328852,2381.211366271109,2421.1617187999805,9.391718799980481
TR-040585,2025-09-14,september,Flatbed,2576.3,4941.5,4770.430116399504,4802.347889440014,4786.389002919759,155.11099708024085
TR-040586,2025-09-14,september,Reefer,236.4,701.85,670.7965215087818,727.233586835577,699.0150541721794,2.834945827820661
TR-040587,2025-09-14,september,Dry Van,2806.7,5079.33,4969.427595261459,4995.015348128697,4982.221471695078,97.10852830492149
TR-040588,2025-09-14,september,Flatbed,2781.0,5218.28,5062.5318162515905,5027.2978697134895,5044.91484298254,173.36515701745975
TR-040589,2025-09-14,september,Dry Van,2511.2,4267.23,4344.139588710578,4243.9408520576635,4294.04022038412,26.81022038412084
TR-040590,2025-09-14,september,Flatbed,1300.2,2904.58,2690.5126026900366,2578.0132989829135,2634.2629508364753,270.31704916352464
TR-040591,2025-09-14,september,Dry Van,1935.3,3822.07,3734.7269704338105,3660.1488516473155,3697.437911040563,124.63208895943717
TR-040592,2025-09-14,september,Reefer,1012.4,2365.37,2331.5596118824938,2374.173683713023,2352.8666477977586,12.50335220224133
TR-040593,2025-09-14,september,Flatbed,1034.9,2315.08,2277.7834599928156,2233.136571883778,2255.4600159382967,59.619984061703235
TR-040594,2025-09-14,september,Reefer,718.1,1752.86,1749.1332409765175,1718.6767231175847,1733.9049820470511,18.955017952948765
TR-040595,2025-09-14,september,Dry Van,1650.4,3289.09,3131.545884722909,3164.478053507545,3148.0119691152267,141.0780308847734
TR-040596,2025-09-14,september,Reefer,814.3,733.39,1802.4333936541025,1763.207738243587,1782.820565948845,1049.430565948845
TR-040597,2025-09-14,september,Dry Van,612.6,1354.26,1307.9924527553844,1296.106071327446,1302.0492620414152,52.21073795858479
TR-040598,2025-09-14,september,Dry Van,2431.1,4223.18,4346.945952555128,4272.514372777185,4309.7301626661565,86.55016266615621
TR-040599,2025-09-14,september,Reefer,2226.4,4618.86,4399.322632410038,4397.0798359465625,4398.2012341783,220.6587658216995
TR-040600,2025-09-14,september,Dry Van,2506.1,4259.02,4296.151237173208,4131.255722926607,4213.703480049908,45.3165199500927
TR-040601,2025-09-14,september,Dry Van,2210.6,808.74,3865.8839154754273,3835.793603550228,3850.838759512828,3042.098759512828
TR-040602,2025-09-14,september,Dry Van,857.2,1700.06,1704.8670060203553,1698.744745063881,1701.8058755421182,1.745875542118256
TR-040603,2025-09-14,september,Flatbed,971.0,2338.34,2242.645314923826,2238.7004302108817,2240.672872567354,97.66712743264634
TR-040604,2025-09-14,september,Dry Van,839.1,1653.93,1641.4266573758432,1678.726411725285,1660.0765345505642,6.1465345505641835
TR-040605,2025-09-14,september,Dry Van,2277.0,4115.96,4139.223746673918,4094.400436533909,4116.812091603913,0.8520916039133226
TR-040606,2025-09-14,september,Dry Van,1212.4,2525.35,2458.460513047471,2409.422534314218,2433.9415236808445,91.4084763191554
TR-040607,2025-09-14,september,Reefer,850.0,1940.14,1911.0433661813813,1921.977680476524,1916.5105233289528,23.629476671047314
TR-040608,2025-09-14,september,Dry Van,2036.4,3659.54,3640.9291898277456,3590.458857980232,3615.6940239039886,43.84597609601133
TR-040609,2025-09-14,september,Flatbed,2279.0,4550.71,4305.406927124754,4343.776941210908,4324.591934167831,226.11806583216912
TR-040610,2025-09-14,september,Flatbed,1777.0,3778.61,3565.0380385707144,3620.395376764177,3592.716707667446,185.8932923325542
TR-040611,2025-09-14,september,Dry Van,406.1,952.32,890.2549284921292,890.1594725985187,890.207200545324,62.112799454676065
TR-040612,2025-09-14,september,Flatbed,926.9,1914.44,1824.9760507846531,1862.0179541850434,1843.4970024848483,70.94299751515177
TR-040613,2025-09-14,september,Reefer,473.5,1088.44,1069.669160571157,1102.2658462301024,1085.9675034006295,2.4724965993705155
TR-040614,2025-09-14,september,Reefer,1862.3,3916.1,3805.5113310617207,3924.177696263606,3864.8445136626633,51.255486337336606
TR-040615,2025-09-14,september,Reefer,393.3,1040.95,1031.3130766216846,1017.4003629874115,1024.356719804548,16.593280195452053
TR-040616,2025-09-14,september,Dry Van,1088.3,1990.67,1972.8910749289544,2017.9260161805962,1995.4085455547752,4.738545554775101
TR-040617,2025-09-14,september,Reefer,1700.4,3698.67,3446.2922809154356,3552.150165573471,3499.2212232444535,199.44877675554653
TR-040618,2025-09-14,september,Dry Van,1236.4,2529.22,2539.5847752801424,2448.1675544940313,2493.876164887087,35.343835112912984
TR-040619,2025-09-14,september,Reefer,331.0,885.52,855.4689667351561,870.1282489335263,862.7986078343412,22.721392165658813
TR-040620,2025-09-14,september,Dry Van,403.2,3043.83,818.5775027322399,821.294357564087,819.9359301481634,2223.8940698518363
TR-040621,2025-09-14,september,Dry Van,176.1,439.89,416.94581897404174,383.3089965882966,400.12740778116915,39.76259221883083
TR-040622,2025-09-14,september,Flatbed,525.2,1153.83,1117.015930669147,1120.5414058565366,1118.7786682628418,35.05133173715808
TR-040623,2025-09-14,september,Reefer,1826.7,3862.55,3578.342156663721,3716.5367468781724,3647.439451770947,215.11054822905317
TR-040624,2025-09-14,september,Dry Van,847.7,1890.09,1816.3992859919153,1778.4998856843524,1797.4495858381338,92.64041416186615
TR-040625,2025-09-14,september,Dry Van,2040.6,3674.7,3688.327888501896,3802.8148349529083,3745.5713617274023,70.87136172740247
TR-040626,2025-09-14,september,Dry Van,1657.5,3075.53,3016.2385892850007,3054.208834939498,3035.2237121122494,40.30628788775084
TR-040627,2025-09-14,september,Reefer,814.8,1911.52,1925.9939225098642,1891.292567484491,1908.6432449971776,2.8767550028223923
TR-040628,2025-09-14,september,Dry Van,791.4,1647.07,1626.4965099915728,1614.431295895353,1620.463902943463,26.60609705653701
TR-040629,2025-09-14,september,Dry Van,428.2,968.36,971.1846907109226,990.7418069970604,980.9632488539914,12.603248853991431
TR-040630,2025-09-14,september,Flatbed,1031.5,2236.91,2209.2380790249745,2164.7398070389836,2186.988943031979,49.92105696802082
TR-040631,2025-09-14,september,Reefer,424.2,1041.14,1036.110342807992,1080.6854615221516,1058.3979021650719,17.257902165071755
TR-040632,2025-09-14,september,Reefer,1221.3,2656.72,2534.3334245865176,2486.461442702955,2510.3974336447363,146.32256635526346
TR-040633,2025-09-14,september,Reefer,1222.7,2750.6,2642.5387133791182,2601.0154569227316,2621.777085150925,128.822914849075
TR-040634,2025-09-14,september,Reefer,1365.5,3015.94,2896.7580142697916,2936.3109526829185,2916.534483476355,99.40551652364502
TR-040635,2025-09-14,september,Flatbed,351.0,897.94,872.1616896164403,875.45067952156,873.8061845690002,24.133815430999903
TR-040636,2025-09-14,september,Dry Van,768.1,1535.46,1481.992714621502,1487.5479327365529,1484.7703236790276,50.68967632097247
TR-040637,2025-09-14,september,Flatbed,503.9,1274.27,1282.6317925267592,1240.238456128141,1261.43512432745,12.83487567254997
TR-040638,2025-09-14,september,Dry Van,2445.2,4485.86,4418.695227552589,4408.534226813172,4413.61472718288,72.24527281711926
TR-040639,2025-09-14,september,Flatbed,987.7,1930.91,2058.365801740104,2029.3775658909235,2043.8716838155137,112.96168381551365
TR-040640,2025-09-14,september,Reefer,1241.4,2747.43,2604.7501415232173,2533.120150105917,2568.9351458145675,178.49485418543236
TR-040641,2025-09-14,september,Flatbed,1235.6,2581.86,2529.566874979057,2467.529686959678,2498.5482809693676,83.3117190306325
TR-040642,2025-09-14,september,Dry Van,1017.3,1999.03,1973.2316068904017,1999.5366928071217,1986.3841498487618,12.645850151238164
TR-040643,2025-09-14,september,Reefer,781.4,1856.98,1869.936035356296,1758.1784451684125,1814.0572402623543,42.92275973764572
TR-040644,2025-09-14,september,Reefer,1208.5,2806.99,2715.9179662862884,2667.4206073024197,2691.669286794354,115.32071320564592
TR-040645,2025-09-14,september,Flatbed,432.8,1047.96,985.3839128734339,1030.7085668404552,1008.0462398569446,39.91376014305547
TR-040646,2025-09-14,september,Reefer,2649.7,5487.77,5269.782823422828,5236.597735101703,5253.190279262266,234.57972073773453
TR-040647,2025-09-14,september,Reefer,684.7,1626.23,1605.2958310417941,1588.1097688972168,1596.7027999695056,29.52720003049444
TR-040648,2025-09-14,september,Dry Van,1331.9,2468.53,2551.6460621574315,2570.047793062921,2560.846927610176,92.31692761017575
TR-040649,2025-09-14,september,Reefer,554.4,1359.7,1392.9078966935972,1350.4655219266556,1371.6867093101264,11.986709310126344
TR-040650,2025-09-14,september,Reefer,1826.0,3944.15,3688.58315551768,3861.394835249592,3774.988995383636,169.16100461636415
TR-040651,2025-09-14,september,Reefer,1455.1,3304.61,3137.5867189757982,3266.1239983259657,3201.855358650882,102.75464134911817
TR-040652,2025-09-14,september,Reefer,1114.2,2541.31,2503.0143265196575,2462.167782365013,2482.591054442335,58.71894555766494
TR-040653,2025-09-14,september,Dry Van,977.5,1843.13,1909.3151784843342,1911.9518205559705,1910.6334995201523,67.50349952015222
TR-040654,2025-09-14,september,Dry Van,610.2,1357.03,1364.6838910312379,1364.6803285455278,1364.6821097883828,7.652109788382859
TR-040655,2025-09-14,september,Dry Van,700.2,1492.26,1475.59293492225,1440.3324718965491,1457.9627034093996,34.297296590600354
TR-040656,2025-09-14,september,Dry Van,524.3,1151.06,1143.184964283332,1183.8125410494488,1163.4987526663904,12.438752666390428
TR-040657,2025-09-14,september,Dry Van,2491.9,4344.6,4389.821756521057,4286.9507599621265,4338.386258241591,6.213741758409014
TR-040658,2025-09-14,september,Reefer,583.6,1465.86,1481.6818808785774,1464.1231951787422,1472.9025380286598,7.042538028659919
TR-040659,2025-09-14,september,Dry Van,715.1,1555.76,1546.6489253059221,1500.6792956954594,1523.6641105006906,32.09588949930935
TR-040660,2025-09-14,september,Flatbed,794.2,1745.31,1714.3147807585358,1681.047056062764,1697.68091841065,47.62908158934988
TR-040661,2025-09-14,september,Reefer,1104.3,2401.12,2440.7137628196324,2434.233597550055,2437.473680184844,36.35368018484405
TR-040662,2025-09-14,september,Flatbed,656.1,1536.67,1537.3422462982935,1507.7605114713106,1522.551378884802,14.118621115198039
TR-040663,2025-09-14,september,Flatbed,1471.7,3211.14,3054.3791640915133,3119.4826717399364,3086.930917915725,124.209082084275
TR-040664,2025-09-14,september,Dry Van,644.9,1394.94,1401.7051066565293,1429.1773697087056,1415.4412381826173,20.50123818261727
TR-040665,2025-09-14,september,Dry Van,569.7,1245.58,1219.6542574766606,1228.3405576515088,1223.9974075640848,21.582592435915103
TR-040666,2025-09-14,september,Dry Van,492.0,1114.52,1083.7346429684972,1086.0999954044905,1084.9173191864938,29.60268081350614
TR-040667,2025-09-14,september,Dry Van,2882.4,5308.01,5188.81804322925,5202.389056273476,5195.603549751363,112.40645024863716
TR-040668,2025-09-14,september,Flatbed,758.0,1833.03,1834.5849665222115,1756.7018634412343,1795.6434149817228,37.386585018277174
TR-040669,2025-09-14,september,Reefer,316.1,758.17,743.4602750680567,762.211259870036,752.8357674690463,5.334232530953614
TR-040670,2025-09-14,september,Dry Van,609.5,1393.75,1371.5703641022537,1347.3368006433807,1359.4535823728172,34.29641762718279
TR-040671,2025-09-14,september,Dry Van,441.7,975.82,962.2205948199801,961.4514779086546,961.8360363643174,13.983963635682699
TR-040672,2025-09-14,september,Reefer,925.4,2122.92,2185.8281848994648,2148.489998528174,2167.159091713819,44.23909171381911
TR-040673,2025-09-14,september,Dry Van,717.3,1493.78,1470.6427871895926,1458.9830449685817,1464.8129160790872,28.967083920912728
TR-040674,2025-09-14,september,Dry Van,1403.6,2587.46,2583.722312942631,2514.224505945605,2548.9734094441183,38.486590555881776
TR-040675,2025-09-14,september,Dry Van,2385.8,4724.87,4456.76451169452,4415.209277601545,4435.986894648033,288.88310535196706
TR-040676,2025-09-14,september,Reefer,545.1,1311.04,1283.7915159018914,1288.600582367712,1286.1960491348018,24.843950865198167
TR-040677,2025-09-14,september,Reefer,585.2,1367.4,1368.0613852980232,1334.5962601338038,1351.3288227159135,16.071177284086616
TR-040678,2025-09-14,september,Reefer,314.2,803.0,802.1157525830214,862.2301843857774,832.1729684843995,29.172968484399462
TR-040679,2025-09-14,september,Dry Van,575.6,4277.4,1300.746172844698,1303.6233085137624,1302.1847406792303,2975.2152593207693
TR-040680,2025-09-14,september,Dry Van,783.6,1544.08,1556.7721491875436,1518.1790560746317,1537.4756026310877,6.6043973689122595
TR-040681,2025-09-14,september,Dry Van,1208.9,2356.8,2385.1765785080615,2404.588698289989,2394.8826383990254,38.0826383990252
TR-040682,2025-09-14,september,Flatbed,1027.3,2282.38,2271.0165121373266,2209.3046202513233,2240.160566194325,42.21943380567518
TR-040683,2025-09-14,september,Flatbed,299.7,868.27,800.2147755929011,827.8767002571255,814.0457379250133,54.224262074986655
TR-040684,2025-09-14,september,Reefer,341.7,913.85,888.1969659061747,881.034736682768,884.6158512944713,29.234148705528696
TR-040685,2025-09-14,september,Dry Van,1096.6,2142.39,2178.4457915552307,2133.1980690474884,2155.8219303013593,13.431930301359444
TR-040686,2025-09-14,september,Reefer,697.8,1683.98,1682.9951986406586,1593.33430023101,1638.1647494358344,45.81525056416558
TR-040687,2025-09-14,september,Reefer,853.3,1978.32,1994.728598019516,1983.7882308737571,1989.2584144466366,10.93841444663667
TR-040688,2025-09-14,september,Reefer,1070.6,2480.99,2461.654983791848,2460.9308121487984,2461.292897970323,19.6971020296769
TR-040689,2025-09-14,september,Dry Van,867.1,1663.98,1642.5160837449955,1656.652202250431,1649.5841429977131,14.395857002286903
TR-040690,2025-09-14,september,Dry Van,1695.9,3141.7,3055.078162674938,3141.9534944276484,3098.5158285512935,43.184171448706365
TR-040691,2025-09-14,september,Flatbed,471.2,1228.47,1178.7875610135188,1195.823859964053,1187.305710488786,41.164289511214065
TR-040692,2025-09-14,september,Dry Van,1076.2,2088.95,2121.040335223191,2106.8860645064956,2113.9631998648433,25.0131998648435
TR-040693,2025-09-14,september,Dry Van,426.2,907.21,906.1649160211971,924.7959887088241,915.4804523650106,8.270452365010556
TR-040694,2025-09-14,september,Dry Van,1903.9,3541.96,3505.0874001539423,3609.7679517991805,3557.4276759765617,15.467675976561623
TR-040695,2025-09-14,september,Dry Van,1205.5,2273.19,2282.067292678231,2306.294049482276,2294.1806710802534,20.990671080253378
TR-040696,2025-09-14,september,Dry Van,1335.1,2525.6,2548.2605761524032,2441.2355065922975,2494.7480413723506,30.85195862764931
TR-040697,2025-09-14,september,Dry Van,1996.1,3579.73,3545.3565413700903,3563.2307842437212,3554.2936628069056,25.43633719309446
TR-040698,2025-09-14,september,Flatbed,2503.2,5121.15,4787.465546050665,4774.000636746516,4780.73309139859,340.4169086014099
TR-040699,2025-09-14,september,Reefer,835.4,2075.54,2149.3365109934853,2074.9995268845946,2112.16801893904,36.628018939039976
TR-040700,2025-09-14,september,Dry Van,336.4,806.71,766.8794170804547,779.715230232712,773.2973236565833,33.412676343416706
TR-040701,2025-09-14,september,Dry Van,1600.3,3211.44,3124.4426724442196,3111.955132806527,3118.198902625373,93.24109737462686
TR-040702,2025-09-14,september,Dry Van,451.8,1020.34,1035.2135245096779,1011.5263082335524,1023.3699163716151,3.029916371615059
TR-040703,2025-09-14,september,Dry Van,1746.7,3341.34,3152.887519338885,3207.0419293443492,3179.964724341617,161.3752756583831
TR-040704,2025-09-14,september,Dry Van,311.8,737.54,722.1116374705437,750.5475378712824,736.329587670913,1.210412329086921
TR-040705,2025-09-14,september,Reefer,498.0,1223.19,1165.8673776012422,1194.7583917517625,1180.3128846765023,42.87711532349772
TR-040706,2025-09-14,september,Dry Van,758.9,1566.25,1491.400284310459,1500.5596275972325,1495.9799559538458,70.27004404615423
TR-040707,2025-09-15,september,Flatbed,1409.5,3062.16,2937.8353853227877,2958.0666806686913,2947.9510329957393,114.20896700426056
TR-040708,2025-09-15,september,Reefer,1444.7,3074.81,2947.4712527905617,2990.1573252385724,2968.8142890145673,105.99571098543265
TR-040709,2025-09-15,september,Reefer,603.4,1431.72,1436.4493788373404,1440.0257248583916,1438.2375518478661,6.517551847866116
TR-040710,2025-09-15,september,Flatbed,2259.2,4563.16,4382.176094461341,4359.778628594306,4370.977361527823,192.18263847217713
TR-040711,2025-09-15,september,Dry Van,786.7,1632.04,1623.8853727947471,1564.5997231500273,1594.2425479723872,37.797452027612735
TR-040712,2025-09-15,september,Dry Van,2764.4,4885.54,4879.46837847152,4940.552568624633,4910.010473548076,24.47047354807637
TR-040713,2025-09-15,september,Dry Van,414.6,948.95,921.7532195263784,922.8621078997894,922.3076637130839,26.642336286916134
TR-040714,2025-09-15,september,Flatbed,916.1,2133.96,2054.120056907683,1978.2350735284115,2016.1775652180472,117.78243478195282
TR-040715,2025-09-15,september,Dry Van,1610.9,3110.59,3027.2731878294444,3114.183436228051,3070.7283120287475,39.86168797125265
TR-040716,2025-09-15,september,Dry Van,693.7,1424.34,1455.3819797766362,1427.9562842510263,1441.6691320138311,17.329132013831213
TR-040717,2025-09-15,september,Reefer,1046.8,2335.22,2291.3362960291033,2283.5161959302313,2287.4262459796673,47.79375402033247
TR-040718,2025-09-15,september,Dry Van,825.2,1687.24,1671.504448152665,1656.0545144402724,1663.7794812964687,23.460518703531307
TR-040719,2025-09-15,september,Flatbed,427.1,1102.46,1069.558041402953,1080.3507905225938,1074.9544159627735,27.505584037226527
TR-040720,2025-09-15,september,Dry Van,594.5,1299.13,1268.4057317113636,1248.2631980052872,1258.3344648583254,40.79553514167469
TR-040721,2025-09-15,september,Reefer,539.3,1324.29,1318.1444711620484,1302.686886978103,1310.4156790700758,13.874320929924124
TR-040722,2025-09-15,september,Dry Van,926.3,1738.51,1775.0739472619764,1798.494637262634,1786.7842922623051,48.27429226230515
TR-040723,2025-09-15,september,Reefer,2183.7,4570.75,4343.5456900566105,4430.043907608147,4386.794798832379,183.95520116762145
TR-040724,2025-09-15,september,Dry Van,331.4,3515.75,788.3968804346794,801.1483603820964,794.7726204083879,2720.977379591612
TR-040725,2025-09-15,september,Dry Van,398.9,905.06,898.2879754952712,903.4112709720057,900.8496232336385,4.210376766361492
TR-040726,2025-09-15,september,Dry Van,1699.8,3307.65,3279.885883757886,3255.9382074415407,3267.9120455997136,39.737954400286526
TR-040727,2025-09-15,september,Flatbed,691.5,1573.36,1499.0030415987076,1499.9146614311207,1499.4588515149142,73.90114848508574
TR-040728,2025-09-15,september,Reefer,833.0,1764.63,1812.2133465933857,1784.394047088003,1798.3036968406943,33.67369684069422
TR-040729,2025-09-15,september,Flatbed,2927.8,5473.89,5259.563999564409,5284.445853992402,5272.004926778405,201.88507322159512
TR-040730,2025-09-15,september,Dry Van,2320.5,4555.22,4353.784260044553,4328.519325719835,4341.151792882194,214.0682071178062
TR-040731,2025-09-15,september,Reefer,360.2,996.42,961.7757999037274,968.5744528295002,965.1751263666138,31.24487363338619
TR-040732,2025-09-15,september,Dry Van,1363.6,2772.19,2753.386329715519,2738.558578311135,2745.972454013327,26.21754598667303
TR-040733,2025-09-15,september,Reefer,723.9,1627.76,1640.0451417313095,1601.0877445818053,1620.5664431565574,7.193556843442593
TR-040734,2025-09-15,september,Dry Van,859.1,1814.27,1785.2525626439933,1754.164831325921,1769.7086969849572,44.56130301504277
TR-040735,2025-09-15,september,Flatbed,463.8,1211.23,1163.0003109488152,1146.2689976450652,1154.6346542969402,56.59534570305982
TR-040736,2025-09-15,september,Reefer,1954.8,4400.11,4066.1029905422156,4210.407241420469,4138.255115981343,261.8548840186568
TR-040737,2025-09-15,september,Flatbed,1014.3,2144.77,2117.564659744792,2084.2729413274456,2100.918800536119,43.85119946388113
TR-040738,2025-09-15,september,Flatbed,1692.3,3584.65,3316.836287254189,3464.428824802506,3390.6325560283476,194.01744397165248
TR-040739,2025-09-15,september,Dry Van,2279.0,4151.1,4153.888338415891,4143.02387372562,4148.456106070756,2.6438939292447685
TR-040740,2025-09-15,september,Dry Van,1174.4,2467.5,2421.5575666658983,2401.4352054527712,2411.496386059335,56.00361394066522
TR-040741,2025-09-15,september,Dry Van,472.5,1050.24,1030.9966487288928,1017.5138334959389,1024.255241112416,25.98475888758412
TR-040742,2025-09-15,september,Dry Van,1649.5,3094.1,2919.214548702583,3006.2301349331547,2962.722341817869,131.37765818213074
TR-040743,2025-09-15,september,Flatbed,1523.0,3206.78,2986.8248744827474,3083.150489195964,3034.987681839356,171.7923181606443
TR-040744,2025-09-15,september,Dry Van,1929.1,3771.61,3782.8604432525394,3758.9239039328813,3770.8921735927106,0.7178264072895217
TR-040745,2025-09-15,september,Reefer,929.9,2081.42,2118.4137765939695,2134.743793479968,2126.578785036969,45.158785036968766
TR-040746,2025-09-15,september,Dry Van,429.5,968.79,934.8121518102561,944.5531884318798,939.682670121068,29.107329878931978
TR-040747,2025-09-15,september,Dry Van,1245.7,2265.27,2294.9896929565894,2270.181344378965,2282.5855186677773,17.31551866777727
TR-040748,2025-09-15,september,Dry Van,244.5,588.75,570.5622875777954,569.6537073796319,570.1079974787136,18.642002521286372
TR-040749,2025-09-15,september,Flatbed,236.2,674.16,633.047380427905,627.1982424770761,630.1228114524905,44.03718854750946
TR-040750,2025-09-15,september,Reefer,2348.1,4757.28,4584.7310894093725,4645.518489212266,4615.124789310819,142.15521068918042
TR-040751,2025-09-15,september,Reefer,1628.9,3565.01,3406.8717251308517,3482.8828108117295,3444.8772679712906,120.1327320287096
TR-040752,2025-09-15,september,Dry Van,431.3,1017.61,988.9792751254208,1005.9082275060393,997.4437513157301,20.16624868426993
TR-040753,2025-09-15,september,Dry Van,528.9,1132.1,1111.7556819097322,1147.702951069323,1129.7293164895277,2.3706835104721904
TR-040754,2025-09-15,september,Dry Van,2068.3,3533.31,3568.9007463326493,3652.0695670299883,3610.4851566813186,77.17515668131864
TR-040755,2025-09-15,september,Flatbed,2007.9,4317.3,4006.2664090030516,4015.3842323581284,4010.8253206805903,306.4746793194099
TR-040756,2025-09-15,september,Reefer,764.9,1839.49,1868.9743487369913,1769.4113902061645,1819.192869471578,20.29713052842203
TR-040757,2025-09-15,september,Reefer,742.0,1720.57,1751.8568988569077,1692.0425597938156,1721.9497293253617,1.3797293253617227
TR-040758,2025-09-15,september,Reefer,674.0,1619.11,1604.7272738093268,1559.5710517658827,1582.1491627876048,36.96083721239506
TR-040759,2025-09-15,september,Dry Van,2105.1,4006.97,4004.827674599841,3985.21149471043,3995.0195846551355,11.950415344864268
TR-040760,2025-09-15,september,Reefer,1394.2,3216.59,3111.9495386269396,3232.176819575381,3172.06317910116,44.526820898840015
TR-040761,2025-09-15,september,Reefer,1775.8,3617.9,3386.1995673768583,3538.2871409490263,3462.2433541629425,155.65664583705757
TR-040762,2025-09-15,september,Reefer,145.4,453.28,440.8269165867076,647.8338752999666,544.3303959433372,91.05039594333721
TR-040763,2025-09-15,september,Flatbed,711.9,1604.51,1567.679638171699,1582.4956161408122,1575.0876271562556,29.42237284374437
TR-040764,2025-09-15,september,Reefer,932.0,2148.4,2161.614406214703,2175.568534399109,2168.591470306906,20.191470306906012
TR-040765,2025-09-15,september,Reefer,2131.0,4688.14,4376.023930265523,4453.677583030052,4414.850756647787,273.2892433522129
TR-040766,2025-09-15,september,Dry Van,350.9,778.24,773.0685164283734,763.39251537932,768.2305159038467,10.009484096153301
TR-040767,2025-09-15,september,Dry Van,1851.2,3409.93,3414.8349524961322,3333.5483417027453,3374.191647099439,35.73835290056104
TR-040768,2025-09-15,september,Dry Van,857.8,1767.56,1765.851792774263,1748.386872853228,1757.1193328137456,10.440667186254359
TR-040769,2025-09-15,september,Dry Van,929.2,1947.44,1889.789001692848,1897.4121910621222,1893.600596377485,53.839403622514965
TR-040770,2025-09-15,september,Dry Van,2663.8,4955.66,4733.6383981798035,4709.599449206048,4721.618923692926,234.04107630707404
TR-040771,2025-09-15,september,Dry Van,513.5,1174.63,1136.344689387093,1129.6420764481484,1132.9933829176207,41.636617082379416
TR-040772,2025-09-15,september,Reefer,452.2,1172.91,1162.8213503622196,1151.4064420890936,1157.1138962256566,15.796103774343464
TR-040773,2025-09-15,september,Dry Van,171.2,466.35,446.7513525158339,502.479474554493,474.61541353516344,8.265413535163418
TR-040774,2025-09-15,september,Reefer,2434.6,5059.98,4787.87273759325,4703.89737584378,4745.8850567185145,314.09494328148503
TR-040775,2025-09-15,september,Reefer,976.3,575.21,2289.829511694362,2263.9434092992024,2276.886460496782,1701.676460496782
TR-040776,2025-09-15,september,Reefer,1212.4,2707.48,2605.917135980645,2561.7971506413655,2583.8571433110055,123.62285668899449
TR-040777,2025-09-15,september,Dry Van,2377.9,4476.59,4316.521284751978,4185.517163597775,4251.019224174876,225.57077582512375
TR-040778,2025-09-15,september,Reefer,707.5,1701.5,1714.2451531628676,1697.693862887855,1705.9695080253614,4.469508025361392
TR-040779,2025-09-15,september,Dry Van,1779.1,3500.96,3365.9933866905076,3360.1771464924263,3363.085266591467,137.87473340853285
TR-040780,2025-09-15,september,Reefer,434.6,1080.4,1070.9862260711807,1120.8221739190758,1095.9041999951282,15.504199995128147
TR-040781,2025-09-15,september,Reefer,651.6,1575.85,1558.6996754107959,1540.3530405933116,1549.5263580020537,26.323641997946197
TR-040782,2025-09-15,september,Flatbed,742.5,1644.06,1612.4127129230224,1553.107935724255,1582.7603243236385,61.2996756763614
TR-040783,2025-09-15,september,Dry Van,1062.1,2184.53,2262.565638021554,2246.060228709944,2254.312933365749,69.7829333657487
TR-040784,2025-09-15,september,Flatbed,1535.4,3274.66,3000.611501329883,3074.330920744998,3037.4712110374403,237.18878896255956
TR-040785,2025-09-15,september,Reefer,2317.4,5052.62,4723.64927506608,4746.898288306342,4735.273781686211,317.346218313789
TR-040786,2025-09-15,september,Flatbed,257.7,729.28,705.1496747873834,732.302864967292,718.7262698773377,10.553730122662273
TR-040787,2025-09-15,september,Flatbed,613.8,1347.06,1318.244619111162,1319.8852326395663,1319.0649258753642,27.99507412463572
TR-040788,2025-09-15,september,Dry Van,1606.8,3080.46,2954.9790146333107,3052.4123020717498,3003.6956583525302,76.76434164746979
TR-040789,2025-09-15,september,Flatbed,2266.2,4583.82,4200.595067629246,4198.254415165426,4199.424741397335,384.3952586026644
TR-040790,2025-09-15,september,Flatbed,1692.3,3336.87,3176.2042911602102,3218.6338312814914,3197.419061220851,139.45093877914906
TR-040791,2025-09-15,september,Reefer,1223.9,2863.65,2745.593355232266,2778.100734808781,2761.847045020523,101.80295497947691
TR-040792,2025-09-15,september,Dry Van,764.1,1594.5,1606.5363140985805,1591.8731781121164,1599.2047461053485,4.704746105348477
TR-040793,2025-09-15,september,Dry Van,1021.2,1965.05,2025.3751851474099,2007.8060898799047,2016.5906375136574,51.54063751365743
TR-040794,2025-09-15,september,Dry Van,466.1,1069.2,1050.520808466069,1048.6432639673844,1049.5820362167267,19.617963783273353
TR-040795,2025-09-15,september,Dry Van,464.6,1050.81,1033.034003951883,1029.0039095362386,1031.0189567440607,19.791043255939258
TR-040796,2025-09-15,september,Flatbed,2123.5,4330.39,4100.726626891875,4169.11903035572,4134.922828623798,195.4671713762027
TR-040797,2025-09-15,september,Dry Van,519.6,1106.96,1051.7180205830973,1061.0632400222325,1056.390630302665,50.569369697335105
TR-040798,2025-09-15,september,Dry Van,1845.6,3386.05,3478.235313083114,3473.6914993497303,3475.9634062164223,89.91340621642212
TR-040799,2025-09-15,september,Flatbed,145.1,426.34,427.559570634022,476.38649227620704,451.97303145511455,25.633031455114576
TR-040800,2025-09-15,september,Dry Van,1435.2,2665.44,2627.3662148064673,2659.4263085913663,2643.3962616989165,22.043738301083522
TR-040801,2025-09-15,september,Flatbed,2719.7,5290.27,5093.645240043366,5095.174041229527,5094.409640636446,195.86035936355438
TR-040802,2025-09-15,september,Dry Van,1451.2,2763.04,2786.608658550498,2779.842971977122,2783.22581526381,20.185815263810127
TR-040803,2025-09-15,september,Dry Van,743.4,1498.19,1519.922499462716,1529.6818872085028,1524.8021933356094,26.61219333560939
TR-040804,2025-09-15,september,Dry Van,373.1,823.54,787.3131451815669,788.7763966977407,788.0447709396537,35.49522906034622
TR-040805,2025-09-15,september,Dry Van,321.3,730.98,714.1971091073201,718.1746910011466,716.1859000542333,14.794099945766675
TR-040806,2025-09-15,september,Dry Van,968.2,1937.55,1919.6536664892367,1950.1844243992214,1934.9190454442291,2.6309545557708134
TR-040807,2025-09-15,september,Dry Van,1796.2,3218.12,3185.804218009122,3220.276924913878,3203.0405714615,15.079428538499997
TR-040808,2025-09-15,september,Dry Van,2613.3,4622.68,4595.008609324805,4608.394018282941,4601.701313803873,20.978686196127455
TR-040809,2025-09-15,september,Dry Van,652.4,1354.82,1365.1702100074913,1336.9984429470583,1351.0843264772748,3.7356735227251647
TR-040810,2025-09-15,september,Dry Van,1224.6,2478.05,2504.1196843417206,2481.783946453317,2492.9518153975187,14.901815397518476
TR-040811,2025-09-15,september,Dry Van,1079.6,2165.51,2248.6395836754573,2276.452428680377,2262.546006177917,97.03600617791699
TR-040812,2025-09-15,september,Dry Van,560.5,1196.67,1139.273111917798,1189.4111818767046,1164.3421468972513,32.327853102748804
TR-040813,2025-09-15,september,Flatbed,1038.4,2261.1,2232.4787919856717,2172.5059326133733,2202.4923622995225,58.607637700477426
TR-040814,2025-09-15,september,Dry Van,1353.9,2689.4,2661.812303976127,2603.2665461724846,2632.5394250743057,56.860574925694436
TR-040815,2025-09-15,september,Reefer,634.1,1502.22,1482.6400590749004,1458.755843580378,1470.6979513276392,31.522048672360825
TR-040816,2025-09-15,september,Reefer,710.8,1496.45,1508.1044079053083,1522.6960528994414,1515.4002304023747,18.9502304023747
TR-040817,2025-09-15,september,Reefer,880.4,2041.42,2075.08356484785,2076.1397142704527,2075.6116395591516,34.191639559151554
TR-040818,2025-09-15,september,Dry Van,2231.8,4089.63,4077.1034618923936,4040.755731048158,4058.929596470276,30.7004035297241
TR-040819,2025-09-15,september,Dry Van,1025.5,2015.11,2083.7057904874764,2061.0306680715644,2072.36822927952,57.258229279520265
TR-040820,2025-09-15,september,Reefer,434.3,1168.59,1141.8312803498086,1147.3784036679326,1144.6048420088705,23.985157991129427
TR-040821,2025-09-15,september,Dry Van,827.9,1672.92,1649.3131896895343,1637.345684374208,1643.3294370318713,29.59056296812878
TR-040822,2025-09-15,september,Flatbed,1335.5,2808.09,2719.5463229999064,2668.7684195720162,2694.1573712859613,113.93262871403886
TR-040823,2025-09-15,september,Reefer,1044.7,2228.44,2234.230134492852,2194.3604221486735,2214.295278320763,14.144721679237136
TR-040824,2025-09-15,september,Flatbed,1514.7,3175.28,3018.409917299746,3109.2661093659844,3063.8380133328656,111.44198666713464
TR-040825,2025-09-15,september,Dry Van,944.7,1787.88,1825.2694652751288,1827.628559499808,1826.4490123874684,38.56901238746832
TR-040826,2025-09-15,september,Dry Van,2975.0,5510.91,5308.821883538055,5321.52477513785,5315.173329337953,195.7366706620469
TR-040827,2025-09-15,september,Reefer,1181.9,2671.07,2574.9013488815954,2561.738877085718,2568.3201129836566,102.74988701634356
TR-040828,2025-09-15,september,Dry Van,3041.8,5392.76,5357.259864877856,5326.798879632019,5342.029372254938,50.73062774506252
TR-040829,2025-09-15,september,Dry Van,2260.6,4220.44,4222.418616270131,4167.508920356355,4194.963768313242,25.476231686757274
TR-040830,2025-09-15,september,Dry Van,905.8,1807.31,1786.6101178560568,1803.068098063743,1794.8391079599,12.470892040099898
TR-040831,2025-09-15,september,Reefer,2772.6,5682.27,5366.6136568289185,5444.791514494713,5405.702585661816,276.5674143381848
TR-040832,2025-09-15,september,Dry Van,1594.0,3185.85,3062.7077982459614,3083.8105824634235,3073.2591903546927,112.59080964530722
TR-040833,2025-09-15,september,Dry Van,2311.5,4442.45,4299.421193925117,4391.830676431441,4345.625935178279,96.82406482172064
TR-040834,2025-09-15,september,Dry Van,524.6,1233.62,1207.4655093954275,1179.1047065606201,1193.285107978024,40.334892021975975
TR-040835,2025-09-15,september,Dry Van,1588.9,3073.89,2906.1328594389493,2956.805374743226,2931.4691170910874,142.42088290891252
TR-040836,2025-09-15,september,Reefer,596.1,1438.67,1427.6286160854088,1395.2382717817763,1411.4334439335926,27.236556066407502
TR-040837,2025-09-15,september,Reefer,1517.0,3210.74,3084.5908948397405,3189.085546032272,3136.838220436006,73.90177956399384
TR-040838,2025-09-15,september,Dry Van,467.4,1049.12,1027.3375458956316,1043.9287712714822,1035.633158583557,13.486841416442985
TR-040839,2025-09-15,september,Dry Van,2222.7,4018.01,3992.1312904317165,3956.706768854724,3974.4190296432203,43.59097035677996
TR-040840,2025-09-15,september,Reefer,1328.8,2835.01,2751.745405641915,2752.016006979174,2751.8807063105446,83.12929368945561
TR-040841,2025-09-15,september,Reefer,375.1,1053.79,1015.290150554645,1026.643200537237,1020.9666755459409,32.82332445405905
TR-040842,2025-09-15,september,Dry Van,858.2,1821.43,1796.9008622418326,1768.0480488892738,1782.4744555655532,38.95554443444689
TR-040843,2025-09-15,september,Reefer,1650.3,3852.73,3472.6764392011537,3664.6285168967815,3568.6524780489676,284.0775219510324
TR-040844,2025-09-15,september,Flatbed,3146.8,6307.27,5968.358656538478,6053.018110549917,6010.688383544197,296.58161645580367
TR-040845,2025-09-15,september,Dry Van,1032.3,1980.81,1988.5522276998531,2011.2200889933677,1999.8861583466105,19.076158346610555
TR-040846,2025-09-15,september,Dry Van,2692.2,4645.13,4530.932121229513,4649.182360537561,4590.057240883537,55.0727591164632
TR-040847,2025-09-15,september,Reefer,1217.1,2554.83,2517.47634737863,2524.609119647839,2521.0427335132345,33.787266486765475
TR-040848,2025-09-15,september,Flatbed,776.5,1737.3,1657.5200245978983,1628.400652987977,1642.9603387929378,94.33966120706214
TR-040849,2025-09-15,september,Dry Van,543.0,1166.74,1182.2699944946946,1203.213660244577,1192.7418273696358,26.00182736963575
TR-040850,2025-09-15,september,Reefer,475.1,1267.79,1228.3856163743776,1242.3107038547573,1235.3481601145675,32.4418398854325
TR-040851,2025-09-16,september,Reefer,548.7,1378.26,1383.945102436371,1332.7629700775879,1358.3540362569793,19.90596374302072
TR-040852,2025-09-16,september,Dry Van,518.7,1223.22,1175.4443941302868,1188.7396578268851,1182.092025978586,41.12797402141405
TR-040853,2025-09-16,september,Dry Van,1158.5,2233.85,2150.49297826022,2212.9625105505434,2181.7277444053816,52.12225559461831
TR-040854,2025-09-16,september,Reefer,432.4,1088.38,1057.025130269174,1079.5154639593402,1068.2702971142571,20.10970288574299
TR-040855,2025-09-16,september,Dry Van,982.4,2085.37,2013.760898066007,2019.2742300871266,2016.517564076567,68.85243592343295
TR-040856,2025-09-16,september,Dry Van,1252.8,2338.37,2422.8180235872055,2364.334884312486,2393.576453949846,55.206453949846036
TR-040857,2025-09-16,september,Reefer,411.0,1185.12,1120.151459835358,1125.2392553970108,1122.6953576161845,62.42464238381535
TR-040858,2025-09-16,september,Flatbed,232.7,660.71,631.0648102699346,629.4452529115908,630.2550315907627,30.45496840923738
TR-040859,2025-09-16,september,Dry Van,731.9,1603.87,1581.9003635342638,1571.4420331500307,1576.6711983421474,27.198801657852528
TR-040860,2025-09-16,september,Dry Van,1287.7,2493.76,2442.008549382533,2491.3799555471346,2466.694252464834,27.065747535166338
TR-040861,2025-09-16,september,Dry Van,1063.1,2083.09,2153.0639763717045,2147.745257545899,2150.404616958802,67.31461695880171
TR-040862,2025-09-16,september,Dry Van,842.8,1877.96,1819.2751544326622,1812.1330696255327,1815.7041120290974,62.25588797090268
TR-040863,2025-09-16,september,Dry Van,342.8,852.03,831.034263490822,833.9817347224009,832.5079991066115,19.52200089338851
TR-040864,2025-09-16,september,Dry Van,2281.7,4391.11,4278.163072075668,4239.399449259019,4258.781260667343,132.32873933265637
TR-040865,2025-09-16,september,Dry Van,1505.9,3037.88,2981.852663455689,3021.309095124438,3001.5808792900634,36.29912070993669
TR-040866,2025-09-16,september,Flatbed,1499.7,3337.89,3098.2498605323076,3250.3842169555437,3174.317038743926,163.572961256074
TR-040867,2025-09-16,september,Reefer,389.6,960.44,918.0823999721422,924.0049497985644,921.0436748853533,39.39632511464674
TR-040868,2025-09-16,september,Dry Van,3018.0,5332.73,5296.797622639307,5386.08111352211,5341.439368080708,8.709368080708373
TR-040869,2025-09-16,september,Reefer,1766.1,3955.24,3749.9004372584095,3884.7054042935306,3817.30292077597,137.93707922402973
TR-040870,2025-09-16,september,Dry Van,935.3,1870.61,1878.4106512108374,1843.4467790753888,1860.928715143113,9.681284856886805
TR-040871,2025-09-16,september,Flatbed,1144.4,2627.08,2611.341510286161,2577.05006067209,2594.1957854791253,32.88421452087459
TR-040872,2025-09-16,september,Reefer,1154.1,2616.44,2562.0817642395195,2540.3266967657823,2551.2042305026507,65.23576949734934
TR-040873,2025-09-16,september,Dry Van,454.7,988.5,973.3924637345916,975.2902484323868,974.3413560834892,14.158643916510755
TR-040874,2025-09-16,september,Reefer,2897.4,1843.92,5568.279965883778,5620.025323923104,5594.152644903441,3750.232644903441
TR-040875,2025-09-16,september,Dry Van,2765.0,4985.71,4807.252937446034,4727.9934102936895,4767.623173869862,218.08682613013843
TR-040876,2025-09-16,september,Dry Van,1189.5,2443.51,2371.6547258364485,2329.9311758027957,2350.792950819622,92.71704918037813
TR-040877,2025-09-16,september,Reefer,1104.0,2458.21,2451.5268201679037,2442.7831361715594,2447.1549781697313,11.055021830268743
TR-040878,2025-09-16,september,Dry Van,1981.1,3813.18,3762.1472238255965,3762.553107613985,3762.3501657197908,50.82983428020907
TR-040879,2025-09-16,september,Dry Van,224.3,587.21,560.6929101521973,624.4540934871388,592.5735018196681,5.363501819668045
TR-040880,2025-09-16,september,Reefer,3326.9,6980.2,6260.410360647254,6507.9616514566505,6384.186006051952,596.0139939480478
TR-040881,2025-09-16,september,Dry Van,1686.4,3176.7,3052.974746411819,3093.8981052410145,3073.436425826417,103.26357417358304
TR-040882,2025-09-16,september,Flatbed,461.1,1086.13,1038.611016393164,1082.8370939336278,1060.7240551633959,25.40594483660425
TR-040883,2025-09-16,september,Flatbed,858.6,2035.38,2073.8161769385874,2022.5643444070954,2048.1902606728413,12.810260672841196
TR-040884,2025-09-16,september,Dry Van,998.3,2026.62,2039.259985321036,2004.8615987185342,2022.0607920197851,4.559207980214751
TR-040885,2025-09-16,september,Dry Van,714.5,1430.78,1449.6941127339624,1459.1869836844983,1454.4405482092302,23.660548209230228
TR-040886,2025-09-16,september,Dry Van,793.1,1601.26,1559.6272314840876,1555.0483409655878,1557.3377862248376,43.92221377516239
TR-040887,2025-09-16,september,Dry Van,1349.3,2597.83,2640.1143315343634,2572.6491530698213,2606.3817423020923,8.551742302092407
TR-040888,2025-09-16,september,Dry Van,605.7,1386.56,1368.3746966687265,1360.9403372207237,1364.657516944725,21.902483055274843
TR-040889,2025-09-16,september,Dry Van,363.2,809.74,779.6393160280584,790.0721175002993,784.8557167641789,24.884283235821158
TR-040890,2025-09-16,september,Flatbed,1265.5,2818.13,2766.732413334943,2738.664205120939,2752.698309227941,65.43169077205903
TR-040891,2025-09-16,september,Dry Van,1580.1,3081.78,3035.2620104027555,3045.567972827701,3040.4149916152282,41.365008384771954
TR-040892,2025-09-16,september,Dry Van,942.9,1810.5,1811.5653979323858,1816.072598568306,1813.8189982503459,3.318998250345885
TR-040893,2025-09-16,september,Flatbed,918.5,2019.08,1885.5569693746427,1858.5243894398677,1872.040679407255,147.03932059274484
TR-040894,2025-09-16,september,Reefer,1214.8,2736.15,2669.3441049006005,2715.598656652065,2692.471380776333,43.67861922366728
TR-040895,2025-09-16,september,Reefer,731.3,1601.91,1590.116814489999,1639.699294348851,1614.9080544194248,12.998054419424761
TR-040896,2025-09-16,september,Dry Van,1234.3,2369.62,2331.732069562135,2362.132165244291,2346.932117403213,22.68788259678695
TR-040897,2025-09-16,september,Reefer,2101.0,4319.43,4119.944037166852,4208.2796839382845,4164.111860552568,155.31813944743226
TR-040898,2025-09-16,september,Reefer,1633.4,3554.88,3477.036211408313,3490.919509826063,3483.977860617188,70.90213938281204
TR-040899,2025-09-16,september,Dry Van,2642.3,4623.71,4544.704747872313,4673.4324690237645,4609.0686084480385,14.641391551961533
TR-040900,2025-09-16,september,Reefer,2941.1,5703.47,5528.524175793675,5543.478187553521,5536.001181673598,167.46881832640247
TR-040901,2025-09-16,september,Reefer,1049.2,2206.18,2209.0168238429706,2152.8046688840577,2180.910746363514,25.2692536364857
TR-040902,2025-09-16,september,Dry Van,266.2,664.52,655.3837803297333,629.9456512293666,642.66471577955,21.855284220450017
TR-040903,2025-09-16,september,Dry Van,1876.8,3668.0,3624.5134930416566,3616.3311951687165,3620.4223441051863,47.57765589481369
TR-040904,2025-09-16,september,Dry Van,2591.8,4560.56,4595.524877158723,4551.029851316762,4573.277364237742,12.717364237742004
TR-040905,2025-09-16,september,Dry Van,2791.9,5067.55,4912.98366457854,5032.317723437416,4972.650694007978,94.89930599202216
TR-040906,2025-09-16,september,Reefer,3019.5,6054.32,5826.6012152513185,5992.952441831888,5909.776828541603,144.5431714583965
TR-040907,2025-09-16,september,Reefer,363.8,916.15,912.8368909257307,908.7760599366632,910.806475431197,5.343524568802991
TR-040908,2025-09-16,september,Reefer,205.7,623.54,589.5662162196967,735.3200991029664,662.4431576613315,38.903157661331534
TR-040909,2025-09-16,september,Reefer,620.9,1477.06,1470.104651902885,1464.5365254632611,1467.320588683073,9.739411316926862
TR-040910,2025-09-16,september,Flatbed,547.3,1290.12,1283.505325485475,1275.0065382013697,1279.2559318434223,10.86406815657756
TR-040911,2025-09-16,september,Dry Van,349.1,817.03,810.1117883183554,839.1866948813611,824.6492415998582,7.619241599858242
TR-040912,2025-09-16,september,Dry Van,949.3,1886.02,1890.7478300091616,1896.9053151658688,1893.8265725875153,7.8065725875153475
TR-040913,2025-09-16,september,Dry Van,628.2,1249.27,1251.2396629020166,1241.360608239825,1246.3001355709207,2.96986442907928
TR-040914,2025-09-16,september,Dry Van,1926.1,3605.83,3674.9774971006505,3665.7956445771188,3670.386570838885,64.55657083888491
TR-040915,2025-09-16,september,Dry Van,765.3,1469.88,1424.3047200241092,1458.7332471744548,1441.518983599282,28.3610164007182
TR-040916,2025-09-16,september,Dry Van,2742.9,4956.68,4892.460648522825,4952.747812315493,4922.60423041916,34.07576958084064
TR-040917,2025-09-16,september,Reefer,400.1,1015.05,953.3933256644316,990.2458279572822,971.8195768108569,43.23042318914304
TR-040918,2025-09-16,september,Dry Van,2180.6,4170.13,4112.2553908252485,4100.485500565754,4106.370445695501,63.759554304499034
TR-040919,2025-09-16,september,Flatbed,1776.8,3698.14,3531.6659961888995,3494.714810557985,3513.190403373442,184.94959662655765
TR-040920,2025-09-16,september,Reefer,2820.4,5841.12,5614.222138217598,5688.912198955543,5651.567168586571,189.55283141342898
TR-040921,2025-09-16,september,Dry Van,2428.8,4325.09,4370.4010187353715,4430.488057444745,4400.444538090058,75.35453809005776
TR-040922,2025-09-16,september,Dry Van,504.2,1147.98,1149.8628074025653,1143.9556905160198,1146.9092489592927,1.0707510407073642
TR-040923,2025-09-16,september,Reefer,1935.9,4251.9,4042.480897974412,4115.845892654958,4079.163395314685,172.73660468531443
TR-040924,2025-09-16,september,Reefer,1139.0,2628.86,2546.988335736922,2529.23732709862,2538.1128314177713,90.74716858222882
TR-040925,2025-09-16,september,Dry Van,2224.1,4051.53,4060.5852544230233,3925.693148244965,3993.139201333994,58.39079866600605
TR-040926,2025-09-16,september,Reefer,1493.1,3250.67,3042.390822565528,3077.303298811299,3059.847060688414,190.8229393115862
TR-040927,2025-09-16,september,Flatbed,477.6,1253.08,1207.5094989044032,1151.3268170472604,1179.418157975832,73.66184202416798
TR-040928,2025-09-16,september,Reefer,905.5,2238.41,2202.2753360122233,2153.26686171892,2177.7710988655717,60.638901134428124
TR-040929,2025-09-16,september,Dry Van,345.3,812.56,817.5338826026701,821.2063789891631,819.3701307959166,6.810130795916621
TR-040930,2025-09-16,september,Dry Van,419.6,1026.3,1014.36314409707,1011.5226834105541,1012.942913753812,13.357086246187919
TR-040931,2025-09-16,september,Reefer,2285.9,4680.29,4465.564528504897,4638.720916206874,4552.142722355886,128.14727764411418
TR-040932,2025-09-16,september,Dry Van,904.7,1793.86,1738.2539626564396,1733.0912638664895,1735.6726132614644,58.18738673853545
TR-040933,2025-09-16,september,Dry Van,1632.9,3078.74,3120.5886743578812,3081.3819397559573,3100.9853070569193,22.2453070569195
TR-040934,2025-09-16,september,Dry Van,1025.0,2014.48,1970.0856483370264,1977.7712310833847,1973.9284397102056,40.55156028979445
TR-040935,2025-09-16,september,Dry Van,760.6,1484.69,1480.7513535013027,1520.163167200722,1500.4572603510123,15.767260351012283
TR-040936,2025-09-16,september,Reefer,598.7,1499.84,1442.8020162300038,1448.028811368831,1445.4154137994174,54.42458620058255
TR-040937,2025-09-16,september,Dry Van,944.6,2054.88,2008.8659606491867,1997.4907966941707,2003.1783786716787,51.70162132832138
TR-040938,2025-09-16,september,Reefer,503.8,1219.92,1213.9155141192311,1197.4510422439566,1205.6832781815938,14.236721818406295
TR-040939,2025-09-16,september,Flatbed,549.5,1242.48,1196.6639896450401,1202.8375505355755,1199.750770090308,42.729229909692094
TR-040940,2025-09-16,september,Dry Van,853.2,1807.11,1816.6797111265362,1813.5577484716505,1815.1187297990932,8.008729799093317
TR-040941,2025-09-16,september,Dry Van,958.3,1979.33,1968.516694521996,1987.4419921893277,1977.979343355662,1.3506566443379597
TR-040942,2025-09-16,september,Reefer,246.3,667.93,624.2128834784457,696.1082152374922,660.160549357969,7.769450642030961
TR-040943,2025-09-16,september,Flatbed,2217.9,4503.51,4390.875662733958,4373.7946127981395,4382.335137766049,121.17486223395099
TR-040944,2025-09-16,september,Dry Van,2043.0,3945.11,3915.55352316955,3881.91514287903,3898.73433302429,46.37566697570992
TR-040945,2025-09-16,september,Dry Van,963.5,1970.18,1948.5398071763145,1979.4334984362083,1963.9866528062614,6.193347193738646
TR-040946,2025-09-16,september,Dry Van,491.0,1087.27,1061.0872036835594,1064.398253963061,1062.7427288233102,24.527271176689737
TR-040947,2025-09-16,september,Flatbed,771.9,1766.67,1661.617423739706,1642.3333459867392,1651.9753848632226,114.69461513677743
TR-040948,2025-09-16,september,Dry Van,522.3,1131.77,1117.5058598752992,1129.206252650367,1123.3560562628331,8.413943737166846
TR-040949,2025-09-16,september,Dry Van,772.9,1521.6,1476.5040528235852,1498.6359399711105,1487.569996397348,34.03000360265196
TR-040950,2025-09-16,september,Flatbed,1744.7,3868.91,3569.643968487624,3553.510289432408,3561.577128960016,307.33287103998373
TR-040951,2025-09-16,september,Flatbed,1523.4,3185.68,2999.4648592988747,3050.4277782897325,3024.946318794304,160.73368120569603
TR-040952,2025-09-16,september,Dry Van,1361.5,2638.03,2753.088155976618,2680.6734731168804,2716.880814546749,78.850814546749
TR-040953,2025-09-16,september,Reefer,293.5,839.67,840.8443081562183,885.4028488066081,863.1235784814132,23.453578481413274
TR-040954,2025-09-16,september,Dry Van,1382.3,2704.71,2700.6377037788916,2745.9976427721517,2723.317673275522,18.607673275521847
TR-040955,2025-09-16,september,Flatbed,700.5,1545.62,1493.368445146206,1464.9211414732017,1479.1447933097038,66.47520669029609
TR-040956,2025-09-16,september,Dry Van,745.0,1558.53,1536.2627163688253,1519.3849714439364,1527.8238439063807,30.706156093619256
TR-040957,2025-09-16,september,Reefer,1722.1,3918.17,3727.952847938995,3810.756507073865,3769.35467750643,148.81532249356997
TR-040958,2025-09-16,september,Dry Van,1253.8,2442.86,2458.2094941605637,2374.3052950893016,2416.2573946249327,26.60260537506747
TR-040959,2025-09-16,september,Reefer,898.2,1982.16,1941.7717070200836,1958.359878636354,1950.065792828219,32.094207171781136
TR-040960,2025-09-16,september,Dry Van,248.8,581.45,592.3332106679189,606.3186702977466,599.3259404828327,17.875940482832675
TR-040961,2025-09-16,september,Dry Van,1494.9,2852.03,2832.935387282966,2837.1083820086374,2835.021884645802,17.008115354198253
TR-040962,2025-09-16,september,Flatbed,556.1,1279.53,1236.7465179803487,1253.008866735503,1244.8776923579258,34.65230764207422
TR-040963,2025-09-16,september,Dry Van,665.1,1367.88,1363.8125437620083,1356.454824376326,1360.1336840691672,7.746315930832907
TR-040964,2025-09-16,september,Dry Van,2229.8,4170.61,4196.180579811107,4091.246517472068,4143.713548641587,26.896451358412378
TR-040965,2025-09-16,september,Dry Van,2155.9,3944.47,3948.13249770879,3979.2725400906697,3963.70251889973,19.232518899730167
TR-040966,2025-09-16,september,Dry Van,502.9,1081.8,1062.7090084622362,1123.8141813070865,1093.2615948846615,11.461594884661508
TR-040967,2025-09-16,september,Reefer,873.3,2057.08,2074.8139254715265,2031.0705937249018,2052.942259598214,4.137740401785777
TR-040968,2025-09-16,september,Reefer,1393.1,3174.22,3086.3924879412025,3210.0513860480696,3148.221936994636,25.998063005363747
TR-040969,2025-09-16,september,Dry Van,1994.1,4067.99,3944.4878164431607,3918.421387113166,3931.454601778163,136.53539822183666
TR-040970,2025-09-16,september,Dry Van,1189.3,2224.4,2127.9161855935636,2235.597000247157,2181.75659292036,42.64340707963993
TR-040971,2025-09-16,september,Reefer,1595.4,3577.0,3442.521628088805,3498.298772670086,3470.410200379445,106.58979962055491
TR-040972,2025-09-16,september,Dry Van,1120.2,2154.7,2139.8260806375088,2181.0140106228955,2160.4200456302024,5.720045630202549
TR-040973,2025-09-16,september,Flatbed,1231.4,2756.57,2694.5709783059983,2678.467319765191,2686.5191490355946,70.05085096440553
TR-040974,2025-09-16,september,Dry Van,2137.0,4126.92,4058.6995681477542,4074.3098967769324,4066.5047324623433,60.415267537656746
TR-040975,2025-09-16,september,Reefer,727.4,1659.73,1644.4432761768562,1683.9533524734093,1664.1983143251327,4.468314325132724
TR-040976,2025-09-16,september,Flatbed,2042.8,4080.93,4008.549307176805,3939.991436223054,3974.2703716999295,106.65962830007038
TR-040977,2025-09-16,september,Reefer,1150.7,2506.42,2428.518251773364,2370.992345593532,2399.755298683448,106.66470131655205
TR-040978,2025-09-16,september,Flatbed,1932.7,4029.83,3827.39361138494,3806.5665000919,3816.9800557384197,212.84994426158028
TR-040979,2025-09-16,september,Dry Van,2109.4,4091.43,3962.422711102066,3977.6585882135187,3970.0406496577925,121.38935034220731
TR-040980,2025-09-16,september,Dry Van,2209.2,4078.58,4143.106158083717,4143.805842692036,4143.456000387876,64.87600038787605
TR-040981,2025-09-16,september,Flatbed,368.1,934.49,878.6059461578244,912.77729636342,895.6916212606222,38.79837873937777
TR-040982,2025-09-16,september,Dry Van,939.8,1789.68,1794.2161964458599,1756.7954945886395,1775.5058455172498,14.174154482750282
TR-040983,2025-09-16,september,Dry Van,816.1,1687.91,1645.2770705267747,1616.9446040673865,1631.1108372970807,56.799162702919375
TR-040984,2025-09-16,september,Dry Van,1080.0,2134.44,2139.111225514307,2109.599711405723,2124.355468460015,10.084531539985164
TR-040985,2025-09-16,september,Dry Van,482.3,1132.66,1121.139403832658,1126.486298475871,1123.8128511542645,8.847148845735546
TR-040986,2025-09-16,september,Dry Van,746.3,1710.51,1671.0123511714664,1619.866163714946,1645.4392574432063,65.07074255679368
TR-040987,2025-09-16,september,Flatbed,1650.7,3380.14,3121.10178946234,3271.4884347786865,3196.2951121205133,183.84488787948658
TR-040988,2025-09-17,september,Dry Van,790.1,1617.6,1592.742568891534,1608.0621905648657,1600.4023797281998,17.197620271800133
TR-040989,2025-09-17,september,Dry Van,420.8,1015.28,1003.037780007255,978.9261697113777,990.9819748593163,24.29802514068365
TR-040990,2025-09-17,september,Dry Van,2175.8,4091.01,4073.65944518758,3998.6393765164466,4036.1494108520133,54.86058914798696
TR-040991,2025-09-17,september,Dry Van,2379.3,4336.7,4373.831491642927,4355.601875698275,4364.716683670601,28.016683670601196
TR-040992,2025-09-17,september,Reefer,1396.3,3262.82,3117.5114231967686,3234.575411649763,3176.043417423266,86.7765825767342
TR-040993,2025-09-17,september,Dry Van,2425.3,4567.4,4530.02396681621,4507.567557154653,4518.795761985431,48.60423801456818
TR-040994,2025-09-17,september,Reefer,813.5,1851.07,1814.9956767826502,1789.0227650316654,1802.0092209071577,49.06077909284227
TR-040995,2025-09-17,september,Dry Van,1016.0,2103.06,2030.573183187306,2052.3225437308847,2041.4478634590955,61.61213654090443
TR-040996,2025-09-17,september,Dry Van,963.9,1839.0,1843.1885768447366,1856.2094977676047,1849.6990373061708,10.699037306170794
TR-040997,2025-09-17,september,Flatbed,542.2,1397.52,1415.3346775335287,1327.1559700588282,1371.2453237961786,26.2746762038214
TR-040998,2025-09-17,september,Dry Van,604.9,1369.61,1367.7485459712389,1323.0182512149704,1345.3833985931046,24.22660140689527
TR-040999,2025-09-17,september,Dry Van,893.7,1714.65,1688.4993706563941,1745.1012850737247,1716.8003278650594,2.150327865059353
TR-041000,2025-09-17,september,Dry Van,718.0,1536.66,1476.926433199778,1500.6546793846273,1488.7905562922028,47.869443707797245
TR-041001,2025-09-17,september,Dry Van,1012.6,2021.45,2035.2283060656978,2037.4168650063027,2036.3225855360001,14.872585536000088
TR-041002,2025-09-17,september,Dry Van,685.2,1509.8,1470.936286025338,1454.4374973695349,1462.6868916974363,47.11310830256366
TR-041003,2025-09-17,september,Dry Van,1079.9,2165.33,2137.449641431338,2146.423343170651,2141.9364923009944,23.393507699005568
TR-041004,2025-09-17,september,Dry Van,2413.7,4566.56,4555.339535022456,4535.396999987852,4545.368267505154,21.191732494846292
TR-041005,2025-09-17,september,Reefer,2776.6,5892.61,5596.030013558144,5680.309309939577,5638.169661748861,254.4403382511391
TR-041006,2025-09-17,september,Dry Van,2275.9,4118.9,3967.307331461909,4013.0674555385335,3990.1873935002213,128.7126064997783
TR-041007,2025-09-17,september,Dry Van,296.6,700.67,689.9974186189971,718.5765977081685,704.2870081635829,3.617008163582909
TR-041008,2025-09-17,september,Dry Van,2322.9,4223.34,4197.337380536769,4194.787356913606,4196.062368725188,27.277631274811938
TR-041009,2025-09-17,september,Flatbed,2377.9,4943.1,4631.803762952923,4642.871223907054,4637.337493429988,305.7625065700122
TR-041010,2025-09-17,september,Dry Van,371.7,899.51,869.598897435909,871.3712082382735,870.4850528370912,29.024947162908802
TR-041011,2025-09-17,september,Dry Van,946.6,1973.28,1872.949218463419,1891.482397849261,1882.2158081563398,91.06419184366018
TR-041012,2025-09-17,september,Reefer,410.2,1165.59,1119.6009988166675,1125.1395222704787,1122.370260543573,43.21973945642685
TR-041013,2025-09-17,september,Reefer,697.0,1631.56,1606.6499106049564,1593.2206308801565,1599.9352707425564,31.624729257443505
TR-041014,2025-09-17,september,Dry Van,1283.4,2502.95,2447.3575005714692,2451.320205889626,2449.3388532305476,53.61114676945226
TR-041015,2025-09-17,september,Dry Van,693.7,1476.1,1444.3505916773906,1438.8402551333922,1441.5954234053916,34.50457659460835
TR-041016,2025-09-17,september,Dry Van,1188.2,2313.33,2247.3676311088902,2263.50297343862,2255.435302273755,57.894697726244885
TR-041017,2025-09-17,september,Flatbed,1409.3,3052.05,2979.132098342741,2970.8059676579533,2974.969033000347,77.08096699965336
TR-041018,2025-09-17,september,Dry Van,1390.8,2829.57,2759.1947522316123,2737.8341012388505,2748.5144267352316,81.05557326476855
TR-041019,2025-09-17,september,Flatbed,1839.7,3938.37,3740.976406345088,3795.999876267327,3768.4881413062076,169.8818586937923
TR-041020,2025-09-17,september,Flatbed,1687.4,3648.58,3542.195790768729,3539.4475621592915,3540.82167646401,107.7583235359898
TR-041021,2025-09-17,september,Dry Van,672.0,1466.6,1418.6569475202105,1425.905463865397,1422.2812056928037,44.318794307196185
TR-041022,2025-09-17,september,Dry Van,99.5,273.37,263.15829460942314,311.1682611341571,287.1632778717901,13.79327787179011
TR-041023,2025-09-17,september,Flatbed,1367.3,3112.83,3019.1680571462994,2990.48743616306,3004.8277466546797,108.00225334532024
TR-041024,2025-09-17,september,Dry Van,1180.6,2276.42,2252.359000993384,2287.7202016949955,2270.0396013441896,6.380398655810495
TR-041025,2025-09-17,september,Dry Van,302.4,729.36,734.1136580738864,735.645188764044,734.8794234189652,5.519423418965175
TR-041026,2025-09-17,september,Flatbed,881.0,2104.11,2123.08882816941,2059.047125946929,2091.0679770581696,13.04202294183051
TR-041027,2025-09-17,september,Flatbed,404.2,990.67,916.6887819740078,926.9855562913503,921.837169132679,68.83283086732092
TR-041028,2025-09-17,september,Dry Van,562.0,1197.94,1145.6771973398363,1194.78837976565,1170.2327885527432,27.707211447256896
TR-041029,2025-09-17,september,Dry Van,673.2,1389.62,1317.8964315410901,1338.4855803591472,1328.1910059501188,61.42899404988111
TR-041030,2025-09-17,september,Reefer,553.3,1335.13,1326.5541859461416,1301.9218707709665,1314.238028358554,20.891971641446162
TR-041031,2025-09-17,september,Dry Van,1341.2,2728.59,2657.6965492627573,2611.543410234808,2634.6199797487825,93.97002025121765
TR-041032,2025-09-17,september,Dry Van,231.0,573.51,670.5777896255463,568.9716237432131,619.7747066843797,46.26470668437969
TR-041033,2025-09-17,september,Reefer,2106.4,4659.3,4392.206959635988,4410.931728515274,4401.569344075631,257.7306559243689
TR-041034,2025-09-17,september,Dry Van,429.3,988.26,964.4181567705236,972.8990023516512,968.6585795610874,19.601420438912555
TR-041035,2025-09-17,september,Dry Van,1423.2,2937.59,2885.534526453915,2872.4152087933862,2878.9748676236504,58.61513237634972
TR-041036,2025-09-17,september,Flatbed,260.8,714.33,719.2130194987949,700.5420488838874,709.8775341913412,4.4524658086588715
TR-041037,2025-09-17,september,Dry Van,2431.4,4631.81,4500.255165165157,4521.615252194065,4510.935208679612,120.8747913203888
TR-041038,2025-09-17,september,Reefer,509.2,1360.34,1399.805970304393,1350.2921088334308,1375.049039568912,14.709039568911976
TR-041039,2025-09-17,september,Dry Van,534.7,1229.15,1185.4785333618613,1196.2057440290537,1190.8421386954574,38.30786130454271
TR-041040,2025-09-17,september,Dry Van,1017.3,2138.99,2075.792605895231,2121.802276867112,2098.7974413811717,40.192558618828116
TR-041041,2025-09-17,september,Flatbed,1838.1,3600.79,3663.1962284887295,3663.8620638040347,3663.529146146382,62.739146146382154
TR-041042,2025-09-17,september,Dry Van,494.9,1162.72,1146.1872140194282,1092.883935416632,1119.5355747180301,43.18442528196988
TR-041043,2025-09-17,september,Reefer,1460.0,3135.32,3098.510298560529,3091.944766632211,3095.22753259637,40.09246740363005
TR-041044,2025-09-17,september,Dry Van,1117.0,2066.78,2048.296653174572,2065.1971895109064,2056.7469213427394,10.03307865726083
TR-041045,2025-09-17,september,Dry Van,1750.3,3598.79,3464.20136022088,3342.457268740586,3403.329314480733,195.46068551926692
TR-041046,2025-09-17,september,Flatbed,1727.6,3908.44,3720.556671889769,3673.9714584228614,3697.264065156315,211.1759348436849
TR-041047,2025-09-17,september,Dry Van,912.9,1846.47,1781.3210694399145,1808.396052165955,1794.8585608029348,51.61143919706524
TR-041048,2025-09-17,september,Reefer,2175.6,4706.92,4443.813421368451,4439.312839023361,4441.563130195906,265.35686980409446
TR-041049,2025-09-17,september,Dry Van,337.6,814.08,776.0615052027367,799.3849376295848,787.7232214161608,26.356778583839287
TR-041050,2025-09-17,september,Dry Van,369.1,880.59,878.2952994676576,882.8322004258389,880.5637499467482,0.02625005325182883
TR-041051,2025-09-17,september,Dry Van,3117.0,5846.36,5575.54354546359,5706.460743502112,5641.002144482851,205.3578555171489
TR-041052,2025-09-17,september,Flatbed,758.7,1720.64,1628.0647313299953,1626.7729981780774,1627.4188647540363,93.22113524596375
TR-041053,2025-09-17,september,Reefer,1427.5,3312.66,3216.502177527445,3243.9652894103933,3230.233733468919,82.42626653108073
TR-041054,2025-09-17,september,Flatbed,1783.1,3690.6,3608.4705335215785,3529.23310316255,3568.8518183420642,121.74818165793567
TR-041055,2025-09-17,september,Dry Van,668.6,1488.08,1468.2996989987234,1472.4748699599013,1470.3872844793123,17.69271552068767
TR-041056,2025-09-17,september,Flatbed,1639.4,3655.47,3460.608873394757,3549.148668970296,3504.8787711825266,150.59122881747317
TR-041057,2025-09-17,september,Reefer,1958.8,4523.32,4212.4607870402215,4266.893320316823,4239.6770536785225,283.6429463214772
TR-041058,2025-09-17,september,Dry Van,1645.5,3177.01,3176.9850040197553,3142.0836129883783,3159.5343085040668,17.47569149593346
TR-041059,2025-09-17,september,Reefer,2353.6,5112.3,4787.834418597854,4803.110897212088,4795.472657904971,316.82734209502905
TR-041060,2025-09-17,september,Flatbed,564.5,1371.31,1326.7210985923239,1339.2350063816366,1332.9780524869802,38.33194751301971
TR-041061,2025-09-17,september,Reefer,3032.3,6357.66,5914.136980670058,6164.87219573014,6039.5045882000995,318.1554117999003
TR-041062,2025-09-17,september,Dry Van,2192.5,4269.7,4229.006877561768,4213.23879149256,4221.122834527165,48.57716547283508
TR-041063,2025-09-17,september,Dry Van,2092.9,3970.47,3840.5118283939178,3814.042939684632,3827.2773840392747,143.1926159607251
TR-041064,2025-09-17,september,Dry Van,165.9,452.28,453.37150358914937,508.71285381120333,481.04217870017635,28.762178700176378
TR-041065,2025-09-17,september,Dry Van,445.1,959.77,928.6478109731248,930.6191738873879,929.6334924302564,30.13650756974357
TR-041066,2025-09-17,september,Dry Van,1330.0,2751.84,2740.359750109659,2641.908596713977,2691.134173411818,60.705826588181935
TR-041067,2025-09-17,september,Flatbed,345.2,911.83,913.2841923100227,908.7592855383723,911.0217389241975,0.8082610758025339
TR-041068,2025-09-17,september,Dry Van,553.4,1119.2,1086.5246806448347,1111.8613975328308,1099.1930390888328,20.006960911167198
TR-041069,2025-09-17,september,Dry Van,659.0,1404.58,1372.7853649436981,1384.8694987962224,1378.8274318699603,25.752568130039663
TR-041070,2025-09-17,september,Dry Van,678.6,1388.78,1339.7832149702924,1361.53726463188,1350.6602398010862,38.11976019891381
TR-041071,2025-09-17,september,Reefer,755.7,1679.9,1689.1570852825826,1673.036295231283,1681.0966902569328,1.1966902569326976
TR-041072,2025-09-17,september,Reefer,1241.7,2806.83,2729.605360663908,2714.3283672661178,2721.9668639650126,84.86313603498729
TR-041073,2025-09-17,september,Reefer,391.4,960.78,937.5958211471259,943.5466195533581,940.571220350242,20.208779649757957
TR-041074,2025-09-17,september,Flatbed,608.8,1470.55,1438.4378058635414,1400.0642078647745,1419.251006864158,51.29899313584201
TR-041075,2025-09-17,september,Flatbed,2077.9,4412.66,4179.165322557871,4248.358904618443,4213.762113588157,198.8978864118426
TR-041076,2025-09-17,september,Flatbed,785.6,1701.66,1708.4921181132086,1624.905467173035,1666.6987926431218,34.961207356878276
TR-041077,2025-09-17,september,Dry Van,1979.0,3611.76,3613.1123692803994,3604.054910209765,3608.583639745082,3.1763602549181087
TR-041078,2025-09-17,september,Dry Van,530.2,1248.13,1225.6776509399567,1203.0185774902238,1214.3481142150904,33.78188578490972
TR-041079,2025-09-17,september,Flatbed,1150.9,2579.63,2512.4567295119855,2460.7850468571487,2486.620888184567,93.00911181543324
TR-041080,2025-09-17,september,Dry Van,1481.8,2995.71,2954.904296253304,2888.7422862367102,2921.823291245007,73.88670875499292
TR-041081,2025-09-17,september,Reefer,2529.3,5378.9,5202.729510755542,5203.395921616342,5203.062716185942,175.83728381405763
TR-041082,2025-09-17,september,Reefer,545.0,1445.94,1440.2735424595783,1366.3753070419152,1403.3244247507469,42.6155752492532
TR-041083,2025-09-17,september,Reefer,1259.0,2932.57,2819.790962530389,2890.18765166077,2854.9893070955795,77.58069290442063
TR-041084,2025-09-17,september,Reefer,1202.7,2622.63,2607.4252780330926,2570.2094412014912,2588.817359617292,33.812640382708196
TR-041085,2025-09-17,september,Dry Van,912.7,1931.11,1840.7894484955768,1833.2703673738154,1837.029907934696,94.08009206530392
TR-041086,2025-09-17,september,Flatbed,552.5,1278.61,1262.1486952368382,1269.7359063080835,1265.9423007724608,12.66769922753906
TR-041087,2025-09-17,september,Flatbed,1315.6,2749.07,2679.2563879516156,2701.8296820930973,2690.5430350223564,58.52696497764373
TR-041088,2025-09-17,september,Reefer,1775.6,3878.08,3675.86594807198,3716.831563372969,3696.3487557224744,181.73124427752555
TR-041089,2025-09-17,september,Dry Van,354.9,3848.82,802.3350972065534,815.9364575877707,809.1357773971621,3039.684222602838
TR-041090,2025-09-17,september,Reefer,587.7,1368.56,1388.7146307079804,1387.7045762536895,1388.209603480835,19.64960348083514
TR-041091,2025-09-17,september,Dry Van,488.5,1073.49,1040.4269148587198,1038.972137113487,1039.6995259861033,33.790474013896755
TR-041092,2025-09-17,september,Dry Van,322.3,814.99,781.155218909346,778.5902579417934,779.8727384255697,35.11726157443036
TR-041093,2025-09-17,september,Reefer,1708.2,3588.73,3572.2315579386745,3520.9661704318746,3546.5988641852746,42.13113581472544
TR-041094,2025-09-17,september,Flatbed,1233.1,2577.91,2567.1169142054846,2514.9611822651123,2541.0390482352987,36.8709517647012
TR-041095,2025-09-17,september,Reefer,2012.7,4132.31,4147.5243723812755,4179.853165711842,4163.688769046559,31.378769046558773
TR-041096,2025-09-17,september,Dry Van,1481.6,2885.53,2787.4625715956104,2791.7393251768203,2789.6009483862154,95.92905161378485
TR-041097,2025-09-17,september,Dry Van,2900.1,5317.19,5178.3902825024325,5149.663332956176,5164.026807729304,153.16319227069562
TR-041098,2025-09-17,september,Dry Van,326.6,791.36,751.6377671318065,763.8660325582755,757.751899845041,33.60810015495906
TR-041099,2025-09-17,september,Dry Van,1475.1,2796.78,2873.603848834042,2850.141289432505,2861.8725691332734,65.09256913327317
TR-041100,2025-09-17,september,Dry Van,494.1,1162.66,1133.523217331393,1103.3612929848864,1118.4422551581397,44.217744841860394
TR-041101,2025-09-17,september,Dry Van,1355.1,2826.87,2736.4605743253023,2666.1994447188913,2701.3300095220966,125.5399904779033
TR-041102,2025-09-17,september,Dry Van,1461.4,2943.01,2895.6541720924542,2873.042826835276,2884.348499463865,58.66150053613501
TR-041103,2025-09-17,september,Flatbed,803.5,1914.6,1829.1974853085414,1794.2549235527758,1811.7262044306585,102.87379556934138
TR-041104,2025-09-17,september,Dry Van,1256.2,2533.96,2502.702197413344,2500.8182708089716,2501.760234111158,32.199765888842194
TR-041105,2025-09-17,september,Reefer,2471.7,5358.59,5241.316243221278,5140.547067545643,5190.93165538346,167.6583446165405
TR-041106,2025-09-17,september,Dry Van,585.4,1338.09,1314.647421598184,1279.5897139169701,1297.1185677575772,40.97143224242268
TR-041107,2025-09-17,september,Dry Van,155.9,414.0,400.82736135543956,441.02084573308616,420.92410354426283,6.9241035442628345
TR-041108,2025-09-17,september,Dry Van,1961.7,3889.04,3732.1109047894406,3649.604589064404,3690.857746926922,198.18225307307785
TR-041109,2025-09-17,september,Dry Van,112.9,316.38,339.90281288508254,372.96689836601877,356.43485562555065,40.05485562555066
TR-041110,2025-09-17,september,Reefer,517.9,1317.55,1274.8851621624392,1255.539400661729,1265.212281412084,52.337718587916015
TR-041111,2025-09-17,september,Dry Van,456.2,999.43,976.3117990752645,990.6184665925366,983.4651328339005,15.964867166099452
TR-041112,2025-09-17,september,Dry Van,908.7,2000.33,1957.3673745639435,1928.9589632793588,1943.163168921651,57.16683107834888
TR-041113,2025-09-17,september,Reefer,731.7,1650.1,1613.565090310135,1622.978361249262,1618.2717257796985,31.82827422030141
TR-041114,2025-09-17,september,Reefer,2807.6,5395.2,5363.448384915437,5267.334901235245,5315.391643075341,79.80835692465917
TR-041115,2025-09-17,september,Dry Van,1062.9,2252.16,2222.0608574061093,2195.6889046087517,2208.8748810074303,43.28511899256955
TR-041116,2025-09-17,september,Dry Van,274.0,624.09,620.9777179349753,627.718463529093,624.3480907320342,0.2580907320341339
TR-041117,2025-09-17,september,Reefer,1319.8,2935.57,2906.7965611172963,2915.0011336973475,2910.898847407322,24.671152592678027
TR-041118,2025-09-17,september,Flatbed,1615.5,3551.15,3387.2292751055325,3414.2381165499974,3400.7336958277647,150.4163041722354
TR-041119,2025-09-17,september,Reefer,319.9,918.41,897.7830865561602,949.4358958971529,923.6094912266566,5.199491226656619
TR-041120,2025-09-17,september,Flatbed,2885.5,5576.86,5323.029426724365,5440.970482461723,5381.999954593044,194.86004540695558
TR-041121,2025-09-17,september,Dry Van,1612.0,3261.98,3208.1894321296018,3177.8307246236145,3193.0100783766084,68.96992162339166
TR-041122,2025-09-17,september,Dry Van,410.8,992.4,953.741777825758,945.2245824650413,949.4831801453997,42.91681985460025
TR-041123,2025-09-17,september,Reefer,960.3,2275.66,2223.779434714247,2214.8838055854203,2219.3316201498337,56.32837985016613
TR-041124,2025-09-17,september,Reefer,372.8,1031.93,1012.9743491193498,976.4083356863284,994.6913424028392,37.23865759716091
TR-041125,2025-09-17,september,Reefer,991.2,2383.15,2301.2516370797775,2287.664208564196,2294.457922821987,88.69207717801328
TR-041126,2025-09-17,september,Dry Van,2051.3,3999.28,3993.959581684517,3974.0096509658865,3983.984616325202,15.295383674798359
TR-041127,2025-09-17,september,Dry Van,303.5,796.55,778.2252273295144,815.5786120350153,796.9019196822649,0.35191968226490644
TR-041128,2025-09-17,september,Flatbed,2559.0,5227.72,4899.596646039861,4940.9197413284755,4920.258193684169,307.4618063158314
TR-041129,2025-09-17,september,Reefer,1564.9,3322.27,3271.593610031467,3365.5087213731363,3318.5511657023017,3.718834297698322
TR-041130,2025-09-17,september,Reefer,731.9,1805.75,1807.357470013224,1784.6895117550548,1796.0234908841394,9.726509115860608
TR-041131,2025-09-17,september,Dry Van,378.6,897.02,894.1879262080972,887.2100197112363,890.6989729596668,6.321027040333206
TR-041132,2025-09-17,september,Flatbed,2666.7,5307.92,4973.810293425609,5024.016010802272,4998.913152113941,309.0068478860594
TR-041133,2025-09-17,september,Reefer,698.6,1599.52,1579.8284378134351,1571.4286222895303,1575.6285300514828,23.89146994851717
TR-041134,2025-09-17,september,Dry Van,744.2,1503.91,1497.0343154424945,1523.0336737479074,1510.033994595201,6.123994595200884
TR-041135,2025-09-17,september,Dry Van,1226.1,2470.32,2401.3673184643712,2368.443267289923,2384.905292877147,85.41470712285309
TR-041136,2025-09-17,september,Dry Van,353.3,837.75,850.0213619598198,839.1370026280631,844.5791822939415,6.8291822939414715
TR-041137,2025-09-17,september,Dry Van,825.9,1786.6,1733.7956418059418,1743.0569466153358,1738.4262942106388,48.173705789361065
TR-041138,2025-09-17,september,Reefer,2021.7,4381.32,4262.270319189643,4294.579789014936,4278.425054102289,102.89494589771039
TR-041139,2025-09-18,september,Reefer,450.1,1182.12,1146.169754970471,1138.4670613951826,1142.3184081828267,39.801591817173176
TR-041140,2025-09-18,september,Dry Van,845.4,1790.79,1747.548536522733,1808.1188710200997,1777.8337037714164,12.956296228583597
TR-041141,2025-09-18,september,Dry Van,1112.0,2372.58,2328.936438422543,2318.793059519724,2323.8647489711334,48.71525102886653
TR-041142,2025-09-18,september,Dry Van,546.7,1245.98,1203.7649061160612,1189.5123235607412,1196.6386148384013,49.34138516159874
TR-041143,2025-09-18,september,Reefer,951.8,2246.24,2192.6361903549573,2199.4105909239306,2196.023390639444,50.216609360555594
TR-041144,2025-09-18,september,Reefer,381.6,980.22,990.6045006957715,987.320423470472,988.9624620831217,8.742462083121723
TR-041145,2025-09-18,september,Flatbed,328.9,859.17,855.5374828037341,860.4142774781108,857.9758801409224,1.1941198590775457
TR-041146,2025-09-18,september,Dry Van,1590.3,3153.62,3220.741623622109,3170.9361109008,3195.8388672614547,42.21886726145476
TR-041147,2025-09-18,september,Dry Van,1006.6,1933.02,1937.9581080138041,1943.5290583018439,1940.743583157824,7.723583157824123
TR-041148,2025-09-18,september,Flatbed,2735.9,5495.7,5149.308049037885,5341.233064941792,5245.270556989839,250.42944301016087
TR-041149,2025-09-18,september,Dry Van,175.6,436.95,434.25127200428136,410.92116684817756,422.5862194262295,14.363780573770498
TR-041150,2025-09-18,september,Dry Van,937.8,2059.06,2006.1848223297527,1987.5227159531535,1996.853769141453,62.20623085854686
TR-041151,2025-09-18,september,Dry Van,1788.2,3435.44,3441.1173650534674,3407.7064132418145,3424.411889147641,11.028110852359077
TR-041152,2025-09-18,september,Dry Van,1406.1,2781.29,2756.4864231917513,2776.870128447247,2766.6782758194995,14.61172418050046
TR-041153,2025-09-18,september,Dry Van,953.7,1843.05,1909.6465813995997,1887.842927149587,1898.7447542745933,55.69475427459338
TR-041154,2025-09-18,september,Dry Van,953.6,1946.98,1864.7591129007137,1899.2874819208025,1882.023297410758,64.95670258924201
TR-041155,2025-09-18,september,Dry Van,1142.8,2332.46,2307.5905024028143,2336.569941756109,2322.0802220794617,10.379777920538345
TR-041156,2025-09-18,september,Reefer,2680.4,5695.78,5420.067676313302,5455.428195509368,5437.747935911335,258.0320640886648
TR-041157,2025-09-18,september,Flatbed,909.0,2032.48,1962.4939098327438,1958.1229796482037,1960.3084447404738,72.17155525952626
TR-041158,2025-09-18,september,Reefer,1643.0,3604.9,3388.943470553713,3452.8409754976765,3420.892223025695,184.00777697430522
TR-041159,2025-09-18,september,Flatbed,2543.9,5154.0,4882.821313597588,4884.268609974047,4883.544961785818,270.4550382141824
TR-041160,2025-09-18,september,Dry Van,660.6,1341.43,1328.8925951066087,1323.661272848714,1326.2769339776614,15.153066022338635
TR-041161,2025-09-18,september,Reefer,305.2,836.33,809.4416896799295,825.02003587841,817.2308627791697,19.099137220830357
TR-041162,2025-09-18,september,Dry Van,1959.5,3815.87,3744.0272243753348,3739.934701516307,3741.980962945821,73.88903705417897
TR-041163,2025-09-18,september,Reefer,946.1,885.17,2149.42050500912,2170.4216288130315,2159.9210669110757,1274.7510669110757
TR-041164,2025-09-18,september,Flatbed,1835.2,4030.69,3856.9405586574317,3849.9128887287943,3853.4267236931128,177.2632763068873
TR-041165,2025-09-18,september,Reefer,918.5,2164.8,2177.6348510855087,2134.665015372401,2156.149933228955,8.650066771045203
TR-041166,2025-09-18,september,Dry Van,499.4,1115.02,1092.3615701302542,1106.6338899860184,1099.4977300581363,15.52226994186367
TR-041167,2025-09-18,september,Dry Van,1715.6,3388.51,3352.639560137521,3278.1097852534294,3315.374672695475,73.13532730452516
TR-041168,2025-09-18,september,Dry Van,1879.1,3529.08,3596.872947467793,3613.4902741636192,3605.1816108157063,76.10161081570641
TR-041169,2025-09-18,september,Dry Van,1695.0,3266.65,3226.5066084141845,3278.6285929272135,3252.567600670699,14.082399329301097
TR-041170,2025-09-18,september,Dry Van,936.5,2045.91,2000.3380304406057,1970.233812766802,1985.2859216037039,60.62407839629623
TR-041171,2025-09-18,september,Reefer,395.7,1042.37,1005.9729382990637,1026.4869195010983,1016.229928900081,26.14007109991894
TR-041172,2025-09-18,september,Flatbed,518.4,1264.25,1225.2445753769753,1195.2855596180812,1210.2650674975282,53.98493250247179
TR-041173,2025-09-18,september,Reefer,1355.4,3029.19,2919.8110203934043,2926.43433142715,2923.1226759102774,106.06732408972266
TR-041174,2025-09-18,september,Dry Van,427.0,1065.43,1042.9081384465355,1056.7188038651007,1049.8134711558182,15.616528844181857
TR-041175,2025-09-18,september,Dry Van,507.2,1037.51,1053.7330513114337,1027.427199428291,1040.5801253698623,3.070125369862353
TR-041176,2025-09-18,september,Reefer,979.8,2417.3,2303.134948696776,2290.609164938133,2296.8720568174544,120.42794318254573
TR-041177,2025-09-18,september,Reefer,1768.0,4019.3,3830.1591870795705,3859.9220491758206,3845.040618127696,174.2593818723044
TR-041178,2025-09-18,september,Dry Van,1374.9,2703.52,2691.879698974165,2758.2293626300325,2725.0545308020987,21.534530802098743
TR-041179,2025-09-18,september,Dry Van,713.3,1567.93,1519.2872598492497,1522.7711749574617,1521.0292174033557,46.900782596644376
TR-041180,2025-09-18,september,Dry Van,729.9,1649.02,1614.6579606335004,1600.6975666204194,1607.6777636269599,41.34223637304012
TR-041181,2025-09-18,september,Reefer,2721.2,5797.14,5487.297458483428,5570.2925633703235,5528.795010926876,268.34498907312445
TR-041182,2025-09-18,september,Flatbed,928.0,2220.74,2186.826607733896,2158.5097720950057,2172.6681899144505,48.07181008554926
TR-041183,2025-09-18,september,Flatbed,529.9,1321.15,1337.4741550194065,1341.0429735789057,1339.2585642991562,18.108564299156114
TR-041184,2025-09-18,september,Dry Van,780.7,1567.88,1519.1419290552833,1548.645325657897,1533.89362735659,33.98637264341005
TR-041185,2025-09-18,september,Dry Van,2787.3,5298.62,5084.917109169747,5127.046633046053,5105.981871107901,192.6381288920993
TR-041186,2025-09-18,september,Flatbed,2075.6,4547.86,4319.789463042162,4262.4692430222985,4291.129353032231,256.73064696776873
TR-041187,2025-09-18,september,Dry Van,400.7,885.3,869.9103666646852,884.834898229379,877.3726324470321,7.927367552967894
TR-041188,2025-09-18,september,Dry Van,2960.1,5223.67,5270.508820916606,5123.342677746867,5196.925749331736,26.744250668263703
TR-041189,2025-09-18,september,Reefer,828.3,1986.74,1958.5958537141942,1967.0616464832117,1962.828750098703,23.91124990129697
TR-041190,2025-09-18,september,Dry Van,658.7,1416.04,1394.2493577711516,1429.8999320799105,1412.0746449255312,3.965355074468789
TR-041191,2025-09-18,september,Flatbed,986.2,2259.09,2168.444883134442,2162.1996353466097,2165.322259240526,93.76774075947424
TR-041192,2025-09-18,september,Dry Van,1527.4,3119.9,3051.066110771945,3056.466326925457,3053.766218848701,66.13378115129899
TR-041193,2025-09-18,september,Dry Van,1246.6,2612.11,2539.932952321641,2528.2460313552947,2534.089491838468,78.02050816153223
TR-041194,2025-09-18,september,Flatbed,464.6,1167.77,1091.2235264072879,1101.001516324919,1096.1125213661035,71.65747863389652
TR-041195,2025-09-18,september,Dry Van,1109.4,2337.65,2161.579118452765,2221.2503777646602,2191.414748108713,146.23525189128713
TR-041196,2025-09-18,september,Dry Van,2655.2,4868.18,4871.2308842903485,4756.0505560692345,4813.640720179792,54.53927982020832
TR-041197,2025-09-18,september,Dry Van,2123.9,3972.67,3880.724029224269,3852.535778703851,3866.62990396406,106.04009603594022
TR-041198,2025-09-18,september,Dry Van,2100.5,4109.95,4000.647985451768,4041.1820783395533,4020.915031895661,89.03496810433899
TR-041199,2025-09-18,september,Dry Van,988.1,1958.31,1953.5524304062758,1952.4765620333928,1953.0144962198342,5.295503780165745
TR-041200,2025-09-18,september,Dry Van,1042.0,2130.39,2141.0424136016677,2135.7358264696622,2138.3891200356647,7.999120035664873
TR-041201,2025-09-18,september,Reefer,755.3,1788.14,1786.7034570236372,1802.5236306582462,1794.6135438409417,6.473543840941602
TR-041202,2025-09-18,september,Reefer,876.5,2137.06,2143.154063367078,2088.5016578657887,2115.827860616433,21.232139383566846
TR-041203,2025-09-18,september,Dry Van,1908.0,3595.28,3590.007566444126,3559.1033850257895,3574.555475734958,20.72452426504242
TR-041204,2025-09-18,september,Reefer,976.1,2314.91,2214.035823715606,2228.982595569483,2221.509209642544,93.40079035745566
TR-041205,2025-09-18,september,Dry Van,1905.8,3538.35,3542.995455352494,3571.860510732912,3557.427983042703,19.07798304270318
TR-041206,2025-09-18,september,Dry Van,1882.8,3771.62,3738.511702669486,3700.09129475031,3719.301498709898,52.31850129010172
TR-041207,2025-09-18,september,Dry Van,234.0,564.55,553.5678787272624,556.291652412456,554.9297655698592,9.620234430140727
TR-041208,2025-09-18,september,Dry Van,1643.8,3055.45,3062.551588208034,3061.8468888850985,3062.1992385465664,6.74923854656663
TR-041209,2025-09-18,september,Reefer,3044.8,6586.76,5951.603662335776,6124.125313842121,6037.864488088948,548.8955119110524
TR-041210,2025-09-18,september,Reefer,662.7,1752.61,1748.8557684644272,1677.8188092347625,1713.3372888495949,39.27271115040503
TR-041211,2025-09-18,september,Reefer,850.9,2056.74,2111.9429011773004,2035.9017771352435,2073.922339156272,17.182339156272064
TR-041212,2025-09-18,september,Dry Van,461.2,1099.58,1060.8407916108583,1053.5216366295763,1057.1812141202172,42.398785879782736
TR-041213,2025-09-18,september,Flatbed,873.4,2031.94,2020.1815031925491,1985.3316437867616,2002.7565734896552,29.183426510344816
TR-041214,2025-09-18,september,Dry Van,2262.9,4129.46,4139.954656049557,4072.9999366333304,4106.477296341443,22.982703658556602
TR-041215,2025-09-18,september,Flatbed,1861.4,4083.22,3908.8081162329895,3862.586140187539,3885.697128210264,197.52287178973575
TR-041216,2025-09-18,september,Reefer,559.9,1344.15,1306.6405668786995,1313.2288428948928,1309.9347048867962,34.215295113203865
TR-041217,2025-09-18,september,Dry Van,926.0,1770.17,1750.9461944993104,1828.502752695469,1789.7244735973898,19.554473597389688
TR-041218,2025-09-18,september,Dry Van,447.6,1027.87,999.666754453692,1013.4338477848116,1006.5503011192518,21.319698880748092
TR-041219,2025-09-18,september,Reefer,741.3,1771.04,1734.5712191718894,1732.3836171746696,1733.4774181732796,37.56258182672036
TR-041220,2025-09-18,september,Reefer,159.4,478.02,439.4829307757702,677.4404840145542,558.4617073951622,80.44170739516221
TR-041221,2025-09-18,september,Reefer,931.6,2240.88,2183.6911884465753,2194.5702484258763,2189.130718436226,51.749281563774275
TR-041222,2025-09-18,september,Dry Van,2390.0,4419.92,4485.013850037133,4460.090230698418,4472.552040367776,52.63204036777552
TR-041223,2025-09-18,september,Dry Van,407.6,929.25,920.1347902667463,926.5582347663496,923.346512516548,5.903487483451954
TR-041224,2025-09-18,september,Flatbed,1728.2,3628.7,3485.5510128301676,3535.3694866028336,3510.4602497165006,118.23975028349923
TR-041225,2025-09-18,september,Reefer,896.0,2265.66,2227.1329888824753,2154.6456628243345,2190.889325853405,74.77067414659496
TR-041226,2025-09-18,september,Dry Van,832.3,1740.58,1709.1455779128908,1750.6253242874018,1729.8854511001464,10.694548899853544
TR-041227,2025-09-18,september,Dry Van,801.4,1650.49,1608.9610685196762,1603.6088887038654,1606.2849786117708,44.20502138822917
TR-041228,2025-09-18,september,Reefer,2250.1,4786.14,4702.084603032362,4724.5290866890955,4713.306844860728,72.8331551392721
TR-041229,2025-09-18,september,Dry Van,928.4,1915.64,1872.1500034047228,1904.4045317589137,1888.2772675818183,27.36273241818185
TR-041230,2025-09-18,september,Reefer,1344.4,2864.86,2850.9486391713017,2810.733042394452,2830.8408407828765,34.019159217123615
TR-041231,2025-09-18,september,Flatbed,1049.2,2342.44,2228.4598099214063,2191.5676014041915,2210.013705662799,132.42629433720094
TR-041232,2025-09-18,september,Reefer,366.0,987.48,966.6771963063271,944.8748130158101,955.7760046610686,31.703995338931463
TR-041233,2025-09-18,september,Dry Van,1098.9,2390.47,2297.0854676729164,2295.9096081311936,2296.4975379020552,93.97246209794457
TR-041234,2025-09-18,september,Reefer,2743.0,5812.57,5586.535017871583,5679.933469918506,5633.234243895044,179.3357561049561
TR-041235,2025-09-18,september,Dry Van,434.2,1047.42,1002.0246066352703,980.995854655461,991.5102306453657,55.90976935463436
TR-041236,2025-09-18,september,Dry Van,2854.4,5446.12,5278.841371111083,5334.304647056766,5306.573009083924,139.54699091607563
TR-041237,2025-09-18,september,Dry Van,368.4,800.45,771.2013297655726,758.4940702341189,764.8476999998458,35.60230000015429
TR-041238,2025-09-18,september,Dry Van,434.8,995.21,994.5026704824337,980.2377282584205,987.3701993704271,7.839800629572892
TR-041239,2025-09-18,september,Dry Van,1490.5,2915.4,2909.1052041043654,2864.544486016473,2886.824845060419,28.575154939580898
TR-041240,2025-09-18,september,Dry Van,1212.1,2328.57,2369.7266132973714,2366.5795863110875,2368.1530998042294,39.58309980422928
TR-041241,2025-09-18,september,Reefer,1403.9,2995.54,2952.557608588605,2910.0946103121364,2931.3261094503705,64.21389054962947
TR-041242,2025-09-18,september,Dry Van,2929.2,4914.73,5131.433949597467,5036.183266491647,5083.808608044557,169.07860804455777
TR-041243,2025-09-18,september,Dry Van,1997.6,3696.63,3767.276524772134,3667.7383559639807,3717.5074403680574,20.87744036805725
TR-041244,2025-09-18,september,Flatbed,2365.7,4894.62,4620.9728251287515,4647.208279576071,4634.090552352411,260.5294476475892
TR-041245,2025-09-18,september,Dry Van,1435.2,2822.47,2809.8082407082366,2759.2551569977704,2784.5316988530035,37.93830114699631
TR-041246,2025-09-18,september,Dry Van,431.4,966.91,946.5712864586136,945.0912038633783,945.8312451609959,21.07875483900409
TR-041247,2025-09-18,september,Reefer,916.3,2294.9,2243.6274680296033,2175.6487228153173,2209.6380954224605,85.26190457753955
TR-041248,2025-09-18,september,Reefer,765.5,1917.68,1931.124379480051,1837.4008058318148,1884.2625926559328,33.417407344067215
TR-041249,2025-09-18,september,Reefer,493.4,1337.6,1322.9486965943,1267.2758798423918,1295.1122882183458,42.48771178165407
TR-041250,2025-09-18,september,Dry Van,1906.7,3669.73,3677.6385331291526,3702.62309283221,3690.130812980681,20.400812980681167
TR-041251,2025-09-18,september,Dry Van,1220.0,2518.18,2432.8550273993155,2392.784052701856,2412.8195400505856,105.36045994941423
TR-041252,2025-09-18,september,Reefer,510.4,1315.02,1269.280644516333,1256.5537861784653,1262.9172153473992,52.1027846526008
TR-041253,2025-09-18,september,Dry Van,752.7,1542.34,1533.0129572790397,1546.4459758127991,1539.7294665459194,2.610533454080496
TR-041254,2025-09-18,september,Dry Van,562.6,1246.18,1221.4827462715086,1223.2089907461334,1222.345868508821,23.83413149117905
TR-041255,2025-09-18,september,Reefer,192.5,599.39,579.8871608168515,732.6974685484008,656.2923146826262,56.902314682626184
TR-041256,2025-09-18,september,Flatbed,1838.4,4103.83,3862.3297454040767,3844.3483827544214,3853.339064079249,250.49093592075087
TR-041257,2025-09-18,september,Dry Van,936.7,2050.57,2044.5795887829693,2014.8841559759862,2029.7318723794779,20.8381276205223
TR-041258,2025-09-18,september,Flatbed,964.1,2133.38,2092.267104288031,2074.3797011693623,2083.3234027286967,50.05659727130342
TR-041259,2025-09-18,september,Dry Van,2264.9,4187.8,4054.6983683256713,4295.446213931819,4175.072291128745,12.727708871255345
TR-041260,2025-09-18,september,Flatbed,1528.1,3405.96,3265.1566013302295,3277.258021164161,3271.2073112471953,134.75268875280472
TR-041261,2025-09-18,september,Reefer,371.2,966.93,946.8332487383511,943.3815953390799,945.1074220387155,21.822577961284424
TR-041262,2025-09-18,september,Dry Van,276.3,683.55,674.324752699735,641.9761299756124,658.1504413376737,25.399558662326285
TR-041263,2025-09-18,september,Dry Van,1500.6,3083.47,3084.997499263634,3000.5302861398013,3042.763892701718,40.70610729828195
TR-041264,2025-09-18,september,Flatbed,1077.8,2349.97,2272.5927330592394,2273.095043488434,2272.8438882738365,77.12611172616334
TR-041265,2025-09-18,september,Dry Van,521.2,1089.72,1080.298330139262,1092.655933079035,1086.4771316091485,3.242868390851527
TR-041266,2025-09-18,september,Dry Van,611.5,1388.56,1397.5952172198909,1374.6905205119006,1386.1428688658957,2.4171311341042383
TR-041267,2025-09-18,september,Dry Van,475.7,1096.12,1061.9552016334644,1059.6318724221267,1060.7935370277955,35.326462972204354
TR-041268,2025-09-18,september,Flatbed,116.9,386.27,366.7284671550739,456.1446934635528,411.43658030931334,25.16658030931336
TR-041269,2025-09-18,september,Flatbed,447.2,1155.18,1100.6585691881241,1099.5649464016783,1100.1117577949012,55.06824220509884
TR-041270,2025-09-18,september,Dry Van,205.7,535.96,509.6174324214421,559.4643893942814,534.5409109078618,1.4190890921382788
TR-041271,2025-09-18,september,Flatbed,1247.4,2817.62,2670.6122940120176,2614.622396814374,2642.617345413196,175.00265458680406
TR-041272,2025-09-18,september,Dry Van,913.8,1850.05,1818.292470284817,1840.9793436085436,1829.6359069466803,20.414093053319675
TR-041273,2025-09-18,september,Dry Van,2845.8,4899.37,4990.628801110158,4898.338237857113,4944.483519483636,45.11351948363608
TR-041274,2025-09-18,september,Reefer,1053.9,2715.31,2510.956248256308,2532.3003990919938,2521.628323674151,193.6816763258489
TR-041275,2025-09-18,september,Dry Van,328.2,757.99,732.4727147379317,738.1090676429244,735.290891190428,22.699108809571953
TR-041276,2025-09-18,september,Flatbed,676.0,1657.2,1636.4072558301452,1571.655496651863,1604.0313762410042,53.168623758995864
TR-041277,2025-09-18,september,Dry Van,574.6,1187.35,1156.5391665711763,1156.1445959323314,1156.3418812517539,31.008118748246034
TR-041278,2025-09-18,september,Flatbed,239.7,657.12,644.8829538300645,643.5450375376547,644.2139956838596,12.906004316140411
TR-041279,2025-09-18,september,Dry Van,694.4,1626.15,1606.2925220955822,1556.6971605054237,1581.494841300503,44.65515869949718
TR-041280,2025-09-18,september,Dry Van,677.8,1558.19,1493.6719785181851,1481.9449045217682,1487.8084415199767,70.38155848002339
TR-041281,2025-09-18,september,Dry Van,580.1,1344.39,1313.7146205434085,1287.26522277105,1300.4899216572294,43.90007834277071
TR-041282,2025-09-18,september,Reefer,349.1,897.6,872.4560007317716,861.2637846779835,866.8598927048776,30.74010729512247
TR-041283,2025-09-18,september,Reefer,680.8,1636.88,1597.239854589089,1595.9726386633904,1596.6062466262397,40.27375337376043
TR-041284,2025-09-18,september,Dry Van,776.4,1756.73,1651.0600706387522,1635.23411819493,1643.1470944168411,113.58290558315889
TR-041285,2025-09-18,september,Dry Van,1548.5,3063.44,2976.7040805966617,2976.513166940836,2976.6086237687487,86.8313762312514
TR-041286,2025-09-18,september,Reefer,294.1,816.57,817.5199531874791,917.608894795367,867.564423991423,50.99442399142299
TR-041287,2025-09-18,september,Dry Van,844.3,1765.83,1723.1926504748699,1776.0142713685875,1749.6034609217286,16.226539078271344
TR-041288,2025-09-18,september,Dry Van,2799.5,5166.2,4975.584375998894,4985.760700028208,4980.67253801355,185.52746198644945
TR-041289,2025-09-18,september,Dry Van,1089.0,2083.43,2064.7998184889066,2089.4270743722955,2077.113446430601,6.31655356939882
TR-041290,2025-09-18,september,Reefer,2306.1,4607.16,4524.976308588064,4574.861748043795,4549.91902831593,57.240971684070246
TR-041291,2025-09-18,september,Dry Van,346.3,779.84,750.0720484370947,744.3843355875092,747.228192012302,32.61180798769806
TR-041292,2025-09-18,september,Dry Van,346.5,836.28,804.3726610959629,821.9358539904297,813.1542575431963,23.125742456803664
TR-041293,2025-09-18,september,Dry Van,1710.1,3176.84,3155.842249589838,3157.44085661803,3156.641553103934,20.198446896066343
TR-041294,2025-09-18,september,Dry Van,190.7,495.46,469.0826860489994,504.1697635307655,486.6262247898825,8.833775210117494
TR-041295,2025-09-18,september,Reefer,1968.0,4347.36,4168.181168853554,4160.591182993554,4164.386175923553,182.97382407644636
TR-041296,2025-09-18,september,Dry Van,2110.6,4178.51,4111.130865697301,4070.4962614689975,4090.813563583149,87.69643641685116
TR-041297,2025-09-18,september,Dry Van,1470.7,3006.37,3030.0572709251974,2996.8875696462665,3013.472420285732,7.102420285732023
TR-041298,2025-09-18,september,Dry Van,2266.5,4053.08,3999.212217074648,4003.52786997399,4001.370043524319,51.70995647568088
TR-041299,2025-09-18,september,Reefer,659.6,1607.34,1542.6551754441766,1544.5490055198256,1543.6020904820011,63.73790951799879
TR-041300,2025-09-18,september,Dry Van,896.6,1949.7,1878.812454139374,1889.4425379559073,1884.1274960476408,65.57250395235928
TR-041301,2025-09-18,september,Reefer,1744.5,3802.99,3808.4811843902394,3685.5528106834317,3747.0169975368353,55.97300246316445
TR-041302,2025-09-18,september,Dry Van,745.7,1483.86,1495.6705357512653,1524.751765221765,1510.2111504865152,26.35115048651528
TR-041303,2025-09-18,september,Flatbed,1216.4,2759.78,2663.8711617424824,2596.864330826177,2630.3677462843298,129.41225371567043
TR-041304,2025-09-18,september,Dry Van,738.7,1445.84,1406.22304053748,1472.1111634615238,1439.167101999502,6.67289800049798
TR-041305,2025-09-18,september,Dry Van,789.6,1615.1,1558.5908002824826,1570.1982568600797,1564.3945285712812,50.70547142871874
TR-041306,2025-09-18,september,Reefer,1149.4,2584.15,2590.20404092073,2597.137715396064,2593.670878158397,9.520878158396954
TR-041307,2025-09-18,september,Dry Van,847.3,405.1,1860.088015737459,1854.2265034406757,1857.1572595890675,1452.0572595890676
TR-041308,2025-09-18,september,Dry Van,1752.4,3412.56,3409.749302581701,3385.5511433559723,3397.6502229688367,14.90977703116323
TR-041309,2025-09-18,september,Flatbed,1933.1,4087.21,3973.6668538927306,4048.648948444045,4011.157901168388,76.05209883161206
TR-041310,2025-09-18,september,Dry Van,1763.7,3359.31,3301.2449274678347,3276.9322499733635,3289.088588720599,70.22141127940085
TR-041311,2025-09-18,september,Dry Van,1185.6,2325.78,2279.832916910038,2325.449104981772,2302.641010945905,23.13898905409542
TR-041312,2025-09-18,september,Dry Van,1395.5,2730.21,2691.280199482394,2687.537327658344,2689.408763570369,40.80123642963099
TR-041313,2025-09-19,september,Dry Van,333.3,826.67,826.9555166855769,841.9870631934609,834.4712899395189,7.801289939518938
TR-041314,2025-09-19,september,Reefer,789.7,1962.07,1976.3090348512549,1913.0312581311998,1944.6701464912273,17.399853508772594
TR-041315,2025-09-19,september,Flatbed,427.8,1166.63,1116.9673169305806,1090.287034500021,1103.6271757153008,63.00282428469927
TR-041316,2025-09-19,september,Dry Van,1342.0,2564.42,2554.7695307622866,2539.4382006824662,2547.103865722376,17.31613427762386
TR-041317,2025-09-19,september,Flatbed,217.8,600.81,567.5417871759257,568.4232295868976,567.9825083814117,32.82749161858828
TR-041318,2025-09-19,september,Reefer,1854.2,4014.66,3870.906350669524,3887.7651372067176,3879.3357439381207,135.32425606187917
TR-041319,2025-09-19,september,Flatbed,2170.8,4738.37,4405.421875895613,4393.031907057777,4399.2268914766955,339.14310852330436
TR-041320,2025-09-19,september,Dry Van,1038.3,2092.82,2054.183150587985,2052.346751439811,2053.264951013898,39.555048986102065
TR-041321,2025-09-19,september,Dry Van,1618.1,3163.26,3138.1071739386075,3124.6540899432975,3131.3806319409523,31.87936805904792
TR-041322,2025-09-19,september,Dry Van,1008.4,2019.13,2028.780335355217,2054.0473580446255,2041.4138466999211,22.283846699921014
TR-041323,2025-09-19,september,Dry Van,1394.5,2802.25,2773.0973761616888,2687.2094041482173,2730.153390154953,72.09660984504717
TR-041324,2025-09-19,september,Reefer,873.8,2066.97,2125.488063535834,2056.491152039606,2090.98960778772,24.01960778772036
TR-041325,2025-09-19,september,Dry Van,2478.6,4590.43,4498.598935188408,4528.938543402168,4513.7687392952885,76.66126070471182
TR-041326,2025-09-19,september,Dry Van,1790.8,3670.77,3507.068141096563,3393.6843873201515,3450.3762642083575,220.39373579164248
TR-041327,2025-09-19,september,Dry Van,2391.1,4250.42,4291.903110583705,4223.2534632566985,4257.578286920201,7.158286920201135
TR-041328,2025-09-19,september,Dry Van,220.6,572.29,569.029804795417,608.5629198229992,588.7963623092081,16.506362309208157
TR-041329,2025-09-19,september,Reefer,1748.9,3894.84,3704.36583274636,3728.2658160803953,3716.3158244133774,178.52417558662273
TR-041330,2025-09-19,september,Dry Van,806.3,1665.41,1577.7359723766656,1602.795256940819,1590.2656146587424,75.1443853412577
TR-041331,2025-09-19,september,Dry Van,721.1,1549.99,1553.936309580818,1528.6922762306745,1541.3142929057462,8.675707094253767
TR-041332,2025-09-19,september,Reefer,117.9,373.8,370.9718069203026,613.9312944524077,492.4515506863551,118.65155068635511
TR-041333,2025-09-19,september,Dry Van,84.9,249.46,245.7877084685754,297.1510530942096,271.4693807813925,22.00938078139248
TR-041334,2025-09-19,september,Dry Van,924.0,1841.98,1816.925842526091,1832.4944263546686,1824.7101344403798,17.269865559620257
TR-041335,2025-09-19,september,Flatbed,901.8,2160.19,2086.761462409292,2028.9828662080088,2057.8721643086506,102.3178356913495
TR-041336,2025-09-19,september,Dry Van,2862.7,4847.31,4970.899207844444,4868.670931928666,4919.785069886555,72.47506988655459
TR-041337,2025-09-19,september,Reefer,2597.5,5106.42,5007.503538612673,5106.421607261639,5056.962572937156,49.457427062843635
TR-041338,2025-09-19,september,Reefer,1198.0,2911.96,2805.8756523384664,2786.20223193983,2796.0389421391483,115.92105786085176
TR-041339,2025-09-19,september,Dry Van,851.6,1809.62,1738.9506343497603,1754.8392840617225,1746.8949592057415,62.72504079425835
TR-041340,2025-09-19,september,Dry Van,1115.4,2273.21,2237.2793254571798,2251.8833506863966,2244.581338071788,28.62866192821184
TR-041341,2025-09-19,september,Flatbed,822.6,2039.79,2079.871604302042,2039.1998543351954,2059.535729318619,19.74572931861894
TR-041342,2025-09-19,september,Reefer,2059.3,4417.79,4247.307907283582,4327.694098426227,4287.501002854904,130.2889971450959
TR-041343,2025-09-19,september,Dry Van,1344.7,2867.1,2811.5359957762253,2668.361545241943,2739.948770509084,127.15122949091574
TR-041344,2025-09-19,september,Reefer,1588.7,3683.21,3565.235698830721,3602.1737145097354,3583.704706670228,99.50529332977203
TR-041345,2025-09-19,september,Flatbed,1591.3,3549.61,3401.404420410188,3475.6816741154657,3438.543047262827,111.06695273717332
TR-041346,2025-09-19,september,Reefer,163.6,469.54,419.1378361592622,564.1498104508566,491.6438233050594,22.103823305059393
TR-041347,2025-09-19,september,Dry Van,751.1,1551.3,1529.451584067791,1536.9071715940945,1533.1793778309427,18.120622169057242
TR-041348,2025-09-19,september,Dry Van,1224.1,2382.54,2353.120056703739,2370.115864633252,2361.6179606684955,20.922039331504493
TR-041349,2025-09-19,september,Dry Van,2301.9,4489.53,4340.294707680767,4371.729578028997,4356.012142854882,133.5178571451179
TR-041350,2025-09-19,september,Dry Van,1968.8,3701.37,3712.385876591348,3696.1600832083004,3704.2729798998243,2.9029798998244587
TR-041351,2025-09-19,september,Dry Van,305.5,717.35,711.1663583221338,715.4851656171209,713.3257619696274,4.024238030372658
TR-041352,2025-09-19,september,Flatbed,363.9,918.88,873.3607501236384,875.7809428678861,874.5708464957622,44.30915350423777
TR-041353,2025-09-19,september,Flatbed,1070.0,2313.34,2227.395551454632,2265.8700354115385,2246.632793433085,66.70720656691492
TR-041354,2025-09-19,september,Reefer,1307.7,3012.74,2880.9994636984625,2938.075440021572,2909.5374518600174,103.20254813998235
TR-041355,2025-09-19,september,Flatbed,2573.4,5178.86,4822.512344401113,4884.5668972810745,4853.539620841094,325.3203791589058
TR-041356,2025-09-19,september,Dry Van,871.0,1862.86,1832.1464530800058,1845.846319546784,1838.9963863133949,23.86361368660505
TR-041357,2025-09-19,september,Dry Van,2133.1,3962.57,4003.5932245760014,3913.899815115058,3958.7465198455297,3.823480154470417
TR-041358,2025-09-19,september,Dry Van,132.2,348.25,344.1828404663953,390.4132000072334,367.29802023681435,19.048020236814352
TR-041359,2025-09-19,september,Dry Van,1359.4,2798.54,2716.690142315195,2617.84855330616,2667.2693478106776,131.2706521893224
TR-041360,2025-09-19,september,Dry Van,1450.4,2912.78,2820.6525839995616,2801.766996292705,2811.209790146133,101.57020985386725
TR-041361,2025-09-19,september,Dry Van,2216.3,4193.39,4191.945001754169,4048.1589397112866,4120.051970732728,73.33802926727276
TR-041362,2025-09-19,september,Dry Van,1106.1,2333.95,2270.9828159441827,2277.776718316727,2274.3797671304546,59.57023286954518
TR-041363,2025-09-19,september,Flatbed,182.7,545.4,498.5259468503079,514.2735877182433,506.39976728427564,39.00023271572434
TR-041364,2025-09-19,september,Dry Van,918.6,1823.61,1753.1599685753458,1818.4765314626363,1785.818250018991,37.791749981008934
TR-041365,2025-09-19,september,Flatbed,427.6,1131.31,1046.2965158070026,1061.4405506074982,1053.8685332072505,77.44146679274945
TR-041366,2025-09-19,september,Dry Van,378.1,880.09,833.9226001238466,865.1829834629191,849.5527917933828,30.537208206617265
TR-041367,2025-09-19,september,Reefer,1083.3,2446.13,2453.2478467103933,2465.275040459409,2459.261443584901,13.131443584900808
TR-041368,2025-09-19,september,Dry Van,1044.3,432.04,2092.0671689053797,2052.3742650811073,2072.2207169932435,1640.1807169932435
TR-041369,2025-09-19,september,Reefer,1272.8,2825.22,2813.2305060255258,2826.535288340155,2819.8828971828407,5.337102817159121
TR-041370,2025-09-19,september,Flatbed,633.1,1526.78,1533.722404592097,1453.466914061299,1493.594659326698,33.18534067330188
TR-041371,2025-09-19,september,Dry Van,453.7,1058.42,1046.4180203682336,1037.9835533278506,1042.200786848042,16.219213151958
TR-041372,2025-09-19,september,Reefer,636.9,1601.24,1556.7371940290182,1484.5346814989252,1520.6359377639717,80.60406223602831
TR-041373,2025-09-19,september,Reefer,1720.0,3788.58,3573.7843961935555,3576.882441889383,3575.333419041469,213.246580958531
TR-041374,2025-09-19,september,Reefer,461.2,1235.15,1186.985101132976,1177.5595096420607,1182.2723053875184,52.87769461248172
TR-041375,2025-09-19,september,Dry Van,1221.7,2413.33,2417.823808409454,2412.5210018946286,2415.1724051520414,1.842405152041465
TR-041376,2025-09-19,september,Dry Van,1132.6,2272.44,2314.8000715891617,2245.103542147499,2279.95180686833,7.511806868330041
TR-041377,2025-09-19,september,Reefer,795.2,1969.29,2002.1648362699761,2021.745660335049,2011.9552483025127,42.66524830251274
TR-041378,2025-09-19,september,Dry Van,1756.2,3317.48,3303.305662805213,3323.3915061697608,3313.3485844874867,4.131415512513286
TR-041379,2025-09-19,september,Reefer,642.1,1566.34,1583.4588471572106,1541.7712758243547,1562.6150614907826,3.7249385092172815
TR-041380,2025-09-19,september,Dry Van,489.1,1111.1,1079.9241704209408,1074.7509700279911,1077.337570224466,33.762429775533974
TR-041381,2025-09-19,september,Dry Van,1384.6,2600.02,2614.094993539305,2646.864964440557,2630.4799789899307,30.459978989930732
TR-041382,2025-09-19,september,Reefer,518.9,1354.98,1319.0367214610053,1285.8717111588062,1302.4542163099059,52.52578369009416
TR-041383,2025-09-19,september,Flatbed,348.7,897.45,835.1505222384629,865.700733045602,850.4256276420324,47.02437235796765
TR-041384,2025-09-19,september,Dry Van,2186.8,3963.16,3862.4606574100662,3899.246080186821,3880.8533687984436,82.30663120155623
TR-041385,2025-09-19,september,Dry Van,1041.0,2136.16,2106.6974363669033,2098.3980276686398,2102.5477320177715,33.61226798222833
TR-041386,2025-09-19,september,Dry Van,2743.5,4859.45,4863.810620849141,4866.584108635065,4865.197364742103,5.7473647421029455
TR-041387,2025-09-19,september,Dry Van,2281.5,4167.22,4182.543776811168,4145.199668739273,4163.87172277522,3.3482772247798493
TR-041388,2025-09-19,september,Reefer,1806.5,4020.92,3878.9182532443588,3938.5186066333263,3908.7184299388427,112.20157006115733
TR-041389,2025-09-19,september,Reefer,1441.2,3264.88,3155.2577722167084,3227.5495555300586,3191.4036638733833,73.47633612661684
TR-041390,2025-09-19,september,Dry Van,1795.1,3581.05,3451.6784656686773,3434.7980468187734,3443.238256243725,137.81174375627506
TR-041391,2025-09-19,september,Reefer,834.9,2090.09,2145.101320196937,2087.69316192409,2116.397241060514,26.30724106051366
TR-041392,2025-09-19,september,Dry Van,939.5,1915.77,1848.0267594834027,1869.6820807629479,1858.8544201231753,56.91557987682472
TR-041393,2025-09-19,september,Dry Van,747.4,1493.8,1452.168091231662,1467.1587460872706,1459.6634186594663,34.13658134053367
TR-041394,2025-09-19,september,Flatbed,2815.0,5809.72,5414.120756917409,5505.982584833263,5460.051670875337,349.6683291246636
TR-041395,2025-09-19,september,Reefer,735.4,1860.36,1895.7238621624265,1843.2567294387309,1869.4902958005787,9.130295800578779
TR-041396,2025-09-19,september,Dry Van,294.3,718.21,704.1967816131751,695.9065969566934,700.0516892849342,18.158310715065795
TR-041397,2025-09-19,september,Dry Van,2037.3,3752.22,3764.801627697711,3701.4862426065283,3733.1439351521194,19.07606484788039
TR-041398,2025-09-19,september,Dry Van,411.2,1009.11,962.6234179992928,968.668388844098,965.6459034216954,43.464096578304634
TR-041399,2025-09-19,september,Flatbed,762.1,1688.02,1628.3088271460301,1588.6240414031731,1608.4664342746016,79.55356572539836
TR-041400,2025-09-19,september,Dry Van,254.9,675.49,652.1587239694678,704.1200556197934,678.1393897946307,2.649389794630679
TR-041401,2025-09-19,september,Dry Van,475.4,1092.65,1030.8545650918707,1023.4410693814498,1027.14781723666,65.50218276333999
TR-041402,2025-09-19,september,Dry Van,1182.5,2445.31,2419.5111726280206,2432.71726796351,2426.1142202957653,19.19577970423461
TR-041403,2025-09-19,september,Flatbed,609.6,1575.86,1565.7759980183705,1489.0737358484616,1527.424866933416,48.43513306658383
TR-041404,2025-09-19,september,Dry Van,988.1,1942.8,1915.2285213192715,1911.7647474285172,1913.4966343738943,29.303365626105688
TR-041405,2025-09-19,september,Dry Van,754.2,1490.24,1437.9507170632985,1463.4914945697633,1450.7211058165308,39.51889418346923
TR-041406,2025-09-19,september,Reefer,740.5,1823.67,1874.9680675350344,1821.9475350893117,1848.4578013121732,24.787801312173087
TR-041407,2025-09-19,september,Dry Van,1535.9,3149.95,3129.2652932939322,3089.0230547255924,3109.1441740097625,40.80582599023728
TR-041408,2025-09-19,september,Reefer,1605.6,3684.7,3479.171563690207,3551.2787239996883,3515.2251438449475,169.4748561550523
TR-041409,2025-09-19,september,Flatbed,425.3,1149.42,1087.8354467697989,1070.2291626466697,1079.0323047082343,70.3876952917658
TR-041410,2025-09-19,september,Flatbed,407.3,1057.51,997.9894922670334,994.3144370505506,996.1519646587919,61.35803534120805
TR-041411,2025-09-19,september,Dry Van,556.4,1108.17,1113.545625539774,1134.2854283627844,1123.9155269512792,15.74552695127909
TR-041412,2025-09-19,september,Reefer,2078.1,4413.86,4284.760448591793,4307.287409414309,4296.023929003051,117.83607099694837
TR-041413,2025-09-19,september,Reefer,3300.5,7000.31,6364.72596653386,6624.794568803968,6494.760267668914,505.5497323310865
TR-041414,2025-09-19,september,Reefer,290.9,729.0,685.0087170915074,696.8540138239734,690.9313654577404,38.06863454225959
TR-041415,2025-09-19,september,Dry Van,291.8,697.25,673.4822747915134,700.5880641664078,687.0351694789606,10.214830521039403
TR-041416,2025-09-19,september,Dry Van,799.8,1732.79,1672.8206244049222,1663.932554421416,1668.376589413169,64.41341058683088
TR-041417,2025-09-19,september,Flatbed,258.9,699.16,664.3026104163642,662.5563715570474,663.4294909867058,35.73050901329418
TR-041418,2025-09-19,september,Dry Van,507.1,1024.61,1014.4092107700925,996.9781523516033,1005.6936815608478,18.916318439152064
TR-041419,2025-09-19,september,Dry Van,371.6,984.87,937.9819118119649,926.2114267541476,932.0966692830563,52.77333071694375
TR-041420,2025-09-19,september,Dry Van,561.7,1120.14,1118.1122649415843,1129.033811876131,1123.5730384088577,3.4330384088575556
TR-041421,2025-09-19,september,Flatbed,2748.9,5513.01,5197.446780953364,5188.234496280119,5192.840638616742,320.16936138325855
TR-041422,2025-09-19,september,Dry Van,764.5,1698.83,1692.329626036005,1638.7404984444454,1665.5350622402252,33.29493775977471
TR-041423,2025-09-19,september,Dry Van,1039.9,2098.69,2053.827354431379,2047.4351570637168,2050.6312557475476,48.05874425245247
TR-041424,2025-09-19,september,Dry Van,198.0,511.87,494.0200752879482,501.08152999317804,497.5508026405631,14.319197359436885
TR-041425,2025-09-19,september,Reefer,2861.0,5677.76,5505.1466363408645,5547.01906168357,5526.082849012217,151.67715098778353
TR-041426,2025-09-19,september,Dry Van,1988.2,3838.77,3803.946624667372,3760.131853337045,3782.0392390022084,56.73076099779155
TR-041427,2025-09-19,september,Reefer,786.1,1919.67,1915.610690352719,1847.0116088150958,1881.3111495839075,38.35885041609254
TR-041428,2025-09-19,september,Dry Van,820.4,1724.82,1676.6203665001103,1679.5374546280675,1678.0789105640888,46.741089435911135
TR-041429,2025-09-19,september,Dry Van,658.0,1478.5,1395.0849330197889,1394.2585385006355,1394.6717357602122,83.82826423978781
TR-041430,2025-09-19,september,Flatbed,728.8,1751.33,1737.6112079327966,1696.351327970373,1716.9812679515849,34.34873204841506
TR-041431,2025-09-19,september,Dry Van,740.1,1599.26,1585.8036043957827,1575.0084302589712,1580.406017327377,18.853982672623033
TR-041432,2025-09-19,september,Dry Van,1206.4,2598.59,2570.1689836629293,2486.660215606469,2528.4145996346992,70.1754003653009
TR-041433,2025-09-19,september,Reefer,2075.8,4609.65,4366.09180549668,4424.417396107862,4395.254600802271,214.3953991977287
TR-041434,2025-09-19,september,Dry Van,1272.0,2637.5,2642.2791699771246,2627.1077912530695,2634.693480615097,2.806519384902913
TR-041435,2025-09-19,september,Dry Van,733.3,1583.02,1467.8780325858486,1480.5242330937617,1474.2011328398053,108.81886716019471
TR-041436,2025-09-19,september,Dry Van,545.9,1166.33,1141.648078678783,1163.83051639511,1152.7392975369464,13.590702463053503
TR-041437,2025-09-19,september,Reefer,1040.4,2423.32,2374.3672935932696,2354.652393731007,2364.5098436621383,58.81015633786183
TR-041438,2025-09-19,september,Dry Van,616.0,1411.33,1418.8812369776892,1393.857259199653,1406.3692480886712,4.960751911328771
TR-041439,2025-09-19,september,Dry Van,947.4,1983.08,1941.6587975751506,1916.5000304645544,1929.0794140198525,54.000585980147434
TR-041440,2025-09-19,september,Dry Van,349.5,829.31,809.268676648906,843.8076747221696,826.5381756855378,2.771824314462151
TR-041441,2025-09-19,september,Dry Van,965.3,2031.65,2010.303450696574,2021.3532795917354,2015.8283651441548,15.821634855845332
TR-041442,2025-09-19,september,Dry Van,1388.0,2710.77,2648.760894898596,2686.2130923056675,2667.4869936021314,43.283006397868576
TR-041443,2025-09-19,september,Dry Van,1989.3,3526.7,3481.8334611900646,3574.043585297424,3527.9385232437444,1.2385232437445666
TR-041444,2025-09-19,september,Reefer,2813.0,5785.57,5528.099964851669,5525.338297372449,5526.719131112059,258.85086888794103
TR-041445,2025-09-19,september,Dry Van,2210.0,3976.16,4003.105198085148,3871.257018591437,3937.1811083382927,38.978891661707166
TR-041446,2025-09-19,september,Dry Van,1765.3,3382.24,3328.1418572581756,3346.029444717273,3337.085650987724,45.154349012275816
TR-041447,2025-09-19,september,Reefer,779.9,1870.14,1886.8583672802636,1789.0829216942063,1837.970644487235,32.16935551276515
TR-041448,2025-09-19,september,Reefer,1767.4,3800.07,3695.963207073615,3705.298594796598,3700.6309009351066,99.43909906489353
TR-041449,2025-09-19,september,Flatbed,1462.3,3178.92,2989.732028734468,3033.983028756676,3011.857528745572,167.06247125442815
TR-041450,2025-09-19,september,Dry Van,883.2,1772.42,1708.95896919529,1730.8603558599252,1719.9096625276075,52.51033747239262
TR-041451,2025-09-19,september,Dry Van,2231.8,4268.29,4322.778539454326,4280.722568051206,4301.750553752766,33.46055375276592
TR-041452,2025-09-19,september,Reefer,397.9,1085.89,1064.6466613714997,1040.4727848374519,1052.5597231044758,33.33027689552432
TR-041453,2025-09-19,september,Reefer,439.0,1067.12,1045.38621633596,1046.2471502682793,1045.8166833021196,21.30331669788029
TR-041454,2025-09-19,september,Dry Van,3016.4,5532.01,5355.707854171277,5306.144499070367,5330.926176620822,201.08382337917828
TR-041455,2025-09-19,september,Reefer,531.1,1267.47,1227.523249178653,1234.46827281751,1230.9957609980816,36.47423900191848
TR-041456,2025-09-19,september,Dry Van,987.2,1977.83,1941.7952678718827,1969.9101950492454,1955.852731460564,21.977268539435954
TR-041457,2025-09-19,september,Dry Van,794.2,1514.56,1471.5839304085139,1524.33103710828,1497.9574837583968,16.602516241603098
TR-041458,2025-09-19,september,Dry Van,1233.5,2563.44,2593.9268110836424,2537.4092920501785,2565.6680515669104,2.2280515669103806
TR-041459,2025-09-19,september,Dry Van,1120.9,2244.2,2319.686187478817,2300.6379730585013,2310.1620802686593,65.96208026865952
TR-041460,2025-09-19,september,Dry Van,1144.1,2281.98,2265.95746799107,2289.43356824014,2277.6955181156054,4.284481884394609
TR-041461,2025-09-19,september,Dry Van,1228.8,2464.37,2445.8342901387127,2481.835932337338,2463.835111238025,0.5348887619747984
TR-041462,2025-09-19,september,Reefer,519.4,1251.18,1246.1944703967856,1263.6805665264365,1254.937518461611,3.757518461610971
TR-041463,2025-09-19,september,Flatbed,283.7,701.83,653.8151975398845,669.705279430601,661.7602384852428,40.06976151475726
TR-041464,2025-09-19,september,Dry Van,2113.7,3911.62,3839.1860327746276,3990.114884455221,3914.650458614924,3.0304586149241004
TR-041465,2025-09-19,september,Dry Van,2453.8,4489.47,4480.062051479913,4500.651018197414,4490.356534838664,0.886534838663465
TR-041466,2025-09-19,september,Dry Van,843.9,1779.73,1800.1135236086059,1790.6479615437581,1795.380742576182,15.650742576181983
TR-041467,2025-09-19,september,Dry Van,540.3,1137.37,1132.482417241326,1120.5634665422374,1126.5229418917816,10.847058108218334
TR-041468,2025-09-19,september,Flatbed,1166.1,2618.81,2480.10802652843,2508.3691527117653,2494.2385896200976,124.57141037990232
TR-041469,2025-09-20,september,Dry Van,1543.3,2777.97,2714.7761071279238,2861.894335600983,2788.3352213644534,10.365221364453646
TR-041470,2025-09-20,september,Dry Van,1053.8,2051.76,2100.9164619155413,2054.551421842661,2077.733941879101,25.97394187910095
TR-041471,2025-09-20,september,Reefer,430.6,1148.22,1090.252322413323,1116.2529074409103,1103.2526149271166,44.96738507288342
TR-041472,2025-09-20,september,Dry Van,266.9,681.23,656.8697615203391,641.922657658271,649.396209589305,31.833790410694974
TR-041473,2025-09-20,september,Reefer,280.6,817.29,788.2727261865027,845.6025587590395,816.9376424727711,0.3523575272288326
TR-041474,2025-09-20,september,Flatbed,333.8,858.27,795.8112705348237,812.8899221021184,804.350596318471,53.919403681528934
TR-041475,2025-09-20,september,Flatbed,2083.8,4472.14,4157.21163494217,4137.422446225084,4147.317040583627,324.8229594163731
TR-041476,2025-09-20,september,Dry Van,2235.4,4102.92,3974.2540288834925,4011.3695981836154,3992.811813533554,110.10818646644611
TR-041477,2025-09-20,september,Flatbed,1952.3,4114.55,3853.4837514729347,3892.9509741170077,3873.2173627949715,241.33263720502873
TR-041478,2025-09-20,september,Dry Van,694.2,1498.39,1468.2443991820865,1430.5101185039352,1449.3772588430108,49.01274115698925
TR-041479,2025-09-20,september,Reefer,1598.9,3486.22,3256.8005518841633,3642.071697427059,3449.436124655611,36.78387534438889
TR-041480,2025-09-20,september,Dry Van,468.6,1031.05,1030.4785097503313,1021.4947255278709,1025.986617639101,5.063382360898913
TR-041481,2025-09-20,september,Reefer,386.3,1002.51,935.5020544757781,956.4572132338062,945.9796338547922,56.530366145207836
TR-041482,2025-09-20,september,Flatbed,483.1,1263.21,1205.6498500825771,1206.8738997237224,1206.2618749031499,56.94812509685016
TR-041483,2025-09-20,september,Reefer,2240.9,4619.3,4440.278989210952,4467.36413147781,4453.8215603443805,165.4784396556197
TR-041484,2025-09-20,september,Flatbed,936.5,2077.27,2038.0605711066105,2066.0185908966296,2052.03958100162,25.230418998380173
TR-041485,2025-09-20,september,Dry Van,133.8,372.53,348.5762325102522,407.89349066291743,378.2348615865848,5.704861586584855
TR-041486,2025-09-20,september,Reefer,571.4,1368.72,1337.4312975725907,1356.4358267645475,1346.933562168569,21.78643783143093
TR-041487,2025-09-20,september,Dry Van,290.2,679.95,648.8196666322976,655.5877123868675,652.2036895095825,27.7463104904175
TR-041488,2025-09-20,september,Dry Van,2088.1,3736.98,3689.473410668833,3690.554048651387,3690.0137296601097,46.96627033989034
TR-041489,2025-09-20,september,Dry Van,1272.8,2482.7,2442.317977016782,2517.0071992274607,2479.6625881221216,3.037411877878185
TR-041490,2025-09-20,september,Dry Van,2037.1,4011.6,3898.7609423366407,3872.2919114518736,3885.5264268942574,126.07357310574253
TR-041491,2025-09-20,september,Dry Van,2477.6,4622.88,4489.627660569825,4527.554485754881,4508.5910731623535,114.28892683764661
TR-041492,2025-09-20,september,Dry Van,1146.1,2288.84,2343.073947921527,2311.2736753873887,2327.173811654458,38.333811654457804
TR-041493,2025-09-20,september,Dry Van,1856.8,3411.6,3392.712414830721,3418.243502020843,3405.477958425782,6.1220415742177465
TR-041494,2025-09-20,september,Flatbed,959.1,2104.46,2025.0188298317976,2018.6553881000511,2021.8371089659245,82.62289103407556
TR-041495,2025-09-20,september,Dry Van,1066.0,2144.77,2162.7768381974147,2124.7422581407104,2143.7595481690623,1.0104518309376544
TR-041496,2025-09-20,september,Dry Van,1131.1,2243.52,2291.0217364373634,2252.9260933277737,2271.9739148825684,28.45391488256837
TR-041497,2025-09-20,september,Reefer,845.6,1998.89,1970.96514884092,2008.6966049009982,1989.830876870959,9.059123129041154
TR-041498,2025-09-20,september,Dry Van,1069.0,2219.93,2150.006133463415,2149.9358138699854,2149.9709736667,69.95902633329979
TR-041499,2025-09-20,september,Reefer,107.5,335.52,310.4848657086473,372.38874058926285,341.43680314895505,5.9168031489550685
TR-041500,2025-09-20,september,Dry Van,379.6,901.1,869.1939605241547,868.1713846265814,868.6826725753681,32.417327424631935
TR-041501,2025-09-20,september,Reefer,1350.2,3012.21,2883.2247536638793,2927.428251040627,2905.326502352253,106.88349764774694
TR-041502,2025-09-20,september,Reefer,651.3,1533.17,1498.7775449029275,1505.888169556456,1502.3328572296919,30.83714277030822
TR-041503,2025-09-20,september,Dry Van,1059.3,2146.22,2134.97936139284,2143.1240027129124,2139.0516820528765,7.168317947123342
TR-041504,2025-09-20,september,Dry Van,522.5,1102.28,1086.3247852478992,1105.456671607835,1095.890728427867,6.389271572132884
TR-041505,2025-09-20,september,Flatbed,1509.0,3257.94,3017.3995316779333,3180.008824988875,3098.7041783334043,159.2358216665957
TR-041506,2025-09-20,september,Flatbed,695.8,1699.99,1687.9314960377328,1636.8679979416056,1662.3997469896692,37.5902530103308
TR-041507,2025-09-20,september,Dry Van,3059.9,5653.85,5422.413673544363,5552.106679822102,5487.260176683232,166.58982331676816
TR-041508,2025-09-20,september,Dry Van,986.9,1920.07,1931.553388266864,1942.2734205035636,1936.9134043852137,16.843404385213717
TR-041509,2025-09-20,september,Dry Van,379.2,881.72,865.9356435465075,855.0623852582712,860.4990144023893,21.220985597610706
TR-041510,2025-09-20,september,Dry Van,1272.3,2604.3,2665.136495747004,2555.742750893899,2610.4396233204516,6.139623320451392
TR-041511,2025-09-20,september,Reefer,1166.6,2758.91,2633.9484899758313,2695.9509860068792,2664.9497379913555,93.96026200864435
TR-041512,2025-09-20,september,Reefer,1679.1,3721.12,3478.425277111764,3611.3308798630287,3544.878078487396,176.24192151260377
TR-041513,2025-09-20,september,Reefer,953.3,2035.36,2050.685352394383,2076.3338307178583,2063.5095915561205,28.14959155612064
TR-041514,2025-09-20,september,Dry Van,1167.0,2146.79,2168.129274950056,2199.7823464971752,2183.9558107236153,37.16581072361532
TR-041515,2025-09-20,september,Reefer,1101.2,2458.05,2373.310571628404,2380.086103929708,2376.6983377790557,81.35166222094449
TR-041516,2025-09-20,september,Dry Van,2211.6,4252.72,4261.029137793709,3941.2615698737527,4101.145353833731,151.5746461662693
TR-041517,2025-09-20,september,Dry Van,1486.0,3005.24,2824.7149094403653,2808.985995962067,2816.8504527012165,188.38954729878333
TR-041518,2025-09-20,september,Dry Van,1369.7,2602.63,2631.6011825403625,2581.9517440969935,2606.776463318678,4.146463318677888
TR-041519,2025-09-20,september,Reefer,2120.9,4747.91,4403.513518570483,4475.252089249891,4439.382803910186,308.5271960898135
TR-041520,2025-09-20,september,Dry Van,1621.4,3161.48,3150.833171291426,3135.0758612819236,3142.954516286675,18.52548371332523
TR-041521,2025-09-20,september,Dry Van,2835.5,5262.91,5119.291290199268,5159.863195411577,5139.577242805422,123.33275719457743
TR-041522,2025-09-20,september,Reefer,837.0,1980.51,2008.999360921085,2014.0453608944233,2011.5223609077543,31.012360907754328
TR-041523,2025-09-20,september,Dry Van,1181.5,2463.93,2389.4331079043955,2427.3770464267513,2408.4050771655734,55.524922834426434
TR-041524,2025-09-20,september,Dry Van,306.6,663.18,666.3197291450658,658.3911301349929,662.3554296400293,0.8245703599706076
TR-041525,2025-09-20,september,Dry Van,2537.6,4674.14,4524.890787463379,4429.420844821669,4477.155816142524,196.98418385747664
TR-041526,2025-09-20,september,Flatbed,814.9,1870.42,1780.9486888648482,1740.7152723136862,1760.8319805892672,109.58801941073284
TR-041527,2025-09-20,september,Flatbed,490.9,1270.66,1244.9770353838046,1184.654061825224,1214.8155486045143,55.84445139548575
TR-041528,2025-09-20,september,Dry Van,763.4,1553.72,1547.0668981291385,1533.5221387238366,1540.2945184264877,13.425481573512343
TR-041529,2025-09-20,september,Flatbed,827.3,2021.6,2025.95638446888,1967.0202402551035,1996.4883123619918,25.111687638008107
TR-041530,2025-09-20,september,Reefer,347.1,953.96,932.883325622287,917.6422548221735,925.2627902222303,28.697209777769785
TR-041531,2025-09-20,september,Reefer,968.7,2195.35,2138.3681682037627,2112.5862980179395,2125.477233110851,69.8727668891488
TR-041532,2025-09-20,september,Dry Van,92.1,272.91,276.7853805187819,334.11191665499814,305.44864858689004,32.53864858689002
TR-041533,2025-09-20,september,Dry Van,275.8,685.08,672.825829048408,669.95313388259,671.389481465499,13.690518534501052
TR-041534,2025-09-20,september,Dry Van,1702.2,3415.45,3328.975667722025,3298.9640921940427,3313.9698799580337,101.48012004196607
TR-041535,2025-09-20,september,Flatbed,467.2,1154.58,1107.3419341132403,1118.3073022220528,1112.8246181676466,41.75538183235335
TR-041536,2025-09-20,september,Dry Van,272.0,665.35,645.6339308178884,671.0154275166387,658.3246791672636,7.025320832736384
TR-041537,2025-09-20,september,Reefer,554.6,1411.62,1431.9858993303596,1369.9728601326474,1400.9793797315035,10.640620268496377
TR-041538,2025-09-20,september,Flatbed,892.7,1934.67,1870.8540862372229,1853.0330096132707,1861.9435479252468,72.7264520747533
TR-041539,2025-09-20,september,Flatbed,605.0,1361.74,1295.8974418636271,1263.2240201731158,1279.5607310183714,82.17926898162864
TR-041540,2025-09-20,september,Dry Van,1349.8,2654.53,2716.878164480423,2642.20753081726,2679.5428476488414,25.012847648841216
TR-041541,2025-09-20,september,Reefer,583.2,1578.66,1563.6085386162267,1473.1878264727206,1518.3981825444737,60.2618174555264
TR-041542,2025-09-20,september,Dry Van,1895.9,3639.45,3577.86635597144,3612.6633741369683,3595.264865054204,44.18513494579565
TR-041543,2025-09-20,september,Dry Van,1074.4,2152.21,2183.5685019154876,2157.428999225986,2170.498750570737,18.288750570736738
TR-041544,2025-09-20,september,Dry Van,283.4,660.37,646.6093049028951,660.3495074606731,653.479406181784,6.890593818215962
TR-041545,2025-09-20,september,Flatbed,1664.0,3689.68,3472.6450462243024,3550.5820332134786,3511.6135397188905,178.06646028110936
TR-041546,2025-09-20,september,Dry Van,256.9,647.45,644.3572934365639,622.2366549549095,633.2969741957367,14.153025804263393
TR-041547,2025-09-20,september,Flatbed,1172.8,2708.57,2482.1180859935075,2432.370615054005,2457.244350523756,251.32564947624405
TR-041548,2025-09-20,september,Reefer,487.5,1321.9,1276.0261196668582,1256.67453242927,1266.350326048064,55.54967395193603
TR-041549,2025-09-20,september,Flatbed,480.2,1267.57,1220.466341463281,1181.200950036919,1200.8336457501,66.73635424989993
TR-041550,2025-09-20,september,Dry Van,470.7,1007.21,977.955734927919,988.0829116543616,983.0193232911404,24.190676708859655
TR-041551,2025-09-20,september,Dry Van,565.7,1218.31,1175.1671297885641,1220.2321618327628,1197.6996458106635,20.610354189336476
TR-041552,2025-09-20,september,Reefer,2041.7,4250.94,4088.97315026256,4095.0955808999834,4092.0343655812717,158.9056344187279
TR-041553,2025-09-20,september,Dry Van,315.0,766.56,729.4648383523471,747.1162290536947,738.2905337030209,28.26946629697909
TR-041554,2025-09-20,september,Dry Van,546.7,1085.7,1075.3179773981062,1077.228354700388,1076.2731660492473,9.42683395075278
TR-041555,2025-09-20,september,Flatbed,2133.6,4321.42,4101.152029821368,4097.558104940354,4099.35506738086,222.06493261913965
TR-041556,2025-09-20,september,Reefer,922.4,2205.52,2153.6560213493976,2117.4301063193857,2135.5430638343914,69.97693616560855
TR-041557,2025-09-20,september,Dry Van,215.1,594.54,559.9789872607929,613.5980178404618,586.7885025506273,7.751497449372664
TR-041558,2025-09-20,september,Reefer,1081.8,2343.87,2354.352501657269,2379.6429947803244,2366.997748218797,23.127748218797024
TR-041559,2025-09-20,september,Dry Van,1692.7,3066.44,3060.0836373054917,3100.5092326189465,3080.296434962219,13.856434962218827
TR-041560,2025-09-20,september,Reefer,268.4,755.87,741.4995397933003,777.9585222155736,759.7290310044369,3.859031004436929
TR-041561,2025-09-20,september,Dry Van,999.3,2005.63,2067.6717726082015,2025.650341519215,2046.6610570637083,41.031057063708204
TR-041562,2025-09-20,september,Dry Van,2399.4,4423.86,4322.377173881693,4277.996323770612,4300.186748826152,123.67325117384735
TR-041563,2025-09-20,september,Flatbed,1072.8,2458.95,2351.1399095686893,2323.2367434373564,2337.188326503023,121.76167349697698
TR-041564,2025-09-20,september,Dry Van,1368.1,2676.11,2674.82340461809,2647.343492774623,2661.0834486963568,15.026551303643373
TR-041565,2025-09-20,september,Dry Van,208.1,553.31,524.1405327308605,610.2833787512877,567.2119557410741,13.901955741074175
TR-041566,2025-09-20,september,Reefer,716.4,1702.75,1722.8566301893804,1684.1949469202004,1703.5257885547903,0.7757885547903243
TR-041567,2025-09-20,september,Dry Van,2868.6,5494.02,5110.406924028873,5203.836110954277,5157.121517491574,336.89848250842624
TR-041568,2025-09-20,september,Dry Van,1065.7,2135.93,2103.8300828166484,2118.5555312995316,2111.19280705809,24.737192941910052
TR-041569,2025-09-20,september,Dry Van,974.0,1893.4,1875.9142507058195,1928.2306820751635,1902.0724663904916,8.672466390491536
TR-041570,2025-09-20,september,Dry Van,863.0,1672.18,1593.583517842726,1615.7180071268683,1604.6507624847973,67.5292375152028
TR-041571,2025-09-20,september,Dry Van,645.3,1326.94,1292.7499656519915,1324.8855284693916,1308.8177470606915,18.12225293930851
TR-041572,2025-09-20,september,Reefer,437.9,1097.05,1079.4986007798514,1107.5768830997772,1093.5377419398142,3.5122580601857862
TR-041573,2025-09-20,september,Dry Van,89.2,256.31,259.7626941661906,314.90385054978015,287.3332723579854,31.023272357985377
TR-041574,2025-09-20,september,Reefer,1205.6,2697.63,2596.47679396587,2572.660042264983,2584.5684181154265,113.06158188457357
TR-041575,2025-09-20,september,Reefer,2841.2,6062.73,5721.241327810685,5819.169920307138,5770.205624058912,292.5243759410878
TR-041576,2025-09-20,september,Flatbed,2109.6,4426.29,4142.1636047375705,4138.4215088353485,4140.2925567864595,285.99744321354046
TR-041577,2025-09-20,september,Dry Van,2589.2,4436.16,4446.055971398974,4436.924917868249,4441.490444633611,5.330444633611478
TR-041578,2025-09-20,september,Dry Van,290.3,752.64,743.4548672064158,810.8381226833608,777.1464949448882,24.50649494488823
TR-041579,2025-09-20,september,Dry Van,2772.5,5132.62,4963.992954310835,4946.9591528185665,4955.4760535647,177.14394643529977
TR-041580,2025-09-20,september,Dry Van,953.0,1788.23,1716.7358198251666,1763.378941683772,1740.0573807544692,48.17261924553077
TR-041581,2025-09-20,september,Dry Van,578.2,1207.23,1187.83154010377,1213.8000940897136,1200.8158170967417,6.414182903258279
TR-041582,2025-09-20,september,Dry Van,522.4,1156.91,1136.7676836928024,1121.6863193769384,1129.2270015348704,27.682998465129685
TR-041583,2025-09-20,september,Reefer,805.2,1875.17,1854.569868992856,1806.018630012318,1830.294249502587,44.87575049741304
TR-041584,2025-09-20,september,Dry Van,1464.1,2800.54,2802.5465296746956,2802.4722735582536,2802.509401616475,1.9694016164748973
TR-041585,2025-09-20,september,Dry Van,210.4,548.54,539.9848981359568,596.2254570368343,568.1051775863955,19.56517758639552
TR-041586,2025-09-20,september,Reefer,329.5,895.46,841.8329847724046,870.2835211981508,856.0582529852777,39.40174701472233
TR-041587,2025-09-20,september,Dry Van,241.1,584.9,574.0288774431193,591.1043093657381,582.5665934044287,2.3334065955713186
TR-041588,2025-09-20,september,Dry Van,282.9,718.43,700.0076916430809,750.6088776164684,725.3082846297746,6.878284629774612
TR-041589,2025-09-20,september,Dry Van,1466.4,2934.3,2923.6107275462005,2978.1315909102686,2950.8711592282343,16.571159228234137
TR-041590,2025-09-20,september,Reefer,1061.3,2442.85,2401.377406973519,2392.5840042282393,2396.9807056008794,45.86929439912046
TR-041591,2025-09-20,september,Flatbed,2046.8,4279.35,4076.405792344587,4110.257475381975,4093.3316338632812,186.01836613671912
TR-041592,2025-09-20,september,Dry Van,327.3,852.06,819.1754928408131,822.5376225467401,820.8565576937766,31.203442306223337
TR-041593,2025-09-20,september,Reefer,266.9,736.28,698.1559874480408,756.1135242938533,727.1347558709471,9.145244129052912
TR-041594,2025-09-20,september,Dry Van,712.4,1514.72,1553.6010477859286,1526.4668663626817,1540.0339570743051,25.313957074305108
TR-041595,2025-09-20,september,Reefer,775.9,1942.49,1961.2281628155044,1868.7560654942472,1914.9921141548757,27.4978858451243
TR-041596,2025-09-20,september,Dry Van,1102.7,2369.5,2286.845876604608,2314.728345353495,2300.7871109790512,68.71288902094875
TR-041597,2025-09-20,september,Reefer,1952.3,4329.3,4025.8738069686488,4101.607602102569,4063.740704535609,265.5592954643912
TR-041598,2025-09-20,september,Reefer,448.6,1129.4,1094.0553572028734,1071.1526437352895,1082.6040004690815,46.79599953091861
TR-041599,2025-09-20,september,Flatbed,480.7,1146.01,1081.2230373353577,1065.3020282178582,1073.262532776608,72.74746722339205
TR-041600,2025-09-20,september,Dry Van,733.5,1556.84,1507.6836119453378,1532.7479138546405,1520.2157628999892,36.62423710001076
TR-041601,2025-09-20,september,Dry Van,1408.4,2807.0,2754.3013239018655,2762.3306083711323,2758.315966136499,48.6840338635011
TR-041602,2025-09-20,september,Dry Van,244.5,586.23,571.1891303479867,574.648622122907,572.9188762354469,13.311123764553145
TR-041603,2025-09-20,september,Flatbed,572.1,1376.63,1342.133365492631,1295.647525622575,1318.890445557603,57.73955444239709
TR-041604,2025-09-20,september,Reefer,1327.0,2990.48,2863.6235740579864,2932.1750150030857,2897.8992945305363,92.58070546946374
TR-041605,2025-09-20,september,Flatbed,234.0,728.24,675.2838843083347,676.4930236548626,675.8884539815986,52.35154601840145
TR-041606,2025-09-20,september,Reefer,1997.3,4417.98,4197.125271883408,4242.018358536161,4219.571815209784,198.40818479021527
TR-041607,2025-09-20,september,Dry Van,502.1,1112.43,1074.233078210671,1042.6536974325013,1058.4433878215862,53.98661217841391
TR-041608,2025-09-20,september,Dry Van,2387.0,4553.03,4422.064438903895,4381.391474023481,4401.727956463688,151.30204353631143
TR-041609,2025-09-20,september,Dry Van,2017.1,3737.08,3787.3395761611837,3693.2618486803963,3740.3007124207898,3.2207124207898232
TR-041610,2025-09-20,september,Reefer,1133.1,2595.85,2559.205833098313,2459.3729782614473,2509.2894056798805,86.56059432011943
TR-041611,2025-09-20,september,Flatbed,1158.5,2428.37,2309.7177770300527,2330.3343854171308,2320.026081223592,108.34391877640792
TR-041612,2025-09-20,september,Dry Van,1087.9,2160.55,2151.5660260504606,2102.70414109726,2127.1350835738604,33.414916426139825
TR-041613,2025-09-20,september,Reefer,2015.5,4399.61,4179.914082450028,4280.833957487624,4230.374019968825,169.23598003117422
TR-041614,2025-09-20,september,Dry Van,859.3,1804.25,1862.4570906106346,1820.5036068029397,1841.480348706787,37.23034870678703
TR-041615,2025-09-20,september,Flatbed,427.2,1108.08,1065.8392335253031,1088.2204161017075,1077.0298248135055,31.05017518649447
TR-041616,2025-09-20,september,Dry Van,2088.2,4005.68,3913.2330462901464,3748.0823372951018,3830.657691792624,175.02230820737577
TR-041617,2025-09-20,september,Dry Van,2517.6,4511.67,4476.5232105851155,4353.188159643203,4414.855685114159,96.81431488584076
TR-041618,2025-09-20,september,Flatbed,395.2,1005.81,900.2726012825146,927.2530497058829,913.7628254941988,92.0471745058012
TR-041619,2025-09-20,september,Reefer,2128.2,4513.5,4258.396411586749,4454.065634942433,4356.2310232645905,157.26897673540952
TR-041620,2025-09-20,september,Reefer,1232.8,2683.56,2551.4498634410534,2498.227838486996,2524.8388509640245,158.7211490359755
TR-041621,2025-09-20,september,Dry Van,1113.3,2324.01,2311.8922330521495,2336.9274160470795,2324.4098245496143,0.3998245496140953
TR-041622,2025-09-20,september,Dry Van,2075.0,3985.25,3941.992504958845,3879.1755001288516,3910.5840025438483,74.66599745615167
TR-041623,2025-09-20,september,Reefer,616.4,1504.04,1476.2010285218082,1479.4699252514904,1477.8354768866493,26.20452311335066
TR-041624,2025-09-20,september,Flatbed,336.6,921.31,856.750652498067,864.3246289544766,860.5376407262718,60.77235927372817
TR-041625,2025-09-20,september,Dry Van,648.5,1366.91,1370.3545131754122,1382.9936654962207,1376.6740893358165,9.76408933581638
TR-041626,2025-09-20,september,Reefer,80.4,262.05,253.7855394708836,454.80344693124016,354.29449320106187,92.24449320106186
TR-041627,2025-09-20,september,Dry Van,270.5,661.66,636.2988702492202,644.0889287667633,640.1938995079918,21.466100492008195
TR-041628,2025-09-20,september,Dry Van,588.5,1324.49,1294.3680709283453,1279.5522584576113,1286.9601646929782,37.52983530702181
TR-041629,2025-09-20,september,Flatbed,430.7,1087.21,1054.2934654632259,1056.454770075377,1055.3741177693014,31.835882230698644
TR-041630,2025-09-20,september,Dry Van,825.4,1725.11,1724.8280934934858,1671.0534783792355,1697.9407859363605,27.1692140636394
TR-041631,2025-09-20,september,Dry Van,789.0,1676.07,1679.3560083135242,1633.0158602161464,1656.1859342648354,19.88406573516454
TR-041632,2025-09-20,september,Reefer,2871.4,5941.62,5590.843142942581,5693.491750129381,5642.167446535981,299.4525534640188
TR-041633,2025-09-20,september,Flatbed,1478.2,3017.66,2881.4756974194656,2911.2941909300785,2896.384944174772,121.27505582522781
TR-041634,2025-09-21,september,Reefer,1561.9,3611.88,3293.265190260487,3515.0233453721585,3404.144267816323,207.7357321836771
TR-041635,2025-09-21,september,Flatbed,1145.1,2498.49,2392.1791278988385,2373.754433749627,2382.966780824233,115.52321917576683
TR-041636,2025-09-21,september,Flatbed,1057.8,2310.62,2256.9190784342672,2242.4543888683243,2249.686733651296,60.93326634870391
TR-041637,2025-09-21,september,Dry Van,2084.3,3946.83,3847.6200817278395,3786.185849544435,3816.902965636137,129.92703436386273
TR-041638,2025-09-21,september,Dry Van,1957.1,3480.52,3424.7833272978633,3494.8885756937125,3459.835951495788,20.684048504212114
TR-041639,2025-09-21,september,Flatbed,230.1,656.64,641.9607634544211,643.9302980343282,642.9455307443747,13.694469255625336
TR-041640,2025-09-21,september,Flatbed,445.0,1150.42,1111.8043438559494,1114.404814616067,1113.1045792360082,37.315420763991824
TR-041641,2025-09-21,september,Flatbed,1022.9,2309.66,2182.7781401538164,2206.0611537130435,2194.41964693343,115.2403530665697
TR-041642,2025-09-21,september,Dry Van,501.8,1091.36,1060.0982672437535,1105.7853046773698,1082.9417859605617,8.418214039438226
TR-041643,2025-09-21,september,Dry Van,1913.5,3456.18,3511.4094021488904,3541.907672853845,3526.6585375013674,70.47853750136755
TR-041644,2025-09-21,september,Dry Van,498.1,1183.78,1146.70026951791,1159.8924764907354,1153.2963730043227,30.48362699567724
TR-041645,2025-09-21,september,Reefer,2091.3,4502.92,4218.48547945036,4329.8336480409325,4274.159563745647,228.7604362543534
TR-041646,2025-09-21,september,Dry Van,441.4,937.58,899.5081788597611,927.9159614077444,913.7120701337527,23.867929866247323
TR-041647,2025-09-21,september,Flatbed,1774.9,3646.07,3353.4310546691236,3402.6809813004475,3378.0560179847853,268.0139820152149
TR-041648,2025-09-21,september,Reefer,187.6,581.09,566.3475921031076,753.0355934073468,659.6915927552272,78.60159275522722
TR-041649,2025-09-21,september,Dry Van,1182.8,2297.22,2258.142591635549,2290.1127631949853,2274.127677415267,23.092322584732756
TR-041650,2025-09-21,september,Reefer,435.2,1193.08,1151.4409992044218,1178.3180639867192,1164.8795315955704,28.200468404429557
TR-041651,2025-09-21,september,Flatbed,710.3,1740.18,1709.1587416573066,1661.3078424422863,1685.2332920497965,54.94670795020352
TR-041652,2025-09-21,september,Reefer,1369.5,3074.08,2941.1558416253006,2991.546691355842,2966.351266490571,107.72873350942882
TR-041653,2025-09-21,september,Reefer,439.7,1143.9,1072.1983365279334,1125.6550359414807,1098.9266862347072,44.973313765292914
TR-041654,2025-09-21,september,Dry Van,1042.9,1957.77,1956.6968907690105,1967.3045061252838,1962.000698447147,4.230698447147006
TR-041655,2025-09-21,september,Dry Van,121.1,365.4,338.3365123548468,404.0605642674291,371.1985383111379,5.798538311137918
TR-041656,2025-09-21,september,Flatbed,951.7,2169.77,2171.8791046015567,2170.910660475101,2171.3948825383286,1.6248825383286203
TR-041657,2025-09-21,september,Flatbed,819.3,1898.38,1839.6119754819379,1821.31131133711,1830.461643409524,67.91835659047615
TR-041658,2025-09-21,september,Dry Van,919.3,1971.85,1939.3081321179864,1888.7156728765324,1914.0119024972594,57.83809750274054
TR-041659,2025-09-21,september,Flatbed,321.5,800.84,767.560004038666,766.609279509709,767.0846417741875,33.75535822581253
TR-041660,2025-09-21,september,Flatbed,332.8,807.9,759.1324427797579,777.9364199650397,768.5344313723988,39.36556862760119
TR-041661,2025-09-21,september,Reefer,182.5,554.99,512.8870515224186,702.6008397243652,607.7439456233919,52.75394562339193
TR-041662,2025-09-21,september,Dry Van,1168.4,2382.06,2451.7777913238488,2416.9316335014682,2434.3547124126585,52.294712412658555
TR-041663,2025-09-21,september,Dry Van,539.7,1220.3,1208.2779044546473,1214.8522992238366,1211.5651018392418,8.73489816075812
TR-041664,2025-09-21,september,Dry Van,655.5,1360.17,1327.4970414674103,1324.0843964245255,1325.790718945968,34.37928105403216
TR-041665,2025-09-21,september,Dry Van,1086.7,2162.8,2140.066010860266,2112.1241867243743,2126.09509879232,36.704901207679995
TR-041666,2025-09-21,september,Dry Van,1114.2,2239.01,2248.4529935306546,2239.4238876641184,2243.9384405973865,4.92844059738627
TR-041667,2025-09-21,september,Reefer,1981.7,4080.25,3781.495869856817,3973.8666273571757,3877.6812486069966,202.56875139300337
TR-041668,2025-09-21,september,Dry Van,871.4,1752.55,1703.104741195221,1688.1373975013923,1695.6210693483067,56.928930651693236
TR-041669,2025-09-21,september,Dry Van,251.6,584.89,575.9415837419124,564.12639164597,570.0339876939412,14.856012306058801
TR-041670,2025-09-21,september,Reefer,1489.5,3304.89,3038.2433210243616,3123.535244412089,3080.8892827182253,224.00071728177454
TR-041671,2025-09-21,september,Dry Van,2270.9,4233.74,4165.793384295565,4043.5406581320894,4104.667021213827,129.07297878617283
TR-041672,2025-09-21,september,Reefer,709.7,1661.42,1624.048610374655,1657.4135214687565,1640.7310659217057,20.688934078294324
TR-041673,2025-09-21,september,Flatbed,327.6,828.15,796.1572157404952,800.5236021500423,798.3404089452688,29.809591054731186
TR-041674,2025-09-21,september,Dry Van,847.6,1868.09,1831.135455147328,1794.920036104722,1813.027745626025,55.06225437397484
TR-041675,2025-09-21,september,Flatbed,689.0,1767.74,1715.5188775578833,1653.2860218805884,1684.4024497192358,83.33755028076416
TR-041676,2025-09-21,september,Reefer,588.6,1491.52,1448.1904557837502,1391.3427729261984,1419.7666143549743,71.75338564502567
TR-041677,2025-09-21,september,Dry Van,1208.9,2551.97,2559.634181691421,2497.4675616824916,2528.5508716869563,23.41912831304353
TR-041678,2025-09-21,september,Dry Van,2028.9,3696.45,3674.1784513631774,3621.187345272823,3647.6828983180003,48.76710168199952
TR-041679,2025-09-21,september,Dry Van,1775.6,3427.37,3365.0409603654857,3371.4645420548877,3368.252751210187,59.11724878981295
TR-041680,2025-09-21,september,Reefer,1004.5,2493.86,2386.6139580035665,2320.607850616365,2353.610904309966,140.2490956900342
TR-041681,2025-09-21,september,Dry Van,1721.7,3252.12,3038.3354576055544,3079.4285950883914,3058.882026346973,193.23797365302698
TR-041682,2025-09-21,september,Flatbed,2297.9,4953.89,4488.731468318079,4616.962537158242,4552.847002738161,401.04299726183945
TR-041683,2025-09-21,september,Flatbed,634.3,1398.23,1339.2641995048023,1338.8502674185802,1339.0572334616913,59.17276653830868
TR-041684,2025-09-21,september,Reefer,2921.2,5882.21,5582.590673484992,5679.637692310302,5631.114182897647,251.09581710235307
TR-041685,2025-09-21,september,Flatbed,1543.5,3113.17,2937.1399715670477,3097.4027455970677,3017.2713585820575,95.8986414179426
TR-041686,2025-09-21,september,Dry Van,76.1,216.43,223.4410119332385,266.29774172230964,244.8693768277741,28.439376827774083
TR-041687,2025-09-21,september,Flatbed,879.7,2108.16,2152.109430818829,2088.7582670561424,2120.433848937486,12.273848937486036
TR-041688,2025-09-21,september,Flatbed,2410.9,4976.59,4630.269389153859,4641.131101564924,4635.700245359392,340.88975464060786
TR-041689,2025-09-21,september,Flatbed,382.1,924.23,834.5490296703706,890.6226596369634,862.585844653667,61.64415534633304
TR-041690,2025-09-21,september,Dry Van,2384.0,4553.9,4381.321912774799,4419.836634222183,4400.579273498492,153.32072650150803
TR-041691,2025-09-21,september,Dry Van,1685.9,3217.01,3012.9525088130326,3056.232850051844,3034.592679432438,182.417320567562
TR-041692,2025-09-21,september,Dry Van,1757.7,3269.56,3212.2232270945237,3147.415175513832,3179.819201304178,89.74079869582192
TR-041693,2025-09-21,september,Reefer,1952.6,4026.29,3872.3589670409856,3966.1384046800167,3919.248685860501,107.04131413949881
TR-041694,2025-09-21,september,Dry Van,1334.6,2725.13,2731.8460519107766,2547.543346108499,2639.6946990096376,85.43530099036252
TR-041695,2025-09-21,september,Reefer,2193.5,4748.45,4387.6928255394705,4442.368813044489,4415.03081929198,333.41918070801967
TR-041696,2025-09-21,september,Dry Van,1334.5,2479.52,2461.8184149415597,2367.9226838319764,2414.8705493867683,64.64945061323169
TR-041697,2025-09-21,september,Flatbed,593.7,1515.47,1439.164711481492,1384.948514575824,1412.056613028658,103.4133869713421
TR-041698,2025-09-21,september,Dry Van,642.5,1345.26,1302.2225892561044,1333.2275412793279,1317.7250652677162,27.534934732283773
TR-041699,2025-09-21,september,Dry Van,1504.5,2784.94,2668.5555637766106,2728.519360754749,2698.53746226568,86.40253773432005
TR-041700,2025-09-21,september,Dry Van,1923.2,3667.95,3644.418835954297,3650.9008638195905,3647.6598498869434,20.29015011305637
TR-041701,2025-09-21,september,Dry Van,1284.1,2487.79,2401.051382955653,2381.2980395656805,2391.1747112606668,96.61528873933321
TR-041702,2025-09-21,september,Dry Van,401.7,911.59,868.2201597408554,872.7943646906128,870.507262215734,41.08273778426599
TR-041703,2025-09-21,september,Dry Van,414.4,936.36,902.4878382606383,917.9248197177953,910.2063289892169,26.153671010783114
TR-041704,2025-09-21,september,Reefer,750.4,1881.04,1920.284185638018,1838.4069123779145,1879.3455490079664,1.6944509920335804
TR-041705,2025-09-21,september,Dry Van,3198.5,5700.34,5490.222802748105,5599.729129123476,5544.975965935791,155.3640340642096
TR-041706,2025-09-21,september,Dry Van,528.8,1022.08,1035.5266231216706,1063.2218093003694,1049.37421621102,27.294216211019943
TR-041707,2025-09-21,september,Flatbed,239.4,683.1,645.650155586999,666.2441400278976,655.9471478074483,27.152852192551677
TR-041708,2025-09-21,september,Dry Van,826.5,1709.29,1677.0699283644767,1655.1228686445631,1666.09639850452,43.193601495479925
TR-041709,2025-09-21,september,Dry Van,1141.1,2231.98,2237.1909223596745,2225.8374431951515,2231.514182777413,0.4658172225867929
TR-041710,2025-09-21,september,Flatbed,559.5,1377.14,1373.2336293943933,1329.5540624561027,1351.3938459252481,25.746154074751985
TR-041711,2025-09-21,september,Reefer,2079.3,4268.96,4084.7663753483116,4192.446377089713,4138.606376219012,130.35362378098762
TR-041712,2025-09-21,september,Flatbed,2637.4,5070.8,4713.929308587334,4731.87393816178,4722.901623374557,347.89837662544323
TR-041713,2025-09-21,september,Reefer,915.9,2103.34,2154.0762094104375,2106.841190185834,2130.458699798136,27.11869979813582
TR-041714,2025-09-21,september,Dry Van,2338.7,4051.87,4057.590447962217,3973.048682837364,4015.3195653997905,36.55043460020943
TR-041715,2025-09-21,september,Dry Van,556.9,1161.23,1263.4306808969695,1160.124359347274,1211.7775201221218,50.547520122121796
TR-041716,2025-09-21,september,Dry Van,595.9,1373.05,1334.9632968600934,1319.4736216661868,1327.2184592631402,45.83154073685978
TR-041717,2025-09-21,september,Flatbed,951.8,2122.07,2053.6519751358264,2059.3208227681857,2056.4863989520063,65.58360104799385
TR-041718,2025-09-21,september,Flatbed,544.4,1254.13,1215.8803205014951,1204.4725887831964,1210.1764546423458,43.95354535765432
TR-041719,2025-09-21,september,Reefer,1194.9,2906.25,2805.5366888925673,2733.1366193138942,2769.336654103231,136.913345896769
TR-041720,2025-09-21,september,Flatbed,3050.4,5931.87,5518.574062312525,5551.353739464899,5534.963900888712,396.9060991112883
TR-041721,2025-09-21,september,Dry Van,324.1,244.71,782.2145703571508,827.6759541459121,804.9452622515314,560.2352622515314
TR-041722,2025-09-21,september,Dry Van,3153.9,5709.8,5645.084637498139,5658.9601731236335,5652.022405310887,57.77759468911336
TR-041723,2025-09-21,september,Reefer,1016.6,2386.8,2325.4202744141535,2303.309238617456,2314.3647565158044,72.43524348419578
TR-041724,2025-09-21,september,Dry Van,2166.9,4134.62,4122.810407340503,4005.091353296464,4063.9508803184835,70.66911968151635
TR-041725,2025-09-21,september,Dry Van,874.1,1916.49,1870.7389999008583,1858.308273152301,1864.5236365265796,51.966363473420415
TR-041726,2025-09-21,september,Flatbed,1807.7,3923.46,3604.7916019779195,3584.9558401988843,3594.873721088402,328.58627891159813
TR-041727,2025-09-21,september,Dry Van,1853.0,3419.89,3334.570012502874,3369.9761625858278,3352.273087544351,67.61691245564907
TR-041728,2025-09-21,september,Dry Van,1235.6,2421.49,2423.6179941527685,2343.7905503386705,2383.7042722457195,37.78572775428029
TR-041729,2025-09-21,september,Dry Van,338.5,762.33,741.0563748709571,752.6389290947773,746.8476519828672,15.482348017132836
TR-041730,2025-09-21,september,Dry Van,500.2,1108.34,1056.1803354017115,1074.5405250493045,1065.360430225508,42.97956977449189
TR-041731,2025-09-21,september,Reefer,1044.0,2406.81,2385.0924764638626,2368.1475148929,2376.619995678381,30.190004321618744
TR-041732,2025-09-21,september,Flatbed,2638.5,5554.59,4979.120244329911,4971.894593509024,4975.507418919467,579.0825810805327
TR-041733,2025-09-21,september,Dry Van,488.3,1091.14,1052.9401831875907,1064.3901119498541,1058.6651475687224,32.47485243127767
TR-041734,2025-09-21,september,Reefer,536.0,1422.21,1406.9611367461853,1344.2193379916425,1375.590237368914,46.61976263108613
TR-041735,2025-09-21,september,Flatbed,1215.1,2632.12,2579.898377877887,2484.944324389722,2532.421351133805,99.69864886619507
TR-041736,2025-09-21,september,Dry Van,1825.4,3352.84,3322.428158318051,3369.0568641497016,3345.742511233876,7.0974887661241155
TR-041737,2025-09-21,september,Reefer,1992.2,4540.34,4062.2907283173863,4190.508731396911,4126.3997298571485,413.94027014285166
TR-041738,2025-09-21,september,Reefer,1555.8,3564.41,3279.3789123790048,3463.681704927624,3371.5303086533145,192.87969134668538
TR-041739,2025-09-21,september,Dry Van,919.7,1698.54,1706.2042056823082,1707.0158643069108,1706.6100349946096,8.070034994609614
TR-041740,2025-09-21,september,Dry Van,1015.5,2008.12,2061.086051904177,2055.287132043162,2058.1865919736692,50.06659197366935
TR-041741,2025-09-21,september,Dry Van,2794.9,4920.08,4803.133346589122,4804.1717302972975,4803.65253844321,116.42746155679015
TR-041742,2025-09-21,september,Reefer,953.9,2146.69,2133.069344098242,2119.3384066179615,2126.203875358102,20.486124641898186
TR-041743,2025-09-21,september,Dry Van,1677.2,3160.7,3027.5610042201743,3093.926790057577,3060.7438971388756,99.95610286112424
TR-041744,2025-09-21,september,Dry Van,2753.6,4976.74,4942.819712532023,4964.762356129992,4953.791034331008,22.94896566899206
TR-041745,2025-09-21,september,Dry Van,844.8,1719.66,1760.411338897804,1736.9135873263488,1748.6624631120762,29.002463112076157
TR-041746,2025-09-21,september,Dry Van,687.8,1466.84,1442.8101421641638,1391.8367452213054,1417.3234436927346,49.51655630726532
TR-041747,2025-09-21,september,Reefer,192.6,597.35,579.9592507247096,748.1672431430395,664.0632469338746,66.71324693387453
TR-041748,2025-09-21,september,Flatbed,136.6,435.75,400.9291525556081,465.709648994718,433.31940077516305,2.4305992248369535
TR-041749,2025-09-21,september,Flatbed,781.2,1883.43,1856.1253131503138,1716.980139456915,1786.5527263036142,96.87727369638583
TR-041750,2025-09-21,september,Reefer,1702.9,3765.88,3478.6317868433152,3651.258631187162,3564.9452090152386,200.93479098476155
TR-041751,2025-09-21,september,Dry Van,546.2,1181.13,1132.1253572244714,1117.7129577068126,1124.919157465642,56.21084253435811
TR-041752,2025-09-21,september,Dry Van,1290.4,2585.03,2563.8943231917674,2486.106897478336,2525.0006103350515,60.02938966494867
TR-041753,2025-09-21,september,Flatbed,2859.2,5593.05,5248.09639951888,5342.279855560729,5295.188127539805,297.8618724601956
TR-041754,2025-09-21,september,Reefer,1368.8,2872.83,2791.588930712047,2725.5845968040758,2758.5867637580614,114.24323624193858
TR-041755,2025-09-21,september,Dry Van,568.5,1243.64,1243.0912999555649,1258.2745416068494,1250.682920781207,7.042920781206931
TR-041756,2025-09-21,september,Dry Van,500.8,1191.99,1176.669340704866,1181.0179979593008,1178.8436693320834,13.146330667916573
TR-041757,2025-09-21,september,Dry Van,1823.0,3622.66,3502.424324286881,3521.432071162641,3511.928197724761,110.7318022752388
TR-041758,2025-09-21,september,Dry Van,2392.1,4224.72,4182.344294874104,4156.227207765629,4169.285751319867,55.43424868013335
TR-041759,2025-09-21,september,Dry Van,2101.0,3774.79,3827.216712067888,3753.6378809978874,3790.4272965328873,15.637296532887376
TR-041760,2025-09-21,september,Dry Van,416.2,983.11,983.2886181079813,971.2378603479506,977.2632392279659,5.846760772034145
TR-041761,2025-09-21,september,Dry Van,2233.9,4238.58,4218.35089502003,4143.772977925397,4181.061936472714,57.51806352728636
TR-041762,2025-09-21,september,Reefer,3056.4,6531.29,5860.450218382081,5989.081663133496,5924.7659407577885,606.5240592422115
TR-041763,2025-09-21,september,Reefer,455.2,1214.44,1185.3919225941315,1173.7805716784655,1179.5862471362984,34.85375286370163
TR-041764,2025-09-21,september,Flatbed,704.7,1597.77,1537.0375926411189,1575.0468491251668,1556.0422208831428,41.727779116857164
TR-041765,2025-09-21,september,Dry Van,1295.2,2476.39,2430.8184648542547,2379.0721899968703,2404.9453274255625,71.44467257443739
TR-041766,2025-09-21,september,Dry Van,1333.8,2612.5,2613.2521979496223,2485.665783766016,2549.458990857819,63.04100914218088
TR-041767,2025-09-21,september,Flatbed,244.1,664.97,614.0623117274779,646.3654548978509,630.2138833126644,34.756116687335634
TR-041768,2025-09-21,september,Dry Van,2370.5,4338.34,4358.732425425131,4295.477354126651,4327.104889775891,11.235110224109121
TR-041769,2025-09-21,september,Flatbed,1523.6,3287.49,3079.118214652688,3191.0509977161655,3135.084606184427,152.405393815573
TR-041770,2025-09-21,september,Reefer,927.3,2040.68,2041.1866911488,2039.4083908671453,2040.2975410079725,0.382458992027523
TR-041771,2025-09-21,september,Dry Van,1222.2,2381.44,2369.144321973992,2354.6308505019206,2361.8875862379564,19.55241376204367
TR-041772,2025-09-21,september,Reefer,1239.6,2836.21,2724.1808504911137,2705.5041525763236,2714.842501533719,121.36749846628118
TR-041773,2025-09-21,september,Reefer,1509.7,3438.75,3185.9478137294523,3328.4231679438426,3257.1854908366477,181.56450916335234
TR-041774,2025-09-21,september,Flatbed,1263.8,2846.57,2705.4767819383687,2641.3598160947827,2673.4182990165755,173.1517009834247
TR-041775,2025-09-21,september,Dry Van,892.4,1924.08,1902.8511781971347,1884.4246492063894,1893.637913701762,30.442086298237882
TR-041776,2025-09-21,september,Dry Van,1511.8,3085.65,3029.0719617747077,3031.9588275757146,3030.515394675211,55.134605324788936
TR-041777,2025-09-21,september,Dry Van,2296.6,4135.69,4091.380968765293,4106.114347989102,4098.747658377197,36.942341622802815
TR-041778,2025-09-21,september,Reefer,2087.4,4199.58,3996.709035760548,4032.4130524832435,4014.561044121896,185.01895587810395
TR-041779,2025-09-21,september,Dry Van,184.2,460.98,449.4104556611426,435.87487498398923,442.6426653225659,18.337334677434114
TR-041780,2025-09-21,september,Reefer,362.7,998.75,969.8750642800184,958.8501635999992,964.3626139400087,34.387386059991286
TR-041781,2025-09-21,september,Dry Van,1428.8,2684.0,2639.852105006285,2660.7808012299547,2650.31645311812,33.68354688187992
TR-041782,2025-09-21,september,Dry Van,2001.4,3891.27,3788.1430286591362,3788.5764527059473,3788.359740682542,102.91025931745799
TR-041783,2025-09-21,september,Reefer,729.0,1745.97,1770.9532373326633,1738.5657229204303,1754.7594801265468,8.789480126546778
TR-041784,2025-09-21,september,Reefer,2782.2,5583.52,5339.965566109955,5409.704543815302,5374.835054962628,208.68494503737202
TR-041785,2025-09-21,september,Dry Van,333.7,806.69,771.8429087604133,803.0799295196189,787.461419140016,19.22858085998405
TR-041786,2025-09-21,september,Reefer,1350.9,2945.77,2795.85923764229,2716.656469133258,2756.257853387774,189.51214661222593
TR-041787,2025-09-21,september,Dry Van,329.1,847.94,813.4830662237252,829.5720398956553,821.5275530596903,26.412446940309792
TR-041788,2025-09-21,september,Dry Van,1978.2,3704.41,3613.3610291938453,3661.555948889213,3637.458489041529,66.95151095847086
TR-041789,2025-09-21,september,Dry Van,825.0,1772.5,1713.54141783837,1715.549685773398,1714.545551805884,57.95444819411591
TR-041790,2025-09-21,september,Dry Van,1802.0,3563.18,3476.684536702266,3500.504634617487,3488.5945856598764,74.5854143401234
TR-041791,2025-09-21,september,Flatbed,1657.0,3667.32,3324.7634465905735,3548.790625837034,3436.7770362138035,230.54296378619665
TR-041792,2025-09-21,september,Dry Van,1094.1,2291.91,2215.385644412579,2113.4661270794154,2164.425885745997,127.48411425400263
TR-041793,2025-09-21,september,Dry Van,1165.9,2359.67,2305.6722629044493,2276.257583913422,2290.9649234089356,68.70507659106443
TR-041794,2025-09-21,september,Dry Van,1413.5,2850.44,2853.388083062427,2805.0157874313754,2829.2019352469015,21.23806475309857
TR-041795,2025-09-21,september,Dry Van,1236.6,2392.66,2332.872454802407,2272.2994532206103,2302.585954011509,90.07404598849098
TR-041796,2025-09-21,september,Reefer,184.4,512.08,457.62890746423335,581.5774948202309,519.6032011422321,7.523201142232097
TR-041797,2025-09-21,september,Reefer,2194.4,4363.74,4186.745788194493,4229.594909947064,4208.170349070779,155.5696509292211
TR-041798,2025-09-21,september,Dry Van,307.7,748.37,737.768659034997,750.6472673485207,744.2079631917588,4.162036808241169
TR-041799,2025-09-21,september,Dry Van,1113.4,2177.89,2238.68083421113,2233.123246304563,2235.9020402578462,58.012040257846365
TR-041800,2025-09-21,september,Dry Van,1170.5,2376.16,2426.151657694373,2430.0535345725402,2428.1025961334567,51.942596133456846
TR-041801,2025-09-21,september,Dry Van,828.0,1699.23,1701.0429932958461,1657.589175204827,1679.3160842503366,19.913915749663374
TR-041802,2025-09-21,september,Dry Van,534.8,1215.54,1219.6457236686092,1212.1341029307382,1215.8899132996737,0.3499132996737444
TR-041803,2025-09-21,september,Dry Van,2093.9,3766.9,3784.8470548812747,3705.564813941667,3745.205934411471,21.694065588529156
TR-041804,2025-09-22,september,Flatbed,954.9,2128.56,2076.9763214431687,2078.3481624049878,2077.6622419240784,50.8977580759215
TR-041805,2025-09-22,september,Dry Van,646.4,1392.33,1351.9411018280268,1364.037563215858,1357.9893325219423,34.34066747805764
TR-041806,2025-09-22,september,Dry Van,1842.3,3440.26,3445.049498600968,3309.4031019643953,3377.2263002826817,63.03369971731854
TR-041807,2025-09-22,september,Dry Van,2218.0,4046.17,4087.2000865465366,3930.8448931827015,4009.0224898646193,37.1475101353808
TR-041808,2025-09-22,september,Dry Van,733.6,1540.67,1549.1399632046882,1542.1868203762908,1545.6633917904896,4.993391790489568
TR-041809,2025-09-22,september,Dry Van,2131.4,3878.45,3912.838078597954,3845.090213502388,3878.9641460501707,0.5141460501708934
TR-041810,2025-09-22,september,Dry Van,756.3,1538.05,1536.2779570497323,1502.1465152815485,1519.2122361656404,18.83776383435952
TR-041811,2025-09-22,september,Dry Van,734.0,1544.91,1518.7100881116755,1483.9545288955155,1501.3323085035954,43.57769149640467
TR-041812,2025-09-22,september,Reefer,2083.1,4597.18,4145.676405828693,4269.127247639926,4207.401826734309,389.7781732656913
TR-041813,2025-09-22,september,Reefer,1158.1,2531.03,2481.926669772472,2492.220802230799,2487.0737360016356,43.95626399836465
TR-041814,2025-09-22,september,Dry Van,446.5,976.23,929.8544667948723,951.4509952346573,940.6527310147649,35.57726898523515
TR-041815,2025-09-22,september,Reefer,1060.5,2554.85,2474.001523109516,2476.7653573863254,2475.3834402479206,79.46655975207932
TR-041816,2025-09-22,september,Dry Van,1029.0,2158.7,2129.9911265033716,2107.9995659223778,2118.9953462128747,39.70465378712515
TR-041817,2025-09-22,september,Dry Van,1178.7,2347.09,2301.556071015612,2343.2811191501637,2322.418595082888,24.67140491711234
TR-041818,2025-09-22,september,Flatbed,120.9,375.07,357.4419745868924,353.22128318615614,355.3316288865243,19.738371113475694
TR-041819,2025-09-22,september,Dry Van,417.6,923.27,884.2894506061668,874.8863485801419,879.5878995931544,43.68210040684562
TR-041820,2025-09-22,september,Dry Van,210.8,555.39,545.1914816910347,591.9679825902863,568.5797321406606,13.189732140660567
TR-041821,2025-09-22,september,Reefer,1121.6,2538.88,2548.7058716906927,2492.2627297892823,2520.4843007399877,18.395699260012407
TR-041822,2025-09-22,september,Reefer,554.8,1378.44,1380.0083879319923,1365.69633833645,1372.8523631342212,5.587636865778904
TR-041823,2025-09-22,september,Dry Van,202.5,501.37,480.03093345767167,493.5148319801508,486.7728827189112,14.5971172810888
TR-041824,2025-09-22,september,Dry Van,1527.1,2992.86,2886.1155762649655,2937.334201679384,2911.724888972175,81.13511102782513
TR-041825,2025-09-22,september,Reefer,483.4,1204.25,1167.4348778584344,1189.8564356777933,1178.645656768114,25.604343231886105
TR-041826,2025-09-22,september,Reefer,2541.4,5426.58,5117.0000932866715,4986.756184447098,5051.878138866885,374.701861133115
TR-041827,2025-09-22,september,Dry Van,434.1,1048.6,1026.540026766869,1025.789039578647,1026.164533172758,22.435466827241953
TR-041828,2025-09-22,september,Dry Van,1445.9,2931.57,2857.3029596327606,2838.7727861029307,2848.0378728678456,83.53212713215453
TR-041829,2025-09-22,september,Dry Van,481.1,1099.07,1065.878136961713,1054.1652419782736,1060.0216894699934,39.048310530006574
TR-041830,2025-09-22,september,Reefer,1302.8,2775.61,2688.890345870436,2619.410795286187,2654.150570578311,121.45942942168904
TR-041831,2025-09-22,september,Dry Van,261.7,633.76,627.3974751035249,641.0565641070141,634.2270196052696,0.4670196052695701
TR-041832,2025-09-22,september,Dry Van,1055.3,2098.04,2169.530990440212,2171.2738973691053,2170.402443904659,72.3624439046589
TR-041833,2025-09-22,september,Reefer,820.4,1851.74,1816.1098508057294,1805.5411225933278,1810.8254866995285,40.914513300471526
TR-041834,2025-09-22,september,Reefer,542.8,1355.55,1338.7776648608433,1300.5877444015484,1319.682704631196,35.86729536880398
TR-041835,2025-09-22,september,Dry Van,788.3,1625.53,1579.2380314772488,1584.0887387003559,1581.6633850888024,43.86661491119753
TR-041836,2025-09-22,september,Dry Van,517.5,1125.97,1107.2518867850958,1107.2395236072525,1107.2457051961742,18.724294803825842
TR-041837,2025-09-22,september,Dry Van,1082.3,2152.81,2108.229834574823,2137.5766277100756,2122.9032311424494,29.90676885755056
TR-041838,2025-09-22,september,Reefer,369.5,983.53,963.652181552229,934.8431744708205,949.2476780115247,34.282321988475246
TR-041839,2025-09-22,september,Dry Van,989.9,1939.61,1977.431011363216,1965.2044417998397,1971.317726581528,31.70772658152805
TR-041840,2025-09-22,september,Dry Van,1446.8,2691.8,2694.231757037949,2716.9467599160103,2705.58925847698,13.78925847697974
TR-041841,2025-09-22,september,Reefer,699.5,1628.59,1604.403815373278,1552.6896762988943,1578.546745836086,50.04325416391384
TR-041842,2025-09-22,september,Dry Van,820.5,1699.49,1702.4411463603558,1670.3828420198388,1686.4119941900972,13.078005809902834
TR-041843,2025-09-22,september,Reefer,369.8,959.92,929.5089039359888,915.2150391624762,922.3619715492325,37.55802845076744
TR-041844,2025-09-22,september,Dry Van,764.8,1496.18,1492.9158432781608,1500.8542608207172,1496.8850520494389,0.7050520494387911
TR-041845,2025-09-22,september,Reefer,1948.7,4098.74,3790.641550068316,3900.8595946733476,3845.750572370832,252.98942762916795
TR-041846,2025-09-22,september,Dry Van,1509.7,2928.12,2832.938155240127,2881.532400297027,2857.235277768577,70.88472223142298
TR-041847,2025-09-22,september,Flatbed,2662.5,5214.68,4944.565075319874,4833.4120430126295,4888.988559166251,325.69144083374886
TR-041848,2025-09-22,september,Dry Van,965.4,1920.81,1932.5589731053074,1900.8217634640473,1916.6903682846773,4.119631715322612
TR-041849,2025-09-22,september,Dry Van,681.2,1342.0,1331.9370850840937,1331.505198845819,1331.7211419649564,10.27885803504364
TR-041850,2025-09-22,september,Dry Van,131.7,373.78,366.3446137008325,402.54434037687406,384.4444770388533,10.664477038853306
TR-041851,2025-09-22,september,Reefer,844.7,1977.64,1904.5749098078438,1944.4666067374171,1924.5207582726305,53.11924172736963
TR-041852,2025-09-22,september,Dry Van,390.0,898.29,840.6165448741382,861.7604334387245,851.1884891564314,47.101510843568576
TR-041853,2025-09-22,september,Reefer,828.7,2004.53,1986.517822541997,1993.6017041650941,1990.0597633535456,14.470236646454396
TR-041854,2025-09-22,september,Dry Van,282.2,748.0,728.3584201773742,781.9053709648945,755.1318955711344,7.131895571134351
TR-041855,2025-09-22,september,Flatbed,2202.0,4486.44,4082.3797331726405,4216.766792064558,4149.573262618599,336.8667373814005
TR-041856,2025-09-22,september,Dry Van,530.3,1113.48,1088.6688788832844,1115.132290892187,1101.9005848877357,11.579415112264314
TR-041857,2025-09-22,september,Dry Van,1759.8,3244.08,3202.661182815253,3190.0464565954208,3196.3538197053367,47.72618029466321
TR-041858,2025-09-22,september,Dry Van,622.0,1349.6,1359.4318819251996,1339.675007860278,1349.5534448927388,0.04655510726115608
TR-041859,2025-09-22,september,Reefer,697.5,1733.25,1753.6955200139028,1640.007576620468,1696.8515483171855,36.39845168281454
TR-041860,2025-09-22,september,Dry Van,2469.9,4679.78,4443.201027169731,4435.623292198856,4439.412159684293,240.36784031570642
TR-041861,2025-09-22,september,Reefer,594.4,1549.59,1520.7832997041687,1505.2786707133225,1513.0309852087457,36.559014791254185
TR-041862,2025-09-22,september,Reefer,761.1,1817.52,1806.9935860316043,1729.7483187832709,1768.3709524074375,49.14904759256251
TR-041863,2025-09-22,september,Dry Van,1223.6,2398.51,2393.676131248232,2329.4176098095636,2361.5468705288977,36.96312947110255
TR-041864,2025-09-22,september,Reefer,1050.4,2497.67,2488.368472955383,2516.5749935133463,2502.4717332343644,4.801733234364292
TR-041865,2025-09-22,september,Dry Van,585.5,1227.05,1198.6388274361516,1213.7597425080985,1206.199284972125,20.850715027874912
TR-041866,2025-09-22,september,Flatbed,960.6,2259.47,2155.7023854829577,2142.0911187967913,2148.8967521398745,110.57324786012532
TR-041867,2025-09-22,september,Dry Van,294.0,782.19,742.5358126078839,818.6021632511095,780.5689879294966,1.6210120705034115
TR-041868,2025-09-22,september,Dry Van,1947.2,3823.47,3776.7451757424324,3779.052986560954,3777.8990811516933,45.57091884830652
TR-041869,2025-09-22,september,Flatbed,1230.8,2778.74,2597.3807405705006,2579.807955671182,2588.5943481208415,190.14565187915832
TR-041870,2025-09-22,september,Dry Van,949.7,2064.85,2033.1074868274627,2006.5206304598967,2019.8140586436798,45.03594135632011
TR-041871,2025-09-22,september,Dry Van,501.0,1051.24,1069.8807056888654,1059.044342804019,1064.4625242464422,13.222524246442163
TR-041872,2025-09-22,september,Reefer,1902.5,3988.91,3777.9842348169236,3920.909455922162,3849.4468453695426,139.4631546304572
TR-041873,2025-09-22,september,Reefer,581.5,1385.82,1364.7877216199847,1332.4669580763502,1348.6273398481676,37.19266015183234
TR-041874,2025-09-22,september,Flatbed,435.9,1175.72,1126.9082674023068,1120.9343530136248,1123.9213102079657,51.79868979203434
TR-041875,2025-09-22,september,Dry Van,213.3,569.67,557.2196011100563,615.9784347650941,586.5990179375751,16.929017937575168
TR-041876,2025-09-22,september,Reefer,1838.6,3963.94,3673.814347153051,3733.7683206659285,3703.79133390949,260.14866609051023
TR-041877,2025-09-22,september,Reefer,940.3,2063.23,2080.680420429967,2102.4170800516686,2091.5487502408178,28.318750240817735
TR-041878,2025-09-22,september,Reefer,120.9,383.49,347.64413027176215,540.0188885031823,443.83150938747224,60.34150938747223
TR-041879,2025-09-22,september,Dry Van,751.7,1608.15,1552.9277432237923,1552.052491054061,1552.4901171389265,55.659882861073584
TR-041880,2025-09-22,september,Flatbed,737.2,1667.17,1572.173253804538,1550.239606908749,1561.2064303566435,105.96356964335655
TR-041881,2025-09-22,september,Reefer,453.9,1193.46,1163.799868181025,1133.5693755509988,1148.6846218660119,44.77537813398817
TR-041882,2025-09-22,september,Dry Van,1959.2,3775.66,3714.9910386052115,3722.845358079657,3718.918198342434,56.7418016575657
TR-041883,2025-09-22,september,Reefer,973.8,2429.57,2313.4308485205547,2299.634150551964,2306.5324995362594,123.0375004637408
TR-041884,2025-09-22,september,Flatbed,1746.1,3902.72,3610.3252709594976,3586.2912918258635,3598.3082813926803,304.4117186073195
TR-041885,2025-09-22,september,Reefer,334.9,884.94,845.7917963137276,863.82708619199,854.8094412528587,30.130558747141322
TR-041886,2025-09-22,september,Dry Van,1979.9,3667.82,3628.355108409973,3588.3747540888417,3608.364931249407,59.455068750593
TR-041887,2025-09-22,september,Dry Van,2226.6,4192.73,4187.058155652686,4160.520099238336,4173.7891274455105,18.940872554489033
TR-041888,2025-09-22,september,Dry Van,521.8,1161.6,1105.84747160707,1087.9367223561253,1096.8920969815977,64.70790301840225
TR-041889,2025-09-22,september,Dry Van,195.5,509.11,505.595330932354,554.3993185902209,529.9973247612875,20.88732476128746
TR-041890,2025-09-22,september,Dry Van,2132.0,4197.87,4089.7859815178945,4047.846471428873,4068.8162264733837,129.05377352661617
TR-041891,2025-09-22,september,Flatbed,2803.4,5728.27,5230.314543041932,5274.3150337930765,5252.314788417504,475.9552115824963
TR-041892,2025-09-22,september,Dry Van,131.6,344.39,339.0109956433941,393.23672128323915,366.12385846331665,21.733858463316665
TR-041893,2025-09-22,september,Dry Van,1107.4,2216.98,2191.201122706863,2238.6950290369614,2214.948075871912,2.0319241280881215
TR-041894,2025-09-22,september,Reefer,1698.8,3656.53,3359.4358003407833,3456.760683874347,3408.098242107565,248.43175789243514
TR-041895,2025-09-22,september,Reefer,975.5,2289.62,2254.3181427877007,2223.307328246279,2238.81273551699,50.80726448300993
TR-041896,2025-09-22,september,Reefer,722.0,1834.15,1769.9749668016395,1680.3156905572496,1725.1453286794444,109.00467132055564
TR-041897,2025-09-22,september,Flatbed,526.3,1259.22,1211.474413342587,1205.0821698347802,1208.2782915886837,50.94170841131631
TR-041898,2025-09-22,september,Dry Van,392.4,901.25,886.2992519634835,881.3743337207934,883.8367928421385,17.413207157861507
TR-041899,2025-09-22,september,Dry Van,1088.1,2075.25,2170.4243936987987,2150.1793261733637,2160.301859936081,85.0518599360812
TR-041900,2025-09-22,september,Dry Van,910.4,1961.33,1937.8394748810936,1890.2001315264372,1914.0198032037654,47.31019679623455
TR-041901,2025-09-22,september,Dry Van,1281.6,2668.74,2620.398226050545,2614.1089304881652,2617.253578269355,51.486421730644906
TR-041902,2025-09-22,september,Reefer,319.6,863.66,840.4068996563769,835.6122305828649,838.0095651196209,25.650434880379066
TR-041903,2025-09-22,september,Dry Van,742.8,1502.5,1524.957133516562,1506.0254111344432,1515.4912723255025,12.99127232550245
TR-041904,2025-09-22,september,Dry Van,2234.0,4047.61,4139.722385608819,4035.9282752432036,4087.8253304260115,40.215330426011406
TR-041905,2025-09-22,september,Flatbed,1244.4,2745.03,2550.4002135016967,2504.6371004428274,2527.518656972262,217.51134302773835
TR-041906,2025-09-22,september,Flatbed,919.7,1915.26,1846.1785258822238,1854.5377894639869,1850.3581576731053,64.90184232689467
TR-041907,2025-09-22,september,Reefer,2215.3,4609.13,4436.565737166865,4449.745643817718,4443.155690492291,165.97430950770922
TR-041908,2025-09-22,september,Dry Van,2704.4,4898.32,4768.8762823861825,4645.109976681806,4706.993129533994,191.32687046600586
TR-041909,2025-09-22,september,Dry Van,1584.9,3122.02,2916.005506228776,2955.577784086907,2935.7916451578412,186.22835484215875
TR-041910,2025-09-22,september,Dry Van,1116.5,2249.86,2223.3310282562825,2189.3385112963388,2206.3347697763106,43.525230223689505
TR-041911,2025-09-22,september,Flatbed,1143.9,2716.18,2551.708850799148,2515.820421285217,2533.7646360421822,182.4153639578176
TR-041912,2025-09-22,september,Dry Van,485.5,1151.79,1125.7478789090135,1123.8795658429922,1124.8137223760027,26.976277623997248
TR-041913,2025-09-22,september,Reefer,357.0,1040.12,990.5309339321402,975.1383111143216,982.8346225232309,57.285377476768986
TR-041914,2025-09-22,september,Flatbed,720.7,1637.66,1569.1333180022548,1577.2730815040688,1573.2031997531617,64.45680024683838
TR-041915,2025-09-22,september,Dry Van,169.7,455.17,452.56961470164725,492.78754790165385,472.6785813016505,17.50858130165051
TR-041916,2025-09-22,september,Dry Van,339.9,755.4,737.2051509230876,738.2825832337417,737.7438670784146,17.656132921585368
TR-041917,2025-09-22,september,Dry Van,628.6,1382.93,1380.435995771358,1364.4902362661942,1372.463116018776,10.4668839812241
TR-041918,2025-09-22,september,Reefer,316.3,791.95,775.3666989943266,777.9449026276143,776.6558008109705,15.294199189029541
TR-041919,2025-09-22,september,Reefer,521.3,1264.86,1214.9702842660572,1230.9832471801828,1222.97676572312,41.883234276879875
TR-041920,2025-09-22,september,Dry Van,140.2,349.2,334.6766872471762,323.8803380893503,329.27851266826326,19.921487331736728
TR-041921,2025-09-22,september,Reefer,221.9,620.41,602.3014523413027,729.2138835204819,665.7576679308922,45.34766793089227
TR-041922,2025-09-22,september,Dry Van,943.8,1972.72,1955.3497839102242,1936.4627310812887,1945.9062574957566,26.813742504243464
TR-041923,2025-09-22,september,Dry Van,425.1,938.4,898.1132421434698,929.0738215242898,913.5935318338798,24.806468166120226
TR-041924,2025-09-22,september,Flatbed,378.3,1052.71,993.6670890508666,965.8330964031541,979.7500927270103,72.95990727298977
TR-041925,2025-09-22,september,Flatbed,1069.1,2333.1,2283.2109464772047,2266.639726687078,2274.9253365821414,58.17466341785848
TR-041926,2025-09-22,september,Dry Van,460.6,1094.42,1061.507331885433,1041.5932676457355,1051.5502997655842,42.86970023441586
TR-041927,2025-09-22,september,Reefer,651.4,1486.23,1480.826737821387,1485.748326197203,1483.2875320092949,2.942467990705154
TR-041928,2025-09-22,september,Dry Van,1068.8,2095.39,2142.9754458429115,2129.8643729683845,2136.419909405648,41.02990940564814
TR-041929,2025-09-22,september,Reefer,318.6,883.79,875.3394012593845,893.6142163053019,884.4768087823431,0.6868087823431779
TR-041930,2025-09-22,september,Dry Van,2108.7,3727.53,3621.5645663880487,3716.2355336305,3668.9000500092743,58.62994999072589
TR-041931,2025-09-22,september,Dry Van,1713.2,3367.15,3207.685705901191,3230.864558589779,3219.275132245485,147.87486775451498
TR-041932,2025-09-22,september,Reefer,193.8,580.22,542.6594799685641,674.7091088192333,608.6842943938987,28.464294393898626
TR-041933,2025-09-22,september,Dry Van,1392.0,2751.44,2704.69513384442,2698.276616997165,2701.4858754207926,49.95412457920747
TR-041934,2025-09-22,september,Dry Van,853.8,1753.47,1718.5274764302305,1720.325495896365,1719.4264861632978,34.04351383670223
TR-041935,2025-09-22,september,Dry Van,1450.4,2831.17,2795.8618373427225,2777.1387769548496,2786.5003071487863,44.66969285121377
TR-041936,2025-09-22,september,Reefer,2300.1,4986.16,4646.253081884233,4648.379149370523,4647.316115627378,338.8438843726217
TR-041937,2025-09-22,september,Dry Van,1742.8,3237.63,3104.5945068272727,3158.8102265294406,3131.7023666783566,105.9276333216435
TR-041938,2025-09-22,september,Dry Van,589.6,1167.44,1131.163317835931,1140.202830339926,1135.6830740879286,31.756925912071438
TR-041939,2025-09-22,september,Dry Van,1990.6,3721.9,3673.81069870929,3702.6391319044724,3688.2249153068815,33.675084693118606
TR-041940,2025-09-22,september,Reefer,647.4,1565.74,1566.4910747169733,1561.0086831099345,1563.7498789134538,1.9901210865461962
TR-041941,2025-09-22,september,Dry Van,825.2,1636.8,1588.5748182933194,1619.0556905604908,1603.815254426905,32.98474557309487
TR-041942,2025-09-22,september,Dry Van,979.2,2014.62,1993.5660655479858,1956.86733058131,1975.216698064648,39.40330193535192
TR-041943,2025-09-22,september,Reefer,1190.1,2826.25,2637.112383299376,2627.056818605092,2632.084600952234,194.1653990477662
TR-041944,2025-09-22,september,Dry Van,979.6,1946.28,1992.7103447682582,1987.023824982476,1989.8670848753673,43.58708487536728
TR-041945,2025-09-22,september,Dry Van,1938.7,3824.6,3755.207515813869,3707.4571098409815,3731.332312827425,93.26768717257482
TR-041946,2025-09-22,september,Reefer,783.1,1822.63,1821.4589218415608,1764.0669517763245,1792.7629368089426,29.86706319105747
TR-041947,2025-09-22,september,Dry Van,3077.7,5226.16,5194.2908030381905,5192.52857803997,5193.40969053908,32.75030946092011
TR-041948,2025-09-22,september,Dry Van,1909.5,3518.72,3536.4870562878177,3580.936972322039,3558.7120143049283,39.99201430492849
TR-041949,2025-09-22,september,Dry Van,293.4,727.52,696.8904777681116,721.0826760425073,708.9865769053094,18.533423094690534
TR-041950,2025-09-22,september,Dry Van,3082.1,5484.51,5458.333082155284,5476.615435943897,5467.47425904959,17.0357409504104
TR-041951,2025-09-22,september,Dry Van,2080.8,4080.13,4004.384819643215,3942.4151603607484,3973.3999900019817,106.73000999801843
TR-041952,2025-09-22,september,Dry Van,1308.4,2566.19,2597.541701946788,2573.7990167536245,2585.670359350206,19.480359350206072
TR-041953,2025-09-22,september,Dry Van,1929.1,3686.09,3833.2838426799203,3859.570280305746,3846.427061492833,160.33706149283307
TR-041954,2025-09-22,september,Reefer,862.1,2079.7,2111.093536153901,2076.5876583570725,2093.8405972554865,14.140597255486682
TR-041955,2025-09-22,september,Reefer,2143.2,4598.86,4377.081534363391,4477.5517201553885,4427.31662725939,171.5433727406098
TR-041956,2025-09-22,september,Dry Van,739.4,1533.36,1527.1508862772607,1481.3320923347528,1504.2414893060068,29.11851069399313
TR-041957,2025-09-23,september,Dry Van,331.8,790.81,772.7832985378622,807.357984910984,790.070641724423,0.739358275576933
TR-041958,2025-09-23,september,Dry Van,3239.8,5667.22,5618.8589889930345,5533.753724315384,5576.30635665421,90.91364334579066
TR-041959,2025-09-23,september,Dry Van,1253.6,2482.03,2565.2888169019207,2487.8805850383346,2526.5847009701274,44.554700970127215
TR-041960,2025-09-23,september,Flatbed,1320.1,2799.55,2648.936747897925,2663.329869612947,2656.133308755436,143.4166912445644
TR-041961,2025-09-23,september,Flatbed,624.2,1557.88,1532.9068792495611,1492.912074847849,1512.909477048705,44.97052295129515
TR-041962,2025-09-23,september,Dry Van,555.0,1190.7,1133.7939479906,1154.6343779201252,1144.2141629553626,46.48583704463749
TR-041963,2025-09-23,september,Reefer,1240.6,3022.15,2788.9789911990397,2830.9208474366383,2809.949919317839,212.20008068216111
TR-041964,2025-09-23,september,Dry Van,1628.8,3231.74,3174.5879677905496,3164.052825726715,3169.3203967586323,62.41960324136744
TR-041965,2025-09-23,september,Dry Van,543.5,1124.33,1087.5837080543115,1103.301641881686,1095.4426749679988,28.887325032001172
TR-041966,2025-09-23,september,Dry Van,288.5,724.44,705.3789581909762,731.4651686183213,718.4220634046487,6.01793659535133
TR-041967,2025-09-23,september,Dry Van,815.9,1739.85,1680.3801680166632,1609.4734936789007,1644.926830847782,94.92316915221795
TR-041968,2025-09-23,september,Dry Van,223.8,592.8,562.9435651356916,624.8261529818637,593.8848590587777,1.084859058777738
TR-041969,2025-09-23,september,Flatbed,1117.5,2522.33,2495.637504789632,2393.7291428315516,2444.683323810592,77.64667618940803
TR-041970,2025-09-23,september,Dry Van,776.2,1509.49,1450.4575404534526,1469.2276342445998,1459.8425873490262,49.64741265097382
TR-041971,2025-09-23,september,Dry Van,2552.1,4756.46,4647.284869955173,4650.606770835739,4648.945820395456,107.51417960454364
TR-041972,2025-09-23,september,Flatbed,1946.5,4177.12,3874.6081542709435,3880.481505751994,3877.5448300114685,299.57516998853134
TR-041973,2025-09-23,september,Dry Van,967.4,1885.76,1869.3453989039,1843.0170564442478,1856.1812276740739,29.57877232592614
TR-041974,2025-09-23,september,Reefer,2155.7,4776.1,4507.991092765679,4539.237581682353,4523.614337224017,252.48566277598366
TR-041975,2025-09-23,september,Dry Van,1280.2,2635.86,2574.815136850669,2577.8532761785764,2576.3342065146226,59.52579348537756
TR-041976,2025-09-23,september,Dry Van,751.1,1653.44,1586.4234919515193,1582.1604793295055,1584.2919856405124,69.14801435948766
TR-041977,2025-09-23,september,Flatbed,189.9,522.62,506.84553123565627,486.783147516883,496.81433937626963,25.805660623730375
TR-041978,2025-09-23,september,Dry Van,839.4,1787.64,1727.1749145296126,1721.0732103104067,1724.1240624200095,63.51593757999058
TR-041979,2025-09-23,september,Dry Van,784.3,1542.61,1500.1257352111372,1470.6278182337107,1485.376776722424,57.23322327757592
TR-041980,2025-09-23,september,Dry Van,2410.2,4533.05,4479.856270689792,4415.2336834757325,4447.544977082762,85.50502291723842
TR-041981,2025-09-23,september,Flatbed,798.7,1883.24,1804.42200711054,1801.3394226718137,1802.880714891177,80.35928510882309
TR-041982,2025-09-23,september,Dry Van,1432.2,2810.7,2659.746164840719,2724.271724384796,2692.0089446127577,118.69105538724216
TR-041983,2025-09-23,september,Reefer,1185.8,2838.34,2715.089358535463,2756.3720948959344,2735.7307267156984,102.60927328430171
TR-041984,2025-09-23,september,Reefer,631.2,1638.9,1622.9606179863395,1535.6162890920607,1579.2884535392,59.61154646080013
TR-041985,2025-09-23,september,Dry Van,1022.1,2047.55,2044.8489838096284,2063.042865248439,2053.9459245290336,6.395924529033664
TR-041986,2025-09-23,september,Reefer,569.0,1398.71,1363.6919850312345,1306.1468326630911,1334.9194088471627,63.79059115283735
TR-041987,2025-09-23,september,Dry Van,1230.8,711.03,2366.3766773391244,2356.2628566815656,2361.319767010345,1650.289767010345
TR-041988,2025-09-23,september,Dry Van,551.1,1228.36,1197.832320100778,1179.5835480771448,1188.7079340889613,39.65206591103856
TR-041989,2025-09-23,september,Dry Van,240.3,595.46,582.1258445150506,575.3589632095775,578.7424038623141,16.717596137685973
TR-041990,2025-09-23,september,Dry Van,1028.7,2231.13,2158.9073303187706,2144.0800867852204,2151.4937085519955,79.63629144800461
TR-041991,2025-09-23,september,Dry Van,287.3,742.69,727.7125821691552,795.7360686716952,761.7243254204252,19.034325420425148
TR-041992,2025-09-23,september,Dry Van,285.4,705.08,686.4434051165632,697.9928462617968,692.2181256891799,12.861874310820099
TR-041993,2025-09-23,september,Reefer,241.8,646.86,580.3170512303108,644.275403799784,612.2962275150473,34.563772484952665
TR-041994,2025-09-23,september,Dry Van,1945.0,3862.09,3786.457102493859,3762.9395085861834,3774.6983055400215,87.39169445997868
TR-041995,2025-09-23,september,Dry Van,167.9,435.27,426.4396990671798,466.62222752905177,446.5309632981158,11.260963298115826
TR-041996,2025-09-23,september,Dry Van,1185.9,2309.76,2211.822942256836,2304.260430991954,2258.041686624395,51.71831337560525
TR-041997,2025-09-23,september,Reefer,2487.2,5088.19,4850.584626458867,4863.996054698592,4857.290340578729,230.89965942127037
TR-041998,2025-09-23,september,Flatbed,1851.2,3994.83,3701.959407488891,3616.461766607684,3659.2105870482874,335.61941295171255
TR-041999,2025-09-23,september,Dry Van,1227.9,2388.93,2428.392876103531,2354.930840231371,2391.661858167451,2.7318581674512643
TR-042000,2025-09-23,september,Dry Van,538.7,1101.11,1092.4762340616085,1102.4346466168886,1097.4554403392485,3.6545596607513744
TR-042001,2025-09-23,september,Reefer,1880.3,4155.43,3871.1030071337264,3888.65554111935,3879.879274126538,275.5507258734624
TR-042002,2025-09-23,september,Reefer,1667.2,3432.98,3317.9255214723253,3335.6557810238105,3326.7906512480677,106.18934875193236
TR-042003,2025-09-23,september,Flatbed,626.2,1563.76,1539.6143418374468,1479.6536575913601,1509.6339997144034,54.12600028559655
TR-042004,2025-09-23,september,Dry Van,1707.7,3380.49,3301.4151726523,3226.1926012476843,3263.8038869499924,116.6861130500074
TR-042005,2025-09-23,september,Reefer,390.6,1098.56,1054.772944214432,1041.5609801284368,1048.1669621714345,50.39303782856541
TR-042006,2025-09-23,september,Dry Van,1181.8,2277.98,2124.5002236919363,2222.145068687788,2173.322646189862,104.65735381013792
TR-042007,2025-09-23,september,Dry Van,3215.7,5683.63,5500.1440492009115,5509.309748199992,5504.726898700452,178.90310129954833
TR-042008,2025-09-23,september,Reefer,1048.6,2337.12,2299.9113246460743,2281.6440169739667,2290.7776708100205,46.34232918997941
TR-042009,2025-09-23,september,Dry Van,2073.6,3369.41,3220.740536446524,3526.6436659907745,3373.6921012186494,4.282101218649586
TR-042010,2025-09-23,september,Flatbed,1661.5,3638.32,3415.020670455548,3516.68475390213,3465.8527121788393,172.46728782116088
TR-042011,2025-09-23,september,Reefer,2079.9,4202.91,4078.286192116081,4149.315303221909,4113.8007476689945,89.10925233100534
TR-042012,2025-09-23,september,Dry Van,2615.8,4581.19,4531.045968871822,4482.855966235117,4506.95096755347,74.23903244652956
TR-042013,2025-09-23,september,Reefer,1168.3,2736.4,2621.734529575823,2638.410056265818,2630.0722929208205,106.32770707917962
TR-042014,2025-09-23,september,Dry Van,835.6,1738.09,1707.2717611542353,1709.7896662739986,1708.530713714117,29.55928628588299
TR-042015,2025-09-23,september,Dry Van,768.8,1660.43,1641.904820014531,1608.6397359568407,1625.2722779856858,35.15772201431423
TR-042016,2025-09-23,september,Reefer,2135.7,4842.97,4393.556798077229,4480.863186248314,4437.209992162772,405.76000783722793
TR-042017,2025-09-23,september,Dry Van,298.4,731.1,716.1981476540889,720.2265751617817,718.2123614079353,12.887638592064718
TR-042018,2025-09-23,september,Dry Van,560.8,1227.42,1160.961798574864,1189.2696675983948,1175.1157330866295,52.30426691337061
TR-042019,2025-09-23,september,Reefer,1812.1,3958.1,3754.9597466245664,3844.696647130795,3799.828196877681,158.27180312231894
TR-042020,2025-09-23,september,Dry Van,979.8,2009.54,2002.9932034304802,2045.3601935528427,2024.1766984916615,14.636698491661491
TR-042021,2025-09-23,september,Flatbed,749.0,1774.47,1751.339522270279,1719.7655491808036,1735.5525357255415,38.91746427445855
TR-042022,2025-09-23,september,Dry Van,2404.8,4600.17,4357.324999046144,4405.124031978325,4381.224515512235,218.9454844877655
TR-042023,2025-09-23,september,Dry Van,2335.7,4515.31,4316.975876378689,4367.691385139847,4342.333630759267,172.97636924073322
TR-042024,2025-09-23,september,Dry Van,1187.7,2254.26,2188.971066053304,2244.858242865085,2216.9146544591945,37.34534554080574
TR-042025,2025-09-23,september,Reefer,871.6,2018.27,2061.502854204829,2028.6933523721088,2045.0981032884688,26.82810328846881
TR-042026,2025-09-23,september,Reefer,1848.3,4140.09,3926.6946759057,3965.33170780187,3946.013191853785,194.07680814621517
TR-042027,2025-09-23,september,Dry Van,1849.5,3530.8,3546.1480112327877,3506.3784152712824,3526.263213252035,4.53678674796538
TR-042028,2025-09-23,september,Reefer,2251.9,4814.82,4536.0753529067215,4576.679251352209,4556.3773021294655,258.4426978705342
TR-042029,2025-09-23,september,Flatbed,743.8,1666.44,1576.6212736818509,1571.0952759305333,1573.8582748061922,92.58172519380787
TR-042030,2025-09-23,september,Reefer,962.2,2350.24,2271.435989096341,2256.837605908151,2264.136797502246,86.10320249775395
TR-042031,2025-09-23,september,Dry Van,306.4,759.16,733.3401230632198,761.2393556145842,747.289739338902,11.870260661097973
TR-042032,2025-09-23,september,Flatbed,2321.3,5033.39,4530.060328556788,4529.750147471354,4529.905238014071,503.48476198592925
TR-042033,2025-09-23,september,Reefer,737.8,322.34,1690.7411897483432,1691.7376360031708,1691.239412875757,1368.899412875757
TR-042034,2025-09-23,september,Dry Van,3145.4,5577.48,5495.259423364126,5550.6831184180555,5522.97127089109,54.50872910890939
TR-042035,2025-09-23,september,Flatbed,2193.8,4438.72,4122.598070638447,4164.495755091044,4143.5469128647455,295.1730871352547
TR-042036,2025-09-23,september,Dry Van,1903.5,3727.19,3650.952130579956,3634.643064258385,3642.7975974191704,84.39240258082964
TR-042037,2025-09-23,september,Dry Van,660.6,1343.64,1320.6866215355396,1306.494458312049,1313.5905399237943,30.049460076205833
TR-042038,2025-09-23,september,Dry Van,752.4,1564.53,1494.6979071163921,1505.933471624223,1500.3156893703076,64.21431062969236
TR-042039,2025-09-23,september,Reefer,694.5,1745.08,1716.0549253585014,1649.4810951188274,1682.7680102386644,62.31198976133555
TR-042040,2025-09-23,september,Dry Van,167.6,436.33,431.8367966672454,470.93374670890285,451.3852716880741,15.055271688074129
TR-042041,2025-09-23,september,Flatbed,372.8,997.52,945.6403768141245,944.2386649982798,944.9395209062021,52.58047909379786
TR-042042,2025-09-23,september,Flatbed,2973.8,6078.29,5574.234375530738,5717.022164245773,5645.628269888255,432.6617301117449
TR-042043,2025-09-23,september,Reefer,811.5,1980.66,1998.8044687816953,1974.8084631050422,1986.8064659433687,6.146465943368639
TR-042044,2025-09-23,september,Dry Van,2078.0,4012.31,3992.8938768964567,3932.9413896435617,3962.917633270009,49.392366729990954
TR-042045,2025-09-23,september,Reefer,149.7,436.95,406.80737445294335,463.81539739545474,435.31138592419904,1.6386140758009446
TR-042046,2025-09-23,september,Dry Van,193.5,509.49,511.1335094470012,559.8590973716498,535.4963034093255,26.006303409325483
TR-042047,2025-09-23,september,Flatbed,852.0,2050.84,2087.2587752402324,2022.8236779782812,2055.0412266092567,4.201226609256537
TR-042048,2025-09-23,september,Dry Van,427.6,997.19,960.6659331158836,970.2545128184195,965.4602229671516,31.72977703284846
TR-042049,2025-09-23,september,Dry Van,422.1,1068.01,1043.7595920081244,1046.572661798189,1045.1661269031567,22.843873096843254
TR-042050,2025-09-23,september,Flatbed,371.7,943.32,886.60863387408,900.8282038599355,893.7184188670078,49.60158113299224
TR-042051,2025-09-23,september,Dry Van,1045.7,2090.75,2090.1565286601467,2086.0314087565635,2088.093968708355,2.656031291644922
TR-042052,2025-09-23,september,Reefer,76.5,269.11,268.98669653353585,448.88546607624744,358.9360813048917,89.82608130489166
TR-042053,2025-09-23,september,Dry Van,703.5,1458.41,1446.6356344371163,1453.2684755382174,1449.952054987667,8.457945012333084
TR-042054,2025-09-23,september,Dry Van,383.1,893.07,875.0953417464528,881.534472867949,878.3149073072009,14.755092692799167
TR-042055,2025-09-23,september,Reefer,2245.8,4756.33,4445.638914936256,4550.416148186909,4498.027531561582,258.30246843841815
TR-042056,2025-09-23,september,Dry Van,468.4,1079.12,1076.5019012230125,1076.2963829141586,1076.3991420685857,2.72085793141423
TR-042057,2025-09-23,september,Dry Van,1201.2,2323.37,2294.3539207027934,2323.4066563148203,2308.880288508807,14.489711491192793
TR-042058,2025-09-23,september,Flatbed,1292.5,2936.24,2751.6999199712877,2749.345278794146,2750.522599382717,185.7174006172827
TR-042059,2025-09-23,september,Flatbed,497.9,1268.05,1226.6807822306637,1220.54079725073,1223.6107897406969,44.43921025930308
TR-042060,2025-09-23,september,Flatbed,699.6,1705.42,1661.537605222289,1580.7803385869086,1621.1589719045987,84.26102809540134
TR-042061,2025-09-23,september,Dry Van,1569.4,3196.74,3081.32668399414,3161.948615462415,3121.637649728277,75.10235027172257
TR-042062,2025-09-23,september,Dry Van,3092.3,5914.46,5523.851971564363,5664.219372695723,5594.035672130043,320.42432786995687
TR-042063,2025-09-23,september,Flatbed,543.7,1338.37,1277.3173133363814,1237.9266810370018,1257.6219971866917,80.74800281330818
TR-042064,2025-09-23,september,Dry Van,377.8,887.15,859.1732940840673,875.8802171462607,867.526755615164,19.62324438483597
TR-042065,2025-09-23,september,Reefer,982.2,2179.55,2280.1023124745234,2216.8676250589233,2248.4849687667233,68.93496876672316
TR-042066,2025-09-23,september,Dry Van,1237.7,2404.05,2327.880232519362,2326.3449413664903,2327.112586942926,76.93741305707408
TR-042067,2025-09-23,september,Dry Van,489.6,1083.45,1032.3703106509165,1004.3668082044713,1018.368559427694,65.08144057230606
TR-042068,2025-09-23,september,Reefer,1640.8,3650.77,3374.4301759961813,3476.4812013749115,3425.455688685546,225.3143113144538
TR-042069,2025-09-23,september,Dry Van,909.0,1876.04,1840.900808101681,1821.4161896220814,1831.158498861881,44.88150113811889
TR-042070,2025-09-23,september,Dry Van,651.2,1414.99,1400.3511536571489,1406.2602006312036,1403.3056771441761,11.684322855823893
TR-042071,2025-09-23,september,Dry Van,2398.6,4273.9,4273.156116611662,4234.46664086443,4253.811378738046,20.08862126195345
TR-042072,2025-09-23,september,Flatbed,562.1,1392.01,1358.3437923861788,1312.528612113527,1335.436202249853,56.57379775014692
TR-042073,2025-09-23,september,Flatbed,748.4,1871.4,1872.9247226819089,1777.5394040114618,1825.2320633466852,46.16793665331488
TR-042074,2025-09-23,september,Dry Van,1312.0,2687.38,2608.053310600027,2627.2268467883932,2617.6400786942104,69.73992130578972
TR-042075,2025-09-23,september,Flatbed,1151.8,2666.89,2493.9365403396823,2465.1710545339583,2479.5537974368203,187.33620256317954
TR-042076,2025-09-23,september,Reefer,1950.5,4386.65,4073.0190105404536,4133.999141365192,4103.509075952823,283.14092404717667
TR-042077,2025-09-23,september,Flatbed,1192.4,2664.59,2520.850489752238,2534.8765871988467,2527.8635384755426,136.7264615244576
TR-042078,2025-09-23,september,Dry Van,2267.9,3938.41,3944.8390060814995,3905.687753470533,3925.2633797760163,13.146620223983518
TR-042079,2025-09-23,september,Dry Van,2670.9,4537.16,4583.41696842198,4467.678830748885,4525.547899585432,11.612100414567976
TR-042080,2025-09-23,september,Dry Van,307.9,745.34,718.2356141990502,741.8967459018854,730.0661800504679,15.27381994953214
TR-042081,2025-09-23,september,Flatbed,2131.7,4440.3,4193.219985265544,4265.186507151362,4229.2032462084535,211.0967537915467
TR-042082,2025-09-23,september,Dry Van,1202.1,2524.09,2493.665880781439,2475.5873807043845,2484.6266307429114,39.46336925708874
TR-042083,2025-09-23,september,Dry Van,508.5,1080.84,1052.991054918815,1062.7883805588099,1057.8897177388126,22.95028226118734
TR-042084,2025-09-23,september,Dry Van,1071.8,2189.11,2154.1701567565547,2147.303540447695,2150.736848602125,38.37315139787506
TR-042085,2025-09-23,september,Dry Van,2118.2,3963.65,3948.389671878684,3923.733997583253,3936.0618347309683,27.588165269031833
TR-042086,2025-09-23,september,Dry Van,990.4,2167.86,2136.3480271225208,2028.500714967,2082.4243710447604,85.43562895523974
TR-042087,2025-09-23,september,Reefer,648.3,1554.02,1532.668114542132,1517.5421510840151,1525.1051328130734,28.914867186926585
TR-042088,2025-09-23,september,Dry Van,977.7,2039.75,1987.3936491937873,1985.0897839467002,1986.2417165702436,53.508283429756375
TR-042089,2025-09-23,september,Dry Van,994.2,2024.17,1970.0263807976917,1966.0936224800137,1968.0600016388526,56.10999836114752
TR-042090,2025-09-23,september,Reefer,221.7,681.2,676.815961775618,745.0011411514608,710.9085514635394,29.70855146353938
TR-042091,2025-09-23,september,Dry Van,420.7,890.9,987.811806866153,908.8799499726524,948.3458784194027,57.445878419402675
TR-042092,2025-09-23,september,Reefer,2465.7,5471.67,5104.222816101499,5019.52471400625,5061.873765053875,409.79623494612497
TR-042093,2025-09-23,september,Dry Van,240.8,590.75,577.6509275520727,578.8265804887144,578.2387540203936,12.511245979606429
TR-042094,2025-09-23,september,Dry Van,419.5,873.95,883.1142383702302,889.6367868459322,886.3755126080812,12.425512608081135
TR-042095,2025-09-23,september,Flatbed,2023.4,4339.94,4091.2172731787196,4121.363485557931,4106.290379368325,233.64962063167422
TR-042096,2025-09-23,september,Flatbed,3077.1,6219.04,5701.927248859569,5848.6382017549095,5775.282725307239,443.7572746927608
TR-042097,2025-09-23,september,Dry Van,1405.0,2723.7,2673.82299994488,2743.2190335536798,2708.5210167492796,15.178983250720194
TR-042098,2025-09-23,september,Dry Van,758.0,1592.93,1582.685469029727,1572.683678852905,1577.684573941316,15.245426058683961
TR-042099,2025-09-23,september,Reefer,686.8,1570.77,1522.2431695402317,1513.607231102348,1517.9252003212898,52.84479967871016
TR-042100,2025-09-23,september,Reefer,180.5,559.36,510.37949536934224,707.2231678421883,608.8013316057653,49.4413316057653
TR-042101,2025-09-23,september,Dry Van,2355.7,4467.36,4349.247122466101,4312.180061459132,4330.713591962616,136.64640803738348
TR-042102,2025-09-23,september,Dry Van,1305.1,2608.57,2519.9651433123286,2535.3808907726343,2527.6730170424817,80.8969829575185
TR-042103,2025-09-23,september,Dry Van,746.9,1457.22,1429.5728051563094,1453.750882080545,1441.6618436184272,15.558156381572871
TR-042104,2025-09-23,september,Reefer,430.0,1213.26,1148.9620585947346,1153.5668698657119,1151.2644642302232,61.99553576977678
TR-042105,2025-09-24,september,Dry Van,941.0,1858.56,1765.766486531492,1762.7510580015148,1764.2587722665035,94.30122773349649
TR-042106,2025-09-24,september,Reefer,649.3,1640.99,1648.6304978587523,1600.4950004168888,1624.5627491378204,16.427250862179562
TR-042107,2025-09-24,september,Flatbed,308.4,831.82,785.0505857045523,765.8708576329914,775.4607216687718,56.35927833122821
TR-042108,2025-09-24,september,Dry Van,2312.2,4344.78,4269.096372073648,4258.3598563641435,4263.728114218896,81.05188578110392
TR-042109,2025-09-24,september,Dry Van,2844.4,5375.13,5126.417430220794,5192.73394514865,5159.575687684722,215.55431231527837
TR-042110,2025-09-24,september,Dry Van,1690.2,3243.45,3119.3388305132303,3186.7367840576007,3153.0378072854155,90.41219271458431
TR-042111,2025-09-24,september,Reefer,165.0,486.64,487.05737979160267,524.6645732524025,505.8609765220026,19.220976522002616
TR-042112,2025-09-24,september,Flatbed,1142.8,2421.53,2318.677025935487,2289.2815062666896,2303.9792661010883,117.55073389891186
TR-042113,2025-09-24,september,Dry Van,303.5,774.12,750.4667405569776,739.7232916217113,745.0950160893444,29.02498391065558
TR-042114,2025-09-24,september,Flatbed,2197.4,4504.8,4182.845026110485,4309.44598256137,4246.145504335927,258.6544956640728
TR-042115,2025-09-24,september,Flatbed,319.0,872.42,813.5603942878471,818.9399621039615,816.2501781959043,56.169821804095704
TR-042116,2025-09-24,september,Reefer,356.6,965.6,950.0796105747855,927.7803810267187,938.9299958007521,26.670004199247956
TR-042117,2025-09-24,september,Reefer,1659.8,3812.94,3580.1828561697303,3634.425292151014,3607.3040741603722,205.63592583962782
TR-042118,2025-09-24,september,Dry Van,300.0,765.42,730.8595068896973,790.225079558797,760.5422932242471,4.877706775752813
TR-042119,2025-09-24,september,Dry Van,2724.3,4913.77,4721.9997860779395,4848.742797159373,4785.371291618656,128.39870838134448
TR-042120,2025-09-24,september,Reefer,793.7,1907.82,1856.8149100252654,1833.6045108362862,1845.2097104307759,62.61028956922405
TR-042121,2025-09-24,september,Dry Van,2461.9,4576.82,4554.562568941625,4423.617527697296,4489.09004831946,87.72995168053967
TR-042122,2025-09-24,september,Dry Van,480.8,1075.11,1055.5190797448681,1028.7342036217515,1042.1266416833098,32.9833583166901
TR-042123,2025-09-24,september,Dry Van,1790.8,3454.06,3457.9789408495735,3367.5680517669275,3412.7734963082503,41.28650369174966
TR-042124,2025-09-24,september,Dry Van,1763.2,3492.43,3388.075086342733,3373.901637472526,3380.9883619076295,111.44163809237034
TR-042125,2025-09-24,september,Dry Van,1006.8,2006.15,2015.1883479792048,2027.3043660644248,2021.2463570218147,15.096357021814583
TR-042126,2025-09-24,september,Dry Van,1074.8,2311.97,2189.5555842283566,2202.6845172076128,2196.1200507179847,115.84994928201513
TR-042127,2025-09-24,september,Reefer,2886.3,5685.16,5458.649288069376,5390.784017118138,5424.716652593757,260.44334740624254
TR-042128,2025-09-24,september,Dry Van,766.4,1647.88,1611.3990723905686,1574.891029105257,1593.1450507479128,54.73494925208729
TR-042129,2025-09-24,september,Reefer,1082.8,2493.63,2458.38684888496,2451.300422719352,2454.843635802156,38.78636419784425
TR-042130,2025-09-24,september,Flatbed,1170.4,2740.24,2589.1320299387644,2570.038573238278,2579.5853015885214,160.65469841147842
TR-042131,2025-09-24,september,Dry Van,1711.9,3225.05,3225.708431851056,3195.9394082491685,3210.823920050112,14.226079949888117
TR-042132,2025-09-24,september,Dry Van,487.3,1140.94,1067.3964689450695,1065.3196819177592,1066.3580754314144,74.58192456858569
TR-042133,2025-09-24,september,Dry Van,2277.8,4050.11,4072.0561820449734,4004.5053117944353,4038.280746919704,11.829253080295985
TR-042134,2025-09-24,september,Dry Van,666.4,1500.33,1433.8170711160792,1440.5250337747489,1437.171052445414,63.15894755458589
TR-042135,2025-09-24,september,Dry Van,2238.8,4161.55,4154.32553726563,4076.1059187523592,4115.215728008995,46.33427199100515
TR-042136,2025-09-24,september,Reefer,813.0,2029.71,2111.624893684008,2058.7915080243474,2085.2082008541774,55.49820085417741
TR-042137,2025-09-24,september,Dry Van,845.7,1841.47,1795.7843323765521,1792.1084876224822,1793.946409999517,47.523590000482955
TR-042138,2025-09-24,september,Dry Van,1168.0,2411.4,2427.9613718110445,2370.8959812602916,2399.4286765356683,11.971323464331817
TR-042139,2025-09-24,september,Reefer,976.7,2419.53,2296.2660220485636,2251.843923782103,2274.0549729153336,145.47502708466664
TR-042140,2025-09-24,september,Dry Van,1070.0,2179.13,2180.7674144460966,2171.484050040399,2176.1257322432475,3.004267756752597
TR-042141,2025-09-24,september,Dry Van,1535.5,3015.19,2924.5528273728733,2850.5094814515314,2887.5311544122023,127.65884558779771
TR-042142,2025-09-24,september,Flatbed,1227.1,2935.55,2737.5090196505807,2737.7188781543273,2737.613948902454,197.93605109754617
TR-042143,2025-09-24,september,Dry Van,1779.8,3418.66,3367.391204153228,3309.253946287299,3338.3225752202634,80.33742477973647
TR-042144,2025-09-24,september,Dry Van,2419.9,4715.78,4535.498483107976,4518.678309263321,4527.088396185649,188.69160381435086
TR-042145,2025-09-24,september,Flatbed,1826.4,4088.47,3818.303710689789,3910.111684900984,3864.2076977953866,224.2623022046132
TR-042146,2025-09-24,september,Dry Van,1786.5,3505.47,3431.4587235663694,3335.978312710684,3383.7185181385266,121.75148186147317
TR-042147,2025-09-24,september,Dry Van,2773.7,5063.42,4941.036020985375,4913.095684296324,4927.06585264085,136.35414735915037
TR-042148,2025-09-24,september,Flatbed,2117.6,4446.28,4038.344403576397,4134.819481211589,4086.581942393993,359.69805760600684
TR-042149,2025-09-24,september,Dry Van,812.8,1733.22,1673.9736517994456,1628.0640378028938,1651.0188448011697,82.20115519883029
TR-042150,2025-09-24,september,Dry Van,1415.5,13026.22,2873.207087587355,2733.875101867421,2803.541094727388,10222.67890527261
TR-042151,2025-09-24,september,Flatbed,2728.7,5884.52,5336.266470994168,5302.78459486734,5319.525532930755,564.9944670692457
TR-042152,2025-09-24,september,Dry Van,984.2,2109.73,2017.7890800264927,1990.7141429325432,2004.251611479518,105.47838852048199
TR-042153,2025-09-24,september,Reefer,2126.3,4373.32,4228.180975699897,4227.079103015571,4227.630039357734,145.68996064226576
TR-042154,2025-09-24,september,Dry Van,1102.3,2231.28,2191.314745567739,2231.9511880399286,2211.632966803834,19.647033196166376
TR-042155,2025-09-24,september,Dry Van,2743.0,4987.73,4904.438114897942,4804.435316139554,4854.436715518748,133.29328448125125
TR-042156,2025-09-24,september,Flatbed,943.3,2100.75,1997.850060182628,1999.4453458580047,1998.6477030203164,102.10229697968362
TR-042157,2025-09-24,september,Reefer,1188.7,2762.46,2717.0649714497076,2742.5311981039667,2729.798084776837,32.66191522316285
TR-042158,2025-09-24,september,Reefer,2123.5,5117.77,4554.129891048519,4537.940282052007,4546.035086550263,571.7349134497372
TR-042159,2025-09-24,september,Flatbed,427.6,1163.04,1094.676044240441,1089.365418757458,1092.0207314989493,71.01926850105065
TR-042160,2025-09-24,september,Dry Van,3104.3,5724.44,5549.889979932205,5685.6109448755715,5617.750462403888,106.68953759611122
TR-042161,2025-09-24,september,Dry Van,433.0,1018.98,962.6567642806369,959.57708630007,961.1169252903535,57.863074709646526
TR-042162,2025-09-24,september,Flatbed,181.6,564.94,516.317910738725,590.7714488255115,553.5446797821182,11.395320217881817
TR-042163,2025-09-24,september,Dry Van,370.6,926.75,899.2834743807091,901.5572403047915,900.4203573427503,26.32964265724968
TR-042164,2025-09-24,september,Dry Van,1440.2,2891.9,2710.969452733377,2742.5739697202034,2726.77171122679,165.12828877321
TR-042165,2025-09-24,september,Dry Van,772.7,1573.33,1497.2737598215392,1505.0635708024975,1501.1686653120182,72.16133468798171
TR-042166,2025-09-24,september,Reefer,181.9,562.12,525.487397102712,688.8231724872753,607.1552847949936,45.03528479499357
TR-042167,2025-09-24,september,Reefer,740.7,1761.53,1696.853214975758,1675.2959577446754,1686.0745863602167,75.45541363978327
TR-042168,2025-09-24,september,Dry Van,1616.7,3178.09,3168.4329713419984,3141.2192264887676,3154.826098915383,23.26390108461692
TR-042169,2025-09-24,september,Dry Van,2081.1,4088.81,3951.04668985917,3958.269621347612,3954.6581556033907,134.15184439660925
TR-042170,2025-09-24,september,Reefer,914.0,2056.92,1972.676341130192,1960.3284032820852,1966.5023722061387,90.41762779386136
TR-042171,2025-09-24,september,Flatbed,615.8,1475.32,1408.7998804974204,1371.8963736356254,1390.348127066523,84.97187293347702
TR-042172,2025-09-24,september,Reefer,1019.2,2307.45,2225.2843105657084,2286.6985239073506,2255.9914172365297,51.458582763470076
TR-042173,2025-09-24,september,Flatbed,367.9,944.09,910.4336169492257,900.7886245543398,905.6111207517827,38.47887924821737
TR-042174,2025-09-24,september,Flatbed,916.1,2244.31,2180.9490376768795,2103.764673471445,2142.356855574162,101.95314442583776
TR-042175,2025-09-24,september,Dry Van,848.4,1812.97,1705.2265456955886,1739.4707860686567,1722.3486658821225,90.6213341178775
TR-042176,2025-09-24,september,Dry Van,496.3,1017.35,1034.1289856369783,1030.0277808357998,1032.078383236389,14.72838323638905
TR-042177,2025-09-24,september,Dry Van,545.9,1223.55,1228.273446107208,1232.8523532710947,1230.5628996891514,7.012899689151482
TR-042178,2025-09-24,september,Flatbed,274.5,757.04,728.7694211457623,743.6145773136932,736.1919992297278,20.848000770272165
TR-042179,2025-09-24,september,Flatbed,918.6,2187.59,2068.110001994019,2051.672161778588,2059.8910818863033,127.69891811369689
TR-042180,2025-09-24,september,Dry Van,2266.7,4031.66,4048.3394107614185,3956.5002487596703,4002.4198297605444,29.240170239455438
TR-042181,2025-09-24,september,Dry Van,378.2,892.63,873.2218632077911,895.1392316493993,884.1805474285952,8.449452571404777
TR-042182,2025-09-24,september,Flatbed,508.7,1257.54,1216.52000184272,1210.3163839766967,1213.4181929097083,44.12180709029167
TR-042183,2025-09-24,september,Dry Van,712.5,1578.48,1509.285229015695,1503.9177806499824,1506.6015048328386,71.87849516716142
TR-042184,2025-09-24,september,Flatbed,911.0,2122.13,2085.9062202675395,2017.3604422362769,2051.633331251908,70.4966687480919
TR-042185,2025-09-24,september,Reefer,2146.3,4599.91,4415.550406399516,4505.346962713551,4460.448684556533,139.46131544346645
TR-042186,2025-09-24,september,Dry Van,3161.7,5692.34,5222.843482516902,5138.028474268676,5180.435978392789,511.9040216072108
TR-042187,2025-09-24,september,Dry Van,1148.4,2230.17,2204.939122650347,2263.0686275421713,2234.0038750962594,3.833875096259362
TR-042188,2025-09-24,september,Reefer,922.4,2184.86,2167.636887645605,2123.1928178785315,2145.414852762068,39.445147237931906
TR-042189,2025-09-24,september,Flatbed,1233.5,2740.72,2655.8970535684484,2694.0590194228603,2674.978036495654,65.74196350434568
TR-042190,2025-09-24,september,Dry Van,978.4,1888.07,1860.1975623929418,1865.267956049691,1862.7327592213164,25.33724077868351
TR-042191,2025-09-24,september,Dry Van,1239.1,2647.68,2581.761467353126,2571.3570790270537,2576.5592731900897,71.12072680991014
TR-042192,2025-09-24,september,Dry Van,260.9,594.17,583.0003889118914,573.9110920256574,578.4557404687744,15.714259531225593
TR-042193,2025-09-24,september,Dry Van,1068.2,2258.15,2239.721641861129,2259.3056370188306,2249.5136394399797,8.636360560020421
TR-042194,2025-09-24,september,Flatbed,2098.0,4305.47,3972.413922319501,3977.2741532496575,3974.844037784579,330.62596221542117
TR-042195,2025-09-24,september,Dry Van,2865.1,4852.12,4865.918609850211,4953.871040459786,4909.894825154999,57.774825154999235
TR-042196,2025-09-24,september,Reefer,73.4,243.49,246.01755801327232,457.3400562390916,351.67880712618194,108.18880712618193
TR-042197,2025-09-24,september,Flatbed,794.8,1892.2,1820.6791290449978,1826.2492116692915,1823.4641703571447,68.73582964285538
TR-042198,2025-09-24,september,Dry Van,1174.3,2316.44,2325.7914303829725,2307.2116150141646,2316.501522698569,0.061522698568751366
TR-042199,2025-09-24,september,Dry Van,507.2,1155.97,1141.1006315000843,1126.0573591184593,1133.5789953092717,22.391004690728323
TR-042200,2025-09-24,september,Reefer,1998.7,4488.03,4195.260676132941,4268.076761407949,4231.668718770445,256.36128122955506
TR-042201,2025-09-24,september,Flatbed,541.4,1357.36,1317.1106653888708,1271.812827810846,1294.4617465998585,62.89825340014136
TR-042202,2025-09-24,september,Dry Van,868.1,1715.81,1634.0631609441903,1656.8191866996854,1645.4411738219378,70.36882617806214
TR-042203,2025-09-24,september,Dry Van,2088.1,4171.88,4030.05323698129,3975.3657093055663,4002.709473143428,169.170526856572
TR-042204,2025-09-24,september,Flatbed,2868.2,6023.57,5512.094695695683,5666.099455756086,5589.097075725885,434.47292427411503
TR-042205,2025-09-24,september,Dry Van,836.5,1682.87,1621.4047470276714,1687.805635006493,1654.6051910170822,28.264808982917657
TR-042206,2025-09-24,september,Reefer,422.6,1167.82,1130.1269493385712,1113.4215154391763,1121.7742323888738,46.045767611126166
TR-042207,2025-09-24,september,Dry Van,2894.4,5177.62,5217.749590782342,5118.942791784149,5168.346191283246,9.273808716753592
TR-042208,2025-09-24,september,Dry Van,302.8,805.16,775.5731896594153,826.1200864836383,800.8466380715267,4.313361928473228
TR-042209,2025-09-24,september,Dry Van,170.7,447.62,443.0623595222102,479.2899720238263,461.1761657730183,13.556165773018279
TR-042210,2025-09-24,september,Dry Van,130.7,348.52,342.34075185619463,400.06066177361845,371.20070681490654,22.680706814906557
TR-042211,2025-09-24,september,Dry Van,1745.3,3341.3,3256.805413846134,3212.951219358836,3234.878316602485,106.42168339751515
TR-042212,2025-09-24,september,Flatbed,1229.0,2766.75,2665.206613393841,2661.0477661236873,2663.127189758764,103.62281024123604
TR-042213,2025-09-24,september,Dry Van,1880.5,3547.14,3497.8924226804993,3509.5914038404553,3503.7419132604773,43.39808673952257
TR-042214,2025-09-24,september,Reefer,574.1,1407.31,1381.332882255209,1332.5629029271352,1356.9478925911721,50.3621074088278
TR-042215,2025-09-24,september,Reefer,2024.5,4228.77,4182.182621634098,4116.2268063625215,4149.20471399831,79.56528600169077
TR-042216,2025-09-24,september,Dry Van,584.2,1296.7,1245.126637920811,1223.8087712123984,1234.4677045666047,62.23229543339539
TR-042217,2025-09-24,september,Flatbed,3048.3,6474.77,5913.570848138694,6008.00066113413,5960.785754636412,513.9842453635883
TR-042218,2025-09-24,september,Flatbed,2584.6,5551.14,4930.233811687773,4961.261552384487,4945.74768203613,605.3923179638705
TR-042219,2025-09-24,september,Dry Van,421.7,1029.93,996.1947674611822,1004.0180608907239,1000.106414175953,29.823585824047086
TR-042220,2025-09-24,september,Reefer,1731.8,3775.4,3643.698341227243,3584.242807536426,3613.9705743818345,161.42942561816562
TR-042221,2025-09-24,september,Dry Van,1014.2,2032.78,1995.0298664333236,1975.6527913929,1985.3413289131117,47.438671086888235
TR-042222,2025-09-24,september,Reefer,735.4,1777.36,1803.701690552109,1758.8767373116107,1781.2892139318599,3.9292139318599766
TR-042223,2025-09-24,september,Flatbed,555.2,1369.6,1287.9992965294896,1264.716132326284,1276.3577144278868,93.24228557211313
TR-042224,2025-09-24,september,Reefer,346.5,933.03,906.0673662572,898.7954841735661,902.4314252153831,30.598574784616858
TR-042225,2025-09-24,september,Dry Van,3061.4,5431.34,5340.512207648088,5375.559144474224,5358.035676061156,73.30432393884439
TR-042226,2025-09-24,september,Dry Van,600.5,1325.03,1315.744063815682,1316.8184938758666,1316.2812788457743,8.748721154225677
TR-042227,2025-09-24,september,Reefer,1661.0,3705.15,3551.546139993319,3532.0198130674926,3541.782976530406,163.3670234695942
TR-042228,2025-09-24,september,Flatbed,879.0,2122.83,2095.6452276204404,2043.391252780584,2069.518240200512,53.311759799487845
TR-042229,2025-09-24,september,Dry Van,339.8,787.05,763.637208172503,767.0780495793636,765.3576288759333,21.692371124066653
TR-042230,2025-09-24,september,Flatbed,243.7,691.92,634.5714713917987,612.9542833175301,623.7628773546644,68.15712264533556
TR-042231,2025-09-24,september,Reefer,200.3,570.79,550.4116323472796,683.2417457138449,616.8266890305622,46.03668903056223
TR-042232,2025-09-24,september,Dry Van,1984.4,3844.53,3811.632702408999,3873.8642882840613,3842.74849534653,1.781504653470165
TR-042233,2025-09-24,september,Reefer,506.3,1335.3,1359.2531215786485,1279.1710887790634,1319.2121051788558,16.08789482114412
TR-042234,2025-09-24,september,Flatbed,3072.9,6033.69,5640.598709384554,5726.138637797159,5683.368673590857,350.3213264091428
TR-042235,2025-09-24,september,Reefer,1971.7,4417.55,4111.196907057463,4119.748161571964,4115.472534314714,302.07746568528637
TR-042236,2025-09-24,september,Dry Van,278.3,671.84,671.292464223974,663.6395763337537,667.4660202788639,4.373979721136152
TR-042237,2025-09-24,september,Reefer,1726.2,3973.01,3845.4901540176625,3854.3586077111268,3849.9243808643946,123.08561913560561
TR-042238,2025-09-24,september,Dry Van,626.3,1366.55,1364.9706613999829,1353.0972974619049,1359.0339794309439,7.5160205690560815
TR-042239,2025-09-24,september,Reefer,402.2,1106.98,1068.3564809721984,1079.8035068979639,1074.0799939350811,32.9000060649189
TR-042240,2025-09-24,september,Flatbed,1894.7,3923.25,3654.6029134011137,3738.655746745875,3696.629330073494,226.6206699265058
TR-042241,2025-09-24,september,Flatbed,2131.8,4649.34,4199.027470200656,4246.96172473719,4222.9945974689235,426.3454025310766
TR-042242,2025-09-24,september,Dry Van,2546.3,4853.02,4699.543213631095,4678.913036372693,4689.228125001893,163.79187499810723
TR-042243,2025-09-24,september,Dry Van,692.2,1615.3,1593.8621344068579,1551.2613032135557,1572.561718810207,42.73828118979304
TR-042244,2025-09-24,september,Dry Van,135.0,366.07,358.48689090262377,405.07227920181026,381.77958505221704,15.70958505221705
TR-042245,2025-09-24,september,Dry Van,373.4,858.82,843.1829202093264,855.2580467016319,849.2204834554791,9.599516544520952
TR-042246,2025-09-24,september,Dry Van,1514.6,3101.69,3103.3169114598345,3022.362838178419,3062.8398748191266,38.85012518087342
TR-042247,2025-09-24,september,Dry Van,525.7,1206.63,1198.2321487877414,1210.6065088112503,1204.4193287994958,2.2106712005042937
TR-042248,2025-09-24,september,Dry Van,1192.7,2329.37,2232.495590567657,2331.7985123469825,2282.14705145732,47.222948542680115
TR-042249,2025-09-24,september,Dry Van,1172.3,2427.31,2397.804837963802,2400.8697679952315,2399.3373029795166,27.972697020483338
TR-042250,2025-09-24,september,Dry Van,212.5,515.93,522.3762523142889,517.018018873405,519.697135593847,3.7671355938470015
TR-042251,2025-09-24,september,Dry Van,2606.7,4981.33,4728.83039760159,4773.588222544917,4751.209310073254,230.1206899267463
TR-042252,2025-09-24,september,Dry Van,1159.0,2447.3,2467.2265175224675,2425.5158224325282,2446.3711699774976,0.9288300225025523
TR-042253,2025-09-24,september,Flatbed,2284.0,4771.94,4483.918876221737,4540.078110799364,4511.998493510551,259.94150648944833
TR-042254,2025-09-24,september,Dry Van,1497.1,2881.01,2804.8592790807616,2802.306504627329,2803.5828918540456,77.42710814595466
TR-042255,2025-09-24,september,Dry Van,2929.9,5092.81,5173.067383105102,5153.793432330553,5163.430407717828,70.62040771782722
TR-042256,2025-09-24,september,Dry Van,792.6,1789.16,1761.4567958614175,1706.2039590319832,1733.8303774467004,55.329622553299714
TR-042257,2025-09-24,september,Reefer,994.1,2331.54,2243.1740045169417,2234.1634212269205,2238.6687128719313,92.87128712806862
TR-042258,2025-09-24,september,Dry Van,871.4,1886.18,1868.8101495684823,1834.0686334294805,1851.4393914989814,34.74060850101864
TR-042259,2025-09-24,september,Dry Van,1028.1,681.3,2027.3216122673878,2038.377882322488,2032.849747294938,1351.549747294938
TR-042260,2025-09-25,september,Dry Van,278.9,717.72,670.8946307051639,723.8311061597935,697.3628684324788,20.357131567521265
TR-042261,2025-09-25,september,Reefer,730.5,1756.86,1697.2105409795042,1672.8506738506912,1685.0306074150976,71.82939258490228
TR-042262,2025-09-25,september,Dry Van,1148.3,2355.19,2376.381191066798,2367.97163677705,2372.176413921924,16.98641392192394
TR-042263,2025-09-25,september,Dry Van,1338.7,2682.7,2698.3944756580922,2653.4242906922914,2675.9093831751916,6.7906168248082395
TR-042264,2025-09-25,september,Reefer,1277.3,3126.04,2902.3219319983273,2970.6129659235166,2936.467448960922,189.572551039078
TR-042265,2025-09-25,september,Reefer,2696.1,5887.74,5595.1488232696975,5543.481375886412,5569.315099578054,318.4249004219455
TR-042266,2025-09-25,september,Flatbed,1745.6,4133.57,3758.9483452002596,3755.6145160023043,3757.281430601282,376.28856939871775
TR-042267,2025-09-25,september,Flatbed,730.8,1756.17,1699.8831228681338,1678.3672792682755,1689.1252010682047,67.04479893179541
TR-042268,2025-09-25,september,Reefer,2213.1,4584.97,4347.59865193797,4375.724117131316,4361.661384534644,223.30861546535652
TR-042269,2025-09-25,september,Reefer,624.8,1605.89,1640.1623333832167,1560.71155476076,1600.4369440719884,5.453055928011736
TR-042270,2025-09-25,september,Dry Van,536.9,1147.94,1111.3869697886491,1124.765746845782,1118.0763583172156,29.86364168278442
TR-042271,2025-09-25,september,Dry Van,2765.7,5084.53,4959.708225793632,4972.378413924982,4966.043319859307,118.48668014069244
TR-042272,2025-09-25,september,Flatbed,2624.6,5681.94,5107.022614724424,5154.3162264080875,5130.669420566255,551.2705794337444
TR-042273,2025-09-25,september,Reefer,599.6,1482.22,1431.742505543333,1408.1666974158748,1419.9546014796038,62.265398520396275
TR-042274,2025-09-25,september,Reefer,540.5,1396.36,1382.5752634795706,1367.1113722994382,1374.8433178895043,21.516682110495594
TR-042275,2025-09-25,september,Dry Van,2638.7,4739.76,4663.318002367438,4601.537357826609,4632.427680097024,107.33231990297645
TR-042276,2025-09-25,september,Reefer,774.9,1909.96,1894.5622903622007,1823.8712760258932,1859.216783194047,50.743216805953125
TR-042277,2025-09-25,september,Dry Van,821.7,1794.23,1749.1320916773243,1736.4902369522056,1742.811164314765,51.41883568523508
TR-042278,2025-09-25,september,Dry Van,556.2,1233.72,1186.0610104134778,1183.9737129447876,1185.0173616791326,48.702638320867436
TR-042279,2025-09-25,september,Reefer,575.4,1495.26,1418.505527749986,1363.5378921704053,1391.0217099601955,104.2382900398045
TR-042280,2025-09-25,september,Reefer,840.1,1961.16,1903.988581443385,1926.9191967202503,1915.4538890818176,45.7061109181825
TR-042281,2025-09-25,september,Dry Van,368.3,870.43,856.5554142526709,854.909187876111,855.7323010643909,14.697698935609083
TR-042282,2025-09-25,september,Flatbed,289.2,804.31,760.9407424697705,766.6049842397115,763.772863354741,40.5371366452589
TR-042283,2025-09-25,september,Reefer,2045.8,4348.33,4156.001087089786,4123.3444477100575,4139.672767399921,208.65723260007871
TR-042284,2025-09-25,september,Dry Van,1329.7,2592.04,2661.112311127515,2647.620438126647,2654.3663746270813,62.32637462708135
TR-042285,2025-09-25,september,Reefer,895.7,2109.59,2068.374140864545,2020.3576432423495,2044.3658920534472,65.22410794655298
TR-042286,2025-09-25,september,Dry Van,692.8,1611.88,1611.180925777615,1552.9103568442872,1582.045641310951,29.834358689049168
TR-042287,2025-09-25,september,Flatbed,923.8,2240.76,2132.3492138225592,2102.6617420539233,2117.5054779382413,123.25452206175896
TR-042288,2025-09-25,september,Dry Van,3180.2,5578.56,5457.583591495582,5459.850099177131,5458.7168453363565,119.84315466364387
TR-042289,2025-09-25,september,Reefer,1897.2,4226.82,3952.5278434002284,3974.5975698807,3963.562706640464,263.25729335953565
TR-042290,2025-09-25,september,Flatbed,649.7,1656.6,1625.3298900453065,1539.567297240008,1582.4485936426572,74.1514063573427
TR-042291,2025-09-25,september,Dry Van,353.9,826.89,809.292491802486,824.8814326510385,817.0869622267622,9.803037773237747
TR-042292,2025-09-25,september,Dry Van,334.4,866.09,819.0334730776472,827.2851554274264,823.1593142525368,42.93068574746326
TR-042293,2025-09-25,september,Reefer,384.8,1042.68,1006.375443393801,993.9430293712737,1000.1592363825373,42.52076361746276
TR-042294,2025-09-25,september,Dry Van,305.7,708.86,693.6346420970939,729.6580663018269,711.6463541994603,2.786354199460334
TR-042295,2025-09-25,september,Dry Van,367.4,857.15,844.7111730562109,863.9739545439768,854.3425638000938,2.807436199906192
TR-042296,2025-09-25,september,Reefer,1013.4,2558.09,2457.2790645654777,2431.5815574850094,2444.4303110252436,113.65968897475659
TR-042297,2025-09-25,september,Dry Van,1028.3,2094.08,2091.655070071353,2086.7755901634405,2089.2153301173967,4.864669882603266
TR-042298,2025-09-25,september,Dry Van,780.4,1663.96,1634.7279940611202,1616.6964123812056,1625.7122032211628,38.247796778837255
TR-042299,2025-09-25,september,Dry Van,1966.7,3819.58,3803.2093984279313,3825.852372771965,3814.5308855999483,5.0491144000516215
TR-042300,2025-09-25,september,Dry Van,2610.9,4914.29,4692.0822156670065,4796.335605549628,4744.208910608317,170.08108939168324
TR-042301,2025-09-25,september,Flatbed,3113.3,6534.49,5929.7006503598805,6119.318437535942,6024.509543947912,509.9804560520879
TR-042302,2025-09-25,september,Dry Van,371.1,349.14,927.6983585904924,860.971101119389,894.3347298549406,545.1947298549406
TR-042303,2025-09-25,september,Reefer,926.0,2072.67,2070.720410495769,2078.7282294013175,2074.7243199485433,2.0543199485432524
TR-042304,2025-09-25,september,Reefer,851.2,2009.25,1996.8033732523168,1989.2024728641836,1993.0029230582502,16.24707694174981
TR-042305,2025-09-25,september,Flatbed,1314.4,2805.6,2687.8976421531524,2668.9367772481846,2678.4172097006685,127.18279029933137
TR-042306,2025-09-25,september,Dry Van,872.8,1888.51,1821.4632821256198,1820.1096667379097,1820.7864744317649,67.72352556823512
TR-042307,2025-09-25,september,Reefer,969.8,2359.77,2270.1065904257352,2289.104012230061,2279.605301327898,80.16469867210208
TR-042308,2025-09-25,september,Dry Van,455.1,1027.96,996.8025853993494,982.0518504739157,989.4272179366326,38.53278206336745
TR-042309,2025-09-25,september,Dry Van,697.3,1591.11,1504.7966328552675,1479.0129433786192,1491.9047881169433,99.20521188305656
TR-042310,2025-09-25,september,Dry Van,1500.8,2812.37,2817.3600781049818,2785.9974856706513,2801.6787818878165,10.691218112183378
TR-042311,2025-09-25,september,Reefer,1569.4,3643.04,3346.2052473244253,3432.0024804286195,3389.103863876522,253.9361361234778
TR-042312,2025-09-25,september,Reefer,661.3,1603.47,1582.8125531474075,1588.0221222211735,1585.4173376842905,18.05266231570954
TR-042313,2025-09-25,september,Reefer,2010.9,4294.08,4141.285598733677,4113.462088318682,4127.373843526179,166.70615647382056
TR-042314,2025-09-25,september,Dry Van,316.8,800.37,777.2871169363723,773.3033363845764,775.2952266604743,25.074773339525677
TR-042315,2025-09-25,september,Flatbed,716.9,1799.66,1792.5823552395261,1723.942434954446,1758.262395096986,41.3976049030141
TR-042316,2025-09-25,september,Dry Van,1466.3,2828.46,2853.691075307547,2865.2034471779716,2859.4472612427594,30.98726124275936
TR-042317,2025-09-25,september,Dry Van,1296.1,2614.01,2619.809586739885,2589.554493337153,2604.682040038519,9.327959961481156
TR-042318,2025-09-25,september,Flatbed,1049.9,2351.77,2145.81312558798,2215.9386176092808,2180.8758715986305,170.89412840136947
TR-042319,2025-09-25,september,Dry Van,2379.6,4229.68,4257.639095437719,4173.58917657722,4215.61413600747,14.065863992530467
TR-042320,2025-09-25,september,Dry Van,545.6,1135.51,1103.6338199934155,1119.4447818652973,1111.5393009293564,23.970699070643605
TR-042321,2025-09-25,september,Dry Van,728.4,1636.35,1571.5235846479195,1636.530606241384,1604.0270954446519,32.32290455534803
TR-042322,2025-09-25,september,Dry Van,2464.0,4626.49,4388.556360695956,4350.455856787203,4369.50610874158,256.98389125842004
TR-042323,2025-09-25,september,Reefer,1304.7,2890.62,2829.718276507786,2814.663190052443,2822.1907332801147,68.42926671988516
TR-042324,2025-09-25,september,Dry Van,327.2,816.62,797.8275503561655,791.6145197904118,794.7210350732887,21.8989649267113
TR-042325,2025-09-25,september,Dry Van,817.1,1719.66,1662.0930144124034,1654.0996226928228,1658.096318552613,61.563681447387125
TR-042326,2025-09-25,september,Reefer,940.1,2209.21,2171.382206429076,2156.838325784237,2164.1102661066566,45.099733893343455
TR-042327,2025-09-25,september,Dry Van,2786.1,5345.03,5115.70823816673,5145.146924201248,5130.427581183989,214.60241881601087
TR-042328,2025-09-25,september,Dry Van,1323.0,2616.64,2552.298447097476,2551.9165679728358,2552.107507535156,64.53249246484393
TR-042329,2025-09-25,september,Flatbed,344.8,940.28,892.2093755821122,887.9868458324572,890.0981107072847,50.181889292715255
TR-042330,2025-09-25,september,Dry Van,479.9,1116.95,1050.979276278973,1046.4046800122924,1048.6919781456327,68.25802185436737
TR-042331,2025-09-25,september,Dry Van,807.5,1760.83,1687.8011423322976,1686.6343592782591,1687.2177508052782,73.6122491947217
TR-042332,2025-09-25,september,Dry Van,1172.6,2281.31,2296.2882871285324,2279.2573154929337,2287.772801310733,6.462801310733084
TR-042333,2025-09-25,september,Flatbed,798.6,1963.71,1897.0354742349707,1840.2948704112866,1868.6651723231287,95.04482767687136
TR-042334,2025-09-25,september,Flatbed,1222.6,2622.01,2556.923072706284,2502.140737723058,2529.531905214671,92.47809478532918
TR-042335,2025-09-25,september,Dry Van,2954.6,5614.38,5380.6269064561175,5402.505409960791,5391.566158208454,222.8138417915461
TR-042336,2025-09-25,september,Flatbed,1543.4,3330.13,3097.0666223193616,3179.556104251191,3138.3113632852765,191.81863671472365
TR-042337,2025-09-25,september,Dry Van,645.7,1498.05,1412.8342207219093,1464.225917647645,1438.5300691847772,59.51993081522278
TR-042338,2025-09-25,september,Dry Van,1105.4,2239.53,2228.491707907043,2234.9619391835768,2231.72682354531,7.803176454690401
TR-042339,2025-09-25,september,Dry Van,888.9,1851.15,1796.3727774607464,1829.2409731616233,1812.8068753111847,38.34312468881535
TR-042340,2025-09-25,september,Reefer,609.4,1534.73,1509.0404137860382,1483.0732322797944,1496.0568230329163,38.67317696708369
TR-042341,2025-09-25,september,Dry Van,478.1,1083.05,1049.4826698814463,1054.7424701185332,1052.1125699999898,30.93743000001018
TR-042342,2025-09-25,september,Flatbed,538.6,1361.77,1334.4421081292376,1299.811957772822,1317.1270329510298,44.64296704897015
TR-042343,2025-09-25,september,Dry Van,1050.1,2143.1,2074.768400462123,2130.634310736515,2102.701355599319,40.39864440068095
TR-042344,2025-09-25,september,Dry Van,1561.7,3123.92,3089.797707256911,3132.898624865077,3111.348166060994,12.571833939005955
TR-042345,2025-09-25,september,Dry Van,1427.8,2814.56,2777.4412498112642,2734.655004399073,2756.0481271051685,58.51187289483141
TR-042346,2025-09-25,september,Dry Van,735.8,1623.43,1535.7742474715049,1530.5293261198424,1533.1517867956736,90.27821320432645
TR-042347,2025-09-25,september,Dry Van,791.7,1738.95,1671.1621036051313,1614.2935352984875,1642.7278194518094,96.22218054819064
TR-042348,2025-09-25,september,Dry Van,1658.2,3114.73,3102.074491942179,3149.248827061142,3125.6616595016603,10.931659501660306
TR-042349,2025-09-25,september,Flatbed,317.1,828.58,762.9836778854134,773.4524337526402,768.2180558190269,60.36194418097318
TR-042350,2025-09-25,september,Flatbed,964.9,2160.03,2054.1052773710358,2052.8435634028983,2053.474420386967,106.55557961303339
TR-042351,2025-09-25,september,Flatbed,224.2,714.4,666.5137415329012,664.5676461888409,665.540693860871,48.85930613912899
TR-042352,2025-09-25,september,Dry Van,1028.9,2033.38,2027.6695506700955,2016.9407148548503,2022.305132762473,11.074867237527087
TR-042353,2025-09-25,september,Dry Van,877.6,1867.63,1829.4146368144175,1779.9879870822808,1804.701311948349,62.92868805165108
TR-042354,2025-09-25,september,Flatbed,363.4,3286.31,978.4742701172918,945.4364158548346,961.9553429860632,2324.354657013937
TR-042355,2025-09-25,september,Dry Van,1041.1,2228.56,2174.6711768422792,2134.662987609736,2154.6670822260076,73.8929177739924
TR-042356,2025-09-25,september,Dry Van,838.3,1708.13,1684.947773994546,1668.3611952646072,1676.6544846295765,31.475515370423636
TR-042357,2025-09-25,september,Dry Van,742.2,1571.24,1521.639744576643,1521.6073473130607,1521.6235459448517,49.616454055148324
TR-042358,2025-09-25,september,Reefer,188.4,602.47,580.6215436522713,744.9498289477376,662.7856863000045,60.31568630000447
TR-042359,2025-09-25,september,Reefer,993.5,2259.41,2175.3986197432173,2158.6975231942906,2167.0480714687537,92.36192853124612
TR-042360,2025-09-25,september,Flatbed,190.9,577.07,555.5664489119376,591.0573181347477,573.3118835233427,3.758116476657392
TR-042361,2025-09-25,september,Reefer,520.6,1473.79,1421.0648590335206,1377.541560411476,1399.3032097224982,74.48679027750177
TR-042362,2025-09-25,september,Dry Van,760.2,1588.38,1485.181879400385,1511.3005666594952,1498.24122302994,90.13877697006001
TR-042363,2025-09-25,september,Dry Van,137.1,398.95,363.2861295826262,424.5036948898969,393.8949122362616,5.055087763738413
TR-042364,2025-09-25,september,Dry Van,1939.6,3622.14,3628.9148753774134,3708.4581265375873,3668.6865009575004,46.546500957500484
TR-042365,2025-09-25,september,Reefer,471.5,1207.78,1165.7365344613947,1184.7387649110797,1175.237649686237,32.54235031376288
TR-042366,2025-09-25,september,Dry Van,1132.5,2122.98,2038.724338560284,2068.4092870523295,2053.5668128063066,69.41318719369337
TR-042367,2025-09-25,september,Dry Van,1618.4,3215.91,3186.1808909398305,3164.5238856959086,3175.3523883178696,40.5576116821303
TR-042368,2025-09-25,september,Flatbed,2492.5,5313.02,4971.645465128465,4916.994719036411,4944.320092082438,368.6999079175621
TR-042369,2025-09-25,september,Reefer,987.8,2213.6,2158.6197477056735,2146.1347315632415,2152.3772396344575,61.2227603655424
TR-042370,2025-09-25,september,Dry Van,694.4,1507.78,1457.864529951466,1436.1846971043065,1447.0246135278862,60.75538647211374
TR-042371,2025-09-25,september,Dry Van,286.8,771.72,732.6329301852044,810.5525986750599,771.5927644301321,0.12723556986793483
TR-042372,2025-09-25,september,Dry Van,599.2,1328.96,1265.927553072309,1247.6515708931584,1256.7895619827336,72.1704380172664
TR-042373,2025-09-25,september,Dry Van,981.8,2118.79,2027.206282960972,1982.3559208253437,2004.781101893158,114.00889810684203
TR-042374,2025-09-25,september,Dry Van,2276.9,4227.79,4229.719830612463,4204.261490938805,4216.990660775634,10.799339224366122
TR-042375,2025-09-25,september,Dry Van,3025.9,5325.72,5371.4763200888265,5211.19635968131,5291.336339885069,34.383660114931445
TR-042376,2025-09-25,september,Dry Van,575.1,1249.91,1195.7783057063973,1209.918059668968,1202.8481826876828,47.06181731231732
TR-042377,2025-09-25,september,Flatbed,625.0,1512.7,1408.312099370293,1418.5823877454077,1413.4472435578505,99.25275644214958
TR-042378,2025-09-25,september,Flatbed,671.1,1609.45,1529.2054963689172,1497.6805021634123,1513.4429992661649,96.00700073383518
TR-042379,2025-09-25,september,Flatbed,886.7,1933.19,1794.8642818779363,1829.694523661185,1812.2794027695606,120.91059723043941
TR-042380,2025-09-25,september,Dry Van,3058.6,5617.44,5599.800087883882,5488.282647772363,5544.041367828122,73.39863217187758
TR-042381,2025-09-25,september,Dry Van,1713.9,3234.83,3264.3037733225224,3153.590849098855,3208.947311210689,25.882688789311032
TR-042382,2025-09-25,september,Dry Van,2011.6,3748.42,3733.316060107293,3669.537579255236,3701.4268196812645,46.99318031873554
TR-042383,2025-09-25,september,Flatbed,1564.7,3423.2,3237.886523500628,3335.3830403497786,3286.6347819252032,136.56521807479658
TR-042384,2025-09-25,september,Dry Van,675.5,1331.03,1281.5468505546091,1322.2675829277296,1301.9072167411693,29.122783258830623
TR-042385,2025-09-25,september,Flatbed,383.6,1059.91,1007.475259662085,965.0551482034791,986.265203932782,73.64479606721807
TR-042386,2025-09-25,september,Dry Van,708.4,1504.79,1476.9466120305108,1478.5881726436974,1477.767392337104,27.022607662896007
TR-042387,2025-09-25,september,Dry Van,1175.0,2393.85,2399.7658707698483,2366.2289452423083,2382.9974080060783,10.852591993921578
TR-042388,2025-09-25,september,Dry Van,266.2,655.29,635.4393440556419,631.9462387774129,633.6927914165274,21.597208583472593
TR-042389,2025-09-25,september,Flatbed,2189.4,4798.24,4342.180030077543,4327.919683910228,4335.049856993885,463.19014300611434
TR-042390,2025-09-25,september,Dry Van,1145.2,2274.23,2173.6215309149916,2268.039547499076,2220.830539207034,53.39946079296624
TR-042391,2025-09-25,september,Dry Van,462.8,1041.96,993.4506668029177,985.6630748997623,989.5568708513399,52.40312914866013
TR-042392,2025-09-25,september,Reefer,2673.9,5701.19,5438.779141465663,5463.178370693013,5450.9787560793375,250.21124392066213
TR-042393,2025-09-25,september,Flatbed,2135.2,4495.91,4194.47380914991,4148.05170571013,4171.26275743002,324.6472425699794
TR-042394,2025-09-25,september,Flatbed,556.7,1422.6,1312.2282803132148,1279.8187188962863,1296.0234996047507,126.57650039524924
TR-042395,2025-09-25,september,Flatbed,373.5,1011.95,945.8430263188268,926.3451755727942,936.0941009458105,75.85589905418954
TR-042396,2025-09-25,september,Dry Van,628.3,1390.26,1365.750307903116,1373.2678660185038,1369.5090869608098,20.75091303919021
TR-042397,2025-09-25,september,Reefer,1093.2,2470.44,2419.628399728431,2345.4939754432653,2382.561187585848,87.87881241415198
TR-042398,2025-09-25,september,Flatbed,574.8,1453.23,1393.0649534129182,1331.9287174486096,1362.496835430764,90.73316456923612
TR-042399,2025-09-25,september,Dry Van,489.0,1097.99,1038.2348509728245,1047.2400707284462,1042.7374608506352,55.25253914936479
TR-042400,2025-09-25,september,Flatbed,551.8,1316.62,1332.584684815275,1319.7747300490328,1326.179707432154,9.559707432154028
TR-042401,2025-09-25,september,Dry Van,1452.8,3020.08,2954.6087269161635,2908.8393248749785,2931.724025895571,88.35597410442915
TR-042402,2025-09-25,september,Reefer,1120.5,2731.0,2625.235686520714,2589.998387066399,2607.6170367935565,123.38296320644349
TR-042403,2025-09-25,september,Reefer,281.1,752.07,720.0564149271622,829.4268326160393,774.7416237716008,22.671623771600707
TR-042404,2025-09-25,september,Dry Van,90.0,265.12,253.06310885800085,326.3833755193418,289.72324218867135,24.603242188671345
TR-042405,2025-09-25,september,Reefer,214.9,696.53,663.8241686195056,722.710278025781,693.2672233226433,3.262776677356669
TR-042406,2025-09-25,september,Flatbed,784.0,1937.24,1855.4006651037832,1766.6948014939453,1811.0477332988644,126.19226670113562
TR-042407,2025-09-25,september,Reefer,2873.9,5952.63,5624.3856676866335,5611.449762109416,5617.917714898025,334.7122851019749
TR-042408,2025-09-25,september,Flatbed,2018.2,4370.79,4095.462497390438,4057.2694969864756,4076.3659971884567,294.42400281154323
TR-042409,2025-09-25,september,Dry Van,2667.0,4989.37,4810.25806346816,4853.184308635472,4831.721186051816,157.6488139481835
TR-042410,2025-09-25,september,Flatbed,1131.0,2618.46,2448.4300795428894,2403.990099343472,2426.2100894431806,192.2499105568195
TR-042411,2025-09-25,september,Dry Van,1961.4,3714.77,3659.1787406518865,3619.203172548499,3639.1909566001927,75.57904339980723
TR-042412,2025-09-25,september,Dry Van,946.0,1882.15,1876.887046353137,1889.5524074705127,1883.2197269118249,1.0697269118247732
TR-042413,2025-09-25,september,Dry Van,727.8,1660.95,1584.997032469111,1629.2092283587037,1607.1031304139074,53.84686958609268
TR-042414,2025-09-26,september,Dry Van,2083.6,3924.21,3871.2002433888806,3838.416215095406,3854.808229242143,69.40177075785687
TR-042415,2025-09-26,september,Dry Van,658.3,1313.9,1282.0446392157075,1288.4189430364534,1285.2317911260805,28.66820887391964
TR-042416,2025-09-26,september,Dry Van,851.0,1851.14,1778.669907198734,1790.7163468609294,1784.6931270298319,66.44687297016822
TR-042417,2025-09-26,september,Reefer,872.7,2224.97,2185.5144773754287,2157.8199534266523,2171.6672154010403,53.30278459895953
TR-042418,2025-09-26,september,Reefer,1162.4,2788.7,2678.0647126763256,2723.002437550014,2700.5335751131697,88.1664248868301
TR-042419,2025-09-26,september,Flatbed,1356.3,2953.83,2817.3033028352797,2825.585420332268,2821.4443615837736,132.38563841622636
TR-042420,2025-09-26,september,Flatbed,1113.0,2436.98,2369.1153278806983,2354.048352383387,2361.5818401320425,75.39815986795747
TR-042421,2025-09-26,september,Reefer,271.0,710.92,674.769327904561,774.5426710991362,724.6559995018486,13.735999501848596
TR-042422,2025-09-26,september,Dry Van,1918.5,3595.49,3565.914404490363,3582.4563295459966,3574.18536701818,21.30463298181985
TR-042423,2025-09-26,september,Dry Van,178.8,438.63,437.0509309520621,409.44158041437595,423.24625568321903,15.383744316780962
TR-042424,2025-09-26,september,Flatbed,336.7,893.91,827.3206895093858,850.8411019780378,839.0808957437118,54.82910425628813
TR-042425,2025-09-26,september,Reefer,486.5,1258.11,1181.3834960996007,1152.763256745387,1167.0733764224938,91.03662357750613
TR-042426,2025-09-26,september,Reefer,936.9,2316.54,2211.41663815538,2163.4618199255306,2187.4392290404553,129.10077095954466
TR-042427,2025-09-26,september,Flatbed,320.4,917.99,854.5617870818865,852.4053146779959,853.4835508799412,64.50644912005885
TR-042428,2025-09-26,september,Dry Van,502.1,1235.8,1220.948040879891,1186.5844359038035,1203.7662383918473,32.033761608152645
TR-042429,2025-09-26,september,Flatbed,2902.6,5847.69,5406.095197078151,5493.086079360511,5449.590638219331,398.0993617806689
TR-042430,2025-09-26,september,Dry Van,314.7,827.54,780.8561677360074,788.096458532752,784.4763131343797,43.0636868656203
TR-042431,2025-09-26,september,Dry Van,824.6,1730.12,1727.2551809925956,1762.7972040848945,1745.026192538745,14.906192538745017
TR-042432,2025-09-26,september,Dry Van,1392.0,2799.82,2852.6544767987407,2792.679768351171,2822.667122574956,22.847122574955847
TR-042433,2025-09-26,september,Reefer,853.6,2000.12,1941.1191709796299,1948.2413325660123,1944.680251772821,55.439748227178825
TR-042434,2025-09-26,september,Reefer,618.7,1506.38,1517.090841757102,1500.0275109276172,1508.5591763423595,2.1791763423593693
TR-042435,2025-09-26,september,Reefer,1463.9,3221.62,3063.0804197811626,3133.6494620092208,3098.3649408951915,123.25505910480842
TR-042436,2025-09-26,september,Dry Van,954.1,1913.19,1844.6742574554228,1862.8572032842549,1853.7657303698388,59.424269630161234
TR-042437,2025-09-26,september,Dry Van,318.6,764.33,728.6235475687934,723.3331632730917,725.9783554209425,38.351644579057506
TR-042438,2025-09-26,september,Dry Van,1445.9,7197.15,2782.252471180969,2829.3916455211347,2805.822058351052,4391.327941648948
TR-042439,2025-09-26,september,Reefer,109.3,331.48,281.41236245765333,346.3474504062374,313.87990643194536,17.60009356805466
TR-042440,2025-09-26,september,Flatbed,1858.8,4225.65,3908.0922322592005,3757.5916848380343,3832.841958548617,392.80804145138245
TR-042441,2025-09-26,september,Dry Van,1583.4,3139.51,3009.7478397857635,3058.043525335248,3033.8956825605055,105.6143174394947
TR-042442,2025-09-26,september,Reefer,2081.4,4386.98,4227.445418755636,4245.93965773074,4236.692538243187,150.28746175681226
TR-042443,2025-09-26,september,Dry Van,608.3,1267.35,1245.206846306105,1245.0063864875237,1245.1066163968144,22.24338360318552
TR-042444,2025-09-26,september,Flatbed,276.7,803.21,749.5100125845908,739.5844054432221,744.5472090139065,58.66279098609357
TR-042445,2025-09-26,september,Flatbed,861.0,2102.08,2060.1277950131503,2018.1599849291324,2039.1438899711413,62.93611002885859
TR-042446,2025-09-26,september,Dry Van,2459.5,4777.51,4569.9158237852025,4587.4091178180415,4578.6624708016225,198.84752919837774
TR-042447,2025-09-26,september,Dry Van,341.1,837.27,802.0547592185312,786.5592503967284,794.3070048076298,42.96299519237016
TR-042448,2025-09-26,september,Dry Van,325.4,772.63,735.6577662053465,732.5676364772394,734.1127013412929,38.51729865870709
TR-042449,2025-09-26,september,Reefer,2248.1,4595.52,4460.946462895814,4474.554898826792,4467.750680861303,127.76931913869703
TR-042450,2025-09-26,september,Dry Van,1419.7,3035.82,2869.6498224000106,2849.6542428830876,2859.6520326415493,176.16796735845082
TR-042451,2025-09-26,september,Reefer,591.7,1621.3,1594.4313976340397,1548.3994499891533,1571.4154238115966,49.884576188403344
TR-042452,2025-09-26,september,Dry Van,479.2,1129.55,1102.327569532253,1080.9471506796447,1091.6373601059488,37.91263989405115
TR-042453,2025-09-26,september,Dry Van,840.2,5949.01,1572.281970965718,1622.431248118691,1597.3566095422045,4351.6533904577955
TR-042454,2025-09-26,september,Dry Van,665.1,1498.77,1390.951277612816,1400.7328375119866,1395.8420575624014,102.92794243759863
TR-042455,2025-09-26,september,Dry Van,2002.4,3769.39,3691.971324515409,3656.272541248306,3674.1219328818574,95.26806711814243
TR-042456,2025-09-26,september,Reefer,819.2,2016.06,2011.846337468306,1998.0927204187892,2004.9695289435476,11.090471056452316
TR-042457,2025-09-26,september,Dry Van,671.5,1452.6,1359.2160920448841,1359.3625748714994,1359.2893334581918,93.31066654180813
TR-042458,2025-09-26,september,Dry Van,1962.7,3944.75,3782.639444772461,3743.27072539762,3762.9550850850405,181.79491491495946
TR-042459,2025-09-26,september,Dry Van,639.9,476.98,1303.6823714143127,1290.6973198024075,1297.18984560836,820.20984560836
TR-042460,2025-09-26,september,Reefer,854.3,1954.77,1851.2652478876378,1848.6083393992153,1849.9367936434264,104.83320635657356
TR-042461,2025-09-26,september,Flatbed,977.6,2346.68,2193.1870889214197,2160.4343895326456,2176.8107392270326,169.8692607729672
TR-042462,2025-09-26,september,Flatbed,2357.3,5213.61,4758.129836170722,4622.778078242582,4690.4539572066515,523.1560427933482
TR-042463,2025-09-26,september,Dry Van,2397.0,4288.85,4235.86572763728,4173.37814746197,4204.621937549625,84.22806245037555
TR-042464,2025-09-26,september,Dry Van,526.5,1171.1,1126.0874644897747,1132.481138517203,1129.2843015034887,41.81569849651123
TR-042465,2025-09-26,september,Dry Van,2282.6,4309.85,4206.756183001167,4175.120398097799,4190.938290549483,118.91170945051726
TR-042466,2025-09-26,september,Dry Van,957.3,1991.22,1967.5409832477083,1969.8817352394965,1968.7113592436024,22.508640756397654
TR-042467,2025-09-26,september,Dry Van,1230.1,2363.42,2346.2342036173445,2321.429012061585,2333.8316078394646,29.588392160535477
TR-042468,2025-09-26,september,Flatbed,1772.4,3795.38,3493.1767707623426,3503.6084674061212,3498.392619084232,296.987380915768
TR-042469,2025-09-26,september,Dry Van,1178.6,2366.45,2283.0416409086906,2321.05422029833,2302.0479306035104,64.40206939648942
TR-042470,2025-09-26,september,Dry Van,200.6,486.54,469.1231603733136,494.06751425525863,481.5953373142861,4.944662685713922
TR-042471,2025-09-26,september,Dry Van,1837.7,3358.71,3375.1462970921193,3241.1480145789483,3308.147155835534,50.56284416446624
TR-042472,2025-09-26,september,Reefer,739.1,1934.7,1941.4486521506308,1886.1691218234741,1913.8088869870526,20.89111301294747
TR-042473,2025-09-26,september,Dry Van,1820.6,3463.26,3472.410422963036,3515.845464414161,3494.127943688599,30.867943688598643
TR-042474,2025-09-26,september,Dry Van,561.4,1226.42,1204.8501505378113,1233.6445634453305,1219.247356991571,7.172643008429077
TR-042475,2025-09-26,september,Reefer,2018.6,4536.04,4230.870576525544,4271.718834109053,4251.294705317298,284.74529468270157
TR-042476,2025-09-26,september,Flatbed,316.2,867.93,829.2232313323449,836.9776275968186,833.1004294645818,34.829570535418156
TR-042477,2025-09-26,september,Dry Van,298.5,717.39,686.2023026916775,716.4404896228634,701.3213961572704,16.068603842729544
TR-042478,2025-09-26,september,Reefer,521.4,1486.08,1459.8886633638576,1390.7322321220067,1425.3104477429322,60.769552257067744
TR-042479,2025-09-26,september,Dry Van,487.6,1078.07,1016.5488418356263,1030.7167549047872,1023.6327983702067,54.43720162979321
TR-042480,2025-09-26,september,Dry Van,365.4,855.88,817.4708667831783,836.497828340272,826.9843475617251,28.89565243827485
TR-042481,2025-09-26,september,Dry Van,485.7,1126.38,1102.1805753553626,1087.291143245994,1094.7358593006784,31.644140699321724
TR-042482,2025-09-26,september,Dry Van,1141.6,2335.12,2257.7958794084757,2242.6527433983083,2250.2243114033918,84.89568859660812
TR-042483,2025-09-26,september,Dry Van,2177.4,4188.51,4081.4747560269443,4075.148278968531,4078.3115174977374,110.19848250226278
TR-042484,2025-09-26,september,Dry Van,424.1,1036.67,1012.1348101808148,1022.6471909080776,1017.3910005444462,19.278999455553844
TR-042485,2025-09-26,september,Dry Van,675.6,1403.1,1363.7723537311513,1379.2081955379263,1371.4902746345388,31.609725365461145
TR-042486,2025-09-26,september,Flatbed,3114.8,6403.51,5773.002332965942,5966.882543995096,5869.942438480519,533.5675615194814
TR-042487,2025-09-26,september,Flatbed,1692.0,3634.68,3374.700935769797,3393.374202489243,3384.0375691295203,250.64243087047953
TR-042488,2025-09-26,september,Flatbed,2006.3,4184.34,3937.124281406277,3865.0493561755356,3901.0868187909064,283.2531812090938
TR-042489,2025-09-26,september,Reefer,961.5,2363.97,2220.146792462268,2216.0773585606808,2218.1120755114744,145.85792448852544
TR-042490,2025-09-26,september,Flatbed,538.6,1438.09,1398.5948901874788,1305.9496004242483,1352.2722453058636,85.81775469413628
TR-042491,2025-09-26,september,Reefer,1610.5,3636.61,3431.110691912804,3557.066960462211,3494.0888261875075,142.52117381249263
TR-042492,2025-09-26,september,Flatbed,686.4,1632.67,1555.606897580104,1531.0494806539277,1543.3281891170159,89.34181088298419
TR-042493,2025-09-26,september,Dry Van,762.4,1583.25,1547.1176304726628,1549.2408318380947,1548.1792311553786,35.0707688446214
TR-042494,2025-09-26,september,Flatbed,1974.8,4072.03,3857.643152429983,3863.053211353122,3860.3481818915525,211.68181810844771
TR-042495,2025-09-26,september,Reefer,620.3,1455.84,1419.4923603777518,1413.045881086117,1416.2691207319344,39.57087926806548
TR-042496,2025-09-26,september,Dry Van,1257.2,2488.14,2472.7919582227983,2506.9638069424586,2489.8778825826284,1.737882582628572
TR-042497,2025-09-26,september,Reefer,952.5,2108.81,2053.7240137007384,2034.7319266131801,2044.2279701569591,64.5820298430408
TR-042498,2025-09-26,september,Flatbed,445.0,1117.43,1029.2861494311237,1024.8354010335415,1027.0607752323326,90.36922476766745
TR-042499,2025-09-26,september,Dry Van,622.7,1343.06,1333.833123162808,1312.811670649142,1323.322396905975,19.737603094024962
TR-042500,2025-09-26,september,Dry Van,1091.4,2082.19,2080.4973351656477,2073.2300806866406,2076.8637079261443,5.326292073855711
TR-042501,2025-09-26,september,Reefer,1894.6,4204.51,3966.826929387219,4099.205096404245,4033.016012895732,171.4939871042684
TR-042502,2025-09-26,september,Flatbed,1811.5,3876.29,3662.858992520128,3694.0497543291676,3678.454373424648,197.83562657535185
TR-042503,2025-09-26,september,Reefer,1011.3,2423.56,2285.009261077631,2296.406639633249,2290.70795035544,132.85204964455988
TR-042504,2025-09-26,september,Reefer,502.2,1323.85,1286.6677499442983,1292.0178424606522,1289.3427962024753,34.50720379752465
TR-042505,2025-09-26,september,Reefer,906.5,2343.57,2235.930642016685,2175.3107989696155,2205.62072049315,137.94927950684996
TR-042506,2025-09-26,september,Reefer,1564.3,3422.31,3162.9197283591448,3181.592760044934,3172.2562442020394,250.05375579796055
TR-042507,2025-09-26,september,Dry Van,2319.4,4348.13,4231.701073655927,4175.62440680894,4203.662740232434,144.46725976756625
TR-042508,2025-09-26,september,Dry Van,3102.5,5711.86,5491.002417396193,5548.156893338804,5519.579655367499,192.2803446325006
TR-042509,2025-09-26,september,Dry Van,1205.5,2446.06,2445.129130279703,2435.6988138121465,2440.4139720459248,5.64602795407518
TR-042510,2025-09-26,september,Reefer,2042.5,4401.36,4227.678677728116,4170.959369354377,4199.319023541246,202.0409764587539
TR-042511,2025-09-26,september,Dry Van,586.9,1276.3,1229.9683190646408,1207.157259964577,1218.562789514609,57.73721048539096
TR-042512,2025-09-26,september,Flatbed,2647.5,5677.85,5115.40085827764,5103.34628279181,5109.373570534724,568.4764294652759
TR-042513,2025-09-26,september,Dry Van,126.7,373.96,353.45076211754224,402.89696085304854,378.1738614852954,4.213861485295411
TR-042514,2025-09-26,september,Flatbed,1497.7,1005.85,2995.298579557994,3034.167247183916,3014.732913370955,2008.882913370955
TR-042515,2025-09-26,september,Flatbed,686.1,1504.47,1450.9449507094691,1395.6618861935094,1423.3034184514893,81.16658154851075
TR-042516,2025-09-26,september,Reefer,1765.1,3972.93,3686.073840724858,3701.9244524156647,3693.9991465702615,278.93085342973836
TR-042517,2025-09-26,september,Reefer,2097.9,4452.33,4277.662528069769,4339.683927781554,4308.673227925661,143.65677207433873
TR-042518,2025-09-26,september,Reefer,1608.3,3515.61,3393.5209645646414,3447.5170857422354,3420.5190251534386,95.0909748465615
TR-042519,2025-09-26,september,Dry Van,2046.0,3844.97,3764.664854895804,3673.8015531524884,3719.2332040241463,125.73679597585351
TR-042520,2025-09-26,september,Reefer,1295.4,2842.44,2703.551922229192,2639.443198243762,2671.4975602364766,170.94243976352345
TR-042521,2025-09-26,september,Reefer,1033.3,2536.06,2425.582411854813,2418.4013094682064,2421.9918606615097,114.06813933849025
TR-042522,2025-09-26,september,Reefer,846.8,2157.59,2165.027188738983,2097.462790295681,2131.244989517332,26.34501048266793
TR-042523,2025-09-26,september,Reefer,1400.0,3229.8,3037.6807265960033,3084.1991493407127,3060.939937968358,168.86006203164197
TR-042524,2025-09-26,september,Dry Van,1790.0,3380.7,3471.30330954989,3351.070942192566,3411.187125871228,30.487125871228272
TR-042525,2025-09-26,september,Dry Van,1011.6,1945.45,1927.6183537763075,1914.9172493642525,1921.26780157028,24.182198429720074
TR-042526,2025-09-26,september,Reefer,221.0,700.79,677.0464166796456,763.3964730573603,720.2214448685029,19.431444868502922
TR-042527,2025-09-26,september,Reefer,230.0,602.06,563.7828920045225,597.9899943219016,580.8864431632121,21.17355683678784
TR-042528,2025-09-26,september,Dry Van,1581.1,3003.63,2962.6984111482616,3007.845192301861,2985.2718017250613,18.358198274938786
TR-042529,2025-09-26,september,Flatbed,692.3,1638.01,1545.921283725632,1533.6749585495409,1539.7981211375863,98.21187886241364
TR-042530,2025-09-26,september,Reefer,1463.2,3511.37,3228.3531924656263,3291.4174841462063,3259.8853383059163,251.48466169408357
TR-042531,2025-09-26,september,Dry Van,751.6,1592.95,1563.8936867539335,1570.7583293509138,1567.3260080524237,25.623991947576314
TR-042532,2025-09-26,september,Reefer,1380.5,3013.31,2877.469641424177,2878.033030107326,2877.7513357657517,135.55866423424823
TR-042533,2025-09-26,september,Reefer,166.8,504.51,487.8881903407459,557.6869258280583,522.7875580844021,18.27755808440213
TR-042534,2025-09-26,september,Dry Van,2983.6,5547.79,5369.52286873133,5372.242036644129,5370.88245268773,176.90754731227025
TR-042535,2025-09-26,september,Dry Van,2339.9,4132.72,4167.804002683518,4062.207404804204,4115.005703743861,17.714296256139278
TR-042536,2025-09-26,september,Dry Van,858.1,1922.36,1837.355508220402,1837.6164994721519,1837.486003846277,84.87399615372283
TR-042537,2025-09-26,september,Reefer,220.4,679.25,669.2537249961488,688.9011731174326,679.0774490567907,0.1725509432093304
TR-042538,2025-09-26,september,Dry Van,273.1,708.81,684.0957385414013,761.7877556335275,722.9417470874644,14.131747087464419
TR-042539,2025-09-26,september,Dry Van,698.6,1546.85,1518.401525219145,1509.5069191682342,1513.9542221936895,32.895777806310434
TR-042540,2025-09-26,september,Dry Van,851.7,1804.41,1705.8704674213232,1713.9764391977178,1709.9234533095205,94.4865466904796
TR-042541,2025-09-26,september,Dry Van,1076.7,2248.78,2133.962741890495,2114.581918141777,2124.272330016136,124.50766998386416
TR-042542,2025-09-26,september,Reefer,565.0,1472.19,1451.3694501893256,1445.0651124801498,1448.2172813347377,23.97271866526239
TR-042543,2025-09-26,september,Flatbed,1469.5,3356.17,3096.902072011749,3168.7248724766428,3132.813472244196,223.3565277558041
TR-042544,2025-09-26,september,Dry Van,551.2,1298.09,1249.9305303735246,1221.978864724053,1235.9546975487888,62.135302451211146
TR-042545,2025-09-26,september,Flatbed,232.3,624.76,589.7318733582332,583.1310823471124,586.4314778526727,38.32852214732725
TR-042546,2025-09-26,september,Flatbed,725.2,1757.41,1735.0732527157968,1650.1895885494935,1692.6314206326451,64.77857936735495
TR-042547,2025-09-26,september,Reefer,1966.8,4356.9,4109.583903725216,4182.130681145379,4145.8572924352975,211.04270756470214
TR-042548,2025-09-26,september,Flatbed,255.5,726.29,688.834950716136,724.8459432230266,706.8404469695813,19.449553030418656
TR-042549,2025-09-26,september,Reefer,954.1,2116.49,2114.458695399858,2105.0678172024845,2109.763256301171,6.726743698828614
TR-042550,2025-09-26,september,Reefer,819.3,2038.12,2062.3226258352975,2016.841481452317,2039.5820536438073,1.462053643807394
TR-042551,2025-09-26,september,Dry Van,1923.6,3755.51,3661.3170997211805,3606.930515312217,3634.1238075166984,121.38619248330178
TR-042552,2025-09-27,september,Dry Van,1588.4,3268.21,3065.217902728145,3107.4526548262256,3086.3352787771855,181.87472122281451
TR-042553,2025-09-27,september,Dry Van,2282.6,4170.77,4124.244105520008,4039.726454043511,4081.9852797817593,88.78472021824109
TR-042554,2025-09-27,september,Dry Van,1268.5,2525.86,2550.381215455578,2550.8130442601796,2550.597129857879,24.7371298578787
TR-042555,2025-09-27,september,Reefer,1046.1,2319.48,2310.353903110317,2288.721698221943,2299.53780066613,19.94219933387012
TR-042556,2025-09-27,september,Dry Van,1973.3,3623.63,3576.1778681354654,3559.174800586846,3567.6763343611556,55.95366563884454
TR-042557,2025-09-27,september,Dry Van,282.1,671.62,636.2527118140937,647.8203402617114,642.0365260379026,29.5834739620974
TR-042558,2025-09-27,september,Dry Van,370.5,875.9,858.3595903605774,870.9335836288019,864.6465869946896,11.253413005310335
TR-042559,2025-09-27,september,Flatbed,1150.4,2703.93,2593.0930545166048,2612.6566924609397,2602.874873488772,101.05512651122763
TR-042560,2025-09-27,september,Flatbed,723.8,1660.86,1632.3745809634918,1609.2168762381,1620.7957286007959,40.06427139920402
TR-042561,2025-09-27,september,Dry Van,1434.9,2947.68,2837.896700976406,2817.4538899187187,2827.6752954475623,120.00470455243749
TR-042562,2025-09-27,september,Dry Van,2042.2,3944.36,3898.87244428155,3860.052582118986,3879.462513200268,64.89748679973218
TR-042563,2025-09-27,september,Dry Van,1144.1,2402.78,2385.201526801368,2380.9031763944877,2383.0523515979276,19.727648402072646
TR-042564,2025-09-27,september,Reefer,1899.1,4038.01,3820.713554229822,3960.3316941987864,3890.5226242143044,147.4873757856958
TR-042565,2025-09-27,september,Dry Van,1692.6,3409.5,3304.7790664896434,3268.1429979741583,3286.461032231901,123.03896776809916
TR-042566,2025-09-27,september,Dry Van,603.0,1308.52,1265.0458206219107,1243.236324384614,1254.1410725032624,54.37892749673756
TR-042567,2025-09-27,september,Reefer,1809.6,4072.33,3770.138269739859,3926.703737576181,3848.42100365802,223.90899634198013
TR-042568,2025-09-27,september,Reefer,1748.1,3812.12,3498.088320344433,3496.996636873999,3497.5424786092162,314.57752139078366
TR-042569,2025-09-27,september,Flatbed,1401.3,2971.41,2835.8927089846843,2892.7934852246713,2864.343097104678,107.06690289532207
TR-042570,2025-09-27,september,Dry Van,609.7,1301.34,1296.662096557699,1273.3578498165919,1285.0099731871455,16.330026812854385
TR-042571,2025-09-27,september,Dry Van,1058.2,2120.19,2125.999273556019,2117.926871913103,2121.963072734561,1.773072734561083
TR-042572,2025-09-27,september,Reefer,178.1,584.16,534.9295108945834,742.172666859879,638.5510888772312,54.391088877231255
TR-042573,2025-09-27,september,Flatbed,663.8,1633.96,1620.4124623797798,1471.3134164448884,1545.862939412334,88.09706058766596
TR-042574,2025-09-27,september,Dry Van,1163.3,2292.18,2232.0198637404415,2227.021851727887,2229.5208577341646,62.65914226583527
TR-042575,2025-09-27,september,Reefer,291.5,804.32,776.6307415552997,888.4728467781788,832.5517941667392,28.231794166739178
TR-042576,2025-09-27,september,Dry Van,722.3,1583.61,1516.2283299544836,1526.027802972873,1521.1280664636784,62.48193353632155
TR-042577,2025-09-27,september,Flatbed,291.6,871.46,810.3708029184096,836.1665945332747,823.2686987258421,48.19130127415792
TR-042578,2025-09-27,september,Dry Van,460.2,1076.42,1062.6927333691524,1061.421798323336,1062.0572658462443,14.36273415375581
TR-042579,2025-09-27,september,Dry Van,1733.0,3190.59,3115.8955050381146,3116.786814615034,3116.3411598265743,74.24884017342583
TR-042580,2025-09-27,september,Flatbed,836.3,2002.72,1903.2104466502158,1943.6704789948062,1923.440462822511,79.27953717748892
TR-042581,2025-09-27,september,Flatbed,951.2,2114.27,2057.5657300400044,2063.0245515817796,2060.295140810892,53.974859189107974
TR-042582,2025-09-27,september,Dry Van,1674.6,3385.79,3265.792915777433,3197.4338492014467,3231.6133824894396,154.1766175105604
TR-042583,2025-09-27,september,Dry Van,1576.5,3171.86,3043.016184640224,3088.2404196181387,3065.628302129181,106.23169787081906
TR-042584,2025-09-27,september,Dry Van,520.1,1119.0,1083.5919673210653,1095.6808896258972,1089.6364284734814,29.363571526518626
TR-042585,2025-09-27,september,Flatbed,170.8,526.16,479.294775183174,564.666934566299,521.9808548747365,4.179145125263517
TR-042586,2025-09-27,september,Dry Van,1093.8,2119.88,2081.162341313156,2085.2175457049534,2083.1899435090545,36.69005649094561
TR-042587,2025-09-27,september,Dry Van,936.2,1875.07,1868.9231158700427,1827.3933541663719,1848.1582350182073,26.911764981792658
TR-042588,2025-09-27,september,Dry Van,1055.8,2146.22,2190.4118048613723,2170.670585341648,2180.5411951015103,34.32119510151051
TR-042589,2025-09-27,september,Flatbed,668.4,1692.33,1693.537195572054,1566.129629029365,1629.8334123007096,62.49658769929033
TR-042590,2025-09-27,september,Flatbed,554.3,1467.23,1429.4790042882541,1361.6647455375428,1395.5718749128985,71.65812508710155
TR-042591,2025-09-27,september,Flatbed,372.0,965.68,900.5832854120785,902.666029274619,901.6246573433486,64.0553426566513
TR-042592,2025-09-27,september,Flatbed,527.0,1378.86,1357.5284975203147,1317.044669461692,1337.2865834910033,41.573416508996615
TR-042593,2025-09-27,september,Dry Van,983.7,2043.1,2062.2428376377698,2042.0605670156688,2052.1517023267193,9.05170232671935
TR-042594,2025-09-27,september,Reefer,959.2,2271.11,2237.1206323252673,2198.564058619537,2217.842345472402,53.2676545275981
TR-042595,2025-09-27,september,Dry Van,1396.8,2706.85,2687.4272600828326,2720.3507928595614,2703.889026471197,2.960973528802697
TR-042596,2025-09-27,september,Reefer,2168.1,4509.16,4328.379977323924,4337.746713113509,4333.063345218717,176.09665478128318
TR-042597,2025-09-27,september,Dry Van,663.4,1407.84,1365.658858473279,1341.611809812514,1353.6353341428965,54.204665857103464
TR-042598,2025-09-27,september,Dry Van,827.5,1840.77,1844.352995716565,1775.1669327227219,1809.7599642196433,31.010035780356702
TR-042599,2025-09-27,september,Dry Van,1184.4,2314.18,2302.3470398761774,2346.539434735422,2324.4432373058,10.263237305799976
TR-042600,2025-09-27,september,Reefer,2412.0,5204.12,4872.336572493028,4888.606024503621,4880.471298498324,323.64870150167553
TR-042601,2025-09-27,september,Flatbed,2040.2,4380.96,3994.251249094162,3981.474954793936,3987.863101944049,393.096898055951
TR-042602,2025-09-27,september,Dry Van,573.0,1331.02,1277.2833493806284,1272.2275798609496,1274.755464620789,56.26453537921088
TR-042603,2025-09-27,september,Dry Van,415.2,983.64,958.3963920231676,942.0818362977996,950.2391141604835,33.40088583951649
TR-042604,2025-09-27,september,Reefer,1177.3,2703.71,2566.8566148445625,2565.2775450451295,2566.0670799448462,137.6429200551538
TR-042605,2025-09-27,september,Dry Van,2126.6,3878.07,3805.6812728641275,3808.599371295936,3807.140322080032,70.92967791996807
TR-042606,2025-09-27,september,Dry Van,498.5,1157.62,1130.2600778417734,1114.660623298194,1122.4603505699838,35.15964943001609
TR-042607,2025-09-27,september,Dry Van,176.4,490.81,470.6943969804231,534.3799366196954,502.53716680005925,11.727166800059251
TR-042608,2025-09-27,september,Dry Van,1722.6,3381.92,3289.7669459589033,3229.0162528923906,3259.3915994256467,122.52840057435333
TR-042609,2025-09-27,september,Dry Van,1183.3,2442.27,2394.316626545732,2413.0696943377843,2403.693160441758,38.57683955824177
TR-042610,2025-09-27,september,Dry Van,576.3,1321.91,1267.3772417134924,1281.0558755599463,1274.2165586367194,47.693441363280726
TR-042611,2025-09-27,september,Flatbed,463.6,1146.87,1066.2615749353374,1091.4312604584354,1078.8464176968864,68.02358230311347
TR-042612,2025-09-27,september,Dry Van,1828.6,3330.74,3296.9487113342134,3344.9919396642426,3320.9703254992282,9.769674500771544
TR-042613,2025-09-27,september,Dry Van,389.7,916.16,892.8063906194457,905.6788023349545,899.2425964772001,16.917403522799873
TR-042614,2025-09-27,september,Flatbed,587.1,1361.47,1264.276610848995,1277.3126066101827,1270.7946087295888,90.67539127041118
TR-042615,2025-09-27,september,Dry Van,1211.3,2496.2,2486.823709712533,2419.80378187431,2453.3137457934217,42.88625420657809
TR-042616,2025-09-27,september,Reefer,831.0,1886.36,1879.7756887131065,1854.3586032361056,1867.067145974606,19.292854025393808
TR-042617,2025-09-27,september,Reefer,973.4,2156.27,2121.3035734767905,2112.83840876331,2117.07099112005,39.199008879949815
TR-042618,2025-09-27,september,Dry Van,1151.6,2290.39,2235.0796913768095,2261.3531567735517,2248.216424075181,42.17357592481903
TR-042619,2025-09-27,september,Flatbed,1404.8,3171.04,2898.7260970011016,3033.70003911621,2966.213068058656,204.8269319413439
TR-042620,2025-09-27,september,Flatbed,1842.9,3802.71,3598.482569255161,3686.082220831583,3642.282395043372,160.42760495662787
TR-042621,2025-09-27,september,Dry Van,2159.5,3995.74,3911.2903236035686,3837.3913471070796,3874.340835355324,121.3991646446757
TR-042622,2025-09-27,september,Dry Van,2012.3,3890.78,3851.159165064245,3789.905613343418,3820.5323892038314,70.24761079616883
TR-042623,2025-09-27,september,Flatbed,1650.2,3408.02,3185.015213086663,3228.9163639443177,3206.96578851549,201.05421148450978
TR-042624,2025-09-27,september,Dry Van,811.9,1700.72,1645.5778681631007,1625.5044343951909,1635.5411512791457,65.17884872085438
TR-042625,2025-09-27,september,Dry Van,615.8,1315.81,1277.8462091118683,1275.8491808812569,1276.8476949965625,38.96230500343745
TR-042626,2025-09-27,september,Reefer,569.1,1349.68,1336.2715560186552,1327.9517629440759,1332.1116594813657,17.568340518634386
TR-042627,2025-09-27,september,Flatbed,1453.8,3325.68,3002.8080311533577,3114.603901284162,3058.70596621876,266.97403378124
TR-042628,2025-09-27,september,Dry Van,397.3,891.87,859.3333402573788,834.4621081223752,846.897724189877,44.97227581012305
TR-042629,2025-09-27,september,Reefer,331.2,952.82,887.3869824839634,902.5635381472989,894.9752603156312,57.84473968436885
TR-042630,2025-09-27,september,Dry Van,1285.2,2583.02,2558.4475593383786,2490.124066737242,2524.2858130378104,58.7341869621896
TR-042631,2025-09-27,september,Reefer,273.2,815.6,771.0954904128407,831.1866627910588,801.1410766019497,14.458923398050274
TR-042632,2025-09-27,september,Dry Van,437.6,976.42,950.7548783406954,951.3158343577425,951.035356349219,25.38464365078096
TR-042633,2025-09-27,september,Reefer,1905.2,4427.33,4027.2644283066247,4131.772045335272,4079.5182368209485,347.81176317905147
TR-042634,2025-09-27,september,Reefer,1448.3,3311.83,3101.8503585247786,3184.8586804465367,3143.354519485658,168.47548051434205
TR-042635,2025-09-27,september,Dry Van,2949.2,5438.66,5271.082781662121,5368.156512079565,5319.619646870843,119.04035312915676
TR-042636,2025-09-27,september,Dry Van,2538.1,4489.52,4430.622500610302,4296.504610369967,4363.563555490135,125.95644450986583
TR-042637,2025-09-27,september,Dry Van,590.0,1233.05,1226.852117268395,1241.4552597101253,1234.1536884892603,1.1036884892603211
TR-042638,2025-09-27,september,Reefer,1656.5,3859.28,3492.2563803632206,3628.1560613975,3560.20622088036,299.0737791196402
TR-042639,2025-09-27,september,Dry Van,1048.7,2272.14,2166.5157138812433,2127.952238363954,2147.2339761225985,124.90602387740137
TR-042640,2025-09-27,september,Dry Van,411.9,1014.25,988.8415066351542,990.4844347674496,989.6629707013019,24.5870292986981
TR-042641,2025-09-27,september,Reefer,1056.0,2532.76,2431.8087090759163,2403.568470084794,2417.6885895803553,115.07141041964496
TR-042642,2025-09-27,september,Dry Van,781.3,1677.41,1635.187534503844,1591.0272232106668,1613.1073788572553,64.30262114274478
TR-042643,2025-09-27,september,Reefer,519.9,1317.5,1252.0846589010928,1243.2661697784145,1247.6754143397536,69.82458566024638
TR-042644,2025-09-27,september,Dry Van,566.8,1347.11,1286.1093579411393,1280.7985576120082,1283.4539577765736,63.65604222342631
TR-042645,2025-09-27,september,Dry Van,985.2,2056.61,1993.0168150335644,1980.4582869559918,1986.737550994778,69.87244900522205
TR-042646,2025-09-27,september,Dry Van,3183.8,13420.59,5604.678348258229,5671.12021731756,5637.899282787894,7782.690717212106
TR-042647,2025-09-27,september,Reefer,1128.8,2701.16,2567.2845859666822,2550.4369281679687,2558.8607570673257,142.29924293267413
TR-042648,2025-09-27,september,Dry Van,758.9,1587.63,1537.8248774984795,1521.1028232700987,1529.4638503842891,58.16614961571099
TR-042649,2025-09-27,september,Dry Van,519.9,1077.11,1047.0663220929607,1037.0937915210707,1042.0800568070158,35.02994319298409
TR-042650,2025-09-27,september,Dry Van,963.2,1919.24,1825.3943246186525,1836.016539859352,1830.7054322390022,88.53456776099779
TR-042651,2025-09-27,september,Dry Van,580.9,1371.1,1338.32768284916,1293.8133445763715,1316.0705137127657,55.02948628723425
TR-042652,2025-09-27,september,Dry Van,638.4,1433.8,1388.7111989778484,1350.799588890965,1369.7553939344066,64.04460606559337
TR-042653,2025-09-27,september,Dry Van,1074.2,2087.18,2060.004663348418,2071.804892403836,2065.904777876127,21.275222123872936
TR-042654,2025-09-27,september,Dry Van,141.9,386.73,367.75488044117054,388.98820682232554,378.37154363174807,8.35845636825195
TR-042655,2025-09-27,september,Dry Van,3232.0,6039.73,5704.720137800585,5730.896502302448,5717.808320051517,321.92167994848296
TR-042656,2025-09-27,september,Dry Van,1781.2,3466.52,3415.924282148898,3323.6048194927967,3369.764550820847,96.75544917915295
TR-042657,2025-09-27,september,Reefer,936.6,2248.59,2166.440036941071,2158.524757403403,2162.482397172237,86.107602827763
TR-042658,2025-09-27,september,Dry Van,907.7,1938.08,1857.7749566642754,1858.62070345596,1858.1978300601177,79.88216993988226
TR-042659,2025-09-27,september,Dry Van,1453.1,2948.77,2834.149483856726,2808.150721005603,2821.1501024311647,127.61989756883531
TR-042660,2025-09-27,september,Reefer,811.6,1944.78,1902.4627729050299,1852.0117654497249,1877.2372691773774,67.54273082262262
TR-042661,2025-09-27,september,Flatbed,769.6,1726.89,1613.6644240959424,1568.7049820285658,1591.1847030622541,135.70529693774597
TR-042662,2025-09-27,september,Flatbed,638.9,1529.34,1435.333666666609,1407.4161308484317,1421.3748987575204,107.96510124247948
TR-042663,2025-09-27,september,Reefer,974.8,2304.14,2241.106893349784,2215.2500745071197,2228.178483928452,75.96151607154798
TR-042664,2025-09-27,september,Dry Van,2279.0,4190.5,4113.522316130205,4121.684469873842,4117.603393002024,72.89660699797605
TR-042665,2025-09-27,september,Reefer,742.8,1840.83,1851.7981448294906,1782.869840973641,1817.3339929015658,23.49600709843412
TR-042666,2025-09-27,september,Dry Van,1114.6,2186.6,2159.319491580059,2156.955756034657,2158.137623807358,28.46237619264184
TR-042667,2025-09-27,september,Dry Van,1863.4,3436.63,3433.892561923146,3408.100235124458,3420.996398523802,15.633601476198237
TR-042668,2025-09-27,september,Reefer,2204.2,4662.25,4280.698783104315,4359.522635931683,4320.110709518,342.13929048200043
TR-042669,2025-09-27,september,Dry Van,239.0,634.61,580.9802860061739,662.6824679197077,621.8313769629408,12.77862303705922
TR-042670,2025-09-27,september,Dry Van,1241.1,2438.48,2388.2952885095333,2361.6072357679486,2374.951262138741,63.52873786125883
TR-042671,2025-09-27,september,Dry Van,336.1,784.6,762.6719118502422,787.9724436674421,775.3221777588421,9.277822241157878
TR-042672,2025-09-27,september,Reefer,917.1,2296.04,2251.2762250802407,2178.828663709823,2215.0524443950317,80.98755560496829
TR-042673,2025-09-27,september,Reefer,2487.1,5454.91,5193.177480113924,5101.537756020027,5147.357618066975,307.55238193302466
TR-042674,2025-09-27,september,Reefer,1785.6,3974.29,3642.1066133399977,3721.7821522204886,3681.9443827802434,292.3456172197566
TR-042675,2025-09-27,september,Flatbed,417.6,1001.0,916.6046846012695,929.4932933600644,923.048988980667,77.95101101933301
TR-042676,2025-09-27,september,Flatbed,1823.4,3900.3,3599.187921150404,3651.581640472462,3625.384780811433,274.91521918856733
TR-042677,2025-09-27,september,Reefer,977.8,2212.19,2145.535077461555,2140.284977315058,2142.9100273883064,69.27997261169367
TR-042678,2025-09-27,september,Flatbed,330.0,839.84,771.6093333385037,785.4028844799902,778.5061089092469,61.33389109075313
TR-042679,2025-09-27,september,Reefer,616.0,1537.28,1520.1189727161723,1470.2808355842276,1495.1999041502,42.080095849800045
TR-042680,2025-09-27,september,Reefer,935.8,2180.76,2133.9273372234284,2112.423198961245,2123.1752680923364,57.58473190766381
TR-042681,2025-09-27,september,Dry Van,989.4,1957.42,1967.7911453870122,1972.7654616911725,1970.2783035390923,12.858303539092276
TR-042682,2025-09-27,september,Reefer,839.1,1929.82,1909.8539856370155,1919.01058901891,1914.4322873279627,15.387712672037196
TR-042683,2025-09-27,september,Reefer,851.5,2057.32,2082.9339733927836,2020.3432680409883,2051.638620716886,5.6813792831139835
TR-042684,2025-09-27,september,Dry Van,2489.8,4317.37,4248.494687985943,4396.702397146074,4322.598542566008,5.2285425660084
TR-042685,2025-09-27,september,Reefer,154.4,476.13,439.9080511602947,542.0284858762182,490.9682685182564,14.838268518256427
TR-042686,2025-09-27,september,Dry Van,1527.3,3101.26,2947.904660913344,2979.5003335954116,2963.7024972543777,137.55750274562251
TR-042687,2025-09-27,september,Dry Van,2314.1,4249.3,4289.885141930645,4184.221933954683,4237.053537942664,12.24646205733643
TR-042688,2025-09-27,september,Reefer,377.7,989.93,925.3391936055656,945.5071307898268,935.4231621976962,54.50683780230372
TR-042689,2025-09-27,september,Dry Van,1587.3,3184.6,3194.6946896349586,3108.9383867852166,3151.816538210088,32.78346178991205
TR-042690,2025-09-27,september,Dry Van,691.0,1345.5,1381.2993346111134,1358.5742591733087,1369.936796892211,24.436796892211078
TR-042691,2025-09-27,september,Reefer,1112.0,2627.09,2518.117893636601,2483.7397709943316,2500.928832315466,126.16116768453412
TR-042692,2025-09-27,september,Reefer,1122.7,2577.85,2541.523430998712,2503.4474192443477,2522.4854251215297,55.364574878470194
TR-042693,2025-09-27,september,Reefer,2505.3,5195.38,4879.736444926642,4775.050930985761,4827.393687956202,367.98631204379853
TR-042694,2025-09-27,september,Dry Van,2811.7,5082.25,4926.485942238666,4796.760679661973,4861.623310950319,220.62668904968086
TR-042695,2025-09-27,september,Dry Van,224.8,530.21,535.4481497083983,527.0806154421521,531.2643825752752,1.0543825752752127
TR-042696,2025-09-27,september,Dry Van,295.6,747.51,722.8215263974057,728.3847180375026,725.6031222174541,21.90687778254585
TR-042697,2025-09-27,september,Flatbed,939.6,2129.9,1975.7523990741781,1977.6790299399047,1976.7157145070414,153.18428549295868
TR-042698,2025-09-27,september,Reefer,673.5,1672.82,1652.1088701061356,1569.9109541385294,1611.0099121223325,61.810087877667456
TR-042699,2025-09-27,september,Dry Van,334.9,752.71,724.1876310860781,754.286742218161,739.2371866521196,13.472813347880447
TR-042700,2025-09-27,september,Reefer,905.9,2119.15,2082.761469837737,2042.2715186684427,2062.51649425309,56.63350574691003
TR-042701,2025-09-27,september,Flatbed,527.6,1412.29,1388.1183154894754,1319.5226906041821,1353.820503046829,58.469496953171074
TR-042702,2025-09-27,september,Dry Van,3285.9,6112.28,5795.352748300403,5822.275205848517,5808.81397707446,303.4660229255396
TR-042703,2025-09-27,september,Dry Van,1580.4,2999.69,2884.0483510514277,2891.7206865205803,2887.8845187860043,111.80548121399579
TR-042704,2025-09-27,september,Dry Van,2428.2,4493.91,4458.870240561994,4356.135483118076,4407.502861840036,86.40713815996423
TR-042705,2025-09-27,september,Dry Van,620.6,1279.9,1263.090270514768,1275.092023171793,1269.0911468432805,10.808853156719579
TR-042706,2025-09-27,september,Dry Van,2231.3,4286.1,4241.762013183041,4208.434887163821,4225.098450173431,61.00154982656932
TR-042707,2025-09-27,september,Dry Van,509.6,1138.54,1114.581864117117,1114.0219673346828,1114.3019157259,24.238084274099947
TR-042708,2025-09-28,september,Dry Van,493.0,1093.77,1030.2145841321496,1022.34879625909,1026.2816901956198,67.48830980438015
TR-042709,2025-09-28,september,Reefer,820.0,2008.04,2046.8532819022964,1998.5481997032934,2022.7007408027948,14.660740802794862
TR-042710,2025-09-28,september,Dry Van,1457.5,2928.47,2874.8478007575295,2852.2637706059763,2863.555785681753,64.91421431824665
TR-042711,2025-09-28,september,Reefer,956.7,2285.6,2221.4299304807564,2201.7709514777594,2211.6004409792577,73.99955902074225
TR-042712,2025-09-28,september,Reefer,832.1,2108.91,2115.8356688912304,2036.8721076678432,2076.353888279537,32.55611172046292
TR-042713,2025-09-28,september,Dry Van,318.2,773.3,757.62398236647,776.0721211793007,766.8480517728854,6.451948227114599
TR-042714,2025-09-28,september,Dry Van,693.6,1490.97,1475.3497673359127,1419.375012412025,1447.3623898739688,43.607610126031204
TR-042715,2025-09-28,september,Dry Van,622.2,1251.3,1228.0869302607298,1241.4033162724809,1234.7451232666053,16.55487673339462
TR-042716,2025-09-28,september,Dry Van,484.3,1081.43,1037.8633558597724,1029.9570411506784,1033.9101985052253,47.51980149477481
TR-042717,2025-09-28,september,Dry Van,281.3,662.77,637.145415535606,669.9792364417813,653.5623259886936,9.20767401130638
TR-042718,2025-09-28,september,Dry Van,1690.0,3176.32,2961.2441021952,3037.7100966224643,2999.477099408832,176.84290059116802
TR-042719,2025-09-28,september,Dry Van,286.0,713.74,690.6805308554948,686.6512475100619,688.6658891827783,25.074110817221708
TR-042720,2025-09-28,september,Reefer,391.7,1137.0,1067.23786908415,1052.6327657689192,1059.9353174265345,77.06468257346546
TR-042721,2025-09-28,september,Dry Van,1219.7,2519.53,2444.6672448258823,2425.1490809216402,2434.9081628737613,84.62183712623892
TR-042722,2025-09-28,september,Flatbed,2540.7,5116.14,4722.4128603605595,4668.9280996626785,4695.670480011619,420.46951998838176
TR-042723,2025-09-28,september,Flatbed,647.7,1451.38,1324.5543293895087,1367.056874291477,1345.8056018404927,105.57439815950738
TR-042724,2025-09-28,september,Dry Van,185.1,515.71,481.6214025587848,561.9190129333062,521.7702077460456,6.060207746045535
TR-042725,2025-09-28,september,Flatbed,1932.8,3964.27,3704.872351438899,3716.8037169256877,3710.838034182293,253.4319658177069
TR-042726,2025-09-28,september,Dry Van,417.9,1046.48,1006.9668018364066,1008.4585689388184,1007.7126853876125,38.76731461238751
TR-042727,2025-09-28,september,Dry Van,1285.0,2576.92,2522.587960291747,2482.9365188176216,2502.762239554684,74.15776044531594
TR-042728,2025-09-28,september,Dry Van,688.2,1416.65,1365.650050222472,1343.5094574066911,1354.5797538145816,62.070246185418455
TR-042729,2025-09-28,september,Dry Van,508.9,1137.5,1108.5786108738785,1091.107901003012,1099.8432559384453,37.65674406155472
TR-042730,2025-09-28,september,Dry Van,837.7,1714.87,1651.1658713105685,1662.8846440655782,1657.0252576880735,57.84474231192644
TR-042731,2025-09-28,september,Dry Van,599.8,1320.09,1264.2387060968724,1271.0099239064546,1267.6243150016635,52.46568499833643
TR-042732,2025-09-28,september,Flatbed,768.8,1953.03,1919.7482900453142,1798.8996778286569,1859.3239839369855,93.70601606301443
TR-042733,2025-09-28,september,Dry Van,2041.2,3981.74,3913.2134370039294,3847.94761291423,3880.5805249590794,101.15947504092037
TR-042734,2025-09-28,september,Dry Van,1053.3,2043.62,2064.9151951837207,2086.4818117658137,2075.698503474767,32.07850347476733
TR-042735,2025-09-28,september,Dry Van,910.8,1811.32,1733.853604093301,1727.0788809770916,1730.4662425351962,80.85375746480372
TR-042736,2025-09-28,september,Dry Van,1943.0,12797.54,3525.3054763244922,3477.8800730394587,3501.5927746819752,9295.947225318025
TR-042737,2025-09-28,september,Dry Van,544.8,1152.43,1159.3432089030046,1163.8141952886585,1161.5787020958314,9.148702095831368
TR-042738,2025-09-28,september,Dry Van,456.7,988.29,969.8251285208675,990.9931637525558,980.4091461367116,7.880853863288394
TR-042739,2025-09-28,september,Dry Van,738.9,1604.79,1571.580730857479,1549.6723448275752,1560.6265378425271,44.16346215747285
TR-042740,2025-09-28,september,Flatbed,484.0,1244.65,1172.4732225406588,1148.6528913330342,1160.5630569368464,84.08694306315374
TR-042741,2025-09-28,september,Flatbed,1131.2,2440.28,2365.336635895511,2285.4612554121663,2325.3989456538384,114.88105434616182
TR-042742,2025-09-28,september,Dry Van,1067.5,2161.46,2197.329841647851,2177.561080217582,2187.4454609327167,25.985460932716705
TR-042743,2025-09-28,september,Reefer,753.5,1781.92,1812.9398918855932,1771.0394186338322,1791.9896552597127,10.06965525971259
TR-042744,2025-09-28,september,Dry Van,435.5,1060.01,1015.6172072159314,1056.372129842792,1035.9946685293617,24.01533147063833
TR-042745,2025-09-28,september,Flatbed,647.3,1519.45,1412.1102646557645,1409.5964241147526,1410.8533443852584,108.59665561474162
TR-042746,2025-09-28,september,Flatbed,1833.8,3934.89,3655.4584586023707,3722.8168707764034,3689.137664689387,245.75233531061303
TR-042747,2025-09-28,september,Dry Van,771.0,1628.9,1571.295515450031,1526.6351081840428,1548.9653118170368,79.93468818296333
TR-042748,2025-09-28,september,Dry Van,615.6,1410.12,1351.789069664426,1352.1468702952939,1351.9679699798598,58.152030020140046
TR-042749,2025-09-28,september,Flatbed,995.9,2438.58,2303.03103712684,2190.376022871794,2246.7035299993167,191.87647000068318
TR-042750,2025-09-28,september,Dry Van,470.5,1084.53,1044.171323494575,1057.503608393266,1050.8374659439205,33.69253405607947
TR-042751,2025-09-28,september,Dry Van,1625.6,3188.14,3095.400498163259,3160.7639688093077,3128.0822334862833,60.057766513716615
TR-042752,2025-09-28,september,Flatbed,834.4,2010.31,1972.2325036526095,1926.068274751959,1949.1503892022843,61.159610797715686
TR-042753,2025-09-28,september,Dry Van,323.7,753.24,737.8441953386724,753.7946186648194,745.819407001746,7.420592998254051
TR-042754,2025-09-28,september,Reefer,1844.9,4230.2,3848.37034050848,3880.7363249372584,3864.553332722869,365.64666727713075
TR-042755,2025-09-28,september,Dry Van,885.0,1639.84,1608.226902238732,1641.1885506973385,1624.7077264680352,15.132273531964756
TR-042756,2025-09-28,september,Flatbed,2578.1,5406.93,4899.8071148743975,4930.472050559992,4915.139582717195,491.7904172828057
TR-042757,2025-09-28,september,Dry Van,1110.2,2151.5,2169.283602257333,2191.928461148045,2180.6060317026886,29.106031702688597
TR-042758,2025-09-28,september,Dry Van,296.5,718.39,701.7227617845842,740.6216137185274,721.1721877515558,2.7821877515558526
TR-042759,2025-09-28,september,Flatbed,822.1,1873.55,1795.6225313814107,1801.6786384369877,1798.650584909199,74.89941509080086
TR-042760,2025-09-28,september,Dry Van,610.2,1296.2,1237.5688096895249,1245.487934705258,1241.5283721973915,54.671627802608555
TR-042761,2025-09-28,september,Dry Van,1831.0,3288.85,3221.4213328663595,3235.50360814679,3228.462470506575,60.38752949342506
TR-042762,2025-09-28,september,Dry Van,2071.6,3645.77,3543.097199161787,3624.1806557459304,3583.6389274538587,62.13107254614124
TR-042763,2025-09-28,september,Flatbed,2695.0,5754.21,5128.770389384746,5099.149070061687,5113.959729723216,640.2502702767842
TR-042764,2025-09-28,september,Flatbed,332.5,930.58,848.7204590786072,875.7076474712071,862.2140532749072,68.36594672509284
TR-042765,2025-09-28,september,Reefer,1159.3,2641.2,2557.264126643767,2549.1596398184656,2553.211883231116,87.98811676888363
TR-042766,2025-09-28,september,Dry Van,1251.4,2453.74,2444.8137582360364,2381.8755270906427,2413.3446426633395,40.395357336660254
TR-042767,2025-09-28,september,Flatbed,955.2,2306.76,2150.517791227134,2127.4059434800447,2138.9618673535892,167.79813264641098
TR-042768,2025-09-28,september,Dry Van,1778.7,3441.04,3200.6381493211297,3264.4771795392926,3232.557664430211,208.48233556978903
TR-042769,2025-09-28,september,Reefer,718.4,1652.67,1640.28776519328,1604.6642027903695,1622.4759839918247,30.194016008175367
TR-042770,2025-09-28,september,Reefer,121.2,389.7,331.4842814483688,482.3877859741094,406.93603371123913,17.236033711239145
TR-042771,2025-09-28,september,Flatbed,243.9,690.48,648.9317980344924,654.1418724699224,651.5368352522074,38.94316474779259
TR-042772,2025-09-28,september,Dry Van,1313.7,2741.16,2661.6622571657135,2615.2460520003415,2638.4541545830275,102.70584541697235
TR-042773,2025-09-28,september,Reefer,861.4,2075.87,2094.2467712585426,2070.768391793393,2082.507581525968,6.637581525968017
TR-042774,2025-09-28,september,Reefer,1869.4,4097.27,3855.4120973969966,4039.432408238833,3947.422252817915,149.84774718208564
TR-042775,2025-09-28,september,Dry Van,931.9,1969.64,1990.2062902161745,2011.2361198395606,2000.7212050278677,31.081205027867554
TR-042776,2025-09-28,september,Reefer,697.2,1723.88,1720.221631905172,1595.0906193839478,1657.6561256445598,66.22387435544033
TR-042777,2025-09-28,september,Flatbed,316.2,901.55,828.2852899709094,837.4944068234595,832.8898483971844,68.66015160281552
TR-042778,2025-09-28,september,Reefer,457.5,1309.13,1271.033835690628,1237.0984419285637,1254.066138809596,55.06386119040417
TR-042779,2025-09-28,september,Reefer,1751.0,3751.81,3493.129092287802,3578.7574380921933,3535.943265189998,215.86673481000207
TR-042780,2025-09-28,september,Dry Van,2098.9,3906.11,3838.365195725331,3678.671865956774,3758.518530841053,147.59146915894735
TR-042781,2025-09-28,september,Reefer,1842.1,4028.7,3683.0167049562924,3784.120073295225,3733.5683891257586,295.13161087424123
TR-042782,2025-09-28,september,Dry Van,1454.8,2724.61,2579.2949454097975,2618.58477360817,2598.939859508984,125.67014049101635
TR-042783,2025-09-28,september,Dry Van,2246.0,4211.03,4129.543161334745,3938.126349770402,4033.8347555525734,177.19524444742638
TR-042784,2025-09-28,september,Flatbed,479.1,1207.36,1086.478196927378,1129.1384374105603,1107.808317168969,99.5516828310308
TR-042785,2025-09-28,september,Reefer,691.8,1687.68,1663.7836231838787,1578.1346484057099,1620.9591357947943,66.72086420520577
TR-042786,2025-09-28,september,Dry Van,882.7,1834.37,1843.8580190170258,1805.7847371906648,1824.8213781038453,9.5486218961546
TR-042787,2025-09-28,september,Reefer,1234.3,2811.69,2679.042868353598,2643.9922864911937,2661.517577422396,150.17242257760427
TR-042788,2025-09-28,september,Dry Van,1103.7,2222.13,2266.802949005911,2259.3686633698717,2263.0858061878916,40.95580618789154
TR-042789,2025-09-28,september,Dry Van,2080.5,3940.37,3831.7015263022217,3835.75214741765,3833.726836859936,106.64316314006373
TR-042790,2025-09-28,september,Dry Van,495.2,1130.78,1065.7528105081333,1063.1402040403364,1064.4465072742348,66.33349272576515
TR-042791,2025-09-28,september,Dry Van,1217.2,2349.87,2288.19846475227,2310.668061714991,2299.4332632336304,50.43673676636945
TR-042792,2025-09-28,september,Dry Van,696.3,1405.8,1317.8260556986102,1308.1052841184605,1312.9656699085353,92.83433009146461
TR-042793,2025-09-28,september,Dry Van,292.0,679.49,661.0820532709664,689.2910778007615,675.186565535864,4.303434464135989
TR-042794,2025-09-28,september,Reefer,1010.5,2341.7,2248.4162628490385,2276.989383764928,2262.702823306983,78.99717669301663
TR-042795,2025-09-28,september,Dry Van,734.7,1592.02,1552.0137627852123,1552.3048578578225,1552.1593103215173,39.860689678482686
TR-042796,2025-09-28,september,Reefer,863.3,1914.47,1915.0737328464832,1901.5350954840621,1908.3044141652726,6.165585834727381
TR-042797,2025-09-28,september,Flatbed,763.1,1741.04,1613.4710045434447,1600.4819936566723,1606.9764991000584,134.06350089994157
TR-042798,2025-09-28,september,Reefer,1044.7,2431.83,2345.279734040434,2320.5031577069403,2332.891445873687,98.93855412631274
TR-042799,2025-09-28,september,Dry Van,2171.3,4092.63,4089.504624829415,4030.1890830348566,4059.8468539321357,32.783146067864436
TR-042800,2025-09-28,september,Dry Van,1087.6,835.1,2220.128068318481,2160.98562831102,2190.5568483147504,1355.4568483147505
TR-042801,2025-09-28,september,Dry Van,1086.1,2027.96,2024.4039899455247,2068.018321013808,2046.2111554796663,18.251155479666295
TR-042802,2025-09-28,september,Flatbed,203.5,572.78,513.745858653417,557.3672183993367,535.5565385263769,37.22346147362305
TR-042803,2025-09-28,september,Reefer,285.2,774.13,765.7135685306807,876.075683110924,820.8946258208024,46.764625820802394
TR-042804,2025-09-28,september,Dry Van,1362.2,2562.73,2559.0758489243576,2507.875297798928,2533.475573361643,29.254426638357018
TR-042805,2025-09-28,september,Dry Van,1097.5,2265.28,2239.21782263596,2177.1961713590176,2208.206996997489,57.073003002511086
TR-042806,2025-09-28,september,Reefer,221.3,659.63,645.4167047558757,702.2811638877331,673.8489343218043,14.21893432180434
TR-042807,2025-09-28,september,Reefer,650.1,1517.69,1506.233783155978,1506.40717158087,1506.320477368424,11.369522631576046
TR-042808,2025-09-28,september,Dry Van,1546.2,3064.0,2943.18845196765,3004.923966125298,2974.056209046474,89.94379095352588
TR-042809,2025-09-28,september,Flatbed,459.6,1163.05,1141.7802000846764,1120.0826652536468,1130.9314326691615,32.11856733083846
TR-042810,2025-09-28,september,Dry Van,2067.8,3865.31,3728.2836786688986,3639.3097635992954,3683.796721134097,181.51327886590298
TR-042811,2025-09-28,september,Reefer,461.1,1110.79,1050.9365923744501,1076.14815505974,1063.542373717095,47.247626282905
TR-042812,2025-09-28,september,Dry Van,917.6,1877.01,1818.970298658494,1797.104635707064,1808.037467182779,68.97253281722101
TR-042813,2025-09-28,september,Dry Van,1631.3,3175.1,3069.4637175166904,3083.056941468475,3076.260329492583,98.83967050741694
TR-042814,2025-09-28,september,Dry Van,589.0,1235.23,1200.3427541750502,1215.2645461698457,1207.803650172448,27.42634982755203
TR-042815,2025-09-28,september,Reefer,398.1,1071.17,1033.8191417412083,1027.2838192434058,1030.551480492307,40.61851950769301
TR-042816,2025-09-28,september,Dry Van,1003.2,1998.56,2061.2554690903066,2020.1612076198112,2040.708338355059,42.14833835505897
TR-042817,2025-09-28,september,Dry Van,896.3,1837.98,1766.379599366248,1775.2476908582476,1770.8136451122477,67.16635488775228
TR-042818,2025-09-28,september,Dry Van,1028.1,1970.93,1972.6152494153998,1999.6800411646627,1986.1476452900313,15.217645290031214
TR-042819,2025-09-28,september,Flatbed,1840.5,3646.22,3448.9869436275058,3405.1223417508545,3427.05464268918,219.16535731081967
TR-042820,2025-09-28,september,Dry Van,2287.0,4095.03,4059.8431197281416,4004.033051763419,4031.93808574578,63.09191425422023
TR-042821,2025-09-28,september,Dry Van,1465.4,2946.68,2830.108993726873,2853.4470516944866,2841.7780227106796,104.90197728932026
TR-042822,2025-09-28,september,Reefer,3030.7,6276.34,5730.521612472795,5835.949922522307,5783.235767497551,493.1042325024491
TR-042823,2025-09-28,september,Reefer,862.6,759.15,2116.874371229451,2084.1597674889636,2100.517069359207,1341.367069359207
TR-042824,2025-09-28,september,Reefer,830.8,2019.44,2009.956611682441,1991.2704900207345,2000.6135508515877,18.826449148412394
TR-042825,2025-09-28,september,Dry Van,1384.4,2636.98,2638.3455129889417,2674.705315290199,2656.5254141395703,19.545414139570312
TR-042826,2025-09-28,september,Dry Van,518.8,1154.54,1148.5719294092137,1130.898859403973,1139.7353944065933,14.804605593406677
TR-042827,2025-09-28,september,Dry Van,837.7,1784.89,1740.6940201565942,1721.0259695387215,1730.8599948476578,54.030005152342255
TR-042828,2025-09-28,september,Dry Van,526.9,1173.97,1168.0167952180539,1149.0317621641489,1158.5242786911012,15.445721308898783
TR-042829,2025-09-28,september,Flatbed,173.3,510.64,451.89480274961716,455.3396882678096,453.6172455087134,57.022754491286605
TR-042830,2025-09-28,september,Flatbed,1159.5,2643.41,2479.732760261675,2429.9316061585173,2454.8321832100964,188.5778167899034
TR-042831,2025-09-28,september,Reefer,2840.3,5745.39,5329.920098764376,5216.215868995161,5273.067983879769,472.32201612023164
TR-042832,2025-09-28,september,Dry Van,1439.2,2841.04,2813.906413642362,2806.9283944064864,2810.4174040244243,30.622595975575678
TR-042833,2025-09-28,september,Dry Van,249.2,652.12,618.801078353711,672.3628100704516,645.5819442120812,6.538055787918779
TR-042834,2025-09-28,september,Flatbed,1412.9,3089.81,2870.8002944398527,2929.6884359412593,2900.244365190556,189.56563480944396
TR-042835,2025-09-28,september,Reefer,602.3,1412.41,1368.3913878961705,1356.7438233295554,1362.567605612863,49.84239438713712
TR-042836,2025-09-28,september,Flatbed,1482.3,3167.21,2814.296266648226,2883.3837681001983,2848.840017374212,318.369982625788
TR-042837,2025-09-28,september,Dry Van,333.8,783.73,755.3832975375298,784.8078746404815,770.0955860890056,13.634413910994454
TR-042838,2025-09-28,september,Dry Van,291.2,746.15,713.2701232964399,795.2221658433898,754.2461445699148,8.096144569914827
TR-042839,2025-09-28,september,Reefer,1685.4,3665.41,3411.5809693126416,3634.2438693067616,3522.9124193097014,142.4975806902985
TR-042840,2025-09-28,september,Dry Van,730.7,1541.54,1480.5475199250716,1471.321823406879,1475.9346716659752,65.60532833402476
TR-042841,2025-09-28,september,Dry Van,1136.5,2347.52,2296.7486102573494,2254.3024462632825,2275.5255282603157,71.99447173968429
TR-042842,2025-09-28,september,Dry Van,637.1,1348.4,1306.326279488193,1282.7779167960457,1294.5520981421193,53.84790185788074
TR-042843,2025-09-28,september,Dry Van,213.6,550.8,525.3884385120515,591.1328094644289,558.2606239882402,7.460623988240286
TR-042844,2025-09-28,september,Dry Van,132.9,351.36,313.37792817274,388.69174421292155,351.03483619283077,0.32516380716924687
TR-042845,2025-09-28,september,Dry Van,1728.1,3319.67,3186.6124432676006,3211.6830205675096,3199.147731917555,120.52226808244495
TR-042846,2025-09-28,september,Flatbed,899.1,2022.01,1979.3971394315477,1948.3006668689382,1963.848903150243,58.16109684975709
TR-042847,2025-09-28,september,Flatbed,1027.8,2406.52,2321.1500483701507,2286.8420707802125,2303.996059575182,102.52394042481819
TR-042848,2025-09-28,september,Reefer,518.9,1363.38,1299.4440497417788,1276.2326875590563,1287.8383686504176,75.54163134958253
TR-042849,2025-09-28,september,Reefer,848.7,2100.8,2091.876979280693,2038.5239241680524,2065.2004517243727,35.59954827562751
TR-042850,2025-09-28,september,Dry Van,1429.8,2936.55,2769.952266309781,2755.657543697655,2762.804905003718,173.7450949962822
TR-042851,2025-09-28,september,Dry Van,1581.0,3212.43,2989.3384483857403,3023.761603619339,3006.5500260025397,205.87997399746018
TR-042852,2025-09-28,september,Dry Van,2148.6,4164.97,4108.28021362011,3954.6403855360622,4031.460299578086,133.5097004219142
TR-042853,2025-09-28,september,Flatbed,1146.8,2650.56,2541.6633571776283,2493.4407492855667,2517.5520532315977,133.00794676840223
TR-042854,2025-09-28,september,Dry Van,2233.0,4195.51,4167.2803023416645,4106.275802008409,4136.778052175037,58.731947824962845
TR-042855,2025-09-28,september,Reefer,926.1,2127.87,2138.9559568946993,2080.2748517570153,2109.6154043258575,18.254595674142365
TR-042856,2025-09-29,september,Dry Van,2184.2,4238.86,4148.820113497106,4078.5110740275945,4113.66559376235,125.19440623764967
TR-042857,2025-09-29,september,Dry Van,744.9,1516.81,1423.8565905685502,1414.5365082188441,1419.1965493936973,97.61345060630265
TR-042858,2025-09-29,september,Reefer,189.1,603.85,561.312434393059,721.1925582188301,641.2524963059445,37.40249630594451
TR-042859,2025-09-29,september,Dry Van,1231.7,2420.76,2341.5710166517115,2352.6015241467244,2347.086270399218,73.67372960078228
TR-042860,2025-09-29,september,Dry Van,763.4,1581.01,1547.7382004601188,1504.9606178846484,1526.3494091723837,54.66059082761626
TR-042861,2025-09-29,september,Reefer,3177.8,6620.24,5866.108382506655,6107.470492422335,5986.789437464495,633.450562535505
TR-042862,2025-09-29,september,Flatbed,376.4,1033.77,935.2564640314462,927.8066359212762,931.5315499763612,102.23845002363873
TR-042863,2025-09-29,september,Reefer,1497.1,3381.26,3115.7802702794297,3183.7413313517077,3149.7608008155685,231.49919918443175
TR-042864,2025-09-29,september,Dry Van,938.9,1939.71,1934.9335886447495,1911.440633295462,1923.1871109701058,16.52288902989426
TR-042865,2025-09-29,september,Dry Van,1782.2,3538.32,3441.967155343129,3326.9994172787747,3384.483286310952,153.83671368904834
TR-042866,2025-09-29,september,Dry Van,471.3,1140.78,1073.6817979200844,1079.9302985886525,1076.8060482543683,63.973951745631666
TR-042867,2025-09-29,september,Dry Van,1216.4,2480.38,2450.1291140195103,2394.5300666622265,2422.3295903408684,58.050409659131674
TR-042868,2025-09-29,september,Reefer,2111.8,4317.28,4014.202803362667,4099.54558337651,4056.8741933695883,260.40580663041146
TR-042869,2025-09-29,september,Reefer,1467.2,3510.14,3200.517101793825,3285.4908895614503,3243.0039956776377,267.13600432236217
TR-042870,2025-09-29,september,Dry Van,1532.6,3127.58,2984.817778471114,3037.4725400742786,3011.145159272696,116.43484072730371
TR-042871,2025-09-29,september,Flatbed,1045.3,2257.84,2171.3529841201944,2114.2853144991727,2142.819149309684,115.02085069031637
TR-042872,2025-09-29,september,Dry Van,945.7,2049.02,2010.3091099135297,2017.6170734025375,2013.9630916580336,35.05690834196639
TR-042873,2025-09-29,september,Flatbed,524.4,1393.82,1377.5413830395091,1274.2789902618367,1325.910186650673,67.9098133493269
TR-042874,2025-09-29,september,Reefer,315.0,861.86,861.6940686096283,891.2274295128404,876.4607490612343,14.600749061234296
TR-042875,2025-09-29,september,Dry Van,318.0,734.67,721.328989079575,729.0090534965534,725.1690212880642,9.500978711935772
TR-042876,2025-09-29,september,Dry Van,1322.3,2575.9,2604.0747180964913,2475.9802376066737,2540.0274778515823,35.87252214841783
TR-042877,2025-09-29,september,Dry Van,1919.3,3770.99,3641.0540505963672,3675.975102508918,3658.5145765526427,112.47542344735712
TR-042878,2025-09-29,september,Reefer,1365.1,3179.94,2938.748410774647,3022.130636248644,2980.4395235116453,199.5004764883547
TR-042879,2025-09-29,september,Dry Van,941.6,1902.01,1874.4248983607247,1827.3555116045036,1850.8902049826143,51.11979501738574
TR-042880,2025-09-29,september,Flatbed,267.1,731.51,694.358481735098,715.0697388865751,704.7141103108365,26.79588968916346
TR-042881,2025-09-29,september,Flatbed,1687.6,3849.56,3404.1872121106253,3489.261725197637,3446.724468654131,402.83553134586873
TR-042882,2025-09-29,september,Dry Van,1460.5,13503.63,2785.919518944663,2785.995497282396,2785.95750811353,10717.67249188647
TR-042883,2025-09-29,september,Dry Van,507.1,1115.22,1086.2092722790323,1116.506247200453,1101.3577597397425,13.862240260257522
TR-042884,2025-09-29,september,Reefer,472.7,1280.61,1232.0865420309815,1190.9574188302074,1211.5219804305943,69.08801956940556
TR-042885,2025-09-29,september,Dry Van,1134.5,2415.33,2343.0346517233434,2267.662220194102,2305.348435958723,109.98156404127712
TR-042886,2025-09-29,september,Dry Van,2305.3,4163.43,4140.300039265133,4041.335834465578,4090.8179368653555,72.61206313464481
TR-042887,2025-09-29,september,Dry Van,403.5,995.38,951.8148561517147,954.1031393000483,952.9589977258815,42.42100227411845
TR-042888,2025-09-29,september,Flatbed,1085.1,2359.68,2382.4978026515223,2360.2955196709954,2371.3966611612586,11.716661161258799
TR-042889,2025-09-29,september,Dry Van,3163.0,5885.2,5547.182679124608,5720.372981905438,5633.777830515022,251.42216948497753
TR-042890,2025-09-29,september,Reefer,460.5,1187.96,1148.0163964342469,1130.7373636107034,1139.3768800224752,48.5831199775248
TR-042891,2025-09-29,september,Flatbed,1022.7,2211.3,2146.2892633239117,2151.154441915341,2148.7218526196266,62.57814738037359
TR-042892,2025-09-29,september,Reefer,1852.6,4272.31,3753.6156121167546,3878.5016398420394,3816.058625979397,456.2513740206032
TR-042893,2025-09-29,september,Dry Van,1340.0,2699.63,2671.540610361107,2607.3467523046356,2639.443681332871,60.186318667128944
TR-042894,2025-09-29,september,Reefer,368.8,1041.35,1001.701709034056,981.2992507107051,991.5004798723805,49.84952012761937
TR-042895,2025-09-29,september,Reefer,815.6,2068.14,2070.068639907718,2056.5484294934517,2063.308534700585,4.831465299414958
TR-042896,2025-09-29,september,Dry Van,3032.0,5691.61,5321.2941150795705,5346.869889235522,5334.082002157546,357.52799784245326
TR-042897,2025-09-29,september,Dry Van,727.6,1652.47,1578.970951565542,1567.139729165841,1573.0553403656913,79.41465963430869
TR-042898,2025-09-29,september,Reefer,721.9,1753.06,1696.404630981178,1677.6398054455835,1687.0222182133807,66.03778178661923
TR-042899,2025-09-29,september,Dry Van,1243.4,2473.32,2383.685582816656,2341.8695875499147,2362.7775851832853,110.54241481671488
TR-042900,2025-09-29,september,Flatbed,544.1,1385.48,1305.169023296182,1253.6431212862944,1279.4060722912382,106.07392770876186
TR-042901,2025-09-29,september,Dry Van,107.4,297.77,292.3588202573575,295.26941971904057,293.814119988199,3.955880011800957
TR-042902,2025-09-29,september,Dry Van,1654.5,3187.62,3052.509731365342,3131.3079981752107,3091.9088647702765,95.71113522972337
TR-042903,2025-09-29,september,Flatbed,1000.9,2315.78,2229.420382815048,2167.1312427270313,2198.2758127710395,117.50418722896075
TR-042904,2025-09-29,september,Reefer,513.4,1367.89,1366.0055760988869,1267.9624476598192,1316.9840118793531,50.90598812064695
TR-042905,2025-09-29,september,Reefer,1622.5,3543.74,3314.667016220078,3386.9407043511155,3350.803860285597,192.936139714403
TR-042906,2025-09-29,september,Reefer,348.0,958.88,907.2880536603587,909.207349545718,908.2477016030384,50.63229839696157
TR-042907,2025-09-29,september,Dry Van,1466.4,3033.86,2887.833266556861,2831.460343619133,2859.6468050879967,174.21319491200347
TR-042908,2025-09-29,september,Dry Van,517.5,1126.7,1060.4227860319115,1067.161233211671,1063.7920096217913,62.90799037820875
TR-042909,2025-09-29,september,Dry Van,607.4,1325.46,1302.3008058354615,1298.456543715032,1300.3786747752467,25.0813252247533
TR-042910,2025-09-29,september,Flatbed,638.4,1682.02,1665.894551351631,1507.3613454168112,1586.627948384221,95.39205161577888
TR-042911,2025-09-29,september,Dry Van,1599.5,3275.31,3104.698725470201,3083.664788143148,3094.1817568066745,181.1282431933255
TR-042912,2025-09-29,september,Dry Van,1806.0,3427.48,3425.79875403112,3424.0104749952234,3424.9046145131715,2.575385486828509
TR-042913,2025-09-29,september,Flatbed,637.7,1536.58,1473.574249413146,1396.0796775264514,1434.8269634697986,101.75303653020137
TR-042914,2025-09-29,september,Reefer,1972.0,4242.7,4039.9642990587786,4134.328057564619,4087.1461783116983,155.55382168830147
TR-042915,2025-09-29,september,Dry Van,784.4,1622.59,1605.601394933104,1509.5503168848018,1557.575855908953,65.014144091047
TR-042916,2025-09-29,september,Reefer,1259.6,2949.32,2781.137249408972,2756.5710580359164,2768.854153722444,180.465846277556
TR-042917,2025-09-29,september,Flatbed,663.9,1636.32,1567.0034546785935,1516.3611491331546,1541.682301905874,94.63769809412588
TR-042918,2025-09-29,september,Flatbed,1732.5,3937.63,3488.642632459252,3535.627879364003,3512.1352559116276,425.4947440883725
TR-042919,2025-09-29,september,Flatbed,2346.3,5037.89,4484.120382987638,4539.8366636808405,4511.978523334239,525.9114766657613
TR-042920,2025-09-29,september,Dry Van,203.4,543.25,507.571398337049,584.6428438670875,546.1071211020683,2.8571211020682767
TR-042921,2025-09-29,september,Dry Van,666.0,1343.69,1338.6666097476564,1347.7405551622223,1343.2035824549394,0.48641754506070356
TR-042922,2025-09-29,september,Reefer,446.7,1176.75,1112.0795978097015,1142.037581517138,1127.0585896634198,49.69141033658025
TR-042923,2025-09-29,september,Flatbed,1508.9,3627.2,3188.1042840383284,3274.963582500749,3231.5339332695385,395.66606673046135
TR-042924,2025-09-29,september,Dry Van,523.0,1202.33,1150.6512114408986,1151.7882890667042,1151.2197502538015,51.110249746198406
TR-042925,2025-09-29,september,Dry Van,959.1,2093.05,2058.708197350359,2014.8343905213844,2036.7712939358717,56.27870606412853
TR-042926,2025-09-29,september,Flatbed,1213.1,2666.6,2490.248098624503,2409.961412513202,2450.104755568853,216.49524443114706
TR-042927,2025-09-29,september,Dry Van,2126.7,4073.7,4007.8880611581985,3938.4631202293303,3973.175590693764,100.52440930623561
TR-042928,2025-09-29,september,Dry Van,1530.6,2989.61,2986.1031445552308,2992.5333202761512,2989.318232415691,0.2917675843091274
TR-042929,2025-09-29,september,Dry Van,243.0,606.85,563.4518710473224,574.6472942556861,569.0495826515042,37.800417348495785
TR-042930,2025-09-29,september,Dry Van,1001.8,1928.87,2068.3151032780547,2029.3488910449591,2048.831997161507,119.96199716150704
TR-042931,2025-09-29,september,Reefer,438.6,1101.73,1110.6012148094123,1110.7289139872626,1110.6650643983376,8.935064398337545
TR-042932,2025-09-29,september,Dry Van,1948.5,3690.01,3637.958077565607,3662.357163886886,3650.1576207262465,39.85237927375374
TR-042933,2025-09-29,september,Reefer,426.3,1058.02,1025.6569611318132,1054.8837066288095,1040.2703338803112,17.749666119688754
TR-042934,2025-09-29,september,Dry Van,2273.3,4190.81,4164.195786953046,4105.295110120282,4134.745448536663,56.06455146333701
TR-042935,2025-09-29,september,Dry Van,409.8,914.56,885.147718901804,905.1588366509429,895.1532777763734,19.406722223626502
TR-042936,2025-09-29,september,Dry Van,1901.5,3614.61,3540.108892000453,3594.844726641497,3567.476809320975,47.13319067902512
TR-042937,2025-09-29,september,Flatbed,627.3,1479.07,1364.2510703139128,1362.8400931645192,1363.545581739216,115.52441826078393
TR-042938,2025-09-29,september,Flatbed,950.2,2218.14,2052.611828484985,2087.3673129415943,2069.9895707132896,148.15042928671028
TR-042939,2025-09-29,september,Reefer,862.4,2067.31,2097.6642486998408,2052.96896472472,2075.31660671228,8.006606712280245
TR-042940,2025-09-29,september,Reefer,992.2,2214.66,2154.132384592742,2140.4060220076294,2147.269203300186,67.39079669981402
TR-042941,2025-09-29,september,Dry Van,891.7,1909.99,1887.0450877126455,1868.3083271065427,1877.6767074095942,32.31329259040581
TR-042942,2025-09-29,september,Flatbed,1337.9,3109.58,2862.6578868658653,2792.654105845489,2827.6559963556774,281.9240036443225
TR-042943,2025-09-29,september,Dry Van,1246.5,2506.95,2486.4349447368545,2446.2319280052748,2466.3334363710646,40.61656362893518
TR-042944,2025-09-29,september,Reefer,1019.4,2575.84,2468.978792459991,2444.1447604165655,2456.5617764382782,119.27822356172192
TR-042945,2025-09-29,september,Dry Van,1285.6,2697.94,2618.247509711207,2538.6667488159405,2578.4571292635737,119.48287073642632
TR-042946,2025-09-29,september,Dry Van,728.7,1494.4,1440.091448001467,1446.6915782112396,1443.3915131063532,51.00848689364693
TR-042947,2025-09-29,september,Dry Van,2013.6,3730.45,3635.620369148621,3627.085745200778,3631.3530571746996,99.09694282530018
TR-042948,2025-09-29,september,Dry Van,561.5,1170.87,1157.200233974668,1191.6539980849934,1174.4271160298308,3.5571160298309223
TR-042949,2025-09-29,september,Dry Van,395.4,843.31,823.2838635079031,855.3758176943034,839.3298406011032,3.980159398896717
TR-042950,2025-09-29,september,Flatbed,735.7,1801.36,1763.158682822291,1732.1201055544261,1747.6393941883584,53.72060581164146
TR-042951,2025-09-29,september,Dry Van,2345.4,4116.74,4092.5935729670605,4023.702858924079,4058.14821594557,58.59178405442981
TR-042952,2025-09-29,september,Dry Van,754.3,1689.45,1663.9328169717173,1632.3559555234435,1648.1443862475803,41.30561375241973
TR-042953,2025-09-29,september,Dry Van,1929.5,3462.39,3511.6294053034444,3476.097688692178,3493.863546997811,31.473546997811354
TR-042954,2025-09-29,september,Reefer,606.4,1500.36,1469.352617387284,1415.5654672745686,1442.4590423309264,57.90095766907348
TR-042955,2025-09-29,september,Flatbed,308.0,869.6,806.9546407826463,816.30320197531,811.6289213789781,57.97107862102189
TR-042956,2025-09-29,september,Dry Van,1599.2,3112.89,2935.347450789836,2996.1781029060558,2965.762776847946,147.12722315205383
TR-042957,2025-09-29,september,Dry Van,1250.4,2364.94,2394.4488960426675,2297.373363563729,2345.9111298031985,19.028870196801563
TR-042958,2025-09-29,september,Dry Van,3120.1,5868.16,5623.862769733306,5529.4957403676035,5576.679255050454,291.4807449495456
TR-042959,2025-09-29,september,Dry Van,691.5,1469.39,1397.2146892120802,1374.3946525115284,1385.8046708618044,83.58532913819568
TR-042960,2025-09-29,september,Dry Van,2084.0,4026.53,3921.669608369875,3891.3093537975674,3906.4894810837213,120.04051891627887
TR-042961,2025-09-29,september,Reefer,1292.8,3055.72,2799.4509933198456,2808.531059408986,2803.991026364416,251.72897363558377
TR-042962,2025-09-29,september,Dry Van,1423.1,2840.5,2757.795567106956,2733.19730446978,2745.496435788368,95.00356421163178
TR-042963,2025-09-29,september,Flatbed,264.7,752.54,670.4613251373559,707.0231905090916,688.7422578232238,63.79774217677618
TR-042964,2025-09-29,september,Reefer,2555.9,5401.18,5092.919058932806,5057.155378183573,5075.037218558189,326.14278144181117
TR-042965,2025-09-29,september,Flatbed,423.1,1166.42,1083.6048854179298,1063.9242123025901,1073.76454886026,92.65545113974008
TR-042966,2025-09-29,september,Dry Van,560.6,1250.51,1162.850435044313,1158.9311056255428,1160.8907703349278,89.61922966507223
TR-042967,2025-09-29,september,Dry Van,471.1,1039.93,1010.7338313174724,1013.021060115095,1011.8774457162838,28.05255428371629
TR-042968,2025-09-29,september,Reefer,723.7,1713.41,1689.199196732116,1679.2151127884176,1684.2071547602668,29.20284523973328
TR-042969,2025-09-29,september,Dry Van,1121.7,2173.05,2182.767877722222,2151.37656385031,2167.072220786266,5.977779213734266
TR-042970,2025-09-29,september,Dry Van,820.8,1785.72,1735.861843071752,1717.5318563081976,1726.696849689975,59.02315031002513
TR-042971,2025-09-29,september,Flatbed,1021.1,2310.73,2199.9161805496065,2211.1284790226396,2205.522329786123,105.20767021387701
TR-042972,2025-09-29,september,Flatbed,2078.2,4332.87,4008.570867699488,4006.5801766863024,4007.5755221928953,325.2944778071046
TR-042973,2025-09-29,september,Dry Van,612.2,1423.88,1348.848152018276,1339.478464734941,1344.1633083766087,79.7166916233914
TR-042974,2025-09-29,september,Dry Van,1264.0,2429.29,2502.655512070295,2382.51647339186,2442.5859927310776,13.295992731077604
TR-042975,2025-09-29,september,Dry Van,364.6,822.8,803.0047064701095,801.0660771019438,802.0353917860266,20.76460821397336
TR-042976,2025-09-29,september,Dry Van,1189.8,2417.99,2346.390082721327,2403.772028563369,2375.081055642348,42.90894435765176
TR-042977,2025-09-29,september,Reefer,931.2,2067.22,2089.0965614327424,2095.7382277665392,2092.417394599641,25.19739459964103
TR-042978,2025-09-29,september,Flatbed,1503.0,3397.49,3058.107556646582,3126.9891646256538,3092.5483606361176,304.94163936388213
TR-042979,2025-09-29,september,Reefer,383.9,1047.29,1006.5598631244602,996.9827166784839,1001.7712899014721,45.51871009852789
TR-042980,2025-09-29,september,Dry Van,1552.8,3017.03,2807.1049520327592,2874.8091873603457,2840.9570696965525,176.07293030344772
TR-042981,2025-09-29,september,Dry Van,689.4,1401.54,1383.5734167478693,1385.3829249845212,1384.4781708661953,17.061829133804622
TR-042982,2025-09-29,september,Reefer,1825.4,4120.13,3709.650707223863,3839.957648502691,3774.804177863277,345.3258221367232
TR-042983,2025-09-29,september,Dry Van,857.8,1891.3,1883.1844540082313,1789.511908012349,1836.3481810102903,54.951818989709636
TR-042984,2025-09-29,september,Dry Van,341.9,845.31,797.6669211387034,826.1095966270766,811.88825888289,33.421741117109946
TR-042985,2025-09-29,september,Flatbed,1108.9,2563.03,2464.0464998838315,2432.6128100271935,2448.3296549555125,114.70034504448768
TR-042986,2025-09-29,september,Flatbed,235.0,650.29,601.9411439709133,608.6894535476265,605.3152987592699,44.97470124073004
TR-042987,2025-09-29,september,Flatbed,159.1,449.54,390.9764309716236,408.9920717573782,399.9842513645009,49.55574863549913
TR-042988,2025-09-29,september,Reefer,845.8,1969.6,1914.2790939698164,1923.6154181403165,1918.9472560550664,50.65274394493349
TR-042989,2025-09-29,september,Flatbed,1657.4,3574.92,3159.9298287271436,3333.5267881517666,3246.728308439455,328.1916915605452
TR-042990,2025-09-29,september,Flatbed,449.7,1247.17,1182.752842861972,1127.2807020588318,1155.016772460402,92.15322753959799
TR-042991,2025-09-29,september,Flatbed,2018.0,4217.34,3918.0979803898044,3866.461536695896,3892.2797585428502,325.0602414571499
TR-042992,2025-09-29,september,Dry Van,1667.1,10119.16,2946.666154801209,3029.946211412921,2988.306183107065,7130.853816892935
TR-042993,2025-09-29,september,Dry Van,667.5,1371.52,1368.4827533223045,1363.559718004628,1366.021235663466,5.498764336533895
TR-042994,2025-09-29,september,Flatbed,2045.0,4431.8,4084.4254545348895,4111.113686850413,4097.7695706926515,334.03042930734864
TR-042995,2025-09-29,september,Reefer,1571.7,3565.92,3293.589254425538,3475.8002800649147,3384.694767245226,181.22523275477397
TR-042996,2025-09-29,september,Dry Van,2698.0,4815.72,4680.70775619628,4668.5288851995665,4674.618320697923,141.10167930207717
TR-042997,2025-09-30,september,Dry Van,1632.2,3338.79,3137.204336211143,3151.636486791209,3144.420411501176,194.36958849882376
TR-042998,2025-09-30,september,Flatbed,801.1,1853.42,1709.9815325387654,1690.5534287007658,1700.2674806197656,153.15251938023448
TR-042999,2025-09-30,september,Dry Van,2653.8,5043.62,4845.859945790611,4874.068018436639,4859.963982113625,183.65601788637468
TR-043000,2025-09-30,september,Reefer,1850.2,4138.2,3731.6039801920583,3874.319579744545,3802.961779968302,335.2382200316979
TR-043001,2025-09-30,september,Dry Van,524.0,1170.91,1132.3145684685892,1133.1786506196186,1132.7466095441039,38.163390455896206
TR-043002,2025-09-30,september,Dry Van,338.7,780.1,752.4588440246774,736.0915607760876,744.2752024003826,35.824797599617455
TR-043003,2025-09-30,september,Dry Van,657.9,1379.76,1309.025822942577,1316.0739813233024,1312.5499021329397,67.21009786706031
TR-043004,2025-09-30,september,Dry Van,804.1,1718.71,1650.9025326129176,1596.9530711669092,1623.9278018899136,94.78219811008648
TR-043005,2025-09-30,september,Flatbed,304.9,839.98,765.7726291347338,752.5929932652007,759.1828111999673,80.7971888000327
TR-043006,2025-09-30,september,Dry Van,514.3,1129.32,1061.777506361179,1059.6745253412068,1060.7260158511929,68.59398414880707
TR-043007,2025-09-30,september,Reefer,872.8,1991.19,1975.7691664875188,1962.2849741211803,1969.0270703043495,22.16292969565052
TR-043008,2025-09-30,september,Dry Van,994.0,2189.03,2102.9878938346033,2038.5116117001933,2070.749752767398,118.28024723260205
TR-043009,2025-09-30,september,Dry Van,129.7,357.0,345.43861216811564,393.6677347102336,369.55317343917466,12.553173439174657
TR-043010,2025-09-30,september,Flatbed,1931.9,4293.84,3916.9344768712513,3935.0847863475474,3926.0096316093995,367.8303683906006
TR-043011,2025-09-30,september,Dry Van,1240.6,2499.88,2477.0588682270836,2453.015731748157,2465.0372999876204,34.84270001237974
TR-043012,2025-09-30,september,Dry Van,648.6,1467.25,1461.2777729446584,1440.7158684807018,1450.9968207126801,16.25317928731988
TR-043013,2025-09-30,september,Dry Van,477.2,1190.36,1135.705575675763,1102.2410068600116,1118.9732912678874,71.38670873211254
TR-043014,2025-09-30,september,Dry Van,1760.9,3419.14,3335.6919586364597,3359.389306536632,3347.540632586546,71.59936741345382
TR-043015,2025-09-30,september,Dry Van,1457.1,2795.58,2634.7735463033114,2711.5946529739585,2673.184099638635,122.39590036136497
TR-043016,2025-09-30,september,Flatbed,231.0,690.34,648.0979390566399,657.0748262969364,652.5863826767882,37.75361732321187
TR-043017,2025-09-30,september,Dry Van,1241.1,2421.83,2366.4038863495753,2319.0350992939925,2342.719492821784,79.11050717821581
TR-043018,2025-09-30,september,Reefer,858.9,2011.7,1990.3876878797737,1986.125137825554,1988.2564128526637,23.443587147336302
TR-043019,2025-09-30,september,Flatbed,695.2,1592.4,1508.4399664876953,1491.152233427153,1499.7960999574243,92.60390004257579
TR-043020,2025-09-30,september,Dry Van,437.7,1029.31,1009.7652357735674,1006.0697757753792,1007.9175057744733,21.39249422552666
TR-043021,2025-09-30,september,Dry Van,1455.7,2838.18,2729.6215200067304,2765.593576803669,2747.6075484052,90.57245159479999
TR-043022,2025-09-30,september,Flatbed,1906.4,4018.97,3673.596237240842,3729.936533594031,3701.7663854174366,317.2036145825632
TR-043023,2025-09-30,september,Reefer,1922.7,4366.61,3996.852108475885,4099.231019344044,4048.0415639099647,318.568436090035
TR-043024,2025-09-30,september,Dry Van,2218.8,4260.11,4189.193160575965,4067.143754113472,4128.168457344718,131.9415426552814
TR-043025,2025-09-30,september,Dry Van,337.0,848.73,812.1015609777137,832.9451276158727,822.5233442967932,26.20665570320682
TR-043026,2025-09-30,september,Dry Van,121.3,331.22,320.9024661849236,344.0751333506871,332.48879976780535,1.2687997678053193
TR-043027,2025-09-30,september,Dry Van,680.2,1375.18,1354.711845118758,1323.1199411503308,1338.9158931345444,36.26410686545569
TR-043028,2025-09-30,september,Dry Van,1139.8,2550.66,2352.4321457461856,2329.7237706615497,2341.0779582038676,209.58204179613222
TR-043029,2025-09-30,september,Reefer,224.3,651.21,612.4025928651278,735.9123278490324,674.15746035708,22.94746035707999
TR-043030,2025-09-30,september,Dry Van,2548.7,4795.09,4629.915412849493,4644.272710548869,4637.094061699181,157.99593830081903
TR-043031,2025-09-30,september,Flatbed,1215.1,2765.85,2515.806312734876,2486.611395391395,2501.2088540631357,264.6411459368642
TR-043032,2025-09-30,september,Dry Van,1566.3,3055.97,2891.5675335124106,2937.8585774003495,2914.71305545638,141.25694454361974
TR-043033,2025-09-30,september,Reefer,1967.8,4048.13,3889.219398075098,3876.9152308451007,3883.0673144600996,165.06268553990049
TR-043034,2025-09-30,september,Flatbed,769.0,1829.79,1757.7665151462297,1665.1090349101037,1711.4377750281667,118.35222497183327
TR-043035,2025-09-30,september,Dry Van,1194.5,2322.98,2268.131597333484,2313.6624698476485,2290.897033590566,32.08296640943399
TR-043036,2025-09-30,september,Dry Van,1693.3,3453.46,3281.84783635085,3276.4584339730873,3279.1531351619687,174.3068648380313
TR-043037,2025-09-30,september,Dry Van,658.7,1483.96,1444.559356187753,1424.1266889654444,1434.3430225765987,49.616977423401295
TR-043038,2025-09-30,september,Flatbed,349.9,944.64,867.0042874703936,916.7681643330031,891.8862259016984,52.75377409830162
TR-043039,2025-09-30,september,Dry Van,660.2,1440.38,1403.4409967478234,1372.5876437869965,1388.0143202674099,52.36567973259025
TR-043040,2025-09-30,september,Dry Van,467.1,1009.23,1020.1799769919638,1050.847161514605,1035.5135692532845,26.28356925328444
TR-043041,2025-09-30,september,Dry Van,532.4,1224.2,1173.5535986432194,1157.7401262400688,1165.646862441644,58.55313755835596
TR-043042,2025-09-30,september,Dry Van,2593.6,4764.98,4608.853562488101,4515.187318178807,4562.020440333454,202.95955966654583
TR-043043,2025-09-30,september,Reefer,1166.1,2823.19,2602.456474768085,2546.992703816334,2574.7245892922097,248.4654107077904
TR-043044,2025-09-30,september,Reefer,575.3,1570.24,1547.839566373205,1483.386984705879,1515.613275539542,54.626724460458036
TR-043045,2025-09-30,september,Dry Van,2114.9,4027.94,3921.155789847876,3960.616712023853,3940.886250935864,87.0537490641359
TR-043046,2025-09-30,september,Reefer,1052.4,2381.69,2287.3102331838395,2290.4813384391937,2288.8957858115164,92.79421418848369
TR-043047,2025-09-30,september,Reefer,1782.9,4038.74,3681.0897042888646,3726.9492379668127,3704.0194711278386,334.72052887216114
TR-043048,2025-09-30,september,Dry Van,1044.6,2149.82,2114.352555878766,2082.7420036473604,2098.547279763063,51.27272023693695
TR-043049,2025-09-30,september,Dry Van,1232.6,2519.02,2413.2325957118073,2374.956502818934,2394.094549265371,124.92545073462907
TR-043050,2025-09-30,september,Dry Van,2976.4,5093.93,5333.756546212021,5052.007147229611,5192.881846720817,98.95184672081632
TR-043051,2025-09-30,september,Dry Van,415.6,870.54,857.1124816632909,849.5784740874235,853.3454778753571,17.194522124642845
TR-043052,2025-09-30,september,Dry Van,1741.0,3335.73,3209.198355734232,3178.0851558039176,3193.6417557690747,142.08824423092528
TR-043053,2025-09-30,september,Dry Van,1035.5,2108.84,2087.111914489212,2072.2504856639703,2079.6812000765913,29.15879992340888
TR-043054,2025-09-30,september,Dry Van,599.6,1416.74,1363.7581748233767,1331.2019751518892,1347.480074987633,69.25992501236692
TR-043055,2025-09-30,september,Reefer,2255.0,5046.46,4682.73538171776,4640.638568345476,4661.686975031618,384.77302496838183
TR-043056,2025-09-30,september,Dry Van,792.6,1623.96,1570.7173187406693,1523.3232752261983,1547.0202969834338,76.93970301656623
TR-043057,2025-09-30,september,Reefer,2251.0,4884.93,4624.918658228224,4630.898036288261,4627.908347258242,257.02165274175786
TR-043058,2025-09-30,september,Dry Van,765.6,1718.35,1672.1006290737512,1608.7765567926083,1640.4385929331797,77.91140706682017
TR-043059,2025-09-30,september,Reefer,573.4,1371.66,1285.1344628777363,1290.6819607578411,1287.9082118177887,83.75178818221138
TR-043060,2025-09-30,september,Dry Van,3129.9,5343.79,5285.223706306771,5301.691614559086,5293.457660432929,50.33233956707136
TR-043061,2025-09-30,september,Dry Van,616.4,1340.72,1278.546540501003,1290.7764329961803,1284.6614867485916,56.058513251408385
TR-043062,2025-09-30,september,Reefer,1537.4,3511.31,3166.3357163769274,3419.1842655017117,3292.7599909393193,218.55000906068062
TR-043063,2025-09-30,september,Reefer,904.4,2113.68,2151.0080778979827,2072.523481459436,2111.7657796787094,1.914220321290486
TR-043064,2025-09-30,september,Flatbed,2211.8,4609.2,4327.855999538486,4302.817362375568,4315.336680957027,293.86331904297276
TR-043065,2025-09-30,september,Reefer,422.4,1109.63,1072.830801427392,1055.6836135225822,1064.2572074749871,45.37279252501298
TR-043066,2025-09-30,september,Dry Van,1467.4,2905.43,2867.400221282132,2864.289472617555,2865.8448469498435,39.58515305015635
TR-043067,2025-09-30,september,Reefer,583.1,1412.3,1365.5563605609125,1341.1355353248578,1353.3459479428852,58.95405205711472
TR-043068,2025-09-30,september,Reefer,1112.4,2642.23,2539.043896941078,2510.9978522175984,2525.020874579338,117.20912542066208
TR-043069,2025-09-30,september,Dry Van,305.5,2610.3,783.7896805309513,800.7136506069226,792.2516655689369,1818.0483344310633
TR-043070,2025-09-30,september,Dry Van,2144.6,4026.49,3968.2818428011533,3940.5762314179274,3954.4290371095403,72.06096289045945
TR-043071,2025-09-30,september,Dry Van,1807.7,3531.35,3440.648410400787,3486.2376273875707,3463.4430188941787,67.90698110582116
TR-043072,2025-09-30,september,Reefer,262.2,716.88,664.6255263398917,740.3197158011374,702.4726210705146,14.40737892948539
TR-043073,2025-09-30,september,Dry Van,903.2,1736.2,1719.2733001561846,1731.2514898660675,1725.262395011126,10.937604988874
TR-043074,2025-09-30,september,Dry Van,705.6,1480.19,1425.0437496633149,1441.894698716519,1433.469224189917,46.72077581008307
TR-043075,2025-09-30,september,Reefer,754.4,1913.03,1909.4226750683758,1855.3395202992233,1882.3810976837995,30.64890231620052
TR-043076,2025-09-30,september,Reefer,1135.3,2600.14,2554.3016962341167,2531.8927926483043,2543.0972444412105,57.042755558789395
TR-043077,2025-09-30,september,Dry Van,436.3,2522.62,968.9213039587884,967.2679179677232,968.0946109632557,1554.5253890367442
TR-043078,2025-09-30,september,Dry Van,387.5,876.64,850.3323881223163,871.041686690716,860.6870374065161,15.952962593483903
TR-043079,2025-09-30,september,Dry Van,155.1,434.29,397.4675455979302,454.4483889246176,425.9579672612739,8.332032738726127
TR-043080,2025-09-30,september,Dry Van,299.7,801.38,771.7588027071882,818.1382516188735,794.9485271630308,6.431472836969192
TR-043081,2025-09-30,september,Dry Van,411.7,989.5,965.2144784738337,969.4375244300436,967.3260014519386,22.173998548061377
TR-043082,2025-09-30,september,Flatbed,333.8,896.69,841.0304976306373,834.2613028982084,837.6459002644228,59.04409973557722
TR-043083,2025-09-30,september,Dry Van,1331.8,2726.84,2698.8593373559333,2638.22381803085,2668.5415776933914,58.2984223066087
TR-043084,2025-09-30,september,Dry Van,670.9,1484.02,1467.4843375529597,1427.5462423487563,1447.515289950858,36.50471004914198
TR-043085,2025-09-30,september,Dry Van,444.3,940.89,893.5349239644828,909.8749254665427,901.7049247155128,39.1850752844872
TR-043086,2025-09-30,september,Dry Van,194.2,532.29,502.9108286457806,560.5459447068786,531.7283866763296,0.5616133236703718
TR-043087,2025-09-30,september,Dry Van,522.4,1185.03,1139.2815997182327,1139.594367644395,1139.4379836813139,45.59201631868609
TR-043088,2025-09-30,september,Dry Van,1832.2,3365.72,3352.495273425337,3295.66327565566,3324.079274540499,41.64072545950103
TR-043089,2025-09-30,september,Flatbed,125.2,365.66,348.702280476355,308.4006598608503,328.55147016860263,37.10852983139739
TR-043090,2025-09-30,september,Flatbed,421.4,1200.94,1091.9540569793155,1091.4256445543094,1091.6898507668125,109.25014923318759
TR-043091,2025-09-30,september,Reefer,495.8,1352.62,1300.1823818630985,1264.5451664677657,1282.363774165432,70.25622583456789
TR-043092,2025-09-30,september,Dry Van,1451.2,2889.42,2744.3148634719787,2784.6639873953372,2764.4894254336577,124.93057456634233
TR-043093,2025-09-30,september,Dry Van,833.6,1771.8,1728.2893621327232,1765.3931983202065,1746.8412802264647,24.958719773535222
TR-043094,2025-09-30,september,Flatbed,835.9,1946.45,1845.4728830283977,1871.5837515689896,1858.5283172986938,87.92168270130628
TR-043095,2025-09-30,september,Flatbed,1533.8,3300.91,2946.3802551403282,3103.395859819177,3024.8880574797527,276.0219425202472
TR-043096,2025-09-30,september,Dry Van,310.7,715.18,713.0721783281313,711.4386248863543,712.2554016072428,2.9245983927571615
TR-043097,2025-09-30,september,Dry Van,2441.6,4299.66,4301.918998390022,4201.431523282232,4251.675260836128,47.98473916387229
TR-043098,2025-09-30,september,Reefer,701.5,1811.26,1842.993409456554,1727.617276001755,1785.3053427291545,25.954657270845473
TR-043099,2025-09-30,september,Dry Van,2288.6,4205.63,4182.781896088845,4121.24941233634,4152.015654212593,53.61434578740682
TR-043100,2025-09-30,september,Dry Van,367.1,838.67,801.5079430679941,825.6960061999459,813.60197463397,25.06802536602993
TR-043101,2025-09-30,september,Flatbed,3101.8,6610.21,5934.132625598203,5932.268931890381,5933.200778744293,677.0092212557074
TR-043102,2025-09-30,september,Reefer,874.4,7443.31,1944.0012102181938,1917.9255002604027,1930.9633552392984,5512.3466447607025
TR-043103,2025-09-30,september,Dry Van,723.3,1500.18,1382.7269070178338,1432.9412971485126,1407.834102083173,92.34589791682697
TR-043104,2025-09-30,september,Reefer,2087.7,4526.15,4247.975784489272,4349.346342896157,4298.661063692714,227.48893630728526
TR-043105,2025-09-30,september,Reefer,2663.7,5382.19,4981.04372680187,5058.994352715919,5020.019039758895,362.1709602411047
TR-043106,2025-09-30,september,Flatbed,1575.4,3542.5,3234.7230492334297,3369.567154528604,3302.1451018810167,240.35489811898333
TR-043107,2025-09-30,september,Flatbed,2201.7,4713.14,4303.943354699448,4252.577896065455,4278.2606253824515,434.8793746175488
TR-043108,2025-09-30,september,Flatbed,912.5,2050.87,1996.6574887621855,1934.8897046020204,1965.7735966821028,85.09640331789706
TR-043109,2025-09-30,september,Dry Van,2303.1,4361.64,4298.007578751201,4264.347367765724,4281.177473258463,80.46252674153766
TR-043110,2025-09-30,september,Reefer,873.3,2023.59,2034.3707872686243,1979.5146608844343,2006.9427240765294,16.647275923470488
TR-043111,2025-09-30,september,Reefer,942.6,2275.62,2190.7384963937975,2158.968063257913,2174.853279825855,100.76672017414467
TR-043112,2025-09-30,september,Dry Van,1127.2,2250.21,2231.707331945135,2260.5121551385882,2246.1097435418615,4.100256458138574
TR-043113,2025-09-30,september,Reefer,1765.1,3981.2,3608.0969167900707,3611.609884621169,3609.8534007056196,371.3465992943802
TR-043114,2025-09-30,september,Dry Van,1294.8,2489.82,2456.8099438353447,2442.142913686061,2449.476428760703,40.343571239297034
TR-043115,2025-09-30,september,Flatbed,833.5,1856.04,1790.9118805213016,1742.2983946352408,1766.6051375782713,89.43486242172867
TR-043116,2025-09-30,september,Dry Van,2131.0,3878.4,3789.8554090210273,3761.988761062993,3775.92208504201,102.47791495798992
TR-043117,2025-09-30,september,Flatbed,543.6,1371.12,1293.1072484415567,1215.2339353481334,1254.170591894845,116.94940810515482
TR-043118,2025-09-30,september,Flatbed,721.2,1818.34,1764.0555950582327,1695.3658373566755,1729.710716207454,88.62928379254595
TR-043119,2025-09-30,september,Dry Van,432.3,968.44,921.4977245271831,929.2899639768984,925.3938442520407,43.04615574795935
TR-043120,2025-09-30,september,Reefer,1414.9,3308.06,3102.3956176814754,3186.2580178339854,3144.32681775773,163.73318224226978
TR-043121,2025-09-30,september,Dry Van,654.1,1454.09,1413.0616660756232,1389.9884196008143,1401.5250428382187,52.564957161781194
TR-043122,2025-09-30,september,Flatbed,2098.4,4726.9,4162.636561756047,4169.201356178455,4165.9189589672515,560.9810410327482
TR-043123,2025-09-30,september,Dry Van,330.9,749.67,703.9327212355537,721.8119953561136,712.8723582958337,36.79764170416627
TR-043124,2025-09-30,september,Dry Van,1093.9,2009.55,1924.7037104342412,1997.4810845922275,1961.0923975132343,48.45760248676561
TR-043125,2025-09-30,september,Dry Van,2071.1,3784.87,3688.7414914761807,3664.6159819199847,3676.6787366980825,108.19126330191739
TR-043126,2025-09-30,september,Flatbed,2340.6,4713.82,4366.266212815471,4324.069051930736,4345.1676323731035,368.6523676268962
TR-043127,2025-09-30,september,Dry Van,490.8,1095.54,1046.0871122772865,1048.0906299432368,1047.0888711102616,48.45112888973836
TR-043128,2025-09-30,september,Dry Van,1249.0,2423.41,2467.8339834169915,2388.8582748651424,2428.3461291410667,4.9361291410668855
TR-043129,2025-09-30,september,Flatbed,3031.1,6031.83,5594.686601761187,5604.339170125131,5599.512885943159,432.3171140568411
TR-043130,2025-09-30,september,Reefer,1999.4,4633.29,4226.966705778978,4317.2198723291285,4272.0932890540535,361.1967109459465
TR-043131,2025-09-30,september,Dry Van,568.0,4000.2,1262.237673888024,1264.6251085146434,1263.4313912013336,2736.7686087986663
TR-043132,2025-09-30,september,Flatbed,824.4,2040.44,1976.576160037465,1920.519814460004,1948.5479872487344,91.89201275126561
TR-043133,2025-09-30,september,Dry Van,2204.8,4265.6,4203.888806933623,4161.151708182822,4182.5202575582225,83.07974244177785
TR-043134,2025-09-30,september,Dry Van,558.6,1280.48,1273.115862078193,1299.3433050254384,1286.2295835518157,5.749583551815704
TR-043135,2025-09-30,september,Flatbed,1121.4,2711.58,2588.138117475837,2496.1741612707233,2542.15613937328,169.42386062671994
TR-043136,2025-09-30,september,Dry Van,1013.1,1997.28,1959.9251037209947,1956.3755097880658,1958.1503067545302,39.12969324546975
TR-043137,2025-09-30,september,Flatbed,534.2,1351.46,1285.5431444030355,1268.053405087826,1276.7982747454307,74.66172525456932
TR-043138,2025-09-30,september,Dry Van,3302.0,5812.69,5690.74346843426,5582.906480885073,5636.824974659667,175.86502534033298
TR-043139,2025-09-30,september,Flatbed,910.5,2108.23,2037.4708403938052,2010.6645038842144,2024.0676721390098,84.16232786099022
TR-043140,2025-09-30,september,Dry Van,1850.7,3252.91,3251.0261182552517,3234.8753783021266,3242.9507482786894,9.959251721310466
TR-043141,2025-09-30,september,Reefer,2471.3,5237.53,4945.421079024532,4912.705506144738,4929.063292584635,308.4667074153649
TR-043142,2025-09-30,september,Reefer,2069.0,4514.51,4125.154360251113,4177.837396486436,4151.495878368774,363.01412163122586
TR-043143,2025-09-30,september,Dry Van,970.6,1980.3,1963.4743127797403,1985.441489066019,1974.4579009228796,5.842099077120338
TR-043144,2025-09-30,september,Reefer,803.6,1931.07,1871.4533405613129,1844.7660478829557,1858.1096942221343,72.96030577786564
TR-043145,2025-09-30,september,Reefer,1623.9,3707.12,3435.409059847774,3518.746162673316,3477.0776112605454,230.0423887394545
TR-043146,2025-09-30,september,Dry Van,744.2,1650.2,1583.899426889494,1578.149027479045,1581.0242271842694,69.17577281573062
TR-043147,2025-09-30,september,Dry Van,860.4,1938.61,1851.996398989182,1821.4474927796698,1836.7219458844258,101.88805411557405
